{
"type": "FeatureCollection",
"name": "ABC_License",
"crs": { "type": "name", "properties": { "name": "urn:ogc:def:crs:OGC:1.3:CRS84" } },
"features": [
{ "type": "Feature", "properties": { "ADDRESS_ID": 27, "BUSINESS_ID": 38896, "BUSINESS_NAME": "COSTCO WHOLESALE", "FULL_ADDRESS": "10000 DAWNADELE AVE", "CITY": "BATON ROUGE", "JURISDICTION": "EBRP", "STATE": "LOUISIANA", "COUNTRY": "UNITED STATES", "ZIP": 70809, "ADDRESS_AUTHORITY": "BATON ROUGE", "ABC": "YES", "BUSINESS_NAICS_CODE": 453000, "PHONE_NUMBER": null, "WEBSITE": null, "LATITUDE": 30, "LONGITUDE": -91 }, "geometry": { "type": "Point", "coordinates": [ -91.074310907863349, 30.419529783722066 ] } },
{ "type": "Feature", "properties": { "ADDRESS_ID": 311, "BUSINESS_ID": 50044, "BUSINESS_NAME": "THE HOUSE IN TIGERLAND", "FULL_ADDRESS": "1003 BOB PETTIT BLVD", "CITY": "BATON ROUGE", "JURISDICTION": "EBRP", "STATE": "LOUISIANA", "COUNTRY": "UNITED STATES", "ZIP": 70820, "ADDRESS_AUTHORITY": "BATON ROUGE", "ABC": "YES", "BUSINESS_NAICS_CODE": 445000, "PHONE_NUMBER": null, "WEBSITE": null, "LATITUDE": 30, "LONGITUDE": -91 }, "geometry": { "type": "Point", "coordinates": [ -91.178594084343359, 30.396048220536635 ] } },
{ "type": "Feature", "properties": { "ADDRESS_ID": 1576, "BUSINESS_ID": 24036, "BUSINESS_NAME": "AIRLINE SUPER EXPRESS", "FULL_ADDRESS": "10174 AIRLINE HWY", "CITY": "BATON ROUGE", "JURISDICTION": "EBRP", "STATE": "LOUISIANA", "COUNTRY": "UNITED STATES", "ZIP": 70809, "ADDRESS_AUTHORITY": "BATON ROUGE", "ABC": "YES", "BUSINESS_NAICS_CODE": 453000, "PHONE_NUMBER": null, "WEBSITE": null, "LATITUDE": 30, "LONGITUDE": -91 }, "geometry": { "type": "Point", "coordinates": [ -91.071707633489353, 30.418480021268451 ] } },
{ "type": "Feature", "properties": { "ADDRESS_ID": 2224, "BUSINESS_ID": 33339, "BUSINESS_NAME": "NO DELAY", "FULL_ADDRESS": "1024 O'NEAL LN", "CITY": "BATON ROUGE", "JURISDICTION": "EBRP", "STATE": "LOUISIANA", "COUNTRY": "UNITED STATES", "ZIP": 70816, "ADDRESS_AUTHORITY": "PARISH", "ABC": "YES", "BUSINESS_NAICS_CODE": 453000, "PHONE_NUMBER": null, "WEBSITE": null, "LATITUDE": 30, "LONGITUDE": -91 }, "geometry": { "type": "Point", "coordinates": [ -91.008770680206482, 30.453703053396374 ] } },
{ "type": "Feature", "properties": { "ADDRESS_ID": 2384, "BUSINESS_ID": 2476, "BUSINESS_NAME": "CRACKER BARREL OLD COUNTRY STORE", "FULL_ADDRESS": "10250 PLAZA AMERICANA DR", "CITY": "BATON ROUGE", "JURISDICTION": "EBRP", "STATE": "LOUISIANA", "COUNTRY": "UNITED STATES", "ZIP": 70816, "ADDRESS_AUTHORITY": "BATON ROUGE", "ABC": "YES", "BUSINESS_NAICS_CODE": 722110, "PHONE_NUMBER": null, "WEBSITE": null, "LATITUDE": 30, "LONGITUDE": -91 }, "geometry": { "type": "Point", "coordinates": [ -91.073389169777599, 30.426302465684525 ] } },
{ "type": "Feature", "properties": { "ADDRESS_ID": 2665, "BUSINESS_ID": 26462, "BUSINESS_NAME": "CHILI'S GRILL AND BAR", "FULL_ADDRESS": "10305 N MALL DR", "CITY": "BATON ROUGE", "JURISDICTION": "EBRP", "STATE": "LOUISIANA", "COUNTRY": "UNITED STATES", "ZIP": 70809, "ADDRESS_AUTHORITY": "BATON ROUGE", "ABC": "YES", "BUSINESS_NAICS_CODE": 722000, "PHONE_NUMBER": null, "WEBSITE": null, "LATITUDE": 30, "LONGITUDE": -91 }, "geometry": { "type": "Point", "coordinates": [ -91.066588467930714, 30.379780382377085 ] } },
{ "type": "Feature", "properties": { "ADDRESS_ID": 2676, "BUSINESS_ID": 5493, "BUSINESS_NAME": "COURTYARD BY MARRIOTT SIEGEN LANE", "FULL_ADDRESS": "10307 N MALL DR", "CITY": "BATON ROUGE", "JURISDICTION": "EBRP", "STATE": "LOUISIANA", "COUNTRY": "UNITED STATES", "ZIP": 70809, "ADDRESS_AUTHORITY": "PARISH", "ABC": "YES", "BUSINESS_NAICS_CODE": 721000, "PHONE_NUMBER": null, "WEBSITE": null, "LATITUDE": 30, "LONGITUDE": -91 }, "geometry": { "type": "Point", "coordinates": [ -91.06615020362419, 30.380506251372388 ] } },
{ "type": "Feature", "properties": { "ADDRESS_ID": 3003, "BUSINESS_ID": 63193, "BUSINESS_NAME": "RESIDENCE INN BATON ROUGE", "FULL_ADDRESS": "10333 N MALL DR", "CITY": "BATON ROUGE", "JURISDICTION": "EBRP", "STATE": "LOUISIANA", "COUNTRY": "UNITED STATES", "ZIP": 70809, "ADDRESS_AUTHORITY": "PARISH", "ABC": "YES", "BUSINESS_NAICS_CODE": 721000, "PHONE_NUMBER": null, "WEBSITE": null, "LATITUDE": 30, "LONGITUDE": -91 }, "geometry": { "type": "Point", "coordinates": [ -91.065161157744001, 30.380188395850301 ] } },
{ "type": "Feature", "properties": { "ADDRESS_ID": 3511, "BUSINESS_ID": 26596, "BUSINESS_NAME": "CIRCLE K STORE #2707659", "FULL_ADDRESS": "10391 AIRLINE HWY", "CITY": "BATON ROUGE", "JURISDICTION": "EBRP", "STATE": "LOUISIANA", "COUNTRY": "UNITED STATES", "ZIP": 70816, "ADDRESS_AUTHORITY": "BATON ROUGE", "ABC": "YES", "BUSINESS_NAICS_CODE": 447000, "PHONE_NUMBER": "225-239-8214", "WEBSITE": "http://circlek.com/", "LATITUDE": 30, "LONGITUDE": -91 }, "geometry": { "type": "Point", "coordinates": [ -91.068708781589706, 30.416493538800509 ] } },
{ "type": "Feature", "properties": { "ADDRESS_ID": 3568, "BUSINESS_ID": 38864, "BUSINESS_NAME": "SUSHI VILLAGE LLC", "FULL_ADDRESS": "10404 STE A COURSEY BLVD", "CITY": "BATON ROUGE", "JURISDICTION": "EBRP", "STATE": "LOUISIANA", "COUNTRY": "UNITED STATES", "ZIP": 70816, "ADDRESS_AUTHORITY": "PARISH", "ABC": "YES", "BUSINESS_NAICS_CODE": 722000, "PHONE_NUMBER": null, "WEBSITE": null, "LATITUDE": 30, "LONGITUDE": -91 }, "geometry": { "type": "Point", "coordinates": [ -91.064996743484613, 30.416918946860509 ] } },
{ "type": "Feature", "properties": { "ADDRESS_ID": 4010, "BUSINESS_ID": 35420, "BUSINESS_NAME": "SAMS CLUB #6527", "FULL_ADDRESS": "10444 N MALL DR", "CITY": "BATON ROUGE", "JURISDICTION": "EBRP", "STATE": "LOUISIANA", "COUNTRY": "UNITED STATES", "ZIP": 70809, "ADDRESS_AUTHORITY": "BATON ROUGE", "ABC": "YES", "BUSINESS_NAICS_CODE": 445110, "PHONE_NUMBER": "225-295-1353", "WEBSITE": "http://samsclub.com/", "LATITUDE": 30, "LONGITUDE": -91 }, "geometry": { "type": "Point", "coordinates": [ -91.063595971480638, 30.378377280055027 ] } },
{ "type": "Feature", "properties": { "ADDRESS_ID": 4436, "BUSINESS_ID": 50318, "BUSINESS_NAME": "BLUEBONNET SWAMP NATURE CENTER", "FULL_ADDRESS": "10503 N OAK HILLS PKWY", "CITY": "BATON ROUGE", "JURISDICTION": "EBRP", "STATE": "LOUISIANA", "COUNTRY": "UNITED STATES", "ZIP": 70810, "ADDRESS_AUTHORITY": "PARISH", "ABC": "YES", "BUSINESS_NAICS_CODE": 713000, "PHONE_NUMBER": null, "WEBSITE": null, "LATITUDE": 30, "LONGITUDE": -91 }, "geometry": { "type": "Point", "coordinates": [ -91.105168024768005, 30.369400751585172 ] } },
{ "type": "Feature", "properties": { "ADDRESS_ID": 5169, "BUSINESS_ID": 30041, "BUSINESS_NAME": "HILTON BATON ROUGE CAPITOL CENTER", "FULL_ADDRESS": "100 MAIN ST", "CITY": "BATON ROUGE", "JURISDICTION": "EBRP", "STATE": "LOUISIANA", "COUNTRY": "UNITED STATES", "ZIP": 70801, "ADDRESS_AUTHORITY": "BATON ROUGE", "ABC": "YES", "BUSINESS_NAICS_CODE": 722000, "PHONE_NUMBER": null, "WEBSITE": null, "LATITUDE": 30, "LONGITUDE": -91 }, "geometry": { "type": "Point", "coordinates": [ -91.19024295710463, 30.451194848684292 ] } },
{ "type": "Feature", "properties": { "ADDRESS_ID": 5483, "BUSINESS_ID": 11795, "BUSINESS_NAME": "BIG MIKES BAR", "FULL_ADDRESS": "10627 ALCO AVE", "CITY": "BATON ROUGE", "JURISDICTION": "EBRP", "STATE": "LOUISIANA", "COUNTRY": "UNITED STATES", "ZIP": 70816, "ADDRESS_AUTHORITY": "PARISH", "ABC": "YES", "BUSINESS_NAICS_CODE": 722410, "PHONE_NUMBER": null, "WEBSITE": null, "LATITUDE": 30, "LONGITUDE": -91 }, "geometry": { "type": "Point", "coordinates": [ -91.062031106923001, 30.410489298399238 ] } },
{ "type": "Feature", "properties": { "ADDRESS_ID": 5583, "BUSINESS_ID": 7605, "BUSINESS_NAME": "GRAND PRIX CARWASH", "FULL_ADDRESS": "10634 SCENIC HWY", "CITY": "BATON ROUGE", "JURISDICTION": "EBRP", "STATE": "LOUISIANA", "COUNTRY": "UNITED STATES", "ZIP": 70807, "ADDRESS_AUTHORITY": "BATON ROUGE", "ABC": "YES", "BUSINESS_NAICS_CODE": 811192, "PHONE_NUMBER": null, "WEBSITE": null, "LATITUDE": 31, "LONGITUDE": -91 }, "geometry": { "type": "Point", "coordinates": [ -91.190613510557682, 30.541013254148748 ] } },
{ "type": "Feature", "properties": { "ADDRESS_ID": 6277, "BUSINESS_ID": 22177, "BUSINESS_NAME": "CALIENTE MEXICAN CRAVING", "FULL_ADDRESS": "1072 W LEE DR", "CITY": "BATON ROUGE", "JURISDICTION": "EBRP", "STATE": "LOUISIANA", "COUNTRY": "UNITED STATES", "ZIP": 70820, "ADDRESS_AUTHORITY": "BATON ROUGE", "ABC": "YES", "BUSINESS_NAICS_CODE": 722110, "PHONE_NUMBER": null, "WEBSITE": null, "LATITUDE": 30, "LONGITUDE": -91 }, "geometry": { "type": "Point", "coordinates": [ -91.169607862636738, 30.389263025279867 ] } },
{ "type": "Feature", "properties": { "ADDRESS_ID": 6872, "BUSINESS_ID": 26576, "BUSINESS_NAME": "CIRCLE K #8080", "FULL_ADDRESS": "10770 FLORIDA BLVD", "CITY": "BATON ROUGE", "JURISDICTION": "EBRP", "STATE": "LOUISIANA", "COUNTRY": "UNITED STATES", "ZIP": 70815, "ADDRESS_AUTHORITY": "BATON ROUGE", "ABC": "YES", "BUSINESS_NAICS_CODE": 447000, "PHONE_NUMBER": null, "WEBSITE": "http://circlek.com/", "LATITUDE": 30, "LONGITUDE": -91 }, "geometry": { "type": "Point", "coordinates": [ -91.065091498549293, 30.457239426295875 ] } },
{ "type": "Feature", "properties": { "ADDRESS_ID": 6949, "BUSINESS_ID": 21547, "BUSINESS_NAME": "DONMOOR FOODMART", "FULL_ADDRESS": "1079 N DONMOOR AVE", "CITY": "BATON ROUGE", "JURISDICTION": "EBRP", "STATE": "LOUISIANA", "COUNTRY": "UNITED STATES", "ZIP": 70806, "ADDRESS_AUTHORITY": "BATON ROUGE", "ABC": "YES", "BUSINESS_NAICS_CODE": 445120, "PHONE_NUMBER": null, "WEBSITE": null, "LATITUDE": 30, "LONGITUDE": -91 }, "geometry": { "type": "Point", "coordinates": [ -91.118959863733124, 30.459964471821003 ] } },
{ "type": "Feature", "properties": { "ADDRESS_ID": 7139, "BUSINESS_ID": 13431, "BUSINESS_NAME": "EL RANCHO MEXICAN GRILL", "FULL_ADDRESS": "10820 FLORIDA BLVD", "CITY": "BATON ROUGE", "JURISDICTION": "EBRP", "STATE": "LOUISIANA", "COUNTRY": "UNITED STATES", "ZIP": 70815, "ADDRESS_AUTHORITY": "BATON ROUGE", "ABC": "YES", "BUSINESS_NAICS_CODE": 722110, "PHONE_NUMBER": null, "WEBSITE": null, "LATITUDE": 30, "LONGITUDE": -91 }, "geometry": { "type": "Point", "coordinates": [ -91.063688381008063, 30.45741352319148 ] } },
{ "type": "Feature", "properties": { "ADDRESS_ID": 7183, "BUSINESS_ID": 4430, "BUSINESS_NAME": "S & Y GROCERY", "FULL_ADDRESS": "10823 SCENIC HWY", "CITY": "BATON ROUGE", "JURISDICTION": "EBRP", "STATE": "LOUISIANA", "COUNTRY": "UNITED STATES", "ZIP": 70807, "ADDRESS_AUTHORITY": "BATON ROUGE", "ABC": "YES", "BUSINESS_NAICS_CODE": 445120, "PHONE_NUMBER": null, "WEBSITE": null, "LATITUDE": 31, "LONGITUDE": -91 }, "geometry": { "type": "Point", "coordinates": [ -91.192447699924713, 30.542329115276068 ] } },
{ "type": "Feature", "properties": { "ADDRESS_ID": 7300, "BUSINESS_ID": 4430, "BUSINESS_NAME": "S & Y GROCERY", "FULL_ADDRESS": "10833 SCENIC HWY", "CITY": "BATON ROUGE", "JURISDICTION": "EBRP", "STATE": "LOUISIANA", "COUNTRY": "UNITED STATES", "ZIP": 70807, "ADDRESS_AUTHORITY": "BATON ROUGE", "ABC": "YES", "BUSINESS_NAICS_CODE": 445120, "PHONE_NUMBER": null, "WEBSITE": null, "LATITUDE": 31, "LONGITUDE": -91 }, "geometry": { "type": "Point", "coordinates": [ -91.192493054486278, 30.542382183505296 ] } },
{ "type": "Feature", "properties": { "ADDRESS_ID": 7589, "BUSINESS_ID": 36920, "BUSINESS_NAME": "THE CHIMES EAST", "FULL_ADDRESS": "10870 COURSEY BLVD", "CITY": "BATON ROUGE", "JURISDICTION": "EBRP", "STATE": "LOUISIANA", "COUNTRY": "UNITED STATES", "ZIP": 70816, "ADDRESS_AUTHORITY": "PARISH", "ABC": "YES", "BUSINESS_NAICS_CODE": 722000, "PHONE_NUMBER": null, "WEBSITE": null, "LATITUDE": 30, "LONGITUDE": -91 }, "geometry": { "type": "Point", "coordinates": [ -91.060857509782622, 30.41473232599758 ] } },
{ "type": "Feature", "properties": { "ADDRESS_ID": 7797, "BUSINESS_ID": 26716, "BUSINESS_NAME": "CLUB COOZAN", "FULL_ADDRESS": "10920 MEAD RD", "CITY": "BATON ROUGE", "JURISDICTION": "EBRP", "STATE": "LOUISIANA", "COUNTRY": "UNITED STATES", "ZIP": 70816, "ADDRESS_AUTHORITY": "BATON ROUGE", "ABC": "YES", "BUSINESS_NAICS_CODE": 722000, "PHONE_NUMBER": null, "WEBSITE": null, "LATITUDE": 30, "LONGITUDE": -91 }, "geometry": { "type": "Point", "coordinates": [ -91.059235578652618, 30.42846292725611 ] } },
{ "type": "Feature", "properties": { "ADDRESS_ID": 8175, "BUSINESS_ID": 8180, "BUSINESS_NAME": "TEXACO", "FULL_ADDRESS": "10982 GREENWELL SPRINGS RD", "CITY": "BATON ROUGE", "JURISDICTION": "EBRP", "STATE": "LOUISIANA", "COUNTRY": "UNITED STATES", "ZIP": 70814, "ADDRESS_AUTHORITY": "BATON ROUGE", "ABC": "YES", "BUSINESS_NAICS_CODE": 447110, "PHONE_NUMBER": null, "WEBSITE": null, "LATITUDE": 30, "LONGITUDE": -91 }, "geometry": { "type": "Point", "coordinates": [ -91.061322788800183, 30.49312614988138 ] } },
{ "type": "Feature", "properties": { "ADDRESS_ID": 8216, "BUSINESS_ID": 59774, "BUSINESS_NAME": "CIRCLE K STORES #2706823", "FULL_ADDRESS": "110 S FOSTER DR", "CITY": "BATON ROUGE", "JURISDICTION": "EBRP", "STATE": "LOUISIANA", "COUNTRY": "UNITED STATES", "ZIP": 70806, "ADDRESS_AUTHORITY": "BATON ROUGE", "ABC": "YES", "BUSINESS_NAICS_CODE": 447000, "PHONE_NUMBER": null, "WEBSITE": null, "LATITUDE": 30, "LONGITUDE": -91 }, "geometry": { "type": "Point", "coordinates": [ -91.139417711079489, 30.448312128342575 ] } },
{ "type": "Feature", "properties": { "ADDRESS_ID": 8230, "BUSINESS_ID": 59949, "BUSINESS_NAME": "BEAVER CREEK GOLF COURSE", "FULL_ADDRESS": "1100 PORT HUDSON-PLAINS RD", "CITY": "ZACHARY", "JURISDICTION": "EBRP", "STATE": "LOUISIANA", "COUNTRY": "UNITED STATES", "ZIP": 70791, "ADDRESS_AUTHORITY": "PARISH", "ABC": "YES", "BUSINESS_NAICS_CODE": 713000, "PHONE_NUMBER": null, "WEBSITE": null, "LATITUDE": 31, "LONGITUDE": -91 }, "geometry": { "type": "Point", "coordinates": [ -91.231577581022989, 30.682745823246485 ] } },
{ "type": "Feature", "properties": { "ADDRESS_ID": 9396, "BUSINESS_ID": 30602, "BUSINESS_NAME": "J L'S", "FULL_ADDRESS": "1115 BOB PETTIT BLVD", "CITY": "BATON ROUGE", "JURISDICTION": "EBRP", "STATE": "LOUISIANA", "COUNTRY": "UNITED STATES", "ZIP": 70820, "ADDRESS_AUTHORITY": "BATON ROUGE", "ABC": "YES", "BUSINESS_NAICS_CODE": 722000, "PHONE_NUMBER": null, "WEBSITE": null, "LATITUDE": 30, "LONGITUDE": -91 }, "geometry": { "type": "Point", "coordinates": [ -91.179339476125563, 30.395846279032202 ] } },
{ "type": "Feature", "properties": { "ADDRESS_ID": 9851, "BUSINESS_ID": 59911, "BUSINESS_NAME": "CENTRAL SPORTS PARK", "FULL_ADDRESS": "10501 LOVETT RD", "CITY": "CENTRAL", "JURISDICTION": "EBRP", "STATE": "LOUISIANA", "COUNTRY": "UNITED STATES", "ZIP": 70818, "ADDRESS_AUTHORITY": "CENTRAL", "ABC": "YES", "BUSINESS_NAICS_CODE": 713000, "PHONE_NUMBER": null, "WEBSITE": null, "LATITUDE": 31, "LONGITUDE": -91 }, "geometry": { "type": "Point", "coordinates": [ -91.062915142179151, 30.539057292659937 ] } },
{ "type": "Feature", "properties": { "ADDRESS_ID": 10085, "BUSINESS_ID": 19146, "BUSINESS_NAME": "MIKES DAIQUIRIS", "FULL_ADDRESS": "1125 BOB PETTIT BLVD", "CITY": "BATON ROUGE", "JURISDICTION": "EBRP", "STATE": "LOUISIANA", "COUNTRY": "UNITED STATES", "ZIP": 70820, "ADDRESS_AUTHORITY": "BATON ROUGE", "ABC": "YES", "BUSINESS_NAICS_CODE": 722410, "PHONE_NUMBER": null, "WEBSITE": null, "LATITUDE": 30, "LONGITUDE": -91 }, "geometry": { "type": "Point", "coordinates": [ -91.179501494050342, 30.395774460875316 ] } },
{ "type": "Feature", "properties": { "ADDRESS_ID": 10106, "BUSINESS_ID": 32823, "BUSINESS_NAME": "MIEN TAY RESTAURANT LLC", "FULL_ADDRESS": "1125 MARQUE ANN DR", "CITY": "BATON ROUGE", "JURISDICTION": "EBRP", "STATE": "LOUISIANA", "COUNTRY": "UNITED STATES", "ZIP": 70815, "ADDRESS_AUTHORITY": "BATON ROUGE", "ABC": "YES", "BUSINESS_NAICS_CODE": 722000, "PHONE_NUMBER": null, "WEBSITE": null, "LATITUDE": 30, "LONGITUDE": -91 }, "geometry": { "type": "Point", "coordinates": [ -91.043545945315117, 30.462087166659273 ] } },
{ "type": "Feature", "properties": { "ADDRESS_ID": 10274, "BUSINESS_ID": 38071, "BUSINESS_NAME": "WALGREENS #2996", "FULL_ADDRESS": "11297 FLORIDA BLVD", "CITY": "BATON ROUGE", "JURISDICTION": "EBRP", "STATE": "LOUISIANA", "COUNTRY": "UNITED STATES", "ZIP": 70815, "ADDRESS_AUTHORITY": "BATON ROUGE", "ABC": "YES", "BUSINESS_NAICS_CODE": 446110, "PHONE_NUMBER": "225-272-9769", "WEBSITE": "http://walgreens.com/", "LATITUDE": 30, "LONGITUDE": -91 }, "geometry": { "type": "Point", "coordinates": [ -91.058781540609885, 30.459245475184968 ] } },
{ "type": "Feature", "properties": { "ADDRESS_ID": 10548, "BUSINESS_ID": 5076, "BUSINESS_NAME": "LE'S PRODUCE & MARKET, INC.", "FULL_ADDRESS": "1134 MARQUE ANN DR", "CITY": "BATON ROUGE", "JURISDICTION": "EBRP", "STATE": "LOUISIANA", "COUNTRY": "UNITED STATES", "ZIP": 70815, "ADDRESS_AUTHORITY": "BATON ROUGE", "ABC": "YES", "BUSINESS_NAICS_CODE": 722410, "PHONE_NUMBER": null, "WEBSITE": null, "LATITUDE": 30, "LONGITUDE": -91 }, "geometry": { "type": "Point", "coordinates": [ -91.042859960213832, 30.462418362592313 ] } },
{ "type": "Feature", "properties": { "ADDRESS_ID": 10650, "BUSINESS_ID": 66025, "BUSINESS_NAME": "RAMA", "FULL_ADDRESS": "11353 STE B GREENWELL SPRINGS RD", "CITY": "BATON ROUGE", "JURISDICTION": "EBRP", "STATE": "LOUISIANA", "COUNTRY": "UNITED STATES", "ZIP": 70814, "ADDRESS_AUTHORITY": "PARISH", "ABC": "YES", "BUSINESS_NAICS_CODE": 445000, "PHONE_NUMBER": null, "WEBSITE": null, "LATITUDE": 30, "LONGITUDE": -91 }, "geometry": { "type": "Point", "coordinates": [ -91.05633962220962, 30.494948274900104 ] } },
{ "type": "Feature", "properties": { "ADDRESS_ID": 11044, "BUSINESS_ID": 27276, "BUSINESS_NAME": "CVS PHARMACY #5317", "FULL_ADDRESS": "11430 FLORIDA BLVD", "CITY": "BATON ROUGE", "JURISDICTION": "EBRP", "STATE": "LOUISIANA", "COUNTRY": "UNITED STATES", "ZIP": 70815, "ADDRESS_AUTHORITY": "BATON ROUGE", "ABC": "YES", "BUSINESS_NAICS_CODE": 446110, "PHONE_NUMBER": null, "WEBSITE": "http://cvs.com/", "LATITUDE": 30, "LONGITUDE": -91 }, "geometry": { "type": "Point", "coordinates": [ -91.057700891838053, 30.458266035497541 ] } },
{ "type": "Feature", "properties": { "ADDRESS_ID": 11302, "BUSINESS_ID": 27406, "BUSINESS_NAME": "DANNY D DAIQUIRIS", "FULL_ADDRESS": "11463 PLANK RD", "CITY": "BATON ROUGE", "JURISDICTION": "EBRP", "STATE": "LOUISIANA", "COUNTRY": "UNITED STATES", "ZIP": 70811, "ADDRESS_AUTHORITY": "PARISH", "ABC": "YES", "BUSINESS_NAICS_CODE": 722000, "PHONE_NUMBER": null, "WEBSITE": null, "LATITUDE": 31, "LONGITUDE": -91 }, "geometry": { "type": "Point", "coordinates": [ -91.136309051869404, 30.550053496513261 ] } },
{ "type": "Feature", "properties": { "ADDRESS_ID": 11450, "BUSINESS_ID": 65329, "BUSINESS_NAME": "HEBERT'S SPECIALTY MEAT STORE", "FULL_ADDRESS": "1150 W GARFIELD ST", "CITY": "BATON ROUGE", "JURISDICTION": "EBRP", "STATE": "LOUISIANA", "COUNTRY": "UNITED STATES", "ZIP": 70802, "ADDRESS_AUTHORITY": "BATON ROUGE", "ABC": "YES", "BUSINESS_NAICS_CODE": 445000, "PHONE_NUMBER": null, "WEBSITE": null, "LATITUDE": 30, "LONGITUDE": -91 }, "geometry": { "type": "Point", "coordinates": [ -91.190663720004054, 30.422346261113081 ] } },
{ "type": "Feature", "properties": { "ADDRESS_ID": 12025, "BUSINESS_ID": 45899, "BUSINESS_NAME": "WALMART NEIGHBORHOOD MARKET", "FULL_ADDRESS": "11550 COURSEY BLVD", "CITY": "BATON ROUGE", "JURISDICTION": "EBRP", "STATE": "LOUISIANA", "COUNTRY": "UNITED STATES", "ZIP": 70816, "ADDRESS_AUTHORITY": "PARISH", "ABC": "YES", "BUSINESS_NAICS_CODE": 445110, "PHONE_NUMBER": null, "WEBSITE": null, "LATITUDE": 30, "LONGITUDE": -91 }, "geometry": { "type": "Point", "coordinates": [ -91.054338825938871, 30.409747321727707 ] } },
{ "type": "Feature", "properties": { "ADDRESS_ID": 12042, "BUSINESS_ID": 37358, "BUSINESS_NAME": "TJ'S LOUNGE", "FULL_ADDRESS": "11585 PLANK RD", "CITY": "BATON ROUGE", "JURISDICTION": "EBRP", "STATE": "LOUISIANA", "COUNTRY": "UNITED STATES", "ZIP": 70811, "ADDRESS_AUTHORITY": "PARISH", "ABC": "YES", "BUSINESS_NAICS_CODE": 722000, "PHONE_NUMBER": null, "WEBSITE": null, "LATITUDE": 31, "LONGITUDE": -91 }, "geometry": { "type": "Point", "coordinates": [ -91.135978895676274, 30.551278252918276 ] } },
{ "type": "Feature", "properties": { "ADDRESS_ID": 12072, "BUSINESS_ID": 38731, "BUSINESS_NAME": "CLUB BELLA", "FULL_ADDRESS": "116 N 25TH ST", "CITY": "BATON ROUGE", "JURISDICTION": "EBRP", "STATE": "LOUISIANA", "COUNTRY": "UNITED STATES", "ZIP": 70806, "ADDRESS_AUTHORITY": "BATON ROUGE", "ABC": "YES", "BUSINESS_NAICS_CODE": 445000, "PHONE_NUMBER": null, "WEBSITE": null, "LATITUDE": 30, "LONGITUDE": -91 }, "geometry": { "type": "Point", "coordinates": [ -91.162394481067565, 30.448383658824511 ] } },
{ "type": "Feature", "properties": { "ADDRESS_ID": 13091, "BUSINESS_ID": 38997, "BUSINESS_NAME": "JD'S GENERATOR POWER SYSTEMS LLC", "FULL_ADDRESS": "1176 BOB PETTIT BLVD", "CITY": "BATON ROUGE", "JURISDICTION": "EBRP", "STATE": "LOUISIANA", "COUNTRY": "UNITED STATES", "ZIP": 70820, "ADDRESS_AUTHORITY": "BATON ROUGE", "ABC": "YES", "BUSINESS_NAICS_CODE": 454000, "PHONE_NUMBER": null, "WEBSITE": null, "LATITUDE": 30, "LONGITUDE": -91 }, "geometry": { "type": "Point", "coordinates": [ -91.179925992558722, 30.396356144235142 ] } },
{ "type": "Feature", "properties": { "ADDRESS_ID": 13154, "BUSINESS_ID": 41571, "BUSINESS_NAME": "THE BOIL & ROUX KITCHEN", "FULL_ADDRESS": "11777 COURSEY BLVD", "CITY": "BATON ROUGE", "JURISDICTION": "EBRP", "STATE": "LOUISIANA", "COUNTRY": "UNITED STATES", "ZIP": 70816, "ADDRESS_AUTHORITY": "BATON ROUGE", "ABC": "YES", "BUSINESS_NAICS_CODE": 722000, "PHONE_NUMBER": null, "WEBSITE": null, "LATITUDE": 30, "LONGITUDE": -91 }, "geometry": { "type": "Point", "coordinates": [ -91.050253072194607, 30.411430540418742 ] } },
{ "type": "Feature", "properties": { "ADDRESS_ID": 13253, "BUSINESS_ID": 32944, "BUSINESS_NAME": "MOCKLER BEVERAGE COMPANY", "FULL_ADDRESS": "11811 RIEGER RD", "CITY": "BATON ROUGE", "JURISDICTION": "EBRP", "STATE": "LOUISIANA", "COUNTRY": "UNITED STATES", "ZIP": 70809, "ADDRESS_AUTHORITY": "PARISH", "ABC": "YES", "BUSINESS_NAICS_CODE": 424000, "PHONE_NUMBER": null, "WEBSITE": null, "LATITUDE": 30, "LONGITUDE": -91 }, "geometry": { "type": "Point", "coordinates": [ -91.047281305598943, 30.372050091361423 ] } },
{ "type": "Feature", "properties": { "ADDRESS_ID": 13567, "BUSINESS_ID": 42206, "BUSINESS_NAME": "SUPERMARCADO", "FULL_ADDRESS": "11848 PARKMEADOW AVE", "CITY": "BATON ROUGE", "JURISDICTION": "EBRP", "STATE": "LOUISIANA", "COUNTRY": "UNITED STATES", "ZIP": 70816, "ADDRESS_AUTHORITY": "BATON ROUGE", "ABC": "YES", "BUSINESS_NAICS_CODE": 722000, "PHONE_NUMBER": null, "WEBSITE": null, "LATITUDE": 30, "LONGITUDE": -91 }, "geometry": { "type": "Point", "coordinates": [ -91.048853869118958, 30.406648163687578 ] } },
{ "type": "Feature", "properties": { "ADDRESS_ID": 13569, "BUSINESS_ID": 42206, "BUSINESS_NAME": "SUPERMARCADO", "FULL_ADDRESS": "11848 VILLA AVE", "CITY": "BATON ROUGE", "JURISDICTION": "EBRP", "STATE": "LOUISIANA", "COUNTRY": "UNITED STATES", "ZIP": 70810, "ADDRESS_AUTHORITY": "PARISH", "ABC": "YES", "BUSINESS_NAICS_CODE": 722000, "PHONE_NUMBER": null, "WEBSITE": null, "LATITUDE": 30, "LONGITUDE": -91 }, "geometry": { "type": "Point", "coordinates": [ -91.093658379191339, 30.349373278626409 ] } },
{ "type": "Feature", "properties": { "ADDRESS_ID": 13770, "BUSINESS_ID": 24042, "BUSINESS_NAME": "AKASHA MARKET", "FULL_ADDRESS": "1190 BOB PETTIT BLVD", "CITY": "BATON ROUGE", "JURISDICTION": "EBRP", "STATE": "LOUISIANA", "COUNTRY": "UNITED STATES", "ZIP": 70820, "ADDRESS_AUTHORITY": "BATON ROUGE", "ABC": "YES", "BUSINESS_NAICS_CODE": 445110, "PHONE_NUMBER": "225-766-6478", "WEBSITE": null, "LATITUDE": 30, "LONGITUDE": -91 }, "geometry": { "type": "Point", "coordinates": [ -91.180241283925028, 30.396325017734565 ] } },
{ "type": "Feature", "properties": { "ADDRESS_ID": 13775, "BUSINESS_ID": 37382, "BUSINESS_NAME": "TOBACCO ZONE", "FULL_ADDRESS": "11901 PLANK RD", "CITY": "BATON ROUGE", "JURISDICTION": "EBRP", "STATE": "LOUISIANA", "COUNTRY": "UNITED STATES", "ZIP": 70811, "ADDRESS_AUTHORITY": "PARISH", "ABC": "YES", "BUSINESS_NAICS_CODE": 453000, "PHONE_NUMBER": null, "WEBSITE": null, "LATITUDE": 31, "LONGITUDE": -91 }, "geometry": { "type": "Point", "coordinates": [ -91.135153463176536, 30.554378777081531 ] } },
{ "type": "Feature", "properties": { "ADDRESS_ID": 14159, "BUSINESS_ID": 32833, "BUSINESS_NAME": "MIKE WILLIES RESTAURANT AND BAR", "FULL_ADDRESS": "11950 CLOVERLAND AVE", "CITY": "BATON ROUGE", "JURISDICTION": "EBRP", "STATE": "LOUISIANA", "COUNTRY": "UNITED STATES", "ZIP": 70809, "ADDRESS_AUTHORITY": "PARISH", "ABC": "YES", "BUSINESS_NAICS_CODE": 722000, "PHONE_NUMBER": null, "WEBSITE": null, "LATITUDE": 30, "LONGITUDE": -91 }, "geometry": { "type": "Point", "coordinates": [ -91.04817759680715, 30.389646588687057 ] } },
{ "type": "Feature", "properties": { "ADDRESS_ID": 14329, "BUSINESS_ID": 24779, "BUSINESS_NAME": "B C FOOD MART", "FULL_ADDRESS": "1200 N ARDENWOOD DR", "CITY": "BATON ROUGE", "JURISDICTION": "EBRP", "STATE": "LOUISIANA", "COUNTRY": "UNITED STATES", "ZIP": 70806, "ADDRESS_AUTHORITY": "BATON ROUGE", "ABC": "YES", "BUSINESS_NAICS_CODE": 445110, "PHONE_NUMBER": "225-201-9299", "WEBSITE": null, "LATITUDE": 30, "LONGITUDE": -91 }, "geometry": { "type": "Point", "coordinates": [ -91.127348415494382, 30.461139707015775 ] } },
{ "type": "Feature", "properties": { "ADDRESS_ID": 15031, "BUSINESS_ID": 47491, "BUSINESS_NAME": "BIG BOY SHOP & GEAUX INC", "FULL_ADDRESS": "12110 OLD HAMMOND HWY", "CITY": "BATON ROUGE", "JURISDICTION": "EBRP", "STATE": "LOUISIANA", "COUNTRY": "UNITED STATES", "ZIP": 70816, "ADDRESS_AUTHORITY": "BATON ROUGE", "ABC": "YES", "BUSINESS_NAICS_CODE": 453000, "PHONE_NUMBER": null, "WEBSITE": null, "LATITUDE": 30, "LONGITUDE": -91 }, "geometry": { "type": "Point", "coordinates": [ -91.045016330638902, 30.440180792472272 ] } },
{ "type": "Feature", "properties": { "ADDRESS_ID": 15851, "BUSINESS_ID": 60031, "BUSINESS_NAME": "COHN ARBORETUM", "FULL_ADDRESS": "12206 FOSTER RD", "CITY": "BATON ROUGE", "JURISDICTION": "EBRP", "STATE": "LOUISIANA", "COUNTRY": "UNITED STATES", "ZIP": 70811, "ADDRESS_AUTHORITY": "PARISH", "ABC": "YES", "BUSINESS_NAICS_CODE": 713000, "PHONE_NUMBER": null, "WEBSITE": null, "LATITUDE": 31, "LONGITUDE": -91 }, "geometry": { "type": "Point", "coordinates": [ -91.119565111383565, 30.558326412909008 ] } },
{ "type": "Feature", "properties": { "ADDRESS_ID": 16001, "BUSINESS_ID": 47675, "BUSINESS_NAME": "KTC GROCERY", "FULL_ADDRESS": "1222 N 39TH ST", "CITY": "BATON ROUGE", "JURISDICTION": "EBRP", "STATE": "LOUISIANA", "COUNTRY": "UNITED STATES", "ZIP": 70802, "ADDRESS_AUTHORITY": "BATON ROUGE", "ABC": "YES", "BUSINESS_NAICS_CODE": 453000, "PHONE_NUMBER": "'", "WEBSITE": null, "LATITUDE": 30, "LONGITUDE": -91 }, "geometry": { "type": "Point", "coordinates": [ -91.151121223900958, 30.459329951915667 ] } },
{ "type": "Feature", "properties": { "ADDRESS_ID": 16493, "BUSINESS_ID": 20690, "BUSINESS_NAME": "JAYLA FOOD MART", "FULL_ADDRESS": "12256 JEFFERSON HWY", "CITY": "BATON ROUGE", "JURISDICTION": "EBRP", "STATE": "LOUISIANA", "COUNTRY": "UNITED STATES", "ZIP": 70816, "ADDRESS_AUTHORITY": "PARISH", "ABC": "YES", "BUSINESS_NAICS_CODE": 445110, "PHONE_NUMBER": null, "WEBSITE": null, "LATITUDE": 30, "LONGITUDE": -91 }, "geometry": { "type": "Point", "coordinates": [ -91.047068204239523, 30.394699396495671 ] } },
{ "type": "Feature", "properties": { "ADDRESS_ID": 17074, "BUSINESS_ID": 23289, "BUSINESS_NAME": "LYNNS DAIQURI", "FULL_ADDRESS": "12333 JEFFERSON HWY", "CITY": "BATON ROUGE", "JURISDICTION": "EBRP", "STATE": "LOUISIANA", "COUNTRY": "UNITED STATES", "ZIP": 70816, "ADDRESS_AUTHORITY": "BATON ROUGE", "ABC": "YES", "BUSINESS_NAICS_CODE": 453000, "PHONE_NUMBER": null, "WEBSITE": null, "LATITUDE": 30, "LONGITUDE": -91 }, "geometry": { "type": "Point", "coordinates": [ -91.045770015380342, 30.395251987420764 ] } },
{ "type": "Feature", "properties": { "ADDRESS_ID": 17590, "BUSINESS_ID": 26557, "BUSINESS_NAME": "CIRCLE K # 1813", "FULL_ADDRESS": "12392 PLANK RD", "CITY": "BATON ROUGE", "JURISDICTION": "EBRP", "STATE": "LOUISIANA", "COUNTRY": "UNITED STATES", "ZIP": 70811, "ADDRESS_AUTHORITY": "PARISH", "ABC": "YES", "BUSINESS_NAICS_CODE": 447000, "PHONE_NUMBER": "225-774-5123", "WEBSITE": "http://circlek.com/", "LATITUDE": 31, "LONGITUDE": -91 }, "geometry": { "type": "Point", "coordinates": [ -91.132983604733411, 30.55842760059873 ] } },
{ "type": "Feature", "properties": { "ADDRESS_ID": 17626, "BUSINESS_ID": 59909, "BUSINESS_NAME": "BURBANK SOCCER COMPLEX", "FULL_ADDRESS": "12400 BURBANK DR", "CITY": "BATON ROUGE", "JURISDICTION": "EBRP", "STATE": "LOUISIANA", "COUNTRY": "UNITED STATES", "ZIP": 70810, "ADDRESS_AUTHORITY": "PARISH", "ABC": "YES", "BUSINESS_NAICS_CODE": 713000, "PHONE_NUMBER": null, "WEBSITE": null, "LATITUDE": 30, "LONGITUDE": -91 }, "geometry": { "type": "Point", "coordinates": [ -91.096712065858696, 30.348145510210156 ] } },
{ "type": "Feature", "properties": { "ADDRESS_ID": 18196, "BUSINESS_ID": 12700, "BUSINESS_NAME": "TRAMONTES MEAT & SEAFOOD MARKET", "FULL_ADDRESS": "12451 JEFFERSON HWY", "CITY": "BATON ROUGE", "JURISDICTION": "EBRP", "STATE": "LOUISIANA", "COUNTRY": "UNITED STATES", "ZIP": 70816, "ADDRESS_AUTHORITY": "BATON ROUGE", "ABC": "YES", "BUSINESS_NAICS_CODE": 424420, "PHONE_NUMBER": null, "WEBSITE": null, "LATITUDE": 30, "LONGITUDE": -91 }, "geometry": { "type": "Point", "coordinates": [ -91.044644431496451, 30.395082640159711 ] } },
{ "type": "Feature", "properties": { "ADDRESS_ID": 18877, "BUSINESS_ID": 25097, "BUSINESS_NAME": "BAYOU BELLE", "FULL_ADDRESS": "12532 S HARRELL'S FERRY RD", "CITY": "BATON ROUGE", "JURISDICTION": "EBRP", "STATE": "LOUISIANA", "COUNTRY": "UNITED STATES", "ZIP": 70816, "ADDRESS_AUTHORITY": "BATON ROUGE", "ABC": "YES", "BUSINESS_NAICS_CODE": 447000, "PHONE_NUMBER": null, "WEBSITE": null, "LATITUDE": 30, "LONGITUDE": -91 }, "geometry": { "type": "Point", "coordinates": [ -91.044006234774812, 30.431544906228513 ] } },
{ "type": "Feature", "properties": { "ADDRESS_ID": 20718, "BUSINESS_ID": 26590, "BUSINESS_NAME": "EXXON/ON THE RUN INC #2707651", "FULL_ADDRESS": "12860 PERKINS RD", "CITY": "BATON ROUGE", "JURISDICTION": "EBRP", "STATE": "LOUISIANA", "COUNTRY": "UNITED STATES", "ZIP": 70810, "ADDRESS_AUTHORITY": "PARISH", "ABC": "YES", "BUSINESS_NAICS_CODE": 447000, "PHONE_NUMBER": null, "WEBSITE": null, "LATITUDE": 30, "LONGITUDE": -91 }, "geometry": { "type": "Point", "coordinates": [ -91.075351864041693, 30.368059149387229 ] } },
{ "type": "Feature", "properties": { "ADDRESS_ID": 20758, "BUSINESS_ID": 38075, "BUSINESS_NAME": "WALGREENS #3610", "FULL_ADDRESS": "12881 PERKINS RD", "CITY": "BATON ROUGE", "JURISDICTION": "EBRP", "STATE": "LOUISIANA", "COUNTRY": "UNITED STATES", "ZIP": 70810, "ADDRESS_AUTHORITY": "PARISH", "ABC": "YES", "BUSINESS_NAICS_CODE": 446110, "PHONE_NUMBER": "225-763-6281", "WEBSITE": "http://walgreens.com/", "LATITUDE": 30, "LONGITUDE": -91 }, "geometry": { "type": "Point", "coordinates": [ -91.0748521331451, 30.368712350789014 ] } },
{ "type": "Feature", "properties": { "ADDRESS_ID": 20857, "BUSINESS_ID": 30869, "BUSINESS_NAME": "JIFFY MART #15", "FULL_ADDRESS": "12924 COURSEY BLVD", "CITY": "BATON ROUGE", "JURISDICTION": "EBRP", "STATE": "LOUISIANA", "COUNTRY": "UNITED STATES", "ZIP": 70817, "ADDRESS_AUTHORITY": "PARISH", "ABC": "YES", "BUSINESS_NAICS_CODE": 447000, "PHONE_NUMBER": null, "WEBSITE": null, "LATITUDE": 30, "LONGITUDE": -91 }, "geometry": { "type": "Point", "coordinates": [ -91.035718651205727, 30.40954725301804 ] } },
{ "type": "Feature", "properties": { "ADDRESS_ID": 21051, "BUSINESS_ID": 38363, "BUSINESS_NAME": "WINN DIXIE #1577", "FULL_ADDRESS": "13002 COURSEY BLVD", "CITY": "BATON ROUGE", "JURISDICTION": "EBRP", "STATE": "LOUISIANA", "COUNTRY": "UNITED STATES", "ZIP": 70817, "ADDRESS_AUTHORITY": "PARISH", "ABC": "YES", "BUSINESS_NAICS_CODE": 445110, "PHONE_NUMBER": "225-756-7102", "WEBSITE": "https://winndixie.com", "LATITUDE": 30, "LONGITUDE": -91 }, "geometry": { "type": "Point", "coordinates": [ -91.034701296516317, 30.408518430471812 ] } },
{ "type": "Feature", "properties": { "ADDRESS_ID": 21883, "BUSINESS_ID": 38533, "BUSINESS_NAME": "ZACHARY TAYLOR POST 3784 VFW", "FULL_ADDRESS": "13214 S CHOCTAW DR", "CITY": "BATON ROUGE", "JURISDICTION": "EBRP", "STATE": "LOUISIANA", "COUNTRY": "UNITED STATES", "ZIP": 70815, "ADDRESS_AUTHORITY": "BATON ROUGE", "ABC": "YES", "BUSINESS_NAICS_CODE": 722000, "PHONE_NUMBER": null, "WEBSITE": null, "LATITUDE": 30, "LONGITUDE": -91 }, "geometry": { "type": "Point", "coordinates": [ -91.0386452911643, 30.472174241167984 ] } },
{ "type": "Feature", "properties": { "ADDRESS_ID": 22294, "BUSINESS_ID": 33457, "BUSINESS_NAME": "BROTHERS FOOD MART", "FULL_ADDRESS": "13289 OLD HAMMOND HWY", "CITY": "BATON ROUGE", "JURISDICTION": "EBRP", "STATE": "LOUISIANA", "COUNTRY": "UNITED STATES", "ZIP": 70816, "ADDRESS_AUTHORITY": "BATON ROUGE", "ABC": "YES", "BUSINESS_NAICS_CODE": 447000, "PHONE_NUMBER": null, "WEBSITE": null, "LATITUDE": 30, "LONGITUDE": -91 }, "geometry": { "type": "Point", "coordinates": [ -91.034784317752624, 30.445809073506073 ] } },
{ "type": "Feature", "properties": { "ADDRESS_ID": 22335, "BUSINESS_ID": 26580, "BUSINESS_NAME": "CIRCLE K #9719", "FULL_ADDRESS": "1330 PLANK RD", "CITY": "BATON ROUGE", "JURISDICTION": "EBRP", "STATE": "LOUISIANA", "COUNTRY": "UNITED STATES", "ZIP": 70802, "ADDRESS_AUTHORITY": "BATON ROUGE", "ABC": "YES", "BUSINESS_NAICS_CODE": 447000, "PHONE_NUMBER": "225-344-0717", "WEBSITE": "http://circlek.com/", "LATITUDE": 30, "LONGITUDE": -91 }, "geometry": { "type": "Point", "coordinates": [ -91.166694918693295, 30.460377509570861 ] } },
{ "type": "Feature", "properties": { "ADDRESS_ID": 22420, "BUSINESS_ID": 8180, "BUSINESS_NAME": "TEXACO", "FULL_ADDRESS": "13315 OLD HAMMOND HWY", "CITY": "BATON ROUGE", "JURISDICTION": "EBRP", "STATE": "LOUISIANA", "COUNTRY": "UNITED STATES", "ZIP": 70816, "ADDRESS_AUTHORITY": "PARISH", "ABC": "YES", "BUSINESS_NAICS_CODE": 447110, "PHONE_NUMBER": null, "WEBSITE": null, "LATITUDE": 30, "LONGITUDE": -91 }, "geometry": { "type": "Point", "coordinates": [ -91.034064352207835, 30.446372409279036 ] } },
{ "type": "Feature", "properties": { "ADDRESS_ID": 23425, "BUSINESS_ID": 36250, "BUSINESS_NAME": "STAGE ONE GATEHOUSE", "FULL_ADDRESS": "13469 S HARRELL'S FERRY RD", "CITY": "BATON ROUGE", "JURISDICTION": "EBRP", "STATE": "LOUISIANA", "COUNTRY": "UNITED STATES", "ZIP": 70816, "ADDRESS_AUTHORITY": "BATON ROUGE", "ABC": "YES", "BUSINESS_NAICS_CODE": 722000, "PHONE_NUMBER": null, "WEBSITE": null, "LATITUDE": 30, "LONGITUDE": -91 }, "geometry": { "type": "Point", "coordinates": [ -91.033491873522266, 30.432749734312317 ] } },
{ "type": "Feature", "properties": { "ADDRESS_ID": 23583, "BUSINESS_ID": 59951, "BUSINESS_NAME": "WEBB MEMORIAL GOLF COURSE", "FULL_ADDRESS": "1351 COUNTRY CLUB DR", "CITY": "BATON ROUGE", "JURISDICTION": "EBRP", "STATE": "LOUISIANA", "COUNTRY": "UNITED STATES", "ZIP": 70806, "ADDRESS_AUTHORITY": "BATON ROUGE", "ABC": "YES", "BUSINESS_NAICS_CODE": 713000, "PHONE_NUMBER": null, "WEBSITE": null, "LATITUDE": 30, "LONGITUDE": -91 }, "geometry": { "type": "Point", "coordinates": [ -91.141434687690321, 30.436866883832128 ] } },
{ "type": "Feature", "properties": { "ADDRESS_ID": 23600, "BUSINESS_ID": 37946, "BUSINESS_NAME": "VILLAGE GROCERY & DELI", "FULL_ADDRESS": "13510 PERKINS RD", "CITY": "BATON ROUGE", "JURISDICTION": "EBRP", "STATE": "LOUISIANA", "COUNTRY": "UNITED STATES", "ZIP": 70810, "ADDRESS_AUTHORITY": "PARISH", "ABC": "YES", "BUSINESS_NAICS_CODE": 445000, "PHONE_NUMBER": null, "WEBSITE": null, "LATITUDE": 30, "LONGITUDE": -91 }, "geometry": { "type": "Point", "coordinates": [ -91.069379702551387, 30.36618051465577 ] } },
{ "type": "Feature", "properties": { "ADDRESS_ID": 23984, "BUSINESS_ID": 50253, "BUSINESS_NAME": "SHOPPERS VALUE FOODS 5535", "FULL_ADDRESS": "13555 OLD HAMMOND HWY", "CITY": "BATON ROUGE", "JURISDICTION": "EBRP", "STATE": "LOUISIANA", "COUNTRY": "UNITED STATES", "ZIP": 70816, "ADDRESS_AUTHORITY": "PARISH", "ABC": "YES", "BUSINESS_NAICS_CODE": 445000, "PHONE_NUMBER": null, "WEBSITE": null, "LATITUDE": 30, "LONGITUDE": -91 }, "geometry": { "type": "Point", "coordinates": [ -91.033079654283597, 30.447428082748168 ] } },
{ "type": "Feature", "properties": { "ADDRESS_ID": 23988, "BUSINESS_ID": 12679, "BUSINESS_NAME": "MASONS GRILL", "FULL_ADDRESS": "13556 JEFFERSON HWY", "CITY": "BATON ROUGE", "JURISDICTION": "EBRP", "STATE": "LOUISIANA", "COUNTRY": "UNITED STATES", "ZIP": 70817, "ADDRESS_AUTHORITY": "PARISH", "ABC": "YES", "BUSINESS_NAICS_CODE": 722110, "PHONE_NUMBER": null, "WEBSITE": null, "LATITUDE": 30, "LONGITUDE": -91 }, "geometry": { "type": "Point", "coordinates": [ -91.034338467444528, 30.389795939001871 ] } },
{ "type": "Feature", "properties": { "ADDRESS_ID": 23993, "BUSINESS_ID": 48392, "BUSINESS_NAME": "FAMILY DOLLAR STORES OF LA #8158", "FULL_ADDRESS": "13559 OLD HAMMOND HWY", "CITY": "BATON ROUGE", "JURISDICTION": "EBRP", "STATE": "LOUISIANA", "COUNTRY": "UNITED STATES", "ZIP": 70816, "ADDRESS_AUTHORITY": "PARISH", "ABC": "YES", "BUSINESS_NAICS_CODE": 453000, "PHONE_NUMBER": null, "WEBSITE": null, "LATITUDE": 30, "LONGITUDE": -91 }, "geometry": { "type": "Point", "coordinates": [ -91.032378207921653, 30.447467147943524 ] } },
{ "type": "Feature", "properties": { "ADDRESS_ID": 25012, "BUSINESS_ID": 6737, "BUSINESS_NAME": "SCOTLANDVILLE CONVENIENCE STORE", "FULL_ADDRESS": "1375 ROSENWALD RD", "CITY": "BATON ROUGE", "JURISDICTION": "EBRP", "STATE": "LOUISIANA", "COUNTRY": "UNITED STATES", "ZIP": 70807, "ADDRESS_AUTHORITY": "BATON ROUGE", "ABC": "YES", "BUSINESS_NAICS_CODE": 445000, "PHONE_NUMBER": "225-774-1062", "WEBSITE": null, "LATITUDE": 31, "LONGITUDE": -91 }, "geometry": { "type": "Point", "coordinates": [ -91.179700690005447, 30.531715151417082 ] } },
{ "type": "Feature", "properties": { "ADDRESS_ID": 25053, "BUSINESS_ID": 13544, "BUSINESS_NAME": "NEW LOOK NEIGHBORHOOD GROCERY", "FULL_ADDRESS": "1376 N 39TH ST", "CITY": "BATON ROUGE", "JURISDICTION": "EBRP", "STATE": "LOUISIANA", "COUNTRY": "UNITED STATES", "ZIP": 70802, "ADDRESS_AUTHORITY": "BATON ROUGE", "ABC": "YES", "BUSINESS_NAICS_CODE": 445120, "PHONE_NUMBER": null, "WEBSITE": null, "LATITUDE": 30, "LONGITUDE": -91 }, "geometry": { "type": "Point", "coordinates": [ -91.151395540115274, 30.460689763725835 ] } },
{ "type": "Feature", "properties": { "ADDRESS_ID": 25113, "BUSINESS_ID": 32046, "BUSINESS_NAME": "LOUISIANA CAJUN SEAFOOD LLC", "FULL_ADDRESS": "13785 COURSEY BLVD", "CITY": "BATON ROUGE", "JURISDICTION": "EBRP", "STATE": "LOUISIANA", "COUNTRY": "UNITED STATES", "ZIP": 70817, "ADDRESS_AUTHORITY": "PARISH", "ABC": "YES", "BUSINESS_NAICS_CODE": 445000, "PHONE_NUMBER": null, "WEBSITE": null, "LATITUDE": 30, "LONGITUDE": -91 }, "geometry": { "type": "Point", "coordinates": [ -91.024587451055339, 30.408562311214432 ] } },
{ "type": "Feature", "properties": { "ADDRESS_ID": 25467, "BUSINESS_ID": 37438, "BUSINESS_NAME": "TORTILLERIA GLORIA LLC", "FULL_ADDRESS": "13869 FLORIDA BLVD", "CITY": "BATON ROUGE", "JURISDICTION": "EBRP", "STATE": "LOUISIANA", "COUNTRY": "UNITED STATES", "ZIP": 70819, "ADDRESS_AUTHORITY": "BATON ROUGE", "ABC": "YES", "BUSINESS_NAICS_CODE": 339000, "PHONE_NUMBER": null, "WEBSITE": null, "LATITUDE": 30, "LONGITUDE": -91 }, "geometry": { "type": "Point", "coordinates": [ -91.031553834050214, 30.463649548819927 ] } },
{ "type": "Feature", "properties": { "ADDRESS_ID": 25999, "BUSINESS_ID": 60413, "BUSINESS_NAME": "HIGHLAND PARK TENNIS CENTER", "FULL_ADDRESS": "14024 HIGHLAND RD", "CITY": "BATON ROUGE", "JURISDICTION": "EBRP", "STATE": "LOUISIANA", "COUNTRY": "UNITED STATES", "ZIP": 70810, "ADDRESS_AUTHORITY": "PARISH", "ABC": "YES", "BUSINESS_NAICS_CODE": null, "PHONE_NUMBER": null, "WEBSITE": null, "LATITUDE": 30, "LONGITUDE": -91 }, "geometry": { "type": "Point", "coordinates": [ -91.076353029258769, 30.34741529402017 ] } },
{ "type": "Feature", "properties": { "ADDRESS_ID": 26899, "BUSINESS_ID": 24579, "BUSINESS_NAME": "ASHLEY MANOR", "FULL_ADDRESS": "14214 OLD HAMMOND HWY", "CITY": "BATON ROUGE", "JURISDICTION": "EBRP", "STATE": "LOUISIANA", "COUNTRY": "UNITED STATES", "ZIP": 70816, "ADDRESS_AUTHORITY": "PARISH", "ABC": "YES", "BUSINESS_NAICS_CODE": 722000, "PHONE_NUMBER": null, "WEBSITE": null, "LATITUDE": 30, "LONGITUDE": -91 }, "geometry": { "type": "Point", "coordinates": [ -91.027359553071989, 30.448570477006729 ] } },
{ "type": "Feature", "properties": { "ADDRESS_ID": 27133, "BUSINESS_ID": 17457, "BUSINESS_NAME": "WALMART NEIGHBORHOOD MARKET", "FULL_ADDRESS": "14241 STE A3 COURSEY BLVD", "CITY": "BATON ROUGE", "JURISDICTION": "EBRP", "STATE": "LOUISIANA", "COUNTRY": "UNITED STATES", "ZIP": 70817, "ADDRESS_AUTHORITY": "PARISH", "ABC": "YES", "BUSINESS_NAICS_CODE": 445110, "PHONE_NUMBER": null, "WEBSITE": "http://walmart.com/", "LATITUDE": 30, "LONGITUDE": -91 }, "geometry": { "type": "Point", "coordinates": [ -91.020027581295807, 30.409320519050645 ] } },
{ "type": "Feature", "properties": { "ADDRESS_ID": 28075, "BUSINESS_ID": 50552, "BUSINESS_NAME": "CITY PARK GOLF COURSE", "FULL_ADDRESS": "1515 DALRYMPLE DR", "CITY": "BATON ROUGE", "JURISDICTION": "EBRP", "STATE": "LOUISIANA", "COUNTRY": "UNITED STATES", "ZIP": 70808, "ADDRESS_AUTHORITY": "BATON ROUGE", "ABC": "YES", "BUSINESS_NAICS_CODE": 713000, "PHONE_NUMBER": null, "WEBSITE": null, "LATITUDE": 30, "LONGITUDE": -91 }, "geometry": { "type": "Point", "coordinates": [ -91.166849908893681, 30.433515075304442 ] } },
{ "type": "Feature", "properties": { "ADDRESS_ID": 28156, "BUSINESS_ID": 6908, "BUSINESS_NAME": "RAINBOW EXPRESS FOOD MART", "FULL_ADDRESS": "1443 GARDERE LN", "CITY": "BATON ROUGE", "JURISDICTION": "EBRP", "STATE": "LOUISIANA", "COUNTRY": "UNITED STATES", "ZIP": 70820, "ADDRESS_AUTHORITY": "PARISH", "ABC": "YES", "BUSINESS_NAICS_CODE": 445110, "PHONE_NUMBER": "225-769-3494", "WEBSITE": null, "LATITUDE": 30, "LONGITUDE": -91 }, "geometry": { "type": "Point", "coordinates": [ -91.126043735106705, 30.356312865856207 ] } },
{ "type": "Feature", "properties": { "ADDRESS_ID": 28251, "BUSINESS_ID": 3246, "BUSINESS_NAME": "ON THE RUN #14", "FULL_ADDRESS": "14441 COURSEY BLVD", "CITY": "BATON ROUGE", "JURISDICTION": "EBRP", "STATE": "LOUISIANA", "COUNTRY": "UNITED STATES", "ZIP": 70817, "ADDRESS_AUTHORITY": "PARISH", "ABC": "YES", "BUSINESS_NAICS_CODE": 447110, "PHONE_NUMBER": null, "WEBSITE": null, "LATITUDE": 30, "LONGITUDE": -91 }, "geometry": { "type": "Point", "coordinates": [ -91.016676264044051, 30.409049736147519 ] } },
{ "type": "Feature", "properties": { "ADDRESS_ID": 28271, "BUSINESS_ID": 38073, "BUSINESS_NAME": "WALGREENS #3085", "FULL_ADDRESS": "14444 COURSEY BLVD", "CITY": "BATON ROUGE", "JURISDICTION": "EBRP", "STATE": "LOUISIANA", "COUNTRY": "UNITED STATES", "ZIP": 70817, "ADDRESS_AUTHORITY": "PARISH", "ABC": "YES", "BUSINESS_NAICS_CODE": 446110, "PHONE_NUMBER": "225-753-1499", "WEBSITE": "http://walgreens.com/", "LATITUDE": 30, "LONGITUDE": -91 }, "geometry": { "type": "Point", "coordinates": [ -91.016605576198387, 30.40824721308806 ] } },
{ "type": "Feature", "properties": { "ADDRESS_ID": 28282, "BUSINESS_ID": 47546, "BUSINESS_NAME": "STOP N SAVE", "FULL_ADDRESS": "14445 OLD HAMMOND HWY", "CITY": "BATON ROUGE", "JURISDICTION": "EBRP", "STATE": "LOUISIANA", "COUNTRY": "UNITED STATES", "ZIP": 70819, "ADDRESS_AUTHORITY": "PARISH", "ABC": "YES", "BUSINESS_NAICS_CODE": 453000, "PHONE_NUMBER": null, "WEBSITE": null, "LATITUDE": 30, "LONGITUDE": -91 }, "geometry": { "type": "Point", "coordinates": [ -91.025287335168599, 30.451750207125436 ] } },
{ "type": "Feature", "properties": { "ADDRESS_ID": 28465, "BUSINESS_ID": 50207, "BUSINESS_NAME": "DIVINE ALLURE SALON & EXTENSIONS", "FULL_ADDRESS": "145 ALELLO DR", "CITY": "BATON ROUGE", "JURISDICTION": "EBRP", "STATE": "LOUISIANA", "COUNTRY": "UNITED STATES", "ZIP": 70806, "ADDRESS_AUTHORITY": "BATON ROUGE", "ABC": "YES", "BUSINESS_NAICS_CODE": 812000, "PHONE_NUMBER": null, "WEBSITE": null, "LATITUDE": 30, "LONGITUDE": -91 }, "geometry": { "type": "Point", "coordinates": [ -91.120729309740994, 30.45039550671672 ] } },
{ "type": "Feature", "properties": { "ADDRESS_ID": 28466, "BUSINESS_ID": 38804, "BUSINESS_NAME": "LISA ANNE LLC", "FULL_ADDRESS": "145 BEN HUR RD", "CITY": "BATON ROUGE", "JURISDICTION": "EBRP", "STATE": "LOUISIANA", "COUNTRY": "UNITED STATES", "ZIP": 70808, "ADDRESS_AUTHORITY": "BATON ROUGE", "ABC": "YES", "BUSINESS_NAICS_CODE": 445000, "PHONE_NUMBER": null, "WEBSITE": null, "LATITUDE": 30, "LONGITUDE": -91 }, "geometry": { "type": "Point", "coordinates": [ -91.159122531727135, 30.392362216181901 ] } },
{ "type": "Feature", "properties": { "ADDRESS_ID": 28782, "BUSINESS_ID": 46942, "BUSINESS_NAME": "TIGER BAIT", "FULL_ADDRESS": "14546 S HARRELL'S FERRY RD", "CITY": "BATON ROUGE", "JURISDICTION": "EBRP", "STATE": "LOUISIANA", "COUNTRY": "UNITED STATES", "ZIP": 70816, "ADDRESS_AUTHORITY": "BATON ROUGE", "ABC": "YES", "BUSINESS_NAICS_CODE": 722000, "PHONE_NUMBER": null, "WEBSITE": null, "LATITUDE": 30, "LONGITUDE": -91 }, "geometry": { "type": "Point", "coordinates": [ -91.023855907271411, 30.429322346413791 ] } },
{ "type": "Feature", "properties": { "ADDRESS_ID": 28800, "BUSINESS_ID": 20075, "BUSINESS_NAME": "ADAMS GROCERY", "FULL_ADDRESS": "1455 N ACADIAN THWY W", "CITY": "BATON ROUGE", "JURISDICTION": "EBRP", "STATE": "LOUISIANA", "COUNTRY": "UNITED STATES", "ZIP": 70802, "ADDRESS_AUTHORITY": "BATON ROUGE", "ABC": "YES", "BUSINESS_NAICS_CODE": 722410, "PHONE_NUMBER": null, "WEBSITE": null, "LATITUDE": 30, "LONGITUDE": -91 }, "geometry": { "type": "Point", "coordinates": [ -91.156355165604566, 30.461180917209226 ] } },
{ "type": "Feature", "properties": { "ADDRESS_ID": 28901, "BUSINESS_ID": 36836, "BUSINESS_NAME": "TERRACE GROCERY", "FULL_ADDRESS": "1457 TERRACE ST", "CITY": "BATON ROUGE", "JURISDICTION": "EBRP", "STATE": "LOUISIANA", "COUNTRY": "UNITED STATES", "ZIP": 70802, "ADDRESS_AUTHORITY": "BATON ROUGE", "ABC": "YES", "BUSINESS_NAICS_CODE": 445000, "PHONE_NUMBER": null, "WEBSITE": null, "LATITUDE": 30, "LONGITUDE": -91 }, "geometry": { "type": "Point", "coordinates": [ -91.173345416525009, 30.436644341085955 ] } },
{ "type": "Feature", "properties": { "ADDRESS_ID": 29677, "BUSINESS_ID": 14172, "BUSINESS_NAME": "COLEMANS MINI-MART", "FULL_ADDRESS": "1472 HARDING BLVD", "CITY": "BATON ROUGE", "JURISDICTION": "EBRP", "STATE": "LOUISIANA", "COUNTRY": "UNITED STATES", "ZIP": 70807, "ADDRESS_AUTHORITY": "BATON ROUGE", "ABC": "YES", "BUSINESS_NAICS_CODE": 445120, "PHONE_NUMBER": null, "WEBSITE": null, "LATITUDE": 31, "LONGITUDE": -91 }, "geometry": { "type": "Point", "coordinates": [ -91.1779838564415, 30.520123866595977 ] } },
{ "type": "Feature", "properties": { "ADDRESS_ID": 30020, "BUSINESS_ID": 32752, "BUSINESS_NAME": "MI CUEVITA PLUS # 2", "FULL_ADDRESS": "14890 OLD HAMMOND HWY", "CITY": "BATON ROUGE", "JURISDICTION": "EBRP", "STATE": "LOUISIANA", "COUNTRY": "UNITED STATES", "ZIP": 70816, "ADDRESS_AUTHORITY": "PARISH", "ABC": "YES", "BUSINESS_NAICS_CODE": 445000, "PHONE_NUMBER": null, "WEBSITE": null, "LATITUDE": 30, "LONGITUDE": -91 }, "geometry": { "type": "Point", "coordinates": [ -91.020451576882692, 30.453365775886677 ] } },
{ "type": "Feature", "properties": { "ADDRESS_ID": 30254, "BUSINESS_ID": 26589, "BUSINESS_NAME": "CIRCLE K #2709728", "FULL_ADDRESS": "14940 AIRLINE HWY", "CITY": "BATON ROUGE", "JURISDICTION": "EBRP", "STATE": "LOUISIANA", "COUNTRY": "UNITED STATES", "ZIP": 70809, "ADDRESS_AUTHORITY": "PARISH", "ABC": "YES", "BUSINESS_NAICS_CODE": 447000, "PHONE_NUMBER": "225-755-6011", "WEBSITE": "http://circlek.com/", "LATITUDE": 30, "LONGITUDE": -91 }, "geometry": { "type": "Point", "coordinates": [ -91.009809200118681, 30.358812252784357 ] } },
{ "type": "Feature", "properties": { "ADDRESS_ID": 30405, "BUSINESS_ID": 10518, "BUSINESS_NAME": "JONES CREEK CAFE & OYSTER BAR", "FULL_ADDRESS": "15005 MARKET ST", "CITY": "BATON ROUGE", "JURISDICTION": "EBRP", "STATE": "LOUISIANA", "COUNTRY": "UNITED STATES", "ZIP": 70817, "ADDRESS_AUTHORITY": "PARISH", "ABC": "YES", "BUSINESS_NAICS_CODE": 722211, "PHONE_NUMBER": null, "WEBSITE": null, "LATITUDE": 30, "LONGITUDE": -91 }, "geometry": { "type": "Point", "coordinates": [ -91.018204245117758, 30.407430125393795 ] } },
{ "type": "Feature", "properties": { "ADDRESS_ID": 30497, "BUSINESS_ID": 25050, "BUSINESS_NAME": "BATON ROUGE RIVER BATS", "FULL_ADDRESS": "1502 FOSS ST", "CITY": "BATON ROUGE", "JURISDICTION": "EBRP", "STATE": "LOUISIANA", "COUNTRY": "UNITED STATES", "ZIP": 70802, "ADDRESS_AUTHORITY": "BATON ROUGE", "ABC": "YES", "BUSINESS_NAICS_CODE": 453000, "PHONE_NUMBER": null, "WEBSITE": null, "LATITUDE": 30, "LONGITUDE": -91 }, "geometry": { "type": "Point", "coordinates": [ -91.168998316315992, 30.460735031635426 ] } },
{ "type": "Feature", "properties": { "ADDRESS_ID": 30866, "BUSINESS_ID": 64925, "BUSINESS_NAME": "RED STICK SOCIAL", "FULL_ADDRESS": "1509 GOVERNMENT ST", "CITY": "BATON ROUGE", "JURISDICTION": "EBRP", "STATE": "LOUISIANA", "COUNTRY": "UNITED STATES", "ZIP": 70802, "ADDRESS_AUTHORITY": "BATON ROUGE", "ABC": "YES", "BUSINESS_NAICS_CODE": 713000, "PHONE_NUMBER": null, "WEBSITE": null, "LATITUDE": 30, "LONGITUDE": -91 }, "geometry": { "type": "Point", "coordinates": [ -91.172415569310431, 30.444116078526513 ] } },
{ "type": "Feature", "properties": { "ADDRESS_ID": 30890, "BUSINESS_ID": 452, "BUSINESS_NAME": "AMERICAN LEGION NICHOLSON POST #38", "FULL_ADDRESS": "151 S WOODDALE DR", "CITY": "BATON ROUGE", "JURISDICTION": "EBRP", "STATE": "LOUISIANA", "COUNTRY": "UNITED STATES", "ZIP": 70806, "ADDRESS_AUTHORITY": "BATON ROUGE", "ABC": "YES", "BUSINESS_NAICS_CODE": 813319, "PHONE_NUMBER": "225-927-8826", "WEBSITE": "http://legion.org", "LATITUDE": 30, "LONGITUDE": -91 }, "geometry": { "type": "Point", "coordinates": [ -91.103084215385252, 30.450913811905636 ] } },
{ "type": "Feature", "properties": { "ADDRESS_ID": 31097, "BUSINESS_ID": 33135, "BUSINESS_NAME": "NAGOYA CAFE INC", "FULL_ADDRESS": "15130 MARKET ST", "CITY": "BATON ROUGE", "JURISDICTION": "EBRP", "STATE": "LOUISIANA", "COUNTRY": "UNITED STATES", "ZIP": 70817, "ADDRESS_AUTHORITY": "PARISH", "ABC": "YES", "BUSINESS_NAICS_CODE": 722000, "PHONE_NUMBER": null, "WEBSITE": null, "LATITUDE": 30, "LONGITUDE": -91 }, "geometry": { "type": "Point", "coordinates": [ -91.01723029858816, 30.40639435896184 ] } },
{ "type": "Feature", "properties": { "ADDRESS_ID": 31640, "BUSINESS_ID": 24070, "BUSINESS_NAME": "ALBERTSONS FOOD CENTER #2713", "FULL_ADDRESS": "15232 GEORGE O'NEAL RD", "CITY": "BATON ROUGE", "JURISDICTION": "EBRP", "STATE": "LOUISIANA", "COUNTRY": "UNITED STATES", "ZIP": 70817, "ADDRESS_AUTHORITY": "PARISH", "ABC": "YES", "BUSINESS_NAICS_CODE": 445110, "PHONE_NUMBER": "225-753-0700", "WEBSITE": "http://albertsons.com/", "LATITUDE": 30, "LONGITUDE": -91 }, "geometry": { "type": "Point", "coordinates": [ -91.015027862388735, 30.406403117221483 ] } },
{ "type": "Feature", "properties": { "ADDRESS_ID": 32164, "BUSINESS_ID": 67175, "BUSINESS_NAME": "PEYTON PLACE LOUNGE & RESTAURANT", "FULL_ADDRESS": "1533 N ACADIAN THWY E", "CITY": "BATON ROUGE", "JURISDICTION": "EBRP", "STATE": "LOUISIANA", "COUNTRY": "UNITED STATES", "ZIP": 70802, "ADDRESS_AUTHORITY": "BATON ROUGE", "ABC": "YES", "BUSINESS_NAICS_CODE": 722000, "PHONE_NUMBER": null, "WEBSITE": null, "LATITUDE": 30, "LONGITUDE": -91 }, "geometry": { "type": "Point", "coordinates": [ -91.155515607447114, 30.461991036047451 ] } },
{ "type": "Feature", "properties": { "ADDRESS_ID": 32165, "BUSINESS_ID": 33922, "BUSINESS_NAME": "PEYTON PLACE LOUNGE & RESTAURANT", "FULL_ADDRESS": "1533 N ACADIAN THWY W", "CITY": "BATON ROUGE", "JURISDICTION": "EBRP", "STATE": "LOUISIANA", "COUNTRY": "UNITED STATES", "ZIP": 70802, "ADDRESS_AUTHORITY": "BATON ROUGE", "ABC": "YES", "BUSINESS_NAICS_CODE": 722000, "PHONE_NUMBER": null, "WEBSITE": null, "LATITUDE": 30, "LONGITUDE": -91 }, "geometry": { "type": "Point", "coordinates": [ -91.156259689062566, 30.461754652122174 ] } },
{ "type": "Feature", "properties": { "ADDRESS_ID": 32336, "BUSINESS_ID": 2338, "BUSINESS_NAME": "COMMUNITY MARKET", "FULL_ADDRESS": "1535 GARDERE LN", "CITY": "BATON ROUGE", "JURISDICTION": "EBRP", "STATE": "LOUISIANA", "COUNTRY": "UNITED STATES", "ZIP": 70820, "ADDRESS_AUTHORITY": "PARISH", "ABC": "YES", "BUSINESS_NAICS_CODE": 445120, "PHONE_NUMBER": null, "WEBSITE": null, "LATITUDE": 30, "LONGITUDE": -91 }, "geometry": { "type": "Point", "coordinates": [ -91.12644049664847, 30.355873311318334 ] } },
{ "type": "Feature", "properties": { "ADDRESS_ID": 33260, "BUSINESS_ID": 63183, "BUSINESS_NAME": "ONE STOP DELI AND GROCERIES LLC", "FULL_ADDRESS": "15518 RHONDA AVE", "CITY": "BATON ROUGE", "JURISDICTION": "EBRP", "STATE": "LOUISIANA", "COUNTRY": "UNITED STATES", "ZIP": 70816, "ADDRESS_AUTHORITY": "PARISH", "ABC": "YES", "BUSINESS_NAICS_CODE": 445000, "PHONE_NUMBER": null, "WEBSITE": null, "LATITUDE": 30, "LONGITUDE": -91 }, "geometry": { "type": "Point", "coordinates": [ -91.013442802963297, 30.443737526079502 ] } },
{ "type": "Feature", "properties": { "ADDRESS_ID": 33384, "BUSINESS_ID": 49185, "BUSINESS_NAME": "ROUSES MARKET #58", "FULL_ADDRESS": "14630 VILLAGE MARKET ST", "CITY": "BATON ROUGE", "JURISDICTION": "EBRP", "STATE": "LOUISIANA", "COUNTRY": "UNITED STATES", "ZIP": 70817, "ADDRESS_AUTHORITY": "PARISH", "ABC": "YES", "BUSINESS_NAICS_CODE": 445000, "PHONE_NUMBER": null, "WEBSITE": null, "LATITUDE": 30, "LONGITUDE": -91 }, "geometry": { "type": "Point", "coordinates": [ -91.013381440212655, 30.362595789202217 ] } },
{ "type": "Feature", "properties": { "ADDRESS_ID": 33439, "BUSINESS_ID": 37090, "BUSINESS_NAME": "THE ORIGINAL ITALIAN PIE", "FULL_ADDRESS": "15540 GEORGE O'NEAL RD", "CITY": "BATON ROUGE", "JURISDICTION": "EBRP", "STATE": "LOUISIANA", "COUNTRY": "UNITED STATES", "ZIP": 70817, "ADDRESS_AUTHORITY": "PARISH", "ABC": "YES", "BUSINESS_NAICS_CODE": 722000, "PHONE_NUMBER": null, "WEBSITE": null, "LATITUDE": 30, "LONGITUDE": -91 }, "geometry": { "type": "Point", "coordinates": [ -91.012863459381308, 30.407470530775559 ] } },
{ "type": "Feature", "properties": { "ADDRESS_ID": 33506, "BUSINESS_ID": 30165, "BUSINESS_NAME": "HOT SPOT LOUNGE", "FULL_ADDRESS": "1555 SCENIC HWY", "CITY": "BATON ROUGE", "JURISDICTION": "EBRP", "STATE": "LOUISIANA", "COUNTRY": "UNITED STATES", "ZIP": 70802, "ADDRESS_AUTHORITY": "BATON ROUGE", "ABC": "YES", "BUSINESS_NAICS_CODE": 722000, "PHONE_NUMBER": null, "WEBSITE": null, "LATITUDE": 30, "LONGITUDE": -91 }, "geometry": { "type": "Point", "coordinates": [ -91.167921640091961, 30.462352076324851 ] } },
{ "type": "Feature", "properties": { "ADDRESS_ID": 33602, "BUSINESS_ID": 7305, "BUSINESS_NAME": "SAVE MORE MARKET 4", "FULL_ADDRESS": "1557 GARDERE LN", "CITY": "BATON ROUGE", "JURISDICTION": "EBRP", "STATE": "LOUISIANA", "COUNTRY": "UNITED STATES", "ZIP": 70820, "ADDRESS_AUTHORITY": "PARISH", "ABC": "YES", "BUSINESS_NAICS_CODE": 445110, "PHONE_NUMBER": "225-769-0404", "WEBSITE": null, "LATITUDE": 30, "LONGITUDE": -91 }, "geometry": { "type": "Point", "coordinates": [ -91.126378142601794, 30.355463171063029 ] } },
{ "type": "Feature", "properties": { "ADDRESS_ID": 34124, "BUSINESS_ID": 24266, "BUSINESS_NAME": "AMERICAN LEGION POST #502", "FULL_ADDRESS": "1566 ROSENWALD RD", "CITY": "BATON ROUGE", "JURISDICTION": "EBRP", "STATE": "LOUISIANA", "COUNTRY": "UNITED STATES", "ZIP": 70807, "ADDRESS_AUTHORITY": "BATON ROUGE", "ABC": "YES", "BUSINESS_NAICS_CODE": 722000, "PHONE_NUMBER": null, "WEBSITE": null, "LATITUDE": 31, "LONGITUDE": -91 }, "geometry": { "type": "Point", "coordinates": [ -91.177780511601512, 30.531278099724823 ] } },
{ "type": "Feature", "properties": { "ADDRESS_ID": 35100, "BUSINESS_ID": 38067, "BUSINESS_NAME": "WALGREENS #09518", "FULL_ADDRESS": "15929 AIRLINE HWY", "CITY": "BATON ROUGE", "JURISDICTION": "EBRP", "STATE": "LOUISIANA", "COUNTRY": "UNITED STATES", "ZIP": 70817, "ADDRESS_AUTHORITY": "PARISH", "ABC": "YES", "BUSINESS_NAICS_CODE": 446110, "PHONE_NUMBER": "225-752-2159", "WEBSITE": "http://walgreens.com/", "LATITUDE": 30, "LONGITUDE": -91 }, "geometry": { "type": "Point", "coordinates": [ -91.007213574991098, 30.359408225783099 ] } },
{ "type": "Feature", "properties": { "ADDRESS_ID": 35993, "BUSINESS_ID": 26461, "BUSINESS_NAME": "CHILIS GRILL & BAR", "FULL_ADDRESS": "1615 MILLERVILLE RD", "CITY": "BATON ROUGE", "JURISDICTION": "EBRP", "STATE": "LOUISIANA", "COUNTRY": "UNITED STATES", "ZIP": 70816, "ADDRESS_AUTHORITY": "PARISH", "ABC": "YES", "BUSINESS_NAICS_CODE": 722000, "PHONE_NUMBER": null, "WEBSITE": null, "LATITUDE": 30, "LONGITUDE": -91 }, "geometry": { "type": "Point", "coordinates": [ -91.024036186755481, 30.445480484086502 ] } },
{ "type": "Feature", "properties": { "ADDRESS_ID": 36492, "BUSINESS_ID": 48110, "BUSINESS_NAME": "CATERING CAJUN OF LOUISIANA", "FULL_ADDRESS": "1625 N AIRWAY DR", "CITY": "BATON ROUGE", "JURISDICTION": "EBRP", "STATE": "LOUISIANA", "COUNTRY": "UNITED STATES", "ZIP": 70815, "ADDRESS_AUTHORITY": "BATON ROUGE", "ABC": "YES", "BUSINESS_NAICS_CODE": 722000, "PHONE_NUMBER": null, "WEBSITE": null, "LATITUDE": 30, "LONGITUDE": -91 }, "geometry": { "type": "Point", "coordinates": [ -91.09899673647422, 30.463721774218993 ] } },
{ "type": "Feature", "properties": { "ADDRESS_ID": 37412, "BUSINESS_ID": 67452, "BUSINESS_NAME": "ELEMENT BATON ROUGE", "FULL_ADDRESS": "1642 CARVER ST", "CITY": "BATON ROUGE", "JURISDICTION": "EBRP", "STATE": "LOUISIANA", "COUNTRY": "UNITED STATES", "ZIP": 70807, "ADDRESS_AUTHORITY": "BATON ROUGE", "ABC": "YES", "BUSINESS_NAICS_CODE": 721000, "PHONE_NUMBER": null, "WEBSITE": null, "LATITUDE": 31, "LONGITUDE": -91 }, "geometry": { "type": "Point", "coordinates": [ -91.176493051033617, 30.530691757497404 ] } },
{ "type": "Feature", "properties": { "ADDRESS_ID": 37514, "BUSINESS_ID": 59984, "BUSINESS_NAME": "P2K LLC", "FULL_ADDRESS": "1643 N ACADIAN THWY E", "CITY": "BATON ROUGE", "JURISDICTION": "EBRP", "STATE": "LOUISIANA", "COUNTRY": "UNITED STATES", "ZIP": 70802, "ADDRESS_AUTHORITY": "BATON ROUGE", "ABC": "YES", "BUSINESS_NAICS_CODE": 722000, "PHONE_NUMBER": null, "WEBSITE": null, "LATITUDE": 30, "LONGITUDE": -91 }, "geometry": { "type": "Point", "coordinates": [ -91.155574447671952, 30.463061295960269 ] } },
{ "type": "Feature", "properties": { "ADDRESS_ID": 37607, "BUSINESS_ID": 26600, "BUSINESS_NAME": "CIRCLE K STORES #2707750", "FULL_ADDRESS": "1644 NICHOLSON DR", "CITY": "BATON ROUGE", "JURISDICTION": "EBRP", "STATE": "LOUISIANA", "COUNTRY": "UNITED STATES", "ZIP": 70802, "ADDRESS_AUTHORITY": "BATON ROUGE", "ABC": "YES", "BUSINESS_NAICS_CODE": 447000, "PHONE_NUMBER": null, "WEBSITE": "http://circlek.com/", "LATITUDE": 30, "LONGITUDE": -91 }, "geometry": { "type": "Point", "coordinates": [ -91.188079511511319, 30.432095586468296 ] } },
{ "type": "Feature", "properties": { "ADDRESS_ID": 37611, "BUSINESS_ID": 39865, "BUSINESS_NAME": "BATON ROUGE SEAFOOD AND DELI", "FULL_ADDRESS": "1644 N SHERWOOD FOREST DR", "CITY": "BATON ROUGE", "JURISDICTION": "EBRP", "STATE": "LOUISIANA", "COUNTRY": "UNITED STATES", "ZIP": 70815, "ADDRESS_AUTHORITY": "BATON ROUGE", "ABC": "YES", "BUSINESS_NAICS_CODE": 722000, "PHONE_NUMBER": null, "WEBSITE": null, "LATITUDE": 30, "LONGITUDE": -91 }, "geometry": { "type": "Point", "coordinates": [ -91.057753599519287, 30.463654540462684 ] } },
{ "type": "Feature", "properties": { "ADDRESS_ID": 37860, "BUSINESS_ID": 46402, "BUSINESS_NAME": "RACETRAC #2405", "FULL_ADDRESS": "1649 O'NEAL LN", "CITY": "BATON ROUGE", "JURISDICTION": "EBRP", "STATE": "LOUISIANA", "COUNTRY": "UNITED STATES", "ZIP": 70816, "ADDRESS_AUTHORITY": "PARISH", "ABC": "YES", "BUSINESS_NAICS_CODE": 447000, "PHONE_NUMBER": null, "WEBSITE": null, "LATITUDE": 30, "LONGITUDE": -91 }, "geometry": { "type": "Point", "coordinates": [ -91.007215225393097, 30.445823294580919 ] } },
{ "type": "Feature", "properties": { "ADDRESS_ID": 38316, "BUSINESS_ID": 66619, "BUSINESS_NAME": "TOWN LIQUOR & BEER", "FULL_ADDRESS": "16565 GEORGE O'NEAL RD", "CITY": "BATON ROUGE", "JURISDICTION": "EBRP", "STATE": "LOUISIANA", "COUNTRY": "UNITED STATES", "ZIP": 70817, "ADDRESS_AUTHORITY": "PARISH", "ABC": "YES", "BUSINESS_NAICS_CODE": 445000, "PHONE_NUMBER": null, "WEBSITE": null, "LATITUDE": 30, "LONGITUDE": -91 }, "geometry": { "type": "Point", "coordinates": [ -91.002064582651329, 30.40726693682641 ] } },
{ "type": "Feature", "properties": { "ADDRESS_ID": 38831, "BUSINESS_ID": 33912, "BUSINESS_NAME": "PETES TAVERN OF BATON ROUGE", "FULL_ADDRESS": "16705 FLORIDA BLVD", "CITY": "BATON ROUGE", "JURISDICTION": "EBRP", "STATE": "LOUISIANA", "COUNTRY": "UNITED STATES", "ZIP": 70819, "ADDRESS_AUTHORITY": "BATON ROUGE", "ABC": "YES", "BUSINESS_NAICS_CODE": 722000, "PHONE_NUMBER": null, "WEBSITE": null, "LATITUDE": 30, "LONGITUDE": -91 }, "geometry": { "type": "Point", "coordinates": [ -91.00361368052728, 30.46791983325252 ] } },
{ "type": "Feature", "properties": { "ADDRESS_ID": 39942, "BUSINESS_ID": 38674, "BUSINESS_NAME": "TEDDYS BAR & LOUNGE", "FULL_ADDRESS": "17001 OLD SCENIC HWY", "CITY": "ZACHARY", "JURISDICTION": "EBRP", "STATE": "LOUISIANA", "COUNTRY": "UNITED STATES", "ZIP": 70791, "ADDRESS_AUTHORITY": "PARISH", "ABC": "YES", "BUSINESS_NAICS_CODE": 722000, "PHONE_NUMBER": null, "WEBSITE": null, "LATITUDE": 31, "LONGITUDE": -91 }, "geometry": { "type": "Point", "coordinates": [ -91.203261428983566, 30.613276273171735 ] } },
{ "type": "Feature", "properties": { "ADDRESS_ID": 40007, "BUSINESS_ID": 60492, "BUSINESS_NAME": "MEMORIAL FOOTBALL STADIUM", "FULL_ADDRESS": "1702 FOSS ST", "CITY": "BATON ROUGE", "JURISDICTION": "EBRP", "STATE": "LOUISIANA", "COUNTRY": "UNITED STATES", "ZIP": 70802, "ADDRESS_AUTHORITY": "BATON ROUGE", "ABC": "YES", "BUSINESS_NAICS_CODE": null, "PHONE_NUMBER": null, "WEBSITE": null, "LATITUDE": 30, "LONGITUDE": -91 }, "geometry": { "type": "Point", "coordinates": [ -91.172474665487911, 30.458768838995137 ] } },
{ "type": "Feature", "properties": { "ADDRESS_ID": 40276, "BUSINESS_ID": 43448, "BUSINESS_NAME": "JASMIN FOOD MART", "FULL_ADDRESS": "1710 N SHERWOOD FOREST DR", "CITY": "BATON ROUGE", "JURISDICTION": "EBRP", "STATE": "LOUISIANA", "COUNTRY": "UNITED STATES", "ZIP": 70815, "ADDRESS_AUTHORITY": "BATON ROUGE", "ABC": "YES", "BUSINESS_NAICS_CODE": 453000, "PHONE_NUMBER": null, "WEBSITE": null, "LATITUDE": 30, "LONGITUDE": -91 }, "geometry": { "type": "Point", "coordinates": [ -91.057668063866402, 30.464094060542291 ] } },
{ "type": "Feature", "properties": { "ADDRESS_ID": 40670, "BUSINESS_ID": 1854, "BUSINESS_NAME": "HOLLYWOOD CASINO", "FULL_ADDRESS": "1717 N RIVER RD", "CITY": "BATON ROUGE", "JURISDICTION": "EBRP", "STATE": "LOUISIANA", "COUNTRY": "UNITED STATES", "ZIP": 70802, "ADDRESS_AUTHORITY": "BATON ROUGE", "ABC": "YES", "BUSINESS_NAICS_CODE": 713210, "PHONE_NUMBER": null, "WEBSITE": null, "LATITUDE": 30, "LONGITUDE": -91 }, "geometry": { "type": "Point", "coordinates": [ -91.191424350599149, 30.459698612474003 ] } },
{ "type": "Feature", "properties": { "ADDRESS_ID": 41392, "BUSINESS_ID": 23767, "BUSINESS_NAME": "ACADIAN HARDWARE & GROCERY", "FULL_ADDRESS": "1733 N ACADIAN THWY W", "CITY": "BATON ROUGE", "JURISDICTION": "EBRP", "STATE": "LOUISIANA", "COUNTRY": "UNITED STATES", "ZIP": 70802, "ADDRESS_AUTHORITY": "BATON ROUGE", "ABC": "YES", "BUSINESS_NAICS_CODE": 444000, "PHONE_NUMBER": null, "WEBSITE": null, "LATITUDE": 30, "LONGITUDE": -91 }, "geometry": { "type": "Point", "coordinates": [ -91.156441446801693, 30.463717408135579 ] } },
{ "type": "Feature", "properties": { "ADDRESS_ID": 42220, "BUSINESS_ID": 37491, "BUSINESS_NAME": "TRACTION C S E & W", "FULL_ADDRESS": "17475 OPPORTUNITY AVE", "CITY": "BATON ROUGE", "JURISDICTION": "EBRP", "STATE": "LOUISIANA", "COUNTRY": "UNITED STATES", "ZIP": 70817, "ADDRESS_AUTHORITY": "PARISH", "ABC": "YES", "BUSINESS_NAICS_CODE": 453000, "PHONE_NUMBER": null, "WEBSITE": null, "LATITUDE": 30, "LONGITUDE": -91 }, "geometry": { "type": "Point", "coordinates": [ -90.99791012394688, 30.354473143595246 ] } },
{ "type": "Feature", "properties": { "ADDRESS_ID": 42950, "BUSINESS_ID": 25747, "BUSINESS_NAME": "B'S SEAFOOD & DELI", "FULL_ADDRESS": "1760 PLANK RD", "CITY": "BATON ROUGE", "JURISDICTION": "EBRP", "STATE": "LOUISIANA", "COUNTRY": "UNITED STATES", "ZIP": 70802, "ADDRESS_AUTHORITY": "BATON ROUGE", "ABC": "YES", "BUSINESS_NAICS_CODE": 445000, "PHONE_NUMBER": null, "WEBSITE": null, "LATITUDE": 30, "LONGITUDE": -91 }, "geometry": { "type": "Point", "coordinates": [ -91.165464852181813, 30.464184524682675 ] } },
{ "type": "Feature", "properties": { "ADDRESS_ID": 43942, "BUSINESS_ID": 27023, "BUSINESS_NAME": "COUNTRY CLUB TEXACO", "FULL_ADDRESS": "17752 HIGHLAND RD", "CITY": "BATON ROUGE", "JURISDICTION": "EBRP", "STATE": "LOUISIANA", "COUNTRY": "UNITED STATES", "ZIP": 70810, "ADDRESS_AUTHORITY": "PARISH", "ABC": "YES", "BUSINESS_NAICS_CODE": 447000, "PHONE_NUMBER": null, "WEBSITE": null, "LATITUDE": 30, "LONGITUDE": -91 }, "geometry": { "type": "Point", "coordinates": [ -91.030939657211633, 30.344592597582146 ] } },
{ "type": "Feature", "properties": { "ADDRESS_ID": 44564, "BUSINESS_ID": 32964, "BUSINESS_NAME": "MOMS SEAFOOD & DELI", "FULL_ADDRESS": "1792 N FOSTER DR", "CITY": "BATON ROUGE", "JURISDICTION": "EBRP", "STATE": "LOUISIANA", "COUNTRY": "UNITED STATES", "ZIP": 70806, "ADDRESS_AUTHORITY": "BATON ROUGE", "ABC": "YES", "BUSINESS_NAICS_CODE": 453000, "PHONE_NUMBER": null, "WEBSITE": null, "LATITUDE": 30, "LONGITUDE": -91 }, "geometry": { "type": "Point", "coordinates": [ -91.13942560759024, 30.464845798401903 ] } },
{ "type": "Feature", "properties": { "ADDRESS_ID": 44790, "BUSINESS_ID": 37472, "BUSINESS_NAME": "TOWN SOUTH FOOD MART", "FULL_ADDRESS": "1801 STARING LN", "CITY": "BATON ROUGE", "JURISDICTION": "EBRP", "STATE": "LOUISIANA", "COUNTRY": "UNITED STATES", "ZIP": 70808, "ADDRESS_AUTHORITY": "BATON ROUGE", "ABC": "YES", "BUSINESS_NAICS_CODE": 447000, "PHONE_NUMBER": null, "WEBSITE": null, "LATITUDE": 30, "LONGITUDE": -91 }, "geometry": { "type": "Point", "coordinates": [ -91.112134085064653, 30.390883882633169 ] } },
{ "type": "Feature", "properties": { "ADDRESS_ID": 45039, "BUSINESS_ID": 26597, "BUSINESS_NAME": "CIRCLE K STORE #2707660", "FULL_ADDRESS": "18051 PERKINS RD E", "CITY": "BATON ROUGE", "JURISDICTION": "EBRP", "STATE": "LOUISIANA", "COUNTRY": "UNITED STATES", "ZIP": 70810, "ADDRESS_AUTHORITY": "PARISH", "ABC": "YES", "BUSINESS_NAICS_CODE": 447000, "PHONE_NUMBER": null, "WEBSITE": "http://circlek.com/", "LATITUDE": 30, "LONGITUDE": -91 }, "geometry": { "type": "Point", "coordinates": [ -91.026592720776435, 30.348064994540746 ] } },
{ "type": "Feature", "properties": { "ADDRESS_ID": 45617, "BUSINESS_ID": 3246, "BUSINESS_NAME": "ON THE RUN #14", "FULL_ADDRESS": "18211 JEFFERSON HWY", "CITY": "BATON ROUGE", "JURISDICTION": "EBRP", "STATE": "LOUISIANA", "COUNTRY": "UNITED STATES", "ZIP": 70817, "ADDRESS_AUTHORITY": "PARISH", "ABC": "YES", "BUSINESS_NAICS_CODE": 447110, "PHONE_NUMBER": null, "WEBSITE": null, "LATITUDE": 30, "LONGITUDE": -91 }, "geometry": { "type": "Point", "coordinates": [ -90.99208624332563, 30.355346079963496 ] } },
{ "type": "Feature", "properties": { "ADDRESS_ID": 46195, "BUSINESS_ID": 61689, "BUSINESS_NAME": "BURGERSMITH", "FULL_ADDRESS": "18303 PERKINS RD E", "CITY": "BATON ROUGE", "JURISDICTION": "EBRP", "STATE": "LOUISIANA", "COUNTRY": "UNITED STATES", "ZIP": 70810, "ADDRESS_AUTHORITY": "PARISH", "ABC": "YES", "BUSINESS_NAICS_CODE": null, "PHONE_NUMBER": null, "WEBSITE": null, "LATITUDE": 30, "LONGITUDE": -91 }, "geometry": { "type": "Point", "coordinates": [ -91.023705041651766, 30.347642258724303 ] } },
{ "type": "Feature", "properties": { "ADDRESS_ID": 46528, "BUSINESS_ID": 27022, "BUSINESS_NAME": "COUNTRY CLUB OF LOUISIANA", "FULL_ADDRESS": "18400 BOULEVARD LOUISIANE", "CITY": "BATON ROUGE", "JURISDICTION": "EBRP", "STATE": "LOUISIANA", "COUNTRY": "UNITED STATES", "ZIP": 70810, "ADDRESS_AUTHORITY": "PARISH", "ABC": "YES", "BUSINESS_NAICS_CODE": 722000, "PHONE_NUMBER": null, "WEBSITE": null, "LATITUDE": 30, "LONGITUDE": -91 }, "geometry": { "type": "Point", "coordinates": [ -91.029925151320185, 30.334510286213145 ] } },
{ "type": "Feature", "properties": { "ADDRESS_ID": 48552, "BUSINESS_ID": 26566, "BUSINESS_NAME": "CIRCLE K #4765", "FULL_ADDRESS": "1910 BRIGHTSIDE DR", "CITY": "BATON ROUGE", "JURISDICTION": "EBRP", "STATE": "LOUISIANA", "COUNTRY": "UNITED STATES", "ZIP": 70820, "ADDRESS_AUTHORITY": "BATON ROUGE", "ABC": "YES", "BUSINESS_NAICS_CODE": 447000, "PHONE_NUMBER": "225-766-7183", "WEBSITE": "http://circlek.com/", "LATITUDE": 30, "LONGITUDE": -91 }, "geometry": { "type": "Point", "coordinates": [ -91.179253472907916, 30.388428208211675 ] } },
{ "type": "Feature", "properties": { "ADDRESS_ID": 48787, "BUSINESS_ID": 33910, "BUSINESS_NAME": "PETERS GROCERY", "FULL_ADDRESS": "1915 SCENIC HWY", "CITY": "BATON ROUGE", "JURISDICTION": "EBRP", "STATE": "LOUISIANA", "COUNTRY": "UNITED STATES", "ZIP": 70802, "ADDRESS_AUTHORITY": "BATON ROUGE", "ABC": "YES", "BUSINESS_NAICS_CODE": 445110, "PHONE_NUMBER": "225-346-6868", "WEBSITE": null, "LATITUDE": 30, "LONGITUDE": -91 }, "geometry": { "type": "Point", "coordinates": [ -91.168180143744266, 30.465118772852907 ] } },
{ "type": "Feature", "properties": { "ADDRESS_ID": 48814, "BUSINESS_ID": 28036, "BUSINESS_NAME": "DUGEES LOUNGE LLC", "FULL_ADDRESS": "1916 DALLAS DR", "CITY": "BATON ROUGE", "JURISDICTION": "EBRP", "STATE": "LOUISIANA", "COUNTRY": "UNITED STATES", "ZIP": 70806, "ADDRESS_AUTHORITY": "BATON ROUGE", "ABC": "YES", "BUSINESS_NAICS_CODE": 722000, "PHONE_NUMBER": null, "WEBSITE": null, "LATITUDE": 30, "LONGITUDE": -91 }, "geometry": { "type": "Point", "coordinates": [ -91.110855554816098, 30.467338997523683 ] } },
{ "type": "Feature", "properties": { "ADDRESS_ID": 49052, "BUSINESS_ID": 2445, "BUSINESS_NAME": "COUNTRY CORNER GROCERY", "FULL_ADDRESS": "1923 PERKINS RD", "CITY": "BATON ROUGE", "JURISDICTION": "EBRP", "STATE": "LOUISIANA", "COUNTRY": "UNITED STATES", "ZIP": 70808, "ADDRESS_AUTHORITY": "BATON ROUGE", "ABC": "YES", "BUSINESS_NAICS_CODE": 445120, "PHONE_NUMBER": null, "WEBSITE": null, "LATITUDE": 30, "LONGITUDE": -91 }, "geometry": { "type": "Point", "coordinates": [ -91.161565301444639, 30.431722972960976 ] } },
{ "type": "Feature", "properties": { "ADDRESS_ID": 50151, "BUSINESS_ID": 33160, "BUSINESS_NAME": "NAT. ASSOC OF LETTER CARRIERS", "FULL_ADDRESS": "1953 BEAUMONT DR", "CITY": "BATON ROUGE", "JURISDICTION": "EBRP", "STATE": "LOUISIANA", "COUNTRY": "UNITED STATES", "ZIP": 70806, "ADDRESS_AUTHORITY": "BATON ROUGE", "ABC": "YES", "BUSINESS_NAICS_CODE": 815000, "PHONE_NUMBER": null, "WEBSITE": null, "LATITUDE": 30, "LONGITUDE": -91 }, "geometry": { "type": "Point", "coordinates": [ -91.110507071119144, 30.468114077941348 ] } },
{ "type": "Feature", "properties": { "ADDRESS_ID": 50363, "BUSINESS_ID": 63181, "BUSINESS_NAME": "MAGNOLIA & COMPANY LLC", "FULL_ADDRESS": "1960 S FLANNERY RD", "CITY": "BATON ROUGE", "JURISDICTION": "EBRP", "STATE": "LOUISIANA", "COUNTRY": "UNITED STATES", "ZIP": 70816, "ADDRESS_AUTHORITY": "PARISH", "ABC": "YES", "BUSINESS_NAICS_CODE": 448000, "PHONE_NUMBER": null, "WEBSITE": null, "LATITUDE": 30, "LONGITUDE": -91 }, "geometry": { "type": "Point", "coordinates": [ -91.027091210827223, 30.444181780773892 ] } },
{ "type": "Feature", "properties": { "ADDRESS_ID": 51040, "BUSINESS_ID": 30168, "BUSINESS_NAME": "HOTEL INDIGO BATON ROUGE DOWNTOWN", "FULL_ADDRESS": "200 CONVENTION ST", "CITY": "BATON ROUGE", "JURISDICTION": "EBRP", "STATE": "LOUISIANA", "COUNTRY": "UNITED STATES", "ZIP": 70801, "ADDRESS_AUTHORITY": "BATON ROUGE", "ABC": "YES", "BUSINESS_NAICS_CODE": 721000, "PHONE_NUMBER": null, "WEBSITE": null, "LATITUDE": 30, "LONGITUDE": -91 }, "geometry": { "type": "Point", "coordinates": [ -91.189309418061285, 30.448400599150535 ] } },
{ "type": "Feature", "properties": { "ADDRESS_ID": 51076, "BUSINESS_ID": 38066, "BUSINESS_NAME": "WALGREENS #07440", "FULL_ADDRESS": "2001 O'NEAL LN", "CITY": "BATON ROUGE", "JURISDICTION": "EBRP", "STATE": "LOUISIANA", "COUNTRY": "UNITED STATES", "ZIP": 70816, "ADDRESS_AUTHORITY": "PARISH", "ABC": "YES", "BUSINESS_NAICS_CODE": 446110, "PHONE_NUMBER": "225-756-8536", "WEBSITE": "http://walgreens.com/", "LATITUDE": 30, "LONGITUDE": -91 }, "geometry": { "type": "Point", "coordinates": [ -91.006779386585777, 30.439282280509286 ] } },
{ "type": "Feature", "properties": { "ADDRESS_ID": 51129, "BUSINESS_ID": 24397, "BUSINESS_NAME": "ANN'S GROCERY", "FULL_ADDRESS": "2004 PLANK RD", "CITY": "BATON ROUGE", "JURISDICTION": "EBRP", "STATE": "LOUISIANA", "COUNTRY": "UNITED STATES", "ZIP": 70802, "ADDRESS_AUTHORITY": "BATON ROUGE", "ABC": "YES", "BUSINESS_NAICS_CODE": 445110, "PHONE_NUMBER": "225-344-4670", "WEBSITE": null, "LATITUDE": 30, "LONGITUDE": -91 }, "geometry": { "type": "Point", "coordinates": [ -91.164661027782515, 30.466057443175874 ] } },
{ "type": "Feature", "properties": { "ADDRESS_ID": 52415, "BUSINESS_ID": 14733, "BUSINESS_NAME": "POOR BOY LLOYD'S", "FULL_ADDRESS": "201 FLORIDA ST", "CITY": "BATON ROUGE", "JURISDICTION": "EBRP", "STATE": "LOUISIANA", "COUNTRY": "UNITED STATES", "ZIP": 70801, "ADDRESS_AUTHORITY": "BATON ROUGE", "ABC": "YES", "BUSINESS_NAICS_CODE": 722110, "PHONE_NUMBER": null, "WEBSITE": null, "LATITUDE": 30, "LONGITUDE": -91 }, "geometry": { "type": "Point", "coordinates": [ -91.18931133651509, 30.449412159781993 ] } },
{ "type": "Feature", "properties": { "ADDRESS_ID": 52892, "BUSINESS_ID": 27987, "BUSINESS_NAME": "DREAMS", "FULL_ADDRESS": "2083 DALLAS DR", "CITY": "BATON ROUGE", "JURISDICTION": "EBRP", "STATE": "LOUISIANA", "COUNTRY": "UNITED STATES", "ZIP": 70806, "ADDRESS_AUTHORITY": "BATON ROUGE", "ABC": "YES", "BUSINESS_NAICS_CODE": 722000, "PHONE_NUMBER": null, "WEBSITE": null, "LATITUDE": 30, "LONGITUDE": -91 }, "geometry": { "type": "Point", "coordinates": [ -91.11290348435476, 30.469057749542461 ] } },
{ "type": "Feature", "properties": { "ADDRESS_ID": 52942, "BUSINESS_ID": 5217, "BUSINESS_NAME": "LOUIE'S CAFÉ", "FULL_ADDRESS": "209 W STATE ST", "CITY": "BATON ROUGE", "JURISDICTION": "EBRP", "STATE": "LOUISIANA", "COUNTRY": "UNITED STATES", "ZIP": 70802, "ADDRESS_AUTHORITY": "BATON ROUGE", "ABC": "YES", "BUSINESS_NAICS_CODE": 722110, "PHONE_NUMBER": null, "WEBSITE": null, "LATITUDE": 30, "LONGITUDE": -91 }, "geometry": { "type": "Point", "coordinates": [ -91.177857978866086, 30.418007691220787 ] } },
{ "type": "Feature", "properties": { "ADDRESS_ID": 53275, "BUSINESS_ID": 38736, "BUSINESS_NAME": "CORTEZ BUSINESS OF ART", "FULL_ADDRESS": "2112 N FOSTER DR", "CITY": "BATON ROUGE", "JURISDICTION": "EBRP", "STATE": "LOUISIANA", "COUNTRY": "UNITED STATES", "ZIP": 70806, "ADDRESS_AUTHORITY": "BATON ROUGE", "ABC": "YES", "BUSINESS_NAICS_CODE": 448000, "PHONE_NUMBER": null, "WEBSITE": null, "LATITUDE": 30, "LONGITUDE": -91 }, "geometry": { "type": "Point", "coordinates": [ -91.139464446181179, 30.46802225042298 ] } },
{ "type": "Feature", "properties": { "ADDRESS_ID": 54394, "BUSINESS_ID": 10566, "BUSINESS_NAME": "FUEL ZONE", "FULL_ADDRESS": "2147 STARING LN", "CITY": "BATON ROUGE", "JURISDICTION": "EBRP", "STATE": "LOUISIANA", "COUNTRY": "UNITED STATES", "ZIP": 70808, "ADDRESS_AUTHORITY": "BATON ROUGE", "ABC": "YES", "BUSINESS_NAICS_CODE": null, "PHONE_NUMBER": null, "WEBSITE": null, "LATITUDE": 30, "LONGITUDE": -91 }, "geometry": { "type": "Point", "coordinates": [ -91.110628371511936, 30.3941550468626 ] } },
{ "type": "Feature", "properties": { "ADDRESS_ID": 54681, "BUSINESS_ID": 34997, "BUSINESS_NAME": "WALGREENS #17647", "FULL_ADDRESS": "2159 STARING LN", "CITY": "BATON ROUGE", "JURISDICTION": "EBRP", "STATE": "LOUISIANA", "COUNTRY": "UNITED STATES", "ZIP": 70808, "ADDRESS_AUTHORITY": "BATON ROUGE", "ABC": "YES", "BUSINESS_NAICS_CODE": 446000, "PHONE_NUMBER": null, "WEBSITE": "https://walgreens.com/", "LATITUDE": 30, "LONGITUDE": -91 }, "geometry": { "type": "Point", "coordinates": [ -91.110296552021481, 30.394666543613688 ] } },
{ "type": "Feature", "properties": { "ADDRESS_ID": 54732, "BUSINESS_ID": 60481, "BUSINESS_NAME": "MAGNOLIA MOUND PLANTATION", "FULL_ADDRESS": "2161 NICHOLSON DR", "CITY": "BATON ROUGE", "JURISDICTION": "EBRP", "STATE": "LOUISIANA", "COUNTRY": "UNITED STATES", "ZIP": 70802, "ADDRESS_AUTHORITY": "BATON ROUGE", "ABC": "YES", "BUSINESS_NAICS_CODE": null, "PHONE_NUMBER": null, "WEBSITE": null, "LATITUDE": 30, "LONGITUDE": -91 }, "geometry": { "type": "Point", "coordinates": [ -91.187249245566065, 30.426282720136925 ] } },
{ "type": "Feature", "properties": { "ADDRESS_ID": 54916, "BUSINESS_ID": 38059, "BUSINESS_NAME": "WAL MART SUPERCENTER #1266", "FULL_ADDRESS": "2171 O'NEAL LN", "CITY": "BATON ROUGE", "JURISDICTION": "EBRP", "STATE": "LOUISIANA", "COUNTRY": "UNITED STATES", "ZIP": 70816, "ADDRESS_AUTHORITY": "PARISH", "ABC": "YES", "BUSINESS_NAICS_CODE": 445110, "PHONE_NUMBER": "225-751-3505", "WEBSITE": "http://walmart.com/", "LATITUDE": 30, "LONGITUDE": -91 }, "geometry": { "type": "Point", "coordinates": [ -91.005305200039459, 30.437612642794413 ] } },
{ "type": "Feature", "properties": { "ADDRESS_ID": 55062, "BUSINESS_ID": 35471, "BUSINESS_NAME": "SAVE MORE MARKET #2", "FULL_ADDRESS": "2180 LOBDELL BLVD", "CITY": "BATON ROUGE", "JURISDICTION": "EBRP", "STATE": "LOUISIANA", "COUNTRY": "UNITED STATES", "ZIP": 70806, "ADDRESS_AUTHORITY": "BATON ROUGE", "ABC": "YES", "BUSINESS_NAICS_CODE": 445110, "PHONE_NUMBER": "225-924-3927", "WEBSITE": null, "LATITUDE": 30, "LONGITUDE": -91 }, "geometry": { "type": "Point", "coordinates": [ -91.120437241452052, 30.468726034876951 ] } },
{ "type": "Feature", "properties": { "ADDRESS_ID": 55097, "BUSINESS_ID": 7767, "BUSINESS_NAME": "SPLASH", "FULL_ADDRESS": "2183 HIGHLAND RD", "CITY": "BATON ROUGE", "JURISDICTION": "EBRP", "STATE": "LOUISIANA", "COUNTRY": "UNITED STATES", "ZIP": 70802, "ADDRESS_AUTHORITY": "BATON ROUGE", "ABC": "YES", "BUSINESS_NAICS_CODE": 423910, "PHONE_NUMBER": null, "WEBSITE": null, "LATITUDE": 30, "LONGITUDE": -91 }, "geometry": { "type": "Point", "coordinates": [ -91.180377776597396, 30.427142051608367 ] } },
{ "type": "Feature", "properties": { "ADDRESS_ID": 55264, "BUSINESS_ID": 15458, "BUSINESS_NAME": "DEANGELOS PIZZERIA CO.", "FULL_ADDRESS": "250 W LEE DR", "CITY": "BATON ROUGE", "JURISDICTION": "EBRP", "STATE": "LOUISIANA", "COUNTRY": "UNITED STATES", "ZIP": 70808, "ADDRESS_AUTHORITY": "BATON ROUGE", "ABC": "YES", "BUSINESS_NAICS_CODE": 722110, "PHONE_NUMBER": null, "WEBSITE": null, "LATITUDE": 30, "LONGITUDE": -91 }, "geometry": { "type": "Point", "coordinates": [ -91.161684476186011, 30.393283577661407 ] } },
{ "type": "Feature", "properties": { "ADDRESS_ID": 55326, "BUSINESS_ID": 26581, "BUSINESS_NAME": "CIRCLE K STORES, INC 2709720", "FULL_ADDRESS": "2205 S SHERWOOD FOREST BLVD", "CITY": "BATON ROUGE", "JURISDICTION": "EBRP", "STATE": "LOUISIANA", "COUNTRY": "UNITED STATES", "ZIP": 70816, "ADDRESS_AUTHORITY": "BATON ROUGE", "ABC": "YES", "BUSINESS_NAICS_CODE": 447000, "PHONE_NUMBER": "225-273-3521", "WEBSITE": "http://circlek.com/", "LATITUDE": 30, "LONGITUDE": -91 }, "geometry": { "type": "Point", "coordinates": [ -91.057117022212609, 30.432445181197977 ] } },
{ "type": "Feature", "properties": { "ADDRESS_ID": 55530, "BUSINESS_ID": 28171, "BUSINESS_NAME": "EASY STOP FOOD MART INC", "FULL_ADDRESS": "2712 FLORIDA ST", "CITY": "BATON ROUGE", "JURISDICTION": "EBRP", "STATE": "LOUISIANA", "COUNTRY": "UNITED STATES", "ZIP": 70806, "ADDRESS_AUTHORITY": "BATON ROUGE", "ABC": "YES", "BUSINESS_NAICS_CODE": 445000, "PHONE_NUMBER": null, "WEBSITE": null, "LATITUDE": 30, "LONGITUDE": -91 }, "geometry": { "type": "Point", "coordinates": [ -91.160688553105373, 30.449810749121546 ] } },
{ "type": "Feature", "properties": { "ADDRESS_ID": 55724, "BUSINESS_ID": 45386, "BUSINESS_NAME": "THE RIVER ROOM", "FULL_ADDRESS": "222 LAUREL ST", "CITY": "BATON ROUGE", "JURISDICTION": "EBRP", "STATE": "LOUISIANA", "COUNTRY": "UNITED STATES", "ZIP": 70801, "ADDRESS_AUTHORITY": "BATON ROUGE", "ABC": "YES", "BUSINESS_NAICS_CODE": 445000, "PHONE_NUMBER": null, "WEBSITE": null, "LATITUDE": 30, "LONGITUDE": -91 }, "geometry": { "type": "Point", "coordinates": [ -91.189066722416129, 30.450256076217066 ] } },
{ "type": "Feature", "properties": { "ADDRESS_ID": 55841, "BUSINESS_ID": 23765, "BUSINESS_NAME": "ACADIAN FOOD MART", "FULL_ADDRESS": "2223 N ACADIAN THWY W", "CITY": "BATON ROUGE", "JURISDICTION": "EBRP", "STATE": "LOUISIANA", "COUNTRY": "UNITED STATES", "ZIP": 70802, "ADDRESS_AUTHORITY": "BATON ROUGE", "ABC": "YES", "BUSINESS_NAICS_CODE": 445000, "PHONE_NUMBER": null, "WEBSITE": null, "LATITUDE": 30, "LONGITUDE": -91 }, "geometry": { "type": "Point", "coordinates": [ -91.156632110655622, 30.468159594363247 ] } },
{ "type": "Feature", "properties": { "ADDRESS_ID": 56512, "BUSINESS_ID": 67459, "BUSINESS_NAME": "GREENWELL SPEEDY", "FULL_ADDRESS": "2247 CULLY DR", "CITY": "BATON ROUGE", "JURISDICTION": "EBRP", "STATE": "LOUISIANA", "COUNTRY": "UNITED STATES", "ZIP": 70816, "ADDRESS_AUTHORITY": "PARISH", "ABC": "YES", "BUSINESS_NAICS_CODE": 445000, "PHONE_NUMBER": null, "WEBSITE": null, "LATITUDE": 30, "LONGITUDE": -91 }, "geometry": { "type": "Point", "coordinates": [ -90.999313212147513, 30.433238564776502 ] } },
{ "type": "Feature", "properties": { "ADDRESS_ID": 56715, "BUSINESS_ID": 26056, "BUSINESS_NAME": "CAPITOL CITY WHOLESALERS", "FULL_ADDRESS": "2255 N FOSTER DR", "CITY": "BATON ROUGE", "JURISDICTION": "EBRP", "STATE": "LOUISIANA", "COUNTRY": "UNITED STATES", "ZIP": 70802, "ADDRESS_AUTHORITY": "BATON ROUGE", "ABC": "YES", "BUSINESS_NAICS_CODE": 423000, "PHONE_NUMBER": null, "WEBSITE": null, "LATITUDE": 30, "LONGITUDE": -91 }, "geometry": { "type": "Point", "coordinates": [ -91.140066989456471, 30.469221650225155 ] } },
{ "type": "Feature", "properties": { "ADDRESS_ID": 57584, "BUSINESS_ID": 33630, "BUSINESS_NAME": "PALACE I INC", "FULL_ADDRESS": "2310 SCENIC HWY", "CITY": "BATON ROUGE", "JURISDICTION": "EBRP", "STATE": "LOUISIANA", "COUNTRY": "UNITED STATES", "ZIP": 70802, "ADDRESS_AUTHORITY": "BATON ROUGE", "ABC": "YES", "BUSINESS_NAICS_CODE": 722000, "PHONE_NUMBER": null, "WEBSITE": null, "LATITUDE": 30, "LONGITUDE": -91 }, "geometry": { "type": "Point", "coordinates": [ -91.167784270651978, 30.468691001313456 ] } },
{ "type": "Feature", "properties": { "ADDRESS_ID": 57638, "BUSINESS_ID": 30050, "BUSINESS_NAME": "HIT-N-RUN FOOD STORES #3", "FULL_ADDRESS": "2313 S ACADIAN THWY", "CITY": "BATON ROUGE", "JURISDICTION": "EBRP", "STATE": "LOUISIANA", "COUNTRY": "UNITED STATES", "ZIP": 70808, "ADDRESS_AUTHORITY": "BATON ROUGE", "ABC": "YES", "BUSINESS_NAICS_CODE": 447000, "PHONE_NUMBER": null, "WEBSITE": null, "LATITUDE": 30, "LONGITUDE": -91 }, "geometry": { "type": "Point", "coordinates": [ -91.150253395355364, 30.426309736662404 ] } },
{ "type": "Feature", "properties": { "ADDRESS_ID": 57885, "BUSINESS_ID": 32720, "BUSINESS_NAME": "MESTIZO INC", "FULL_ADDRESS": "2323 S ACADIAN THWY", "CITY": "BATON ROUGE", "JURISDICTION": "EBRP", "STATE": "LOUISIANA", "COUNTRY": "UNITED STATES", "ZIP": 70808, "ADDRESS_AUTHORITY": "BATON ROUGE", "ABC": "YES", "BUSINESS_NAICS_CODE": 722000, "PHONE_NUMBER": null, "WEBSITE": null, "LATITUDE": 30, "LONGITUDE": -91 }, "geometry": { "type": "Point", "coordinates": [ -91.150134633198533, 30.425609368360806 ] } },
{ "type": "Feature", "properties": { "ADDRESS_ID": 57914, "BUSINESS_ID": 36659, "BUSINESS_NAME": "T J RIBS INC", "FULL_ADDRESS": "2324 S ACADIAN THWY", "CITY": "BATON ROUGE", "JURISDICTION": "EBRP", "STATE": "LOUISIANA", "COUNTRY": "UNITED STATES", "ZIP": 70808, "ADDRESS_AUTHORITY": "BATON ROUGE", "ABC": "YES", "BUSINESS_NAICS_CODE": 722000, "PHONE_NUMBER": null, "WEBSITE": null, "LATITUDE": 30, "LONGITUDE": -91 }, "geometry": { "type": "Point", "coordinates": [ -91.151193534008272, 30.425551519134899 ] } },
{ "type": "Feature", "properties": { "ADDRESS_ID": 58125, "BUSINESS_ID": 26486, "BUSINESS_NAME": "CHIPPEWA SUPER STORE", "FULL_ADDRESS": "2332 CHIPPEWA ST", "CITY": "BATON ROUGE", "JURISDICTION": "EBRP", "STATE": "LOUISIANA", "COUNTRY": "UNITED STATES", "ZIP": 70805, "ADDRESS_AUTHORITY": "BATON ROUGE", "ABC": "YES", "BUSINESS_NAICS_CODE": 445110, "PHONE_NUMBER": "225-356-9288", "WEBSITE": null, "LATITUDE": 30, "LONGITUDE": -91 }, "geometry": { "type": "Point", "coordinates": [ -91.16609341301006, 30.472860610010972 ] } },
{ "type": "Feature", "properties": { "ADDRESS_ID": 58249, "BUSINESS_ID": 47228, "BUSINESS_NAME": "BIG EZ DISCOUNT", "FULL_ADDRESS": "2336 HIGHLAND RD", "CITY": "BATON ROUGE", "JURISDICTION": "EBRP", "STATE": "LOUISIANA", "COUNTRY": "UNITED STATES", "ZIP": 70802, "ADDRESS_AUTHORITY": "BATON ROUGE", "ABC": "YES", "BUSINESS_NAICS_CODE": 445000, "PHONE_NUMBER": null, "WEBSITE": null, "LATITUDE": 30, "LONGITUDE": -91 }, "geometry": { "type": "Point", "coordinates": [ -91.180287381266538, 30.425726411258466 ] } },
{ "type": "Feature", "properties": { "ADDRESS_ID": 58311, "BUSINESS_ID": 6727, "BUSINESS_NAME": "PRIDE ONE STOP", "FULL_ADDRESS": "23393 LIBERTY RD", "CITY": "PRIDE", "JURISDICTION": "EBRP", "STATE": "LOUISIANA", "COUNTRY": "UNITED STATES", "ZIP": 70770, "ADDRESS_AUTHORITY": "PARISH", "ABC": "YES", "BUSINESS_NAICS_CODE": 452000, "PHONE_NUMBER": null, "WEBSITE": null, "LATITUDE": 31, "LONGITUDE": -91 }, "geometry": { "type": "Point", "coordinates": [ -90.978809307925374, 30.693591807743324 ] } },
{ "type": "Feature", "properties": { "ADDRESS_ID": 58535, "BUSINESS_ID": 23506, "BUSINESS_NAME": "21ST CENTURY BAR AND LOUNGE", "FULL_ADDRESS": "2347 SCENIC HWY", "CITY": "BATON ROUGE", "JURISDICTION": "EBRP", "STATE": "LOUISIANA", "COUNTRY": "UNITED STATES", "ZIP": 70802, "ADDRESS_AUTHORITY": "BATON ROUGE", "ABC": "YES", "BUSINESS_NAICS_CODE": 722000, "PHONE_NUMBER": null, "WEBSITE": null, "LATITUDE": 30, "LONGITUDE": -91 }, "geometry": { "type": "Point", "coordinates": [ -91.168297740922455, 30.468994206519781 ] } },
{ "type": "Feature", "properties": { "ADDRESS_ID": 59050, "BUSINESS_ID": 36537, "BUSINESS_NAME": "SUPER LINE URBAN WEAR INC", "FULL_ADDRESS": "2382 LOBDELL BLVD", "CITY": "BATON ROUGE", "JURISDICTION": "EBRP", "STATE": "LOUISIANA", "COUNTRY": "UNITED STATES", "ZIP": 70805, "ADDRESS_AUTHORITY": "BATON ROUGE", "ABC": "YES", "BUSINESS_NAICS_CODE": 453000, "PHONE_NUMBER": null, "WEBSITE": null, "LATITUDE": 30, "LONGITUDE": -91 }, "geometry": { "type": "Point", "coordinates": [ -91.122304557471722, 30.471485425529387 ] } },
{ "type": "Feature", "properties": { "ADDRESS_ID": 59075, "BUSINESS_ID": 31053, "BUSINESS_NAME": "JUBILEE 2", "FULL_ADDRESS": "2385 COLLEGE DR", "CITY": "BATON ROUGE", "JURISDICTION": "EBRP", "STATE": "LOUISIANA", "COUNTRY": "UNITED STATES", "ZIP": 70808, "ADDRESS_AUTHORITY": "BATON ROUGE", "ABC": "YES", "BUSINESS_NAICS_CODE": 445000, "PHONE_NUMBER": null, "WEBSITE": null, "LATITUDE": 30, "LONGITUDE": -91 }, "geometry": { "type": "Point", "coordinates": [ -91.137081217654838, 30.425932052504034 ] } },
{ "type": "Feature", "properties": { "ADDRESS_ID": 59109, "BUSINESS_ID": 23161, "BUSINESS_NAME": "DANNYS 2 GO", "FULL_ADDRESS": "23896 ZACHARY-SLAUGHTER HWY", "CITY": "SLAUGHTER", "JURISDICTION": "EBRP", "STATE": "LOUISIANA", "COUNTRY": "UNITED STATES", "ZIP": 70777, "ADDRESS_AUTHORITY": "PARISH", "ABC": "YES", "BUSINESS_NAICS_CODE": 445000, "PHONE_NUMBER": null, "WEBSITE": null, "LATITUDE": 31, "LONGITUDE": -91 }, "geometry": { "type": "Point", "coordinates": [ -91.145924127532666, 30.700204600226318 ] } },
{ "type": "Feature", "properties": { "ADDRESS_ID": 59191, "BUSINESS_ID": 24218, "BUSINESS_NAME": "AM MART 2018", "FULL_ADDRESS": "2400 HIGHLAND RD", "CITY": "BATON ROUGE", "JURISDICTION": "EBRP", "STATE": "LOUISIANA", "COUNTRY": "UNITED STATES", "ZIP": 70802, "ADDRESS_AUTHORITY": "BATON ROUGE", "ABC": "YES", "BUSINESS_NAICS_CODE": 445000, "PHONE_NUMBER": null, "WEBSITE": null, "LATITUDE": 30, "LONGITUDE": -91 }, "geometry": { "type": "Point", "coordinates": [ -91.179807994232007, 30.424702729796714 ] } },
{ "type": "Feature", "properties": { "ADDRESS_ID": 59203, "BUSINESS_ID": 5360, "BUSINESS_NAME": "LTK SEAFOOD", "FULL_ADDRESS": "2401 SCENIC HWY", "CITY": "BATON ROUGE", "JURISDICTION": "EBRP", "STATE": "LOUISIANA", "COUNTRY": "UNITED STATES", "ZIP": 70802, "ADDRESS_AUTHORITY": "BATON ROUGE", "ABC": "YES", "BUSINESS_NAICS_CODE": 445220, "PHONE_NUMBER": null, "WEBSITE": null, "LATITUDE": 30, "LONGITUDE": -91 }, "geometry": { "type": "Point", "coordinates": [ -91.168876890118014, 30.469386545868957 ] } },
{ "type": "Feature", "properties": { "ADDRESS_ID": 59214, "BUSINESS_ID": 20867, "BUSINESS_NAME": "B & B EZ FOOD MART", "FULL_ADDRESS": "24021 PLANK RD", "CITY": "ZACHARY", "JURISDICTION": "EBRP", "STATE": "LOUISIANA", "COUNTRY": "UNITED STATES", "ZIP": 70791, "ADDRESS_AUTHORITY": "PARISH", "ABC": "YES", "BUSINESS_NAICS_CODE": 445120, "PHONE_NUMBER": null, "WEBSITE": null, "LATITUDE": 31, "LONGITUDE": -91 }, "geometry": { "type": "Point", "coordinates": [ -91.085219512336522, 30.701052252719652 ] } },
{ "type": "Feature", "properties": { "ADDRESS_ID": 59404, "BUSINESS_ID": 33576, "BUSINESS_NAME": "OUTBACK STEAKHOUSE", "FULL_ADDRESS": "2415 S ACADIAN THWY", "CITY": "BATON ROUGE", "JURISDICTION": "EBRP", "STATE": "LOUISIANA", "COUNTRY": "UNITED STATES", "ZIP": 70808, "ADDRESS_AUTHORITY": "BATON ROUGE", "ABC": "YES", "BUSINESS_NAICS_CODE": 722000, "PHONE_NUMBER": null, "WEBSITE": null, "LATITUDE": 30, "LONGITUDE": -91 }, "geometry": { "type": "Point", "coordinates": [ -91.150493015049747, 30.423146950191988 ] } },
{ "type": "Feature", "properties": { "ADDRESS_ID": 59525, "BUSINESS_ID": 27042, "BUSINESS_NAME": "COURTYARD BY MARRIOTT ESSEN LANE", "FULL_ADDRESS": "2421 S ACADIAN THWY", "CITY": "BATON ROUGE", "JURISDICTION": "EBRP", "STATE": "LOUISIANA", "COUNTRY": "UNITED STATES", "ZIP": 70808, "ADDRESS_AUTHORITY": "BATON ROUGE", "ABC": "YES", "BUSINESS_NAICS_CODE": 721000, "PHONE_NUMBER": null, "WEBSITE": null, "LATITUDE": 30, "LONGITUDE": -91 }, "geometry": { "type": "Point", "coordinates": [ -91.150080869036827, 30.423087820726131 ] } },
{ "type": "Feature", "properties": { "ADDRESS_ID": 60089, "BUSINESS_ID": 37430, "BUSINESS_NAME": "TOP TEN SOCIAL CLUB", "FULL_ADDRESS": "2453 N ACADIAN THWY W", "CITY": "BATON ROUGE", "JURISDICTION": "EBRP", "STATE": "LOUISIANA", "COUNTRY": "UNITED STATES", "ZIP": 70802, "ADDRESS_AUTHORITY": "BATON ROUGE", "ABC": "YES", "BUSINESS_NAICS_CODE": 722000, "PHONE_NUMBER": null, "WEBSITE": null, "LATITUDE": 30, "LONGITUDE": -91 }, "geometry": { "type": "Point", "coordinates": [ -91.1567535365688, 30.469691205292271 ] } },
{ "type": "Feature", "properties": { "ADDRESS_ID": 60617, "BUSINESS_ID": 16098, "BUSINESS_NAME": "GARDERE MEAT MARKET", "FULL_ADDRESS": "2509 GARDERE LN", "CITY": "BATON ROUGE", "JURISDICTION": "EBRP", "STATE": "LOUISIANA", "COUNTRY": "UNITED STATES", "ZIP": 70810, "ADDRESS_AUTHORITY": "PARISH", "ABC": "YES", "BUSINESS_NAICS_CODE": 445210, "PHONE_NUMBER": null, "WEBSITE": null, "LATITUDE": 30, "LONGITUDE": -91 }, "geometry": { "type": "Point", "coordinates": [ -91.133992648606011, 30.349544436468275 ] } },
{ "type": "Feature", "properties": { "ADDRESS_ID": 60659, "BUSINESS_ID": 27279, "BUSINESS_NAME": "CVS PHARMACY #5615", "FULL_ADDRESS": "2520 PLANK RD", "CITY": "BATON ROUGE", "JURISDICTION": "EBRP", "STATE": "LOUISIANA", "COUNTRY": "UNITED STATES", "ZIP": 70805, "ADDRESS_AUTHORITY": "BATON ROUGE", "ABC": "YES", "BUSINESS_NAICS_CODE": 446110, "PHONE_NUMBER": "225-357-1484", "WEBSITE": "http://cvs.com/", "LATITUDE": 30, "LONGITUDE": -91 }, "geometry": { "type": "Point", "coordinates": [ -91.162945530053548, 30.470406899389143 ] } },
{ "type": "Feature", "properties": { "ADDRESS_ID": 60661, "BUSINESS_ID": 35728, "BUSINESS_NAME": "SHERWOOD SHELL", "FULL_ADDRESS": "2510 S SHERWOOD FOREST BLVD", "CITY": "BATON ROUGE", "JURISDICTION": "EBRP", "STATE": "LOUISIANA", "COUNTRY": "UNITED STATES", "ZIP": 70816, "ADDRESS_AUTHORITY": "BATON ROUGE", "ABC": "YES", "BUSINESS_NAICS_CODE": 447000, "PHONE_NUMBER": null, "WEBSITE": null, "LATITUDE": 30, "LONGITUDE": -91 }, "geometry": { "type": "Point", "coordinates": [ -91.056226364620713, 30.428026686801005 ] } },
{ "type": "Feature", "properties": { "ADDRESS_ID": 60825, "BUSINESS_ID": 6407, "BUSINESS_NAME": "PASTIME RESTAURANT & LOUNGE", "FULL_ADDRESS": "252 SOUTH BLVD", "CITY": "BATON ROUGE", "JURISDICTION": "EBRP", "STATE": "LOUISIANA", "COUNTRY": "UNITED STATES", "ZIP": 70802, "ADDRESS_AUTHORITY": "BATON ROUGE", "ABC": "YES", "BUSINESS_NAICS_CODE": 722110, "PHONE_NUMBER": null, "WEBSITE": null, "LATITUDE": 30, "LONGITUDE": -91 }, "geometry": { "type": "Point", "coordinates": [ -91.187645067049701, 30.439366503676336 ] } },
{ "type": "Feature", "properties": { "ADDRESS_ID": 61570, "BUSINESS_ID": 35719, "BUSINESS_NAME": "SHERWOOD DISCOUNT MART", "FULL_ADDRESS": "2564 N SHERWOOD FOREST DR", "CITY": "BATON ROUGE", "JURISDICTION": "EBRP", "STATE": "LOUISIANA", "COUNTRY": "UNITED STATES", "ZIP": 70815, "ADDRESS_AUTHORITY": "BATON ROUGE", "ABC": "YES", "BUSINESS_NAICS_CODE": 445000, "PHONE_NUMBER": null, "WEBSITE": null, "LATITUDE": 30, "LONGITUDE": -91 }, "geometry": { "type": "Point", "coordinates": [ -91.057625116136293, 30.472175201700331 ] } },
{ "type": "Feature", "properties": { "ADDRESS_ID": 61645, "BUSINESS_ID": 37102, "BUSINESS_NAME": "THE PELICAN HOUSE", "FULL_ADDRESS": "2572 CITIPLACE CT", "CITY": "BATON ROUGE", "JURISDICTION": "EBRP", "STATE": "LOUISIANA", "COUNTRY": "UNITED STATES", "ZIP": 70808, "ADDRESS_AUTHORITY": "BATON ROUGE", "ABC": "YES", "BUSINESS_NAICS_CODE": 722000, "PHONE_NUMBER": null, "WEBSITE": null, "LATITUDE": 30, "LONGITUDE": -91 }, "geometry": { "type": "Point", "coordinates": [ -91.129174044093531, 30.422840473161813 ] } },
{ "type": "Feature", "properties": { "ADDRESS_ID": 61840, "BUSINESS_ID": 33506, "BUSINESS_NAME": "ONE STOP GROCERY & DISCOUNT LIQUOR", "FULL_ADDRESS": "2601 FLORIDA ST", "CITY": "BATON ROUGE", "JURISDICTION": "EBRP", "STATE": "LOUISIANA", "COUNTRY": "UNITED STATES", "ZIP": 70802, "ADDRESS_AUTHORITY": "BATON ROUGE", "ABC": "YES", "BUSINESS_NAICS_CODE": 445110, "PHONE_NUMBER": "225-338-1380", "WEBSITE": null, "LATITUDE": 30, "LONGITUDE": -91 }, "geometry": { "type": "Point", "coordinates": [ -91.161547780582069, 30.450305248130395 ] } },
{ "type": "Feature", "properties": { "ADDRESS_ID": 61903, "BUSINESS_ID": 2239, "BUSINESS_NAME": "CLUB RAGGS", "FULL_ADDRESS": "2605 PLANK RD", "CITY": "BATON ROUGE", "JURISDICTION": "EBRP", "STATE": "LOUISIANA", "COUNTRY": "UNITED STATES", "ZIP": 70805, "ADDRESS_AUTHORITY": "BATON ROUGE", "ABC": "YES", "BUSINESS_NAICS_CODE": 722410, "PHONE_NUMBER": null, "WEBSITE": null, "LATITUDE": 30, "LONGITUDE": -91 }, "geometry": { "type": "Point", "coordinates": [ -91.163342733949804, 30.471389055406696 ] } },
{ "type": "Feature", "properties": { "ADDRESS_ID": 61909, "BUSINESS_ID": 38176, "BUSINESS_NAME": "WELLER FOOD MART", "FULL_ADDRESS": "2605 WELLER AVE", "CITY": "BATON ROUGE", "JURISDICTION": "EBRP", "STATE": "LOUISIANA", "COUNTRY": "UNITED STATES", "ZIP": 70805, "ADDRESS_AUTHORITY": "BATON ROUGE", "ABC": "YES", "BUSINESS_NAICS_CODE": 445110, "PHONE_NUMBER": "225-358-0681", "WEBSITE": null, "LATITUDE": 30, "LONGITUDE": -91 }, "geometry": { "type": "Point", "coordinates": [ -91.163282195868447, 30.485767507913785 ] } },
{ "type": "Feature", "properties": { "ADDRESS_ID": 61930, "BUSINESS_ID": 1843, "BUSINESS_NAME": "CARUSO GROCERY", "FULL_ADDRESS": "2608 HIGHLAND RD", "CITY": "BATON ROUGE", "JURISDICTION": "EBRP", "STATE": "LOUISIANA", "COUNTRY": "UNITED STATES", "ZIP": 70802, "ADDRESS_AUTHORITY": "BATON ROUGE", "ABC": "YES", "BUSINESS_NAICS_CODE": 445110, "PHONE_NUMBER": "225-343-5736", "WEBSITE": null, "LATITUDE": 30, "LONGITUDE": -91 }, "geometry": { "type": "Point", "coordinates": [ -91.17919476193822, 30.423575440991215 ] } },
{ "type": "Feature", "properties": { "ADDRESS_ID": 62115, "BUSINESS_ID": 50626, "BUSINESS_NAME": "LOS ALVAREZ EXXPRESS LATIN FOOD", "FULL_ADDRESS": "262 W STATE ST", "CITY": "BATON ROUGE", "JURISDICTION": "EBRP", "STATE": "LOUISIANA", "COUNTRY": "UNITED STATES", "ZIP": 70802, "ADDRESS_AUTHORITY": "BATON ROUGE", "ABC": "YES", "BUSINESS_NAICS_CODE": 722000, "PHONE_NUMBER": null, "WEBSITE": null, "LATITUDE": 30, "LONGITUDE": -91 }, "geometry": { "type": "Point", "coordinates": [ -91.179100194289148, 30.418807227577446 ] } },
{ "type": "Feature", "properties": { "ADDRESS_ID": 62555, "BUSINESS_ID": 41557, "BUSINESS_NAME": "NORTH 38TH FOOD MART", "FULL_ADDRESS": "2645 N 38TH ST", "CITY": "BATON ROUGE", "JURISDICTION": "EBRP", "STATE": "LOUISIANA", "COUNTRY": "UNITED STATES", "ZIP": 70805, "ADDRESS_AUTHORITY": "BATON ROUGE", "ABC": "YES", "BUSINESS_NAICS_CODE": 445000, "PHONE_NUMBER": null, "WEBSITE": null, "LATITUDE": 30, "LONGITUDE": -91 }, "geometry": { "type": "Point", "coordinates": [ -91.152774503666137, 30.472180348090706 ] } },
{ "type": "Feature", "properties": { "ADDRESS_ID": 62595, "BUSINESS_ID": 25545, "BUSINESS_NAME": "BOUDREAUXS II INC", "FULL_ADDRESS": "2647 GOVERNMENT ST", "CITY": "BATON ROUGE", "JURISDICTION": "EBRP", "STATE": "LOUISIANA", "COUNTRY": "UNITED STATES", "ZIP": 70806, "ADDRESS_AUTHORITY": "BATON ROUGE", "ABC": "YES", "BUSINESS_NAICS_CODE": 722000, "PHONE_NUMBER": null, "WEBSITE": null, "LATITUDE": 30, "LONGITUDE": -91 }, "geometry": { "type": "Point", "coordinates": [ -91.160710869077164, 30.444207063270884 ] } },
{ "type": "Feature", "properties": { "ADDRESS_ID": 62766, "BUSINESS_ID": 66410, "BUSINESS_NAME": "FAST STOP", "FULL_ADDRESS": "266 SEYBURN DR", "CITY": "BATON ROUGE", "JURISDICTION": "EBRP", "STATE": "LOUISIANA", "COUNTRY": "UNITED STATES", "ZIP": 70808, "ADDRESS_AUTHORITY": "BATON ROUGE", "ABC": "YES", "BUSINESS_NAICS_CODE": 447000, "PHONE_NUMBER": null, "WEBSITE": null, "LATITUDE": 30, "LONGITUDE": -91 }, "geometry": { "type": "Point", "coordinates": [ -91.140476636816004, 30.381600753876459 ] } },
{ "type": "Feature", "properties": { "ADDRESS_ID": 62817, "BUSINESS_ID": 29242, "BUSINESS_NAME": "GENERAL GROCERY", "FULL_ADDRESS": "2665 SCENIC HWY", "CITY": "BATON ROUGE", "JURISDICTION": "EBRP", "STATE": "LOUISIANA", "COUNTRY": "UNITED STATES", "ZIP": 70805, "ADDRESS_AUTHORITY": "BATON ROUGE", "ABC": "YES", "BUSINESS_NAICS_CODE": 445110, "PHONE_NUMBER": "225-385-0710", "WEBSITE": null, "LATITUDE": 30, "LONGITUDE": -91 }, "geometry": { "type": "Point", "coordinates": [ -91.168439259757932, 30.47127919750616 ] } },
{ "type": "Feature", "properties": { "ADDRESS_ID": 62924, "BUSINESS_ID": 25141, "BUSINESS_NAME": "BEANS BURGERS & PLANTAIN FRIES", "FULL_ADDRESS": "2679 HIGHLAND RD", "CITY": "BATON ROUGE", "JURISDICTION": "EBRP", "STATE": "LOUISIANA", "COUNTRY": "UNITED STATES", "ZIP": 70802, "ADDRESS_AUTHORITY": "BATON ROUGE", "ABC": "YES", "BUSINESS_NAICS_CODE": 722000, "PHONE_NUMBER": null, "WEBSITE": null, "LATITUDE": 30, "LONGITUDE": -91 }, "geometry": { "type": "Point", "coordinates": [ -91.178715756814285, 30.423386687779658 ] } },
{ "type": "Feature", "properties": { "ADDRESS_ID": 64388, "BUSINESS_ID": 37566, "BUSINESS_NAME": "TRIANGLE FOOD MART", "FULL_ADDRESS": "2799 SCENIC HWY", "CITY": "BATON ROUGE", "JURISDICTION": "EBRP", "STATE": "LOUISIANA", "COUNTRY": "UNITED STATES", "ZIP": 70805, "ADDRESS_AUTHORITY": "BATON ROUGE", "ABC": "YES", "BUSINESS_NAICS_CODE": 445110, "PHONE_NUMBER": "225-357-1340", "WEBSITE": null, "LATITUDE": 30, "LONGITUDE": -91 }, "geometry": { "type": "Point", "coordinates": [ -91.168496177301321, 30.472954140603367 ] } },
{ "type": "Feature", "properties": { "ADDRESS_ID": 64405, "BUSINESS_ID": 21108, "BUSINESS_NAME": "FLORIDA DISCOUNT", "FULL_ADDRESS": "2801 FLORIDA ST", "CITY": "BATON ROUGE", "JURISDICTION": "EBRP", "STATE": "LOUISIANA", "COUNTRY": "UNITED STATES", "ZIP": 70802, "ADDRESS_AUTHORITY": "BATON ROUGE", "ABC": "YES", "BUSINESS_NAICS_CODE": 445110, "PHONE_NUMBER": "225-274-0121", "WEBSITE": "http://fhl.org", "LATITUDE": 30, "LONGITUDE": -91 }, "geometry": { "type": "Point", "coordinates": [ -91.159800893922238, 30.450284951326726 ] } },
{ "type": "Feature", "properties": { "ADDRESS_ID": 64528, "BUSINESS_ID": 1069, "BUSINESS_NAME": "BET-R-STORE 0", "FULL_ADDRESS": "2812 KALURAH ST", "CITY": "BATON ROUGE", "JURISDICTION": "EBRP", "STATE": "LOUISIANA", "COUNTRY": "UNITED STATES", "ZIP": 70808, "ADDRESS_AUTHORITY": "BATON ROUGE", "ABC": "YES", "BUSINESS_NAICS_CODE": 445110, "PHONE_NUMBER": "225-343-2361", "WEBSITE": null, "LATITUDE": 30, "LONGITUDE": -91 }, "geometry": { "type": "Point", "coordinates": [ -91.160167859512356, 30.42585492937495 ] } },
{ "type": "Feature", "properties": { "ADDRESS_ID": 64624, "BUSINESS_ID": 37788, "BUSINESS_NAME": "UNIVERSITY SEAFOOD INC", "FULL_ADDRESS": "2819 HIGHLAND RD", "CITY": "BATON ROUGE", "JURISDICTION": "EBRP", "STATE": "LOUISIANA", "COUNTRY": "UNITED STATES", "ZIP": 70802, "ADDRESS_AUTHORITY": "BATON ROUGE", "ABC": "YES", "BUSINESS_NAICS_CODE": 445000, "PHONE_NUMBER": null, "WEBSITE": null, "LATITUDE": 30, "LONGITUDE": -91 }, "geometry": { "type": "Point", "coordinates": [ -91.178202521565822, 30.422169458323602 ] } },
{ "type": "Feature", "properties": { "ADDRESS_ID": 65259, "BUSINESS_ID": 2978, "BUSINESS_NAME": "DUVIC'S", "FULL_ADDRESS": "2854 KALURAH ST", "CITY": "BATON ROUGE", "JURISDICTION": "EBRP", "STATE": "LOUISIANA", "COUNTRY": "UNITED STATES", "ZIP": 70808, "ADDRESS_AUTHORITY": "BATON ROUGE", "ABC": "YES", "BUSINESS_NAICS_CODE": 722410, "PHONE_NUMBER": null, "WEBSITE": null, "LATITUDE": 30, "LONGITUDE": -91 }, "geometry": { "type": "Point", "coordinates": [ -91.159686928790961, 30.425573276642513 ] } },
{ "type": "Feature", "properties": { "ADDRESS_ID": 65304, "BUSINESS_ID": 47591, "BUSINESS_NAME": "KALURAH STREET GRILL", "FULL_ADDRESS": "2857 PERKINS RD", "CITY": "BATON ROUGE", "JURISDICTION": "EBRP", "STATE": "LOUISIANA", "COUNTRY": "UNITED STATES", "ZIP": 70808, "ADDRESS_AUTHORITY": "BATON ROUGE", "ABC": "YES", "BUSINESS_NAICS_CODE": 722000, "PHONE_NUMBER": null, "WEBSITE": null, "LATITUDE": 30, "LONGITUDE": -91 }, "geometry": { "type": "Point", "coordinates": [ -91.159262326494797, 30.426180738929656 ] } },
{ "type": "Feature", "properties": { "ADDRESS_ID": 65579, "BUSINESS_ID": 47609, "BUSINESS_NAME": "VILLA DELMAR RESTAURANT", "FULL_ADDRESS": "2885 MONTERREY DR", "CITY": "BATON ROUGE", "JURISDICTION": "EBRP", "STATE": "LOUISIANA", "COUNTRY": "UNITED STATES", "ZIP": 70814, "ADDRESS_AUTHORITY": "BATON ROUGE", "ABC": "YES", "BUSINESS_NAICS_CODE": 722000, "PHONE_NUMBER": null, "WEBSITE": null, "LATITUDE": 30, "LONGITUDE": -91 }, "geometry": { "type": "Point", "coordinates": [ -91.084243905852702, 30.475124692216461 ] } },
{ "type": "Feature", "properties": { "ADDRESS_ID": 65648, "BUSINESS_ID": 27721, "BUSINESS_NAME": "DIGIULIO BROTHERS RESTAURANT", "FULL_ADDRESS": "2903 PERKINS RD", "CITY": "BATON ROUGE", "JURISDICTION": "EBRP", "STATE": "LOUISIANA", "COUNTRY": "UNITED STATES", "ZIP": 70808, "ADDRESS_AUTHORITY": "BATON ROUGE", "ABC": "YES", "BUSINESS_NAICS_CODE": 722000, "PHONE_NUMBER": null, "WEBSITE": null, "LATITUDE": 30, "LONGITUDE": -91 }, "geometry": { "type": "Point", "coordinates": [ -91.158667210177782, 30.425739065547706 ] } },
{ "type": "Feature", "properties": { "ADDRESS_ID": 65657, "BUSINESS_ID": 38542, "BUSINESS_NAME": "ZEE ZEE GARDENS", "FULL_ADDRESS": "2904 PERKINS RD", "CITY": "BATON ROUGE", "JURISDICTION": "EBRP", "STATE": "LOUISIANA", "COUNTRY": "UNITED STATES", "ZIP": 70808, "ADDRESS_AUTHORITY": "BATON ROUGE", "ABC": "YES", "BUSINESS_NAICS_CODE": 722000, "PHONE_NUMBER": null, "WEBSITE": null, "LATITUDE": 30, "LONGITUDE": -91 }, "geometry": { "type": "Point", "coordinates": [ -91.15906917305017, 30.4254091260933 ] } },
{ "type": "Feature", "properties": { "ADDRESS_ID": 65674, "BUSINESS_ID": 35893, "BUSINESS_NAME": "SMILES MARKET & DELI", "FULL_ADDRESS": "2905 WYANDOTTE ST", "CITY": "BATON ROUGE", "JURISDICTION": "EBRP", "STATE": "LOUISIANA", "COUNTRY": "UNITED STATES", "ZIP": 70805, "ADDRESS_AUTHORITY": "BATON ROUGE", "ABC": "YES", "BUSINESS_NAICS_CODE": 445000, "PHONE_NUMBER": null, "WEBSITE": null, "LATITUDE": 30, "LONGITUDE": -91 }, "geometry": { "type": "Point", "coordinates": [ -91.159932644111834, 30.482324671235229 ] } },
{ "type": "Feature", "properties": { "ADDRESS_ID": 65813, "BUSINESS_ID": 30022, "BUSINESS_NAME": "HIGHLAND ROAD HOP IN", "FULL_ADDRESS": "2915 HIGHLAND RD", "CITY": "BATON ROUGE", "JURISDICTION": "EBRP", "STATE": "LOUISIANA", "COUNTRY": "UNITED STATES", "ZIP": 70802, "ADDRESS_AUTHORITY": "BATON ROUGE", "ABC": "YES", "BUSINESS_NAICS_CODE": 447000, "PHONE_NUMBER": null, "WEBSITE": null, "LATITUDE": 30, "LONGITUDE": -91 }, "geometry": { "type": "Point", "coordinates": [ -91.177342602984737, 30.421633421358489 ] } },
{ "type": "Feature", "properties": { "ADDRESS_ID": 65858, "BUSINESS_ID": 50011, "BUSINESS_NAME": "HAPPY FOOD MART", "FULL_ADDRESS": "2879 DOUGHERTY DR", "CITY": "BATON ROUGE", "JURISDICTION": "EBRP", "STATE": "LOUISIANA", "COUNTRY": "UNITED STATES", "ZIP": 70805, "ADDRESS_AUTHORITY": "BATON ROUGE", "ABC": "YES", "BUSINESS_NAICS_CODE": 445000, "PHONE_NUMBER": null, "WEBSITE": null, "LATITUDE": 30, "LONGITUDE": -91 }, "geometry": { "type": "Point", "coordinates": [ -91.135724902227267, 30.475094998552752 ] } },
{ "type": "Feature", "properties": { "ADDRESS_ID": 66324, "BUSINESS_ID": 3689, "BUSINESS_NAME": "GEORGE'S", "FULL_ADDRESS": "2943 PERKINS RD", "CITY": "BATON ROUGE", "JURISDICTION": "EBRP", "STATE": "LOUISIANA", "COUNTRY": "UNITED STATES", "ZIP": 70808, "ADDRESS_AUTHORITY": "BATON ROUGE", "ABC": "YES", "BUSINESS_NAICS_CODE": 722410, "PHONE_NUMBER": null, "WEBSITE": null, "LATITUDE": 30, "LONGITUDE": -91 }, "geometry": { "type": "Point", "coordinates": [ -91.158158766065625, 30.425421430021171 ] } },
{ "type": "Feature", "properties": { "ADDRESS_ID": 66334, "BUSINESS_ID": 67498, "BUSINESS_NAME": "SMILEY FAMILY", "FULL_ADDRESS": "2944 CRATER LAKE DR", "CITY": "BATON ROUGE", "JURISDICTION": "EBRP", "STATE": "LOUISIANA", "COUNTRY": "UNITED STATES", "ZIP": 70814, "ADDRESS_AUTHORITY": "BATON ROUGE", "ABC": "YES", "BUSINESS_NAICS_CODE": 453000, "PHONE_NUMBER": null, "WEBSITE": null, "LATITUDE": 30, "LONGITUDE": -91 }, "geometry": { "type": "Point", "coordinates": [ -91.087145331054614, 30.475410740248293 ] } },
{ "type": "Feature", "properties": { "ADDRESS_ID": 66348, "BUSINESS_ID": 26113, "BUSINESS_NAME": "CARLINS FOOD MART", "FULL_ADDRESS": "2944 PLANK RD", "CITY": "BATON ROUGE", "JURISDICTION": "EBRP", "STATE": "LOUISIANA", "COUNTRY": "UNITED STATES", "ZIP": 70805, "ADDRESS_AUTHORITY": "BATON ROUGE", "ABC": "YES", "BUSINESS_NAICS_CODE": 445110, "PHONE_NUMBER": "225-355-9235", "WEBSITE": null, "LATITUDE": 30, "LONGITUDE": -91 }, "geometry": { "type": "Point", "coordinates": [ -91.161658067738202, 30.474912402230778 ] } },
{ "type": "Feature", "properties": { "ADDRESS_ID": 66440, "BUSINESS_ID": 24065, "BUSINESS_NAME": "ALBERTSONS #2709", "FULL_ADDRESS": "2950 COLLEGE DR", "CITY": "BATON ROUGE", "JURISDICTION": "EBRP", "STATE": "LOUISIANA", "COUNTRY": "UNITED STATES", "ZIP": 70808, "ADDRESS_AUTHORITY": "BATON ROUGE", "ABC": "YES", "BUSINESS_NAICS_CODE": 445110, "PHONE_NUMBER": "225-924-6084", "WEBSITE": "http://albertsons.com/", "LATITUDE": 30, "LONGITUDE": -91 }, "geometry": { "type": "Point", "coordinates": [ -91.141056387676144, 30.421923902953793 ] } },
{ "type": "Feature", "properties": { "ADDRESS_ID": 66529, "BUSINESS_ID": 7305, "BUSINESS_NAME": "SAVE MORE MARKET 4", "FULL_ADDRESS": "2956 NICHOLSON DR", "CITY": "BATON ROUGE", "JURISDICTION": "EBRP", "STATE": "LOUISIANA", "COUNTRY": "UNITED STATES", "ZIP": 70802, "ADDRESS_AUTHORITY": "BATON ROUGE", "ABC": "YES", "BUSINESS_NAICS_CODE": 445110, "PHONE_NUMBER": "225-769-0404", "WEBSITE": null, "LATITUDE": 30, "LONGITUDE": -91 }, "geometry": { "type": "Point", "coordinates": [ -91.187860541705817, 30.421035417893719 ] } },
{ "type": "Feature", "properties": { "ADDRESS_ID": 66553, "BUSINESS_ID": 26586, "BUSINESS_NAME": "CIRCLE K STORES INC. 2709725", "FULL_ADDRESS": "2959 COLLEGE DR", "CITY": "BATON ROUGE", "JURISDICTION": "EBRP", "STATE": "LOUISIANA", "COUNTRY": "UNITED STATES", "ZIP": 70808, "ADDRESS_AUTHORITY": "BATON ROUGE", "ABC": "YES", "BUSINESS_NAICS_CODE": 447000, "PHONE_NUMBER": "225-923-1075", "WEBSITE": "http://circlek.com/", "LATITUDE": 30, "LONGITUDE": -91 }, "geometry": { "type": "Point", "coordinates": [ -91.140191675450083, 30.421280603498236 ] } },
{ "type": "Feature", "properties": { "ADDRESS_ID": 66766, "BUSINESS_ID": 35472, "BUSINESS_NAME": "SAVE MORE MARKET #3", "FULL_ADDRESS": "2980 O'NEAL LN", "CITY": "BATON ROUGE", "JURISDICTION": "EBRP", "STATE": "LOUISIANA", "COUNTRY": "UNITED STATES", "ZIP": 70816, "ADDRESS_AUTHORITY": "BATON ROUGE", "ABC": "YES", "BUSINESS_NAICS_CODE": 445110, "PHONE_NUMBER": "225-752-8181", "WEBSITE": null, "LATITUDE": 30, "LONGITUDE": -91 }, "geometry": { "type": "Point", "coordinates": [ -91.008138318013152, 30.425698089372858 ] } },
{ "type": "Feature", "properties": { "ADDRESS_ID": 66893, "BUSINESS_ID": 27198, "BUSINESS_NAME": "CULINARY PRODUCTIONS", "FULL_ADDRESS": "3004 NORTH BLVD", "CITY": "BATON ROUGE", "JURISDICTION": "EBRP", "STATE": "LOUISIANA", "COUNTRY": "UNITED STATES", "ZIP": 70806, "ADDRESS_AUTHORITY": "BATON ROUGE", "ABC": "YES", "BUSINESS_NAICS_CODE": 722000, "PHONE_NUMBER": null, "WEBSITE": null, "LATITUDE": 30, "LONGITUDE": -91 }, "geometry": { "type": "Point", "coordinates": [ -91.157382194279208, 30.447888170360073 ] } },
{ "type": "Feature", "properties": { "ADDRESS_ID": 67090, "BUSINESS_ID": 50249, "BUSINESS_NAME": "SALTGRASS STEAKHOUSE", "FULL_ADDRESS": "2450 S ACADIAN THWY", "CITY": "BATON ROUGE", "JURISDICTION": "EBRP", "STATE": "LOUISIANA", "COUNTRY": "UNITED STATES", "ZIP": 70808, "ADDRESS_AUTHORITY": "BATON ROUGE", "ABC": "YES", "BUSINESS_NAICS_CODE": 445000, "PHONE_NUMBER": null, "WEBSITE": null, "LATITUDE": 30, "LONGITUDE": -91 }, "geometry": { "type": "Point", "coordinates": [ -91.152175145226821, 30.423590666927058 ] } },
{ "type": "Feature", "properties": { "ADDRESS_ID": 67628, "BUSINESS_ID": 14489, "BUSINESS_NAME": "RENDE QUIK STOP", "FULL_ADDRESS": "3036 MONTERREY DR", "CITY": "BATON ROUGE", "JURISDICTION": "EBRP", "STATE": "LOUISIANA", "COUNTRY": "UNITED STATES", "ZIP": 70814, "ADDRESS_AUTHORITY": "BATON ROUGE", "ABC": "YES", "BUSINESS_NAICS_CODE": 445000, "PHONE_NUMBER": null, "WEBSITE": null, "LATITUDE": 30, "LONGITUDE": -91 }, "geometry": { "type": "Point", "coordinates": [ -91.083225763995458, 30.476530757450707 ] } },
{ "type": "Feature", "properties": { "ADDRESS_ID": 67747, "BUSINESS_ID": 35105, "BUSINESS_NAME": "ROCK N SAKE BAR & SUSHI", "FULL_ADDRESS": "3043 PERKINS RD", "CITY": "BATON ROUGE", "JURISDICTION": "EBRP", "STATE": "LOUISIANA", "COUNTRY": "UNITED STATES", "ZIP": 70808, "ADDRESS_AUTHORITY": "BATON ROUGE", "ABC": "YES", "BUSINESS_NAICS_CODE": 445000, "PHONE_NUMBER": null, "WEBSITE": null, "LATITUDE": 30, "LONGITUDE": -91 }, "geometry": { "type": "Point", "coordinates": [ -91.157400812350048, 30.424295564924833 ] } },
{ "type": "Feature", "properties": { "ADDRESS_ID": 68015, "BUSINESS_ID": 6568, "BUSINESS_NAME": "PINETTA'S EUROPEAN RESTAURANT", "FULL_ADDRESS": "3056 PERKINS RD", "CITY": "BATON ROUGE", "JURISDICTION": "EBRP", "STATE": "LOUISIANA", "COUNTRY": "UNITED STATES", "ZIP": 70808, "ADDRESS_AUTHORITY": "BATON ROUGE", "ABC": "YES", "BUSINESS_NAICS_CODE": 722110, "PHONE_NUMBER": null, "WEBSITE": null, "LATITUDE": 30, "LONGITUDE": -91 }, "geometry": { "type": "Point", "coordinates": [ -91.157779962885812, 30.4240144883242 ] } },
{ "type": "Feature", "properties": { "ADDRESS_ID": 68275, "BUSINESS_ID": 34581, "BUSINESS_NAME": "RADIO BAR", "FULL_ADDRESS": "3079 STE B GOVERNMENT ST", "CITY": "BATON ROUGE", "JURISDICTION": "EBRP", "STATE": "LOUISIANA", "COUNTRY": "UNITED STATES", "ZIP": 70806, "ADDRESS_AUTHORITY": "BATON ROUGE", "ABC": "YES", "BUSINESS_NAICS_CODE": 722000, "PHONE_NUMBER": null, "WEBSITE": null, "LATITUDE": 30, "LONGITUDE": -91 }, "geometry": { "type": "Point", "coordinates": [ -91.156798805209704, 30.4444822133385 ] } },
{ "type": "Feature", "properties": { "ADDRESS_ID": 69534, "BUSINESS_ID": 38557, "BUSINESS_NAME": "ZIPPYS", "FULL_ADDRESS": "3155 PERKINS RD", "CITY": "BATON ROUGE", "JURISDICTION": "EBRP", "STATE": "LOUISIANA", "COUNTRY": "UNITED STATES", "ZIP": 70808, "ADDRESS_AUTHORITY": "BATON ROUGE", "ABC": "YES", "BUSINESS_NAICS_CODE": 722000, "PHONE_NUMBER": null, "WEBSITE": null, "LATITUDE": 30, "LONGITUDE": -91 }, "geometry": { "type": "Point", "coordinates": [ -91.156488173135571, 30.42367370994938 ] } },
{ "type": "Feature", "properties": { "ADDRESS_ID": 69667, "BUSINESS_ID": 37759, "BUSINESS_NAME": "UNITED FOOD MART", "FULL_ADDRESS": "3164 PLANK RD", "CITY": "BATON ROUGE", "JURISDICTION": "EBRP", "STATE": "LOUISIANA", "COUNTRY": "UNITED STATES", "ZIP": 70805, "ADDRESS_AUTHORITY": "BATON ROUGE", "ABC": "YES", "BUSINESS_NAICS_CODE": 445000, "PHONE_NUMBER": null, "WEBSITE": null, "LATITUDE": 30, "LONGITUDE": -91 }, "geometry": { "type": "Point", "coordinates": [ -91.160782518610191, 30.476811097693922 ] } },
{ "type": "Feature", "properties": { "ADDRESS_ID": 69933, "BUSINESS_ID": 50267, "BUSINESS_NAME": "STORE 161", "FULL_ADDRESS": "300 LEE DR", "CITY": "BATON ROUGE", "JURISDICTION": "EBRP", "STATE": "LOUISIANA", "COUNTRY": "UNITED STATES", "ZIP": 70808, "ADDRESS_AUTHORITY": "BATON ROUGE", "ABC": "YES", "BUSINESS_NAICS_CODE": 447000, "PHONE_NUMBER": null, "WEBSITE": null, "LATITUDE": 30, "LONGITUDE": -91 }, "geometry": { "type": "Point", "coordinates": [ -91.157212709853027, 30.396162456896025 ] } },
{ "type": "Feature", "properties": { "ADDRESS_ID": 69951, "BUSINESS_ID": 21669, "BUSINESS_NAME": "DRAKE'S CATERING", "FULL_ADDRESS": "320 3RD ST", "CITY": "BATON ROUGE", "JURISDICTION": "EBRP", "STATE": "LOUISIANA", "COUNTRY": "UNITED STATES", "ZIP": 70801, "ADDRESS_AUTHORITY": "BATON ROUGE", "ABC": "YES", "BUSINESS_NAICS_CODE": 722330, "PHONE_NUMBER": null, "WEBSITE": null, "LATITUDE": 30, "LONGITUDE": -91 }, "geometry": { "type": "Point", "coordinates": [ -91.188171859905779, 30.44965713186151 ] } },
{ "type": "Feature", "properties": { "ADDRESS_ID": 69967, "BUSINESS_ID": 33134, "BUSINESS_NAME": "NAGOYA", "FULL_ADDRESS": "3202 S SHERWOOD FOREST BLVD", "CITY": "BATON ROUGE", "JURISDICTION": "EBRP", "STATE": "LOUISIANA", "COUNTRY": "UNITED STATES", "ZIP": 70816, "ADDRESS_AUTHORITY": "BATON ROUGE", "ABC": "YES", "BUSINESS_NAICS_CODE": 722000, "PHONE_NUMBER": null, "WEBSITE": null, "LATITUDE": 30, "LONGITUDE": -91 }, "geometry": { "type": "Point", "coordinates": [ -91.052120898213886, 30.423800303564246 ] } },
{ "type": "Feature", "properties": { "ADDRESS_ID": 70319, "BUSINESS_ID": 6393, "BUSINESS_NAME": "PARRAIN'S SEAFOOD RESTAURANT", "FULL_ADDRESS": "3225 PERKINS RD", "CITY": "BATON ROUGE", "JURISDICTION": "EBRP", "STATE": "LOUISIANA", "COUNTRY": "UNITED STATES", "ZIP": 70808, "ADDRESS_AUTHORITY": "BATON ROUGE", "ABC": "YES", "BUSINESS_NAICS_CODE": 722110, "PHONE_NUMBER": null, "WEBSITE": null, "LATITUDE": 30, "LONGITUDE": -91 }, "geometry": { "type": "Point", "coordinates": [ -91.155620408782511, 30.423608389258774 ] } },
{ "type": "Feature", "properties": { "ADDRESS_ID": 71110, "BUSINESS_ID": 26559, "BUSINESS_NAME": "CIRCLE K #1818", "FULL_ADDRESS": "3289 HIGHLAND RD", "CITY": "BATON ROUGE", "JURISDICTION": "EBRP", "STATE": "LOUISIANA", "COUNTRY": "UNITED STATES", "ZIP": 70802, "ADDRESS_AUTHORITY": "BATON ROUGE", "ABC": "YES", "BUSINESS_NAICS_CODE": 447000, "PHONE_NUMBER": "225-383-1325", "WEBSITE": "http://circlek.com/", "LATITUDE": 30, "LONGITUDE": -91 }, "geometry": { "type": "Point", "coordinates": [ -91.176153120456107, 30.418582859352899 ] } },
{ "type": "Feature", "properties": { "ADDRESS_ID": 71429, "BUSINESS_ID": 3231, "BUSINESS_NAME": "EXPRESS MART", "FULL_ADDRESS": "3322 N FOSTER DR", "CITY": "BATON ROUGE", "JURISDICTION": "EBRP", "STATE": "LOUISIANA", "COUNTRY": "UNITED STATES", "ZIP": 70805, "ADDRESS_AUTHORITY": "BATON ROUGE", "ABC": "YES", "BUSINESS_NAICS_CODE": 447000, "PHONE_NUMBER": null, "WEBSITE": null, "LATITUDE": 30, "LONGITUDE": -91 }, "geometry": { "type": "Point", "coordinates": [ -91.14026187269998, 30.479172886426806 ] } },
{ "type": "Feature", "properties": { "ADDRESS_ID": 71433, "BUSINESS_ID": 5217, "BUSINESS_NAME": "LOUIE'S CAFÉ", "FULL_ADDRESS": "3322 LAKE ST", "CITY": "BATON ROUGE", "JURISDICTION": "EBRP", "STATE": "LOUISIANA", "COUNTRY": "UNITED STATES", "ZIP": 70802, "ADDRESS_AUTHORITY": "BATON ROUGE", "ABC": "YES", "BUSINESS_NAICS_CODE": 722110, "PHONE_NUMBER": null, "WEBSITE": null, "LATITUDE": 30, "LONGITUDE": -91 }, "geometry": { "type": "Point", "coordinates": [ -91.179199914698287, 30.418053928353608 ] } },
{ "type": "Feature", "properties": { "ADDRESS_ID": 71557, "BUSINESS_ID": 36222, "BUSINESS_NAME": "ST JAMES PLACE OF BATON ROUGE", "FULL_ADDRESS": "333 LEE DR", "CITY": "BATON ROUGE", "JURISDICTION": "EBRP", "STATE": "LOUISIANA", "COUNTRY": "UNITED STATES", "ZIP": 70808, "ADDRESS_AUTHORITY": "BATON ROUGE", "ABC": "YES", "BUSINESS_NAICS_CODE": 813000, "PHONE_NUMBER": null, "WEBSITE": null, "LATITUDE": 30, "LONGITUDE": -91 }, "geometry": { "type": "Point", "coordinates": [ -91.15731542055066, 30.398568107117267 ] } },
{ "type": "Feature", "properties": { "ADDRESS_ID": 71579, "BUSINESS_ID": 47657, "BUSINESS_NAME": "HILTON GARDEN INN", "FULL_ADDRESS": "3330 HARDING BLVD", "CITY": "BATON ROUGE", "JURISDICTION": "EBRP", "STATE": "LOUISIANA", "COUNTRY": "UNITED STATES", "ZIP": 70807, "ADDRESS_AUTHORITY": "BATON ROUGE", "ABC": "YES", "BUSINESS_NAICS_CODE": 722000, "PHONE_NUMBER": null, "WEBSITE": null, "LATITUDE": 31, "LONGITUDE": -91 }, "geometry": { "type": "Point", "coordinates": [ -91.157293368532351, 30.520455974602431 ] } },
{ "type": "Feature", "properties": { "ADDRESS_ID": 71614, "BUSINESS_ID": 17900, "BUSINESS_NAME": "QUICK MART", "FULL_ADDRESS": "3333 N ACADIAN THWY", "CITY": "BATON ROUGE", "JURISDICTION": "EBRP", "STATE": "LOUISIANA", "COUNTRY": "UNITED STATES", "ZIP": 70805, "ADDRESS_AUTHORITY": "BATON ROUGE", "ABC": "YES", "BUSINESS_NAICS_CODE": 447000, "PHONE_NUMBER": null, "WEBSITE": null, "LATITUDE": 30, "LONGITUDE": -91 }, "geometry": { "type": "Point", "coordinates": [ -91.156978929661989, 30.478792693974043 ] } },
{ "type": "Feature", "properties": { "ADDRESS_ID": 71836, "BUSINESS_ID": 38012, "BUSINESS_NAME": "VOODOO BBQ", "FULL_ADDRESS": "3347 NICHOLSON DR", "CITY": "BATON ROUGE", "JURISDICTION": "EBRP", "STATE": "LOUISIANA", "COUNTRY": "UNITED STATES", "ZIP": 70802, "ADDRESS_AUTHORITY": "BATON ROUGE", "ABC": "YES", "BUSINESS_NAICS_CODE": 722000, "PHONE_NUMBER": null, "WEBSITE": null, "LATITUDE": 30, "LONGITUDE": -91 }, "geometry": { "type": "Point", "coordinates": [ -91.187252263414535, 30.418121100738247 ] } },
{ "type": "Feature", "properties": { "ADDRESS_ID": 71986, "BUSINESS_ID": 36919, "BUSINESS_NAME": "THE CHIMES", "FULL_ADDRESS": "3357 HIGHLAND RD", "CITY": "BATON ROUGE", "JURISDICTION": "EBRP", "STATE": "LOUISIANA", "COUNTRY": "UNITED STATES", "ZIP": 70802, "ADDRESS_AUTHORITY": "BATON ROUGE", "ABC": "YES", "BUSINESS_NAICS_CODE": 722000, "PHONE_NUMBER": null, "WEBSITE": null, "LATITUDE": 30, "LONGITUDE": -91 }, "geometry": { "type": "Point", "coordinates": [ -91.176287159552274, 30.417315274621664 ] } },
{ "type": "Feature", "properties": { "ADDRESS_ID": 72169, "BUSINESS_ID": 26592, "BUSINESS_NAME": "CIRCLE K STORE #2707653", "FULL_ADDRESS": "3373 FLORIDA ST", "CITY": "BATON ROUGE", "JURISDICTION": "EBRP", "STATE": "LOUISIANA", "COUNTRY": "UNITED STATES", "ZIP": 70806, "ADDRESS_AUTHORITY": "BATON ROUGE", "ABC": "YES", "BUSINESS_NAICS_CODE": 445110, "PHONE_NUMBER": "225-383-0422", "WEBSITE": "http://circlek.com/", "LATITUDE": 30, "LONGITUDE": -91 }, "geometry": { "type": "Point", "coordinates": [ -91.155274228141664, 30.450714740502274 ] } },
{ "type": "Feature", "properties": { "ADDRESS_ID": 72193, "BUSINESS_ID": 26578, "BUSINESS_NAME": "CIRCLE K  STORES INC 2709717", "FULL_ADDRESS": "3375 PERKINS RD", "CITY": "BATON ROUGE", "JURISDICTION": "EBRP", "STATE": "LOUISIANA", "COUNTRY": "UNITED STATES", "ZIP": 70808, "ADDRESS_AUTHORITY": "BATON ROUGE", "ABC": "YES", "BUSINESS_NAICS_CODE": 447000, "PHONE_NUMBER": "225-387-5887", "WEBSITE": "http://circlek.com/", "LATITUDE": 30, "LONGITUDE": -91 }, "geometry": { "type": "Point", "coordinates": [ -91.154606530648863, 30.422226446294136 ] } },
{ "type": "Feature", "properties": { "ADDRESS_ID": 72341, "BUSINESS_ID": 30268, "BUSINESS_NAME": "ICANDI COUTURE", "FULL_ADDRESS": "3401 PLANK RD", "CITY": "BATON ROUGE", "JURISDICTION": "EBRP", "STATE": "LOUISIANA", "COUNTRY": "UNITED STATES", "ZIP": 70805, "ADDRESS_AUTHORITY": "BATON ROUGE", "ABC": "YES", "BUSINESS_NAICS_CODE": 448000, "PHONE_NUMBER": null, "WEBSITE": null, "LATITUDE": 30, "LONGITUDE": -91 }, "geometry": { "type": "Point", "coordinates": [ -91.160703622333216, 30.479238777927094 ] } },
{ "type": "Feature", "properties": { "ADDRESS_ID": 72738, "BUSINESS_ID": 34569, "BUSINESS_NAME": "RACETRAC #360", "FULL_ADDRESS": "3425 S SHERWOOD FOREST BLVD", "CITY": "BATON ROUGE", "JURISDICTION": "EBRP", "STATE": "LOUISIANA", "COUNTRY": "UNITED STATES", "ZIP": 70816, "ADDRESS_AUTHORITY": "BATON ROUGE", "ABC": "YES", "BUSINESS_NAICS_CODE": 447000, "PHONE_NUMBER": null, "WEBSITE": null, "LATITUDE": 30, "LONGITUDE": -91 }, "geometry": { "type": "Point", "coordinates": [ -91.050905574173228, 30.421741068459134 ] } },
{ "type": "Feature", "properties": { "ADDRESS_ID": 73322, "BUSINESS_ID": 20390, "BUSINESS_NAME": "HERSON'S PRIVATE CLUB", "FULL_ADDRESS": "3457 NORTH ST", "CITY": "BATON ROUGE", "JURISDICTION": "EBRP", "STATE": "LOUISIANA", "COUNTRY": "UNITED STATES", "ZIP": 70802, "ADDRESS_AUTHORITY": "BATON ROUGE", "ABC": "YES", "BUSINESS_NAICS_CODE": 722410, "PHONE_NUMBER": null, "WEBSITE": null, "LATITUDE": 30, "LONGITUDE": -91 }, "geometry": { "type": "Point", "coordinates": [ -91.154408555750493, 30.45376014824696 ] } },
{ "type": "Feature", "properties": { "ADDRESS_ID": 73734, "BUSINESS_ID": 38011, "BUSINESS_NAME": "VOO DOO BBQ & GRILL", "FULL_ADDRESS": "3510 DRUSILLA LN", "CITY": "BATON ROUGE", "JURISDICTION": "EBRP", "STATE": "LOUISIANA", "COUNTRY": "UNITED STATES", "ZIP": 70809, "ADDRESS_AUTHORITY": "BATON ROUGE", "ABC": "YES", "BUSINESS_NAICS_CODE": 445000, "PHONE_NUMBER": null, "WEBSITE": null, "LATITUDE": 30, "LONGITUDE": -91 }, "geometry": { "type": "Point", "coordinates": [ -91.090161080595252, 30.418591313684963 ] } },
{ "type": "Feature", "properties": { "ADDRESS_ID": 74139, "BUSINESS_ID": 26587, "BUSINESS_NAME": "CIRCLE K STORE 2709726", "FULL_ADDRESS": "3536 DRUSILLA LN", "CITY": "BATON ROUGE", "JURISDICTION": "EBRP", "STATE": "LOUISIANA", "COUNTRY": "UNITED STATES", "ZIP": 70809, "ADDRESS_AUTHORITY": "BATON ROUGE", "ABC": "YES", "BUSINESS_NAICS_CODE": 447000, "PHONE_NUMBER": "225-927-5131", "WEBSITE": "http://circlek.com/", "LATITUDE": 30, "LONGITUDE": -91 }, "geometry": { "type": "Point", "coordinates": [ -91.089508075722804, 30.418924773889046 ] } },
{ "type": "Feature", "properties": { "ADDRESS_ID": 74230, "BUSINESS_ID": 25629, "BUSINESS_NAME": "BREW BACHERS #1", "FULL_ADDRESS": "3554 DRUSILLA LN", "CITY": "BATON ROUGE", "JURISDICTION": "EBRP", "STATE": "LOUISIANA", "COUNTRY": "UNITED STATES", "ZIP": 70809, "ADDRESS_AUTHORITY": "BATON ROUGE", "ABC": "YES", "BUSINESS_NAICS_CODE": 722000, "PHONE_NUMBER": null, "WEBSITE": null, "LATITUDE": 30, "LONGITUDE": -91 }, "geometry": { "type": "Point", "coordinates": [ -91.090138222991428, 30.419012616972715 ] } },
{ "type": "Feature", "properties": { "ADDRESS_ID": 74361, "BUSINESS_ID": 26614, "BUSINESS_NAME": "CITY CLUB OF BATON ROUGE", "FULL_ADDRESS": "355 NORTH BLVD", "CITY": "BATON ROUGE", "JURISDICTION": "EBRP", "STATE": "LOUISIANA", "COUNTRY": "UNITED STATES", "ZIP": 70801, "ADDRESS_AUTHORITY": "BATON ROUGE", "ABC": "YES", "BUSINESS_NAICS_CODE": 713000, "PHONE_NUMBER": null, "WEBSITE": null, "LATITUDE": 30, "LONGITUDE": -91 }, "geometry": { "type": "Point", "coordinates": [ -91.187221057731207, 30.447364835420871 ] } },
{ "type": "Feature", "properties": { "ADDRESS_ID": 74377, "BUSINESS_ID": 38070, "BUSINESS_NAME": "WALGREENS #2995", "FULL_ADDRESS": "3550 GOVERNMENT ST", "CITY": "BATON ROUGE", "JURISDICTION": "EBRP", "STATE": "LOUISIANA", "COUNTRY": "UNITED STATES", "ZIP": 70806, "ADDRESS_AUTHORITY": "BATON ROUGE", "ABC": "YES", "BUSINESS_NAICS_CODE": 446110, "PHONE_NUMBER": "225-343-8878", "WEBSITE": "http://walgreens.com/", "LATITUDE": 30, "LONGITUDE": -91 }, "geometry": { "type": "Point", "coordinates": [ -91.153407040095644, 30.443843689204183 ] } },
{ "type": "Feature", "properties": { "ADDRESS_ID": 74458, "BUSINESS_ID": 47557, "BUSINESS_NAME": "WALKER ENTEPRISES", "FULL_ADDRESS": "3557 TOULON DR", "CITY": "BATON ROUGE", "JURISDICTION": "EBRP", "STATE": "LOUISIANA", "COUNTRY": "UNITED STATES", "ZIP": 70816, "ADDRESS_AUTHORITY": "PARISH", "ABC": "YES", "BUSINESS_NAICS_CODE": 238000, "PHONE_NUMBER": null, "WEBSITE": null, "LATITUDE": 30, "LONGITUDE": -91 }, "geometry": { "type": "Point", "coordinates": [ -91.059518471548571, 30.419445995920114 ] } },
{ "type": "Feature", "properties": { "ADDRESS_ID": 74784, "BUSINESS_ID": 23775, "BUSINESS_NAME": "ACADIAN SUPERETTE", "FULL_ADDRESS": "3609 N ACADIAN THWY", "CITY": "BATON ROUGE", "JURISDICTION": "EBRP", "STATE": "LOUISIANA", "COUNTRY": "UNITED STATES", "ZIP": 70805, "ADDRESS_AUTHORITY": "BATON ROUGE", "ABC": "YES", "BUSINESS_NAICS_CODE": 445110, "PHONE_NUMBER": "225-357-0276", "WEBSITE": null, "LATITUDE": 30, "LONGITUDE": -91 }, "geometry": { "type": "Point", "coordinates": [ -91.156911386145879, 30.481577758090463 ] } },
{ "type": "Feature", "properties": { "ADDRESS_ID": 75578, "BUSINESS_ID": 8703, "BUSINESS_NAME": "WALGREENS #07836", "FULL_ADDRESS": "3671 JOOR RD", "CITY": "BATON ROUGE", "JURISDICTION": "EBRP", "STATE": "LOUISIANA", "COUNTRY": "UNITED STATES", "ZIP": 70814, "ADDRESS_AUTHORITY": "PARISH", "ABC": "YES", "BUSINESS_NAICS_CODE": 446110, "PHONE_NUMBER": "225-924-3880", "WEBSITE": "http://walgreens.com/", "LATITUDE": 30, "LONGITUDE": -91 }, "geometry": { "type": "Point", "coordinates": [ -91.090064424226838, 30.48410710314662 ] } },
{ "type": "Feature", "properties": { "ADDRESS_ID": 75609, "BUSINESS_ID": 59779, "BUSINESS_NAME": "CIRCLE K STORES #2706819", "FULL_ADDRESS": "3676 GOVERNMENT ST", "CITY": "BATON ROUGE", "JURISDICTION": "EBRP", "STATE": "LOUISIANA", "COUNTRY": "UNITED STATES", "ZIP": 70806, "ADDRESS_AUTHORITY": "BATON ROUGE", "ABC": "YES", "BUSINESS_NAICS_CODE": 447000, "PHONE_NUMBER": null, "WEBSITE": null, "LATITUDE": 30, "LONGITUDE": -91 }, "geometry": { "type": "Point", "coordinates": [ -91.151734652678627, 30.443849212661497 ] } },
{ "type": "Feature", "properties": { "ADDRESS_ID": 75935, "BUSINESS_ID": 27831, "BUSINESS_NAME": "DOE'S EAT PLACE", "FULL_ADDRESS": "3723 GOVERNMENT ST", "CITY": "BATON ROUGE", "JURISDICTION": "EBRP", "STATE": "LOUISIANA", "COUNTRY": "UNITED STATES", "ZIP": 70806, "ADDRESS_AUTHORITY": "BATON ROUGE", "ABC": "YES", "BUSINESS_NAICS_CODE": 445000, "PHONE_NUMBER": null, "WEBSITE": null, "LATITUDE": 30, "LONGITUDE": -91 }, "geometry": { "type": "Point", "coordinates": [ -91.151314488846637, 30.444483959398841 ] } },
{ "type": "Feature", "properties": { "ADDRESS_ID": 76747, "BUSINESS_ID": 28112, "BUSINESS_NAME": "E Z PACK N SERV", "FULL_ADDRESS": "3800 PLANK RD", "CITY": "BATON ROUGE", "JURISDICTION": "EBRP", "STATE": "LOUISIANA", "COUNTRY": "UNITED STATES", "ZIP": 70805, "ADDRESS_AUTHORITY": "BATON ROUGE", "ABC": "YES", "BUSINESS_NAICS_CODE": 445110, "PHONE_NUMBER": "225-356-4847", "WEBSITE": null, "LATITUDE": 30, "LONGITUDE": -91 }, "geometry": { "type": "Point", "coordinates": [ -91.158578564466694, 30.48351199642407 ] } },
{ "type": "Feature", "properties": { "ADDRESS_ID": 76797, "BUSINESS_ID": 65533, "BUSINESS_NAME": "MID CITY BEER GARDEN", "FULL_ADDRESS": "3808 GOVERNMENT ST", "CITY": "BATON ROUGE", "JURISDICTION": "EBRP", "STATE": "LOUISIANA", "COUNTRY": "UNITED STATES", "ZIP": 70806, "ADDRESS_AUTHORITY": "BATON ROUGE", "ABC": "YES", "BUSINESS_NAICS_CODE": 722000, "PHONE_NUMBER": null, "WEBSITE": null, "LATITUDE": 30, "LONGITUDE": -91 }, "geometry": { "type": "Point", "coordinates": [ -91.150327149744072, 30.444027738163513 ] } },
{ "type": "Feature", "properties": { "ADDRESS_ID": 77290, "BUSINESS_ID": 38083, "BUSINESS_NAME": "WALK-ONS BURBANK", "FULL_ADDRESS": "3838 BURBANK DR", "CITY": "BATON ROUGE", "JURISDICTION": "EBRP", "STATE": "LOUISIANA", "COUNTRY": "UNITED STATES", "ZIP": 70808, "ADDRESS_AUTHORITY": "BATON ROUGE", "ABC": "YES", "BUSINESS_NAICS_CODE": 722000, "PHONE_NUMBER": null, "WEBSITE": null, "LATITUDE": 30, "LONGITUDE": -91 }, "geometry": { "type": "Point", "coordinates": [ -91.181014776211967, 30.402511289085371 ] } },
{ "type": "Feature", "properties": { "ADDRESS_ID": 77958, "BUSINESS_ID": 5472, "BUSINESS_NAME": "CUBAN FINE WINE AND SPIRITS", "FULL_ADDRESS": "3911 PERKINS RD", "CITY": "BATON ROUGE", "JURISDICTION": "EBRP", "STATE": "LOUISIANA", "COUNTRY": "UNITED STATES", "ZIP": 70808, "ADDRESS_AUTHORITY": "BATON ROUGE", "ABC": "YES", "BUSINESS_NAICS_CODE": 424820, "PHONE_NUMBER": null, "WEBSITE": null, "LATITUDE": 30, "LONGITUDE": -91 }, "geometry": { "type": "Point", "coordinates": [ -91.149016815158575, 30.419661945805164 ] } },
{ "type": "Feature", "properties": { "ADDRESS_ID": 79821, "BUSINESS_ID": 26399, "BUSINESS_NAME": "CHATTERBOX LOUNGE", "FULL_ADDRESS": "406 LOUISE ST", "CITY": "BATON ROUGE", "JURISDICTION": "EBRP", "STATE": "LOUISIANA", "COUNTRY": "UNITED STATES", "ZIP": 70802, "ADDRESS_AUTHORITY": "BATON ROUGE", "ABC": "YES", "BUSINESS_NAICS_CODE": 722000, "PHONE_NUMBER": null, "WEBSITE": null, "LATITUDE": 30, "LONGITUDE": -91 }, "geometry": { "type": "Point", "coordinates": [ -91.18167813036294, 30.434000700045484 ] } },
{ "type": "Feature", "properties": { "ADDRESS_ID": 79871, "BUSINESS_ID": 31471, "BUSINESS_NAME": "LA CARRETA", "FULL_ADDRESS": "4065 GOVERNMENT ST", "CITY": "BATON ROUGE", "JURISDICTION": "EBRP", "STATE": "LOUISIANA", "COUNTRY": "UNITED STATES", "ZIP": 70806, "ADDRESS_AUTHORITY": "BATON ROUGE", "ABC": "YES", "BUSINESS_NAICS_CODE": 722000, "PHONE_NUMBER": null, "WEBSITE": null, "LATITUDE": 30, "LONGITUDE": -91 }, "geometry": { "type": "Point", "coordinates": [ -91.147536010246327, 30.444720210891958 ] } },
{ "type": "Feature", "properties": { "ADDRESS_ID": 80117, "BUSINESS_ID": 25577, "BUSINESS_NAME": "B-QUIK", "FULL_ADDRESS": "4105 PERKINS RD", "CITY": "BATON ROUGE", "JURISDICTION": "EBRP", "STATE": "LOUISIANA", "COUNTRY": "UNITED STATES", "ZIP": 70808, "ADDRESS_AUTHORITY": "BATON ROUGE", "ABC": "YES", "BUSINESS_NAICS_CODE": 447000, "PHONE_NUMBER": null, "WEBSITE": null, "LATITUDE": 30, "LONGITUDE": -91 }, "geometry": { "type": "Point", "coordinates": [ -91.147684042316058, 30.419181387926614 ] } },
{ "type": "Feature", "properties": { "ADDRESS_ID": 80244, "BUSINESS_ID": 21208, "BUSINESS_NAME": "ROMEO'S OLD SCHOOL BAR & LOUNGE", "FULL_ADDRESS": "4115 PLANK RD", "CITY": "BATON ROUGE", "JURISDICTION": "EBRP", "STATE": "LOUISIANA", "COUNTRY": "UNITED STATES", "ZIP": 70805, "ADDRESS_AUTHORITY": "BATON ROUGE", "ABC": "YES", "BUSINESS_NAICS_CODE": 722140, "PHONE_NUMBER": null, "WEBSITE": null, "LATITUDE": 30, "LONGITUDE": -91 }, "geometry": { "type": "Point", "coordinates": [ -91.157930047528239, 30.487140467997605 ] } },
{ "type": "Feature", "properties": { "ADDRESS_ID": 80620, "BUSINESS_ID": 25955, "BUSINESS_NAME": "CALANDROS SUPERMARKET INC", "FULL_ADDRESS": "4142 GOVERNMENT ST", "CITY": "BATON ROUGE", "JURISDICTION": "EBRP", "STATE": "LOUISIANA", "COUNTRY": "UNITED STATES", "ZIP": 70806, "ADDRESS_AUTHORITY": "BATON ROUGE", "ABC": "YES", "BUSINESS_NAICS_CODE": 445110, "PHONE_NUMBER": null, "WEBSITE": "http://calandros.com/", "LATITUDE": 30, "LONGITUDE": -91 }, "geometry": { "type": "Point", "coordinates": [ -91.147309915371466, 30.444016917200692 ] } },
{ "type": "Feature", "properties": { "ADDRESS_ID": 80853, "BUSINESS_ID": 36540, "BUSINESS_NAME": "SUPER STOP", "FULL_ADDRESS": "4162 N FOSTER DR", "CITY": "BATON ROUGE", "JURISDICTION": "EBRP", "STATE": "LOUISIANA", "COUNTRY": "UNITED STATES", "ZIP": 70805, "ADDRESS_AUTHORITY": "BATON ROUGE", "ABC": "YES", "BUSINESS_NAICS_CODE": 445110, "PHONE_NUMBER": "225-355-7340", "WEBSITE": null, "LATITUDE": 30, "LONGITUDE": -91 }, "geometry": { "type": "Point", "coordinates": [ -91.140145129078235, 30.488496674223224 ] } },
{ "type": "Feature", "properties": { "ADDRESS_ID": 80920, "BUSINESS_ID": 67434, "BUSINESS_NAME": "BABYLONIA", "FULL_ADDRESS": "417 W WOODRUFF DR", "CITY": "BATON ROUGE", "JURISDICTION": "EBRP", "STATE": "LOUISIANA", "COUNTRY": "UNITED STATES", "ZIP": 70808, "ADDRESS_AUTHORITY": "BATON ROUGE", "ABC": "YES", "BUSINESS_NAICS_CODE": 722000, "PHONE_NUMBER": null, "WEBSITE": null, "LATITUDE": 30, "LONGITUDE": -91 }, "geometry": { "type": "Point", "coordinates": [ -91.145535176759495, 30.388951951529915 ] } },
{ "type": "Feature", "properties": { "ADDRESS_ID": 81247, "BUSINESS_ID": 11529, "BUSINESS_NAME": "HUNAN CHINESE RESTAURANT", "FULL_ADDRESS": "4215 STE 5 S SHERWOOD FOREST BLVD", "CITY": "BATON ROUGE", "JURISDICTION": "EBRP", "STATE": "LOUISIANA", "COUNTRY": "UNITED STATES", "ZIP": 70816, "ADDRESS_AUTHORITY": "BATON ROUGE", "ABC": "YES", "BUSINESS_NAICS_CODE": 722110, "PHONE_NUMBER": null, "WEBSITE": null, "LATITUDE": 30, "LONGITUDE": -91 }, "geometry": { "type": "Point", "coordinates": [ -91.05097053569493, 30.414846224112242 ] } },
{ "type": "Feature", "properties": { "ADDRESS_ID": 81653, "BUSINESS_ID": 48609, "BUSINESS_NAME": "IZZOS ILLEGAL BURRITO", "FULL_ADDRESS": "4245 BLUEBONNET BLVD", "CITY": "BATON ROUGE", "JURISDICTION": "EBRP", "STATE": "LOUISIANA", "COUNTRY": "UNITED STATES", "ZIP": 70809, "ADDRESS_AUTHORITY": "PARISH", "ABC": "YES", "BUSINESS_NAICS_CODE": 722000, "PHONE_NUMBER": null, "WEBSITE": null, "LATITUDE": 30, "LONGITUDE": -91 }, "geometry": { "type": "Point", "coordinates": [ -91.078562666734072, 30.410011331657856 ] } },
{ "type": "Feature", "properties": { "ADDRESS_ID": 82221, "BUSINESS_ID": 22262, "BUSINESS_NAME": "ON THE RIVER EVENTS BY LITTLE VILLAGE", "FULL_ADDRESS": "431 3RD ST", "CITY": "BATON ROUGE", "JURISDICTION": "EBRP", "STATE": "LOUISIANA", "COUNTRY": "UNITED STATES", "ZIP": 70802, "ADDRESS_AUTHORITY": "BATON ROUGE", "ABC": "YES", "BUSINESS_NAICS_CODE": 722000, "PHONE_NUMBER": null, "WEBSITE": null, "LATITUDE": 30, "LONGITUDE": -91 }, "geometry": { "type": "Point", "coordinates": [ -91.188431498963936, 30.450857122110616 ] } },
{ "type": "Feature", "properties": { "ADDRESS_ID": 82603, "BUSINESS_ID": 37011, "BUSINESS_NAME": "THE JEFFERSON", "FULL_ADDRESS": "4336 FLOYNELL DR", "CITY": "BATON ROUGE", "JURISDICTION": "EBRP", "STATE": "LOUISIANA", "COUNTRY": "UNITED STATES", "ZIP": 70809, "ADDRESS_AUTHORITY": "PARISH", "ABC": "YES", "BUSINESS_NAICS_CODE": 722000, "PHONE_NUMBER": null, "WEBSITE": null, "LATITUDE": 30, "LONGITUDE": -91 }, "geometry": { "type": "Point", "coordinates": [ -91.073827638932258, 30.409360073660157 ] } },
{ "type": "Feature", "properties": { "ADDRESS_ID": 82691, "BUSINESS_ID": 7162, "BUSINESS_NAME": "ROTOLO'S PIZZERIA", "FULL_ADDRESS": "4343 NICHOLSON DR", "CITY": "BATON ROUGE", "JURISDICTION": "EBRP", "STATE": "LOUISIANA", "COUNTRY": "UNITED STATES", "ZIP": 70808, "ADDRESS_AUTHORITY": "BATON ROUGE", "ABC": "YES", "BUSINESS_NAICS_CODE": 722110, "PHONE_NUMBER": null, "WEBSITE": null, "LATITUDE": 30, "LONGITUDE": -91 }, "geometry": { "type": "Point", "coordinates": [ -91.178081979695037, 30.39747206305929 ] } },
{ "type": "Feature", "properties": { "ADDRESS_ID": 82719, "BUSINESS_ID": 2142, "BUSINESS_NAME": "KWIK STOP", "FULL_ADDRESS": "4346 JOOR RD", "CITY": "BATON ROUGE", "JURISDICTION": "EBRP", "STATE": "LOUISIANA", "COUNTRY": "UNITED STATES", "ZIP": 70814, "ADDRESS_AUTHORITY": "PARISH", "ABC": "YES", "BUSINESS_NAICS_CODE": 447110, "PHONE_NUMBER": null, "WEBSITE": null, "LATITUDE": 30, "LONGITUDE": -91 }, "geometry": { "type": "Point", "coordinates": [ -91.088138117677474, 30.490892151512472 ] } },
{ "type": "Feature", "properties": { "ADDRESS_ID": 83094, "BUSINESS_ID": 37316, "BUSINESS_NAME": "TIGERLAND MARKET INC", "FULL_ADDRESS": "4383 NICHOLSON DR", "CITY": "BATON ROUGE", "JURISDICTION": "EBRP", "STATE": "LOUISIANA", "COUNTRY": "UNITED STATES", "ZIP": 70808, "ADDRESS_AUTHORITY": "BATON ROUGE", "ABC": "YES", "BUSINESS_NAICS_CODE": 445000, "PHONE_NUMBER": null, "WEBSITE": null, "LATITUDE": 30, "LONGITUDE": -91 }, "geometry": { "type": "Point", "coordinates": [ -91.17799235103999, 30.397074279568784 ] } },
{ "type": "Feature", "properties": { "ADDRESS_ID": 83153, "BUSINESS_ID": 20147, "BUSINESS_NAME": "RED ZEPPELIN PIZZA", "FULL_ADDRESS": "4395 PERKINS RD", "CITY": "BATON ROUGE", "JURISDICTION": "EBRP", "STATE": "LOUISIANA", "COUNTRY": "UNITED STATES", "ZIP": 70808, "ADDRESS_AUTHORITY": "BATON ROUGE", "ABC": "YES", "BUSINESS_NAICS_CODE": 722110, "PHONE_NUMBER": null, "WEBSITE": null, "LATITUDE": 30, "LONGITUDE": -91 }, "geometry": { "type": "Point", "coordinates": [ -91.145004615271432, 30.417482335227419 ] } },
{ "type": "Feature", "properties": { "ADDRESS_ID": 83213, "BUSINESS_ID": 50268, "BUSINESS_NAME": "STRIPES FOOD MART", "FULL_ADDRESS": "4405 ALVIN DARK AVE", "CITY": "BATON ROUGE", "JURISDICTION": "EBRP", "STATE": "LOUISIANA", "COUNTRY": "UNITED STATES", "ZIP": 70820, "ADDRESS_AUTHORITY": "BATON ROUGE", "ABC": "YES", "BUSINESS_NAICS_CODE": 445000, "PHONE_NUMBER": null, "WEBSITE": null, "LATITUDE": 30, "LONGITUDE": -91 }, "geometry": { "type": "Point", "coordinates": [ -91.180044250662661, 30.395647535557202 ] } },
{ "type": "Feature", "properties": { "ADDRESS_ID": 83320, "BUSINESS_ID": 26570, "BUSINESS_NAME": "CIRCLE K STORES 2708046", "FULL_ADDRESS": "4415 FLOYNELL DR", "CITY": "BATON ROUGE", "JURISDICTION": "EBRP", "STATE": "LOUISIANA", "COUNTRY": "UNITED STATES", "ZIP": 70809, "ADDRESS_AUTHORITY": "PARISH", "ABC": "YES", "BUSINESS_NAICS_CODE": 447000, "PHONE_NUMBER": "225-292-5237", "WEBSITE": "http://circlek.com/", "LATITUDE": 30, "LONGITUDE": -91 }, "geometry": { "type": "Point", "coordinates": [ -91.073080130182092, 30.409582776403159 ] } },
{ "type": "Feature", "properties": { "ADDRESS_ID": 83468, "BUSINESS_ID": 2142, "BUSINESS_NAME": "KWIK STOP", "FULL_ADDRESS": "4425 FLOYNELL DR", "CITY": "BATON ROUGE", "JURISDICTION": "EBRP", "STATE": "LOUISIANA", "COUNTRY": "UNITED STATES", "ZIP": 70809, "ADDRESS_AUTHORITY": "PARISH", "ABC": "YES", "BUSINESS_NAICS_CODE": 447110, "PHONE_NUMBER": null, "WEBSITE": null, "LATITUDE": 30, "LONGITUDE": -91 }, "geometry": { "type": "Point", "coordinates": [ -91.073097709261205, 30.409356587492329 ] } },
{ "type": "Feature", "properties": { "ADDRESS_ID": 83561, "BUSINESS_ID": 39408, "BUSINESS_NAME": "PLANK MARLET & DELI", "FULL_ADDRESS": "4432 PLANK RD", "CITY": "BATON ROUGE", "JURISDICTION": "EBRP", "STATE": "LOUISIANA", "COUNTRY": "UNITED STATES", "ZIP": 70805, "ADDRESS_AUTHORITY": "BATON ROUGE", "ABC": "YES", "BUSINESS_NAICS_CODE": 445000, "PHONE_NUMBER": null, "WEBSITE": null, "LATITUDE": 30, "LONGITUDE": -91 }, "geometry": { "type": "Point", "coordinates": [ -91.156100781298719, 30.490327248960558 ] } },
{ "type": "Feature", "properties": { "ADDRESS_ID": 83719, "BUSINESS_ID": 65629, "BUSINESS_NAME": "MELCHOR RENOVATIONS", "FULL_ADDRESS": "4444 KOLIN DR", "CITY": "BATON ROUGE", "JURISDICTION": "EBRP", "STATE": "LOUISIANA", "COUNTRY": "UNITED STATES", "ZIP": 70816, "ADDRESS_AUTHORITY": "PARISH", "ABC": "YES", "BUSINESS_NAICS_CODE": 815000, "PHONE_NUMBER": null, "WEBSITE": null, "LATITUDE": 30, "LONGITUDE": -91 }, "geometry": { "type": "Point", "coordinates": [ -91.060511508737392, 30.410745527623313 ] } },
{ "type": "Feature", "properties": { "ADDRESS_ID": 84062, "BUSINESS_ID": 38064, "BUSINESS_NAME": "WALGREENS # 06448", "FULL_ADDRESS": "4485 PERKINS RD", "CITY": "BATON ROUGE", "JURISDICTION": "EBRP", "STATE": "LOUISIANA", "COUNTRY": "UNITED STATES", "ZIP": 70808, "ADDRESS_AUTHORITY": "BATON ROUGE", "ABC": "YES", "BUSINESS_NAICS_CODE": 446110, "PHONE_NUMBER": "225-926-0734", "WEBSITE": "http://walgreens.com/", "LATITUDE": 30, "LONGITUDE": -91 }, "geometry": { "type": "Point", "coordinates": [ -91.143404416185604, 30.417215651618001 ] } },
{ "type": "Feature", "properties": { "ADDRESS_ID": 84108, "BUSINESS_ID": 27202, "BUSINESS_NAME": "CULTURE INC", "FULL_ADDRESS": "450 OKLAHOMA ST", "CITY": "BATON ROUGE", "JURISDICTION": "EBRP", "STATE": "LOUISIANA", "COUNTRY": "UNITED STATES", "ZIP": 70802, "ADDRESS_AUTHORITY": "BATON ROUGE", "ABC": "YES", "BUSINESS_NAICS_CODE": 722000, "PHONE_NUMBER": null, "WEBSITE": null, "LATITUDE": 30, "LONGITUDE": -91 }, "geometry": { "type": "Point", "coordinates": [ -91.188311035128024, 30.43507285133521 ] } },
{ "type": "Feature", "properties": { "ADDRESS_ID": 84394, "BUSINESS_ID": 26598, "BUSINESS_NAME": "CIRCLE K STORES #270765", "FULL_ADDRESS": "4527 PERKINS RD", "CITY": "BATON ROUGE", "JURISDICTION": "EBRP", "STATE": "LOUISIANA", "COUNTRY": "UNITED STATES", "ZIP": 70808, "ADDRESS_AUTHORITY": "BATON ROUGE", "ABC": "YES", "BUSINESS_NAICS_CODE": 447000, "PHONE_NUMBER": "225-216-7666", "WEBSITE": "http://circlek.com/", "LATITUDE": 30, "LONGITUDE": -91 }, "geometry": { "type": "Point", "coordinates": [ -91.14249235997454, 30.416639516450349 ] } },
{ "type": "Feature", "properties": { "ADDRESS_ID": 84550, "BUSINESS_ID": 29346, "BUSINESS_NAME": "GINOS RESTAURANT", "FULL_ADDRESS": "4542 BENNINGTON AVE", "CITY": "BATON ROUGE", "JURISDICTION": "EBRP", "STATE": "LOUISIANA", "COUNTRY": "UNITED STATES", "ZIP": 70808, "ADDRESS_AUTHORITY": "BATON ROUGE", "ABC": "YES", "BUSINESS_NAICS_CODE": 722000, "PHONE_NUMBER": null, "WEBSITE": null, "LATITUDE": 30, "LONGITUDE": -91 }, "geometry": { "type": "Point", "coordinates": [ -91.139424359119076, 30.420376907708334 ] } },
{ "type": "Feature", "properties": { "ADDRESS_ID": 84675, "BUSINESS_ID": 26463, "BUSINESS_NAME": "CHILIS HAMBURGER GRILL & BAR", "FULL_ADDRESS": "4550 CONSTITUTION AVE", "CITY": "BATON ROUGE", "JURISDICTION": "EBRP", "STATE": "LOUISIANA", "COUNTRY": "UNITED STATES", "ZIP": 70808, "ADDRESS_AUTHORITY": "BATON ROUGE", "ABC": "YES", "BUSINESS_NAICS_CODE": 722000, "PHONE_NUMBER": null, "WEBSITE": null, "LATITUDE": 30, "LONGITUDE": -91 }, "geometry": { "type": "Point", "coordinates": [ -91.139166426775461, 30.422162751284464 ] } },
{ "type": "Feature", "properties": { "ADDRESS_ID": 84760, "BUSINESS_ID": 36852, "BUSINESS_NAME": "TEXAS CLUB", "FULL_ADDRESS": "456 N DONMOOR AVE", "CITY": "BATON ROUGE", "JURISDICTION": "EBRP", "STATE": "LOUISIANA", "COUNTRY": "UNITED STATES", "ZIP": 70806, "ADDRESS_AUTHORITY": "BATON ROUGE", "ABC": "YES", "BUSINESS_NAICS_CODE": 722000, "PHONE_NUMBER": null, "WEBSITE": null, "LATITUDE": 30, "LONGITUDE": -91 }, "geometry": { "type": "Point", "coordinates": [ -91.118013370424819, 30.454153851828341 ] } },
{ "type": "Feature", "properties": { "ADDRESS_ID": 85026, "BUSINESS_ID": 37165, "BUSINESS_NAME": "THE STATION", "FULL_ADDRESS": "4608 BENNINGTON AVE", "CITY": "BATON ROUGE", "JURISDICTION": "EBRP", "STATE": "LOUISIANA", "COUNTRY": "UNITED STATES", "ZIP": 70808, "ADDRESS_AUTHORITY": "BATON ROUGE", "ABC": "YES", "BUSINESS_NAICS_CODE": 722000, "PHONE_NUMBER": null, "WEBSITE": null, "LATITUDE": 30, "LONGITUDE": -91 }, "geometry": { "type": "Point", "coordinates": [ -91.138803168089666, 30.420184290990367 ] } },
{ "type": "Feature", "properties": { "ADDRESS_ID": 85615, "BUSINESS_ID": 29780, "BUSINESS_NAME": "HAMPTON INN AND SUITES", "FULL_ADDRESS": "4646 CONSTITUTION AVE", "CITY": "BATON ROUGE", "JURISDICTION": "EBRP", "STATE": "LOUISIANA", "COUNTRY": "UNITED STATES", "ZIP": 70808, "ADDRESS_AUTHORITY": "BATON ROUGE", "ABC": "YES", "BUSINESS_NAICS_CODE": 721000, "PHONE_NUMBER": null, "WEBSITE": null, "LATITUDE": 30, "LONGITUDE": -91 }, "geometry": { "type": "Point", "coordinates": [ -91.137683853358411, 30.421994084899296 ] } },
{ "type": "Feature", "properties": { "ADDRESS_ID": 85814, "BUSINESS_ID": 34570, "BUSINESS_NAME": "RACETRAC #492", "FULL_ADDRESS": "4665 ESSEN LN", "CITY": "BATON ROUGE", "JURISDICTION": "EBRP", "STATE": "LOUISIANA", "COUNTRY": "UNITED STATES", "ZIP": 70809, "ADDRESS_AUTHORITY": "PARISH", "ABC": "YES", "BUSINESS_NAICS_CODE": 447000, "PHONE_NUMBER": null, "WEBSITE": null, "LATITUDE": 30, "LONGITUDE": -91 }, "geometry": { "type": "Point", "coordinates": [ -91.10220044685849, 30.405668785328896 ] } },
{ "type": "Feature", "properties": { "ADDRESS_ID": 85858, "BUSINESS_ID": 27436, "BUSINESS_NAME": "DAVE BROTHERS INC", "FULL_ADDRESS": "4670 PLANK RD", "CITY": "BATON ROUGE", "JURISDICTION": "EBRP", "STATE": "LOUISIANA", "COUNTRY": "UNITED STATES", "ZIP": 70805, "ADDRESS_AUTHORITY": "BATON ROUGE", "ABC": "YES", "BUSINESS_NAICS_CODE": 453000, "PHONE_NUMBER": null, "WEBSITE": null, "LATITUDE": 30, "LONGITUDE": -91 }, "geometry": { "type": "Point", "coordinates": [ -91.155037058336006, 30.492478394224289 ] } },
{ "type": "Feature", "properties": { "ADDRESS_ID": 85918, "BUSINESS_ID": 7424, "BUSINESS_NAME": "SEWELL'S COMMUNITY GROCERY STORE", "FULL_ADDRESS": "469 ELMER AVE", "CITY": "BATON ROUGE", "JURISDICTION": "EBRP", "STATE": "LOUISIANA", "COUNTRY": "UNITED STATES", "ZIP": 70807, "ADDRESS_AUTHORITY": "BATON ROUGE", "ABC": "YES", "BUSINESS_NAICS_CODE": 445110, "PHONE_NUMBER": "225-774-7336", "WEBSITE": null, "LATITUDE": 31, "LONGITUDE": -91 }, "geometry": { "type": "Point", "coordinates": [ -91.194042482089031, 30.538347562452035 ] } },
{ "type": "Feature", "properties": { "ADDRESS_ID": 85932, "BUSINESS_ID": 31303, "BUSINESS_NAME": "KIMS MARKET", "FULL_ADDRESS": "4695 NORTH ST", "CITY": "BATON ROUGE", "JURISDICTION": "EBRP", "STATE": "LOUISIANA", "COUNTRY": "UNITED STATES", "ZIP": 70802, "ADDRESS_AUTHORITY": "BATON ROUGE", "ABC": "YES", "BUSINESS_NAICS_CODE": 453000, "PHONE_NUMBER": null, "WEBSITE": null, "LATITUDE": 30, "LONGITUDE": -91 }, "geometry": { "type": "Point", "coordinates": [ -91.142493146484924, 30.454020775048289 ] } },
{ "type": "Feature", "properties": { "ADDRESS_ID": 86093, "BUSINESS_ID": 26593, "BUSINESS_NAME": "CIRCLE K STORE #2707654", "FULL_ADDRESS": "4718 PLANK RD", "CITY": "BATON ROUGE", "JURISDICTION": "EBRP", "STATE": "LOUISIANA", "COUNTRY": "UNITED STATES", "ZIP": 70805, "ADDRESS_AUTHORITY": "BATON ROUGE", "ABC": "YES", "BUSINESS_NAICS_CODE": 447000, "PHONE_NUMBER": null, "WEBSITE": "http://circlek.com/", "LATITUDE": 30, "LONGITUDE": -91 }, "geometry": { "type": "Point", "coordinates": [ -91.154855382159084, 30.493039475120995 ] } },
{ "type": "Feature", "properties": { "ADDRESS_ID": 86361, "BUSINESS_ID": 33327, "BUSINESS_NAME": "TIO JAVI'S FRESH MEX BAR AND GRILL", "FULL_ADDRESS": "4738 CONSTITUTION AVE", "CITY": "BATON ROUGE", "JURISDICTION": "EBRP", "STATE": "LOUISIANA", "COUNTRY": "UNITED STATES", "ZIP": 70808, "ADDRESS_AUTHORITY": "BATON ROUGE", "ABC": "YES", "BUSINESS_NAICS_CODE": 722000, "PHONE_NUMBER": null, "WEBSITE": null, "LATITUDE": 30, "LONGITUDE": -91 }, "geometry": { "type": "Point", "coordinates": [ -91.135623571327969, 30.422135788803843 ] } },
{ "type": "Feature", "properties": { "ADDRESS_ID": 86479, "BUSINESS_ID": 38068, "BUSINESS_NAME": "WALGREENS #2980", "FULL_ADDRESS": "4747 S SHERWOOD FOREST BLVD", "CITY": "BATON ROUGE", "JURISDICTION": "EBRP", "STATE": "LOUISIANA", "COUNTRY": "UNITED STATES", "ZIP": 70816, "ADDRESS_AUTHORITY": "BATON ROUGE", "ABC": "YES", "BUSINESS_NAICS_CODE": 446110, "PHONE_NUMBER": "225-292-8975", "WEBSITE": "http://walgreens.com/", "LATITUDE": 30, "LONGITUDE": -91 }, "geometry": { "type": "Point", "coordinates": [ -91.050989558563415, 30.410636816212193 ] } },
{ "type": "Feature", "properties": { "ADDRESS_ID": 86690, "BUSINESS_ID": 6874, "BUSINESS_NAME": "R. GALE CREED APPRAISOR AND REALTOR", "FULL_ADDRESS": "4765 PERKINS RD", "CITY": "BATON ROUGE", "JURISDICTION": "EBRP", "STATE": "LOUISIANA", "COUNTRY": "UNITED STATES", "ZIP": 70808, "ADDRESS_AUTHORITY": "BATON ROUGE", "ABC": "YES", "BUSINESS_NAICS_CODE": 531210, "PHONE_NUMBER": null, "WEBSITE": null, "LATITUDE": 30, "LONGITUDE": -91 }, "geometry": { "type": "Point", "coordinates": [ -91.140074436667945, 30.415467103384049 ] } },
{ "type": "Feature", "properties": { "ADDRESS_ID": 86884, "BUSINESS_ID": 40934, "BUSINESS_NAME": "EL PASO MEXICAN GRILL", "FULL_ADDRESS": "4808 S SHERWOOD FOREST BLVD", "CITY": "BATON ROUGE", "JURISDICTION": "EBRP", "STATE": "LOUISIANA", "COUNTRY": "UNITED STATES", "ZIP": 70816, "ADDRESS_AUTHORITY": "PARISH", "ABC": "YES", "BUSINESS_NAICS_CODE": 722000, "PHONE_NUMBER": null, "WEBSITE": null, "LATITUDE": 30, "LONGITUDE": -91 }, "geometry": { "type": "Point", "coordinates": [ -91.051995348692273, 30.410396543426135 ] } },
{ "type": "Feature", "properties": { "ADDRESS_ID": 87200, "BUSINESS_ID": 35278, "BUSINESS_NAME": "RUTH CHRIS STEAK HOUSE", "FULL_ADDRESS": "4836 CONSTITUTION AVE", "CITY": "BATON ROUGE", "JURISDICTION": "EBRP", "STATE": "LOUISIANA", "COUNTRY": "UNITED STATES", "ZIP": 70808, "ADDRESS_AUTHORITY": "BATON ROUGE", "ABC": "YES", "BUSINESS_NAICS_CODE": 722000, "PHONE_NUMBER": null, "WEBSITE": null, "LATITUDE": 30, "LONGITUDE": -91 }, "geometry": { "type": "Point", "coordinates": [ -91.134516338357102, 30.421799549242671 ] } },
{ "type": "Feature", "properties": { "ADDRESS_ID": 87362, "BUSINESS_ID": 25177, "BUSINESS_NAME": "BEECHWOOD MEAT MARKET", "FULL_ADDRESS": "4850 BEECHWOOD DR", "CITY": "BATON ROUGE", "JURISDICTION": "EBRP", "STATE": "LOUISIANA", "COUNTRY": "UNITED STATES", "ZIP": 70805, "ADDRESS_AUTHORITY": "BATON ROUGE", "ABC": "YES", "BUSINESS_NAICS_CODE": 445000, "PHONE_NUMBER": null, "WEBSITE": null, "LATITUDE": 30, "LONGITUDE": -91 }, "geometry": { "type": "Point", "coordinates": [ -91.143659833856702, 30.494615205432073 ] } },
{ "type": "Feature", "properties": { "ADDRESS_ID": 87372, "BUSINESS_ID": 3334, "BUSINESS_NAME": "FARMER'S MEAT MARKET & DELI", "FULL_ADDRESS": "4850 SCENIC HWY", "CITY": "BATON ROUGE", "JURISDICTION": "EBRP", "STATE": "LOUISIANA", "COUNTRY": "UNITED STATES", "ZIP": 70805, "ADDRESS_AUTHORITY": "BATON ROUGE", "ABC": "YES", "BUSINESS_NAICS_CODE": 445210, "PHONE_NUMBER": null, "WEBSITE": null, "LATITUDE": 30, "LONGITUDE": -91 }, "geometry": { "type": "Point", "coordinates": [ -91.169283321077629, 30.493485526547971 ] } },
{ "type": "Feature", "properties": { "ADDRESS_ID": 87373, "BUSINESS_ID": 28026, "BUSINESS_NAME": "DUANG TAWAN THAI SUSHI BAR", "FULL_ADDRESS": "4850 S SHERWOOD FOREST BLVD", "CITY": "BATON ROUGE", "JURISDICTION": "EBRP", "STATE": "LOUISIANA", "COUNTRY": "UNITED STATES", "ZIP": 70816, "ADDRESS_AUTHORITY": "PARISH", "ABC": "YES", "BUSINESS_NAICS_CODE": 722000, "PHONE_NUMBER": null, "WEBSITE": null, "LATITUDE": 30, "LONGITUDE": -91 }, "geometry": { "type": "Point", "coordinates": [ -91.051794842236006, 30.409997892309129 ] } },
{ "type": "Feature", "properties": { "ADDRESS_ID": 87386, "BUSINESS_ID": 26584, "BUSINESS_NAME": "CIRCLE K STORE 2709723", "FULL_ADDRESS": "4851 O'NEAL LN", "CITY": "BATON ROUGE", "JURISDICTION": "EBRP", "STATE": "LOUISIANA", "COUNTRY": "UNITED STATES", "ZIP": 70817, "ADDRESS_AUTHORITY": "PARISH", "ABC": "YES", "BUSINESS_NAICS_CODE": 447000, "PHONE_NUMBER": "225-753-2169", "WEBSITE": "http://circlek.com/", "LATITUDE": 30, "LONGITUDE": -91 }, "geometry": { "type": "Point", "coordinates": [ -91.008166913388024, 30.407905010723606 ] } },
{ "type": "Feature", "properties": { "ADDRESS_ID": 87437, "BUSINESS_ID": 24068, "BUSINESS_NAME": "ALBERTSONS #3750", "FULL_ADDRESS": "4857 GOVERNMENT ST", "CITY": "BATON ROUGE", "JURISDICTION": "EBRP", "STATE": "LOUISIANA", "COUNTRY": "UNITED STATES", "ZIP": 70806, "ADDRESS_AUTHORITY": "BATON ROUGE", "ABC": "YES", "BUSINESS_NAICS_CODE": 445110, "PHONE_NUMBER": "225-216-7226", "WEBSITE": "http://albertsons.com/", "LATITUDE": 30, "LONGITUDE": -91 }, "geometry": { "type": "Point", "coordinates": [ -91.140187378265765, 30.445040604637637 ] } },
{ "type": "Feature", "properties": { "ADDRESS_ID": 87501, "BUSINESS_ID": 26616, "BUSINESS_NAME": "CITY FOOD MART", "FULL_ADDRESS": "4865 PLANK RD", "CITY": "BATON ROUGE", "JURISDICTION": "EBRP", "STATE": "LOUISIANA", "COUNTRY": "UNITED STATES", "ZIP": 70805, "ADDRESS_AUTHORITY": "BATON ROUGE", "ABC": "YES", "BUSINESS_NAICS_CODE": 453000, "PHONE_NUMBER": null, "WEBSITE": null, "LATITUDE": 30, "LONGITUDE": -91 }, "geometry": { "type": "Point", "coordinates": [ -91.155245516182163, 30.4945633277047 ] } },
{ "type": "Feature", "properties": { "ADDRESS_ID": 87629, "BUSINESS_ID": 2710, "BUSINESS_NAME": "DELMONT LOUNGE", "FULL_ADDRESS": "4888 PLANK RD", "CITY": "BATON ROUGE", "JURISDICTION": "EBRP", "STATE": "LOUISIANA", "COUNTRY": "UNITED STATES", "ZIP": 70805, "ADDRESS_AUTHORITY": "BATON ROUGE", "ABC": "YES", "BUSINESS_NAICS_CODE": 722410, "PHONE_NUMBER": null, "WEBSITE": null, "LATITUDE": 30, "LONGITUDE": -91 }, "geometry": { "type": "Point", "coordinates": [ -91.154691550778566, 30.49430517528555 ] } },
{ "type": "Feature", "properties": { "ADDRESS_ID": 87642, "BUSINESS_ID": 17401, "BUSINESS_NAME": "GUS YOUNG MEAT MARKET", "FULL_ADDRESS": "4896 GUS YOUNG AVE", "CITY": "BATON ROUGE", "JURISDICTION": "EBRP", "STATE": "LOUISIANA", "COUNTRY": "UNITED STATES", "ZIP": 70802, "ADDRESS_AUTHORITY": "BATON ROUGE", "ABC": "YES", "BUSINESS_NAICS_CODE": 445210, "PHONE_NUMBER": null, "WEBSITE": null, "LATITUDE": 30, "LONGITUDE": -91 }, "geometry": { "type": "Point", "coordinates": [ -91.141506695915794, 30.461896007005041 ] } },
{ "type": "Feature", "properties": { "ADDRESS_ID": 87761, "BUSINESS_ID": 39851, "BUSINESS_NAME": "EMBASSY SUITES BATON ROUGE", "FULL_ADDRESS": "4914 CONSTITUTION AVE", "CITY": "BATON ROUGE", "JURISDICTION": "EBRP", "STATE": "LOUISIANA", "COUNTRY": "UNITED STATES", "ZIP": 70808, "ADDRESS_AUTHORITY": "BATON ROUGE", "ABC": "YES", "BUSINESS_NAICS_CODE": 721000, "PHONE_NUMBER": null, "WEBSITE": null, "LATITUDE": 30, "LONGITUDE": -91 }, "geometry": { "type": "Point", "coordinates": [ -91.133050047220024, 30.421405929126426 ] } },
{ "type": "Feature", "properties": { "ADDRESS_ID": 87804, "BUSINESS_ID": 41952, "BUSINESS_NAME": "CVS PHARMACY #5319", "FULL_ADDRESS": "4919 AIRLINE HWY", "CITY": "BATON ROUGE", "JURISDICTION": "EBRP", "STATE": "LOUISIANA", "COUNTRY": "UNITED STATES", "ZIP": 70811, "ADDRESS_AUTHORITY": "BATON ROUGE", "ABC": "YES", "BUSINESS_NAICS_CODE": null, "PHONE_NUMBER": null, "WEBSITE": null, "LATITUDE": 31, "LONGITUDE": -91 }, "geometry": { "type": "Point", "coordinates": [ -91.141022297549213, 30.509149329571581 ] } },
{ "type": "Feature", "properties": { "ADDRESS_ID": 88228, "BUSINESS_ID": 26561, "BUSINESS_NAME": "CIRCLE K STORE 2703772", "FULL_ADDRESS": "4959 EVANGELINE ST", "CITY": "BATON ROUGE", "JURISDICTION": "EBRP", "STATE": "LOUISIANA", "COUNTRY": "UNITED STATES", "ZIP": 70805, "ADDRESS_AUTHORITY": "BATON ROUGE", "ABC": "YES", "BUSINESS_NAICS_CODE": 447000, "PHONE_NUMBER": "225-356-8972", "WEBSITE": "http://circlek.com/", "LATITUDE": 30, "LONGITUDE": -91 }, "geometry": { "type": "Point", "coordinates": [ -91.14110519293537, 30.49347936051258 ] } },
{ "type": "Feature", "properties": { "ADDRESS_ID": 88817, "BUSINESS_ID": 26582, "BUSINESS_NAME": "CIRCLE K STORE 2729721", "FULL_ADDRESS": "5035 GOVERNMENT ST", "CITY": "BATON ROUGE", "JURISDICTION": "EBRP", "STATE": "LOUISIANA", "COUNTRY": "UNITED STATES", "ZIP": 70806, "ADDRESS_AUTHORITY": "BATON ROUGE", "ABC": "YES", "BUSINESS_NAICS_CODE": 447000, "PHONE_NUMBER": null, "WEBSITE": "http://circlek.com/", "LATITUDE": 30, "LONGITUDE": -91 }, "geometry": { "type": "Point", "coordinates": [ -91.138219685574583, 30.444858435966918 ] } },
{ "type": "Feature", "properties": { "ADDRESS_ID": 88823, "BUSINESS_ID": 32392, "BUSINESS_NAME": "MARECOS LOUNGE", "FULL_ADDRESS": "5035 PLANK RD", "CITY": "BATON ROUGE", "JURISDICTION": "EBRP", "STATE": "LOUISIANA", "COUNTRY": "UNITED STATES", "ZIP": 70805, "ADDRESS_AUTHORITY": "BATON ROUGE", "ABC": "YES", "BUSINESS_NAICS_CODE": 722000, "PHONE_NUMBER": null, "WEBSITE": null, "LATITUDE": 30, "LONGITUDE": -91 }, "geometry": { "type": "Point", "coordinates": [ -91.155040314208463, 30.495139038128784 ] } },
{ "type": "Feature", "properties": { "ADDRESS_ID": 89068, "BUSINESS_ID": 41432, "BUSINESS_NAME": "SHELL", "FULL_ADDRESS": "5055 JONES CREEK RD", "CITY": "BATON ROUGE", "JURISDICTION": "EBRP", "STATE": "LOUISIANA", "COUNTRY": "UNITED STATES", "ZIP": 70817, "ADDRESS_AUTHORITY": "PARISH", "ABC": "YES", "BUSINESS_NAICS_CODE": 447000, "PHONE_NUMBER": null, "WEBSITE": null, "LATITUDE": 30, "LONGITUDE": -91 }, "geometry": { "type": "Point", "coordinates": [ -91.015701090681446, 30.408079319747539 ] } },
{ "type": "Feature", "properties": { "ADDRESS_ID": 89340, "BUSINESS_ID": 26437, "BUSINESS_NAME": "CHEVRON FOOD MART #2", "FULL_ADDRESS": "510 SAINT FERDINAND ST", "CITY": "BATON ROUGE", "JURISDICTION": "EBRP", "STATE": "LOUISIANA", "COUNTRY": "UNITED STATES", "ZIP": 70802, "ADDRESS_AUTHORITY": "BATON ROUGE", "ABC": "YES", "BUSINESS_NAICS_CODE": 447000, "PHONE_NUMBER": null, "WEBSITE": null, "LATITUDE": 30, "LONGITUDE": -91 }, "geometry": { "type": "Point", "coordinates": [ -91.186711011901707, 30.443117915030996 ] } },
{ "type": "Feature", "properties": { "ADDRESS_ID": 89358, "BUSINESS_ID": 24342, "BUSINESS_NAME": "ANDREW FOOD MART", "FULL_ADDRESS": "5102 GOVERNMENT ST", "CITY": "BATON ROUGE", "JURISDICTION": "EBRP", "STATE": "LOUISIANA", "COUNTRY": "UNITED STATES", "ZIP": 70806, "ADDRESS_AUTHORITY": "BATON ROUGE", "ABC": "YES", "BUSINESS_NAICS_CODE": 445110, "PHONE_NUMBER": "225-928-9191", "WEBSITE": null, "LATITUDE": 30, "LONGITUDE": -91 }, "geometry": { "type": "Point", "coordinates": [ -91.137243597817871, 30.444322736109228 ] } },
{ "type": "Feature", "properties": { "ADDRESS_ID": 89507, "BUSINESS_ID": 38072, "BUSINESS_NAME": "WALGREENS #3047", "FULL_ADDRESS": "5112 ESSEN LN", "CITY": "BATON ROUGE", "JURISDICTION": "EBRP", "STATE": "LOUISIANA", "COUNTRY": "UNITED STATES", "ZIP": 70809, "ADDRESS_AUTHORITY": "BATON ROUGE", "ABC": "YES", "BUSINESS_NAICS_CODE": 446110, "PHONE_NUMBER": "225-769-7224", "WEBSITE": "http://walgreens.com/", "LATITUDE": 30, "LONGITUDE": -91 }, "geometry": { "type": "Point", "coordinates": [ -91.106096428936738, 30.401424244941264 ] } },
{ "type": "Feature", "properties": { "ADDRESS_ID": 90317, "BUSINESS_ID": 6716, "BUSINESS_NAME": "PRESCOTT GROCERY", "FULL_ADDRESS": "5153 PRESCOTT RD", "CITY": "BATON ROUGE", "JURISDICTION": "EBRP", "STATE": "LOUISIANA", "COUNTRY": "UNITED STATES", "ZIP": 70805, "ADDRESS_AUTHORITY": "BATON ROUGE", "ABC": "YES", "BUSINESS_NAICS_CODE": 445000, "PHONE_NUMBER": null, "WEBSITE": null, "LATITUDE": 30, "LONGITUDE": -91 }, "geometry": { "type": "Point", "coordinates": [ -91.138549559302234, 30.487899726351909 ] } },
{ "type": "Feature", "properties": { "ADDRESS_ID": 90919, "BUSINESS_ID": 37408, "BUSINESS_NAME": "TONYS SEAFOOD", "FULL_ADDRESS": "5215 PLANK RD", "CITY": "BATON ROUGE", "JURISDICTION": "EBRP", "STATE": "LOUISIANA", "COUNTRY": "UNITED STATES", "ZIP": 70805, "ADDRESS_AUTHORITY": "BATON ROUGE", "ABC": "YES", "BUSINESS_NAICS_CODE": 445000, "PHONE_NUMBER": null, "WEBSITE": null, "LATITUDE": 30, "LONGITUDE": -91 }, "geometry": { "type": "Point", "coordinates": [ -91.154405469733589, 30.497025018203107 ] } },
{ "type": "Feature", "properties": { "ADDRESS_ID": 91952, "BUSINESS_ID": 38998, "BUSINESS_NAME": "JENKA PHOTOGRAPHY LLC", "FULL_ADDRESS": "5278 HUNTERS PARK AVE", "CITY": "BATON ROUGE", "JURISDICTION": "EBRP", "STATE": "LOUISIANA", "COUNTRY": "UNITED STATES", "ZIP": 70817, "ADDRESS_AUTHORITY": "PARISH", "ABC": "YES", "BUSINESS_NAICS_CODE": 541000, "PHONE_NUMBER": null, "WEBSITE": null, "LATITUDE": 30, "LONGITUDE": -91 }, "geometry": { "type": "Point", "coordinates": [ -91.02212582676745, 30.405632107023358 ] } },
{ "type": "Feature", "properties": { "ADDRESS_ID": 91989, "BUSINESS_ID": 33576, "BUSINESS_NAME": "OUTBACK STEAKHOUSE", "FULL_ADDRESS": "5280 JONES CREEK RD", "CITY": "BATON ROUGE", "JURISDICTION": "EBRP", "STATE": "LOUISIANA", "COUNTRY": "UNITED STATES", "ZIP": 70817, "ADDRESS_AUTHORITY": "PARISH", "ABC": "YES", "BUSINESS_NAICS_CODE": 722000, "PHONE_NUMBER": null, "WEBSITE": null, "LATITUDE": 30, "LONGITUDE": -91 }, "geometry": { "type": "Point", "coordinates": [ -91.016837037276943, 30.406801465920434 ] } },
{ "type": "Feature", "properties": { "ADDRESS_ID": 92167, "BUSINESS_ID": 36390, "BUSINESS_NAME": "STORE #144", "FULL_ADDRESS": "5310 N FLANNERY RD", "CITY": "BATON ROUGE", "JURISDICTION": "EBRP", "STATE": "LOUISIANA", "COUNTRY": "UNITED STATES", "ZIP": 70814, "ADDRESS_AUTHORITY": "PARISH", "ABC": "YES", "BUSINESS_NAICS_CODE": 445000, "PHONE_NUMBER": null, "WEBSITE": null, "LATITUDE": 30, "LONGITUDE": -91 }, "geometry": { "type": "Point", "coordinates": [ -91.042975920281094, 30.498135911969605 ] } },
{ "type": "Feature", "properties": { "ADDRESS_ID": 92692, "BUSINESS_ID": 2569, "BUSINESS_NAME": "CVS PHARMACY", "FULL_ADDRESS": "5360 HIGHLAND RD", "CITY": "BATON ROUGE", "JURISDICTION": "EBRP", "STATE": "LOUISIANA", "COUNTRY": "UNITED STATES", "ZIP": 70808, "ADDRESS_AUTHORITY": "BATON ROUGE", "ABC": "YES", "BUSINESS_NAICS_CODE": 446110, "PHONE_NUMBER": null, "WEBSITE": "http://cvs.com/", "LATITUDE": 30, "LONGITUDE": -91 }, "geometry": { "type": "Point", "coordinates": [ -91.15969499283662, 30.393301104866829 ] } },
{ "type": "Feature", "properties": { "ADDRESS_ID": 92883, "BUSINESS_ID": 35138, "BUSINESS_NAME": "ROMANS CAFE", "FULL_ADDRESS": "5350 GOVERNMENT ST", "CITY": "BATON ROUGE", "JURISDICTION": "EBRP", "STATE": "LOUISIANA", "COUNTRY": "UNITED STATES", "ZIP": 70806, "ADDRESS_AUTHORITY": "BATON ROUGE", "ABC": "YES", "BUSINESS_NAICS_CODE": 722000, "PHONE_NUMBER": null, "WEBSITE": null, "LATITUDE": 30, "LONGITUDE": -91 }, "geometry": { "type": "Point", "coordinates": [ -91.134874469488935, 30.444423342846427 ] } },
{ "type": "Feature", "properties": { "ADDRESS_ID": 93161, "BUSINESS_ID": 26585, "BUSINESS_NAME": "CIRCLE K  STORES, INC 2709724", "FULL_ADDRESS": "5377 HIGHLAND RD", "CITY": "BATON ROUGE", "JURISDICTION": "EBRP", "STATE": "LOUISIANA", "COUNTRY": "UNITED STATES", "ZIP": 70808, "ADDRESS_AUTHORITY": "BATON ROUGE", "ABC": "YES", "BUSINESS_NAICS_CODE": 447000, "PHONE_NUMBER": "225-766-6365", "WEBSITE": "http://circlek.com/", "LATITUDE": 30, "LONGITUDE": -91 }, "geometry": { "type": "Point", "coordinates": [ -91.159113728072569, 30.394030798999466 ] } },
{ "type": "Feature", "properties": { "ADDRESS_ID": 93384, "BUSINESS_ID": 17324, "BUSINESS_NAME": "BISTRO BYRONZ", "FULL_ADDRESS": "5412 GOVERNMENT ST", "CITY": "BATON ROUGE", "JURISDICTION": "EBRP", "STATE": "LOUISIANA", "COUNTRY": "UNITED STATES", "ZIP": 70806, "ADDRESS_AUTHORITY": "BATON ROUGE", "ABC": "YES", "BUSINESS_NAICS_CODE": 722110, "PHONE_NUMBER": null, "WEBSITE": null, "LATITUDE": 30, "LONGITUDE": -91 }, "geometry": { "type": "Point", "coordinates": [ -91.134236721400271, 30.444404579026592 ] } },
{ "type": "Feature", "properties": { "ADDRESS_ID": 93702, "BUSINESS_ID": 33502, "BUSINESS_NAME": "ONE STOP MARKET & DELI", "FULL_ADDRESS": "5433 EVANGELINE ST", "CITY": "BATON ROUGE", "JURISDICTION": "EBRP", "STATE": "LOUISIANA", "COUNTRY": "UNITED STATES", "ZIP": 70805, "ADDRESS_AUTHORITY": "BATON ROUGE", "ABC": "YES", "BUSINESS_NAICS_CODE": 445000, "PHONE_NUMBER": null, "WEBSITE": null, "LATITUDE": 30, "LONGITUDE": -91 }, "geometry": { "type": "Point", "coordinates": [ -91.135629006537698, 30.493568442416287 ] } },
{ "type": "Feature", "properties": { "ADDRESS_ID": 93736, "BUSINESS_ID": 36549, "BUSINESS_NAME": "SUPERIOR BAR AND GRILL", "FULL_ADDRESS": "5435 GOVERNMENT ST", "CITY": "BATON ROUGE", "JURISDICTION": "EBRP", "STATE": "LOUISIANA", "COUNTRY": "UNITED STATES", "ZIP": 70806, "ADDRESS_AUTHORITY": "BATON ROUGE", "ABC": "YES", "BUSINESS_NAICS_CODE": 722000, "PHONE_NUMBER": null, "WEBSITE": null, "LATITUDE": 30, "LONGITUDE": -91 }, "geometry": { "type": "Point", "coordinates": [ -91.133721736594268, 30.444915691892263 ] } },
{ "type": "Feature", "properties": { "ADDRESS_ID": 93966, "BUSINESS_ID": 38069, "BUSINESS_NAME": "WALGREENS #2982", "FULL_ADDRESS": "5450 PLANK RD", "CITY": "BATON ROUGE", "JURISDICTION": "EBRP", "STATE": "LOUISIANA", "COUNTRY": "UNITED STATES", "ZIP": 70805, "ADDRESS_AUTHORITY": "BATON ROUGE", "ABC": "YES", "BUSINESS_NAICS_CODE": 446110, "PHONE_NUMBER": "225-355-9782", "WEBSITE": "http://walgreens.com/", "LATITUDE": 30, "LONGITUDE": -91 }, "geometry": { "type": "Point", "coordinates": [ -91.152575344974125, 30.498954001931853 ] } },
{ "type": "Feature", "properties": { "ADDRESS_ID": 94326, "BUSINESS_ID": 2142, "BUSINESS_NAME": "KWIK STOP", "FULL_ADDRESS": "5505 AIRLINE HWY", "CITY": "BATON ROUGE", "JURISDICTION": "EBRP", "STATE": "LOUISIANA", "COUNTRY": "UNITED STATES", "ZIP": 70812, "ADDRESS_AUTHORITY": "BATON ROUGE", "ABC": "YES", "BUSINESS_NAICS_CODE": 447110, "PHONE_NUMBER": null, "WEBSITE": null, "LATITUDE": 31, "LONGITUDE": -91 }, "geometry": { "type": "Point", "coordinates": [ -91.134934457519662, 30.50644409876546 ] } },
{ "type": "Feature", "properties": { "ADDRESS_ID": 94506, "BUSINESS_ID": 4163, "BUSINESS_NAME": "HOLDEN'S GROCERY & PACKAGE", "FULL_ADDRESS": "5520 DOUGLAS AVE", "CITY": "BATON ROUGE", "JURISDICTION": "EBRP", "STATE": "LOUISIANA", "COUNTRY": "UNITED STATES", "ZIP": 70805, "ADDRESS_AUTHORITY": "BATON ROUGE", "ABC": "YES", "BUSINESS_NAICS_CODE": 445110, "PHONE_NUMBER": "225-356-6945", "WEBSITE": null, "LATITUDE": 30, "LONGITUDE": -91 }, "geometry": { "type": "Point", "coordinates": [ -91.160415282182868, 30.499907940292271 ] } },
{ "type": "Feature", "properties": { "ADDRESS_ID": 94522, "BUSINESS_ID": 41046, "BUSINESS_NAME": "HOLLYWOOD FOOD MART", "FULL_ADDRESS": "5521 MC CLELLAND DR", "CITY": "BATON ROUGE", "JURISDICTION": "EBRP", "STATE": "LOUISIANA", "COUNTRY": "UNITED STATES", "ZIP": 70805, "ADDRESS_AUTHORITY": "BATON ROUGE", "ABC": "YES", "BUSINESS_NAICS_CODE": 445000, "PHONE_NUMBER": null, "WEBSITE": null, "LATITUDE": 31, "LONGITUDE": -91 }, "geometry": { "type": "Point", "coordinates": [ -91.135449433418529, 30.500117666314051 ] } },
{ "type": "Feature", "properties": { "ADDRESS_ID": 94537, "BUSINESS_ID": 64041, "BUSINESS_NAME": "FRIEND S FOOD MART", "FULL_ADDRESS": "5522 SAINT GERARD AVE", "CITY": "BATON ROUGE", "JURISDICTION": "EBRP", "STATE": "LOUISIANA", "COUNTRY": "UNITED STATES", "ZIP": 70805, "ADDRESS_AUTHORITY": "BATON ROUGE", "ABC": "YES", "BUSINESS_NAICS_CODE": 445000, "PHONE_NUMBER": null, "WEBSITE": null, "LATITUDE": 30, "LONGITUDE": -91 }, "geometry": { "type": "Point", "coordinates": [ -91.134928790209898, 30.497698338884366 ] } },
{ "type": "Feature", "properties": { "ADDRESS_ID": 95012, "BUSINESS_ID": 59773, "BUSINESS_NAME": "CIRCLE K STORES #2706826", "FULL_ADDRESS": "5550 BLUEBONNET BLVD", "CITY": "BATON ROUGE", "JURISDICTION": "EBRP", "STATE": "LOUISIANA", "COUNTRY": "UNITED STATES", "ZIP": 70809, "ADDRESS_AUTHORITY": "PARISH", "ABC": "YES", "BUSINESS_NAICS_CODE": 447000, "PHONE_NUMBER": null, "WEBSITE": null, "LATITUDE": 30, "LONGITUDE": -91 }, "geometry": { "type": "Point", "coordinates": [ -91.085015754671858, 30.397137536865397 ] } },
{ "type": "Feature", "properties": { "ADDRESS_ID": 95061, "BUSINESS_ID": 38361, "BUSINESS_NAME": "WINN DIXIE #1454", "FULL_ADDRESS": "5555 BURBANK DR", "CITY": "BATON ROUGE", "JURISDICTION": "EBRP", "STATE": "LOUISIANA", "COUNTRY": "UNITED STATES", "ZIP": 70808, "ADDRESS_AUTHORITY": "BATON ROUGE", "ABC": "YES", "BUSINESS_NAICS_CODE": 445000, "PHONE_NUMBER": "225-757-0501", "WEBSITE": "https://winndixie.com", "LATITUDE": 30, "LONGITUDE": -91 }, "geometry": { "type": "Point", "coordinates": [ -91.162277559142865, 30.393275075690966 ] } },
{ "type": "Feature", "properties": { "ADDRESS_ID": 95099, "BUSINESS_ID": 37709, "BUSINESS_NAME": "UNCLE MO FOOD MART & DELI", "FULL_ADDRESS": "5557 PLANK RD", "CITY": "BATON ROUGE", "JURISDICTION": "EBRP", "STATE": "LOUISIANA", "COUNTRY": "UNITED STATES", "ZIP": 70805, "ADDRESS_AUTHORITY": "BATON ROUGE", "ABC": "YES", "BUSINESS_NAICS_CODE": 445000, "PHONE_NUMBER": null, "WEBSITE": null, "LATITUDE": 31, "LONGITUDE": -91 }, "geometry": { "type": "Point", "coordinates": [ -91.153295391286349, 30.500120159902476 ] } },
{ "type": "Feature", "properties": { "ADDRESS_ID": 95272, "BUSINESS_ID": 25631, "BUSINESS_NAME": "BREW BACHERS GRILL #3", "FULL_ADDRESS": "5580 GOVERNMENT ST", "CITY": "BATON ROUGE", "JURISDICTION": "EBRP", "STATE": "LOUISIANA", "COUNTRY": "UNITED STATES", "ZIP": 70806, "ADDRESS_AUTHORITY": "BATON ROUGE", "ABC": "YES", "BUSINESS_NAICS_CODE": 722000, "PHONE_NUMBER": null, "WEBSITE": null, "LATITUDE": 30, "LONGITUDE": -91 }, "geometry": { "type": "Point", "coordinates": [ -91.132903109715343, 30.444301084176686 ] } },
{ "type": "Feature", "properties": { "ADDRESS_ID": 95367, "BUSINESS_ID": 2142, "BUSINESS_NAME": "KWIK STOP", "FULL_ADDRESS": "5605 JONES CREEK RD", "CITY": "BATON ROUGE", "JURISDICTION": "EBRP", "STATE": "LOUISIANA", "COUNTRY": "UNITED STATES", "ZIP": 70817, "ADDRESS_AUTHORITY": "PARISH", "ABC": "YES", "BUSINESS_NAICS_CODE": 447110, "PHONE_NUMBER": null, "WEBSITE": null, "LATITUDE": 30, "LONGITUDE": -91 }, "geometry": { "type": "Point", "coordinates": [ -91.016380714944731, 30.402337430443097 ] } },
{ "type": "Feature", "properties": { "ADDRESS_ID": 95796, "BUSINESS_ID": 29039, "BUSINESS_NAME": "FRESH GROCERY", "FULL_ADDRESS": "5635 GREENWELL SPRINGS RD", "CITY": "BATON ROUGE", "JURISDICTION": "EBRP", "STATE": "LOUISIANA", "COUNTRY": "UNITED STATES", "ZIP": 70806, "ADDRESS_AUTHORITY": "BATON ROUGE", "ABC": "YES", "BUSINESS_NAICS_CODE": 445000, "PHONE_NUMBER": null, "WEBSITE": null, "LATITUDE": 30, "LONGITUDE": -91 }, "geometry": { "type": "Point", "coordinates": [ -91.133075142137727, 30.466304495378051 ] } },
{ "type": "Feature", "properties": { "ADDRESS_ID": 96097, "BUSINESS_ID": 28871, "BUSINESS_NAME": "FLEUR DE LIS COCKTAIL LOUNGE, INC.", "FULL_ADDRESS": "5655 GOVERNMENT ST", "CITY": "BATON ROUGE", "JURISDICTION": "EBRP", "STATE": "LOUISIANA", "COUNTRY": "UNITED STATES", "ZIP": 70806, "ADDRESS_AUTHORITY": "BATON ROUGE", "ABC": "YES", "BUSINESS_NAICS_CODE": 722000, "PHONE_NUMBER": null, "WEBSITE": null, "LATITUDE": 30, "LONGITUDE": -91 }, "geometry": { "type": "Point", "coordinates": [ -91.131500957270575, 30.44482882119064 ] } },
{ "type": "Feature", "properties": { "ADDRESS_ID": 96243, "BUSINESS_ID": 25282, "BUSINESS_NAME": "RICHMOND INN AND SUITES TRADEMARK COLLECTION BY WYNDHAM", "FULL_ADDRESS": "2683 ENERGY DR", "CITY": "BATON ROUGE", "JURISDICTION": "EBRP", "STATE": "LOUISIANA", "COUNTRY": "UNITED STATES", "ZIP": 70808, "ADDRESS_AUTHORITY": "BATON ROUGE", "ABC": "YES", "BUSINESS_NAICS_CODE": 721000, "PHONE_NUMBER": null, "WEBSITE": null, "LATITUDE": 30, "LONGITUDE": -91 }, "geometry": { "type": "Point", "coordinates": [ -91.131836833037639, 30.423663945103161 ] } },
{ "type": "Feature", "properties": { "ADDRESS_ID": 96360, "BUSINESS_ID": 34060, "BUSINESS_NAME": "PLANK ROAD MARKET", "FULL_ADDRESS": "5686 PLANK RD", "CITY": "BATON ROUGE", "JURISDICTION": "EBRP", "STATE": "LOUISIANA", "COUNTRY": "UNITED STATES", "ZIP": 70805, "ADDRESS_AUTHORITY": "BATON ROUGE", "ABC": "YES", "BUSINESS_NAICS_CODE": 445110, "PHONE_NUMBER": "225-355-0220", "WEBSITE": null, "LATITUDE": 31, "LONGITUDE": -91 }, "geometry": { "type": "Point", "coordinates": [ -91.152005030716069, 30.502017199912977 ] } },
{ "type": "Feature", "properties": { "ADDRESS_ID": 96816, "BUSINESS_ID": 35172, "BUSINESS_NAME": "ROSEMARY'S FOOD MART", "FULL_ADDRESS": "5732 SILVERLEAF AVE", "CITY": "BATON ROUGE", "JURISDICTION": "EBRP", "STATE": "LOUISIANA", "COUNTRY": "UNITED STATES", "ZIP": 70812, "ADDRESS_AUTHORITY": "PARISH", "ABC": "YES", "BUSINESS_NAICS_CODE": 445110, "PHONE_NUMBER": "225-355-5560", "WEBSITE": null, "LATITUDE": 31, "LONGITUDE": -91 }, "geometry": { "type": "Point", "coordinates": [ -91.124984215178785, 30.502698159049928 ] } },
{ "type": "Feature", "properties": { "ADDRESS_ID": 96961, "BUSINESS_ID": 7558, "BUSINESS_NAME": "SILVERLEAF GROCERY", "FULL_ADDRESS": "5742 SILVERLEAF AVE", "CITY": "BATON ROUGE", "JURISDICTION": "EBRP", "STATE": "LOUISIANA", "COUNTRY": "UNITED STATES", "ZIP": 70812, "ADDRESS_AUTHORITY": "PARISH", "ABC": "YES", "BUSINESS_NAICS_CODE": 445110, "PHONE_NUMBER": "2255-355-2219", "WEBSITE": null, "LATITUDE": 31, "LONGITUDE": -91 }, "geometry": { "type": "Point", "coordinates": [ -91.124822479103713, 30.503136251937207 ] } },
{ "type": "Feature", "properties": { "ADDRESS_ID": 97207, "BUSINESS_ID": 36706, "BUSINESS_NAME": "TAKS FOOD MART", "FULL_ADDRESS": "5765 PRESCOTT RD", "CITY": "BATON ROUGE", "JURISDICTION": "EBRP", "STATE": "LOUISIANA", "COUNTRY": "UNITED STATES", "ZIP": 70805, "ADDRESS_AUTHORITY": "BATON ROUGE", "ABC": "YES", "BUSINESS_NAICS_CODE": 445000, "PHONE_NUMBER": null, "WEBSITE": null, "LATITUDE": 30, "LONGITUDE": -91 }, "geometry": { "type": "Point", "coordinates": [ -91.133128774473249, 30.48800888051062 ] } },
{ "type": "Feature", "properties": { "ADDRESS_ID": 98023, "BUSINESS_ID": 38480, "BUSINESS_NAME": "Q MART", "FULL_ADDRESS": "585 N FOSTER DR", "CITY": "BATON ROUGE", "JURISDICTION": "EBRP", "STATE": "LOUISIANA", "COUNTRY": "UNITED STATES", "ZIP": 70806, "ADDRESS_AUTHORITY": "BATON ROUGE", "ABC": "YES", "BUSINESS_NAICS_CODE": 453000, "PHONE_NUMBER": null, "WEBSITE": null, "LATITUDE": 30, "LONGITUDE": -91 }, "geometry": { "type": "Point", "coordinates": [ -91.139605746114555, 30.453619667599902 ] } },
{ "type": "Feature", "properties": { "ADDRESS_ID": 98095, "BUSINESS_ID": 26594, "BUSINESS_NAME": "CIRCLE K STORE #2707656", "FULL_ADDRESS": "5857 ESSEN LN", "CITY": "BATON ROUGE", "JURISDICTION": "EBRP", "STATE": "LOUISIANA", "COUNTRY": "UNITED STATES", "ZIP": 70810, "ADDRESS_AUTHORITY": "BATON ROUGE", "ABC": "YES", "BUSINESS_NAICS_CODE": 447000, "PHONE_NUMBER": "225-767-6880", "WEBSITE": "http://circlek.com/", "LATITUDE": 30, "LONGITUDE": -91 }, "geometry": { "type": "Point", "coordinates": [ -91.108732503314457, 30.395240398812938 ] } },
{ "type": "Feature", "properties": { "ADDRESS_ID": 98313, "BUSINESS_ID": 2569, "BUSINESS_NAME": "CVS PHARMACY", "FULL_ADDRESS": "5889 AIRLINE HWY", "CITY": "BATON ROUGE", "JURISDICTION": "EBRP", "STATE": "LOUISIANA", "COUNTRY": "UNITED STATES", "ZIP": 70812, "ADDRESS_AUTHORITY": "BATON ROUGE", "ABC": "YES", "BUSINESS_NAICS_CODE": 446110, "PHONE_NUMBER": null, "WEBSITE": "http://cvs.com/", "LATITUDE": 31, "LONGITUDE": -91 }, "geometry": { "type": "Point", "coordinates": [ -91.130971739815649, 30.502813980012082 ] } },
{ "type": "Feature", "properties": { "ADDRESS_ID": 98881, "BUSINESS_ID": 8703, "BUSINESS_NAME": "WALGREENS #07836", "FULL_ADDRESS": "5955 AIRLINE HWY", "CITY": "BATON ROUGE", "JURISDICTION": "EBRP", "STATE": "LOUISIANA", "COUNTRY": "UNITED STATES", "ZIP": 70805, "ADDRESS_AUTHORITY": "BATON ROUGE", "ABC": "YES", "BUSINESS_NAICS_CODE": 446110, "PHONE_NUMBER": "225-924-3880", "WEBSITE": "http://walgreens.com/", "LATITUDE": 31, "LONGITUDE": -91 }, "geometry": { "type": "Point", "coordinates": [ -91.130062124391443, 30.501761321108575 ] } },
{ "type": "Feature", "properties": { "ADDRESS_ID": 99051, "BUSINESS_ID": 36861, "BUSINESS_NAME": "THAI PEPPER LLC", "FULL_ADDRESS": "5958 FLORIDA BLVD", "CITY": "BATON ROUGE", "JURISDICTION": "EBRP", "STATE": "LOUISIANA", "COUNTRY": "UNITED STATES", "ZIP": 70806, "ADDRESS_AUTHORITY": "BATON ROUGE", "ABC": "YES", "BUSINESS_NAICS_CODE": 445000, "PHONE_NUMBER": null, "WEBSITE": null, "LATITUDE": 30, "LONGITUDE": -91 }, "geometry": { "type": "Point", "coordinates": [ -91.128495922740726, 30.450681305243542 ] } },
{ "type": "Feature", "properties": { "ADDRESS_ID": 99295, "BUSINESS_ID": 37248, "BUSINESS_NAME": "THOMAS GROCERY", "FULL_ADDRESS": "600 E POLK ST", "CITY": "BATON ROUGE", "JURISDICTION": "EBRP", "STATE": "LOUISIANA", "COUNTRY": "UNITED STATES", "ZIP": 70802, "ADDRESS_AUTHORITY": "BATON ROUGE", "ABC": "YES", "BUSINESS_NAICS_CODE": 445000, "PHONE_NUMBER": null, "WEBSITE": null, "LATITUDE": 30, "LONGITUDE": -91 }, "geometry": { "type": "Point", "coordinates": [ -91.176657327869506, 30.426932945880267 ] } },
{ "type": "Feature", "properties": { "ADDRESS_ID": 99915, "BUSINESS_ID": 37601, "BUSINESS_NAME": "TRIPLET FOOD MART", "FULL_ADDRESS": "605 MILLS AVE", "CITY": "BATON ROUGE", "JURISDICTION": "EBRP", "STATE": "LOUISIANA", "COUNTRY": "UNITED STATES", "ZIP": 70807, "ADDRESS_AUTHORITY": "BATON ROUGE", "ABC": "YES", "BUSINESS_NAICS_CODE": 445000, "PHONE_NUMBER": null, "WEBSITE": null, "LATITUDE": 31, "LONGITUDE": -91 }, "geometry": { "type": "Point", "coordinates": [ -91.190193180012429, 30.53304968453762 ] } },
{ "type": "Feature", "properties": { "ADDRESS_ID": 100072, "BUSINESS_ID": 29563, "BUSINESS_NAME": "GREENWELL CONVENIENCE STORE", "FULL_ADDRESS": "6055 GREENWELL ST", "CITY": "BATON ROUGE", "JURISDICTION": "EBRP", "STATE": "LOUISIANA", "COUNTRY": "UNITED STATES", "ZIP": 70812, "ADDRESS_AUTHORITY": "BATON ROUGE", "ABC": "YES", "BUSINESS_NAICS_CODE": 453000, "PHONE_NUMBER": null, "WEBSITE": null, "LATITUDE": 31, "LONGITUDE": -91 }, "geometry": { "type": "Point", "coordinates": [ -91.129532702084418, 30.502755051569451 ] } },
{ "type": "Feature", "properties": { "ADDRESS_ID": 100145, "BUSINESS_ID": 65514, "BUSINESS_NAME": "HYATT PLACE", "FULL_ADDRESS": "6080 BLUEBONNET BLVD", "CITY": "BATON ROUGE", "JURISDICTION": "EBRP", "STATE": "LOUISIANA", "COUNTRY": "UNITED STATES", "ZIP": 70809, "ADDRESS_AUTHORITY": "PARISH", "ABC": "YES", "BUSINESS_NAICS_CODE": 721000, "PHONE_NUMBER": null, "WEBSITE": null, "LATITUDE": 30, "LONGITUDE": -91 }, "geometry": { "type": "Point", "coordinates": [ -91.088177656026062, 30.394244817454414 ] } },
{ "type": "Feature", "properties": { "ADDRESS_ID": 100239, "BUSINESS_ID": 37549, "BUSINESS_NAME": "TRI AMBIENT LOUNGE", "FULL_ADDRESS": "6105 GREENWELL SPRINGS RD", "CITY": "BATON ROUGE", "JURISDICTION": "EBRP", "STATE": "LOUISIANA", "COUNTRY": "UNITED STATES", "ZIP": 70806, "ADDRESS_AUTHORITY": "BATON ROUGE", "ABC": "YES", "BUSINESS_NAICS_CODE": 722000, "PHONE_NUMBER": null, "WEBSITE": null, "LATITUDE": 30, "LONGITUDE": -91 }, "geometry": { "type": "Point", "coordinates": [ -91.129221308053872, 30.468537463701189 ] } },
{ "type": "Feature", "properties": { "ADDRESS_ID": 100279, "BUSINESS_ID": 36850, "BUSINESS_NAME": "TETRA TECH EM INC", "FULL_ADDRESS": "6110 BLUEBONNET BLVD", "CITY": "BATON ROUGE", "JURISDICTION": "EBRP", "STATE": "LOUISIANA", "COUNTRY": "UNITED STATES", "ZIP": 70809, "ADDRESS_AUTHORITY": "PARISH", "ABC": "YES", "BUSINESS_NAICS_CODE": 815000, "PHONE_NUMBER": null, "WEBSITE": null, "LATITUDE": 30, "LONGITUDE": -91 }, "geometry": { "type": "Point", "coordinates": [ -91.088958064933351, 30.393998447437156 ] } },
{ "type": "Feature", "properties": { "ADDRESS_ID": 101236, "BUSINESS_ID": 28598, "BUSINESS_NAME": "F C ZIEGLER CO", "FULL_ADDRESS": "6184 FLORIDA BLVD", "CITY": "BATON ROUGE", "JURISDICTION": "EBRP", "STATE": "LOUISIANA", "COUNTRY": "UNITED STATES", "ZIP": 70806, "ADDRESS_AUTHORITY": "BATON ROUGE", "ABC": "YES", "BUSINESS_NAICS_CODE": 453000, "PHONE_NUMBER": null, "WEBSITE": null, "LATITUDE": 30, "LONGITUDE": -91 }, "geometry": { "type": "Point", "coordinates": [ -91.126288088223419, 30.450650232243476 ] } },
{ "type": "Feature", "properties": { "ADDRESS_ID": 101578, "BUSINESS_ID": 30550, "BUSINESS_NAME": "IZZOS ILLEGAL BURRITO", "FULL_ADDRESS": "6220 CORPORATE BLVD", "CITY": "BATON ROUGE", "JURISDICTION": "EBRP", "STATE": "LOUISIANA", "COUNTRY": "UNITED STATES", "ZIP": 70809, "ADDRESS_AUTHORITY": "BATON ROUGE", "ABC": "YES", "BUSINESS_NAICS_CODE": 722000, "PHONE_NUMBER": null, "WEBSITE": null, "LATITUDE": 30, "LONGITUDE": -91 }, "geometry": { "type": "Point", "coordinates": [ -91.125610640148878, 30.424069905796756 ] } },
{ "type": "Feature", "properties": { "ADDRESS_ID": 101633, "BUSINESS_ID": 37516, "BUSINESS_NAME": "TRANZSIR FOOD MART", "FULL_ADDRESS": "6223 GREENWELL SPRINGS RD", "CITY": "BATON ROUGE", "JURISDICTION": "EBRP", "STATE": "LOUISIANA", "COUNTRY": "UNITED STATES", "ZIP": 70806, "ADDRESS_AUTHORITY": "BATON ROUGE", "ABC": "YES", "BUSINESS_NAICS_CODE": 445000, "PHONE_NUMBER": null, "WEBSITE": null, "LATITUDE": 30, "LONGITUDE": -91 }, "geometry": { "type": "Point", "coordinates": [ -91.128151903819216, 30.469044689185061 ] } },
{ "type": "Feature", "properties": { "ADDRESS_ID": 101751, "BUSINESS_ID": 4811, "BUSINESS_NAME": "KING BUFFET", "FULL_ADDRESS": "6230 BLUEBONNET BLVD", "CITY": "BATON ROUGE", "JURISDICTION": "EBRP", "STATE": "LOUISIANA", "COUNTRY": "UNITED STATES", "ZIP": 70809, "ADDRESS_AUTHORITY": "PARISH", "ABC": "YES", "BUSINESS_NAICS_CODE": 722110, "PHONE_NUMBER": null, "WEBSITE": null, "LATITUDE": 30, "LONGITUDE": -91 }, "geometry": { "type": "Point", "coordinates": [ -91.089620870810691, 30.393557566625358 ] } },
{ "type": "Feature", "properties": { "ADDRESS_ID": 101893, "BUSINESS_ID": 46396, "BUSINESS_NAME": "MJB LLC", "FULL_ADDRESS": "17624 N GREENS AVE", "CITY": "BATON ROUGE", "JURISDICTION": "EBRP", "STATE": "LOUISIANA", "COUNTRY": "UNITED STATES", "ZIP": 70810, "ADDRESS_AUTHORITY": "PARISH", "ABC": "YES", "BUSINESS_NAICS_CODE": 531000, "PHONE_NUMBER": null, "WEBSITE": null, "LATITUDE": 30, "LONGITUDE": -91 }, "geometry": { "type": "Point", "coordinates": [ -91.032291145878489, 30.343458621558788 ] } },
{ "type": "Feature", "properties": { "ADDRESS_ID": 102360, "BUSINESS_ID": 17569, "BUSINESS_NAME": "LARRYS QUICK STOP", "FULL_ADDRESS": "6288 AIRLINE HWY", "CITY": "BATON ROUGE", "JURISDICTION": "EBRP", "STATE": "LOUISIANA", "COUNTRY": "UNITED STATES", "ZIP": 70805, "ADDRESS_AUTHORITY": "BATON ROUGE", "ABC": "YES", "BUSINESS_NAICS_CODE": 445110, "PHONE_NUMBER": "225-354-0104", "WEBSITE": null, "LATITUDE": 30, "LONGITUDE": -91 }, "geometry": { "type": "Point", "coordinates": [ -91.128212431916495, 30.497409682490797 ] } },
{ "type": "Feature", "properties": { "ADDRESS_ID": 102432, "BUSINESS_ID": 35613, "BUSINESS_NAME": "SEROPS CAFE", "FULL_ADDRESS": "6301 PERKINS RD", "CITY": "BATON ROUGE", "JURISDICTION": "EBRP", "STATE": "LOUISIANA", "COUNTRY": "UNITED STATES", "ZIP": 70808, "ADDRESS_AUTHORITY": "BATON ROUGE", "ABC": "YES", "BUSINESS_NAICS_CODE": 722000, "PHONE_NUMBER": null, "WEBSITE": null, "LATITUDE": 30, "LONGITUDE": -91 }, "geometry": { "type": "Point", "coordinates": [ -91.123101990640833, 30.405494969167439 ] } },
{ "type": "Feature", "properties": { "ADDRESS_ID": 102491, "BUSINESS_ID": 21664, "BUSINESS_NAME": "BONANNO'S FINE CATERING", "FULL_ADDRESS": "631 S EUGENE ST", "CITY": "BATON ROUGE", "JURISDICTION": "EBRP", "STATE": "LOUISIANA", "COUNTRY": "UNITED STATES", "ZIP": 70806, "ADDRESS_AUTHORITY": "BATON ROUGE", "ABC": "YES", "BUSINESS_NAICS_CODE": 812990, "PHONE_NUMBER": null, "WEBSITE": null, "LATITUDE": 30, "LONGITUDE": -91 }, "geometry": { "type": "Point", "coordinates": [ -91.159692274205867, 30.442966467126634 ] } },
{ "type": "Feature", "properties": { "ADDRESS_ID": 102817, "BUSINESS_ID": 24121, "BUSINESS_NAME": "ALL STAR CATERING LLC", "FULL_ADDRESS": "633 S FOSTER DR", "CITY": "BATON ROUGE", "JURISDICTION": "EBRP", "STATE": "LOUISIANA", "COUNTRY": "UNITED STATES", "ZIP": 70806, "ADDRESS_AUTHORITY": "BATON ROUGE", "ABC": "YES", "BUSINESS_NAICS_CODE": 722320, "PHONE_NUMBER": null, "WEBSITE": null, "LATITUDE": 30, "LONGITUDE": -91 }, "geometry": { "type": "Point", "coordinates": [ -91.138258763785416, 30.443323842667162 ] } },
{ "type": "Feature", "properties": { "ADDRESS_ID": 103066, "BUSINESS_ID": 32031, "BUSINESS_NAME": "LOUIS LOUNGE", "FULL_ADDRESS": "6347 GREENWELL SPRINGS RD", "CITY": "BATON ROUGE", "JURISDICTION": "EBRP", "STATE": "LOUISIANA", "COUNTRY": "UNITED STATES", "ZIP": 70806, "ADDRESS_AUTHORITY": "BATON ROUGE", "ABC": "YES", "BUSINESS_NAICS_CODE": 722000, "PHONE_NUMBER": null, "WEBSITE": null, "LATITUDE": 30, "LONGITUDE": -91 }, "geometry": { "type": "Point", "coordinates": [ -91.127239941788844, 30.469564487205496 ] } },
{ "type": "Feature", "properties": { "ADDRESS_ID": 103157, "BUSINESS_ID": 34085, "BUSINESS_NAME": "PLUCKERS WING BAR", "FULL_ADDRESS": "6353 BLUEBONNET BLVD", "CITY": "BATON ROUGE", "JURISDICTION": "EBRP", "STATE": "LOUISIANA", "COUNTRY": "UNITED STATES", "ZIP": 70836, "ADDRESS_AUTHORITY": "BATON ROUGE", "ABC": "YES", "BUSINESS_NAICS_CODE": 722000, "PHONE_NUMBER": null, "WEBSITE": null, "LATITUDE": 30, "LONGITUDE": -91 }, "geometry": { "type": "Point", "coordinates": [ -91.089865109022469, 30.392226780091775 ] } },
{ "type": "Feature", "properties": { "ADDRESS_ID": 103458, "BUSINESS_ID": 46119, "BUSINESS_NAME": "HOOPER HOP IN - CIRCLE K", "FULL_ADDRESS": "6404 HOOPER RD", "CITY": "BATON ROUGE", "JURISDICTION": "EBRP", "STATE": "LOUISIANA", "COUNTRY": "UNITED STATES", "ZIP": 70811, "ADDRESS_AUTHORITY": "PARISH", "ABC": "YES", "BUSINESS_NAICS_CODE": 447000, "PHONE_NUMBER": null, "WEBSITE": null, "LATITUDE": 31, "LONGITUDE": -91 }, "geometry": { "type": "Point", "coordinates": [ -91.126463956957011, 30.526151289563302 ] } },
{ "type": "Feature", "properties": { "ADDRESS_ID": 103484, "BUSINESS_ID": 30970, "BUSINESS_NAME": "JOHNS GROCERY & MARKET", "FULL_ADDRESS": "6409 HARRY DR", "CITY": "BATON ROUGE", "JURISDICTION": "EBRP", "STATE": "LOUISIANA", "COUNTRY": "UNITED STATES", "ZIP": 70806, "ADDRESS_AUTHORITY": "BATON ROUGE", "ABC": "YES", "BUSINESS_NAICS_CODE": 445110, "PHONE_NUMBER": "225-927-8893", "WEBSITE": null, "LATITUDE": 30, "LONGITUDE": -91 }, "geometry": { "type": "Point", "coordinates": [ -91.124832629767781, 30.457251263228724 ] } },
{ "type": "Feature", "properties": { "ADDRESS_ID": 104072, "BUSINESS_ID": 30144, "BUSINESS_NAME": "HOOTERS RESTAURANT", "FULL_ADDRESS": "6454 SIEGEN LN", "CITY": "BATON ROUGE", "JURISDICTION": "EBRP", "STATE": "LOUISIANA", "COUNTRY": "UNITED STATES", "ZIP": 70809, "ADDRESS_AUTHORITY": "PARISH", "ABC": "YES", "BUSINESS_NAICS_CODE": 722000, "PHONE_NUMBER": null, "WEBSITE": null, "LATITUDE": 30, "LONGITUDE": -91 }, "geometry": { "type": "Point", "coordinates": [ -91.061271079579868, 30.391412400056577 ] } },
{ "type": "Feature", "properties": { "ADDRESS_ID": 104515, "BUSINESS_ID": 34601, "BUSINESS_NAME": "RAGUSA MEAT MARKET", "FULL_ADDRESS": "6525 GREENWELL ST", "CITY": "BATON ROUGE", "JURISDICTION": "EBRP", "STATE": "LOUISIANA", "COUNTRY": "UNITED STATES", "ZIP": 70812, "ADDRESS_AUTHORITY": "PARISH", "ABC": "YES", "BUSINESS_NAICS_CODE": 445000, "PHONE_NUMBER": null, "WEBSITE": null, "LATITUDE": 31, "LONGITUDE": -91 }, "geometry": { "type": "Point", "coordinates": [ -91.126407353545929, 30.502682619575239 ] } },
{ "type": "Feature", "properties": { "ADDRESS_ID": 104921, "BUSINESS_ID": 26064, "BUSINESS_NAME": "CAPITOL MEAT SUPPLY", "FULL_ADDRESS": "6569 SCENIC HWY", "CITY": "BATON ROUGE", "JURISDICTION": "EBRP", "STATE": "LOUISIANA", "COUNTRY": "UNITED STATES", "ZIP": 70807, "ADDRESS_AUTHORITY": "BATON ROUGE", "ABC": "YES", "BUSINESS_NAICS_CODE": 445000, "PHONE_NUMBER": null, "WEBSITE": null, "LATITUDE": 31, "LONGITUDE": -91 }, "geometry": { "type": "Point", "coordinates": [ -91.172958189894914, 30.509650523404964 ] } },
{ "type": "Feature", "properties": { "ADDRESS_ID": 105398, "BUSINESS_ID": 39050, "BUSINESS_NAME": "THE VINEYARD ASSOCIATION", "FULL_ADDRESS": "6644 VINEYARD DR", "CITY": "BATON ROUGE", "JURISDICTION": "EBRP", "STATE": "LOUISIANA", "COUNTRY": "UNITED STATES", "ZIP": 70812, "ADDRESS_AUTHORITY": "PARISH", "ABC": "YES", "BUSINESS_NAICS_CODE": 453000, "PHONE_NUMBER": null, "WEBSITE": null, "LATITUDE": 31, "LONGITUDE": -91 }, "geometry": { "type": "Point", "coordinates": [ -91.124515965100443, 30.505408117073632 ] } },
{ "type": "Feature", "properties": { "ADDRESS_ID": 105667, "BUSINESS_ID": 26577, "BUSINESS_NAME": "CIRCLE K  STORE 2709716", "FULL_ADDRESS": "6678 SIEGEN LN", "CITY": "BATON ROUGE", "JURISDICTION": "EBRP", "STATE": "LOUISIANA", "COUNTRY": "UNITED STATES", "ZIP": 70809, "ADDRESS_AUTHORITY": "PARISH", "ABC": "YES", "BUSINESS_NAICS_CODE": 447000, "PHONE_NUMBER": null, "WEBSITE": "http://circlek.com/", "LATITUDE": 30, "LONGITUDE": -91 }, "geometry": { "type": "Point", "coordinates": [ -91.062626487285868, 30.389227318574932 ] } },
{ "type": "Feature", "properties": { "ADDRESS_ID": 106266, "BUSINESS_ID": 2231, "BUSINESS_NAME": "CLUB EXCALIBUR", "FULL_ADDRESS": "6763 VAN GOGH AVE", "CITY": "BATON ROUGE", "JURISDICTION": "EBRP", "STATE": "LOUISIANA", "COUNTRY": "UNITED STATES", "ZIP": 70806, "ADDRESS_AUTHORITY": "BATON ROUGE", "ABC": "YES", "BUSINESS_NAICS_CODE": 722410, "PHONE_NUMBER": null, "WEBSITE": null, "LATITUDE": 30, "LONGITUDE": -91 }, "geometry": { "type": "Point", "coordinates": [ -91.121411572013159, 30.455286410021142 ] } },
{ "type": "Feature", "properties": { "ADDRESS_ID": 106753, "BUSINESS_ID": 34811, "BUSINESS_NAME": "REGINELLIS GOODWOOD LLC", "FULL_ADDRESS": "684 JEFFERSON HWY", "CITY": "BATON ROUGE", "JURISDICTION": "EBRP", "STATE": "LOUISIANA", "COUNTRY": "UNITED STATES", "ZIP": 70806, "ADDRESS_AUTHORITY": "BATON ROUGE", "ABC": "YES", "BUSINESS_NAICS_CODE": 722000, "PHONE_NUMBER": null, "WEBSITE": null, "LATITUDE": 30, "LONGITUDE": -91 }, "geometry": { "type": "Point", "coordinates": [ -91.130890419813639, 30.443069745461905 ] } },
{ "type": "Feature", "properties": { "ADDRESS_ID": 106982, "BUSINESS_ID": 36741, "BUSINESS_NAME": "TARGET STORE T-1369", "FULL_ADDRESS": "6885 SIEGEN LN", "CITY": "BATON ROUGE", "JURISDICTION": "EBRP", "STATE": "LOUISIANA", "COUNTRY": "UNITED STATES", "ZIP": 70809, "ADDRESS_AUTHORITY": "PARISH", "ABC": "YES", "BUSINESS_NAICS_CODE": 453000, "PHONE_NUMBER": null, "WEBSITE": null, "LATITUDE": 30, "LONGITUDE": -91 }, "geometry": { "type": "Point", "coordinates": [ -91.061084912374852, 30.384713213325785 ] } },
{ "type": "Feature", "properties": { "ADDRESS_ID": 107119, "BUSINESS_ID": 23381, "BUSINESS_NAME": "BENS FOOD MARKET", "FULL_ADDRESS": "6894 AIRLINE HWY", "CITY": "BATON ROUGE", "JURISDICTION": "EBRP", "STATE": "LOUISIANA", "COUNTRY": "UNITED STATES", "ZIP": 70805, "ADDRESS_AUTHORITY": "BATON ROUGE", "ABC": "YES", "BUSINESS_NAICS_CODE": 445000, "PHONE_NUMBER": null, "WEBSITE": null, "LATITUDE": 30, "LONGITUDE": -91 }, "geometry": { "type": "Point", "coordinates": [ -91.122287786667385, 30.488805490314711 ] } },
{ "type": "Feature", "properties": { "ADDRESS_ID": 107182, "BUSINESS_ID": 37088, "BUSINESS_NAME": "THE OLIVE GARDEN ITALIAN RESTAURANT", "FULL_ADDRESS": "6911 SIEGEN LN", "CITY": "BATON ROUGE", "JURISDICTION": "EBRP", "STATE": "LOUISIANA", "COUNTRY": "UNITED STATES", "ZIP": 70809, "ADDRESS_AUTHORITY": "PARISH", "ABC": "YES", "BUSINESS_NAICS_CODE": 722000, "PHONE_NUMBER": null, "WEBSITE": null, "LATITUDE": 30, "LONGITUDE": -91 }, "geometry": { "type": "Point", "coordinates": [ -91.062876904378641, 30.386364008670004 ] } },
{ "type": "Feature", "properties": { "ADDRESS_ID": 107249, "BUSINESS_ID": 25532, "BUSINESS_NAME": "BORDELONS SUPER SAVE INC", "FULL_ADDRESS": "6920 PLANK RD", "CITY": "BATON ROUGE", "JURISDICTION": "EBRP", "STATE": "LOUISIANA", "COUNTRY": "UNITED STATES", "ZIP": 70811, "ADDRESS_AUTHORITY": "BATON ROUGE", "ABC": "YES", "BUSINESS_NAICS_CODE": 446110, "PHONE_NUMBER": "(225) 356-0253", "WEBSITE": "http://bordelonssupersave.com", "LATITUDE": 31, "LONGITUDE": -91 }, "geometry": { "type": "Point", "coordinates": [ -91.147802526714386, 30.513269467600185 ] } },
{ "type": "Feature", "properties": { "ADDRESS_ID": 107476, "BUSINESS_ID": 50275, "BUSINESS_NAME": "TIGER ONE STOP", "FULL_ADDRESS": "6945 FLORIDA BLVD", "CITY": "BATON ROUGE", "JURISDICTION": "EBRP", "STATE": "LOUISIANA", "COUNTRY": "UNITED STATES", "ZIP": 70806, "ADDRESS_AUTHORITY": "BATON ROUGE", "ABC": "YES", "BUSINESS_NAICS_CODE": 447000, "PHONE_NUMBER": null, "WEBSITE": null, "LATITUDE": 30, "LONGITUDE": -91 }, "geometry": { "type": "Point", "coordinates": [ -91.119506966983081, 30.451987632329285 ] } },
{ "type": "Feature", "properties": { "ADDRESS_ID": 107649, "BUSINESS_ID": 4656, "BUSINESS_NAME": "JOHNSON GROCERY & MARKET", "FULL_ADDRESS": "6979 VAN GOGH AVE", "CITY": "BATON ROUGE", "JURISDICTION": "EBRP", "STATE": "LOUISIANA", "COUNTRY": "UNITED STATES", "ZIP": 70806, "ADDRESS_AUTHORITY": "BATON ROUGE", "ABC": "YES", "BUSINESS_NAICS_CODE": 445110, "PHONE_NUMBER": "225-929-9923", "WEBSITE": null, "LATITUDE": 30, "LONGITUDE": -91 }, "geometry": { "type": "Point", "coordinates": [ -91.118792330172212, 30.455338240755122 ] } },
{ "type": "Feature", "properties": { "ADDRESS_ID": 107688, "BUSINESS_ID": 37665, "BUSINESS_NAME": "TWIN PEAKS RESTAURANT", "FULL_ADDRESS": "6990 SIEGEN LN", "CITY": "BATON ROUGE", "JURISDICTION": "EBRP", "STATE": "LOUISIANA", "COUNTRY": "UNITED STATES", "ZIP": 70809, "ADDRESS_AUTHORITY": "PARISH", "ABC": "YES", "BUSINESS_NAICS_CODE": 722000, "PHONE_NUMBER": null, "WEBSITE": null, "LATITUDE": 30, "LONGITUDE": -91 }, "geometry": { "type": "Point", "coordinates": [ -91.064194268306565, 30.386061893859903 ] } },
{ "type": "Feature", "properties": { "ADDRESS_ID": 108450, "BUSINESS_ID": 26393, "BUSINESS_NAME": "CHATEAU LOUISIANNE HOTEL AND LOUNGE", "FULL_ADDRESS": "710 LOBDELL BLVD", "CITY": "BATON ROUGE", "JURISDICTION": "EBRP", "STATE": "LOUISIANA", "COUNTRY": "UNITED STATES", "ZIP": 70806, "ADDRESS_AUTHORITY": "BATON ROUGE", "ABC": "YES", "BUSINESS_NAICS_CODE": 721000, "PHONE_NUMBER": null, "WEBSITE": null, "LATITUDE": 30, "LONGITUDE": -91 }, "geometry": { "type": "Point", "coordinates": [ -91.111833188621731, 30.456854979609197 ] } },
{ "type": "Feature", "properties": { "ADDRESS_ID": 108466, "BUSINESS_ID": 34565, "BUSINESS_NAME": "RACETRAC #436", "FULL_ADDRESS": "7102 SIEGEN LN", "CITY": "BATON ROUGE", "JURISDICTION": "EBRP", "STATE": "LOUISIANA", "COUNTRY": "UNITED STATES", "ZIP": 70809, "ADDRESS_AUTHORITY": "PARISH", "ABC": "YES", "BUSINESS_NAICS_CODE": 447000, "PHONE_NUMBER": null, "WEBSITE": null, "LATITUDE": 30, "LONGITUDE": -91 }, "geometry": { "type": "Point", "coordinates": [ -91.065200473992064, 30.384942086424353 ] } },
{ "type": "Feature", "properties": { "ADDRESS_ID": 108532, "BUSINESS_ID": 49786, "BUSINESS_NAME": "RIGHT WAY 1", "FULL_ADDRESS": "7111 AIRLINE HWY", "CITY": "BATON ROUGE", "JURISDICTION": "EBRP", "STATE": "LOUISIANA", "COUNTRY": "UNITED STATES", "ZIP": 70805, "ADDRESS_AUTHORITY": "BATON ROUGE", "ABC": "YES", "BUSINESS_NAICS_CODE": 447000, "PHONE_NUMBER": null, "WEBSITE": null, "LATITUDE": 30, "LONGITUDE": -91 }, "geometry": { "type": "Point", "coordinates": [ -91.118037009563082, 30.484807207292707 ] } },
{ "type": "Feature", "properties": { "ADDRESS_ID": 108627, "BUSINESS_ID": 60518, "BUSINESS_NAME": "OLYMPIA FOOTBALL STADIUM", "FULL_ADDRESS": "7122 PERKINS RD", "CITY": "BATON ROUGE", "JURISDICTION": "EBRP", "STATE": "LOUISIANA", "COUNTRY": "UNITED STATES", "ZIP": 70808, "ADDRESS_AUTHORITY": "BATON ROUGE", "ABC": "YES", "BUSINESS_NAICS_CODE": null, "PHONE_NUMBER": null, "WEBSITE": null, "LATITUDE": 30, "LONGITUDE": -91 }, "geometry": { "type": "Point", "coordinates": [ -91.116122729436299, 30.398613364272965 ] } },
{ "type": "Feature", "properties": { "ADDRESS_ID": 110200, "BUSINESS_ID": 28864, "BUSINESS_NAME": "FLEMINGS PRIME STEAKHOUSE & WINE BAR", "FULL_ADDRESS": "7321 CORPORATE BLVD", "CITY": "BATON ROUGE", "JURISDICTION": "EBRP", "STATE": "LOUISIANA", "COUNTRY": "UNITED STATES", "ZIP": 70809, "ADDRESS_AUTHORITY": "PARISH", "ABC": "YES", "BUSINESS_NAICS_CODE": 722000, "PHONE_NUMBER": null, "WEBSITE": null, "LATITUDE": 30, "LONGITUDE": -91 }, "geometry": { "type": "Point", "coordinates": [ -91.114963465763125, 30.430941210427477 ] } },
{ "type": "Feature", "properties": { "ADDRESS_ID": 110275, "BUSINESS_ID": 60335, "BUSINESS_NAME": "CITY PORK BRASSERIE & BAR", "FULL_ADDRESS": "7327 JEFFERSON HWY", "CITY": "BATON ROUGE", "JURISDICTION": "EBRP", "STATE": "LOUISIANA", "COUNTRY": "UNITED STATES", "ZIP": 70806, "ADDRESS_AUTHORITY": "BATON ROUGE", "ABC": "YES", "BUSINESS_NAICS_CODE": null, "PHONE_NUMBER": null, "WEBSITE": null, "LATITUDE": 30, "LONGITUDE": -91 }, "geometry": { "type": "Point", "coordinates": [ -91.112883794173442, 30.434202377706836 ] } },
{ "type": "Feature", "properties": { "ADDRESS_ID": 110444, "BUSINESS_ID": 17351, "BUSINESS_NAME": "P F CHANGS CHINA BISTRO", "FULL_ADDRESS": "7341 CORPORATE BLVD", "CITY": "BATON ROUGE", "JURISDICTION": "EBRP", "STATE": "LOUISIANA", "COUNTRY": "UNITED STATES", "ZIP": 70809, "ADDRESS_AUTHORITY": "PARISH", "ABC": "YES", "BUSINESS_NAICS_CODE": 722110, "PHONE_NUMBER": null, "WEBSITE": null, "LATITUDE": 30, "LONGITUDE": -91 }, "geometry": { "type": "Point", "coordinates": [ -91.114256291935476, 30.431116556940214 ] } },
{ "type": "Feature", "properties": { "ADDRESS_ID": 110746, "BUSINESS_ID": 27803, "BUSINESS_NAME": "DJ'S CLUB ELITE", "FULL_ADDRESS": "7380 TOM DR", "CITY": "BATON ROUGE", "JURISDICTION": "EBRP", "STATE": "LOUISIANA", "COUNTRY": "UNITED STATES", "ZIP": 70806, "ADDRESS_AUTHORITY": "BATON ROUGE", "ABC": "YES", "BUSINESS_NAICS_CODE": 722000, "PHONE_NUMBER": null, "WEBSITE": null, "LATITUDE": 30, "LONGITUDE": -91 }, "geometry": { "type": "Point", "coordinates": [ -91.113110766189862, 30.46220313682851 ] } },
{ "type": "Feature", "properties": { "ADDRESS_ID": 110764, "BUSINESS_ID": 8303, "BUSINESS_NAME": "TONY'S GROCERY", "FULL_ADDRESS": "739 S 16TH ST", "CITY": "BATON ROUGE", "JURISDICTION": "EBRP", "STATE": "LOUISIANA", "COUNTRY": "UNITED STATES", "ZIP": 70802, "ADDRESS_AUTHORITY": "BATON ROUGE", "ABC": "YES", "BUSINESS_NAICS_CODE": 445110, "PHONE_NUMBER": "225-383-9032", "WEBSITE": null, "LATITUDE": 30, "LONGITUDE": -91 }, "geometry": { "type": "Point", "coordinates": [ -91.171968582878691, 30.440846992165021 ] } },
{ "type": "Feature", "properties": { "ADDRESS_ID": 111483, "BUSINESS_ID": 26569, "BUSINESS_NAME": "CIRCLE K #8036", "FULL_ADDRESS": "7475 JEFFERSON HWY", "CITY": "BATON ROUGE", "JURISDICTION": "EBRP", "STATE": "LOUISIANA", "COUNTRY": "UNITED STATES", "ZIP": 70806, "ADDRESS_AUTHORITY": "BATON ROUGE", "ABC": "YES", "BUSINESS_NAICS_CODE": 447000, "PHONE_NUMBER": null, "WEBSITE": "http://circlek.com/", "LATITUDE": 30, "LONGITUDE": -91 }, "geometry": { "type": "Point", "coordinates": [ -91.111038150985706, 30.433832817477242 ] } },
{ "type": "Feature", "properties": { "ADDRESS_ID": 111554, "BUSINESS_ID": 16137, "BUSINESS_NAME": "SPRINT PCS", "FULL_ADDRESS": "7490 BURBANK DR", "CITY": "BATON ROUGE", "JURISDICTION": "EBRP", "STATE": "LOUISIANA", "COUNTRY": "UNITED STATES", "ZIP": 70820, "ADDRESS_AUTHORITY": "PARISH", "ABC": "YES", "BUSINESS_NAICS_CODE": 453998, "PHONE_NUMBER": null, "WEBSITE": null, "LATITUDE": 30, "LONGITUDE": -91 }, "geometry": { "type": "Point", "coordinates": [ -91.141712343508487, 30.375255022859967 ] } },
{ "type": "Feature", "properties": { "ADDRESS_ID": 111587, "BUSINESS_ID": 62309, "BUSINESS_NAME": "INDEPENDENCE TENNIS CENTER", "FULL_ADDRESS": "7505 INDEPENDENCE BLVD", "CITY": "BATON ROUGE", "JURISDICTION": "EBRP", "STATE": "LOUISIANA", "COUNTRY": "UNITED STATES", "ZIP": 70806, "ADDRESS_AUTHORITY": "BATON ROUGE", "ABC": "YES", "BUSINESS_NAICS_CODE": null, "PHONE_NUMBER": null, "WEBSITE": null, "LATITUDE": 30, "LONGITUDE": -91 }, "geometry": { "type": "Point", "coordinates": [ -91.111029251524727, 30.445849253806127 ] } },
{ "type": "Feature", "properties": { "ADDRESS_ID": 112440, "BUSINESS_ID": 59834, "BUSINESS_NAME": "LA MADELEINE #502", "FULL_ADDRESS": "7615 JEFFERSON HWY", "CITY": "BATON ROUGE", "JURISDICTION": "EBRP", "STATE": "LOUISIANA", "COUNTRY": "UNITED STATES", "ZIP": 70809, "ADDRESS_AUTHORITY": "BATON ROUGE", "ABC": "YES", "BUSINESS_NAICS_CODE": 722000, "PHONE_NUMBER": null, "WEBSITE": null, "LATITUDE": 30, "LONGITUDE": -91 }, "geometry": { "type": "Point", "coordinates": [ -91.1085619753581, 30.430533842935294 ] } },
{ "type": "Feature", "properties": { "ADDRESS_ID": 112510, "BUSINESS_ID": 38074, "BUSINESS_NAME": "WALGREENS #3399", "FULL_ADDRESS": "7620 JEFFERSON HWY", "CITY": "BATON ROUGE", "JURISDICTION": "EBRP", "STATE": "LOUISIANA", "COUNTRY": "UNITED STATES", "ZIP": 70809, "ADDRESS_AUTHORITY": "BATON ROUGE", "ABC": "YES", "BUSINESS_NAICS_CODE": 446000, "PHONE_NUMBER": "225-292-6566", "WEBSITE": "http://walgreens.com/", "LATITUDE": 30, "LONGITUDE": -91 }, "geometry": { "type": "Point", "coordinates": [ -91.109514522552786, 30.430356974941983 ] } },
{ "type": "Feature", "properties": { "ADDRESS_ID": 112779, "BUSINESS_ID": 64120, "BUSINESS_NAME": "RACETRAC #2476", "FULL_ADDRESS": "7648 PERKINS RD", "CITY": "BATON ROUGE", "JURISDICTION": "EBRP", "STATE": "LOUISIANA", "COUNTRY": "UNITED STATES", "ZIP": 70810, "ADDRESS_AUTHORITY": "BATON ROUGE", "ABC": "YES", "BUSINESS_NAICS_CODE": 447000, "PHONE_NUMBER": null, "WEBSITE": null, "LATITUDE": 30, "LONGITUDE": -91 }, "geometry": { "type": "Point", "coordinates": [ -91.109206309328698, 30.393952094345217 ] } },
{ "type": "Feature", "properties": { "ADDRESS_ID": 112846, "BUSINESS_ID": 41420, "BUSINESS_NAME": "THE VELVET CACTUS", "FULL_ADDRESS": "7655 OLD HAMMOND HWY", "CITY": "BATON ROUGE", "JURISDICTION": "EBRP", "STATE": "LOUISIANA", "COUNTRY": "UNITED STATES", "ZIP": 70806, "ADDRESS_AUTHORITY": "BATON ROUGE", "ABC": "YES", "BUSINESS_NAICS_CODE": 722000, "PHONE_NUMBER": null, "WEBSITE": null, "LATITUDE": 30, "LONGITUDE": -91 }, "geometry": { "type": "Point", "coordinates": [ -91.108273032354006, 30.431344334312637 ] } },
{ "type": "Feature", "properties": { "ADDRESS_ID": 112917, "BUSINESS_ID": 59999, "BUSINESS_NAME": "STAB'S PRIME STEAK AND SEAFOOD", "FULL_ADDRESS": "7666 JEFFERSON HWY", "CITY": "BATON ROUGE", "JURISDICTION": "EBRP", "STATE": "LOUISIANA", "COUNTRY": "UNITED STATES", "ZIP": 70809, "ADDRESS_AUTHORITY": "BATON ROUGE", "ABC": "YES", "BUSINESS_NAICS_CODE": 722000, "PHONE_NUMBER": null, "WEBSITE": null, "LATITUDE": 30, "LONGITUDE": -91 }, "geometry": { "type": "Point", "coordinates": [ -91.108188052670855, 30.428975698124166 ] } },
{ "type": "Feature", "properties": { "ADDRESS_ID": 113540, "BUSINESS_ID": 35484, "BUSINESS_NAME": "SCENIC CHEVRON", "FULL_ADDRESS": "7776 SCENIC HWY", "CITY": "BATON ROUGE", "JURISDICTION": "EBRP", "STATE": "LOUISIANA", "COUNTRY": "UNITED STATES", "ZIP": 70807, "ADDRESS_AUTHORITY": "BATON ROUGE", "ABC": "YES", "BUSINESS_NAICS_CODE": 447000, "PHONE_NUMBER": null, "WEBSITE": null, "LATITUDE": 31, "LONGITUDE": -91 }, "geometry": { "type": "Point", "coordinates": [ -91.17731295586313, 30.518146641038047 ] } },
{ "type": "Feature", "properties": { "ADDRESS_ID": 113645, "BUSINESS_ID": 37998, "BUSINESS_NAME": "VN FOOD MART LLC", "FULL_ADDRESS": "7808 GREENWELL SPRINGS RD", "CITY": "BATON ROUGE", "JURISDICTION": "EBRP", "STATE": "LOUISIANA", "COUNTRY": "UNITED STATES", "ZIP": 70814, "ADDRESS_AUTHORITY": "BATON ROUGE", "ABC": "YES", "BUSINESS_NAICS_CODE": 445000, "PHONE_NUMBER": null, "WEBSITE": null, "LATITUDE": 30, "LONGITUDE": -91 }, "geometry": { "type": "Point", "coordinates": [ -91.108290116618079, 30.477702060960976 ] } },
{ "type": "Feature", "properties": { "ADDRESS_ID": 114557, "BUSINESS_ID": 26171, "BUSINESS_NAME": "CASA MARIA MEXICAN RESTAURANT", "FULL_ADDRESS": "7955 BLUEBONNET BLVD", "CITY": "BATON ROUGE", "JURISDICTION": "EBRP", "STATE": "LOUISIANA", "COUNTRY": "UNITED STATES", "ZIP": 70810, "ADDRESS_AUTHORITY": "PARISH", "ABC": "YES", "BUSINESS_NAICS_CODE": 722000, "PHONE_NUMBER": null, "WEBSITE": null, "LATITUDE": 30, "LONGITUDE": -91 }, "geometry": { "type": "Point", "coordinates": [ -91.098368800137536, 30.377492745946189 ] } },
{ "type": "Feature", "properties": { "ADDRESS_ID": 114668, "BUSINESS_ID": 23404, "BUSINESS_NAME": "MAX FOOD MART SNO CONES", "FULL_ADDRESS": "7979 AIRLINE HWY", "CITY": "BATON ROUGE", "JURISDICTION": "EBRP", "STATE": "LOUISIANA", "COUNTRY": "UNITED STATES", "ZIP": 70815, "ADDRESS_AUTHORITY": "BATON ROUGE", "ABC": "YES", "BUSINESS_NAICS_CODE": 722000, "PHONE_NUMBER": null, "WEBSITE": null, "LATITUDE": 30, "LONGITUDE": -91 }, "geometry": { "type": "Point", "coordinates": [ -91.105183670530764, 30.466861083178884 ] } },
{ "type": "Feature", "properties": { "ADDRESS_ID": 114718, "BUSINESS_ID": 26599, "BUSINESS_NAME": "CIRCLE K STORES #2707657", "FULL_ADDRESS": "7997 PLANK RD", "CITY": "BATON ROUGE", "JURISDICTION": "EBRP", "STATE": "LOUISIANA", "COUNTRY": "UNITED STATES", "ZIP": 70807, "ADDRESS_AUTHORITY": "BATON ROUGE", "ABC": "YES", "BUSINESS_NAICS_CODE": 447000, "PHONE_NUMBER": "225-357-5661", "WEBSITE": "http://circlek.com/", "LATITUDE": 31, "LONGITUDE": -91 }, "geometry": { "type": "Point", "coordinates": [ -91.146204600879656, 30.521258058154199 ] } },
{ "type": "Feature", "properties": { "ADDRESS_ID": 114760, "BUSINESS_ID": 47599, "BUSINESS_NAME": "RACETRAC #2417", "FULL_ADDRESS": "8008 AIRLINE HWY", "CITY": "BATON ROUGE", "JURISDICTION": "EBRP", "STATE": "LOUISIANA", "COUNTRY": "UNITED STATES", "ZIP": 70806, "ADDRESS_AUTHORITY": "BATON ROUGE", "ABC": "YES", "BUSINESS_NAICS_CODE": 447000, "PHONE_NUMBER": null, "WEBSITE": null, "LATITUDE": 30, "LONGITUDE": -91 }, "geometry": { "type": "Point", "coordinates": [ -91.105772746787494, 30.465848630879162 ] } },
{ "type": "Feature", "properties": { "ADDRESS_ID": 115658, "BUSINESS_ID": 60432, "BUSINESS_NAME": "JEFFERSON  HWY RECREATIONAL CENTER", "FULL_ADDRESS": "8133 JEFFERSON HWY", "CITY": "BATON ROUGE", "JURISDICTION": "EBRP", "STATE": "LOUISIANA", "COUNTRY": "UNITED STATES", "ZIP": 70809, "ADDRESS_AUTHORITY": "BATON ROUGE", "ABC": "YES", "BUSINESS_NAICS_CODE": null, "PHONE_NUMBER": null, "WEBSITE": null, "LATITUDE": 30, "LONGITUDE": -91 }, "geometry": { "type": "Point", "coordinates": [ -91.101178050941272, 30.424906545435981 ] } },
{ "type": "Feature", "properties": { "ADDRESS_ID": 115661, "BUSINESS_ID": 26588, "BUSINESS_NAME": "CIRCLE K #9727", "FULL_ADDRESS": "8133 PLANK RD", "CITY": "BATON ROUGE", "JURISDICTION": "EBRP", "STATE": "LOUISIANA", "COUNTRY": "UNITED STATES", "ZIP": 70811, "ADDRESS_AUTHORITY": "BATON ROUGE", "ABC": "YES", "BUSINESS_NAICS_CODE": 447000, "PHONE_NUMBER": "225-357-5006", "WEBSITE": "http://circlek.com/", "LATITUDE": 31, "LONGITUDE": -91 }, "geometry": { "type": "Point", "coordinates": [ -91.145704224304993, 30.522055757154298 ] } },
{ "type": "Feature", "properties": { "ADDRESS_ID": 116013, "BUSINESS_ID": 67510, "BUSINESS_NAME": "U EAT FOOD MART", "FULL_ADDRESS": "8171 GLADEWOOD DR", "CITY": "BATON ROUGE", "JURISDICTION": "EBRP", "STATE": "LOUISIANA", "COUNTRY": "UNITED STATES", "ZIP": 70806, "ADDRESS_AUTHORITY": "BATON ROUGE", "ABC": "YES", "BUSINESS_NAICS_CODE": 453000, "PHONE_NUMBER": null, "WEBSITE": null, "LATITUDE": 30, "LONGITUDE": -91 }, "geometry": { "type": "Point", "coordinates": [ -91.107026001873649, 30.460660333378517 ] } },
{ "type": "Feature", "properties": { "ADDRESS_ID": 116182, "BUSINESS_ID": 41242, "BUSINESS_NAME": "PATS CAJUN SEAFOOD & STEAK", "FULL_ADDRESS": "8200 JEFFERSON HWY", "CITY": "BATON ROUGE", "JURISDICTION": "EBRP", "STATE": "LOUISIANA", "COUNTRY": "UNITED STATES", "ZIP": 70809, "ADDRESS_AUTHORITY": "BATON ROUGE", "ABC": "YES", "BUSINESS_NAICS_CODE": 722000, "PHONE_NUMBER": null, "WEBSITE": null, "LATITUDE": 30, "LONGITUDE": -91 }, "geometry": { "type": "Point", "coordinates": [ -91.102087824872626, 30.422002641307458 ] } },
{ "type": "Feature", "properties": { "ADDRESS_ID": 116510, "BUSINESS_ID": 37333, "BUSINESS_NAME": "TIMS FOOD MART", "FULL_ADDRESS": "824 N ARDENWOOD DR", "CITY": "BATON ROUGE", "JURISDICTION": "EBRP", "STATE": "LOUISIANA", "COUNTRY": "UNITED STATES", "ZIP": 70806, "ADDRESS_AUTHORITY": "BATON ROUGE", "ABC": "YES", "BUSINESS_NAICS_CODE": 445110, "PHONE_NUMBER": "225-356-3445", "WEBSITE": null, "LATITUDE": 30, "LONGITUDE": -91 }, "geometry": { "type": "Point", "coordinates": [ -91.127058037075287, 30.457100079635055 ] } },
{ "type": "Feature", "properties": { "ADDRESS_ID": 117114, "BUSINESS_ID": 46036, "BUSINESS_NAME": "ROUX 61", "FULL_ADDRESS": "8322 BLUEBONNET BLVD", "CITY": "BATON ROUGE", "JURISDICTION": "EBRP", "STATE": "LOUISIANA", "COUNTRY": "UNITED STATES", "ZIP": 70810, "ADDRESS_AUTHORITY": "PARISH", "ABC": "YES", "BUSINESS_NAICS_CODE": 722000, "PHONE_NUMBER": null, "WEBSITE": null, "LATITUDE": 30, "LONGITUDE": -91 }, "geometry": { "type": "Point", "coordinates": [ -91.100241447814739, 30.374830403679372 ] } },
{ "type": "Feature", "properties": { "ADDRESS_ID": 117212, "BUSINESS_ID": 15150, "BUSINESS_NAME": "EL RIO GRANDE MEXICAN FOODS", "FULL_ADDRESS": "8334 AIRLINE HWY", "CITY": "BATON ROUGE", "JURISDICTION": "EBRP", "STATE": "LOUISIANA", "COUNTRY": "UNITED STATES", "ZIP": 70806, "ADDRESS_AUTHORITY": "BATON ROUGE", "ABC": "YES", "BUSINESS_NAICS_CODE": 722110, "PHONE_NUMBER": null, "WEBSITE": null, "LATITUDE": 30, "LONGITUDE": -91 }, "geometry": { "type": "Point", "coordinates": [ -91.101469848868135, 30.460024931851397 ] } },
{ "type": "Feature", "properties": { "ADDRESS_ID": 117295, "BUSINESS_ID": 50279, "BUSINESS_NAME": "TRANSPORTATION & WAREHOUSE", "FULL_ADDRESS": "8344 ELM GROVE GARDEN DR", "CITY": "BATON ROUGE", "JURISDICTION": "EBRP", "STATE": "LOUISIANA", "COUNTRY": "UNITED STATES", "ZIP": 70807, "ADDRESS_AUTHORITY": "BATON ROUGE", "ABC": "YES", "BUSINESS_NAICS_CODE": 484000, "PHONE_NUMBER": null, "WEBSITE": null, "LATITUDE": 31, "LONGITUDE": -91 }, "geometry": { "type": "Point", "coordinates": [ -91.168896957526925, 30.523517188864833 ] } },
{ "type": "Feature", "properties": { "ADDRESS_ID": 117722, "BUSINESS_ID": 25633, "BUSINESS_NAME": "BREWBACHER'S GRILL #5", "FULL_ADDRESS": "8415 BLUEBONNET BLVD", "CITY": "BATON ROUGE", "JURISDICTION": "EBRP", "STATE": "LOUISIANA", "COUNTRY": "UNITED STATES", "ZIP": 70810, "ADDRESS_AUTHORITY": "PARISH", "ABC": "YES", "BUSINESS_NAICS_CODE": 722000, "PHONE_NUMBER": null, "WEBSITE": null, "LATITUDE": 30, "LONGITUDE": -91 }, "geometry": { "type": "Point", "coordinates": [ -91.099786495216151, 30.373719286750909 ] } },
{ "type": "Feature", "properties": { "ADDRESS_ID": 118023, "BUSINESS_ID": 16618, "BUSINESS_NAME": "KAY B LOUNGE", "FULL_ADDRESS": "845 MADELINE CT", "CITY": "BATON ROUGE", "JURISDICTION": "EBRP", "STATE": "LOUISIANA", "COUNTRY": "UNITED STATES", "ZIP": 70815, "ADDRESS_AUTHORITY": "BATON ROUGE", "ABC": "YES", "BUSINESS_NAICS_CODE": 722410, "PHONE_NUMBER": null, "WEBSITE": null, "LATITUDE": 30, "LONGITUDE": -91 }, "geometry": { "type": "Point", "coordinates": [ -91.077714280857947, 30.45737545619053 ] } },
{ "type": "Feature", "properties": { "ADDRESS_ID": 118076, "BUSINESS_ID": 3246, "BUSINESS_NAME": "ON THE RUN #14", "FULL_ADDRESS": "8455 AIRLINE HWY", "CITY": "BATON ROUGE", "JURISDICTION": "EBRP", "STATE": "LOUISIANA", "COUNTRY": "UNITED STATES", "ZIP": 70815, "ADDRESS_AUTHORITY": "BATON ROUGE", "ABC": "YES", "BUSINESS_NAICS_CODE": 447110, "PHONE_NUMBER": null, "WEBSITE": null, "LATITUDE": 30, "LONGITUDE": -91 }, "geometry": { "type": "Point", "coordinates": [ -91.098931894185711, 30.458002778114015 ] } },
{ "type": "Feature", "properties": { "ADDRESS_ID": 118770, "BUSINESS_ID": 46750, "BUSINESS_NAME": "VINCES LIQUOR", "FULL_ADDRESS": "8556 SCOTLAND AVE", "CITY": "BATON ROUGE", "JURISDICTION": "EBRP", "STATE": "LOUISIANA", "COUNTRY": "UNITED STATES", "ZIP": 70807, "ADDRESS_AUTHORITY": "BATON ROUGE", "ABC": "YES", "BUSINESS_NAICS_CODE": 445000, "PHONE_NUMBER": null, "WEBSITE": null, "LATITUDE": 31, "LONGITUDE": -91 }, "geometry": { "type": "Point", "coordinates": [ -91.180060495206718, 30.525018690058804 ] } },
{ "type": "Feature", "properties": { "ADDRESS_ID": 118978, "BUSINESS_ID": 29297, "BUSINESS_NAME": "GEORGES PLACE", "FULL_ADDRESS": "860 SAINT LOUIS ST", "CITY": "BATON ROUGE", "JURISDICTION": "EBRP", "STATE": "LOUISIANA", "COUNTRY": "UNITED STATES", "ZIP": 70802, "ADDRESS_AUTHORITY": "BATON ROUGE", "ABC": "YES", "BUSINESS_NAICS_CODE": 722000, "PHONE_NUMBER": null, "WEBSITE": null, "LATITUDE": 30, "LONGITUDE": -91 }, "geometry": { "type": "Point", "coordinates": [ -91.187495316350635, 30.439867272369984 ] } },
{ "type": "Feature", "properties": { "ADDRESS_ID": 118988, "BUSINESS_ID": 38362, "BUSINESS_NAME": "WINN DIXIE #1461", "FULL_ADDRESS": "8601 SIEGEN LN", "CITY": "BATON ROUGE", "JURISDICTION": "EBRP", "STATE": "LOUISIANA", "COUNTRY": "UNITED STATES", "ZIP": 70810, "ADDRESS_AUTHORITY": "PARISH", "ABC": "YES", "BUSINESS_NAICS_CODE": 445000, "PHONE_NUMBER": "225-766-8400", "WEBSITE": "https://winndixie.com", "LATITUDE": 30, "LONGITUDE": -91 }, "geometry": { "type": "Point", "coordinates": [ -91.071991284271604, 30.370497419843268 ] } },
{ "type": "Feature", "properties": { "ADDRESS_ID": 119277, "BUSINESS_ID": 65620, "BUSINESS_NAME": "LAVISH BOUTIQUE LLC", "FULL_ADDRESS": "8639 CODY DR", "CITY": "BATON ROUGE", "JURISDICTION": "EBRP", "STATE": "LOUISIANA", "COUNTRY": "UNITED STATES", "ZIP": 70811, "ADDRESS_AUTHORITY": "PARISH", "ABC": "YES", "BUSINESS_NAICS_CODE": 454100, "PHONE_NUMBER": null, "WEBSITE": null, "LATITUDE": 31, "LONGITUDE": -91 }, "geometry": { "type": "Point", "coordinates": [ -91.099329960513003, 30.5261269277139 ] } },
{ "type": "Feature", "properties": { "ADDRESS_ID": 119806, "BUSINESS_ID": 10914, "BUSINESS_NAME": "JEFFS FOOD MART", "FULL_ADDRESS": "8731 JEFFERSON HWY", "CITY": "BATON ROUGE", "JURISDICTION": "EBRP", "STATE": "LOUISIANA", "COUNTRY": "UNITED STATES", "ZIP": 70809, "ADDRESS_AUTHORITY": "BATON ROUGE", "ABC": "YES", "BUSINESS_NAICS_CODE": 445110, "PHONE_NUMBER": null, "WEBSITE": null, "LATITUDE": 30, "LONGITUDE": -91 }, "geometry": { "type": "Point", "coordinates": [ -91.092275838267071, 30.419026019714515 ] } },
{ "type": "Feature", "properties": { "ADDRESS_ID": 120263, "BUSINESS_ID": 34603, "BUSINESS_NAME": "RAGUSA'S MEAT MARKET", "FULL_ADDRESS": "8818 SCOTLAND AVE", "CITY": "BATON ROUGE", "JURISDICTION": "EBRP", "STATE": "LOUISIANA", "COUNTRY": "UNITED STATES", "ZIP": 70807, "ADDRESS_AUTHORITY": "BATON ROUGE", "ABC": "YES", "BUSINESS_NAICS_CODE": 445000, "PHONE_NUMBER": null, "WEBSITE": null, "LATITUDE": 31, "LONGITUDE": -91 }, "geometry": { "type": "Point", "coordinates": [ -91.179664712797518, 30.527176408904566 ] } },
{ "type": "Feature", "properties": { "ADDRESS_ID": 120682, "BUSINESS_ID": 26590, "BUSINESS_NAME": "EXXON/ON THE RUN INC #2707651", "FULL_ADDRESS": "8885 HIGHLAND RD", "CITY": "BATON ROUGE", "JURISDICTION": "EBRP", "STATE": "LOUISIANA", "COUNTRY": "UNITED STATES", "ZIP": 70808, "ADDRESS_AUTHORITY": "BATON ROUGE", "ABC": "YES", "BUSINESS_NAICS_CODE": 447000, "PHONE_NUMBER": null, "WEBSITE": null, "LATITUDE": 30, "LONGITUDE": -91 }, "geometry": { "type": "Point", "coordinates": [ -91.122950150928304, 30.369357986660873 ] } },
{ "type": "Feature", "properties": { "ADDRESS_ID": 121432, "BUSINESS_ID": 27274, "BUSINESS_NAME": "CVS PHARMACY #05318", "FULL_ADDRESS": "9006 GREENWELL SPRINGS RD", "CITY": "BATON ROUGE", "JURISDICTION": "EBRP", "STATE": "LOUISIANA", "COUNTRY": "UNITED STATES", "ZIP": 70814, "ADDRESS_AUTHORITY": "BATON ROUGE", "ABC": "YES", "BUSINESS_NAICS_CODE": 446110, "PHONE_NUMBER": "225-927-5088", "WEBSITE": "http://cvs.com/", "LATITUDE": 30, "LONGITUDE": -91 }, "geometry": { "type": "Point", "coordinates": [ -91.08917058355911, 30.483072222059313 ] } },
{ "type": "Feature", "properties": { "ADDRESS_ID": 122297, "BUSINESS_ID": 2142, "BUSINESS_NAME": "KWIK STOP", "FULL_ADDRESS": "9110 AIRLINE HWY", "CITY": "BATON ROUGE", "JURISDICTION": "EBRP", "STATE": "LOUISIANA", "COUNTRY": "UNITED STATES", "ZIP": 70815, "ADDRESS_AUTHORITY": "BATON ROUGE", "ABC": "YES", "BUSINESS_NAICS_CODE": 447110, "PHONE_NUMBER": null, "WEBSITE": null, "LATITUDE": 30, "LONGITUDE": -91 }, "geometry": { "type": "Point", "coordinates": [ -91.089256459529409, 30.442463128419831 ] } },
{ "type": "Feature", "properties": { "ADDRESS_ID": 123514, "BUSINESS_ID": 2444, "BUSINESS_NAME": "COUNTRY CORNER FOOD STORE #2", "FULL_ADDRESS": "9232 S CHOCTAW DR", "CITY": "BATON ROUGE", "JURISDICTION": "EBRP", "STATE": "LOUISIANA", "COUNTRY": "UNITED STATES", "ZIP": 70815, "ADDRESS_AUTHORITY": "BATON ROUGE", "ABC": "YES", "BUSINESS_NAICS_CODE": 445000, "PHONE_NUMBER": null, "WEBSITE": null, "LATITUDE": 30, "LONGITUDE": -91 }, "geometry": { "type": "Point", "coordinates": [ -91.084329291884998, 30.471439242585692 ] } },
{ "type": "Feature", "properties": { "ADDRESS_ID": 124044, "BUSINESS_ID": 66835, "BUSINESS_NAME": "CITY MART LLC", "FULL_ADDRESS": "9301 BURBANK DR", "CITY": "BATON ROUGE", "JURISDICTION": "EBRP", "STATE": "LOUISIANA", "COUNTRY": "UNITED STATES", "ZIP": 70820, "ADDRESS_AUTHORITY": "PARISH", "ABC": "YES", "BUSINESS_NAICS_CODE": 453000, "PHONE_NUMBER": null, "WEBSITE": null, "LATITUDE": 30, "LONGITUDE": -91 }, "geometry": { "type": "Point", "coordinates": [ -91.125986881404245, 30.361704980039399 ] } },
{ "type": "Feature", "properties": { "ADDRESS_ID": 124227, "BUSINESS_ID": 27047, "BUSINESS_NAME": "COU-YON'S TEXAS BBQ", "FULL_ADDRESS": "9320 BURBANK DR", "CITY": "BATON ROUGE", "JURISDICTION": "EBRP", "STATE": "LOUISIANA", "COUNTRY": "UNITED STATES", "ZIP": 70820, "ADDRESS_AUTHORITY": "PARISH", "ABC": "YES", "BUSINESS_NAICS_CODE": 722000, "PHONE_NUMBER": null, "WEBSITE": null, "LATITUDE": 30, "LONGITUDE": -91 }, "geometry": { "type": "Point", "coordinates": [ -91.124728716866272, 30.359946089691594 ] } },
{ "type": "Feature", "properties": { "ADDRESS_ID": 125165, "BUSINESS_ID": 2142, "BUSINESS_NAME": "KWIK STOP", "FULL_ADDRESS": "9410 GREENWELL SPRINGS RD", "CITY": "BATON ROUGE", "JURISDICTION": "EBRP", "STATE": "LOUISIANA", "COUNTRY": "UNITED STATES", "ZIP": 70814, "ADDRESS_AUTHORITY": "BATON ROUGE", "ABC": "YES", "BUSINESS_NAICS_CODE": 447110, "PHONE_NUMBER": null, "WEBSITE": null, "LATITUDE": 30, "LONGITUDE": -91 }, "geometry": { "type": "Point", "coordinates": [ -91.083372335059536, 30.484796633251083 ] } },
{ "type": "Feature", "properties": { "ADDRESS_ID": 125323, "BUSINESS_ID": 64077, "BUSINESS_NAME": "BURBANK DAIQUIRIS LLC", "FULL_ADDRESS": "9422 ROUND OAK DR", "CITY": "BATON ROUGE", "JURISDICTION": "EBRP", "STATE": "LOUISIANA", "COUNTRY": "UNITED STATES", "ZIP": 70817, "ADDRESS_AUTHORITY": "PARISH", "ABC": "YES", "BUSINESS_NAICS_CODE": 722000, "PHONE_NUMBER": null, "WEBSITE": null, "LATITUDE": 30, "LONGITUDE": -91 }, "geometry": { "type": "Point", "coordinates": [ -91.002380135575564, 30.363704726438989 ] } },
{ "type": "Feature", "properties": { "ADDRESS_ID": 125434, "BUSINESS_ID": 2809, "BUSINESS_NAME": "DIM SUM SEAFOOD RESTAURANT", "FULL_ADDRESS": "9431 DELCOURT AVE", "CITY": "BATON ROUGE", "JURISDICTION": "EBRP", "STATE": "LOUISIANA", "COUNTRY": "UNITED STATES", "ZIP": 70815, "ADDRESS_AUTHORITY": "BATON ROUGE", "ABC": "YES", "BUSINESS_NAICS_CODE": 722110, "PHONE_NUMBER": null, "WEBSITE": null, "LATITUDE": 30, "LONGITUDE": -91 }, "geometry": { "type": "Point", "coordinates": [ -91.083387521405442, 30.437382073543723 ] } },
{ "type": "Feature", "properties": { "ADDRESS_ID": 125710, "BUSINESS_ID": 31803, "BUSINESS_NAME": "LEO SERVICE MARKET & GROCERY", "FULL_ADDRESS": "945 EAST BLVD", "CITY": "BATON ROUGE", "JURISDICTION": "EBRP", "STATE": "LOUISIANA", "COUNTRY": "UNITED STATES", "ZIP": 70802, "ADDRESS_AUTHORITY": "BATON ROUGE", "ABC": "YES", "BUSINESS_NAICS_CODE": 445000, "PHONE_NUMBER": null, "WEBSITE": null, "LATITUDE": 30, "LONGITUDE": -91 }, "geometry": { "type": "Point", "coordinates": [ -91.179893489158786, 30.438543631910878 ] } },
{ "type": "Feature", "properties": { "ADDRESS_ID": 127084, "BUSINESS_ID": 2569, "BUSINESS_NAME": "CVS PHARMACY", "FULL_ADDRESS": "9608 JEFFERSON HWY", "CITY": "BATON ROUGE", "JURISDICTION": "EBRP", "STATE": "LOUISIANA", "COUNTRY": "UNITED STATES", "ZIP": 70809, "ADDRESS_AUTHORITY": "PARISH", "ABC": "YES", "BUSINESS_NAICS_CODE": 446110, "PHONE_NUMBER": null, "WEBSITE": "http://cvs.com/", "LATITUDE": 30, "LONGITUDE": -91 }, "geometry": { "type": "Point", "coordinates": [ -91.078106462676018, 30.410698637279463 ] } },
{ "type": "Feature", "properties": { "ADDRESS_ID": 127101, "BUSINESS_ID": 727, "BUSINESS_NAME": "B-QUICK CONVENIENCE STORE #1", "FULL_ADDRESS": "9611 AIRLINE HWY", "CITY": "BATON ROUGE", "JURISDICTION": "EBRP", "STATE": "LOUISIANA", "COUNTRY": "UNITED STATES", "ZIP": 70815, "ADDRESS_AUTHORITY": "BATON ROUGE", "ABC": "YES", "BUSINESS_NAICS_CODE": 447000, "PHONE_NUMBER": null, "WEBSITE": null, "LATITUDE": 30, "LONGITUDE": -91 }, "geometry": { "type": "Point", "coordinates": [ -91.081397159804354, 30.433818633321309 ] } },
{ "type": "Feature", "properties": { "ADDRESS_ID": 127326, "BUSINESS_ID": 35137, "BUSINESS_NAME": "ROMANS CAFE", "FULL_ADDRESS": "9634 STE F1 AIRLINE HWY", "CITY": "BATON ROUGE", "JURISDICTION": "EBRP", "STATE": "LOUISIANA", "COUNTRY": "UNITED STATES", "ZIP": 70815, "ADDRESS_AUTHORITY": "BATON ROUGE", "ABC": "YES", "BUSINESS_NAICS_CODE": 722000, "PHONE_NUMBER": null, "WEBSITE": null, "LATITUDE": 30, "LONGITUDE": -91 }, "geometry": { "type": "Point", "coordinates": [ -91.084022624872091, 30.431978628700968 ] } },
{ "type": "Feature", "properties": { "ADDRESS_ID": 127485, "BUSINESS_ID": 24067, "BUSINESS_NAME": "ALBERTSONS #2712", "FULL_ADDRESS": "9650 AIRLINE HWY", "CITY": "BATON ROUGE", "JURISDICTION": "EBRP", "STATE": "LOUISIANA", "COUNTRY": "UNITED STATES", "ZIP": 70815, "ADDRESS_AUTHORITY": "BATON ROUGE", "ABC": "YES", "BUSINESS_NAICS_CODE": 445110, "PHONE_NUMBER": "225-926-9304", "WEBSITE": "http://albertsons.com/", "LATITUDE": 30, "LONGITUDE": -91 }, "geometry": { "type": "Point", "coordinates": [ -91.082940204519602, 30.432298428294999 ] } },
{ "type": "Feature", "properties": { "ADDRESS_ID": 128127, "BUSINESS_ID": 26980, "BUSINESS_NAME": "COREY A ROBERTSON DDS", "FULL_ADDRESS": "9745 AIRLINE HWY", "CITY": "BATON ROUGE", "JURISDICTION": "EBRP", "STATE": "LOUISIANA", "COUNTRY": "UNITED STATES", "ZIP": 70816, "ADDRESS_AUTHORITY": "BATON ROUGE", "ABC": "YES", "BUSINESS_NAICS_CODE": 621000, "PHONE_NUMBER": null, "WEBSITE": null, "LATITUDE": 30, "LONGITUDE": -91 }, "geometry": { "type": "Point", "coordinates": [ -91.079393656164072, 30.430496063767798 ] } },
{ "type": "Feature", "properties": { "ADDRESS_ID": 128581, "BUSINESS_ID": 38063, "BUSINESS_NAME": "WALGREENS # 06028", "FULL_ADDRESS": "9820 OLD HAMMOND HWY", "CITY": "BATON ROUGE", "JURISDICTION": "EBRP", "STATE": "LOUISIANA", "COUNTRY": "UNITED STATES", "ZIP": 70816, "ADDRESS_AUTHORITY": "BATON ROUGE", "ABC": "YES", "BUSINESS_NAICS_CODE": 446110, "PHONE_NUMBER": "225-248-1104", "WEBSITE": "http://walgreens.com/", "LATITUDE": 30, "LONGITUDE": -91 }, "geometry": { "type": "Point", "coordinates": [ -91.07960355780213, 30.431412056619212 ] } },
{ "type": "Feature", "properties": { "ADDRESS_ID": 129497, "BUSINESS_ID": 4167, "BUSINESS_NAME": "HOLIDAY INN", "FULL_ADDRESS": "9990 AIRLINE HWY", "CITY": "BATON ROUGE", "JURISDICTION": "EBRP", "STATE": "LOUISIANA", "COUNTRY": "UNITED STATES", "ZIP": 70809, "ADDRESS_AUTHORITY": "BATON ROUGE", "ABC": "YES", "BUSINESS_NAICS_CODE": 721110, "PHONE_NUMBER": null, "WEBSITE": null, "LATITUDE": 30, "LONGITUDE": -91 }, "geometry": { "type": "Point", "coordinates": [ -91.077720817207151, 30.426061663938778 ] } },
{ "type": "Feature", "properties": { "ADDRESS_ID": 129761, "BUSINESS_ID": 38065, "BUSINESS_NAME": "WALGREENS #07083", "FULL_ADDRESS": "9983 BLUEBONNET BLVD", "CITY": "BATON ROUGE", "JURISDICTION": "EBRP", "STATE": "LOUISIANA", "COUNTRY": "UNITED STATES", "ZIP": 70810, "ADDRESS_AUTHORITY": "PARISH", "ABC": "YES", "BUSINESS_NAICS_CODE": 446110, "PHONE_NUMBER": "225-769-4208", "WEBSITE": "http://walgreens.com/", "LATITUDE": 30, "LONGITUDE": -91 }, "geometry": { "type": "Point", "coordinates": [ -91.109533166308651, 30.354575928518862 ] } },
{ "type": "Feature", "properties": { "ADDRESS_ID": 129775, "BUSINESS_ID": 31486, "BUSINESS_NAME": "LA FOOD MART", "FULL_ADDRESS": "9988 FLORIDA BLVD", "CITY": "BATON ROUGE", "JURISDICTION": "EBRP", "STATE": "LOUISIANA", "COUNTRY": "UNITED STATES", "ZIP": 70815, "ADDRESS_AUTHORITY": "BATON ROUGE", "ABC": "YES", "BUSINESS_NAICS_CODE": 445000, "PHONE_NUMBER": null, "WEBSITE": null, "LATITUDE": 30, "LONGITUDE": -91 }, "geometry": { "type": "Point", "coordinates": [ -91.072590951326845, 30.456025328341365 ] } },
{ "type": "Feature", "properties": { "ADDRESS_ID": 129799, "BUSINESS_ID": 4920, "BUSINESS_NAME": "LOUISIANA LAGNIAPPE RESTAURANT", "FULL_ADDRESS": "9990 PERKINS RD", "CITY": "BATON ROUGE", "JURISDICTION": "EBRP", "STATE": "LOUISIANA", "COUNTRY": "UNITED STATES", "ZIP": 70810, "ADDRESS_AUTHORITY": "PARISH", "ABC": "YES", "BUSINESS_NAICS_CODE": 722110, "PHONE_NUMBER": null, "WEBSITE": null, "LATITUDE": 30, "LONGITUDE": -91 }, "geometry": { "type": "Point", "coordinates": [ -91.096446552340581, 30.37825459010589 ] } },
{ "type": "Feature", "properties": { "ADDRESS_ID": 130130, "BUSINESS_ID": 911, "BUSINESS_NAME": "BATON ROUGE RACEWAY", "FULL_ADDRESS": "17700 PLANK RD", "CITY": "ZACHARY", "JURISDICTION": "EBRP", "STATE": "LOUISIANA", "COUNTRY": "UNITED STATES", "ZIP": 70791, "ADDRESS_AUTHORITY": "PARISH", "ABC": "YES", "BUSINESS_NAICS_CODE": 711310, "PHONE_NUMBER": null, "WEBSITE": null, "LATITUDE": 31, "LONGITUDE": -91 }, "geometry": { "type": "Point", "coordinates": [ -91.122347769256038, 30.621892945097393 ] } },
{ "type": "Feature", "properties": { "ADDRESS_ID": 133198, "BUSINESS_ID": 27273, "BUSINESS_NAME": "CVS PHARMACY INC #5324", "FULL_ADDRESS": "3384 GOVERNMENT ST", "CITY": "BATON ROUGE", "JURISDICTION": "EBRP", "STATE": "LOUISIANA", "COUNTRY": "UNITED STATES", "ZIP": 70806, "ADDRESS_AUTHORITY": "BATON ROUGE", "ABC": "YES", "BUSINESS_NAICS_CODE": 446110, "PHONE_NUMBER": "225-387-5600", "WEBSITE": "http://cvs.com/", "LATITUDE": 30, "LONGITUDE": -91 }, "geometry": { "type": "Point", "coordinates": [ -91.154526643415508, 30.443676204724845 ] } },
{ "type": "Feature", "properties": { "ADDRESS_ID": 133300, "BUSINESS_ID": 60425, "BUSINESS_NAME": "INDEPENDENCE PARK THEATRE CULTURAL", "FULL_ADDRESS": "7800 INDEPENDENCE BLVD", "CITY": "BATON ROUGE", "JURISDICTION": "EBRP", "STATE": "LOUISIANA", "COUNTRY": "UNITED STATES", "ZIP": 70806, "ADDRESS_AUTHORITY": "BATON ROUGE", "ABC": "YES", "BUSINESS_NAICS_CODE": null, "PHONE_NUMBER": null, "WEBSITE": null, "LATITUDE": 30, "LONGITUDE": -91 }, "geometry": { "type": "Point", "coordinates": [ -91.108364220868211, 30.444510040488751 ] } },
{ "type": "Feature", "properties": { "ADDRESS_ID": 133696, "BUSINESS_ID": 32753, "BUSINESS_NAME": "MI CUEVITA PLUS LLC", "FULL_ADDRESS": "1853 W MURIEL DR", "CITY": "BATON ROUGE", "JURISDICTION": "EBRP", "STATE": "LOUISIANA", "COUNTRY": "UNITED STATES", "ZIP": 70816, "ADDRESS_AUTHORITY": "BATON ROUGE", "ABC": "YES", "BUSINESS_NAICS_CODE": 453000, "PHONE_NUMBER": null, "WEBSITE": null, "LATITUDE": 30, "LONGITUDE": -91 }, "geometry": { "type": "Point", "coordinates": [ -91.059995614966297, 30.435614155631971 ] } },
{ "type": "Feature", "properties": { "ADDRESS_ID": 133736, "BUSINESS_ID": 36091, "BUSINESS_NAME": "SOUTHERN OAKS ATHLETIC CLUB LLC", "FULL_ADDRESS": "15253 SHENANDOAH AVE", "CITY": "BATON ROUGE", "JURISDICTION": "EBRP", "STATE": "LOUISIANA", "COUNTRY": "UNITED STATES", "ZIP": 70817, "ADDRESS_AUTHORITY": "PARISH", "ABC": "YES", "BUSINESS_NAICS_CODE": 815000, "PHONE_NUMBER": null, "WEBSITE": null, "LATITUDE": 30, "LONGITUDE": -91 }, "geometry": { "type": "Point", "coordinates": [ -91.014716439651281, 30.39743501008488 ] } },
{ "type": "Feature", "properties": { "ADDRESS_ID": 133840, "BUSINESS_ID": 25954, "BUSINESS_NAME": "CALANDROS SUPER MARKET #2", "FULL_ADDRESS": "12732 PERKINS RD", "CITY": "BATON ROUGE", "JURISDICTION": "EBRP", "STATE": "LOUISIANA", "COUNTRY": "UNITED STATES", "ZIP": 70810, "ADDRESS_AUTHORITY": "PARISH", "ABC": "YES", "BUSINESS_NAICS_CODE": 445110, "PHONE_NUMBER": "225-767-6659", "WEBSITE": "http://calandros.com/", "LATITUDE": 30, "LONGITUDE": -91 }, "geometry": { "type": "Point", "coordinates": [ -91.076151666319788, 30.367235023866833 ] } },
{ "type": "Feature", "properties": { "ADDRESS_ID": 133848, "BUSINESS_ID": 41432, "BUSINESS_NAME": "SHELL", "FULL_ADDRESS": "11440 STE A PERKINS RD", "CITY": "BATON ROUGE", "JURISDICTION": "EBRP", "STATE": "LOUISIANA", "COUNTRY": "UNITED STATES", "ZIP": 70810, "ADDRESS_AUTHORITY": "PARISH", "ABC": "YES", "BUSINESS_NAICS_CODE": 447000, "PHONE_NUMBER": null, "WEBSITE": null, "LATITUDE": 30, "LONGITUDE": -91 }, "geometry": { "type": "Point", "coordinates": [ -91.085983385330323, 30.371634880596851 ] } },
{ "type": "Feature", "properties": { "ADDRESS_ID": 133958, "BUSINESS_ID": 33930, "BUSINESS_NAME": "PHIL BRADYS BAR & GRILL INC", "FULL_ADDRESS": "4848 GOVERNMENT ST", "CITY": "BATON ROUGE", "JURISDICTION": "EBRP", "STATE": "LOUISIANA", "COUNTRY": "UNITED STATES", "ZIP": 70806, "ADDRESS_AUTHORITY": "BATON ROUGE", "ABC": "YES", "BUSINESS_NAICS_CODE": 722000, "PHONE_NUMBER": null, "WEBSITE": null, "LATITUDE": 30, "LONGITUDE": -91 }, "geometry": { "type": "Point", "coordinates": [ -91.139919195456912, 30.444406982980727 ] } },
{ "type": "Feature", "properties": { "ADDRESS_ID": 133960, "BUSINESS_ID": 10568, "BUSINESS_NAME": "OLD NEW ORLEANS BAR AND GRILL", "FULL_ADDRESS": "648 LOBDELL AVE", "CITY": "BATON ROUGE", "JURISDICTION": "EBRP", "STATE": "LOUISIANA", "COUNTRY": "UNITED STATES", "ZIP": 70806, "ADDRESS_AUTHORITY": "BATON ROUGE", "ABC": "YES", "BUSINESS_NAICS_CODE": 722110, "PHONE_NUMBER": null, "WEBSITE": null, "LATITUDE": 30, "LONGITUDE": -91 }, "geometry": { "type": "Point", "coordinates": [ -91.111107000847753, 30.443915939572989 ] } },
{ "type": "Feature", "properties": { "ADDRESS_ID": 134191, "BUSINESS_ID": 33983, "BUSINESS_NAME": "SHOPPERS VALUE", "FULL_ADDRESS": "5355 STE E GOVERNMENT ST", "CITY": "BATON ROUGE", "JURISDICTION": "EBRP", "STATE": "LOUISIANA", "COUNTRY": "UNITED STATES", "ZIP": 70806, "ADDRESS_AUTHORITY": "BATON ROUGE", "ABC": "YES", "BUSINESS_NAICS_CODE": 445110, "PHONE_NUMBER": "225-925-1522", "WEBSITE": "http://shoppersvaluefoodla.com/", "LATITUDE": 30, "LONGITUDE": -91 }, "geometry": { "type": "Point", "coordinates": [ -91.135299956040654, 30.446207061320059 ] } },
{ "type": "Feature", "properties": { "ADDRESS_ID": 134194, "BUSINESS_ID": 41525, "BUSINESS_NAME": "SHOPPERS VALUE FOODS", "FULL_ADDRESS": "5355 STE B GOVERNMENT ST", "CITY": "BATON ROUGE", "JURISDICTION": "EBRP", "STATE": "LOUISIANA", "COUNTRY": "UNITED STATES", "ZIP": 70806, "ADDRESS_AUTHORITY": "BATON ROUGE", "ABC": "YES", "BUSINESS_NAICS_CODE": 453000, "PHONE_NUMBER": null, "WEBSITE": null, "LATITUDE": 30, "LONGITUDE": -91 }, "geometry": { "type": "Point", "coordinates": [ -91.135348235381443, 30.446189306698415 ] } },
{ "type": "Feature", "properties": { "ADDRESS_ID": 134268, "BUSINESS_ID": 26482, "BUSINESS_NAME": "CHINESE INN NICHOLSON", "FULL_ADDRESS": "1710 NICHOLSON DR", "CITY": "BATON ROUGE", "JURISDICTION": "EBRP", "STATE": "LOUISIANA", "COUNTRY": "UNITED STATES", "ZIP": 70802, "ADDRESS_AUTHORITY": "BATON ROUGE", "ABC": "YES", "BUSINESS_NAICS_CODE": 722000, "PHONE_NUMBER": null, "WEBSITE": null, "LATITUDE": 30, "LONGITUDE": -91 }, "geometry": { "type": "Point", "coordinates": [ -91.187993413775899, 30.431881061309795 ] } },
{ "type": "Feature", "properties": { "ADDRESS_ID": 134542, "BUSINESS_ID": 26148, "BUSINESS_NAME": "CARRABBAS ITALIAN GRILL", "FULL_ADDRESS": "7275 CORPORATE BLVD", "CITY": "BATON ROUGE", "JURISDICTION": "EBRP", "STATE": "LOUISIANA", "COUNTRY": "UNITED STATES", "ZIP": 70809, "ADDRESS_AUTHORITY": "PARISH", "ABC": "YES", "BUSINESS_NAICS_CODE": 722000, "PHONE_NUMBER": null, "WEBSITE": null, "LATITUDE": 30, "LONGITUDE": -91 }, "geometry": { "type": "Point", "coordinates": [ -91.11578119974611, 30.430469404274305 ] } },
{ "type": "Feature", "properties": { "ADDRESS_ID": 134703, "BUSINESS_ID": 34676, "BUSINESS_NAME": "AMC THEATERS MALL OF LOUISIANA 15", "FULL_ADDRESS": "9168 MALL OF LOUISIANA BLVD", "CITY": "BATON ROUGE", "JURISDICTION": "EBRP", "STATE": "LOUISIANA", "COUNTRY": "UNITED STATES", "ZIP": 70836, "ADDRESS_AUTHORITY": "BATON ROUGE", "ABC": "YES", "BUSINESS_NAICS_CODE": 512000, "PHONE_NUMBER": null, "WEBSITE": null, "LATITUDE": 30, "LONGITUDE": -91 }, "geometry": { "type": "Point", "coordinates": [ -91.08430830833845, 30.385753716657934 ] } },
{ "type": "Feature", "properties": { "ADDRESS_ID": 134722, "BUSINESS_ID": 38242, "BUSINESS_NAME": "WHITE OAK PLANTATION", "FULL_ADDRESS": "16515 SPILLER'S WAY", "CITY": "BATON ROUGE", "JURISDICTION": "EBRP", "STATE": "LOUISIANA", "COUNTRY": "UNITED STATES", "ZIP": 70817, "ADDRESS_AUTHORITY": "PARISH", "ABC": "YES", "BUSINESS_NAICS_CODE": 722000, "PHONE_NUMBER": null, "WEBSITE": null, "LATITUDE": 30, "LONGITUDE": -91 }, "geometry": { "type": "Point", "coordinates": [ -90.999785712053892, 30.415804052391422 ] } },
{ "type": "Feature", "properties": { "ADDRESS_ID": 134851, "BUSINESS_ID": 34566, "BUSINESS_NAME": "RACETRAC #117", "FULL_ADDRESS": "3730 HARDING BLVD", "CITY": "BATON ROUGE", "JURISDICTION": "EBRP", "STATE": "LOUISIANA", "COUNTRY": "UNITED STATES", "ZIP": 70807, "ADDRESS_AUTHORITY": "BATON ROUGE", "ABC": "YES", "BUSINESS_NAICS_CODE": 447000, "PHONE_NUMBER": null, "WEBSITE": null, "LATITUDE": 31, "LONGITUDE": -91 }, "geometry": { "type": "Point", "coordinates": [ -91.152344614675769, 30.520854268824365 ] } },
{ "type": "Feature", "properties": { "ADDRESS_ID": 135017, "BUSINESS_ID": 25467, "BUSINESS_NAME": "BOCAGE SUPERMARKET LLC", "FULL_ADDRESS": "7675 JEFFERSON HWY", "CITY": "BATON ROUGE", "JURISDICTION": "EBRP", "STATE": "LOUISIANA", "COUNTRY": "UNITED STATES", "ZIP": 70809, "ADDRESS_AUTHORITY": "BATON ROUGE", "ABC": "YES", "BUSINESS_NAICS_CODE": 445000, "PHONE_NUMBER": null, "WEBSITE": null, "LATITUDE": 30, "LONGITUDE": -91 }, "geometry": { "type": "Point", "coordinates": [ -91.107558393139058, 30.429775865217248 ] } },
{ "type": "Feature", "properties": { "ADDRESS_ID": 135058, "BUSINESS_ID": 35613, "BUSINESS_NAME": "SEROPS CAFE", "FULL_ADDRESS": "7474 STE 307 CORPORATE BLVD", "CITY": "BATON ROUGE", "JURISDICTION": "EBRP", "STATE": "LOUISIANA", "COUNTRY": "UNITED STATES", "ZIP": 70809, "ADDRESS_AUTHORITY": "BATON ROUGE", "ABC": "YES", "BUSINESS_NAICS_CODE": 722000, "PHONE_NUMBER": null, "WEBSITE": null, "LATITUDE": 30, "LONGITUDE": -91 }, "geometry": { "type": "Point", "coordinates": [ -91.113925222282191, 30.430218933877136 ] } },
{ "type": "Feature", "properties": { "ADDRESS_ID": 135370, "BUSINESS_ID": 67385, "BUSINESS_NAME": "NEW ORLEANS ORIGINAL DAIQUIRIS", "FULL_ADDRESS": "3404 DRUSILLA LN", "CITY": "BATON ROUGE", "JURISDICTION": "EBRP", "STATE": "LOUISIANA", "COUNTRY": "UNITED STATES", "ZIP": 70809, "ADDRESS_AUTHORITY": "BATON ROUGE", "ABC": "YES", "BUSINESS_NAICS_CODE": 722000, "PHONE_NUMBER": null, "WEBSITE": null, "LATITUDE": 30, "LONGITUDE": -91 }, "geometry": { "type": "Point", "coordinates": [ -91.088890650164586, 30.419917728938902 ] } },
{ "type": "Feature", "properties": { "ADDRESS_ID": 135404, "BUSINESS_ID": 27147, "BUSINESS_NAME": "CRESENT CROWN DISTRIBUTING LLC", "FULL_ADDRESS": "9550 DAWNADELE AVE", "CITY": "BATON ROUGE", "JURISDICTION": "EBRP", "STATE": "LOUISIANA", "COUNTRY": "UNITED STATES", "ZIP": 70809, "ADDRESS_AUTHORITY": "BATON ROUGE", "ABC": "YES", "BUSINESS_NAICS_CODE": 423000, "PHONE_NUMBER": null, "WEBSITE": null, "LATITUDE": 30, "LONGITUDE": -91 }, "geometry": { "type": "Point", "coordinates": [ -91.076798650696929, 30.4213105646934 ] } },
{ "type": "Feature", "properties": { "ADDRESS_ID": 135446, "BUSINESS_ID": 24461, "BUSINESS_NAME": "APPLEBEES # 9104", "FULL_ADDRESS": "9702 AIRLINE HWY", "CITY": "BATON ROUGE", "JURISDICTION": "EBRP", "STATE": "LOUISIANA", "COUNTRY": "UNITED STATES", "ZIP": 70809, "ADDRESS_AUTHORITY": "BATON ROUGE", "ABC": "YES", "BUSINESS_NAICS_CODE": 722000, "PHONE_NUMBER": null, "WEBSITE": null, "LATITUDE": 30, "LONGITUDE": -91 }, "geometry": { "type": "Point", "coordinates": [ -91.081489606459499, 30.431049560964329 ] } },
{ "type": "Feature", "properties": { "ADDRESS_ID": 135460, "BUSINESS_ID": 48121, "BUSINESS_NAME": "CELEBRITY THEATRES OF BATON ROUGE", "FULL_ADDRESS": "15365 GEORGE O'NEAL RD", "CITY": "BATON ROUGE", "JURISDICTION": "EBRP", "STATE": "LOUISIANA", "COUNTRY": "UNITED STATES", "ZIP": 70817, "ADDRESS_AUTHORITY": "PARISH", "ABC": "YES", "BUSINESS_NAICS_CODE": 512000, "PHONE_NUMBER": null, "WEBSITE": null, "LATITUDE": 30, "LONGITUDE": -91 }, "geometry": { "type": "Point", "coordinates": [ -91.014552696280845, 30.40949695489979 ] } },
{ "type": "Feature", "properties": { "ADDRESS_ID": 135462, "BUSINESS_ID": 2569, "BUSINESS_NAME": "CVS PHARMACY", "FULL_ADDRESS": "15255 STE A-B GEORGE O'NEAL RD", "CITY": "BATON ROUGE", "JURISDICTION": "EBRP", "STATE": "LOUISIANA", "COUNTRY": "UNITED STATES", "ZIP": 70817, "ADDRESS_AUTHORITY": "PARISH", "ABC": "YES", "BUSINESS_NAICS_CODE": 446110, "PHONE_NUMBER": null, "WEBSITE": "http://cvs.com/", "LATITUDE": 30, "LONGITUDE": -91 }, "geometry": { "type": "Point", "coordinates": [ -91.015376392045567, 30.409744928019336 ] } },
{ "type": "Feature", "properties": { "ADDRESS_ID": 135463, "BUSINESS_ID": 27277, "BUSINESS_NAME": "CVS PHARMACY #5343", "FULL_ADDRESS": "15255 STE D GEORGE O'NEAL RD", "CITY": "BATON ROUGE", "JURISDICTION": "EBRP", "STATE": "LOUISIANA", "COUNTRY": "UNITED STATES", "ZIP": 70817, "ADDRESS_AUTHORITY": "PARISH", "ABC": "YES", "BUSINESS_NAICS_CODE": 446110, "PHONE_NUMBER": "225-752-3710", "WEBSITE": "http://cvs.com/", "LATITUDE": 30, "LONGITUDE": -91 }, "geometry": { "type": "Point", "coordinates": [ -91.015329291165116, 30.409939191977539 ] } },
{ "type": "Feature", "properties": { "ADDRESS_ID": 135465, "BUSINESS_ID": 11411, "BUSINESS_NAME": "CAFE AMERICAIN", "FULL_ADDRESS": "15255 STE L GEORGE O'NEAL RD", "CITY": "BATON ROUGE", "JURISDICTION": "EBRP", "STATE": "LOUISIANA", "COUNTRY": "UNITED STATES", "ZIP": 70817, "ADDRESS_AUTHORITY": "PARISH", "ABC": "YES", "BUSINESS_NAICS_CODE": 722110, "PHONE_NUMBER": null, "WEBSITE": null, "LATITUDE": 30, "LONGITUDE": -91 }, "geometry": { "type": "Point", "coordinates": [ -91.015164490832078, 30.409798752988362 ] } },
{ "type": "Feature", "properties": { "ADDRESS_ID": 135588, "BUSINESS_ID": 31996, "BUSINESS_NAME": "LONDONER PUB & GRILL", "FULL_ADDRESS": "4215 STE 8 S SHERWOOD FOREST BLVD", "CITY": "BATON ROUGE", "JURISDICTION": "EBRP", "STATE": "LOUISIANA", "COUNTRY": "UNITED STATES", "ZIP": 70816, "ADDRESS_AUTHORITY": "BATON ROUGE", "ABC": "YES", "BUSINESS_NAICS_CODE": 722000, "PHONE_NUMBER": null, "WEBSITE": null, "LATITUDE": 30, "LONGITUDE": -91 }, "geometry": { "type": "Point", "coordinates": [ -91.05114520565057, 30.414926987639696 ] } },
{ "type": "Feature", "properties": { "ADDRESS_ID": 135596, "BUSINESS_ID": 27278, "BUSINESS_NAME": "CVS PHARMACY #5510", "FULL_ADDRESS": "11705 COURSEY BLVD", "CITY": "BATON ROUGE", "JURISDICTION": "EBRP", "STATE": "LOUISIANA", "COUNTRY": "UNITED STATES", "ZIP": 70816, "ADDRESS_AUTHORITY": "BATON ROUGE", "ABC": "YES", "BUSINESS_NAICS_CODE": 446110, "PHONE_NUMBER": "225-291-0596", "WEBSITE": "http://cvs.com/", "LATITUDE": 30, "LONGITUDE": -91 }, "geometry": { "type": "Point", "coordinates": [ -91.050950591879911, 30.41168440268309 ] } },
{ "type": "Feature", "properties": { "ADDRESS_ID": 135599, "BUSINESS_ID": 36134, "BUSINESS_NAME": "SPANKYS DAIQUIRIS & DELITES", "FULL_ADDRESS": "4621 S SHERWOOD FOREST BLVD", "CITY": "BATON ROUGE", "JURISDICTION": "EBRP", "STATE": "LOUISIANA", "COUNTRY": "UNITED STATES", "ZIP": 70816, "ADDRESS_AUTHORITY": "BATON ROUGE", "ABC": "YES", "BUSINESS_NAICS_CODE": 722000, "PHONE_NUMBER": null, "WEBSITE": null, "LATITUDE": 30, "LONGITUDE": -91 }, "geometry": { "type": "Point", "coordinates": [ -91.05101633222371, 30.4122102992675 ] } },
{ "type": "Feature", "properties": { "ADDRESS_ID": 135601, "BUSINESS_ID": 37311, "BUSINESS_NAME": "TIGER SUSHI", "FULL_ADDRESS": "4611 S SHERWOOD FOREST BLVD", "CITY": "BATON ROUGE", "JURISDICTION": "EBRP", "STATE": "LOUISIANA", "COUNTRY": "UNITED STATES", "ZIP": 70816, "ADDRESS_AUTHORITY": "BATON ROUGE", "ABC": "YES", "BUSINESS_NAICS_CODE": 722000, "PHONE_NUMBER": null, "WEBSITE": null, "LATITUDE": 30, "LONGITUDE": -91 }, "geometry": { "type": "Point", "coordinates": [ -91.050993321785455, 30.412306016011453 ] } },
{ "type": "Feature", "properties": { "ADDRESS_ID": 135706, "BUSINESS_ID": 66601, "BUSINESS_NAME": "SAVE MORE MARKET #7", "FULL_ADDRESS": "12929 COURSEY BLVD", "CITY": "BATON ROUGE", "JURISDICTION": "EBRP", "STATE": "LOUISIANA", "COUNTRY": "UNITED STATES", "ZIP": 70817, "ADDRESS_AUTHORITY": "PARISH", "ABC": "YES", "BUSINESS_NAICS_CODE": 445000, "PHONE_NUMBER": null, "WEBSITE": null, "LATITUDE": 30, "LONGITUDE": -91 }, "geometry": { "type": "Point", "coordinates": [ -91.035310117267059, 30.410459112534131 ] } },
{ "type": "Feature", "properties": { "ADDRESS_ID": 135802, "BUSINESS_ID": 40163, "BUSINESS_NAME": "BULL CHICKS", "FULL_ADDRESS": "11135 COURSEY BLVD", "CITY": "BATON ROUGE", "JURISDICTION": "EBRP", "STATE": "LOUISIANA", "COUNTRY": "UNITED STATES", "ZIP": 70816, "ADDRESS_AUTHORITY": "PARISH", "ABC": "YES", "BUSINESS_NAICS_CODE": 722000, "PHONE_NUMBER": null, "WEBSITE": null, "LATITUDE": 30, "LONGITUDE": -91 }, "geometry": { "type": "Point", "coordinates": [ -91.056444884815733, 30.414575968878811 ] } },
{ "type": "Feature", "properties": { "ADDRESS_ID": 135832, "BUSINESS_ID": 36188, "BUSINESS_NAME": "SPORT ZONE", "FULL_ADDRESS": "4848 CONSTITUTION AVE", "CITY": "BATON ROUGE", "JURISDICTION": "EBRP", "STATE": "LOUISIANA", "COUNTRY": "UNITED STATES", "ZIP": 70808, "ADDRESS_AUTHORITY": "BATON ROUGE", "ABC": "YES", "BUSINESS_NAICS_CODE": 722000, "PHONE_NUMBER": null, "WEBSITE": null, "LATITUDE": 30, "LONGITUDE": -91 }, "geometry": { "type": "Point", "coordinates": [ -91.133999336881288, 30.421389911916378 ] } },
{ "type": "Feature", "properties": { "ADDRESS_ID": 135845, "BUSINESS_ID": 66966, "BUSINESS_NAME": "KRAB QUEENZ SEAFOOD & DAIQUIRIS", "FULL_ADDRESS": "5260 CORPORATE BLVD", "CITY": "BATON ROUGE", "JURISDICTION": "EBRP", "STATE": "LOUISIANA", "COUNTRY": "UNITED STATES", "ZIP": 70808, "ADDRESS_AUTHORITY": "BATON ROUGE", "ABC": "YES", "BUSINESS_NAICS_CODE": 722000, "PHONE_NUMBER": null, "WEBSITE": null, "LATITUDE": 30, "LONGITUDE": -91 }, "geometry": { "type": "Point", "coordinates": [ -91.135894153775666, 30.424547143032552 ] } },
{ "type": "Feature", "properties": { "ADDRESS_ID": 135851, "BUSINESS_ID": 46069, "BUSINESS_NAME": "THAI KITCHEN FUSION", "FULL_ADDRESS": "4550 CONCORD AVE", "CITY": "BATON ROUGE", "JURISDICTION": "EBRP", "STATE": "LOUISIANA", "COUNTRY": "UNITED STATES", "ZIP": 70808, "ADDRESS_AUTHORITY": "BATON ROUGE", "ABC": "YES", "BUSINESS_NAICS_CODE": 722000, "PHONE_NUMBER": null, "WEBSITE": null, "LATITUDE": 30, "LONGITUDE": -91 }, "geometry": { "type": "Point", "coordinates": [ -91.140826624980306, 30.417791942998893 ] } },
{ "type": "Feature", "properties": { "ADDRESS_ID": 135879, "BUSINESS_ID": 36904, "BUSINESS_NAME": "THE BULLDOG", "FULL_ADDRESS": "4385 PERKINS RD", "CITY": "BATON ROUGE", "JURISDICTION": "EBRP", "STATE": "LOUISIANA", "COUNTRY": "UNITED STATES", "ZIP": 70808, "ADDRESS_AUTHORITY": "BATON ROUGE", "ABC": "YES", "BUSINESS_NAICS_CODE": 722000, "PHONE_NUMBER": null, "WEBSITE": null, "LATITUDE": 30, "LONGITUDE": -91 }, "geometry": { "type": "Point", "coordinates": [ -91.144926335596139, 30.417853921513963 ] } },
{ "type": "Feature", "properties": { "ADDRESS_ID": 135892, "BUSINESS_ID": 28999, "BUSINESS_NAME": "FRANKIES DAWG HOUSE", "FULL_ADDRESS": "2318 CEDARDALE AVE", "CITY": "BATON ROUGE", "JURISDICTION": "EBRP", "STATE": "LOUISIANA", "COUNTRY": "UNITED STATES", "ZIP": 70808, "ADDRESS_AUTHORITY": "BATON ROUGE", "ABC": "YES", "BUSINESS_NAICS_CODE": 722000, "PHONE_NUMBER": null, "WEBSITE": null, "LATITUDE": 30, "LONGITUDE": -91 }, "geometry": { "type": "Point", "coordinates": [ -91.156166765610593, 30.423452247972048 ] } },
{ "type": "Feature", "properties": { "ADDRESS_ID": 135982, "BUSINESS_ID": 15768, "BUSINESS_NAME": "ZORBAS GREEK BISTRO & RESTAURANT", "FULL_ADDRESS": "5713 ESSEN LN", "CITY": "BATON ROUGE", "JURISDICTION": "EBRP", "STATE": "LOUISIANA", "COUNTRY": "UNITED STATES", "ZIP": 70810, "ADDRESS_AUTHORITY": "BATON ROUGE", "ABC": "YES", "BUSINESS_NAICS_CODE": 722000, "PHONE_NUMBER": null, "WEBSITE": null, "LATITUDE": 30, "LONGITUDE": -91 }, "geometry": { "type": "Point", "coordinates": [ -91.108217340949764, 30.396506526740882 ] } },
{ "type": "Feature", "properties": { "ADDRESS_ID": 135996, "BUSINESS_ID": 34747, "BUSINESS_NAME": "RED LOBSTER #6368", "FULL_ADDRESS": "6051 BLUEBONNET BLVD", "CITY": "BATON ROUGE", "JURISDICTION": "EBRP", "STATE": "LOUISIANA", "COUNTRY": "UNITED STATES", "ZIP": 70836, "ADDRESS_AUTHORITY": "BATON ROUGE", "ABC": "YES", "BUSINESS_NAICS_CODE": 722000, "PHONE_NUMBER": null, "WEBSITE": null, "LATITUDE": 30, "LONGITUDE": -91 }, "geometry": { "type": "Point", "coordinates": [ -91.087076146047423, 30.393231737221114 ] } },
{ "type": "Feature", "properties": { "ADDRESS_ID": 135997, "BUSINESS_ID": 12368, "BUSINESS_NAME": "COPELANDS CHEESECAKE BISTRO", "FULL_ADDRESS": "6171 BLUEBONNET BLVD", "CITY": "BATON ROUGE", "JURISDICTION": "EBRP", "STATE": "LOUISIANA", "COUNTRY": "UNITED STATES", "ZIP": 70836, "ADDRESS_AUTHORITY": "BATON ROUGE", "ABC": "YES", "BUSINESS_NAICS_CODE": 722110, "PHONE_NUMBER": null, "WEBSITE": null, "LATITUDE": 30, "LONGITUDE": -91 }, "geometry": { "type": "Point", "coordinates": [ -91.08873339655635, 30.392757777909871 ] } },
{ "type": "Feature", "properties": { "ADDRESS_ID": 135999, "BUSINESS_ID": 30577, "BUSINESS_NAME": "J ALEXANDERS RESTAURANTS LLC", "FULL_ADDRESS": "6457 BLUEBONNET BLVD", "CITY": "BATON ROUGE", "JURISDICTION": "EBRP", "STATE": "LOUISIANA", "COUNTRY": "UNITED STATES", "ZIP": 70836, "ADDRESS_AUTHORITY": "BATON ROUGE", "ABC": "YES", "BUSINESS_NAICS_CODE": 722000, "PHONE_NUMBER": null, "WEBSITE": null, "LATITUDE": 30, "LONGITUDE": -91 }, "geometry": { "type": "Point", "coordinates": [ -91.090279102610324, 30.391762540299581 ] } },
{ "type": "Feature", "properties": { "ADDRESS_ID": 136001, "BUSINESS_ID": 63365, "BUSINESS_NAME": "LONGHORN STEAKHOUSE #5591", "FULL_ADDRESS": "6571 BLUEBONNET BLVD", "CITY": "BATON ROUGE", "JURISDICTION": "EBRP", "STATE": "LOUISIANA", "COUNTRY": "UNITED STATES", "ZIP": 70836, "ADDRESS_AUTHORITY": "BATON ROUGE", "ABC": "YES", "BUSINESS_NAICS_CODE": 722000, "PHONE_NUMBER": null, "WEBSITE": null, "LATITUDE": 30, "LONGITUDE": -91 }, "geometry": { "type": "Point", "coordinates": [ -91.091106583935598, 30.390612990221644 ] } },
{ "type": "Feature", "properties": { "ADDRESS_ID": 136043, "BUSINESS_ID": 38112, "BUSINESS_NAME": "WASABI JAPANESE RESTAURANT", "FULL_ADDRESS": "5201 STE J NICHOLSON DR", "CITY": "BATON ROUGE", "JURISDICTION": "EBRP", "STATE": "LOUISIANA", "COUNTRY": "UNITED STATES", "ZIP": 70820, "ADDRESS_AUTHORITY": "BATON ROUGE", "ABC": "YES", "BUSINESS_NAICS_CODE": 722000, "PHONE_NUMBER": null, "WEBSITE": null, "LATITUDE": 30, "LONGITUDE": -91 }, "geometry": { "type": "Point", "coordinates": [ -91.172081906405026, 30.389301190644289 ] } },
{ "type": "Feature", "properties": { "ADDRESS_ID": 136050, "BUSINESS_ID": 26479, "BUSINESS_NAME": "9 DRAGON NOODLE HOUSE", "FULL_ADDRESS": "5271 HIGHLAND RD", "CITY": "BATON ROUGE", "JURISDICTION": "EBRP", "STATE": "LOUISIANA", "COUNTRY": "UNITED STATES", "ZIP": 70808, "ADDRESS_AUTHORITY": "BATON ROUGE", "ABC": "YES", "BUSINESS_NAICS_CODE": 722000, "PHONE_NUMBER": null, "WEBSITE": null, "LATITUDE": 30, "LONGITUDE": -91 }, "geometry": { "type": "Point", "coordinates": [ -91.160170089091721, 30.395442056082953 ] } },
{ "type": "Feature", "properties": { "ADDRESS_ID": 136059, "BUSINESS_ID": 31376, "BUSINESS_NAME": "KOI SUSHI BAR", "FULL_ADDRESS": "217 W STATE ST", "CITY": "BATON ROUGE", "JURISDICTION": "EBRP", "STATE": "LOUISIANA", "COUNTRY": "UNITED STATES", "ZIP": 70802, "ADDRESS_AUTHORITY": "BATON ROUGE", "ABC": "YES", "BUSINESS_NAICS_CODE": 722000, "PHONE_NUMBER": null, "WEBSITE": null, "LATITUDE": 30, "LONGITUDE": -91 }, "geometry": { "type": "Point", "coordinates": [ -91.178059109157118, 30.417841791169813 ] } },
{ "type": "Feature", "properties": { "ADDRESS_ID": 136064, "BUSINESS_ID": 7305, "BUSINESS_NAME": "SAVE MORE MARKET 4", "FULL_ADDRESS": "2956 STE B NICHOLSON DR", "CITY": "BATON ROUGE", "JURISDICTION": "EBRP", "STATE": "LOUISIANA", "COUNTRY": "UNITED STATES", "ZIP": 70802, "ADDRESS_AUTHORITY": "BATON ROUGE", "ABC": "YES", "BUSINESS_NAICS_CODE": 445110, "PHONE_NUMBER": "225-769-0404", "WEBSITE": null, "LATITUDE": 30, "LONGITUDE": -91 }, "geometry": { "type": "Point", "coordinates": [ -91.18789280453386, 30.421308722243509 ] } },
{ "type": "Feature", "properties": { "ADDRESS_ID": 136070, "BUSINESS_ID": 30875, "BUSINESS_NAME": "JIM & LU GROCERY FOODMART", "FULL_ADDRESS": "1701 GOVERNMENT ST", "CITY": "BATON ROUGE", "JURISDICTION": "EBRP", "STATE": "LOUISIANA", "COUNTRY": "UNITED STATES", "ZIP": 70802, "ADDRESS_AUTHORITY": "BATON ROUGE", "ABC": "YES", "BUSINESS_NAICS_CODE": 445110, "PHONE_NUMBER": "225-381-3938", "WEBSITE": null, "LATITUDE": 30, "LONGITUDE": -91 }, "geometry": { "type": "Point", "coordinates": [ -91.171436178276707, 30.443925168545288 ] } },
{ "type": "Feature", "properties": { "ADDRESS_ID": 136157, "BUSINESS_ID": 12615, "BUSINESS_NAME": "DOWNTOWN SEAFOOD", "FULL_ADDRESS": "130 3RD ST", "CITY": "BATON ROUGE", "JURISDICTION": "EBRP", "STATE": "LOUISIANA", "COUNTRY": "UNITED STATES", "ZIP": 70801, "ADDRESS_AUTHORITY": "BATON ROUGE", "ABC": "YES", "BUSINESS_NAICS_CODE": 722000, "PHONE_NUMBER": null, "WEBSITE": null, "LATITUDE": 30, "LONGITUDE": -91 }, "geometry": { "type": "Point", "coordinates": [ -91.188065353543877, 30.44767188420311 ] } },
{ "type": "Feature", "properties": { "ADDRESS_ID": 136159, "BUSINESS_ID": 37633, "BUSINESS_NAME": "TSUNAMI SUSHI", "FULL_ADDRESS": "100 LAFAYETTE ST", "CITY": "BATON ROUGE", "JURISDICTION": "EBRP", "STATE": "LOUISIANA", "COUNTRY": "UNITED STATES", "ZIP": 70801, "ADDRESS_AUTHORITY": "BATON ROUGE", "ABC": "YES", "BUSINESS_NAICS_CODE": 722000, "PHONE_NUMBER": null, "WEBSITE": null, "LATITUDE": 30, "LONGITUDE": -91 }, "geometry": { "type": "Point", "coordinates": [ -91.188987546991029, 30.447453820417202 ] } },
{ "type": "Feature", "properties": { "ADDRESS_ID": 136171, "BUSINESS_ID": 22189, "BUSINESS_NAME": "QUORUM CALL", "FULL_ADDRESS": "140 MAIN ST", "CITY": "BATON ROUGE", "JURISDICTION": "EBRP", "STATE": "LOUISIANA", "COUNTRY": "UNITED STATES", "ZIP": 70801, "ADDRESS_AUTHORITY": "BATON ROUGE", "ABC": "YES", "BUSINESS_NAICS_CODE": 722410, "PHONE_NUMBER": null, "WEBSITE": null, "LATITUDE": 30, "LONGITUDE": -91 }, "geometry": { "type": "Point", "coordinates": [ -91.189686480691435, 30.451269062921824 ] } },
{ "type": "Feature", "properties": { "ADDRESS_ID": 136253, "BUSINESS_ID": 35001, "BUSINESS_NAME": "RITE AID #7324", "FULL_ADDRESS": "2152 S SHERWOOD FOREST BLVD", "CITY": "BATON ROUGE", "JURISDICTION": "EBRP", "STATE": "LOUISIANA", "COUNTRY": "UNITED STATES", "ZIP": 70816, "ADDRESS_AUTHORITY": "BATON ROUGE", "ABC": "YES", "BUSINESS_NAICS_CODE": 446000, "PHONE_NUMBER": "225-272-5370", "WEBSITE": "https://riteaid.com/", "LATITUDE": 30, "LONGITUDE": -91 }, "geometry": { "type": "Point", "coordinates": [ -91.058453028339855, 30.433203678487988 ] } },
{ "type": "Feature", "properties": { "ADDRESS_ID": 136258, "BUSINESS_ID": 41546, "BUSINESS_NAME": "IDEAL MARKET #8", "FULL_ADDRESS": "1807 S SHERWOOD FOREST BLVD", "CITY": "BATON ROUGE", "JURISDICTION": "EBRP", "STATE": "LOUISIANA", "COUNTRY": "UNITED STATES", "ZIP": 70816, "ADDRESS_AUTHORITY": "BATON ROUGE", "ABC": "YES", "BUSINESS_NAICS_CODE": 445000, "PHONE_NUMBER": null, "WEBSITE": null, "LATITUDE": 30, "LONGITUDE": -91 }, "geometry": { "type": "Point", "coordinates": [ -91.056206893404649, 30.436470636095404 ] } },
{ "type": "Feature", "properties": { "ADDRESS_ID": 136269, "BUSINESS_ID": 12845, "BUSINESS_NAME": "LAKE HOUSE RECEPTION CENTER", "FULL_ADDRESS": "12323 OLD HAMMOND HWY", "CITY": "BATON ROUGE", "JURISDICTION": "EBRP", "STATE": "LOUISIANA", "COUNTRY": "UNITED STATES", "ZIP": 70816, "ADDRESS_AUTHORITY": "BATON ROUGE", "ABC": "YES", "BUSINESS_NAICS_CODE": 531120, "PHONE_NUMBER": null, "WEBSITE": null, "LATITUDE": 30, "LONGITUDE": -91 }, "geometry": { "type": "Point", "coordinates": [ -91.041486786515819, 30.442440857825343 ] } },
{ "type": "Feature", "properties": { "ADDRESS_ID": 136354, "BUSINESS_ID": 67888, "BUSINESS_NAME": "FAST STOP", "FULL_ADDRESS": "1526 N FOSTER DR", "CITY": "BATON ROUGE", "JURISDICTION": "EBRP", "STATE": "LOUISIANA", "COUNTRY": "UNITED STATES", "ZIP": 70806, "ADDRESS_AUTHORITY": "BATON ROUGE", "ABC": "YES", "BUSINESS_NAICS_CODE": 447000, "PHONE_NUMBER": null, "WEBSITE": null, "LATITUDE": 30, "LONGITUDE": -91 }, "geometry": { "type": "Point", "coordinates": [ -91.139076948025348, 30.462917558223296 ] } },
{ "type": "Feature", "properties": { "ADDRESS_ID": 136364, "BUSINESS_ID": 727, "BUSINESS_NAME": "B-QUICK CONVENIENCE STORE #1", "FULL_ADDRESS": "9227 GREENWELL SPRINGS RD", "CITY": "BATON ROUGE", "JURISDICTION": "EBRP", "STATE": "LOUISIANA", "COUNTRY": "UNITED STATES", "ZIP": 70814, "ADDRESS_AUTHORITY": "PARISH", "ABC": "YES", "BUSINESS_NAICS_CODE": 447000, "PHONE_NUMBER": null, "WEBSITE": null, "LATITUDE": 30, "LONGITUDE": -91 }, "geometry": { "type": "Point", "coordinates": [ -91.086499235921536, 30.48521576392632 ] } },
{ "type": "Feature", "properties": { "ADDRESS_ID": 136403, "BUSINESS_ID": 37309, "BUSINESS_NAME": "TIGER SPORTS BAR", "FULL_ADDRESS": "824 O'NEAL LN", "CITY": "BATON ROUGE", "JURISDICTION": "EBRP", "STATE": "LOUISIANA", "COUNTRY": "UNITED STATES", "ZIP": 70816, "ADDRESS_AUTHORITY": "PARISH", "ABC": "YES", "BUSINESS_NAICS_CODE": 722000, "PHONE_NUMBER": null, "WEBSITE": null, "LATITUDE": 30, "LONGITUDE": -91 }, "geometry": { "type": "Point", "coordinates": [ -91.008791299432417, 30.456566496063306 ] } },
{ "type": "Feature", "properties": { "ADDRESS_ID": 136534, "BUSINESS_ID": 48177, "BUSINESS_NAME": "CITY TOWN MEAT MARKET #4", "FULL_ADDRESS": "3475 N ACADIAN THWY", "CITY": "BATON ROUGE", "JURISDICTION": "EBRP", "STATE": "LOUISIANA", "COUNTRY": "UNITED STATES", "ZIP": 70805, "ADDRESS_AUTHORITY": "BATON ROUGE", "ABC": "YES", "BUSINESS_NAICS_CODE": 445000, "PHONE_NUMBER": null, "WEBSITE": null, "LATITUDE": 30, "LONGITUDE": -91 }, "geometry": { "type": "Point", "coordinates": [ -91.156788152098784, 30.479765566623733 ] } },
{ "type": "Feature", "properties": { "ADDRESS_ID": 136653, "BUSINESS_ID": 50553, "BUSINESS_NAME": "CITY TOWN MARKET", "FULL_ADDRESS": "7144 STE A GREENWELL SPRINGS RD", "CITY": "BATON ROUGE", "JURISDICTION": "EBRP", "STATE": "LOUISIANA", "COUNTRY": "UNITED STATES", "ZIP": 70805, "ADDRESS_AUTHORITY": "BATON ROUGE", "ABC": "YES", "BUSINESS_NAICS_CODE": 447000, "PHONE_NUMBER": null, "WEBSITE": null, "LATITUDE": 30, "LONGITUDE": -91 }, "geometry": { "type": "Point", "coordinates": [ -91.117654774904182, 30.474285631071655 ] } },
{ "type": "Feature", "properties": { "ADDRESS_ID": 136723, "BUSINESS_ID": 47601, "BUSINESS_NAME": "REVOLUTION NIGHT CLUB", "FULL_ADDRESS": "8419 FLORIDA BLVD", "CITY": "BATON ROUGE", "JURISDICTION": "EBRP", "STATE": "LOUISIANA", "COUNTRY": "UNITED STATES", "ZIP": 70806, "ADDRESS_AUTHORITY": "BATON ROUGE", "ABC": "YES", "BUSINESS_NAICS_CODE": 722000, "PHONE_NUMBER": null, "WEBSITE": null, "LATITUDE": 30, "LONGITUDE": -91 }, "geometry": { "type": "Point", "coordinates": [ -91.09879588211021, 30.453204723740946 ] } },
{ "type": "Feature", "properties": { "ADDRESS_ID": 136774, "BUSINESS_ID": 34675, "BUSINESS_NAME": "AMC THEATERS BATON ROUGE 16", "FULL_ADDRESS": "16040 HATTERAS AVE", "CITY": "BATON ROUGE", "JURISDICTION": "EBRP", "STATE": "LOUISIANA", "COUNTRY": "UNITED STATES", "ZIP": 70816, "ADDRESS_AUTHORITY": "BATON ROUGE", "ABC": "YES", "BUSINESS_NAICS_CODE": 512000, "PHONE_NUMBER": null, "WEBSITE": null, "LATITUDE": 30, "LONGITUDE": -91 }, "geometry": { "type": "Point", "coordinates": [ -91.010328745716478, 30.440217374426023 ] } },
{ "type": "Feature", "properties": { "ADDRESS_ID": 136837, "BUSINESS_ID": 35761, "BUSINESS_NAME": "SIDE STOP STORE", "FULL_ADDRESS": "10097 STE B2 FLORIDA BLVD", "CITY": "BATON ROUGE", "JURISDICTION": "EBRP", "STATE": "LOUISIANA", "COUNTRY": "UNITED STATES", "ZIP": 70815, "ADDRESS_AUTHORITY": "BATON ROUGE", "ABC": "YES", "BUSINESS_NAICS_CODE": 453000, "PHONE_NUMBER": null, "WEBSITE": null, "LATITUDE": 30, "LONGITUDE": -91 }, "geometry": { "type": "Point", "coordinates": [ -91.07291038753975, 30.457179492958581 ] } },
{ "type": "Feature", "properties": { "ADDRESS_ID": 136892, "BUSINESS_ID": 37021, "BUSINESS_NAME": "THE LAFETE RECEPTION HALL", "FULL_ADDRESS": "12341 FLORIDA BLVD", "CITY": "BATON ROUGE", "JURISDICTION": "EBRP", "STATE": "LOUISIANA", "COUNTRY": "UNITED STATES", "ZIP": 70815, "ADDRESS_AUTHORITY": "BATON ROUGE", "ABC": "YES", "BUSINESS_NAICS_CODE": 713000, "PHONE_NUMBER": null, "WEBSITE": null, "LATITUDE": 30, "LONGITUDE": -91 }, "geometry": { "type": "Point", "coordinates": [ -91.044898506352524, 30.461928601450825 ] } },
{ "type": "Feature", "properties": { "ADDRESS_ID": 136893, "BUSINESS_ID": 37959, "BUSINESS_NAME": "VINH PHAT ORIENTAL MARKET", "FULL_ADDRESS": "12351 FLORIDA BLVD", "CITY": "BATON ROUGE", "JURISDICTION": "EBRP", "STATE": "LOUISIANA", "COUNTRY": "UNITED STATES", "ZIP": 70815, "ADDRESS_AUTHORITY": "BATON ROUGE", "ABC": "YES", "BUSINESS_NAICS_CODE": 445110, "PHONE_NUMBER": "225-273-1175", "WEBSITE": null, "LATITUDE": 30, "LONGITUDE": -91 }, "geometry": { "type": "Point", "coordinates": [ -91.044767747765519, 30.46193146811731 ] } },
{ "type": "Feature", "properties": { "ADDRESS_ID": 136916, "BUSINESS_ID": 27744, "BUSINESS_NAME": "DISCOUNT CIGARETTE & BEVERAGE", "FULL_ADDRESS": "6908 FLORIDA BLVD", "CITY": "BATON ROUGE", "JURISDICTION": "EBRP", "STATE": "LOUISIANA", "COUNTRY": "UNITED STATES", "ZIP": 70806, "ADDRESS_AUTHORITY": "BATON ROUGE", "ABC": "YES", "BUSINESS_NAICS_CODE": 453000, "PHONE_NUMBER": null, "WEBSITE": null, "LATITUDE": 30, "LONGITUDE": -91 }, "geometry": { "type": "Point", "coordinates": [ -91.119423062332061, 30.451033474305245 ] } },
{ "type": "Feature", "properties": { "ADDRESS_ID": 136917, "BUSINESS_ID": 27744, "BUSINESS_NAME": "DISCOUNT CIGARETTE & BEVERAGE", "FULL_ADDRESS": "6918 FLORIDA BLVD", "CITY": "BATON ROUGE", "JURISDICTION": "EBRP", "STATE": "LOUISIANA", "COUNTRY": "UNITED STATES", "ZIP": 70806, "ADDRESS_AUTHORITY": "BATON ROUGE", "ABC": "YES", "BUSINESS_NAICS_CODE": 453000, "PHONE_NUMBER": null, "WEBSITE": null, "LATITUDE": 30, "LONGITUDE": -91 }, "geometry": { "type": "Point", "coordinates": [ -91.119409324991565, 30.451025598587027 ] } },
{ "type": "Feature", "properties": { "ADDRESS_ID": 136951, "BUSINESS_ID": 64467, "BUSINESS_NAME": "MURPHY EXPRESS #8857", "FULL_ADDRESS": "8144 FLORIDA BLVD", "CITY": "BATON ROUGE", "JURISDICTION": "EBRP", "STATE": "LOUISIANA", "COUNTRY": "UNITED STATES", "ZIP": 70806, "ADDRESS_AUTHORITY": "BATON ROUGE", "ABC": "YES", "BUSINESS_NAICS_CODE": 447000, "PHONE_NUMBER": null, "WEBSITE": null, "LATITUDE": 30, "LONGITUDE": -91 }, "geometry": { "type": "Point", "coordinates": [ -91.103441851431668, 30.45145142912699 ] } },
{ "type": "Feature", "properties": { "ADDRESS_ID": 137187, "BUSINESS_ID": 29990, "BUSINESS_NAME": "HI NABOR SUPERMARKET", "FULL_ADDRESS": "9620 STE 100 FLORIDA BLVD", "CITY": "BATON ROUGE", "JURISDICTION": "EBRP", "STATE": "LOUISIANA", "COUNTRY": "UNITED STATES", "ZIP": 70815, "ADDRESS_AUTHORITY": "BATON ROUGE", "ABC": "YES", "BUSINESS_NAICS_CODE": 445110, "PHONE_NUMBER": null, "WEBSITE": "http://hinabor.com/", "LATITUDE": 30, "LONGITUDE": -91 }, "geometry": { "type": "Point", "coordinates": [ -91.078813302990895, 30.453824544832639 ] } },
{ "type": "Feature", "properties": { "ADDRESS_ID": 137192, "BUSINESS_ID": 33054, "BUSINESS_NAME": "MR G'S TAVERN", "FULL_ADDRESS": "10070 FLORIDA BLVD", "CITY": "BATON ROUGE", "JURISDICTION": "EBRP", "STATE": "LOUISIANA", "COUNTRY": "UNITED STATES", "ZIP": 70815, "ADDRESS_AUTHORITY": "BATON ROUGE", "ABC": "YES", "BUSINESS_NAICS_CODE": 722000, "PHONE_NUMBER": null, "WEBSITE": null, "LATITUDE": 30, "LONGITUDE": -91 }, "geometry": { "type": "Point", "coordinates": [ -91.071597989566683, 30.455653167678079 ] } },
{ "type": "Feature", "properties": { "ADDRESS_ID": 137197, "BUSINESS_ID": 33078, "BUSINESS_NAME": "MUGSYS INC", "FULL_ADDRESS": "10090 FLORIDA BLVD", "CITY": "BATON ROUGE", "JURISDICTION": "EBRP", "STATE": "LOUISIANA", "COUNTRY": "UNITED STATES", "ZIP": 70815, "ADDRESS_AUTHORITY": "BATON ROUGE", "ABC": "YES", "BUSINESS_NAICS_CODE": 722000, "PHONE_NUMBER": null, "WEBSITE": null, "LATITUDE": 30, "LONGITUDE": -91 }, "geometry": { "type": "Point", "coordinates": [ -91.071249399329105, 30.455671430083239 ] } },
{ "type": "Feature", "properties": { "ADDRESS_ID": 137240, "BUSINESS_ID": 19937, "BUSINESS_NAME": "LA PATRONA LLC", "FULL_ADDRESS": "11250 FLORIDA BLVD", "CITY": "BATON ROUGE", "JURISDICTION": "EBRP", "STATE": "LOUISIANA", "COUNTRY": "UNITED STATES", "ZIP": 70815, "ADDRESS_AUTHORITY": "BATON ROUGE", "ABC": "YES", "BUSINESS_NAICS_CODE": 424410, "PHONE_NUMBER": null, "WEBSITE": null, "LATITUDE": 30, "LONGITUDE": -91 }, "geometry": { "type": "Point", "coordinates": [ -91.059675588135178, 30.457388725969675 ] } },
{ "type": "Feature", "properties": { "ADDRESS_ID": 137242, "BUSINESS_ID": 60273, "BUSINESS_NAME": "ASIAN SUPERMARKET", "FULL_ADDRESS": "11244 FLORIDA BLVD", "CITY": "BATON ROUGE", "JURISDICTION": "EBRP", "STATE": "LOUISIANA", "COUNTRY": "UNITED STATES", "ZIP": 70815, "ADDRESS_AUTHORITY": "BATON ROUGE", "ABC": "YES", "BUSINESS_NAICS_CODE": null, "PHONE_NUMBER": null, "WEBSITE": null, "LATITUDE": 30, "LONGITUDE": -91 }, "geometry": { "type": "Point", "coordinates": [ -91.05916898597809, 30.457737574082724 ] } },
{ "type": "Feature", "properties": { "ADDRESS_ID": 137506, "BUSINESS_ID": 41771, "BUSINESS_NAME": "NETTES PLACE", "FULL_ADDRESS": "4675 NORTH ST", "CITY": "BATON ROUGE", "JURISDICTION": "EBRP", "STATE": "LOUISIANA", "COUNTRY": "UNITED STATES", "ZIP": 70802, "ADDRESS_AUTHORITY": "BATON ROUGE", "ABC": "YES", "BUSINESS_NAICS_CODE": 722000, "PHONE_NUMBER": null, "WEBSITE": null, "LATITUDE": 30, "LONGITUDE": -91 }, "geometry": { "type": "Point", "coordinates": [ -91.142720028747036, 30.454012546006517 ] } },
{ "type": "Feature", "properties": { "ADDRESS_ID": 137626, "BUSINESS_ID": 13748, "BUSINESS_NAME": "ALDENS SCHOOL OF COSMETOLOGY", "FULL_ADDRESS": "4321 AIRLINE HWY", "CITY": "BATON ROUGE", "JURISDICTION": "EBRP", "STATE": "LOUISIANA", "COUNTRY": "UNITED STATES", "ZIP": 70811, "ADDRESS_AUTHORITY": "BATON ROUGE", "ABC": "YES", "BUSINESS_NAICS_CODE": 611511, "PHONE_NUMBER": null, "WEBSITE": null, "LATITUDE": 31, "LONGITUDE": -91 }, "geometry": { "type": "Point", "coordinates": [ -91.145475876606099, 30.510136251504246 ] } },
{ "type": "Feature", "properties": { "ADDRESS_ID": 137660, "BUSINESS_ID": 35822, "BUSINESS_NAME": "SIMPLY FASHIONS #138", "FULL_ADDRESS": "5963 PLANK RD", "CITY": "BATON ROUGE", "JURISDICTION": "EBRP", "STATE": "LOUISIANA", "COUNTRY": "UNITED STATES", "ZIP": 70805, "ADDRESS_AUTHORITY": "BATON ROUGE", "ABC": "YES", "BUSINESS_NAICS_CODE": 453000, "PHONE_NUMBER": null, "WEBSITE": null, "LATITUDE": 31, "LONGITUDE": -91 }, "geometry": { "type": "Point", "coordinates": [ -91.153323352092542, 30.504167254704338 ] } },
{ "type": "Feature", "properties": { "ADDRESS_ID": 137662, "BUSINESS_ID": 35645, "BUSINESS_NAME": "SHA LA BOUTIQUE & ENTERTAINMENT LLC", "FULL_ADDRESS": "8190 PLANK RD", "CITY": "BATON ROUGE", "JURISDICTION": "EBRP", "STATE": "LOUISIANA", "COUNTRY": "UNITED STATES", "ZIP": 70811, "ADDRESS_AUTHORITY": "BATON ROUGE", "ABC": "YES", "BUSINESS_NAICS_CODE": 722000, "PHONE_NUMBER": null, "WEBSITE": null, "LATITUDE": 31, "LONGITUDE": -91 }, "geometry": { "type": "Point", "coordinates": [ -91.143276433293096, 30.523145506934174 ] } },
{ "type": "Feature", "properties": { "ADDRESS_ID": 137664, "BUSINESS_ID": 37332, "BUSINESS_NAME": "PLANK FOOD MART", "FULL_ADDRESS": "8085 PLANK RD", "CITY": "BATON ROUGE", "JURISDICTION": "EBRP", "STATE": "LOUISIANA", "COUNTRY": "UNITED STATES", "ZIP": 70811, "ADDRESS_AUTHORITY": "BATON ROUGE", "ABC": "YES", "BUSINESS_NAICS_CODE": 445000, "PHONE_NUMBER": null, "WEBSITE": null, "LATITUDE": 31, "LONGITUDE": -91 }, "geometry": { "type": "Point", "coordinates": [ -91.144390194032852, 30.522908447357942 ] } },
{ "type": "Feature", "properties": { "ADDRESS_ID": 137816, "BUSINESS_ID": 48757, "BUSINESS_NAME": "LA GOLF UNIVERSITY CLUB LLC", "FULL_ADDRESS": "15333 MEMORIAL TOWER DR", "CITY": "BATON ROUGE", "JURISDICTION": "EBRP", "STATE": "LOUISIANA", "COUNTRY": "UNITED STATES", "ZIP": 70810, "ADDRESS_AUTHORITY": "PARISH", "ABC": "YES", "BUSINESS_NAICS_CODE": 713000, "PHONE_NUMBER": null, "WEBSITE": null, "LATITUDE": 30, "LONGITUDE": -91 }, "geometry": { "type": "Point", "coordinates": [ -91.118219973929612, 30.319864061113549 ] } },
{ "type": "Feature", "properties": { "ADDRESS_ID": 137992, "BUSINESS_ID": 60408, "BUSINESS_NAME": "HARLEY VEY SPORTS PARK", "FULL_ADDRESS": "2615 OAK VILLA BLVD", "CITY": "BATON ROUGE", "JURISDICTION": "EBRP", "STATE": "LOUISIANA", "COUNTRY": "UNITED STATES", "ZIP": 70814, "ADDRESS_AUTHORITY": "BATON ROUGE", "ABC": "YES", "BUSINESS_NAICS_CODE": null, "PHONE_NUMBER": null, "WEBSITE": null, "LATITUDE": 30, "LONGITUDE": -91 }, "geometry": { "type": "Point", "coordinates": [ -91.091176979092921, 30.474654215715262 ] } },
{ "type": "Feature", "properties": { "ADDRESS_ID": 138274, "BUSINESS_ID": 36216, "BUSINESS_NAME": "SSP AMERICA INC", "FULL_ADDRESS": "9430 JACKIE COCHRAN DR", "CITY": "BATON ROUGE", "JURISDICTION": "EBRP", "STATE": "LOUISIANA", "COUNTRY": "UNITED STATES", "ZIP": 70807, "ADDRESS_AUTHORITY": "BATON ROUGE", "ABC": "YES", "BUSINESS_NAICS_CODE": 815000, "PHONE_NUMBER": null, "WEBSITE": null, "LATITUDE": 31, "LONGITUDE": -91 }, "geometry": { "type": "Point", "coordinates": [ -91.156518745556596, 30.532729121220751 ] } },
{ "type": "Feature", "properties": { "ADDRESS_ID": 138423, "BUSINESS_ID": 20251, "BUSINESS_NAME": "LATE-NITE DRIVE THRU", "FULL_ADDRESS": "2333 N ACADIAN THWY W", "CITY": "BATON ROUGE", "JURISDICTION": "EBRP", "STATE": "LOUISIANA", "COUNTRY": "UNITED STATES", "ZIP": 70802, "ADDRESS_AUTHORITY": "BATON ROUGE", "ABC": "YES", "BUSINESS_NAICS_CODE": 722110, "PHONE_NUMBER": null, "WEBSITE": null, "LATITUDE": 30, "LONGITUDE": -91 }, "geometry": { "type": "Point", "coordinates": [ -91.156573847714242, 30.469221349406098 ] } },
{ "type": "Feature", "properties": { "ADDRESS_ID": 138817, "BUSINESS_ID": 41579, "BUSINESS_NAME": "WAGS ONE STOP", "FULL_ADDRESS": "1300 GOVERNMENT ST", "CITY": "BATON ROUGE", "JURISDICTION": "EBRP", "STATE": "LOUISIANA", "COUNTRY": "UNITED STATES", "ZIP": 70802, "ADDRESS_AUTHORITY": "BATON ROUGE", "ABC": "YES", "BUSINESS_NAICS_CODE": 445000, "PHONE_NUMBER": null, "WEBSITE": null, "LATITUDE": 30, "LONGITUDE": -91 }, "geometry": { "type": "Point", "coordinates": [ -91.175479906394145, 30.44342276854751 ] } },
{ "type": "Feature", "properties": { "ADDRESS_ID": 138874, "BUSINESS_ID": 60217, "BUSINESS_NAME": "CANE LAND TRULY HOMEMADE", "FULL_ADDRESS": "760 SAINT PHILIP ST", "CITY": "BATON ROUGE", "JURISDICTION": "EBRP", "STATE": "LOUISIANA", "COUNTRY": "UNITED STATES", "ZIP": 70802, "ADDRESS_AUTHORITY": "BATON ROUGE", "ABC": "YES", "BUSINESS_NAICS_CODE": 311000, "PHONE_NUMBER": null, "WEBSITE": null, "LATITUDE": 30, "LONGITUDE": -91 }, "geometry": { "type": "Point", "coordinates": [ -91.188701422046307, 30.441045936972287 ] } },
{ "type": "Feature", "properties": { "ADDRESS_ID": 138878, "BUSINESS_ID": 41277, "BUSINESS_NAME": "BRICKYARD SOUTH", "FULL_ADDRESS": "174 SOUTH BLVD", "CITY": "BATON ROUGE", "JURISDICTION": "EBRP", "STATE": "LOUISIANA", "COUNTRY": "UNITED STATES", "ZIP": 70802, "ADDRESS_AUTHORITY": "BATON ROUGE", "ABC": "YES", "BUSINESS_NAICS_CODE": 722000, "PHONE_NUMBER": null, "WEBSITE": null, "LATITUDE": 30, "LONGITUDE": -91 }, "geometry": { "type": "Point", "coordinates": [ -91.189001813070945, 30.439404679032737 ] } },
{ "type": "Feature", "properties": { "ADDRESS_ID": 138889, "BUSINESS_ID": 14267, "BUSINESS_NAME": "KIMS FOOD MART", "FULL_ADDRESS": "7079 WINBOURNE AVE", "CITY": "BATON ROUGE", "JURISDICTION": "EBRP", "STATE": "LOUISIANA", "COUNTRY": "UNITED STATES", "ZIP": 70805, "ADDRESS_AUTHORITY": "BATON ROUGE", "ABC": "YES", "BUSINESS_NAICS_CODE": 445110, "PHONE_NUMBER": "225-924-1813", "WEBSITE": null, "LATITUDE": 30, "LONGITUDE": -91 }, "geometry": { "type": "Point", "coordinates": [ -91.119114736010019, 30.479997619518358 ] } },
{ "type": "Feature", "properties": { "ADDRESS_ID": 139028, "BUSINESS_ID": 41275, "BUSINESS_NAME": "BIG BROTHERS MEAT MARKET #2", "FULL_ADDRESS": "2023 N FOSTER DR", "CITY": "BATON ROUGE", "JURISDICTION": "EBRP", "STATE": "LOUISIANA", "COUNTRY": "UNITED STATES", "ZIP": 70802, "ADDRESS_AUTHORITY": "BATON ROUGE", "ABC": "YES", "BUSINESS_NAICS_CODE": 445000, "PHONE_NUMBER": null, "WEBSITE": null, "LATITUDE": 30, "LONGITUDE": -91 }, "geometry": { "type": "Point", "coordinates": [ -91.139944766551523, 30.467216520709467 ] } },
{ "type": "Feature", "properties": { "ADDRESS_ID": 139173, "BUSINESS_ID": 37110, "BUSINESS_NAME": "THE PITA PIT", "FULL_ADDRESS": "3260 HIGHLAND RD", "CITY": "BATON ROUGE", "JURISDICTION": "EBRP", "STATE": "LOUISIANA", "COUNTRY": "UNITED STATES", "ZIP": 70802, "ADDRESS_AUTHORITY": "BATON ROUGE", "ABC": "YES", "BUSINESS_NAICS_CODE": 722000, "PHONE_NUMBER": null, "WEBSITE": null, "LATITUDE": 30, "LONGITUDE": -91 }, "geometry": { "type": "Point", "coordinates": [ -91.177048108046179, 30.418663465392225 ] } },
{ "type": "Feature", "properties": { "ADDRESS_ID": 139180, "BUSINESS_ID": 35295, "BUSINESS_NAME": "S & P FOOD STORE", "FULL_ADDRESS": "9385 BURBANK DR", "CITY": "BATON ROUGE", "JURISDICTION": "EBRP", "STATE": "LOUISIANA", "COUNTRY": "UNITED STATES", "ZIP": 70820, "ADDRESS_AUTHORITY": "PARISH", "ABC": "YES", "BUSINESS_NAICS_CODE": 445110, "PHONE_NUMBER": "225-767-2662", "WEBSITE": null, "LATITUDE": 30, "LONGITUDE": -91 }, "geometry": { "type": "Point", "coordinates": [ -91.124061286971042, 30.360935614818665 ] } },
{ "type": "Feature", "properties": { "ADDRESS_ID": 139181, "BUSINESS_ID": 21599, "BUSINESS_NAME": "GUS YOUNG GROCERY", "FULL_ADDRESS": "4412 GUS YOUNG AVE", "CITY": "BATON ROUGE", "JURISDICTION": "EBRP", "STATE": "LOUISIANA", "COUNTRY": "UNITED STATES", "ZIP": 70802, "ADDRESS_AUTHORITY": "BATON ROUGE", "ABC": "YES", "BUSINESS_NAICS_CODE": 445120, "PHONE_NUMBER": null, "WEBSITE": null, "LATITUDE": 30, "LONGITUDE": -91 }, "geometry": { "type": "Point", "coordinates": [ -91.145082695390855, 30.46186590502381 ] } },
{ "type": "Feature", "properties": { "ADDRESS_ID": 139198, "BUSINESS_ID": 31052, "BUSINESS_NAME": "JUBANS RESTAURANT", "FULL_ADDRESS": "3739 PERKINS RD", "CITY": "BATON ROUGE", "JURISDICTION": "EBRP", "STATE": "LOUISIANA", "COUNTRY": "UNITED STATES", "ZIP": 70808, "ADDRESS_AUTHORITY": "BATON ROUGE", "ABC": "YES", "BUSINESS_NAICS_CODE": 722000, "PHONE_NUMBER": null, "WEBSITE": null, "LATITUDE": 30, "LONGITUDE": -91 }, "geometry": { "type": "Point", "coordinates": [ -91.150433345070823, 30.421073788333572 ] } },
{ "type": "Feature", "properties": { "ADDRESS_ID": 139200, "BUSINESS_ID": 38058, "BUSINESS_NAME": "WAL MART SUPERCENTER #1206", "FULL_ADDRESS": "3132 STE E COLLEGE DR", "CITY": "BATON ROUGE", "JURISDICTION": "EBRP", "STATE": "LOUISIANA", "COUNTRY": "UNITED STATES", "ZIP": 70808, "ADDRESS_AUTHORITY": "BATON ROUGE", "ABC": "YES", "BUSINESS_NAICS_CODE": 445110, "PHONE_NUMBER": "225-952-9022", "WEBSITE": "http://walmart.com/", "LATITUDE": 30, "LONGITUDE": -91 }, "geometry": { "type": "Point", "coordinates": [ -91.143159357737787, 30.41885813352491 ] } },
{ "type": "Feature", "properties": { "ADDRESS_ID": 139257, "BUSINESS_ID": 17070, "BUSINESS_NAME": "LAN MENG RESTAURANT", "FULL_ADDRESS": "175 SHARP RD", "CITY": "BATON ROUGE", "JURISDICTION": "EBRP", "STATE": "LOUISIANA", "COUNTRY": "UNITED STATES", "ZIP": 70815, "ADDRESS_AUTHORITY": "BATON ROUGE", "ABC": "YES", "BUSINESS_NAICS_CODE": 722110, "PHONE_NUMBER": null, "WEBSITE": null, "LATITUDE": 30, "LONGITUDE": -91 }, "geometry": { "type": "Point", "coordinates": [ -91.071785526180292, 30.455661258638955 ] } },
{ "type": "Feature", "properties": { "ADDRESS_ID": 139259, "BUSINESS_ID": 15095, "BUSINESS_NAME": "THEATRE BATON ROUGE", "FULL_ADDRESS": "7155 FLORIDA BLVD", "CITY": "BATON ROUGE", "JURISDICTION": "EBRP", "STATE": "LOUISIANA", "COUNTRY": "UNITED STATES", "ZIP": 70806, "ADDRESS_AUTHORITY": "BATON ROUGE", "ABC": "YES", "BUSINESS_NAICS_CODE": 711110, "PHONE_NUMBER": "225-924-6496", "WEBSITE": "http://theatrebr.org/", "LATITUDE": 30, "LONGITUDE": -91 }, "geometry": { "type": "Point", "coordinates": [ -91.116404206773211, 30.455490054129807 ] } },
{ "type": "Feature", "properties": { "ADDRESS_ID": 139336, "BUSINESS_ID": 36658, "BUSINESS_NAME": "T J RIBS", "FULL_ADDRESS": "6330 SIEGEN LN", "CITY": "BATON ROUGE", "JURISDICTION": "EBRP", "STATE": "LOUISIANA", "COUNTRY": "UNITED STATES", "ZIP": 70809, "ADDRESS_AUTHORITY": "PARISH", "ABC": "YES", "BUSINESS_NAICS_CODE": 722000, "PHONE_NUMBER": null, "WEBSITE": null, "LATITUDE": 30, "LONGITUDE": -91 }, "geometry": { "type": "Point", "coordinates": [ -91.061008937162427, 30.392091225252248 ] } },
{ "type": "Feature", "properties": { "ADDRESS_ID": 139379, "BUSINESS_ID": 17498, "BUSINESS_NAME": "K & D GROCERY", "FULL_ADDRESS": "2068 N SHERWOOD FOREST DR", "CITY": "BATON ROUGE", "JURISDICTION": "EBRP", "STATE": "LOUISIANA", "COUNTRY": "UNITED STATES", "ZIP": 70815, "ADDRESS_AUTHORITY": "BATON ROUGE", "ABC": "YES", "BUSINESS_NAICS_CODE": 445120, "PHONE_NUMBER": null, "WEBSITE": null, "LATITUDE": 30, "LONGITUDE": -91 }, "geometry": { "type": "Point", "coordinates": [ -91.0576209666539, 30.467518623081713 ] } },
{ "type": "Feature", "properties": { "ADDRESS_ID": 139466, "BUSINESS_ID": 17207, "BUSINESS_NAME": "KEEP MOVING FOOD MART", "FULL_ADDRESS": "6890 KENT DR", "CITY": "BAKER", "JURISDICTION": "EBRP", "STATE": "LOUISIANA", "COUNTRY": "UNITED STATES", "ZIP": 70714, "ADDRESS_AUTHORITY": "PARISH", "ABC": "YES", "BUSINESS_NAICS_CODE": 445120, "PHONE_NUMBER": null, "WEBSITE": null, "LATITUDE": 31, "LONGITUDE": -91 }, "geometry": { "type": "Point", "coordinates": [ -91.123283853311762, 30.588452651484889 ] } },
{ "type": "Feature", "properties": { "ADDRESS_ID": 139532, "BUSINESS_ID": 30143, "BUSINESS_NAME": "HOOTERS", "FULL_ADDRESS": "5120 CORPORATE BLVD", "CITY": "BATON ROUGE", "JURISDICTION": "EBRP", "STATE": "LOUISIANA", "COUNTRY": "UNITED STATES", "ZIP": 70808, "ADDRESS_AUTHORITY": "BATON ROUGE", "ABC": "YES", "BUSINESS_NAICS_CODE": 722000, "PHONE_NUMBER": null, "WEBSITE": null, "LATITUDE": 30, "LONGITUDE": -91 }, "geometry": { "type": "Point", "coordinates": [ -91.137218245201183, 30.424652756872984 ] } },
{ "type": "Feature", "properties": { "ADDRESS_ID": 139533, "BUSINESS_ID": 26691, "BUSINESS_NAME": "CLICKS BILLARDS", "FULL_ADDRESS": "5124 CORPORATE BLVD", "CITY": "BATON ROUGE", "JURISDICTION": "EBRP", "STATE": "LOUISIANA", "COUNTRY": "UNITED STATES", "ZIP": 70808, "ADDRESS_AUTHORITY": "BATON ROUGE", "ABC": "YES", "BUSINESS_NAICS_CODE": 722000, "PHONE_NUMBER": null, "WEBSITE": null, "LATITUDE": 30, "LONGITUDE": -91 }, "geometry": { "type": "Point", "coordinates": [ -91.136939347698885, 30.424488911175864 ] } },
{ "type": "Feature", "properties": { "ADDRESS_ID": 139535, "BUSINESS_ID": 36492, "BUSINESS_NAME": "SULLIVANS STEAKHOUSE", "FULL_ADDRESS": "5252 CORPORATE BLVD", "CITY": "BATON ROUGE", "JURISDICTION": "EBRP", "STATE": "LOUISIANA", "COUNTRY": "UNITED STATES", "ZIP": 70808, "ADDRESS_AUTHORITY": "BATON ROUGE", "ABC": "YES", "BUSINESS_NAICS_CODE": 722000, "PHONE_NUMBER": null, "WEBSITE": null, "LATITUDE": 30, "LONGITUDE": -91 }, "geometry": { "type": "Point", "coordinates": [ -91.136012007310597, 30.423955792535558 ] } },
{ "type": "Feature", "properties": { "ADDRESS_ID": 139613, "BUSINESS_ID": 30041, "BUSINESS_NAME": "HILTON BATON ROUGE CAPITOL CENTER", "FULL_ADDRESS": "201 LAFAYETTE ST", "CITY": "BATON ROUGE", "JURISDICTION": "EBRP", "STATE": "LOUISIANA", "COUNTRY": "UNITED STATES", "ZIP": 70801, "ADDRESS_AUTHORITY": "BATON ROUGE", "ABC": "YES", "BUSINESS_NAICS_CODE": 722000, "PHONE_NUMBER": null, "WEBSITE": null, "LATITUDE": 30, "LONGITUDE": -91 }, "geometry": { "type": "Point", "coordinates": [ -91.189545908201694, 30.448569860027256 ] } },
{ "type": "Feature", "properties": { "ADDRESS_ID": 139739, "BUSINESS_ID": 17314, "BUSINESS_NAME": "WHOLE FOODS MARKET", "FULL_ADDRESS": "7529 CORPORATE BLVD", "CITY": "BATON ROUGE", "JURISDICTION": "EBRP", "STATE": "LOUISIANA", "COUNTRY": "UNITED STATES", "ZIP": 70806, "ADDRESS_AUTHORITY": "BATON ROUGE", "ABC": "YES", "BUSINESS_NAICS_CODE": 445110, "PHONE_NUMBER": "225-218-0452", "WEBSITE": "http://wholefoodsmarket.com/", "LATITUDE": 30, "LONGITUDE": -91 }, "geometry": { "type": "Point", "coordinates": [ -91.111458539360868, 30.432219053371238 ] } },
{ "type": "Feature", "properties": { "ADDRESS_ID": 139740, "BUSINESS_ID": 62671, "BUSINESS_NAME": "DON JUAN SPIRITS LLC", "FULL_ADDRESS": "7539 CORPORATE BLVD", "CITY": "BATON ROUGE", "JURISDICTION": "EBRP", "STATE": "LOUISIANA", "COUNTRY": "UNITED STATES", "ZIP": 70806, "ADDRESS_AUTHORITY": "BATON ROUGE", "ABC": "YES", "BUSINESS_NAICS_CODE": null, "PHONE_NUMBER": null, "WEBSITE": null, "LATITUDE": 30, "LONGITUDE": -91 }, "geometry": { "type": "Point", "coordinates": [ -91.110870118597859, 30.431455492498102 ] } },
{ "type": "Feature", "properties": { "ADDRESS_ID": 139779, "BUSINESS_ID": 12348, "BUSINESS_NAME": "ICHIBAN'S JAPANESE GRILL & SUSHI BAR", "FULL_ADDRESS": "5741 ESSEN LN", "CITY": "BATON ROUGE", "JURISDICTION": "EBRP", "STATE": "LOUISIANA", "COUNTRY": "UNITED STATES", "ZIP": 70810, "ADDRESS_AUTHORITY": "BATON ROUGE", "ABC": "YES", "BUSINESS_NAICS_CODE": 722110, "PHONE_NUMBER": null, "WEBSITE": null, "LATITUDE": 30, "LONGITUDE": -91 }, "geometry": { "type": "Point", "coordinates": [ -91.107879783262206, 30.395898209527378 ] } },
{ "type": "Feature", "properties": { "ADDRESS_ID": 139831, "BUSINESS_ID": 27011, "BUSINESS_NAME": "COST PLUS WORLD MARKET", "FULL_ADDRESS": "5919 BLUEBONNET BLVD", "CITY": "BATON ROUGE", "JURISDICTION": "EBRP", "STATE": "LOUISIANA", "COUNTRY": "UNITED STATES", "ZIP": 70836, "ADDRESS_AUTHORITY": "PARISH", "ABC": "YES", "BUSINESS_NAICS_CODE": 453000, "PHONE_NUMBER": null, "WEBSITE": null, "LATITUDE": 30, "LONGITUDE": -91 }, "geometry": { "type": "Point", "coordinates": [ -91.08369970915129, 30.391135369009099 ] } },
{ "type": "Feature", "properties": { "ADDRESS_ID": 139943, "BUSINESS_ID": 38998, "BUSINESS_NAME": "JENKA PHOTOGRAPHY LLC", "FULL_ADDRESS": "1184 BOB PETTIT BLVD", "CITY": "BATON ROUGE", "JURISDICTION": "EBRP", "STATE": "LOUISIANA", "COUNTRY": "UNITED STATES", "ZIP": 70820, "ADDRESS_AUTHORITY": "BATON ROUGE", "ABC": "YES", "BUSINESS_NAICS_CODE": 541000, "PHONE_NUMBER": null, "WEBSITE": null, "LATITUDE": 30, "LONGITUDE": -91 }, "geometry": { "type": "Point", "coordinates": [ -91.179982126490103, 30.396498214901442 ] } },
{ "type": "Feature", "properties": { "ADDRESS_ID": 139987, "BUSINESS_ID": 38056, "BUSINESS_NAME": "WAL MART NEIGHBORHOOD MARKET #5327", "FULL_ADDRESS": "9830 OLD HAMMOND HWY", "CITY": "BATON ROUGE", "JURISDICTION": "EBRP", "STATE": "LOUISIANA", "COUNTRY": "UNITED STATES", "ZIP": 70816, "ADDRESS_AUTHORITY": "BATON ROUGE", "ABC": "YES", "BUSINESS_NAICS_CODE": 445110, "PHONE_NUMBER": "225-248-1616", "WEBSITE": "http://walmart.com/", "LATITUDE": 30, "LONGITUDE": -91 }, "geometry": { "type": "Point", "coordinates": [ -91.077884386865946, 30.431012596169495 ] } },
{ "type": "Feature", "properties": { "ADDRESS_ID": 140051, "BUSINESS_ID": 67466, "BUSINESS_NAME": "JOES GRILL LLC", "FULL_ADDRESS": "3896 IROQUOIS ST", "CITY": "BATON ROUGE", "JURISDICTION": "EBRP", "STATE": "LOUISIANA", "COUNTRY": "UNITED STATES", "ZIP": 70805, "ADDRESS_AUTHORITY": "BATON ROUGE", "ABC": "YES", "BUSINESS_NAICS_CODE": 722000, "PHONE_NUMBER": null, "WEBSITE": null, "LATITUDE": 30, "LONGITUDE": -91 }, "geometry": { "type": "Point", "coordinates": [ -91.151256909979182, 30.472489683464332 ] } },
{ "type": "Feature", "properties": { "ADDRESS_ID": 140097, "BUSINESS_ID": 26568, "BUSINESS_NAME": "CIRCLE K STORE 2704901", "FULL_ADDRESS": "13796 PERKINS RD", "CITY": "BATON ROUGE", "JURISDICTION": "EBRP", "STATE": "LOUISIANA", "COUNTRY": "UNITED STATES", "ZIP": 70810, "ADDRESS_AUTHORITY": "PARISH", "ABC": "YES", "BUSINESS_NAICS_CODE": 447000, "PHONE_NUMBER": "225-752-4885", "WEBSITE": "http://circlek.com/", "LATITUDE": 30, "LONGITUDE": -91 }, "geometry": { "type": "Point", "coordinates": [ -91.066094248328184, 30.364948169487846 ] } },
{ "type": "Feature", "properties": { "ADDRESS_ID": 140364, "BUSINESS_ID": 15778, "BUSINESS_NAME": "NINOS ITALIAN RESTAURANT", "FULL_ADDRESS": "7512 BLUEBONNET BLVD", "CITY": "BATON ROUGE", "JURISDICTION": "EBRP", "STATE": "LOUISIANA", "COUNTRY": "UNITED STATES", "ZIP": 70810, "ADDRESS_AUTHORITY": "PARISH", "ABC": "YES", "BUSINESS_NAICS_CODE": 722110, "PHONE_NUMBER": null, "WEBSITE": null, "LATITUDE": 30, "LONGITUDE": -91 }, "geometry": { "type": "Point", "coordinates": [ -91.097767031065331, 30.381276909452016 ] } },
{ "type": "Feature", "properties": { "ADDRESS_ID": 140366, "BUSINESS_ID": 25772, "BUSINESS_NAME": "BUFFALO WILD WINGS GRILL & BAR", "FULL_ADDRESS": "7524 BLUEBONNET BLVD", "CITY": "BATON ROUGE", "JURISDICTION": "EBRP", "STATE": "LOUISIANA", "COUNTRY": "UNITED STATES", "ZIP": 70810, "ADDRESS_AUTHORITY": "PARISH", "ABC": "YES", "BUSINESS_NAICS_CODE": 722000, "PHONE_NUMBER": null, "WEBSITE": null, "LATITUDE": 30, "LONGITUDE": -91 }, "geometry": { "type": "Point", "coordinates": [ -91.097233560825686, 30.381281974522597 ] } },
{ "type": "Feature", "properties": { "ADDRESS_ID": 140376, "BUSINESS_ID": 59858, "BUSINESS_NAME": "ROUSES MARKET #69", "FULL_ADDRESS": "7580 BLUEBONNET BLVD", "CITY": "BATON ROUGE", "JURISDICTION": "EBRP", "STATE": "LOUISIANA", "COUNTRY": "UNITED STATES", "ZIP": 70810, "ADDRESS_AUTHORITY": "PARISH", "ABC": "YES", "BUSINESS_NAICS_CODE": 445000, "PHONE_NUMBER": null, "WEBSITE": null, "LATITUDE": 30, "LONGITUDE": -91 }, "geometry": { "type": "Point", "coordinates": [ -91.098522585249654, 30.381615621945272 ] } },
{ "type": "Feature", "properties": { "ADDRESS_ID": 140382, "BUSINESS_ID": 5445, "BUSINESS_NAME": "MAISON LACOUR FRENCH RESTAURANT", "FULL_ADDRESS": "11025 N HARRELL'S FERRY RD", "CITY": "BATON ROUGE", "JURISDICTION": "EBRP", "STATE": "LOUISIANA", "COUNTRY": "UNITED STATES", "ZIP": 70816, "ADDRESS_AUTHORITY": "BATON ROUGE", "ABC": "YES", "BUSINESS_NAICS_CODE": 722110, "PHONE_NUMBER": null, "WEBSITE": null, "LATITUDE": 30, "LONGITUDE": -91 }, "geometry": { "type": "Point", "coordinates": [ -91.061776535437659, 30.43329852743814 ] } },
{ "type": "Feature", "properties": { "ADDRESS_ID": 140815, "BUSINESS_ID": 4321, "BUSINESS_NAME": "INDIA'S RESTAURANT", "FULL_ADDRESS": "5230 ESSEN LN", "CITY": "BATON ROUGE", "JURISDICTION": "EBRP", "STATE": "LOUISIANA", "COUNTRY": "UNITED STATES", "ZIP": 70809, "ADDRESS_AUTHORITY": "BATON ROUGE", "ABC": "YES", "BUSINESS_NAICS_CODE": 722211, "PHONE_NUMBER": null, "WEBSITE": null, "LATITUDE": 30, "LONGITUDE": -91 }, "geometry": { "type": "Point", "coordinates": [ -91.106789991502239, 30.400558520506738 ] } },
{ "type": "Feature", "properties": { "ADDRESS_ID": 141287, "BUSINESS_ID": 17728, "BUSINESS_NAME": "BELLA NOCHE", "FULL_ADDRESS": "8509 GREENWELL SPRINGS RD", "CITY": "BATON ROUGE", "JURISDICTION": "EBRP", "STATE": "LOUISIANA", "COUNTRY": "UNITED STATES", "ZIP": 70814, "ADDRESS_AUTHORITY": "PARISH", "ABC": "YES", "BUSINESS_NAICS_CODE": 722410, "PHONE_NUMBER": null, "WEBSITE": null, "LATITUDE": 30, "LONGITUDE": -91 }, "geometry": { "type": "Point", "coordinates": [ -91.099729714211861, 30.482130676419263 ] } },
{ "type": "Feature", "properties": { "ADDRESS_ID": 141308, "BUSINESS_ID": 33086, "BUSINESS_NAME": "MURPHY USA 7716", "FULL_ADDRESS": "14241 STE A13 COURSEY BLVD", "CITY": "BATON ROUGE", "JURISDICTION": "EBRP", "STATE": "LOUISIANA", "COUNTRY": "UNITED STATES", "ZIP": 70817, "ADDRESS_AUTHORITY": "PARISH", "ABC": "YES", "BUSINESS_NAICS_CODE": 447000, "PHONE_NUMBER": null, "WEBSITE": null, "LATITUDE": 30, "LONGITUDE": -91 }, "geometry": { "type": "Point", "coordinates": [ -91.019431479155458, 30.409260413142576 ] } },
{ "type": "Feature", "properties": { "ADDRESS_ID": 141346, "BUSINESS_ID": 36614, "BUSINESS_NAME": "SWIFTYS VN", "FULL_ADDRESS": "7175 PLANK RD", "CITY": "BATON ROUGE", "JURISDICTION": "EBRP", "STATE": "LOUISIANA", "COUNTRY": "UNITED STATES", "ZIP": 70807, "ADDRESS_AUTHORITY": "BATON ROUGE", "ABC": "YES", "BUSINESS_NAICS_CODE": 447000, "PHONE_NUMBER": null, "WEBSITE": null, "LATITUDE": 31, "LONGITUDE": -91 }, "geometry": { "type": "Point", "coordinates": [ -91.148503624213092, 30.514923976953593 ] } },
{ "type": "Feature", "properties": { "ADDRESS_ID": 142242, "BUSINESS_ID": 14236, "BUSINESS_NAME": "SHOPPERS VALUE FOODS", "FULL_ADDRESS": "5908 AIRLINE HWY", "CITY": "BATON ROUGE", "JURISDICTION": "EBRP", "STATE": "LOUISIANA", "COUNTRY": "UNITED STATES", "ZIP": 70805, "ADDRESS_AUTHORITY": "BATON ROUGE", "ABC": "YES", "BUSINESS_NAICS_CODE": 445110, "PHONE_NUMBER": "225-355-0025", "WEBSITE": "http://shoppersvaluefoodla.com/", "LATITUDE": 31, "LONGITUDE": -91 }, "geometry": { "type": "Point", "coordinates": [ -91.133447995761969, 30.500505042407713 ] } },
{ "type": "Feature", "properties": { "ADDRESS_ID": 142246, "BUSINESS_ID": 14236, "BUSINESS_NAME": "SHOPPERS VALUE FOODS", "FULL_ADDRESS": "5932 AIRLINE HWY", "CITY": "BATON ROUGE", "JURISDICTION": "EBRP", "STATE": "LOUISIANA", "COUNTRY": "UNITED STATES", "ZIP": 70805, "ADDRESS_AUTHORITY": "BATON ROUGE", "ABC": "YES", "BUSINESS_NAICS_CODE": 445110, "PHONE_NUMBER": "225-355-0025", "WEBSITE": "http://shoppersvaluefoodla.com/", "LATITUDE": 31, "LONGITUDE": -91 }, "geometry": { "type": "Point", "coordinates": [ -91.133162312932086, 30.500899348988217 ] } },
{ "type": "Feature", "properties": { "ADDRESS_ID": 142260, "BUSINESS_ID": 59907, "BUSINESS_NAME": "BATON ROUGE GARDEN CENTER", "FULL_ADDRESS": "7950 INDEPENDENCE BLVD", "CITY": "BATON ROUGE", "JURISDICTION": "EBRP", "STATE": "LOUISIANA", "COUNTRY": "UNITED STATES", "ZIP": 70806, "ADDRESS_AUTHORITY": "BATON ROUGE", "ABC": "YES", "BUSINESS_NAICS_CODE": 713000, "PHONE_NUMBER": null, "WEBSITE": null, "LATITUDE": 30, "LONGITUDE": -91 }, "geometry": { "type": "Point", "coordinates": [ -91.105177891363439, 30.444777598506555 ] } },
{ "type": "Feature", "properties": { "ADDRESS_ID": 142293, "BUSINESS_ID": 23239, "BUSINESS_NAME": "THE REAL ENTERTAINERS", "FULL_ADDRESS": "5755 AIRLINE HWY", "CITY": "BATON ROUGE", "JURISDICTION": "EBRP", "STATE": "LOUISIANA", "COUNTRY": "UNITED STATES", "ZIP": 70812, "ADDRESS_AUTHORITY": "BATON ROUGE", "ABC": "YES", "BUSINESS_NAICS_CODE": 722000, "PHONE_NUMBER": null, "WEBSITE": null, "LATITUDE": 31, "LONGITUDE": -91 }, "geometry": { "type": "Point", "coordinates": [ -91.132807879634825, 30.504602042146455 ] } },
{ "type": "Feature", "properties": { "ADDRESS_ID": 142535, "BUSINESS_ID": 24752, "BUSINESS_NAME": "AZTECAS MEXICAN CUISINE", "FULL_ADDRESS": "453 LAFAYETTE ST", "CITY": "BATON ROUGE", "JURISDICTION": "EBRP", "STATE": "LOUISIANA", "COUNTRY": "UNITED STATES", "ZIP": 70801, "ADDRESS_AUTHORITY": "BATON ROUGE", "ABC": "YES", "BUSINESS_NAICS_CODE": 722000, "PHONE_NUMBER": null, "WEBSITE": null, "LATITUDE": 30, "LONGITUDE": -91 }, "geometry": { "type": "Point", "coordinates": [ -91.189685112028968, 30.451218330369873 ] } },
{ "type": "Feature", "properties": { "ADDRESS_ID": 142607, "BUSINESS_ID": 29779, "BUSINESS_NAME": "HAMPTON INN & SUITES", "FULL_ADDRESS": "11271 RIEGER RD", "CITY": "BATON ROUGE", "JURISDICTION": "EBRP", "STATE": "LOUISIANA", "COUNTRY": "UNITED STATES", "ZIP": 70809, "ADDRESS_AUTHORITY": "PARISH", "ABC": "YES", "BUSINESS_NAICS_CODE": 721000, "PHONE_NUMBER": null, "WEBSITE": null, "LATITUDE": 30, "LONGITUDE": -91 }, "geometry": { "type": "Point", "coordinates": [ -91.054922866867201, 30.376654952758379 ] } },
{ "type": "Feature", "properties": { "ADDRESS_ID": 142617, "BUSINESS_ID": 6664, "BUSINESS_NAME": "PORTOBELLO'S ITALIAN GRILL AND CAFÉ", "FULL_ADDRESS": "15440 GEORGE O'NEAL RD", "CITY": "BATON ROUGE", "JURISDICTION": "EBRP", "STATE": "LOUISIANA", "COUNTRY": "UNITED STATES", "ZIP": 70817, "ADDRESS_AUTHORITY": "PARISH", "ABC": "YES", "BUSINESS_NAICS_CODE": 722110, "PHONE_NUMBER": null, "WEBSITE": null, "LATITUDE": 30, "LONGITUDE": -91 }, "geometry": { "type": "Point", "coordinates": [ -91.013599193434914, 30.406755158001658 ] } },
{ "type": "Feature", "properties": { "ADDRESS_ID": 142653, "BUSINESS_ID": 37872, "BUSINESS_NAME": "VARSITY THEATRE THE", "FULL_ADDRESS": "3353 HIGHLAND RD", "CITY": "BATON ROUGE", "JURISDICTION": "EBRP", "STATE": "LOUISIANA", "COUNTRY": "UNITED STATES", "ZIP": 70802, "ADDRESS_AUTHORITY": "BATON ROUGE", "ABC": "YES", "BUSINESS_NAICS_CODE": 722000, "PHONE_NUMBER": null, "WEBSITE": null, "LATITUDE": 30, "LONGITUDE": -91 }, "geometry": { "type": "Point", "coordinates": [ -91.176275186842346, 30.417477718130439 ] } },
{ "type": "Feature", "properties": { "ADDRESS_ID": 142858, "BUSINESS_ID": 18133, "BUSINESS_NAME": "CLUB INFINITI", "FULL_ADDRESS": "6894 PLANK RD", "CITY": "BATON ROUGE", "JURISDICTION": "EBRP", "STATE": "LOUISIANA", "COUNTRY": "UNITED STATES", "ZIP": 70811, "ADDRESS_AUTHORITY": "BATON ROUGE", "ABC": "YES", "BUSINESS_NAICS_CODE": 722410, "PHONE_NUMBER": null, "WEBSITE": null, "LATITUDE": 31, "LONGITUDE": -91 }, "geometry": { "type": "Point", "coordinates": [ -91.147884446890615, 30.512727144675058 ] } },
{ "type": "Feature", "properties": { "ADDRESS_ID": 142995, "BUSINESS_ID": 46000, "BUSINESS_NAME": "VINA CLEANERS", "FULL_ADDRESS": "10148 GREENWELL SPRINGS RD", "CITY": "BATON ROUGE", "JURISDICTION": "EBRP", "STATE": "LOUISIANA", "COUNTRY": "UNITED STATES", "ZIP": 70814, "ADDRESS_AUTHORITY": "BATON ROUGE", "ABC": "YES", "BUSINESS_NAICS_CODE": 812000, "PHONE_NUMBER": null, "WEBSITE": null, "LATITUDE": 30, "LONGITUDE": -91 }, "geometry": { "type": "Point", "coordinates": [ -91.071613296614288, 30.490592706262948 ] } },
{ "type": "Feature", "properties": { "ADDRESS_ID": 143010, "BUSINESS_ID": 38055, "BUSINESS_NAME": "WAL MART NEIGHBORHOOD MARKET #4659", "FULL_ADDRESS": "5255 HIGHLAND RD", "CITY": "BATON ROUGE", "JURISDICTION": "EBRP", "STATE": "LOUISIANA", "COUNTRY": "UNITED STATES", "ZIP": 70808, "ADDRESS_AUTHORITY": "BATON ROUGE", "ABC": "YES", "BUSINESS_NAICS_CODE": 445110, "PHONE_NUMBER": "225-766-7776", "WEBSITE": "http://walmart.com/", "LATITUDE": 30, "LONGITUDE": -91 }, "geometry": { "type": "Point", "coordinates": [ -91.15992718787102, 30.395250974844139 ] } },
{ "type": "Feature", "properties": { "ADDRESS_ID": 143048, "BUSINESS_ID": 35511, "BUSINESS_NAME": "SCOTLAND MONEY MART", "FULL_ADDRESS": "10888 SCOTLAND AVE", "CITY": "BATON ROUGE", "JURISDICTION": "EBRP", "STATE": "LOUISIANA", "COUNTRY": "UNITED STATES", "ZIP": 70807, "ADDRESS_AUTHORITY": "BATON ROUGE", "ABC": "YES", "BUSINESS_NAICS_CODE": 453000, "PHONE_NUMBER": null, "WEBSITE": null, "LATITUDE": 31, "LONGITUDE": -91 }, "geometry": { "type": "Point", "coordinates": [ -91.17643594678492, 30.543154604353791 ] } },
{ "type": "Feature", "properties": { "ADDRESS_ID": 143072, "BUSINESS_ID": 22402, "BUSINESS_NAME": "L'AUBERGE BATON ROUGE", "FULL_ADDRESS": "9327 BURBANK DR", "CITY": "BATON ROUGE", "JURISDICTION": "EBRP", "STATE": "LOUISIANA", "COUNTRY": "UNITED STATES", "ZIP": 70820, "ADDRESS_AUTHORITY": "PARISH", "ABC": "YES", "BUSINESS_NAICS_CODE": 611513, "PHONE_NUMBER": null, "WEBSITE": null, "LATITUDE": 30, "LONGITUDE": -91 }, "geometry": { "type": "Point", "coordinates": [ -91.124745791138835, 30.361297695519731 ] } },
{ "type": "Feature", "properties": { "ADDRESS_ID": 143086, "BUSINESS_ID": 34567, "BUSINESS_NAME": "RACETRAC #191", "FULL_ADDRESS": "8940 GREENWELL SPRINGS RD", "CITY": "BATON ROUGE", "JURISDICTION": "EBRP", "STATE": "LOUISIANA", "COUNTRY": "UNITED STATES", "ZIP": 70814, "ADDRESS_AUTHORITY": "BATON ROUGE", "ABC": "YES", "BUSINESS_NAICS_CODE": 447000, "PHONE_NUMBER": null, "WEBSITE": null, "LATITUDE": 30, "LONGITUDE": -91 }, "geometry": { "type": "Point", "coordinates": [ -91.090437774266633, 30.48272680529297 ] } },
{ "type": "Feature", "properties": { "ADDRESS_ID": 143273, "BUSINESS_ID": 25466, "BUSINESS_NAME": "BOCAGE RACQUET CLUB", "FULL_ADDRESS": "7600 JEFFERSON HWY", "CITY": "BATON ROUGE", "JURISDICTION": "EBRP", "STATE": "LOUISIANA", "COUNTRY": "UNITED STATES", "ZIP": 70809, "ADDRESS_AUTHORITY": "BATON ROUGE", "ABC": "YES", "BUSINESS_NAICS_CODE": 713000, "PHONE_NUMBER": null, "WEBSITE": null, "LATITUDE": 30, "LONGITUDE": -91 }, "geometry": { "type": "Point", "coordinates": [ -91.110319159764401, 30.429292106530962 ] } },
{ "type": "Feature", "properties": { "ADDRESS_ID": 143280, "BUSINESS_ID": 36853, "BUSINESS_NAME": "TEXAS DE BRAZIL", "FULL_ADDRESS": "10155 PERKINS ROWE", "CITY": "BATON ROUGE", "JURISDICTION": "EBRP", "STATE": "LOUISIANA", "COUNTRY": "UNITED STATES", "ZIP": 70810, "ADDRESS_AUTHORITY": "PARISH", "ABC": "YES", "BUSINESS_NAICS_CODE": 722000, "PHONE_NUMBER": null, "WEBSITE": null, "LATITUDE": 30, "LONGITUDE": -91 }, "geometry": { "type": "Point", "coordinates": [ -91.093435848204422, 30.37897437098869 ] } },
{ "type": "Feature", "properties": { "ADDRESS_ID": 143282, "BUSINESS_ID": 29041, "BUSINESS_NAME": "FRESH MARKET THE, INC", "FULL_ADDRESS": "10555 PERKINS RD", "CITY": "BATON ROUGE", "JURISDICTION": "EBRP", "STATE": "LOUISIANA", "COUNTRY": "UNITED STATES", "ZIP": 70810, "ADDRESS_AUTHORITY": "PARISH", "ABC": "YES", "BUSINESS_NAICS_CODE": 445110, "PHONE_NUMBER": "225-765-2915", "WEBSITE": null, "LATITUDE": 30, "LONGITUDE": -91 }, "geometry": { "type": "Point", "coordinates": [ -91.093321554251631, 30.377741977444575 ] } },
{ "type": "Feature", "properties": { "ADDRESS_ID": 143307, "BUSINESS_ID": 32754, "BUSINESS_NAME": "MI PADRES MEXICAN", "FULL_ADDRESS": "7750 BLUEBONNET BLVD", "CITY": "BATON ROUGE", "JURISDICTION": "EBRP", "STATE": "LOUISIANA", "COUNTRY": "UNITED STATES", "ZIP": 70810, "ADDRESS_AUTHORITY": "PARISH", "ABC": "YES", "BUSINESS_NAICS_CODE": 722000, "PHONE_NUMBER": null, "WEBSITE": null, "LATITUDE": 30, "LONGITUDE": -91 }, "geometry": { "type": "Point", "coordinates": [ -91.098099631445862, 30.380393901454759 ] } },
{ "type": "Feature", "properties": { "ADDRESS_ID": 143313, "BUSINESS_ID": 27928, "BUSINESS_NAME": "DOUBLETREE BY HILTON", "FULL_ADDRESS": "4964 CONSTITUTION AVE", "CITY": "BATON ROUGE", "JURISDICTION": "EBRP", "STATE": "LOUISIANA", "COUNTRY": "UNITED STATES", "ZIP": 70808, "ADDRESS_AUTHORITY": "BATON ROUGE", "ABC": "YES", "BUSINESS_NAICS_CODE": 721000, "PHONE_NUMBER": null, "WEBSITE": null, "LATITUDE": 30, "LONGITUDE": -91 }, "geometry": { "type": "Point", "coordinates": [ -91.131676739307082, 30.42152572083182 ] } },
{ "type": "Feature", "properties": { "ADDRESS_ID": 143317, "BUSINESS_ID": 25918, "BUSINESS_NAME": "CAFE AMERICAN", "FULL_ADDRESS": "7521 JEFFERSON HWY", "CITY": "BATON ROUGE", "JURISDICTION": "EBRP", "STATE": "LOUISIANA", "COUNTRY": "UNITED STATES", "ZIP": 70806, "ADDRESS_AUTHORITY": "BATON ROUGE", "ABC": "YES", "BUSINESS_NAICS_CODE": 722000, "PHONE_NUMBER": null, "WEBSITE": null, "LATITUDE": 30, "LONGITUDE": -91 }, "geometry": { "type": "Point", "coordinates": [ -91.109237698106639, 30.433646155862693 ] } },
{ "type": "Feature", "properties": { "ADDRESS_ID": 143436, "BUSINESS_ID": 23029, "BUSINESS_NAME": "LA PAMELA SALON", "FULL_ADDRESS": "2414 N ACADIAN THWY W", "CITY": "BATON ROUGE", "JURISDICTION": "EBRP", "STATE": "LOUISIANA", "COUNTRY": "UNITED STATES", "ZIP": 70802, "ADDRESS_AUTHORITY": "BATON ROUGE", "ABC": "YES", "BUSINESS_NAICS_CODE": 812112, "PHONE_NUMBER": null, "WEBSITE": null, "LATITUDE": 30, "LONGITUDE": -91 }, "geometry": { "type": "Point", "coordinates": [ -91.156192489163146, 30.469632046836104 ] } },
{ "type": "Feature", "properties": { "ADDRESS_ID": 144053, "BUSINESS_ID": 32534, "BUSINESS_NAME": "MAXWELLS MARKET", "FULL_ADDRESS": "6241 PERKINS RD", "CITY": "BATON ROUGE", "JURISDICTION": "EBRP", "STATE": "LOUISIANA", "COUNTRY": "UNITED STATES", "ZIP": 70808, "ADDRESS_AUTHORITY": "BATON ROUGE", "ABC": "YES", "BUSINESS_NAICS_CODE": 445110, "PHONE_NUMBER": "225-766-9150", "WEBSITE": "http://maxwells-market.com/", "LATITUDE": 30, "LONGITUDE": -91 }, "geometry": { "type": "Point", "coordinates": [ -91.124053828320754, 30.406291093003063 ] } },
{ "type": "Feature", "properties": { "ADDRESS_ID": 144290, "BUSINESS_ID": 34147, "BUSINESS_NAME": "PORTOBELLOS GRILL", "FULL_ADDRESS": "7622 OLD HAMMOND HWY", "CITY": "BATON ROUGE", "JURISDICTION": "EBRP", "STATE": "LOUISIANA", "COUNTRY": "UNITED STATES", "ZIP": 70809, "ADDRESS_AUTHORITY": "BATON ROUGE", "ABC": "YES", "BUSINESS_NAICS_CODE": 722000, "PHONE_NUMBER": null, "WEBSITE": null, "LATITUDE": 30, "LONGITUDE": -91 }, "geometry": { "type": "Point", "coordinates": [ -91.107639647403815, 30.430743889205473 ] } },
{ "type": "Feature", "properties": { "ADDRESS_ID": 144303, "BUSINESS_ID": 25152, "BUSINESS_NAME": "BEAUSOLEIL RESTAURANT & BAR LLC", "FULL_ADDRESS": "7731 JEFFERSON HWY", "CITY": "BATON ROUGE", "JURISDICTION": "EBRP", "STATE": "LOUISIANA", "COUNTRY": "UNITED STATES", "ZIP": 70809, "ADDRESS_AUTHORITY": "BATON ROUGE", "ABC": "YES", "BUSINESS_NAICS_CODE": 722000, "PHONE_NUMBER": null, "WEBSITE": null, "LATITUDE": 30, "LONGITUDE": -91 }, "geometry": { "type": "Point", "coordinates": [ -91.106991074025231, 30.429106661636787 ] } },
{ "type": "Feature", "properties": { "ADDRESS_ID": 144322, "BUSINESS_ID": 34851, "BUSINESS_NAME": "RENAISSANCE BATON ROUGE HOTEL", "FULL_ADDRESS": "7000 BLUEBONNET BLVD", "CITY": "BATON ROUGE", "JURISDICTION": "EBRP", "STATE": "LOUISIANA", "COUNTRY": "UNITED STATES", "ZIP": 70810, "ADDRESS_AUTHORITY": "PARISH", "ABC": "YES", "BUSINESS_NAICS_CODE": 722000, "PHONE_NUMBER": null, "WEBSITE": null, "LATITUDE": 30, "LONGITUDE": -91 }, "geometry": { "type": "Point", "coordinates": [ -91.094647027900095, 30.387423054698409 ] } },
{ "type": "Feature", "properties": { "ADDRESS_ID": 144352, "BUSINESS_ID": 37033, "BUSINESS_NAME": "THE LITTLE VILLAGE 2", "FULL_ADDRESS": "14241 AIRLINE HWY", "CITY": "BATON ROUGE", "JURISDICTION": "EBRP", "STATE": "LOUISIANA", "COUNTRY": "UNITED STATES", "ZIP": 70817, "ADDRESS_AUTHORITY": "PARISH", "ABC": "YES", "BUSINESS_NAICS_CODE": 722000, "PHONE_NUMBER": null, "WEBSITE": null, "LATITUDE": 30, "LONGITUDE": -91 }, "geometry": { "type": "Point", "coordinates": [ -91.022806967462756, 30.36576746238919 ] } },
{ "type": "Feature", "properties": { "ADDRESS_ID": 144516, "BUSINESS_ID": 50278, "BUSINESS_NAME": "TRACTION SPORTS PERFORMANCE", "FULL_ADDRESS": "1430 GARDERE LN", "CITY": "BATON ROUGE", "JURISDICTION": "EBRP", "STATE": "LOUISIANA", "COUNTRY": "UNITED STATES", "ZIP": 70820, "ADDRESS_AUTHORITY": "PARISH", "ABC": "YES", "BUSINESS_NAICS_CODE": 722000, "PHONE_NUMBER": null, "WEBSITE": null, "LATITUDE": 30, "LONGITUDE": -91 }, "geometry": { "type": "Point", "coordinates": [ -91.126905877483338, 30.357548646919778 ] } },
{ "type": "Feature", "properties": { "ADDRESS_ID": 144683, "BUSINESS_ID": 11812, "BUSINESS_NAME": "ALBASHA GREEK & LEBANESE RESTAURANT", "FULL_ADDRESS": "4520 STE 102 S SHERWOOD FOREST BLVD", "CITY": "BATON ROUGE", "JURISDICTION": "EBRP", "STATE": "LOUISIANA", "COUNTRY": "UNITED STATES", "ZIP": 70816, "ADDRESS_AUTHORITY": "BATON ROUGE", "ABC": "YES", "BUSINESS_NAICS_CODE": 722110, "PHONE_NUMBER": null, "WEBSITE": null, "LATITUDE": 30, "LONGITUDE": -91 }, "geometry": { "type": "Point", "coordinates": [ -91.052047051984417, 30.412652000830004 ] } },
{ "type": "Feature", "properties": { "ADDRESS_ID": 144686, "BUSINESS_ID": 33546, "BUSINESS_NAME": "ORIENTAL PEARL", "FULL_ADDRESS": "4520 STE 107A S SHERWOOD FOREST BLVD", "CITY": "BATON ROUGE", "JURISDICTION": "EBRP", "STATE": "LOUISIANA", "COUNTRY": "UNITED STATES", "ZIP": 70816, "ADDRESS_AUTHORITY": "BATON ROUGE", "ABC": "YES", "BUSINESS_NAICS_CODE": 722000, "PHONE_NUMBER": null, "WEBSITE": null, "LATITUDE": 30, "LONGITUDE": -91 }, "geometry": { "type": "Point", "coordinates": [ -91.052607479741752, 30.412649838041041 ] } },
{ "type": "Feature", "properties": { "ADDRESS_ID": 144687, "BUSINESS_ID": 33546, "BUSINESS_NAME": "ORIENTAL PEARL", "FULL_ADDRESS": "4520 STE 107B S SHERWOOD FOREST BLVD", "CITY": "BATON ROUGE", "JURISDICTION": "EBRP", "STATE": "LOUISIANA", "COUNTRY": "UNITED STATES", "ZIP": 70816, "ADDRESS_AUTHORITY": "BATON ROUGE", "ABC": "YES", "BUSINESS_NAICS_CODE": 722000, "PHONE_NUMBER": null, "WEBSITE": null, "LATITUDE": 30, "LONGITUDE": -91 }, "geometry": { "type": "Point", "coordinates": [ -91.052609324125953, 30.412679267229212 ] } },
{ "type": "Feature", "properties": { "ADDRESS_ID": 144703, "BUSINESS_ID": 29296, "BUSINESS_NAME": "GEORGES O NEAL", "FULL_ADDRESS": "15321 GEORGE O'NEAL RD", "CITY": "BATON ROUGE", "JURISDICTION": "EBRP", "STATE": "LOUISIANA", "COUNTRY": "UNITED STATES", "ZIP": 70817, "ADDRESS_AUTHORITY": "PARISH", "ABC": "YES", "BUSINESS_NAICS_CODE": 722000, "PHONE_NUMBER": null, "WEBSITE": null, "LATITUDE": 30, "LONGITUDE": -91 }, "geometry": { "type": "Point", "coordinates": [ -91.014519192053555, 30.408558549053545 ] } },
{ "type": "Feature", "properties": { "ADDRESS_ID": 144903, "BUSINESS_ID": 36854, "BUSINESS_NAME": "TEXAS ROADHOUSE", "FULL_ADDRESS": "10360 N MALL DR", "CITY": "BATON ROUGE", "JURISDICTION": "EBRP", "STATE": "LOUISIANA", "COUNTRY": "UNITED STATES", "ZIP": 70809, "ADDRESS_AUTHORITY": "BATON ROUGE", "ABC": "YES", "BUSINESS_NAICS_CODE": 722000, "PHONE_NUMBER": null, "WEBSITE": null, "LATITUDE": 30, "LONGITUDE": -91 }, "geometry": { "type": "Point", "coordinates": [ -91.06460546198501, 30.379067892674659 ] } },
{ "type": "Feature", "properties": { "ADDRESS_ID": 145085, "BUSINESS_ID": 23046, "BUSINESS_NAME": "HIGHLAND ROAD MEAT MARKET", "FULL_ADDRESS": "2226 HIGHLAND RD", "CITY": "BATON ROUGE", "JURISDICTION": "EBRP", "STATE": "LOUISIANA", "COUNTRY": "UNITED STATES", "ZIP": 70802, "ADDRESS_AUTHORITY": "BATON ROUGE", "ABC": "YES", "BUSINESS_NAICS_CODE": 445110, "PHONE_NUMBER": null, "WEBSITE": null, "LATITUDE": 30, "LONGITUDE": -91 }, "geometry": { "type": "Point", "coordinates": [ -91.180883974016723, 30.426978206952594 ] } },
{ "type": "Feature", "properties": { "ADDRESS_ID": 145761, "BUSINESS_ID": 28007, "BUSINESS_NAME": "DRURY INN & SUITES-BATON ROUGE", "FULL_ADDRESS": "7939 ESSEN PARK AVE", "CITY": "BATON ROUGE", "JURISDICTION": "EBRP", "STATE": "LOUISIANA", "COUNTRY": "UNITED STATES", "ZIP": 70809, "ADDRESS_AUTHORITY": "PARISH", "ABC": "YES", "BUSINESS_NAICS_CODE": 721000, "PHONE_NUMBER": null, "WEBSITE": null, "LATITUDE": 30, "LONGITUDE": -91 }, "geometry": { "type": "Point", "coordinates": [ -91.101617249246914, 30.405448413781951 ] } },
{ "type": "Feature", "properties": { "ADDRESS_ID": 145937, "BUSINESS_ID": 32296, "BUSINESS_NAME": "MADE TO GO TRUCKSTOP LLC", "FULL_ADDRESS": "111 THOMAS RD", "CITY": "BATON ROUGE", "JURISDICTION": "EBRP", "STATE": "LOUISIANA", "COUNTRY": "UNITED STATES", "ZIP": 70807, "ADDRESS_AUTHORITY": "PARISH", "ABC": "YES", "BUSINESS_NAICS_CODE": 447000, "PHONE_NUMBER": null, "WEBSITE": null, "LATITUDE": 31, "LONGITUDE": -91 }, "geometry": { "type": "Point", "coordinates": [ -91.196886275621409, 30.552574695674394 ] } },
{ "type": "Feature", "properties": { "ADDRESS_ID": 148224, "BUSINESS_ID": 34568, "BUSINESS_NAME": "RACETRAC #248", "FULL_ADDRESS": "10738 OLD HAMMOND HWY", "CITY": "BATON ROUGE", "JURISDICTION": "EBRP", "STATE": "LOUISIANA", "COUNTRY": "UNITED STATES", "ZIP": 70816, "ADDRESS_AUTHORITY": "BATON ROUGE", "ABC": "YES", "BUSINESS_NAICS_CODE": 453000, "PHONE_NUMBER": null, "WEBSITE": null, "LATITUDE": 30, "LONGITUDE": -91 }, "geometry": { "type": "Point", "coordinates": [ -91.065375005440885, 30.434302483757623 ] } },
{ "type": "Feature", "properties": { "ADDRESS_ID": 148257, "BUSINESS_ID": 33087, "BUSINESS_NAME": "MURPHY USA #6988", "FULL_ADDRESS": "9340 CORTANA PL", "CITY": "BATON ROUGE", "JURISDICTION": "EBRP", "STATE": "LOUISIANA", "COUNTRY": "UNITED STATES", "ZIP": 70815, "ADDRESS_AUTHORITY": "BATON ROUGE", "ABC": "YES", "BUSINESS_NAICS_CODE": 447000, "PHONE_NUMBER": null, "WEBSITE": null, "LATITUDE": 30, "LONGITUDE": -91 }, "geometry": { "type": "Point", "coordinates": [ -91.089849598370861, 30.460061823782866 ] } },
{ "type": "Feature", "properties": { "ADDRESS_ID": 149607, "BUSINESS_ID": 65022, "BUSINESS_NAME": "SPRINGHILL SUITES BY MARRIOTT", "FULL_ADDRESS": "7980 HOWELL BLVD", "CITY": "BATON ROUGE", "JURISDICTION": "EBRP", "STATE": "LOUISIANA", "COUNTRY": "UNITED STATES", "ZIP": 70807, "ADDRESS_AUTHORITY": "BATON ROUGE", "ABC": "YES", "BUSINESS_NAICS_CODE": 721000, "PHONE_NUMBER": null, "WEBSITE": null, "LATITUDE": 31, "LONGITUDE": -91 }, "geometry": { "type": "Point", "coordinates": [ -91.155546097689736, 30.520076330987767 ] } },
{ "type": "Feature", "properties": { "ADDRESS_ID": 149859, "BUSINESS_ID": 8696, "BUSINESS_NAME": "WALMART SUPER CENTER", "FULL_ADDRESS": "10550 BURBANK DR", "CITY": "BATON ROUGE", "JURISDICTION": "EBRP", "STATE": "LOUISIANA", "COUNTRY": "UNITED STATES", "ZIP": 70810, "ADDRESS_AUTHORITY": "PARISH", "ABC": "YES", "BUSINESS_NAICS_CODE": 445110, "PHONE_NUMBER": null, "WEBSITE": "http://walmart.com/", "LATITUDE": 30, "LONGITUDE": -91 }, "geometry": { "type": "Point", "coordinates": [ -91.109746157947043, 30.352314948783288 ] } },
{ "type": "Feature", "properties": { "ADDRESS_ID": 149876, "BUSINESS_ID": 66614, "BUSINESS_NAME": "THE OASIS BAR & GRILL", "FULL_ADDRESS": "7477 BURBANK DR", "CITY": "BATON ROUGE", "JURISDICTION": "EBRP", "STATE": "LOUISIANA", "COUNTRY": "UNITED STATES", "ZIP": 70820, "ADDRESS_AUTHORITY": "PARISH", "ABC": "YES", "BUSINESS_NAICS_CODE": 722000, "PHONE_NUMBER": null, "WEBSITE": null, "LATITUDE": 30, "LONGITUDE": -91 }, "geometry": { "type": "Point", "coordinates": [ -91.141083449470457, 30.376890386282888 ] } },
{ "type": "Feature", "properties": { "ADDRESS_ID": 149900, "BUSINESS_ID": 59991, "BUSINESS_NAME": "ROTOLOS CRAFT & CRUST", "FULL_ADDRESS": "411 BEN HUR RD", "CITY": "BATON ROUGE", "JURISDICTION": "EBRP", "STATE": "LOUISIANA", "COUNTRY": "UNITED STATES", "ZIP": 70820, "ADDRESS_AUTHORITY": "PARISH", "ABC": "YES", "BUSINESS_NAICS_CODE": 722000, "PHONE_NUMBER": null, "WEBSITE": null, "LATITUDE": 30, "LONGITUDE": -91 }, "geometry": { "type": "Point", "coordinates": [ -91.157125783568887, 30.387102805231681 ] } },
{ "type": "Feature", "properties": { "ADDRESS_ID": 151251, "BUSINESS_ID": 35194, "BUSINESS_NAME": "ROTOLOS PIZZERIA", "FULL_ADDRESS": "2985 MILLERVILLE RD", "CITY": "BATON ROUGE", "JURISDICTION": "EBRP", "STATE": "LOUISIANA", "COUNTRY": "UNITED STATES", "ZIP": 70816, "ADDRESS_AUTHORITY": "BATON ROUGE", "ABC": "YES", "BUSINESS_NAICS_CODE": 722000, "PHONE_NUMBER": null, "WEBSITE": null, "LATITUDE": 30, "LONGITUDE": -91 }, "geometry": { "type": "Point", "coordinates": [ -91.023952060963779, 30.433235289208486 ] } },
{ "type": "Feature", "properties": { "ADDRESS_ID": 151577, "BUSINESS_ID": 45898, "BUSINESS_NAME": "WILLIE'S RESTAURANT", "FULL_ADDRESS": "11260 COURSEY BLVD", "CITY": "BATON ROUGE", "JURISDICTION": "EBRP", "STATE": "LOUISIANA", "COUNTRY": "UNITED STATES", "ZIP": 70816, "ADDRESS_AUTHORITY": "PARISH", "ABC": "YES", "BUSINESS_NAICS_CODE": 722000, "PHONE_NUMBER": null, "WEBSITE": null, "LATITUDE": 30, "LONGITUDE": -91 }, "geometry": { "type": "Point", "coordinates": [ -91.056795993795205, 30.413376204790797 ] } },
{ "type": "Feature", "properties": { "ADDRESS_ID": 151740, "BUSINESS_ID": 23844, "BUSINESS_NAME": "ACME OYSTER HOUSE", "FULL_ADDRESS": "3535 STE 100 PERKINS RD", "CITY": "BATON ROUGE", "JURISDICTION": "EBRP", "STATE": "LOUISIANA", "COUNTRY": "UNITED STATES", "ZIP": 70808, "ADDRESS_AUTHORITY": "BATON ROUGE", "ABC": "YES", "BUSINESS_NAICS_CODE": 722000, "PHONE_NUMBER": null, "WEBSITE": null, "LATITUDE": 30, "LONGITUDE": -91 }, "geometry": { "type": "Point", "coordinates": [ -91.154787784413244, 30.422868231169399 ] } },
{ "type": "Feature", "properties": { "ADDRESS_ID": 153494, "BUSINESS_ID": 27281, "BUSINESS_NAME": "CVS PHARMACY 6124", "FULL_ADDRESS": "7411 FLORIDA BLVD", "CITY": "BATON ROUGE", "JURISDICTION": "EBRP", "STATE": "LOUISIANA", "COUNTRY": "UNITED STATES", "ZIP": 70806, "ADDRESS_AUTHORITY": "BATON ROUGE", "ABC": "YES", "BUSINESS_NAICS_CODE": 446110, "PHONE_NUMBER": "225-928-8982", "WEBSITE": "http://cvs.com/", "LATITUDE": 30, "LONGITUDE": -91 }, "geometry": { "type": "Point", "coordinates": [ -91.112726428761434, 30.452341938517474 ] } },
{ "type": "Feature", "properties": { "ADDRESS_ID": 154028, "BUSINESS_ID": 37848, "BUSINESS_NAME": "VALERO CORNER STORE #1726", "FULL_ADDRESS": "9990 BLUEBONNET BLVD", "CITY": "BATON ROUGE", "JURISDICTION": "EBRP", "STATE": "LOUISIANA", "COUNTRY": "UNITED STATES", "ZIP": 70810, "ADDRESS_AUTHORITY": "PARISH", "ABC": "YES", "BUSINESS_NAICS_CODE": 447000, "PHONE_NUMBER": null, "WEBSITE": null, "LATITUDE": 30, "LONGITUDE": -91 }, "geometry": { "type": "Point", "coordinates": [ -91.110492816167223, 30.354948818210019 ] } },
{ "type": "Feature", "properties": { "ADDRESS_ID": 154216, "BUSINESS_ID": 47580, "BUSINESS_NAME": "FLAMBEE CAFE", "FULL_ADDRESS": "8210 VILLAGE PLAZA CT", "CITY": "BATON ROUGE", "JURISDICTION": "EBRP", "STATE": "LOUISIANA", "COUNTRY": "UNITED STATES", "ZIP": 70810, "ADDRESS_AUTHORITY": "PARISH", "ABC": "YES", "BUSINESS_NAICS_CODE": 722000, "PHONE_NUMBER": null, "WEBSITE": null, "LATITUDE": 30, "LONGITUDE": -91 }, "geometry": { "type": "Point", "coordinates": [ -91.088241562290037, 30.374121375932724 ] } },
{ "type": "Feature", "properties": { "ADDRESS_ID": 154476, "BUSINESS_ID": 19245, "BUSINESS_NAME": "STROUBE'S CHOP HOUSE", "FULL_ADDRESS": "107 3RD ST", "CITY": "BATON ROUGE", "JURISDICTION": "EBRP", "STATE": "LOUISIANA", "COUNTRY": "UNITED STATES", "ZIP": 70801, "ADDRESS_AUTHORITY": "BATON ROUGE", "ABC": "YES", "BUSINESS_NAICS_CODE": 722000, "PHONE_NUMBER": null, "WEBSITE": null, "LATITUDE": 30, "LONGITUDE": -91 }, "geometry": { "type": "Point", "coordinates": [ -91.188379480424359, 30.44736156727604 ] } },
{ "type": "Feature", "properties": { "ADDRESS_ID": 155643, "BUSINESS_ID": 63238, "BUSINESS_NAME": "COLONNADE HOSPITALITY LLC", "FULL_ADDRESS": "1110 S RIVER RD", "CITY": "BATON ROUGE", "JURISDICTION": "EBRP", "STATE": "LOUISIANA", "COUNTRY": "UNITED STATES", "ZIP": 70802, "ADDRESS_AUTHORITY": "BATON ROUGE", "ABC": "YES", "BUSINESS_NAICS_CODE": 722000, "PHONE_NUMBER": null, "WEBSITE": null, "LATITUDE": 30, "LONGITUDE": -91 }, "geometry": { "type": "Point", "coordinates": [ -91.192283569728829, 30.436937126732829 ] } },
{ "type": "Feature", "properties": { "ADDRESS_ID": 155875, "BUSINESS_ID": 64916, "BUSINESS_NAME": "MOVIE TAVERN AT CITIPLACE", "FULL_ADDRESS": "2610 CITIPLACE CT", "CITY": "BATON ROUGE", "JURISDICTION": "EBRP", "STATE": "LOUISIANA", "COUNTRY": "UNITED STATES", "ZIP": 70808, "ADDRESS_AUTHORITY": "BATON ROUGE", "ABC": "YES", "BUSINESS_NAICS_CODE": 512000, "PHONE_NUMBER": null, "WEBSITE": null, "LATITUDE": 30, "LONGITUDE": -91 }, "geometry": { "type": "Point", "coordinates": [ -91.126646148537318, 30.422481262720577 ] } },
{ "type": "Feature", "properties": { "ADDRESS_ID": 155881, "BUSINESS_ID": 4214, "BUSINESS_NAME": "HOMEWOOD SUITES HOTEL", "FULL_ADDRESS": "11303 RIEGER RD", "CITY": "BATON ROUGE", "JURISDICTION": "EBRP", "STATE": "LOUISIANA", "COUNTRY": "UNITED STATES", "ZIP": 70809, "ADDRESS_AUTHORITY": "PARISH", "ABC": "YES", "BUSINESS_NAICS_CODE": 721110, "PHONE_NUMBER": null, "WEBSITE": null, "LATITUDE": 30, "LONGITUDE": -91 }, "geometry": { "type": "Point", "coordinates": [ -91.054364250721221, 30.37623729379073 ] } },
{ "type": "Feature", "properties": { "ADDRESS_ID": 155956, "BUSINESS_ID": 23153, "BUSINESS_NAME": "THE LITTLE VILLAGE", "FULL_ADDRESS": "447 3RD ST", "CITY": "BATON ROUGE", "JURISDICTION": "EBRP", "STATE": "LOUISIANA", "COUNTRY": "UNITED STATES", "ZIP": 70802, "ADDRESS_AUTHORITY": "BATON ROUGE", "ABC": "YES", "BUSINESS_NAICS_CODE": 722000, "PHONE_NUMBER": null, "WEBSITE": null, "LATITUDE": 30, "LONGITUDE": -91 }, "geometry": { "type": "Point", "coordinates": [ -91.188442165901449, 30.451063416515051 ] } },
{ "type": "Feature", "properties": { "ADDRESS_ID": 157390, "BUSINESS_ID": 67343, "BUSINESS_NAME": "CITY BAR", "FULL_ADDRESS": "331 3RD ST", "CITY": "BATON ROUGE", "JURISDICTION": "EBRP", "STATE": "LOUISIANA", "COUNTRY": "UNITED STATES", "ZIP": 70801, "ADDRESS_AUTHORITY": "BATON ROUGE", "ABC": "YES", "BUSINESS_NAICS_CODE": 445000, "PHONE_NUMBER": null, "WEBSITE": null, "LATITUDE": 30, "LONGITUDE": -91 }, "geometry": { "type": "Point", "coordinates": [ -91.188569649763267, 30.449807486085408 ] } },
{ "type": "Feature", "properties": { "ADDRESS_ID": 157430, "BUSINESS_ID": 25304, "BUSINESS_NAME": "BI RITE GROCERY", "FULL_ADDRESS": "4808 MC CLELLAND DR", "CITY": "BATON ROUGE", "JURISDICTION": "EBRP", "STATE": "LOUISIANA", "COUNTRY": "UNITED STATES", "ZIP": 70805, "ADDRESS_AUTHORITY": "BATON ROUGE", "ABC": "YES", "BUSINESS_NAICS_CODE": 445000, "PHONE_NUMBER": null, "WEBSITE": null, "LATITUDE": 30, "LONGITUDE": -91 }, "geometry": { "type": "Point", "coordinates": [ -91.134782837077381, 30.494700893477695 ] } },
{ "type": "Feature", "properties": { "ADDRESS_ID": 158806, "BUSINESS_ID": 50231, "BUSINESS_NAME": "MURPHY EXPRESS #8808", "FULL_ADDRESS": "510 W LEE DR", "CITY": "BATON ROUGE", "JURISDICTION": "EBRP", "STATE": "LOUISIANA", "COUNTRY": "UNITED STATES", "ZIP": 70820, "ADDRESS_AUTHORITY": "BATON ROUGE", "ABC": "YES", "BUSINESS_NAICS_CODE": 447000, "PHONE_NUMBER": null, "WEBSITE": null, "LATITUDE": 30, "LONGITUDE": -91 }, "geometry": { "type": "Point", "coordinates": [ -91.162886691969902, 30.391634719491801 ] } },
{ "type": "Feature", "properties": { "ADDRESS_ID": 159001, "BUSINESS_ID": 64483, "BUSINESS_NAME": "COURTYARD BY MARRIOTT DOWNTOWN BATON ROUGE", "FULL_ADDRESS": "260 3RD ST", "CITY": "BATON ROUGE", "JURISDICTION": "EBRP", "STATE": "LOUISIANA", "COUNTRY": "UNITED STATES", "ZIP": 70801, "ADDRESS_AUTHORITY": "BATON ROUGE", "ABC": "YES", "BUSINESS_NAICS_CODE": 721000, "PHONE_NUMBER": null, "WEBSITE": null, "LATITUDE": 30, "LONGITUDE": -91 }, "geometry": { "type": "Point", "coordinates": [ -91.188094872891028, 30.449079537550048 ] } },
{ "type": "Feature", "properties": { "ADDRESS_ID": 159005, "BUSINESS_ID": 21688, "BUSINESS_NAME": "HAMPTON INN AND SUITES", "FULL_ADDRESS": "462 LAFAYETTE ST", "CITY": "BATON ROUGE", "JURISDICTION": "EBRP", "STATE": "LOUISIANA", "COUNTRY": "UNITED STATES", "ZIP": 70802, "ADDRESS_AUTHORITY": "BATON ROUGE", "ABC": "YES", "BUSINESS_NAICS_CODE": 721110, "PHONE_NUMBER": null, "WEBSITE": null, "LATITUDE": 30, "LONGITUDE": -91 }, "geometry": { "type": "Point", "coordinates": [ -91.189250669566547, 30.451228744085256 ] } },
{ "type": "Feature", "properties": { "ADDRESS_ID": 159328, "BUSINESS_ID": 27282, "BUSINESS_NAME": "CVS/PHARMACY #8961", "FULL_ADDRESS": "12880 AIRLINE HWY", "CITY": "BATON ROUGE", "JURISDICTION": "EBRP", "STATE": "LOUISIANA", "COUNTRY": "UNITED STATES", "ZIP": 70809, "ADDRESS_AUTHORITY": "PARISH", "ABC": "YES", "BUSINESS_NAICS_CODE": 446110, "PHONE_NUMBER": "225-751-3611", "WEBSITE": "http://cvs.com/", "LATITUDE": 30, "LONGITUDE": -91 }, "geometry": { "type": "Point", "coordinates": [ -91.039464124776345, 30.380934622446354 ] } },
{ "type": "Feature", "properties": { "ADDRESS_ID": 160332, "BUSINESS_ID": 28013, "BUSINESS_NAME": "DRUSILLA SEAFOOD RESTAURANT", "FULL_ADDRESS": "3482 STE D DRUSILLA LN", "CITY": "BATON ROUGE", "JURISDICTION": "EBRP", "STATE": "LOUISIANA", "COUNTRY": "UNITED STATES", "ZIP": 70809, "ADDRESS_AUTHORITY": "BATON ROUGE", "ABC": "YES", "BUSINESS_NAICS_CODE": 722000, "PHONE_NUMBER": null, "WEBSITE": null, "LATITUDE": 30, "LONGITUDE": -91 }, "geometry": { "type": "Point", "coordinates": [ -91.091082630101596, 30.419766011563098 ] } },
{ "type": "Feature", "properties": { "ADDRESS_ID": 161247, "BUSINESS_ID": 59950, "BUSINESS_NAME": "DUMAS GOLF COURSE", "FULL_ADDRESS": "3400 LAVEY LN", "CITY": "BAKER", "JURISDICTION": "EBRP", "STATE": "LOUISIANA", "COUNTRY": "UNITED STATES", "ZIP": 70714, "ADDRESS_AUTHORITY": "PARISH", "ABC": "YES", "BUSINESS_NAICS_CODE": 713000, "PHONE_NUMBER": null, "WEBSITE": null, "LATITUDE": 31, "LONGITUDE": -91 }, "geometry": { "type": "Point", "coordinates": [ -91.165830266765383, 30.574958486676874 ] } },
{ "type": "Feature", "properties": { "ADDRESS_ID": 161570, "BUSINESS_ID": 3542, "BUSINESS_NAME": "FRENCH CONNECTION", "FULL_ADDRESS": "12114 OLD HAMMOND HWY", "CITY": "BATON ROUGE", "JURISDICTION": "EBRP", "STATE": "LOUISIANA", "COUNTRY": "UNITED STATES", "ZIP": 70816, "ADDRESS_AUTHORITY": "BATON ROUGE", "ABC": "YES", "BUSINESS_NAICS_CODE": 722410, "PHONE_NUMBER": null, "WEBSITE": null, "LATITUDE": 30, "LONGITUDE": -91 }, "geometry": { "type": "Point", "coordinates": [ -91.044777905534005, 30.440236105079535 ] } },
{ "type": "Feature", "properties": { "ADDRESS_ID": 162750, "BUSINESS_ID": 31505, "BUSINESS_NAME": "LA MORENITA MEAT MARKET", "FULL_ADDRESS": "7981 FLORIDA BLVD", "CITY": "BATON ROUGE", "JURISDICTION": "EBRP", "STATE": "LOUISIANA", "COUNTRY": "UNITED STATES", "ZIP": 70806, "ADDRESS_AUTHORITY": "BATON ROUGE", "ABC": "YES", "BUSINESS_NAICS_CODE": 445110, "PHONE_NUMBER": "225-231-3234", "WEBSITE": null, "LATITUDE": 30, "LONGITUDE": -91 }, "geometry": { "type": "Point", "coordinates": [ -91.106015841311319, 30.453051552756492 ] } },
{ "type": "Feature", "properties": { "ADDRESS_ID": 163746, "BUSINESS_ID": 35138, "BUSINESS_NAME": "ROMANS CAFE", "FULL_ADDRESS": "7731 STE 110 PERKINS RD", "CITY": "BATON ROUGE", "JURISDICTION": "EBRP", "STATE": "LOUISIANA", "COUNTRY": "UNITED STATES", "ZIP": 70810, "ADDRESS_AUTHORITY": "BATON ROUGE", "ABC": "YES", "BUSINESS_NAICS_CODE": 722000, "PHONE_NUMBER": null, "WEBSITE": null, "LATITUDE": 30, "LONGITUDE": -91 }, "geometry": { "type": "Point", "coordinates": [ -91.107226674337127, 30.394003296828998 ] } },
{ "type": "Feature", "properties": { "ADDRESS_ID": 165122, "BUSINESS_ID": 42127, "BUSINESS_NAME": "EXTRAORDINARY SOLUTIONS LLC", "FULL_ADDRESS": "7439 OAKMOUNT DR", "CITY": "BATON ROUGE", "JURISDICTION": "EBRP", "STATE": "LOUISIANA", "COUNTRY": "UNITED STATES", "ZIP": 70817, "ADDRESS_AUTHORITY": "PARISH", "ABC": "YES", "BUSINESS_NAICS_CODE": 541000, "PHONE_NUMBER": null, "WEBSITE": null, "LATITUDE": 30, "LONGITUDE": -91 }, "geometry": { "type": "Point", "coordinates": [ -91.028645779253083, 30.383104478348518 ] } },
{ "type": "Feature", "properties": { "ADDRESS_ID": 165296, "BUSINESS_ID": 38062, "BUSINESS_NAME": "WALGREENS #13925", "FULL_ADDRESS": "5298 HIGHLAND RD", "CITY": "BATON ROUGE", "JURISDICTION": "EBRP", "STATE": "LOUISIANA", "COUNTRY": "UNITED STATES", "ZIP": 70808, "ADDRESS_AUTHORITY": "BATON ROUGE", "ABC": "YES", "BUSINESS_NAICS_CODE": 446110, "PHONE_NUMBER": "225-767-7003", "WEBSITE": "http://walgreens.com/", "LATITUDE": 30, "LONGITUDE": -91 }, "geometry": { "type": "Point", "coordinates": [ -91.16039144098977, 30.393819090411146 ] } },
{ "type": "Feature", "properties": { "ADDRESS_ID": 165678, "BUSINESS_ID": 21785, "BUSINESS_NAME": "DIRTY DOG LOUNGE", "FULL_ADDRESS": "3488 DRUSILLA LN", "CITY": "BATON ROUGE", "JURISDICTION": "EBRP", "STATE": "LOUISIANA", "COUNTRY": "UNITED STATES", "ZIP": 70809, "ADDRESS_AUTHORITY": "BATON ROUGE", "ABC": "YES", "BUSINESS_NAICS_CODE": 722410, "PHONE_NUMBER": null, "WEBSITE": null, "LATITUDE": 30, "LONGITUDE": -91 }, "geometry": { "type": "Point", "coordinates": [ -91.090708834837983, 30.419110600939696 ] } },
{ "type": "Feature", "properties": { "ADDRESS_ID": 166219, "BUSINESS_ID": 49458, "BUSINESS_NAME": "THE WOODHOUSE DAY SPA", "FULL_ADDRESS": "10222 THE GROVE BLVD", "CITY": "BATON ROUGE", "JURISDICTION": "EBRP", "STATE": "LOUISIANA", "COUNTRY": "UNITED STATES", "ZIP": 70836, "ADDRESS_AUTHORITY": "PARISH", "ABC": "YES", "BUSINESS_NAICS_CODE": 815000, "PHONE_NUMBER": null, "WEBSITE": null, "LATITUDE": 30, "LONGITUDE": -91 }, "geometry": { "type": "Point", "coordinates": [ -91.078967260022978, 30.385578944641153 ] } },
{ "type": "Feature", "properties": { "ADDRESS_ID": 166951, "BUSINESS_ID": 65489, "BUSINESS_NAME": "CYPRESS COAST BREWING COMPANY INC", "FULL_ADDRESS": "5643 GOVERNMENT ST", "CITY": "BATON ROUGE", "JURISDICTION": "EBRP", "STATE": "LOUISIANA", "COUNTRY": "UNITED STATES", "ZIP": 70806, "ADDRESS_AUTHORITY": "BATON ROUGE", "ABC": "YES", "BUSINESS_NAICS_CODE": 424000, "PHONE_NUMBER": null, "WEBSITE": null, "LATITUDE": 30, "LONGITUDE": -91 }, "geometry": { "type": "Point", "coordinates": [ -91.132086072398209, 30.445312617209982 ] } },
{ "type": "Feature", "properties": { "ADDRESS_ID": 167133, "BUSINESS_ID": 33728, "BUSINESS_NAME": "PATIO LOUNGE", "FULL_ADDRESS": "8743 JEFFERSON HWY", "CITY": "BATON ROUGE", "JURISDICTION": "EBRP", "STATE": "LOUISIANA", "COUNTRY": "UNITED STATES", "ZIP": 70809, "ADDRESS_AUTHORITY": "BATON ROUGE", "ABC": "YES", "BUSINESS_NAICS_CODE": 722000, "PHONE_NUMBER": null, "WEBSITE": null, "LATITUDE": 30, "LONGITUDE": -91 }, "geometry": { "type": "Point", "coordinates": [ -91.092153126153377, 30.419274116288957 ] } },
{ "type": "Feature", "properties": { "ADDRESS_ID": 167595, "BUSINESS_ID": 30543, "BUSINESS_NAME": "IVARS SPORTS BAR AND GRILL", "FULL_ADDRESS": "2954 PERKINS RD", "CITY": "BATON ROUGE", "JURISDICTION": "EBRP", "STATE": "LOUISIANA", "COUNTRY": "UNITED STATES", "ZIP": 70808, "ADDRESS_AUTHORITY": "BATON ROUGE", "ABC": "YES", "BUSINESS_NAICS_CODE": 722000, "PHONE_NUMBER": null, "WEBSITE": null, "LATITUDE": 30, "LONGITUDE": -91 }, "geometry": { "type": "Point", "coordinates": [ -91.158504764244867, 30.424706833920354 ] } },
{ "type": "Feature", "properties": { "ADDRESS_ID": 167726, "BUSINESS_ID": 25317, "BUSINESS_NAME": "BIG BROTHERS MEAT MARKET", "FULL_ADDRESS": "6708 SCENIC HWY", "CITY": "BATON ROUGE", "JURISDICTION": "EBRP", "STATE": "LOUISIANA", "COUNTRY": "UNITED STATES", "ZIP": 70807, "ADDRESS_AUTHORITY": "BATON ROUGE", "ABC": "YES", "BUSINESS_NAICS_CODE": 445000, "PHONE_NUMBER": null, "WEBSITE": null, "LATITUDE": 31, "LONGITUDE": -91 }, "geometry": { "type": "Point", "coordinates": [ -91.173081683697689, 30.510972979933069 ] } },
{ "type": "Feature", "properties": { "ADDRESS_ID": 168179, "BUSINESS_ID": 23192, "BUSINESS_NAME": "NEIGHBORHOOD MINI PAK", "FULL_ADDRESS": "1710 75TH AVE", "CITY": "BATON ROUGE", "JURISDICTION": "EBRP", "STATE": "LOUISIANA", "COUNTRY": "UNITED STATES", "ZIP": 70807, "ADDRESS_AUTHORITY": "BATON ROUGE", "ABC": "YES", "BUSINESS_NAICS_CODE": 445000, "PHONE_NUMBER": null, "WEBSITE": null, "LATITUDE": 31, "LONGITUDE": -91 }, "geometry": { "type": "Point", "coordinates": [ -91.174863894014209, 30.516125764619574 ] } },
{ "type": "Feature", "properties": { "ADDRESS_ID": 168187, "BUSINESS_ID": 35908, "BUSINESS_NAME": "SMOKEYS #28", "FULL_ADDRESS": "10465 AIRLINE HWY", "CITY": "BATON ROUGE", "JURISDICTION": "EBRP", "STATE": "LOUISIANA", "COUNTRY": "UNITED STATES", "ZIP": 70816, "ADDRESS_AUTHORITY": "PARISH", "ABC": "YES", "BUSINESS_NAICS_CODE": 453000, "PHONE_NUMBER": null, "WEBSITE": null, "LATITUDE": 30, "LONGITUDE": -91 }, "geometry": { "type": "Point", "coordinates": [ -91.066846634412755, 30.413892849331035 ] } },
{ "type": "Feature", "properties": { "ADDRESS_ID": 169011, "BUSINESS_ID": 2569, "BUSINESS_NAME": "CVS PHARMACY", "FULL_ADDRESS": "9326 BURBANK DR", "CITY": "BATON ROUGE", "JURISDICTION": "EBRP", "STATE": "LOUISIANA", "COUNTRY": "UNITED STATES", "ZIP": 70820, "ADDRESS_AUTHORITY": "PARISH", "ABC": "YES", "BUSINESS_NAICS_CODE": 446110, "PHONE_NUMBER": null, "WEBSITE": "http://cvs.com/", "LATITUDE": 30, "LONGITUDE": -91 }, "geometry": { "type": "Point", "coordinates": [ -91.123912697859353, 30.359642577723804 ] } },
{ "type": "Feature", "properties": { "ADDRESS_ID": 169165, "BUSINESS_ID": 47411, "BUSINESS_NAME": "CURBSIDE BURGERS", "FULL_ADDRESS": "4158 GOVERNMENT ST", "CITY": "BATON ROUGE", "JURISDICTION": "EBRP", "STATE": "LOUISIANA", "COUNTRY": "UNITED STATES", "ZIP": 70806, "ADDRESS_AUTHORITY": "BATON ROUGE", "ABC": "YES", "BUSINESS_NAICS_CODE": 722000, "PHONE_NUMBER": null, "WEBSITE": null, "LATITUDE": 30, "LONGITUDE": -91 }, "geometry": { "type": "Point", "coordinates": [ -91.146757542455887, 30.444024175715352 ] } },
{ "type": "Feature", "properties": { "ADDRESS_ID": 170414, "BUSINESS_ID": 64209, "BUSINESS_NAME": "MURPHY EXPRESSS #8861", "FULL_ADDRESS": "12912 JEFFERSON HWY", "CITY": "BATON ROUGE", "JURISDICTION": "EBRP", "STATE": "LOUISIANA", "COUNTRY": "UNITED STATES", "ZIP": 70816, "ADDRESS_AUTHORITY": "PARISH", "ABC": "YES", "BUSINESS_NAICS_CODE": 447000, "PHONE_NUMBER": null, "WEBSITE": null, "LATITUDE": 30, "LONGITUDE": -91 }, "geometry": { "type": "Point", "coordinates": [ -91.038766787723176, 30.392884706967845 ] } },
{ "type": "Feature", "properties": { "ADDRESS_ID": 171829, "BUSINESS_ID": 65438, "BUSINESS_NAME": "RACETRAC #2526", "FULL_ADDRESS": "18313 HIGHLAND RD", "CITY": "BATON ROUGE", "JURISDICTION": "EBRP", "STATE": "LOUISIANA", "COUNTRY": "UNITED STATES", "ZIP": 70810, "ADDRESS_AUTHORITY": "PARISH", "ABC": "YES", "BUSINESS_NAICS_CODE": 447000, "PHONE_NUMBER": null, "WEBSITE": null, "LATITUDE": 30, "LONGITUDE": -91 }, "geometry": { "type": "Point", "coordinates": [ -91.026098244106095, 30.350939316818554 ] } },
{ "type": "Feature", "properties": { "ADDRESS_ID": 176955, "BUSINESS_ID": 45380, "BUSINESS_NAME": "YOUR MOMS RESTAURANT AND BAR", "FULL_ADDRESS": "7907 VALENCIA CT", "CITY": "BATON ROUGE", "JURISDICTION": "EBRP", "STATE": "LOUISIANA", "COUNTRY": "UNITED STATES", "ZIP": 70820, "ADDRESS_AUTHORITY": "PARISH", "ABC": "YES", "BUSINESS_NAICS_CODE": 722000, "PHONE_NUMBER": null, "WEBSITE": null, "LATITUDE": 30, "LONGITUDE": -91 }, "geometry": { "type": "Point", "coordinates": [ -91.135901051296742, 30.373963781346241 ] } },
{ "type": "Feature", "properties": { "ADDRESS_ID": 179550, "BUSINESS_ID": 62875, "BUSINESS_NAME": "GREENWOOD PARK TENNIS CENTER", "FULL_ADDRESS": "13350 SCOTLAND-ZACHARY HWY", "CITY": "BAKER", "JURISDICTION": "EBRP", "STATE": "LOUISIANA", "COUNTRY": "UNITED STATES", "ZIP": 70714, "ADDRESS_AUTHORITY": "PARISH", "ABC": "YES", "BUSINESS_NAICS_CODE": null, "PHONE_NUMBER": null, "WEBSITE": null, "LATITUDE": 31, "LONGITUDE": -91 }, "geometry": { "type": "Point", "coordinates": [ -91.165994711219099, 30.568846022070439 ] } },
{ "type": "Feature", "properties": { "ADDRESS_ID": 180814, "BUSINESS_ID": 29100, "BUSINESS_NAME": "FUZZYS TACO SHOP", "FULL_ADDRESS": "220 W LEE DR", "CITY": "BATON ROUGE", "JURISDICTION": "EBRP", "STATE": "LOUISIANA", "COUNTRY": "UNITED STATES", "ZIP": 70808, "ADDRESS_AUTHORITY": "BATON ROUGE", "ABC": "YES", "BUSINESS_NAICS_CODE": 722000, "PHONE_NUMBER": null, "WEBSITE": null, "LATITUDE": 30, "LONGITUDE": -91 }, "geometry": { "type": "Point", "coordinates": [ -91.161442339219107, 30.393236125031994 ] } },
{ "type": "Feature", "properties": { "ADDRESS_ID": 180914, "BUSINESS_ID": 27272, "BUSINESS_NAME": "CVS PHARMACY # 4761", "FULL_ADDRESS": "3200 HIGHLAND RD", "CITY": "BATON ROUGE", "JURISDICTION": "EBRP", "STATE": "LOUISIANA", "COUNTRY": "UNITED STATES", "ZIP": 70802, "ADDRESS_AUTHORITY": "BATON ROUGE", "ABC": "YES", "BUSINESS_NAICS_CODE": 446110, "PHONE_NUMBER": "225-388-9939", "WEBSITE": "http://cvs.com/", "LATITUDE": 30, "LONGITUDE": -91 }, "geometry": { "type": "Point", "coordinates": [ -91.177062882150594, 30.418950493411366 ] } },
{ "type": "Feature", "properties": { "ADDRESS_ID": 180971, "BUSINESS_ID": 36929, "BUSINESS_NAME": "THE COOK HOTEL AND CONFERENCE CENTER", "FULL_ADDRESS": "3848 W LAKESHORE DR", "CITY": "BATON ROUGE", "JURISDICTION": "EBRP", "STATE": "LOUISIANA", "COUNTRY": "UNITED STATES", "ZIP": 70808, "ADDRESS_AUTHORITY": "LSU", "ABC": "YES", "BUSINESS_NAICS_CODE": 721000, "PHONE_NUMBER": null, "WEBSITE": null, "LATITUDE": 30, "LONGITUDE": -91 }, "geometry": { "type": "Point", "coordinates": [ -91.1699458141143, 30.413464331309552 ] } },
{ "type": "Feature", "properties": { "ADDRESS_ID": 181074, "BUSINESS_ID": 25204, "BUSINESS_NAME": "BELLE OF BATON ROUGE CASINO BOAT", "FULL_ADDRESS": "620 S RIVER RD", "CITY": "BATON ROUGE", "JURISDICTION": "EBRP", "STATE": "LOUISIANA", "COUNTRY": "UNITED STATES", "ZIP": 70802, "ADDRESS_AUTHORITY": "BATON ROUGE", "ABC": "YES", "BUSINESS_NAICS_CODE": 713000, "PHONE_NUMBER": null, "WEBSITE": null, "LATITUDE": 30, "LONGITUDE": -91 }, "geometry": { "type": "Point", "coordinates": [ -91.190171783978997, 30.442472352297695 ] } },
{ "type": "Feature", "properties": { "ADDRESS_ID": 181253, "BUSINESS_ID": 34926, "BUSINESS_NAME": "RIC SEELING DANCE STUDIO", "FULL_ADDRESS": "10776 N HARRELL'S FERRY RD", "CITY": "BATON ROUGE", "JURISDICTION": "EBRP", "STATE": "LOUISIANA", "COUNTRY": "UNITED STATES", "ZIP": 70816, "ADDRESS_AUTHORITY": "BATON ROUGE", "ABC": "YES", "BUSINESS_NAICS_CODE": 611000, "PHONE_NUMBER": null, "WEBSITE": null, "LATITUDE": 30, "LONGITUDE": -91 }, "geometry": { "type": "Point", "coordinates": [ -91.065240000104708, 30.432901478742188 ] } },
{ "type": "Feature", "properties": { "ADDRESS_ID": 181430, "BUSINESS_ID": 38669, "BUSINESS_NAME": "STEVENSON QUICK PACK", "FULL_ADDRESS": "1213 FLONACHER RD", "CITY": "ZACHARY", "JURISDICTION": "EBRP", "STATE": "LOUISIANA", "COUNTRY": "UNITED STATES", "ZIP": 70791, "ADDRESS_AUTHORITY": "PARISH", "ABC": "YES", "BUSINESS_NAICS_CODE": 445000, "PHONE_NUMBER": null, "WEBSITE": null, "LATITUDE": 31, "LONGITUDE": -91 }, "geometry": { "type": "Point", "coordinates": [ -91.224600432651229, 30.66621218400509 ] } },
{ "type": "Feature", "properties": { "ADDRESS_ID": 181513, "BUSINESS_ID": 30330, "BUSINESS_NAME": "IN A FLASH", "FULL_ADDRESS": "4650 AIRLINE HWY", "CITY": "BATON ROUGE", "JURISDICTION": "EBRP", "STATE": "LOUISIANA", "COUNTRY": "UNITED STATES", "ZIP": 70805, "ADDRESS_AUTHORITY": "BATON ROUGE", "ABC": "YES", "BUSINESS_NAICS_CODE": 447000, "PHONE_NUMBER": null, "WEBSITE": null, "LATITUDE": 31, "LONGITUDE": -91 }, "geometry": { "type": "Point", "coordinates": [ -91.144027925972267, 30.508778434653834 ] } },
{ "type": "Feature", "properties": { "ADDRESS_ID": 182411, "BUSINESS_ID": 41380, "BUSINESS_NAME": "BISTRO BYRONZ", "FULL_ADDRESS": "8200 VILLAGE PLAZA CT", "CITY": "BATON ROUGE", "JURISDICTION": "EBRP", "STATE": "LOUISIANA", "COUNTRY": "UNITED STATES", "ZIP": 70810, "ADDRESS_AUTHORITY": "PARISH", "ABC": "YES", "BUSINESS_NAICS_CODE": 722000, "PHONE_NUMBER": null, "WEBSITE": null, "LATITUDE": 30, "LONGITUDE": -91 }, "geometry": { "type": "Point", "coordinates": [ -91.088547130465884, 30.373835125376694 ] } },
{ "type": "Feature", "properties": { "ADDRESS_ID": 185281, "BUSINESS_ID": 27011, "BUSINESS_NAME": "COST PLUS WORLD MARKET", "FULL_ADDRESS": "10565 S MALL DR", "CITY": "BATON ROUGE", "JURISDICTION": "EBRP", "STATE": "LOUISIANA", "COUNTRY": "UNITED STATES", "ZIP": 70809, "ADDRESS_AUTHORITY": "BATON ROUGE", "ABC": "YES", "BUSINESS_NAICS_CODE": 453000, "PHONE_NUMBER": null, "WEBSITE": null, "LATITUDE": 30, "LONGITUDE": -91 }, "geometry": { "type": "Point", "coordinates": [ -91.061134245214305, 30.37368691748998 ] } },
{ "type": "Feature", "properties": { "ADDRESS_ID": 186499, "BUSINESS_ID": 41495, "BUSINESS_NAME": "TACO CHOPS", "FULL_ADDRESS": "13214 STE A COURSEY BLVD", "CITY": "BATON ROUGE", "JURISDICTION": "EBRP", "STATE": "LOUISIANA", "COUNTRY": "UNITED STATES", "ZIP": 70817, "ADDRESS_AUTHORITY": "PARISH", "ABC": "YES", "BUSINESS_NAICS_CODE": 722000, "PHONE_NUMBER": null, "WEBSITE": null, "LATITUDE": 30, "LONGITUDE": -91 }, "geometry": { "type": "Point", "coordinates": [ -91.031652110406085, 30.408289954739011 ] } },
{ "type": "Feature", "properties": { "ADDRESS_ID": 186545, "BUSINESS_ID": 40017, "BUSINESS_NAME": "TRADER JOE'S  #754", "FULL_ADDRESS": "3535 STE 315 PERKINS RD", "CITY": "BATON ROUGE", "JURISDICTION": "EBRP", "STATE": "LOUISIANA", "COUNTRY": "UNITED STATES", "ZIP": 70808, "ADDRESS_AUTHORITY": "BATON ROUGE", "ABC": "YES", "BUSINESS_NAICS_CODE": 445110, "PHONE_NUMBER": null, "WEBSITE": null, "LATITUDE": 30, "LONGITUDE": -91 }, "geometry": { "type": "Point", "coordinates": [ -91.153713322569658, 30.422822500631945 ] } },
{ "type": "Feature", "properties": { "ADDRESS_ID": 186569, "BUSINESS_ID": 50659, "BUSINESS_NAME": "THE RUBY SUPPER CAFE", "FULL_ADDRESS": "3535 STE 375 PERKINS RD", "CITY": "BATON ROUGE", "JURISDICTION": "EBRP", "STATE": "LOUISIANA", "COUNTRY": "UNITED STATES", "ZIP": 70808, "ADDRESS_AUTHORITY": "BATON ROUGE", "ABC": "YES", "BUSINESS_NAICS_CODE": 722000, "PHONE_NUMBER": null, "WEBSITE": null, "LATITUDE": 30, "LONGITUDE": -91 }, "geometry": { "type": "Point", "coordinates": [ -91.152586261410804, 30.422437692822836 ] } },
{ "type": "Feature", "properties": { "ADDRESS_ID": 186941, "BUSINESS_ID": 50206, "BUSINESS_NAME": "DISTRICT DONUTS SLIDERS BREW", "FULL_ADDRESS": "7415 STE 900 CORPORATE BLVD", "CITY": "BATON ROUGE", "JURISDICTION": "EBRP", "STATE": "LOUISIANA", "COUNTRY": "UNITED STATES", "ZIP": 70806, "ADDRESS_AUTHORITY": "PARISH", "ABC": "YES", "BUSINESS_NAICS_CODE": 445000, "PHONE_NUMBER": null, "WEBSITE": null, "LATITUDE": 30, "LONGITUDE": -91 }, "geometry": { "type": "Point", "coordinates": [ -91.112532630107353, 30.431093062070921 ] } },
{ "type": "Feature", "properties": { "ADDRESS_ID": 187569, "BUSINESS_ID": 40415, "BUSINESS_NAME": "C AND H MART, LLC", "FULL_ADDRESS": "310 MAIN ST", "CITY": "BAKER", "JURISDICTION": "EBRP", "STATE": "LOUISIANA", "COUNTRY": "UNITED STATES", "ZIP": 70714, "ADDRESS_AUTHORITY": "BAKER", "ABC": "YES", "BUSINESS_NAICS_CODE": 447000, "PHONE_NUMBER": null, "WEBSITE": null, "LATITUDE": 31, "LONGITUDE": -91 }, "geometry": { "type": "Point", "coordinates": [ -91.169492213488027, 30.577996460828285 ] } },
{ "type": "Feature", "properties": { "ADDRESS_ID": 187580, "BUSINESS_ID": 41525, "BUSINESS_NAME": "SHOPPERS VALUE FOODS", "FULL_ADDRESS": "280 MAIN ST", "CITY": "BAKER", "JURISDICTION": "EBRP", "STATE": "LOUISIANA", "COUNTRY": "UNITED STATES", "ZIP": 70714, "ADDRESS_AUTHORITY": "BAKER", "ABC": "YES", "BUSINESS_NAICS_CODE": 453000, "PHONE_NUMBER": null, "WEBSITE": null, "LATITUDE": 31, "LONGITUDE": -91 }, "geometry": { "type": "Point", "coordinates": [ -91.168062256458001, 30.577605377650986 ] } },
{ "type": "Feature", "properties": { "ADDRESS_ID": 187595, "BUSINESS_ID": 40429, "BUSINESS_NAME": "BAKER TEXACO", "FULL_ADDRESS": "790 MAIN ST", "CITY": "BAKER", "JURISDICTION": "EBRP", "STATE": "LOUISIANA", "COUNTRY": "UNITED STATES", "ZIP": 70714, "ADDRESS_AUTHORITY": "BAKER", "ABC": "YES", "BUSINESS_NAICS_CODE": 447000, "PHONE_NUMBER": null, "WEBSITE": null, "LATITUDE": 31, "LONGITUDE": -91 }, "geometry": { "type": "Point", "coordinates": [ -91.168821196182918, 30.582291399388797 ] } },
{ "type": "Feature", "properties": { "ADDRESS_ID": 189122, "BUSINESS_ID": 40455, "BUSINESS_NAME": "WAL MART SUPERCENTER #1102", "FULL_ADDRESS": "3115 TRUMAN ST", "CITY": "BAKER", "JURISDICTION": "EBRP", "STATE": "LOUISIANA", "COUNTRY": "UNITED STATES", "ZIP": 70714, "ADDRESS_AUTHORITY": "BAKER", "ABC": "YES", "BUSINESS_NAICS_CODE": 453000, "PHONE_NUMBER": null, "WEBSITE": null, "LATITUDE": 31, "LONGITUDE": -91 }, "geometry": { "type": "Point", "coordinates": [ -91.167799794342457, 30.586143267978716 ] } },
{ "type": "Feature", "properties": { "ADDRESS_ID": 189273, "BUSINESS_ID": 41829, "BUSINESS_NAME": "CVS PHARMACY #5321", "FULL_ADDRESS": "1214 MAIN ST", "CITY": "BAKER", "JURISDICTION": "EBRP", "STATE": "LOUISIANA", "COUNTRY": "UNITED STATES", "ZIP": 70714, "ADDRESS_AUTHORITY": "BAKER", "ABC": "YES", "BUSINESS_NAICS_CODE": 446110, "PHONE_NUMBER": "225-778-1843", "WEBSITE": "http://cvs.com/", "LATITUDE": 31, "LONGITUDE": -91 }, "geometry": { "type": "Point", "coordinates": [ -91.167519540013458, 30.588783500744807 ] } },
{ "type": "Feature", "properties": { "ADDRESS_ID": 189285, "BUSINESS_ID": 41826, "BUSINESS_NAME": "BAKER BLVD GROCERY", "FULL_ADDRESS": "3308 BAKER BLVD", "CITY": "BAKER", "JURISDICTION": "EBRP", "STATE": "LOUISIANA", "COUNTRY": "UNITED STATES", "ZIP": 70714, "ADDRESS_AUTHORITY": "BAKER", "ABC": "YES", "BUSINESS_NAICS_CODE": 445000, "PHONE_NUMBER": null, "WEBSITE": null, "LATITUDE": 31, "LONGITUDE": -91 }, "geometry": { "type": "Point", "coordinates": [ -91.162315963793588, 30.593754293699615 ] } },
{ "type": "Feature", "properties": { "ADDRESS_ID": 190255, "BUSINESS_ID": 13748, "BUSINESS_NAME": "ALDENS SCHOOL OF COSMETOLOGY", "FULL_ADDRESS": "2020 MAIN ST", "CITY": "BAKER", "JURISDICTION": "EBRP", "STATE": "LOUISIANA", "COUNTRY": "UNITED STATES", "ZIP": 70714, "ADDRESS_AUTHORITY": "BAKER", "ABC": "YES", "BUSINESS_NAICS_CODE": 611511, "PHONE_NUMBER": null, "WEBSITE": null, "LATITUDE": 31, "LONGITUDE": -91 }, "geometry": { "type": "Point", "coordinates": [ -91.165127558939744, 30.594800092468905 ] } },
{ "type": "Feature", "properties": { "ADDRESS_ID": 190256, "BUSINESS_ID": 13748, "BUSINESS_NAME": "ALDENS SCHOOL OF COSMETOLOGY", "FULL_ADDRESS": "2024 MAIN ST", "CITY": "BAKER", "JURISDICTION": "EBRP", "STATE": "LOUISIANA", "COUNTRY": "UNITED STATES", "ZIP": 70714, "ADDRESS_AUTHORITY": "BAKER", "ABC": "YES", "BUSINESS_NAICS_CODE": 611511, "PHONE_NUMBER": null, "WEBSITE": null, "LATITUDE": 31, "LONGITUDE": -91 }, "geometry": { "type": "Point", "coordinates": [ -91.165104097083443, 30.594907469222481 ] } },
{ "type": "Feature", "properties": { "ADDRESS_ID": 191059, "BUSINESS_ID": 41827, "BUSINESS_NAME": "BROTHERS FOOD MART #138", "FULL_ADDRESS": "4940 GROOM RD", "CITY": "BAKER", "JURISDICTION": "EBRP", "STATE": "LOUISIANA", "COUNTRY": "UNITED STATES", "ZIP": 70714, "ADDRESS_AUTHORITY": "BAKER", "ABC": "YES", "BUSINESS_NAICS_CODE": 445000, "PHONE_NUMBER": null, "WEBSITE": null, "LATITUDE": 31, "LONGITUDE": -91 }, "geometry": { "type": "Point", "coordinates": [ -91.146961049624764, 30.586482620698082 ] } },
{ "type": "Feature", "properties": { "ADDRESS_ID": 191222, "BUSINESS_ID": 34603, "BUSINESS_NAME": "RAGUSA'S MEAT MARKET", "FULL_ADDRESS": "5240 GROOM RD", "CITY": "BAKER", "JURISDICTION": "EBRP", "STATE": "LOUISIANA", "COUNTRY": "UNITED STATES", "ZIP": 70714, "ADDRESS_AUTHORITY": "BAKER", "ABC": "YES", "BUSINESS_NAICS_CODE": 445000, "PHONE_NUMBER": null, "WEBSITE": null, "LATITUDE": 31, "LONGITUDE": -91 }, "geometry": { "type": "Point", "coordinates": [ -91.142766459405991, 30.586334603002214 ] } },
{ "type": "Feature", "properties": { "ADDRESS_ID": 191397, "BUSINESS_ID": 49563, "BUSINESS_NAME": "WALMART SUPERCENTER #1102", "FULL_ADDRESS": "14507 PLANK RD", "CITY": "BAKER", "JURISDICTION": "EBRP", "STATE": "LOUISIANA", "COUNTRY": "UNITED STATES", "ZIP": 70714, "ADDRESS_AUTHORITY": "BAKER", "ABC": "YES", "BUSINESS_NAICS_CODE": 453000, "PHONE_NUMBER": null, "WEBSITE": null, "LATITUDE": 31, "LONGITUDE": -91 }, "geometry": { "type": "Point", "coordinates": [ -91.130984539052619, 30.580075222315255 ] } },
{ "type": "Feature", "properties": { "ADDRESS_ID": 191455, "BUSINESS_ID": 2569, "BUSINESS_NAME": "CVS PHARMACY", "FULL_ADDRESS": "6404 STE A GROOM RD", "CITY": "BAKER", "JURISDICTION": "EBRP", "STATE": "LOUISIANA", "COUNTRY": "UNITED STATES", "ZIP": 70714, "ADDRESS_AUTHORITY": "BAKER", "ABC": "YES", "BUSINESS_NAICS_CODE": 446110, "PHONE_NUMBER": null, "WEBSITE": "http://cvs.com/", "LATITUDE": 31, "LONGITUDE": -91 }, "geometry": { "type": "Point", "coordinates": [ -91.130801659719012, 30.581517902281416 ] } },
{ "type": "Feature", "properties": { "ADDRESS_ID": 191550, "BUSINESS_ID": 41828, "BUSINESS_NAME": "CIRCLE K STORE #2707647", "FULL_ADDRESS": "14689 PLANK RD", "CITY": "BAKER", "JURISDICTION": "EBRP", "STATE": "LOUISIANA", "COUNTRY": "UNITED STATES", "ZIP": 70714, "ADDRESS_AUTHORITY": "BAKER", "ABC": "YES", "BUSINESS_NAICS_CODE": 447000, "PHONE_NUMBER": null, "WEBSITE": null, "LATITUDE": 31, "LONGITUDE": -91 }, "geometry": { "type": "Point", "coordinates": [ -91.127332216543124, 30.580078725735866 ] } },
{ "type": "Feature", "properties": { "ADDRESS_ID": 191566, "BUSINESS_ID": 13748, "BUSINESS_NAME": "ALDENS SCHOOL OF COSMETOLOGY", "FULL_ADDRESS": "14860 PLANK RD", "CITY": "BAKER", "JURISDICTION": "EBRP", "STATE": "LOUISIANA", "COUNTRY": "UNITED STATES", "ZIP": 70714, "ADDRESS_AUTHORITY": "BAKER", "ABC": "YES", "BUSINESS_NAICS_CODE": 611511, "PHONE_NUMBER": null, "WEBSITE": null, "LATITUDE": 31, "LONGITUDE": -91 }, "geometry": { "type": "Point", "coordinates": [ -91.125649901233643, 30.582168307340773 ] } },
{ "type": "Feature", "properties": { "ADDRESS_ID": 191572, "BUSINESS_ID": 13748, "BUSINESS_NAME": "ALDENS SCHOOL OF COSMETOLOGY", "FULL_ADDRESS": "14979 PLANK RD", "CITY": "BAKER", "JURISDICTION": "EBRP", "STATE": "LOUISIANA", "COUNTRY": "UNITED STATES", "ZIP": 70714, "ADDRESS_AUTHORITY": "BAKER", "ABC": "YES", "BUSINESS_NAICS_CODE": 611511, "PHONE_NUMBER": null, "WEBSITE": null, "LATITUDE": 31, "LONGITUDE": -91 }, "geometry": { "type": "Point", "coordinates": [ -91.126267429860789, 30.583370695858406 ] } },
{ "type": "Feature", "properties": { "ADDRESS_ID": 192127, "BUSINESS_ID": 47172, "BUSINESS_NAME": "CVS PHARMACY #1924", "FULL_ADDRESS": "20501 OLD SCENIC HWY", "CITY": "ZACHARY", "JURISDICTION": "EBRP", "STATE": "LOUISIANA", "COUNTRY": "UNITED STATES", "ZIP": 70791, "ADDRESS_AUTHORITY": "ZACHARY", "ABC": "YES", "BUSINESS_NAICS_CODE": 446000, "PHONE_NUMBER": null, "WEBSITE": null, "LATITUDE": 31, "LONGITUDE": -91 }, "geometry": { "type": "Point", "coordinates": [ -91.193944047548712, 30.654320067963127 ] } },
{ "type": "Feature", "properties": { "ADDRESS_ID": 192186, "BUSINESS_ID": 64294, "BUSINESS_NAME": "JETTS FOOD MART #8", "FULL_ADDRESS": "20670 OLD SCENIC HWY", "CITY": "ZACHARY", "JURISDICTION": "EBRP", "STATE": "LOUISIANA", "COUNTRY": "UNITED STATES", "ZIP": 70791, "ADDRESS_AUTHORITY": "ZACHARY", "ABC": "YES", "BUSINESS_NAICS_CODE": 447000, "PHONE_NUMBER": null, "WEBSITE": null, "LATITUDE": 31, "LONGITUDE": -91 }, "geometry": { "type": "Point", "coordinates": [ -91.192702619311888, 30.655998604341182 ] } },
{ "type": "Feature", "properties": { "ADDRESS_ID": 194753, "BUSINESS_ID": 47478, "BUSINESS_NAME": "ROUSES MARKET #60", "FULL_ADDRESS": "2300 CHURCH ST", "CITY": "ZACHARY", "JURISDICTION": "EBRP", "STATE": "LOUISIANA", "COUNTRY": "UNITED STATES", "ZIP": 70791, "ADDRESS_AUTHORITY": "ZACHARY", "ABC": "YES", "BUSINESS_NAICS_CODE": 445000, "PHONE_NUMBER": null, "WEBSITE": null, "LATITUDE": 31, "LONGITUDE": -91 }, "geometry": { "type": "Point", "coordinates": [ -91.180916160581674, 30.651385010165271 ] } },
{ "type": "Feature", "properties": { "ADDRESS_ID": 195308, "BUSINESS_ID": 47111, "BUSINESS_NAME": "JETT'S FOOD MART #7", "FULL_ADDRESS": "4760 OLD SCENIC HWY", "CITY": "ZACHARY", "JURISDICTION": "EBRP", "STATE": "LOUISIANA", "COUNTRY": "UNITED STATES", "ZIP": 70791, "ADDRESS_AUTHORITY": "ZACHARY", "ABC": "YES", "BUSINESS_NAICS_CODE": 453000, "PHONE_NUMBER": null, "WEBSITE": null, "LATITUDE": 31, "LONGITUDE": -91 }, "geometry": { "type": "Point", "coordinates": [ -91.192553104855392, 30.655259458666531 ] } },
{ "type": "Feature", "properties": { "ADDRESS_ID": 195665, "BUSINESS_ID": 47112, "BUSINESS_NAME": "JETT'S FOOD MART #2", "FULL_ADDRESS": "1080 CHURCH ST", "CITY": "ZACHARY", "JURISDICTION": "EBRP", "STATE": "LOUISIANA", "COUNTRY": "UNITED STATES", "ZIP": 70791, "ADDRESS_AUTHORITY": "ZACHARY", "ABC": "YES", "BUSINESS_NAICS_CODE": 447000, "PHONE_NUMBER": null, "WEBSITE": null, "LATITUDE": 31, "LONGITUDE": -91 }, "geometry": { "type": "Point", "coordinates": [ -91.192700760701186, 30.654129127617878 ] } },
{ "type": "Feature", "properties": { "ADDRESS_ID": 196211, "BUSINESS_ID": 47134, "BUSINESS_NAME": "GATE CITY FOOD MART", "FULL_ADDRESS": "3840 HIGHWAY 19", "CITY": "ZACHARY", "JURISDICTION": "EBRP", "STATE": "LOUISIANA", "COUNTRY": "UNITED STATES", "ZIP": 70791, "ADDRESS_AUTHORITY": "ZACHARY", "ABC": "YES", "BUSINESS_NAICS_CODE": 445000, "PHONE_NUMBER": null, "WEBSITE": null, "LATITUDE": 31, "LONGITUDE": -91 }, "geometry": { "type": "Point", "coordinates": [ -91.153053838116008, 30.64135768881118 ] } },
{ "type": "Feature", "properties": { "ADDRESS_ID": 196356, "BUSINESS_ID": 46965, "BUSINESS_NAME": "WALGREENS #11498", "FULL_ADDRESS": "5061 MAIN ST", "CITY": "ZACHARY", "JURISDICTION": "EBRP", "STATE": "LOUISIANA", "COUNTRY": "UNITED STATES", "ZIP": 70791, "ADDRESS_AUTHORITY": "ZACHARY", "ABC": "YES", "BUSINESS_NAICS_CODE": 453000, "PHONE_NUMBER": null, "WEBSITE": null, "LATITUDE": 31, "LONGITUDE": -91 }, "geometry": { "type": "Point", "coordinates": [ -91.150910930900068, 30.648717493650633 ] } },
{ "type": "Feature", "properties": { "ADDRESS_ID": 196543, "BUSINESS_ID": 47190, "BUSINESS_NAME": "CHILI'S BAR AND GRILL #1059", "FULL_ADDRESS": "5520 MAIN ST", "CITY": "ZACHARY", "JURISDICTION": "EBRP", "STATE": "LOUISIANA", "COUNTRY": "UNITED STATES", "ZIP": 70791, "ADDRESS_AUTHORITY": "ZACHARY", "ABC": "YES", "BUSINESS_NAICS_CODE": 722000, "PHONE_NUMBER": null, "WEBSITE": null, "LATITUDE": 31, "LONGITUDE": -91 }, "geometry": { "type": "Point", "coordinates": [ -91.146124716071199, 30.646894549865927 ] } },
{ "type": "Feature", "properties": { "ADDRESS_ID": 196569, "BUSINESS_ID": 47186, "BUSINESS_NAME": "CIRCLE K STORE #2707679", "FULL_ADDRESS": "4444 HIGHWAY 19", "CITY": "ZACHARY", "JURISDICTION": "EBRP", "STATE": "LOUISIANA", "COUNTRY": "UNITED STATES", "ZIP": 70791, "ADDRESS_AUTHORITY": "ZACHARY", "ABC": "YES", "BUSINESS_NAICS_CODE": 447000, "PHONE_NUMBER": null, "WEBSITE": null, "LATITUDE": 31, "LONGITUDE": -91 }, "geometry": { "type": "Point", "coordinates": [ -91.14997129577813, 30.647394220281853 ] } },
{ "type": "Feature", "properties": { "ADDRESS_ID": 197266, "BUSINESS_ID": 47074, "BUSINESS_NAME": "MURPHY EXPRESS #8582", "FULL_ADDRESS": "5523 MAIN ST", "CITY": "ZACHARY", "JURISDICTION": "EBRP", "STATE": "LOUISIANA", "COUNTRY": "UNITED STATES", "ZIP": 70791, "ADDRESS_AUTHORITY": "ZACHARY", "ABC": "YES", "BUSINESS_NAICS_CODE": 447000, "PHONE_NUMBER": null, "WEBSITE": null, "LATITUDE": 31, "LONGITUDE": -91 }, "geometry": { "type": "Point", "coordinates": [ -91.146349570357614, 30.647813292429628 ] } },
{ "type": "Feature", "properties": { "ADDRESS_ID": 197536, "BUSINESS_ID": 47220, "BUSINESS_NAME": "BAYOU BLUE GROCERY", "FULL_ADDRESS": "5252 ZACHARY-SLAUGHTER HWY", "CITY": "ZACHARY", "JURISDICTION": "EBRP", "STATE": "LOUISIANA", "COUNTRY": "UNITED STATES", "ZIP": 70791, "ADDRESS_AUTHORITY": "ZACHARY", "ABC": "YES", "BUSINESS_NAICS_CODE": 445000, "PHONE_NUMBER": null, "WEBSITE": null, "LATITUDE": 31, "LONGITUDE": -91 }, "geometry": { "type": "Point", "coordinates": [ -91.149250857115021, 30.654126390612515 ] } },
{ "type": "Feature", "properties": { "ADDRESS_ID": 197668, "BUSINESS_ID": 47103, "BUSINESS_NAME": "LAGNIAPPE ZACHARY", "FULL_ADDRESS": "5755 MAIN ST", "CITY": "ZACHARY", "JURISDICTION": "EBRP", "STATE": "LOUISIANA", "COUNTRY": "UNITED STATES", "ZIP": 70791, "ADDRESS_AUTHORITY": "ZACHARY", "ABC": "YES", "BUSINESS_NAICS_CODE": 722000, "PHONE_NUMBER": null, "WEBSITE": null, "LATITUDE": 31, "LONGITUDE": -91 }, "geometry": { "type": "Point", "coordinates": [ -91.143183271056472, 30.64918090467517 ] } },
{ "type": "Feature", "properties": { "ADDRESS_ID": 197768, "BUSINESS_ID": 8883, "BUSINESS_NAME": "WINN-DIXIE #1581", "FULL_ADDRESS": "5005 CHURCH ST", "CITY": "ZACHARY", "JURISDICTION": "EBRP", "STATE": "LOUISIANA", "COUNTRY": "UNITED STATES", "ZIP": 70791, "ADDRESS_AUTHORITY": "ZACHARY", "ABC": "YES", "BUSINESS_NAICS_CODE": 445000, "PHONE_NUMBER": null, "WEBSITE": "https://winndixie.com", "LATITUDE": 31, "LONGITUDE": -91 }, "geometry": { "type": "Point", "coordinates": [ -91.15101873496566, 30.650475152520499 ] } },
{ "type": "Feature", "properties": { "ADDRESS_ID": 197890, "BUSINESS_ID": 64260, "BUSINESS_NAME": "JARREAU'S CAJUN SPECIALTIES", "FULL_ADDRESS": "4696 ZACHARY-SLAUGHTER HWY", "CITY": "ZACHARY", "JURISDICTION": "EBRP", "STATE": "LOUISIANA", "COUNTRY": "UNITED STATES", "ZIP": 70791, "ADDRESS_AUTHORITY": "ZACHARY", "ABC": "YES", "BUSINESS_NAICS_CODE": 722000, "PHONE_NUMBER": null, "WEBSITE": null, "LATITUDE": 31, "LONGITUDE": -91 }, "geometry": { "type": "Point", "coordinates": [ -91.149834280988784, 30.649045947801827 ] } },
{ "type": "Feature", "properties": { "ADDRESS_ID": 198184, "BUSINESS_ID": 47173, "BUSINESS_NAME": "CROSSROAD GROCERY", "FULL_ADDRESS": "20190 STE A PLANK RD", "CITY": "ZACHARY", "JURISDICTION": "EBRP", "STATE": "LOUISIANA", "COUNTRY": "UNITED STATES", "ZIP": 70791, "ADDRESS_AUTHORITY": "ZACHARY", "ABC": "YES", "BUSINESS_NAICS_CODE": 445000, "PHONE_NUMBER": null, "WEBSITE": null, "LATITUDE": 31, "LONGITUDE": -91 }, "geometry": { "type": "Point", "coordinates": [ -91.104832837537202, 30.648194094730808 ] } },
{ "type": "Feature", "properties": { "ADDRESS_ID": 198561, "BUSINESS_ID": 46860, "BUSINESS_NAME": "ASIAN PEARL RESTAURANT", "FULL_ADDRESS": "4641 MAIN ST", "CITY": "ZACHARY", "JURISDICTION": "EBRP", "STATE": "LOUISIANA", "COUNTRY": "UNITED STATES", "ZIP": 70791, "ADDRESS_AUTHORITY": "ZACHARY", "ABC": "YES", "BUSINESS_NAICS_CODE": 722000, "PHONE_NUMBER": null, "WEBSITE": null, "LATITUDE": 31, "LONGITUDE": -91 }, "geometry": { "type": "Point", "coordinates": [ -91.155091025108163, 30.648478951856401 ] } },
{ "type": "Feature", "properties": { "ADDRESS_ID": 198715, "BUSINESS_ID": 46964, "BUSINESS_NAME": "WALMART SUPERCENTER #428", "FULL_ADDRESS": "5801 MAIN ST", "CITY": "ZACHARY", "JURISDICTION": "EBRP", "STATE": "LOUISIANA", "COUNTRY": "UNITED STATES", "ZIP": 70791, "ADDRESS_AUTHORITY": "ZACHARY", "ABC": "YES", "BUSINESS_NAICS_CODE": 453000, "PHONE_NUMBER": null, "WEBSITE": null, "LATITUDE": 31, "LONGITUDE": -91 }, "geometry": { "type": "Point", "coordinates": [ -91.142257068896882, 30.650443225723848 ] } },
{ "type": "Feature", "properties": { "ADDRESS_ID": 198912, "BUSINESS_ID": 47113, "BUSINESS_NAME": "JETT'S CHEVRON", "FULL_ADDRESS": "9645 MAIN ST", "CITY": "ZACHARY", "JURISDICTION": "EBRP", "STATE": "LOUISIANA", "COUNTRY": "UNITED STATES", "ZIP": 70791, "ADDRESS_AUTHORITY": "ZACHARY", "ABC": "YES", "BUSINESS_NAICS_CODE": 447000, "PHONE_NUMBER": null, "WEBSITE": null, "LATITUDE": 31, "LONGITUDE": -91 }, "geometry": { "type": "Point", "coordinates": [ -91.105703536565301, 30.649559444848244 ] } },
{ "type": "Feature", "properties": { "ADDRESS_ID": 198914, "BUSINESS_ID": 47020, "BUSINESS_NAME": "SIDELINES", "FULL_ADDRESS": "20116 PLANK RD", "CITY": "ZACHARY", "JURISDICTION": "EBRP", "STATE": "LOUISIANA", "COUNTRY": "UNITED STATES", "ZIP": 70791, "ADDRESS_AUTHORITY": "ZACHARY", "ABC": "YES", "BUSINESS_NAICS_CODE": 722000, "PHONE_NUMBER": null, "WEBSITE": null, "LATITUDE": 31, "LONGITUDE": -91 }, "geometry": { "type": "Point", "coordinates": [ -91.104538927414552, 30.649366997433049 ] } },
{ "type": "Feature", "properties": { "ADDRESS_ID": 201950, "BUSINESS_ID": 41432, "BUSINESS_NAME": "SHELL", "FULL_ADDRESS": "13925 JOOR RD", "CITY": "ZACHARY", "JURISDICTION": "EBRP", "STATE": "LOUISIANA", "COUNTRY": "UNITED STATES", "ZIP": 70791, "ADDRESS_AUTHORITY": "CENTRAL", "ABC": "YES", "BUSINESS_NAICS_CODE": 447000, "PHONE_NUMBER": null, "WEBSITE": null, "LATITUDE": 31, "LONGITUDE": -91 }, "geometry": { "type": "Point", "coordinates": [ -91.048058611259961, 30.576420610160724 ] } },
{ "type": "Feature", "properties": { "ADDRESS_ID": 201953, "BUSINESS_ID": 46198, "BUSINESS_NAME": "THE HAIR ZONE", "FULL_ADDRESS": "13921 JOOR RD", "CITY": "ZACHARY", "JURISDICTION": "EBRP", "STATE": "LOUISIANA", "COUNTRY": "UNITED STATES", "ZIP": 70791, "ADDRESS_AUTHORITY": "CENTRAL", "ABC": "YES", "BUSINESS_NAICS_CODE": 812000, "PHONE_NUMBER": null, "WEBSITE": null, "LATITUDE": 31, "LONGITUDE": -91 }, "geometry": { "type": "Point", "coordinates": [ -91.048106952830565, 30.576579045762923 ] } },
{ "type": "Feature", "properties": { "ADDRESS_ID": 202018, "BUSINESS_ID": 49178, "BUSINESS_NAME": "ROMEROS FOOD MART #3", "FULL_ADDRESS": "14447 DENHAM RD", "CITY": "PRIDE", "JURISDICTION": "EBRP", "STATE": "LOUISIANA", "COUNTRY": "UNITED STATES", "ZIP": 70770, "ADDRESS_AUTHORITY": "CENTRAL", "ABC": "YES", "BUSINESS_NAICS_CODE": 445000, "PHONE_NUMBER": null, "WEBSITE": null, "LATITUDE": 31, "LONGITUDE": -91 }, "geometry": { "type": "Point", "coordinates": [ -91.025646024375376, 30.587957418917732 ] } },
{ "type": "Feature", "properties": { "ADDRESS_ID": 202042, "BUSINESS_ID": 48583, "BUSINESS_NAME": "INDIAN MOUND GROCERY AND DELI", "FULL_ADDRESS": "16935 LIBERTY RD", "CITY": "GREENWELL SPRINGS", "JURISDICTION": "EBRP", "STATE": "LOUISIANA", "COUNTRY": "UNITED STATES", "ZIP": 70739, "ADDRESS_AUTHORITY": "CENTRAL", "ABC": "YES", "BUSINESS_NAICS_CODE": 445000, "PHONE_NUMBER": null, "WEBSITE": null, "LATITUDE": 31, "LONGITUDE": -91 }, "geometry": { "type": "Point", "coordinates": [ -90.996676500916095, 30.603947206487081 ] } },
{ "type": "Feature", "properties": { "ADDRESS_ID": 202257, "BUSINESS_ID": 46174, "BUSINESS_NAME": "OAK POINT FRESH MARKET CENTRAL", "FULL_ADDRESS": "14485 GREENWELL SPRINGS RD", "CITY": "GREENWELL SPRINGS", "JURISDICTION": "EBRP", "STATE": "LOUISIANA", "COUNTRY": "UNITED STATES", "ZIP": 70739, "ADDRESS_AUTHORITY": "CENTRAL", "ABC": "YES", "BUSINESS_NAICS_CODE": 445000, "PHONE_NUMBER": null, "WEBSITE": null, "LATITUDE": 31, "LONGITUDE": -91 }, "geometry": { "type": "Point", "coordinates": [ -91.028208260945362, 30.514395445538316 ] } },
{ "type": "Feature", "properties": { "ADDRESS_ID": 202352, "BUSINESS_ID": 8883, "BUSINESS_NAME": "WINN-DIXIE #1581", "FULL_ADDRESS": "10974 JOOR RD", "CITY": "CENTRAL", "JURISDICTION": "EBRP", "STATE": "LOUISIANA", "COUNTRY": "UNITED STATES", "ZIP": 70818, "ADDRESS_AUTHORITY": "CENTRAL", "ABC": "YES", "BUSINESS_NAICS_CODE": 445000, "PHONE_NUMBER": null, "WEBSITE": "https://winndixie.com", "LATITUDE": 31, "LONGITUDE": -91 }, "geometry": { "type": "Point", "coordinates": [ -91.051781745604117, 30.546745175763387 ] } },
{ "type": "Feature", "properties": { "ADDRESS_ID": 202675, "BUSINESS_ID": 59781, "BUSINESS_NAME": "CIRCLE K STORES #2706807", "FULL_ADDRESS": "9530 HOOPER RD", "CITY": "CENTRAL", "JURISDICTION": "EBRP", "STATE": "LOUISIANA", "COUNTRY": "UNITED STATES", "ZIP": 70818, "ADDRESS_AUTHORITY": "CENTRAL", "ABC": "YES", "BUSINESS_NAICS_CODE": 447000, "PHONE_NUMBER": null, "WEBSITE": null, "LATITUDE": 31, "LONGITUDE": -91 }, "geometry": { "type": "Point", "coordinates": [ -91.082900480598241, 30.534468704506033 ] } },
{ "type": "Feature", "properties": { "ADDRESS_ID": 202682, "BUSINESS_ID": 59897, "BUSINESS_NAME": "CIRCLE K STORE #2706799", "FULL_ADDRESS": "18696 MAGNOLIA BRIDGE RD", "CITY": "GREENWELL SPRINGS", "JURISDICTION": "EBRP", "STATE": "LOUISIANA", "COUNTRY": "UNITED STATES", "ZIP": 70739, "ADDRESS_AUTHORITY": "CENTRAL", "ABC": "YES", "BUSINESS_NAICS_CODE": 447000, "PHONE_NUMBER": null, "WEBSITE": null, "LATITUDE": 31, "LONGITUDE": -91 }, "geometry": { "type": "Point", "coordinates": [ -90.98820578733438, 30.533915723382183 ] } },
{ "type": "Feature", "properties": { "ADDRESS_ID": 203036, "BUSINESS_ID": 41958, "BUSINESS_NAME": "WAL-MART SUPERCENTER", "FULL_ADDRESS": "10200 SULLIVAN RD", "CITY": "CENTRAL", "JURISDICTION": "EBRP", "STATE": "LOUISIANA", "COUNTRY": "UNITED STATES", "ZIP": 70818, "ADDRESS_AUTHORITY": "CENTRAL", "ABC": "YES", "BUSINESS_NAICS_CODE": 453000, "PHONE_NUMBER": null, "WEBSITE": null, "LATITUDE": 31, "LONGITUDE": -91 }, "geometry": { "type": "Point", "coordinates": [ -91.026084021326326, 30.541676287721913 ] } },
{ "type": "Feature", "properties": { "ADDRESS_ID": 203041, "BUSINESS_ID": 33086, "BUSINESS_NAME": "MURPHY USA 7716", "FULL_ADDRESS": "10250 SULLIVAN RD", "CITY": "CENTRAL", "JURISDICTION": "EBRP", "STATE": "LOUISIANA", "COUNTRY": "UNITED STATES", "ZIP": 70818, "ADDRESS_AUTHORITY": "CENTRAL", "ABC": "YES", "BUSINESS_NAICS_CODE": 447000, "PHONE_NUMBER": null, "WEBSITE": null, "LATITUDE": 31, "LONGITUDE": -91 }, "geometry": { "type": "Point", "coordinates": [ -91.027811972213343, 30.541937844456168 ] } },
{ "type": "Feature", "properties": { "ADDRESS_ID": 203718, "BUSINESS_ID": 46488, "BUSINESS_NAME": "WAL MART #7233 FUEL", "FULL_ADDRESS": "11825 HOOPER RD", "CITY": "CENTRAL", "JURISDICTION": "EBRP", "STATE": "LOUISIANA", "COUNTRY": "UNITED STATES", "ZIP": 70818, "ADDRESS_AUTHORITY": "CENTRAL", "ABC": "YES", "BUSINESS_NAICS_CODE": 447000, "PHONE_NUMBER": null, "WEBSITE": null, "LATITUDE": 31, "LONGITUDE": -91 }, "geometry": { "type": "Point", "coordinates": [ -91.056146884804022, 30.547941928688829 ] } },
{ "type": "Feature", "properties": { "ADDRESS_ID": 207952, "BUSINESS_ID": 48961, "BUSINESS_NAME": "MURPHY EXPRESS #8760", "FULL_ADDRESS": "14744 GREENWELL SPRINGS RD", "CITY": "GREENWELL SPRINGS", "JURISDICTION": "EBRP", "STATE": "LOUISIANA", "COUNTRY": "UNITED STATES", "ZIP": 70739, "ADDRESS_AUTHORITY": "CENTRAL", "ABC": "YES", "BUSINESS_NAICS_CODE": 447000, "PHONE_NUMBER": null, "WEBSITE": null, "LATITUDE": 31, "LONGITUDE": -91 }, "geometry": { "type": "Point", "coordinates": [ -91.025562714509064, 30.514654256774097 ] } },
{ "type": "Feature", "properties": { "ADDRESS_ID": 208615, "BUSINESS_ID": 62986, "BUSINESS_NAME": "STABS STEAK & SEAFOOD", "FULL_ADDRESS": "13300-13400 MAGNOLIA SQUARE DR", "CITY": "CENTRAL", "JURISDICTION": "EBRP", "STATE": "LOUISIANA", "COUNTRY": "UNITED STATES", "ZIP": 70818, "ADDRESS_AUTHORITY": "CENTRAL", "ABC": "YES", "BUSINESS_NAICS_CODE": null, "PHONE_NUMBER": null, "WEBSITE": null, "LATITUDE": 31, "LONGITUDE": -91 }, "geometry": { "type": "Point", "coordinates": [ -91.039470153235072, 30.520730313474886 ] } },
{ "type": "Feature", "properties": { "ADDRESS_ID": 208678, "BUSINESS_ID": 46236, "BUSINESS_NAME": "CAFE PHONECIA", "FULL_ADDRESS": "14319 WAX RD", "CITY": "CENTRAL", "JURISDICTION": "EBRP", "STATE": "LOUISIANA", "COUNTRY": "UNITED STATES", "ZIP": 70818, "ADDRESS_AUTHORITY": "CENTRAL", "ABC": "YES", "BUSINESS_NAICS_CODE": 722000, "PHONE_NUMBER": null, "WEBSITE": null, "LATITUDE": 31, "LONGITUDE": -91 }, "geometry": { "type": "Point", "coordinates": [ -91.030629069807404, 30.543819729463685 ] } },
{ "type": "Feature", "properties": { "ADDRESS_ID": 209547, "BUSINESS_ID": 48352, "BUSINESS_NAME": "ELEGANT MEMORIES LLC", "FULL_ADDRESS": "14328 FRENCHTOWN RD", "CITY": "GREENWELL SPRINGS", "JURISDICTION": "EBRP", "STATE": "LOUISIANA", "COUNTRY": "UNITED STATES", "ZIP": 70739, "ADDRESS_AUTHORITY": "CENTRAL", "ABC": "YES", "BUSINESS_NAICS_CODE": 815000, "PHONE_NUMBER": null, "WEBSITE": null, "LATITUDE": 31, "LONGITUDE": -91 }, "geometry": { "type": "Point", "coordinates": [ -91.028512034994193, 30.506451698184776 ] } },
{ "type": "Feature", "properties": { "ADDRESS_ID": 210937, "BUSINESS_ID": 67271, "BUSINESS_NAME": "LIT PIZZA- CENTRAL", "FULL_ADDRESS": "9850 STE A SULLIVAN RD", "CITY": "CENTRAL", "JURISDICTION": "EBRP", "STATE": "LOUISIANA", "COUNTRY": "UNITED STATES", "ZIP": 70818, "ADDRESS_AUTHORITY": "CENTRAL", "ABC": "YES", "BUSINESS_NAICS_CODE": 445000, "PHONE_NUMBER": null, "WEBSITE": null, "LATITUDE": 31, "LONGITUDE": -91 }, "geometry": { "type": "Point", "coordinates": [ -91.027989535966739, 30.538537960690562 ] } },
{ "type": "Feature", "properties": { "ADDRESS_ID": 212609, "BUSINESS_ID": 66933, "BUSINESS_NAME": "CEDAR", "FULL_ADDRESS": "1707 STE A GARDERE LN", "CITY": "BATON ROUGE", "JURISDICTION": "EBRP", "STATE": "LOUISIANA", "COUNTRY": "UNITED STATES", "ZIP": 70810, "ADDRESS_AUTHORITY": "PARISH", "ABC": "YES", "BUSINESS_NAICS_CODE": 722000, "PHONE_NUMBER": null, "WEBSITE": null, "LATITUDE": 30, "LONGITUDE": -91 }, "geometry": { "type": "Point", "coordinates": [ -91.127063000706571, 30.354409335676433 ] } },
{ "type": "Feature", "properties": { "ADDRESS_ID": 212661, "BUSINESS_ID": 42103, "BUSINESS_NAME": "BURGERSMITH", "FULL_ADDRESS": "6212 SIEGEN LN", "CITY": "BATON ROUGE", "JURISDICTION": "EBRP", "STATE": "LOUISIANA", "COUNTRY": "UNITED STATES", "ZIP": 70809, "ADDRESS_AUTHORITY": "PARISH", "ABC": "YES", "BUSINESS_NAICS_CODE": 722000, "PHONE_NUMBER": null, "WEBSITE": null, "LATITUDE": 30, "LONGITUDE": -91 }, "geometry": { "type": "Point", "coordinates": [ -91.059670594871662, 30.393928718984888 ] } },
{ "type": "Feature", "properties": { "ADDRESS_ID": 214161, "BUSINESS_ID": 40861, "BUSINESS_NAME": "RUFFINOS CATERING AND EVENTS", "FULL_ADDRESS": "320 STE 201 3RD ST", "CITY": "BATON ROUGE", "JURISDICTION": "EBRP", "STATE": "LOUISIANA", "COUNTRY": "UNITED STATES", "ZIP": 70801, "ADDRESS_AUTHORITY": "BATON ROUGE", "ABC": "YES", "BUSINESS_NAICS_CODE": 445000, "PHONE_NUMBER": null, "WEBSITE": null, "LATITUDE": 30, "LONGITUDE": -91 }, "geometry": { "type": "Point", "coordinates": [ -91.188099281987775, 30.449646997616071 ] } },
{ "type": "Feature", "properties": { "ADDRESS_ID": 215871, "BUSINESS_ID": 41311, "BUSINESS_NAME": "JOLIE PEARL OYSTER BAR", "FULL_ADDRESS": "311 NORTH BLVD", "CITY": "BATON ROUGE", "JURISDICTION": "EBRP", "STATE": "LOUISIANA", "COUNTRY": "UNITED STATES", "ZIP": 70801, "ADDRESS_AUTHORITY": "BATON ROUGE", "ABC": "YES", "BUSINESS_NAICS_CODE": 722000, "PHONE_NUMBER": null, "WEBSITE": null, "LATITUDE": 30, "LONGITUDE": -91 }, "geometry": { "type": "Point", "coordinates": [ -91.1878447323556, 30.44728874160754 ] } },
{ "type": "Feature", "properties": { "ADDRESS_ID": 216505, "BUSINESS_ID": 43424, "BUSINESS_NAME": "BOTTLE & TAP", "FULL_ADDRESS": "11445 STE A COURSEY BLVD", "CITY": "BATON ROUGE", "JURISDICTION": "EBRP", "STATE": "LOUISIANA", "COUNTRY": "UNITED STATES", "ZIP": 70816, "ADDRESS_AUTHORITY": "PARISH", "ABC": "YES", "BUSINESS_NAICS_CODE": 722000, "PHONE_NUMBER": null, "WEBSITE": null, "LATITUDE": 30, "LONGITUDE": -91 }, "geometry": { "type": "Point", "coordinates": [ -91.054230963350861, 30.411780233498646 ] } },
{ "type": "Feature", "properties": { "ADDRESS_ID": 216739, "BUSINESS_ID": 46910, "BUSINESS_NAME": "LIT PIZZA", "FULL_ADDRESS": "3930 STE K BURBANK DR", "CITY": "BATON ROUGE", "JURISDICTION": "EBRP", "STATE": "LOUISIANA", "COUNTRY": "UNITED STATES", "ZIP": 70808, "ADDRESS_AUTHORITY": "BATON ROUGE", "ABC": "YES", "BUSINESS_NAICS_CODE": 722000, "PHONE_NUMBER": null, "WEBSITE": null, "LATITUDE": 30, "LONGITUDE": -91 }, "geometry": { "type": "Point", "coordinates": [ -91.180524106461363, 30.402348791229873 ] } },
{ "type": "Feature", "properties": { "ADDRESS_ID": 216765, "BUSINESS_ID": 66492, "BUSINESS_NAME": "THE TACOS PLACE BR", "FULL_ADDRESS": "14111 STE 125 AIRLINE HWY", "CITY": "BATON ROUGE", "JURISDICTION": "EBRP", "STATE": "LOUISIANA", "COUNTRY": "UNITED STATES", "ZIP": 70817, "ADDRESS_AUTHORITY": "PARISH", "ABC": "YES", "BUSINESS_NAICS_CODE": 445000, "PHONE_NUMBER": null, "WEBSITE": null, "LATITUDE": 30, "LONGITUDE": -91 }, "geometry": { "type": "Point", "coordinates": [ -91.025122248540967, 30.366439570390572 ] } },
{ "type": "Feature", "properties": { "ADDRESS_ID": 216925, "BUSINESS_ID": 29990, "BUSINESS_NAME": "HI NABOR SUPERMARKET", "FULL_ADDRESS": "9584 FLORIDA BLVD", "CITY": "BATON ROUGE", "JURISDICTION": "EBRP", "STATE": "LOUISIANA", "COUNTRY": "UNITED STATES", "ZIP": 70815, "ADDRESS_AUTHORITY": "BATON ROUGE", "ABC": "YES", "BUSINESS_NAICS_CODE": 445110, "PHONE_NUMBER": null, "WEBSITE": "http://hinabor.com/", "LATITUDE": 30, "LONGITUDE": -91 }, "geometry": { "type": "Point", "coordinates": [ -91.080163783069608, 30.45378250184401 ] } },
{ "type": "Feature", "properties": { "ADDRESS_ID": 216959, "BUSINESS_ID": 35486, "BUSINESS_NAME": "SCENIC HWY HOP IN CIRCLE K", "FULL_ADDRESS": "8235 STE 100 SCENIC HWY", "CITY": "BATON ROUGE", "JURISDICTION": "EBRP", "STATE": "LOUISIANA", "COUNTRY": "UNITED STATES", "ZIP": 70807, "ADDRESS_AUTHORITY": "BATON ROUGE", "ABC": "YES", "BUSINESS_NAICS_CODE": 447000, "PHONE_NUMBER": null, "WEBSITE": null, "LATITUDE": 31, "LONGITUDE": -91 }, "geometry": { "type": "Point", "coordinates": [ -91.180530381740837, 30.522243613878512 ] } },
{ "type": "Feature", "properties": { "ADDRESS_ID": 216965, "BUSINESS_ID": 41483, "BUSINESS_NAME": "WALGREENS #13875", "FULL_ADDRESS": "6485 GROOM RD", "CITY": "BAKER", "JURISDICTION": "EBRP", "STATE": "LOUISIANA", "COUNTRY": "UNITED STATES", "ZIP": 70714, "ADDRESS_AUTHORITY": "BAKER", "ABC": "YES", "BUSINESS_NAICS_CODE": 446110, "PHONE_NUMBER": null, "WEBSITE": "http://walgreens.com/", "LATITUDE": 31, "LONGITUDE": -91 }, "geometry": { "type": "Point", "coordinates": [ -91.127290761041479, 30.580956226055719 ] } },
{ "type": "Feature", "properties": { "ADDRESS_ID": 217009, "BUSINESS_ID": 41387, "BUSINESS_NAME": "CORNER DELI LLC", "FULL_ADDRESS": "2427 STE A FLORIDA ST", "CITY": "BATON ROUGE", "JURISDICTION": "EBRP", "STATE": "LOUISIANA", "COUNTRY": "UNITED STATES", "ZIP": 70802, "ADDRESS_AUTHORITY": "BATON ROUGE", "ABC": "YES", "BUSINESS_NAICS_CODE": 445000, "PHONE_NUMBER": null, "WEBSITE": null, "LATITUDE": 30, "LONGITUDE": -91 }, "geometry": { "type": "Point", "coordinates": [ -91.163133544524072, 30.450253466761776 ] } },
{ "type": "Feature", "properties": { "ADDRESS_ID": 217239, "BUSINESS_ID": 49549, "BUSINESS_NAME": "WAL MART #7262 - GAS STATION", "FULL_ADDRESS": "11510 COURSEY BLVD", "CITY": "BATON ROUGE", "JURISDICTION": "EBRP", "STATE": "LOUISIANA", "COUNTRY": "UNITED STATES", "ZIP": 70816, "ADDRESS_AUTHORITY": "PARISH", "ABC": "YES", "BUSINESS_NAICS_CODE": 447000, "PHONE_NUMBER": null, "WEBSITE": null, "LATITUDE": 30, "LONGITUDE": -91 }, "geometry": { "type": "Point", "coordinates": [ -91.054201506102061, 30.410922813915192 ] } },
{ "type": "Feature", "properties": { "ADDRESS_ID": 217261, "BUSINESS_ID": 65344, "BUSINESS_NAME": "MARTIN WINE CELLAR", "FULL_ADDRESS": "1670 LOBDELL AVE", "CITY": "BATON ROUGE", "JURISDICTION": "EBRP", "STATE": "LOUISIANA", "COUNTRY": "UNITED STATES", "ZIP": 70806, "ADDRESS_AUTHORITY": "BATON ROUGE", "ABC": "YES", "BUSINESS_NAICS_CODE": 453000, "PHONE_NUMBER": null, "WEBSITE": null, "LATITUDE": 30, "LONGITUDE": -91 }, "geometry": { "type": "Point", "coordinates": [ -91.111568806681632, 30.434449099885402 ] } },
{ "type": "Feature", "properties": { "ADDRESS_ID": 217381, "BUSINESS_ID": 41551, "BUSINESS_NAME": "MATHERNES MARKET @ 440 ON 3RD", "FULL_ADDRESS": "440 STE 100 3RD ST", "CITY": "BATON ROUGE", "JURISDICTION": "EBRP", "STATE": "LOUISIANA", "COUNTRY": "UNITED STATES", "ZIP": 70802, "ADDRESS_AUTHORITY": "BATON ROUGE", "ABC": "YES", "BUSINESS_NAICS_CODE": 445110, "PHONE_NUMBER": null, "WEBSITE": "http://mathernes.com/", "LATITUDE": 30, "LONGITUDE": -91 }, "geometry": { "type": "Point", "coordinates": [ -91.188170878380333, 30.450946487555267 ] } },
{ "type": "Feature", "properties": { "ADDRESS_ID": 217989, "BUSINESS_ID": 50341, "BUSINESS_NAME": "BOUDREAUX & THIBODEAUXS", "FULL_ADDRESS": "214 STE 2 A 3RD ST", "CITY": "BATON ROUGE", "JURISDICTION": "EBRP", "STATE": "LOUISIANA", "COUNTRY": "UNITED STATES", "ZIP": 70801, "ADDRESS_AUTHORITY": "BATON ROUGE", "ABC": "YES", "BUSINESS_NAICS_CODE": 722000, "PHONE_NUMBER": null, "WEBSITE": null, "LATITUDE": 30, "LONGITUDE": -91 }, "geometry": { "type": "Point", "coordinates": [ -91.188097076327665, 30.448633803042302 ] } },
{ "type": "Feature", "properties": { "ADDRESS_ID": 219243, "BUSINESS_ID": 63023, "BUSINESS_NAME": "KNOCK KNOCK CHILDRENS MUSEUM", "FULL_ADDRESS": "1900 DALRYMPLE DR", "CITY": "BATON ROUGE", "JURISDICTION": "EBRP", "STATE": "LOUISIANA", "COUNTRY": "UNITED STATES", "ZIP": 70802, "ADDRESS_AUTHORITY": "BATON ROUGE", "ABC": "YES", "BUSINESS_NAICS_CODE": null, "PHONE_NUMBER": null, "WEBSITE": null, "LATITUDE": 30, "LONGITUDE": -91 }, "geometry": { "type": "Point", "coordinates": [ -91.169841836419096, 30.430129709282337 ] } },
{ "type": "Feature", "properties": { "ADDRESS_ID": 219871, "BUSINESS_ID": 42049, "BUSINESS_NAME": "NEWK'S EATERY", "FULL_ADDRESS": "7211 STE B CORPORATE BLVD", "CITY": "BATON ROUGE", "JURISDICTION": "EBRP", "STATE": "LOUISIANA", "COUNTRY": "UNITED STATES", "ZIP": 70809, "ADDRESS_AUTHORITY": "PARISH", "ABC": "YES", "BUSINESS_NAICS_CODE": 722000, "PHONE_NUMBER": null, "WEBSITE": null, "LATITUDE": 30, "LONGITUDE": -91 }, "geometry": { "type": "Point", "coordinates": [ -91.116457302800399, 30.430230850016581 ] } },
{ "type": "Feature", "properties": { "ADDRESS_ID": 219963, "BUSINESS_ID": 42100, "BUSINESS_NAME": "LA MADELINE #504", "FULL_ADDRESS": "7707 STE 190 BLUEBONNET BLVD", "CITY": "BATON ROUGE", "JURISDICTION": "EBRP", "STATE": "LOUISIANA", "COUNTRY": "UNITED STATES", "ZIP": 70810, "ADDRESS_AUTHORITY": "PARISH", "ABC": "YES", "BUSINESS_NAICS_CODE": 722000, "PHONE_NUMBER": null, "WEBSITE": null, "LATITUDE": 30, "LONGITUDE": -91 }, "geometry": { "type": "Point", "coordinates": [ -91.096224503022896, 30.379665880646215 ] } },
{ "type": "Feature", "properties": { "ADDRESS_ID": 219965, "BUSINESS_ID": 27275, "BUSINESS_NAME": "CVS PHARMACY #1116", "FULL_ADDRESS": "7777 STE 100 BLUEBONNET BLVD", "CITY": "BATON ROUGE", "JURISDICTION": "EBRP", "STATE": "LOUISIANA", "COUNTRY": "UNITED STATES", "ZIP": 70810, "ADDRESS_AUTHORITY": "PARISH", "ABC": "YES", "BUSINESS_NAICS_CODE": 446110, "PHONE_NUMBER": "225-766-9091", "WEBSITE": "http://cvs.com/", "LATITUDE": 30, "LONGITUDE": -91 }, "geometry": { "type": "Point", "coordinates": [ -91.097154661347801, 30.37929945524526 ] } },
{ "type": "Feature", "properties": { "ADDRESS_ID": 220003, "BUSINESS_ID": 36853, "BUSINESS_NAME": "TEXAS DE BRAZIL", "FULL_ADDRESS": "10155 STE 100 PERKINS ROWE", "CITY": "BATON ROUGE", "JURISDICTION": "EBRP", "STATE": "LOUISIANA", "COUNTRY": "UNITED STATES", "ZIP": 70810, "ADDRESS_AUTHORITY": "PARISH", "ABC": "YES", "BUSINESS_NAICS_CODE": 722000, "PHONE_NUMBER": null, "WEBSITE": null, "LATITUDE": 30, "LONGITUDE": -91 }, "geometry": { "type": "Point", "coordinates": [ -91.093833233810912, 30.379277629049746 ] } },
{ "type": "Feature", "properties": { "ADDRESS_ID": 220011, "BUSINESS_ID": 38012, "BUSINESS_NAME": "VOODOO BBQ", "FULL_ADDRESS": "10000 STE 160 PERKINS ROWE", "CITY": "BATON ROUGE", "JURISDICTION": "EBRP", "STATE": "LOUISIANA", "COUNTRY": "UNITED STATES", "ZIP": 70810, "ADDRESS_AUTHORITY": "PARISH", "ABC": "YES", "BUSINESS_NAICS_CODE": 722000, "PHONE_NUMBER": null, "WEBSITE": null, "LATITUDE": 30, "LONGITUDE": -91 }, "geometry": { "type": "Point", "coordinates": [ -91.095175057594858, 30.379365942541313 ] } },
{ "type": "Feature", "properties": { "ADDRESS_ID": 220013, "BUSINESS_ID": 2132, "BUSINESS_NAME": "CINEMARK PERKINS ROWE", "FULL_ADDRESS": "10000 STE 125 PERKINS ROWE", "CITY": "BATON ROUGE", "JURISDICTION": "EBRP", "STATE": "LOUISIANA", "COUNTRY": "UNITED STATES", "ZIP": 70810, "ADDRESS_AUTHORITY": "PARISH", "ABC": "YES", "BUSINESS_NAICS_CODE": 512131, "PHONE_NUMBER": null, "WEBSITE": null, "LATITUDE": 30, "LONGITUDE": -91 }, "geometry": { "type": "Point", "coordinates": [ -91.094894757563495, 30.379211043166737 ] } },
{ "type": "Feature", "properties": { "ADDRESS_ID": 220043, "BUSINESS_ID": 42126, "BUSINESS_NAME": "ELITE PERFORMANCE TRANSPORTATION", "FULL_ADDRESS": "11620 STE 250 AIRLINE HWY", "CITY": "BATON ROUGE", "JURISDICTION": "EBRP", "STATE": "LOUISIANA", "COUNTRY": "UNITED STATES", "ZIP": 70816, "ADDRESS_AUTHORITY": "PARISH", "ABC": "YES", "BUSINESS_NAICS_CODE": 488000, "PHONE_NUMBER": null, "WEBSITE": null, "LATITUDE": 30, "LONGITUDE": -91 }, "geometry": { "type": "Point", "coordinates": [ -91.05345033562493, 30.396241391091639 ] } },
{ "type": "Feature", "properties": { "ADDRESS_ID": 220101, "BUSINESS_ID": 60382, "BUSINESS_NAME": "FARR PARK EQUESTRIAN CENTER & RV CAMPGROUND", "FULL_ADDRESS": "6402 RIVER RD", "CITY": "BATON ROUGE", "JURISDICTION": "EBRP", "STATE": "LOUISIANA", "COUNTRY": "UNITED STATES", "ZIP": 70820, "ADDRESS_AUTHORITY": "PARISH", "ABC": "YES", "BUSINESS_NAICS_CODE": null, "PHONE_NUMBER": null, "WEBSITE": null, "LATITUDE": 30, "LONGITUDE": -91 }, "geometry": { "type": "Point", "coordinates": [ -91.204959547272367, 30.387128841694366 ] } },
{ "type": "Feature", "properties": { "ADDRESS_ID": 220283, "BUSINESS_ID": 46019, "BUSINESS_NAME": "MURPHY USA #7535", "FULL_ADDRESS": "2211 O'NEAL LN", "CITY": "BATON ROUGE", "JURISDICTION": "EBRP", "STATE": "LOUISIANA", "COUNTRY": "UNITED STATES", "ZIP": 70816, "ADDRESS_AUTHORITY": "PARISH", "ABC": "YES", "BUSINESS_NAICS_CODE": 447000, "PHONE_NUMBER": null, "WEBSITE": null, "LATITUDE": 30, "LONGITUDE": -91 }, "geometry": { "type": "Point", "coordinates": [ -91.007040020028626, 30.437024099981446 ] } },
{ "type": "Feature", "properties": { "ADDRESS_ID": 220895, "BUSINESS_ID": 46172, "BUSINESS_NAME": "WALGREENS #07795", "FULL_ADDRESS": "6515 SULLIVAN RD", "CITY": "GREENWELL SPRINGS", "JURISDICTION": "EBRP", "STATE": "LOUISIANA", "COUNTRY": "UNITED STATES", "ZIP": 70739, "ADDRESS_AUTHORITY": "CENTRAL", "ABC": "YES", "BUSINESS_NAICS_CODE": 446000, "PHONE_NUMBER": null, "WEBSITE": null, "LATITUDE": 31, "LONGITUDE": -91 }, "geometry": { "type": "Point", "coordinates": [ -91.030313533541047, 30.511566301989372 ] } },
{ "type": "Feature", "properties": { "ADDRESS_ID": 221089, "BUSINESS_ID": 33134, "BUSINESS_NAME": "NAGOYA", "FULL_ADDRESS": "14455 STE A WAX RD", "CITY": "CENTRAL", "JURISDICTION": "EBRP", "STATE": "LOUISIANA", "COUNTRY": "UNITED STATES", "ZIP": 70818, "ADDRESS_AUTHORITY": "CENTRAL", "ABC": "YES", "BUSINESS_NAICS_CODE": 722000, "PHONE_NUMBER": null, "WEBSITE": null, "LATITUDE": 31, "LONGITUDE": -91 }, "geometry": { "type": "Point", "coordinates": [ -91.027567771465613, 30.544402105314351 ] } },
{ "type": "Feature", "properties": { "ADDRESS_ID": 221093, "BUSINESS_ID": 22177, "BUSINESS_NAME": "CALIENTE MEXICAN CRAVING", "FULL_ADDRESS": "14455 STE E-F WAX RD", "CITY": "CENTRAL", "JURISDICTION": "EBRP", "STATE": "LOUISIANA", "COUNTRY": "UNITED STATES", "ZIP": 70818, "ADDRESS_AUTHORITY": "CENTRAL", "ABC": "YES", "BUSINESS_NAICS_CODE": 722110, "PHONE_NUMBER": null, "WEBSITE": null, "LATITUDE": 31, "LONGITUDE": -91 }, "geometry": { "type": "Point", "coordinates": [ -91.027212229653486, 30.544398348389393 ] } },
{ "type": "Feature", "properties": { "ADDRESS_ID": 221267, "BUSINESS_ID": 31657, "BUSINESS_NAME": "LAS PALMAS MEXICAN RESTAURANT", "FULL_ADDRESS": "14790 STE 102 WAX RD", "CITY": "CENTRAL", "JURISDICTION": "EBRP", "STATE": "LOUISIANA", "COUNTRY": "UNITED STATES", "ZIP": 70818, "ADDRESS_AUTHORITY": "CENTRAL", "ABC": "YES", "BUSINESS_NAICS_CODE": 722000, "PHONE_NUMBER": null, "WEBSITE": null, "LATITUDE": 31, "LONGITUDE": -91 }, "geometry": { "type": "Point", "coordinates": [ -91.023506813264191, 30.542611210137721 ] } },
{ "type": "Feature", "properties": { "ADDRESS_ID": 224215, "BUSINESS_ID": 45920, "BUSINESS_NAME": "BATON ROUGE DISTILLING LLC", "FULL_ADDRESS": "11616 STE 21 INDUSTRIPLEX BLVD", "CITY": "BATON ROUGE", "JURISDICTION": "EBRP", "STATE": "LOUISIANA", "COUNTRY": "UNITED STATES", "ZIP": 70809, "ADDRESS_AUTHORITY": "PARISH", "ABC": "YES", "BUSINESS_NAICS_CODE": 919024, "PHONE_NUMBER": null, "WEBSITE": null, "LATITUDE": 30, "LONGITUDE": -91 }, "geometry": { "type": "Point", "coordinates": [ -91.053516843469538, 30.385112296388172 ] } },
{ "type": "Feature", "properties": { "ADDRESS_ID": 224249, "BUSINESS_ID": 25382, "BUSINESS_NAME": "BJS RESTAURANT & BREWHOUSE", "FULL_ADDRESS": "9100 MALL OF LOUISIANA BLVD", "CITY": "BATON ROUGE", "JURISDICTION": "EBRP", "STATE": "LOUISIANA", "COUNTRY": "UNITED STATES", "ZIP": 70836, "ADDRESS_AUTHORITY": "BATON ROUGE", "ABC": "YES", "BUSINESS_NAICS_CODE": 722000, "PHONE_NUMBER": null, "WEBSITE": null, "LATITUDE": 30, "LONGITUDE": -91 }, "geometry": { "type": "Point", "coordinates": [ -91.08570886520414, 30.38709451069327 ] } },
{ "type": "Feature", "properties": { "ADDRESS_ID": 224765, "BUSINESS_ID": 46101, "BUSINESS_NAME": "FLORIDA HOP IN - CIRCLE K", "FULL_ADDRESS": "6103 STE C FLORIDA BLVD", "CITY": "BATON ROUGE", "JURISDICTION": "EBRP", "STATE": "LOUISIANA", "COUNTRY": "UNITED STATES", "ZIP": 70806, "ADDRESS_AUTHORITY": "BATON ROUGE", "ABC": "YES", "BUSINESS_NAICS_CODE": 447000, "PHONE_NUMBER": null, "WEBSITE": null, "LATITUDE": 30, "LONGITUDE": -91 }, "geometry": { "type": "Point", "coordinates": [ -91.126847410145501, 30.451902473966317 ] } },
{ "type": "Feature", "properties": { "ADDRESS_ID": 224779, "BUSINESS_ID": 46129, "BUSINESS_NAME": "I HEART ABSINTHE", "FULL_ADDRESS": "6630 STE C EXCHEQUER DR", "CITY": "BATON ROUGE", "JURISDICTION": "EBRP", "STATE": "LOUISIANA", "COUNTRY": "UNITED STATES", "ZIP": 70809, "ADDRESS_AUTHORITY": "PARISH", "ABC": "YES", "BUSINESS_NAICS_CODE": 453000, "PHONE_NUMBER": null, "WEBSITE": null, "LATITUDE": 30, "LONGITUDE": -91 }, "geometry": { "type": "Point", "coordinates": [ -91.048671848232715, 30.383175288348021 ] } },
{ "type": "Feature", "properties": { "ADDRESS_ID": 225583, "BUSINESS_ID": 47653, "BUSINESS_NAME": "GOLDEN CORRAL  #996", "FULL_ADDRESS": "13606 MILLERVILLE GREENS BLVD", "CITY": "BATON ROUGE", "JURISDICTION": "EBRP", "STATE": "LOUISIANA", "COUNTRY": "UNITED STATES", "ZIP": 70816, "ADDRESS_AUTHORITY": "BATON ROUGE", "ABC": "YES", "BUSINESS_NAICS_CODE": 722000, "PHONE_NUMBER": null, "WEBSITE": null, "LATITUDE": 30, "LONGITUDE": -91 }, "geometry": { "type": "Point", "coordinates": [ -91.025425826165886, 30.439074074734005 ] } },
{ "type": "Feature", "properties": { "ADDRESS_ID": 225831, "BUSINESS_ID": 38864, "BUSINESS_NAME": "SUSHI VILLAGE LLC", "FULL_ADDRESS": "10404 STE B COURSEY BLVD", "CITY": "BATON ROUGE", "JURISDICTION": "EBRP", "STATE": "LOUISIANA", "COUNTRY": "UNITED STATES", "ZIP": 70816, "ADDRESS_AUTHORITY": "PARISH", "ABC": "YES", "BUSINESS_NAICS_CODE": 722000, "PHONE_NUMBER": null, "WEBSITE": null, "LATITUDE": 30, "LONGITUDE": -91 }, "geometry": { "type": "Point", "coordinates": [ -91.064994121904903, 30.416974686106936 ] } },
{ "type": "Feature", "properties": { "ADDRESS_ID": 227205, "BUSINESS_ID": 47350, "BUSINESS_NAME": "LA CONTEA ITALIAN RESTAURANT", "FULL_ADDRESS": "12333 STE F JEFFERSON HWY", "CITY": "BATON ROUGE", "JURISDICTION": "EBRP", "STATE": "LOUISIANA", "COUNTRY": "UNITED STATES", "ZIP": 70816, "ADDRESS_AUTHORITY": "BATON ROUGE", "ABC": "YES", "BUSINESS_NAICS_CODE": 722000, "PHONE_NUMBER": null, "WEBSITE": null, "LATITUDE": 30, "LONGITUDE": -91 }, "geometry": { "type": "Point", "coordinates": [ -91.045765256680397, 30.395188701459553 ] } },
{ "type": "Feature", "properties": { "ADDRESS_ID": 227722, "BUSINESS_ID": 47228, "BUSINESS_NAME": "BIG EZ DISCOUNT", "FULL_ADDRESS": "11930 STE B PERKINS RD", "CITY": "BATON ROUGE", "JURISDICTION": "EBRP", "STATE": "LOUISIANA", "COUNTRY": "UNITED STATES", "ZIP": 70810, "ADDRESS_AUTHORITY": "PARISH", "ABC": "YES", "BUSINESS_NAICS_CODE": 445000, "PHONE_NUMBER": null, "WEBSITE": null, "LATITUDE": 30, "LONGITUDE": -91 }, "geometry": { "type": "Point", "coordinates": [ -91.083349828104858, 30.370751419951738 ] } },
{ "type": "Feature", "properties": { "ADDRESS_ID": 227727, "BUSINESS_ID": 49044, "BUSINESS_NAME": "PHILS OYSTER BAR & SEAFOOD RESTAURANT", "FULL_ADDRESS": "4335 PERKINS RD", "CITY": "BATON ROUGE", "JURISDICTION": "EBRP", "STATE": "LOUISIANA", "COUNTRY": "UNITED STATES", "ZIP": 70808, "ADDRESS_AUTHORITY": "BATON ROUGE", "ABC": "YES", "BUSINESS_NAICS_CODE": 722000, "PHONE_NUMBER": null, "WEBSITE": null, "LATITUDE": 30, "LONGITUDE": -91 }, "geometry": { "type": "Point", "coordinates": [ -91.145467661992726, 30.418405806561456 ] } },
{ "type": "Feature", "properties": { "ADDRESS_ID": 228353, "BUSINESS_ID": 47190, "BUSINESS_NAME": "CHILI'S BAR AND GRILL #1059", "FULL_ADDRESS": "9115 STE B MAMMOTH AVE", "CITY": "BATON ROUGE", "JURISDICTION": "EBRP", "STATE": "LOUISIANA", "COUNTRY": "UNITED STATES", "ZIP": 70814, "ADDRESS_AUTHORITY": "BATON ROUGE", "ABC": "YES", "BUSINESS_NAICS_CODE": 722000, "PHONE_NUMBER": null, "WEBSITE": null, "LATITUDE": 30, "LONGITUDE": -91 }, "geometry": { "type": "Point", "coordinates": [ -91.087086416107155, 30.474244426790822 ] } },
{ "type": "Feature", "properties": { "ADDRESS_ID": 228782, "BUSINESS_ID": 63102, "BUSINESS_NAME": "THE BLAKE AT THE GROVE", "FULL_ADDRESS": "9511 CREEKVIEW DR", "CITY": "BATON ROUGE", "JURISDICTION": "EBRP", "STATE": "LOUISIANA", "COUNTRY": "UNITED STATES", "ZIP": 70836, "ADDRESS_AUTHORITY": "PARISH", "ABC": "YES", "BUSINESS_NAICS_CODE": null, "PHONE_NUMBER": null, "WEBSITE": null, "LATITUDE": 30, "LONGITUDE": -91 }, "geometry": { "type": "Point", "coordinates": [ -91.077997489001049, 30.384322260543524 ] } },
{ "type": "Feature", "properties": { "ADDRESS_ID": 228786, "BUSINESS_ID": 47555, "BUSINESS_NAME": "VALDEZ MARKET", "FULL_ADDRESS": "15356 STE A OLD HAMMOND HWY", "CITY": "BATON ROUGE", "JURISDICTION": "EBRP", "STATE": "LOUISIANA", "COUNTRY": "UNITED STATES", "ZIP": 70816, "ADDRESS_AUTHORITY": "PARISH", "ABC": "YES", "BUSINESS_NAICS_CODE": 453000, "PHONE_NUMBER": null, "WEBSITE": null, "LATITUDE": 30, "LONGITUDE": -91 }, "geometry": { "type": "Point", "coordinates": [ -91.014977215773101, 30.456340650933242 ] } },
{ "type": "Feature", "properties": { "ADDRESS_ID": 229349, "BUSINESS_ID": 47686, "BUSINESS_NAME": "MAJOR DISCOUNT", "FULL_ADDRESS": "1707 STE D GARDERE LN", "CITY": "BATON ROUGE", "JURISDICTION": "EBRP", "STATE": "LOUISIANA", "COUNTRY": "UNITED STATES", "ZIP": 70810, "ADDRESS_AUTHORITY": "PARISH", "ABC": "YES", "BUSINESS_NAICS_CODE": 445000, "PHONE_NUMBER": null, "WEBSITE": null, "LATITUDE": 30, "LONGITUDE": -91 }, "geometry": { "type": "Point", "coordinates": [ -91.127173218327869, 30.354244412043851 ] } },
{ "type": "Feature", "properties": { "ADDRESS_ID": 229403, "BUSINESS_ID": 46404, "BUSINESS_NAME": "SAVE MORE MARKET #6", "FULL_ADDRESS": "4670 STE A PLANK RD", "CITY": "BATON ROUGE", "JURISDICTION": "EBRP", "STATE": "LOUISIANA", "COUNTRY": "UNITED STATES", "ZIP": 70805, "ADDRESS_AUTHORITY": "BATON ROUGE", "ABC": "YES", "BUSINESS_NAICS_CODE": 445000, "PHONE_NUMBER": null, "WEBSITE": null, "LATITUDE": 30, "LONGITUDE": -91 }, "geometry": { "type": "Point", "coordinates": [ -91.155385446101704, 30.492306333800137 ] } },
{ "type": "Feature", "properties": { "ADDRESS_ID": 229900, "BUSINESS_ID": 50012, "BUSINESS_NAME": "HAYRIDE SCANDAL", "FULL_ADDRESS": "5110 CORPORATE BLVD", "CITY": "BATON ROUGE", "JURISDICTION": "EBRP", "STATE": "LOUISIANA", "COUNTRY": "UNITED STATES", "ZIP": 70808, "ADDRESS_AUTHORITY": "BATON ROUGE", "ABC": "YES", "BUSINESS_NAICS_CODE": 722000, "PHONE_NUMBER": null, "WEBSITE": null, "LATITUDE": 30, "LONGITUDE": -91 }, "geometry": { "type": "Point", "coordinates": [ -91.137061332960556, 30.424918035773761 ] } },
{ "type": "Feature", "properties": { "ADDRESS_ID": 230265, "BUSINESS_ID": 63179, "BUSINESS_NAME": "HANA'S", "FULL_ADDRESS": "6401 STE 400 BLUEBONNET BLVD", "CITY": "BATON ROUGE", "JURISDICTION": "EBRP", "STATE": "LOUISIANA", "COUNTRY": "UNITED STATES", "ZIP": 70836, "ADDRESS_AUTHORITY": "BATON ROUGE", "ABC": "YES", "BUSINESS_NAICS_CODE": 448000, "PHONE_NUMBER": null, "WEBSITE": null, "LATITUDE": 30, "LONGITUDE": -91 }, "geometry": { "type": "Point", "coordinates": [ -91.087849033174564, 30.388536771475426 ] } },
{ "type": "Feature", "properties": { "ADDRESS_ID": 230281, "BUSINESS_ID": 50102, "BUSINESS_NAME": "ASIAN MARKET", "FULL_ADDRESS": "8342 STE E PERKINS RD", "CITY": "BATON ROUGE", "JURISDICTION": "EBRP", "STATE": "LOUISIANA", "COUNTRY": "UNITED STATES", "ZIP": 70810, "ADDRESS_AUTHORITY": "BATON ROUGE", "ABC": "YES", "BUSINESS_NAICS_CODE": 445000, "PHONE_NUMBER": null, "WEBSITE": null, "LATITUDE": 30, "LONGITUDE": -91 }, "geometry": { "type": "Point", "coordinates": [ -91.105607004276933, 30.388310130412972 ] } },
{ "type": "Feature", "properties": { "ADDRESS_ID": 230676, "BUSINESS_ID": 50459, "BUSINESS_NAME": "CALIENTE MEXICAN CRAVINGS", "FULL_ADDRESS": "14455 STE F WAX RD", "CITY": "CENTRAL", "JURISDICTION": "EBRP", "STATE": "LOUISIANA", "COUNTRY": "UNITED STATES", "ZIP": 70818, "ADDRESS_AUTHORITY": "CENTRAL", "ABC": "YES", "BUSINESS_NAICS_CODE": 722000, "PHONE_NUMBER": null, "WEBSITE": null, "LATITUDE": 31, "LONGITUDE": -91 }, "geometry": { "type": "Point", "coordinates": [ -91.027283981121883, 30.543657333511604 ] } },
{ "type": "Feature", "properties": { "ADDRESS_ID": 230739, "BUSINESS_ID": 41034, "BUSINESS_NAME": "FOOD N GEAUX", "FULL_ADDRESS": "15913 STE C OLD HAMMOND HWY", "CITY": "BATON ROUGE", "JURISDICTION": "EBRP", "STATE": "LOUISIANA", "COUNTRY": "UNITED STATES", "ZIP": 70819, "ADDRESS_AUTHORITY": "PARISH", "ABC": "YES", "BUSINESS_NAICS_CODE": 447000, "PHONE_NUMBER": null, "WEBSITE": null, "LATITUDE": 30, "LONGITUDE": -91 }, "geometry": { "type": "Point", "coordinates": [ -91.009001527536114, 30.46055677288161 ] } },
{ "type": "Feature", "properties": { "ADDRESS_ID": 231121, "BUSINESS_ID": 63657, "BUSINESS_NAME": "INDEPENDENCE PARK CAFE & TEACHING BUILDING", "FULL_ADDRESS": "7751 GOODWOOD BLVD", "CITY": "BATON ROUGE", "JURISDICTION": "EBRP", "STATE": "LOUISIANA", "COUNTRY": "UNITED STATES", "ZIP": 70806, "ADDRESS_AUTHORITY": "BATON ROUGE", "ABC": "YES", "BUSINESS_NAICS_CODE": 713000, "PHONE_NUMBER": null, "WEBSITE": null, "LATITUDE": 30, "LONGITUDE": -91 }, "geometry": { "type": "Point", "coordinates": [ -91.106150223985551, 30.443814694363425 ] } },
{ "type": "Feature", "properties": { "ADDRESS_ID": 231664, "BUSINESS_ID": 49788, "BUSINESS_NAME": "ROCK N ROLL SUSHI", "FULL_ADDRESS": "3627 BLDG 2 PERKINS RD", "CITY": "BATON ROUGE", "JURISDICTION": "EBRP", "STATE": "LOUISIANA", "COUNTRY": "UNITED STATES", "ZIP": 70808, "ADDRESS_AUTHORITY": "BATON ROUGE", "ABC": "YES", "BUSINESS_NAICS_CODE": 722000, "PHONE_NUMBER": null, "WEBSITE": null, "LATITUDE": 30, "LONGITUDE": -91 }, "geometry": { "type": "Point", "coordinates": [ -91.151828819187912, 30.421249818492878 ] } },
{ "type": "Feature", "properties": { "ADDRESS_ID": 232294, "BUSINESS_ID": 63296, "BUSINESS_NAME": "XBIO BAR", "FULL_ADDRESS": "11690 STE D FLORIDA BLVD", "CITY": "BATON ROUGE", "JURISDICTION": "EBRP", "STATE": "LOUISIANA", "COUNTRY": "UNITED STATES", "ZIP": 70815, "ADDRESS_AUTHORITY": "BATON ROUGE", "ABC": "YES", "BUSINESS_NAICS_CODE": 722000, "PHONE_NUMBER": null, "WEBSITE": null, "LATITUDE": 30, "LONGITUDE": -91 }, "geometry": { "type": "Point", "coordinates": [ -91.053258439613828, 30.458511196852307 ] } },
{ "type": "Feature", "properties": { "ADDRESS_ID": 232296, "BUSINESS_ID": 63296, "BUSINESS_NAME": "XBIO BAR", "FULL_ADDRESS": "11690 STE D FLORIDA BLVD", "CITY": "BATON ROUGE", "JURISDICTION": "EBRP", "STATE": "LOUISIANA", "COUNTRY": "UNITED STATES", "ZIP": 70815, "ADDRESS_AUTHORITY": "BATON ROUGE", "ABC": "YES", "BUSINESS_NAICS_CODE": 722000, "PHONE_NUMBER": null, "WEBSITE": null, "LATITUDE": 30, "LONGITUDE": -91 }, "geometry": { "type": "Point", "coordinates": [ -91.053248060623261, 30.458476686623843 ] } },
{ "type": "Feature", "properties": { "ADDRESS_ID": 233132, "BUSINESS_ID": 66411, "BUSINESS_NAME": "FAT BOY'S PIZZA", "FULL_ADDRESS": "3624 NICHOLSON DR", "CITY": "BATON ROUGE", "JURISDICTION": "EBRP", "STATE": "LOUISIANA", "COUNTRY": "UNITED STATES", "ZIP": 70802, "ADDRESS_AUTHORITY": "LSU", "ABC": "YES", "BUSINESS_NAICS_CODE": 722000, "PHONE_NUMBER": null, "WEBSITE": null, "LATITUDE": 30, "LONGITUDE": -91 }, "geometry": { "type": "Point", "coordinates": [ -91.1870874590808, 30.413077319053723 ] } },
{ "type": "Feature", "properties": { "ADDRESS_ID": 233142, "BUSINESS_ID": 64204, "BUSINESS_NAME": "MATHERNE'S MARKET AT LSU 005", "FULL_ADDRESS": "85 GATEWAY CENTER LN", "CITY": "BATON ROUGE", "JURISDICTION": "EBRP", "STATE": "LOUISIANA", "COUNTRY": "UNITED STATES", "ZIP": 70802, "ADDRESS_AUTHORITY": "LSU", "ABC": "YES", "BUSINESS_NAICS_CODE": 445000, "PHONE_NUMBER": null, "WEBSITE": null, "LATITUDE": 30, "LONGITUDE": -91 }, "geometry": { "type": "Point", "coordinates": [ -91.187589044530839, 30.412591203727327 ] } },
{ "type": "Feature", "properties": { "ADDRESS_ID": 233743, "BUSINESS_ID": 64193, "BUSINESS_NAME": "JUST WINGIN IT", "FULL_ADDRESS": "18181 STE 103 JEFFERSON HWY", "CITY": "BATON ROUGE", "JURISDICTION": "EBRP", "STATE": "LOUISIANA", "COUNTRY": "UNITED STATES", "ZIP": 70817, "ADDRESS_AUTHORITY": "PARISH", "ABC": "YES", "BUSINESS_NAICS_CODE": 722000, "PHONE_NUMBER": null, "WEBSITE": null, "LATITUDE": 30, "LONGITUDE": -91 }, "geometry": { "type": "Point", "coordinates": [ -90.992820067267701, 30.356185429753754 ] } },
{ "type": "Feature", "properties": { "ADDRESS_ID": 234185, "BUSINESS_ID": 66832, "BUSINESS_NAME": "BURFI", "FULL_ADDRESS": "1398 S ACADIAN THWY", "CITY": "BATON ROUGE", "JURISDICTION": "EBRP", "STATE": "LOUISIANA", "COUNTRY": "UNITED STATES", "ZIP": 70806, "ADDRESS_AUTHORITY": "BATON ROUGE", "ABC": "YES", "BUSINESS_NAICS_CODE": 453000, "PHONE_NUMBER": null, "WEBSITE": null, "LATITUDE": 30, "LONGITUDE": -91 }, "geometry": { "type": "Point", "coordinates": [ -91.153114613626812, 30.436451282865729 ] } },
{ "type": "Feature", "properties": { "ADDRESS_ID": 234281, "BUSINESS_ID": 65552, "BUSINESS_NAME": "SOUTHERN PEARL OYSTER HOUSE", "FULL_ADDRESS": "9460 PERKINS RD", "CITY": "BATON ROUGE", "JURISDICTION": "EBRP", "STATE": "LOUISIANA", "COUNTRY": "UNITED STATES", "ZIP": 70810, "ADDRESS_AUTHORITY": "BATON ROUGE", "ABC": "YES", "BUSINESS_NAICS_CODE": 722000, "PHONE_NUMBER": null, "WEBSITE": null, "LATITUDE": 30, "LONGITUDE": -91 }, "geometry": { "type": "Point", "coordinates": [ -91.100598920772484, 30.380651106438208 ] } },
{ "type": "Feature", "properties": { "ADDRESS_ID": 234302, "BUSINESS_ID": 64077, "BUSINESS_NAME": "BURBANK DAIQUIRIS LLC", "FULL_ADDRESS": "411 STE C BEN HUR RD", "CITY": "BATON ROUGE", "JURISDICTION": "EBRP", "STATE": "LOUISIANA", "COUNTRY": "UNITED STATES", "ZIP": 70820, "ADDRESS_AUTHORITY": "PARISH", "ABC": "YES", "BUSINESS_NAICS_CODE": 722000, "PHONE_NUMBER": null, "WEBSITE": null, "LATITUDE": 30, "LONGITUDE": -91 }, "geometry": { "type": "Point", "coordinates": [ -91.157213221932793, 30.387119699830208 ] } },
{ "type": "Feature", "properties": { "ADDRESS_ID": 234570, "BUSINESS_ID": 66504, "BUSINESS_NAME": "WINGSTOP #1750", "FULL_ADDRESS": "660 STE E ARLINGTON CREEK CENTRE BLVD", "CITY": "BATON ROUGE", "JURISDICTION": "EBRP", "STATE": "LOUISIANA", "COUNTRY": "UNITED STATES", "ZIP": 70820, "ADDRESS_AUTHORITY": "BATON ROUGE", "ABC": "YES", "BUSINESS_NAICS_CODE": 722000, "PHONE_NUMBER": null, "WEBSITE": null, "LATITUDE": 30, "LONGITUDE": -91 }, "geometry": { "type": "Point", "coordinates": [ -91.162428820673895, 30.390093569717802 ] } },
{ "type": "Feature", "properties": { "ADDRESS_ID": 234571, "BUSINESS_ID": 64169, "BUSINESS_NAME": "FINBOMBSUSHI BURITO AND POKE LLC", "FULL_ADDRESS": "660 STE F ARLINGTON CREEK CENTRE BLVD", "CITY": "BATON ROUGE", "JURISDICTION": "EBRP", "STATE": "LOUISIANA", "COUNTRY": "UNITED STATES", "ZIP": 70820, "ADDRESS_AUTHORITY": "BATON ROUGE", "ABC": "YES", "BUSINESS_NAICS_CODE": 722000, "PHONE_NUMBER": null, "WEBSITE": null, "LATITUDE": 30, "LONGITUDE": -91 }, "geometry": { "type": "Point", "coordinates": [ -91.162474266424837, 30.390048735771231 ] } },
{ "type": "Feature", "properties": { "ADDRESS_ID": 234577, "BUSINESS_ID": 64177, "BUSINESS_NAME": "GIRASOLE GARDEN", "FULL_ADDRESS": "14350 STE 112 WAX RD", "CITY": "CENTRAL", "JURISDICTION": "EBRP", "STATE": "LOUISIANA", "COUNTRY": "UNITED STATES", "ZIP": 70818, "ADDRESS_AUTHORITY": "CENTRAL", "ABC": "YES", "BUSINESS_NAICS_CODE": 722000, "PHONE_NUMBER": null, "WEBSITE": null, "LATITUDE": 31, "LONGITUDE": -91 }, "geometry": { "type": "Point", "coordinates": [ -91.03078516839274, 30.543120795989722 ] } },
{ "type": "Feature", "properties": { "ADDRESS_ID": 234933, "BUSINESS_ID": 64420, "BUSINESS_NAME": "BLUE CORN TEQUILA & TACOS", "FULL_ADDRESS": "7673 STE A5 PERKINS RD", "CITY": "BATON ROUGE", "JURISDICTION": "EBRP", "STATE": "LOUISIANA", "COUNTRY": "UNITED STATES", "ZIP": 70810, "ADDRESS_AUTHORITY": "BATON ROUGE", "ABC": "YES", "BUSINESS_NAICS_CODE": 722000, "PHONE_NUMBER": null, "WEBSITE": null, "LATITUDE": 30, "LONGITUDE": -91 }, "geometry": { "type": "Point", "coordinates": [ -91.107738846874256, 30.394888843324711 ] } },
{ "type": "Feature", "properties": { "ADDRESS_ID": 235001, "BUSINESS_ID": 64376, "BUSINESS_NAME": "DEAD POETS SALOON", "FULL_ADDRESS": "623 STE A E BOYD DR", "CITY": "BATON ROUGE", "JURISDICTION": "EBRP", "STATE": "LOUISIANA", "COUNTRY": "UNITED STATES", "ZIP": 70808, "ADDRESS_AUTHORITY": "BATON ROUGE", "ABC": "YES", "BUSINESS_NAICS_CODE": 722000, "PHONE_NUMBER": null, "WEBSITE": null, "LATITUDE": 30, "LONGITUDE": -91 }, "geometry": { "type": "Point", "coordinates": [ -91.175776630403263, 30.399690265933618 ] } },
{ "type": "Feature", "properties": { "ADDRESS_ID": 236387, "BUSINESS_ID": 64964, "BUSINESS_NAME": "BURGERIM", "FULL_ADDRESS": "7673 STE B1 PERKINS RD", "CITY": "BATON ROUGE", "JURISDICTION": "EBRP", "STATE": "LOUISIANA", "COUNTRY": "UNITED STATES", "ZIP": 70810, "ADDRESS_AUTHORITY": "BATON ROUGE", "ABC": "YES", "BUSINESS_NAICS_CODE": 722000, "PHONE_NUMBER": null, "WEBSITE": null, "LATITUDE": 30, "LONGITUDE": -91 }, "geometry": { "type": "Point", "coordinates": [ -91.108368500549091, 30.394852210739959 ] } },
{ "type": "Feature", "properties": { "ADDRESS_ID": 237386, "BUSINESS_ID": 67177, "BUSINESS_NAME": "PIZZA ART WINE LLC", "FULL_ADDRESS": "7673 STE C1 PERKINS RD", "CITY": "BATON ROUGE", "JURISDICTION": "EBRP", "STATE": "LOUISIANA", "COUNTRY": "UNITED STATES", "ZIP": 70810, "ADDRESS_AUTHORITY": "BATON ROUGE", "ABC": "YES", "BUSINESS_NAICS_CODE": 722000, "PHONE_NUMBER": null, "WEBSITE": null, "LATITUDE": 30, "LONGITUDE": -91 }, "geometry": { "type": "Point", "coordinates": [ -91.108490771561748, 30.39468040219133 ] } },
{ "type": "Feature", "properties": { "ADDRESS_ID": 237388, "BUSINESS_ID": 65010, "BUSINESS_NAME": "PELICAN BRANDS LLC", "FULL_ADDRESS": "16851 STE D JEFFERSON HWY", "CITY": "BATON ROUGE", "JURISDICTION": "EBRP", "STATE": "LOUISIANA", "COUNTRY": "UNITED STATES", "ZIP": 70817, "ADDRESS_AUTHORITY": "PARISH", "ABC": "YES", "BUSINESS_NAICS_CODE": 424000, "PHONE_NUMBER": null, "WEBSITE": null, "LATITUDE": 30, "LONGITUDE": -91 }, "geometry": { "type": "Point", "coordinates": [ -91.003843066413069, 30.364561974565593 ] } },
{ "type": "Feature", "properties": { "ADDRESS_ID": 237856, "BUSINESS_ID": 65080, "BUSINESS_NAME": "ICEHOUSE TAP ROOM", "FULL_ADDRESS": "14111 STE 126 AIRLINE HWY", "CITY": "BATON ROUGE", "JURISDICTION": "EBRP", "STATE": "LOUISIANA", "COUNTRY": "UNITED STATES", "ZIP": 70817, "ADDRESS_AUTHORITY": "PARISH", "ABC": "YES", "BUSINESS_NAICS_CODE": 722000, "PHONE_NUMBER": null, "WEBSITE": null, "LATITUDE": 30, "LONGITUDE": -91 }, "geometry": { "type": "Point", "coordinates": [ -91.025063687733152, 30.366407764605444 ] } },
{ "type": "Feature", "properties": { "ADDRESS_ID": 237867, "BUSINESS_ID": 65080, "BUSINESS_NAME": "ICEHOUSE TAP ROOM", "FULL_ADDRESS": "10466 STE F AIRLINE HWY", "CITY": "BATON ROUGE", "JURISDICTION": "EBRP", "STATE": "LOUISIANA", "COUNTRY": "UNITED STATES", "ZIP": 70809, "ADDRESS_AUTHORITY": "PARISH", "ABC": "YES", "BUSINESS_NAICS_CODE": 722000, "PHONE_NUMBER": null, "WEBSITE": null, "LATITUDE": 30, "LONGITUDE": -91 }, "geometry": { "type": "Point", "coordinates": [ -91.069377392108521, 30.4130215661642 ] } },
{ "type": "Feature", "properties": { "ADDRESS_ID": 238743, "BUSINESS_ID": 65455, "BUSINESS_NAME": "SQUEAKY PETE'S", "FULL_ADDRESS": "326 STE B 3RD ST", "CITY": "BATON ROUGE", "JURISDICTION": "EBRP", "STATE": "LOUISIANA", "COUNTRY": "UNITED STATES", "ZIP": 70801, "ADDRESS_AUTHORITY": "BATON ROUGE", "ABC": "YES", "BUSINESS_NAICS_CODE": 722000, "PHONE_NUMBER": null, "WEBSITE": null, "LATITUDE": 30, "LONGITUDE": -91 }, "geometry": { "type": "Point", "coordinates": [ -91.188111133708233, 30.449867030271822 ] } },
{ "type": "Feature", "properties": { "ADDRESS_ID": 238855, "BUSINESS_ID": 65517, "BUSINESS_NAME": "JAMAICAN ME CRAZY", "FULL_ADDRESS": "3829 FLORIDA BLVD", "CITY": "BATON ROUGE", "JURISDICTION": "EBRP", "STATE": "LOUISIANA", "COUNTRY": "UNITED STATES", "ZIP": 70806, "ADDRESS_AUTHORITY": "BATON ROUGE", "ABC": "YES", "BUSINESS_NAICS_CODE": 722000, "PHONE_NUMBER": null, "WEBSITE": null, "LATITUDE": 30, "LONGITUDE": -91 }, "geometry": { "type": "Point", "coordinates": [ -91.151082860888707, 30.450843832537643 ] } },
{ "type": "Feature", "properties": { "ADDRESS_ID": 238945, "BUSINESS_ID": 67697, "BUSINESS_NAME": "AGILE BREWING LLC", "FULL_ADDRESS": "14141 STE H AIRLINE HWY", "CITY": "BATON ROUGE", "JURISDICTION": "EBRP", "STATE": "LOUISIANA", "COUNTRY": "UNITED STATES", "ZIP": 70817, "ADDRESS_AUTHORITY": "PARISH", "ABC": "YES", "BUSINESS_NAICS_CODE": 722000, "PHONE_NUMBER": null, "WEBSITE": null, "LATITUDE": 30, "LONGITUDE": -91 }, "geometry": { "type": "Point", "coordinates": [ -91.02332941455002, 30.36885290782358 ] } },
{ "type": "Feature", "properties": { "ADDRESS_ID": 239724, "BUSINESS_ID": 65679, "BUSINESS_NAME": "CITYROOTS LLC", "FULL_ADDRESS": "1509 STE 106 GOVERNMENT ST", "CITY": "BATON ROUGE", "JURISDICTION": "EBRP", "STATE": "LOUISIANA", "COUNTRY": "UNITED STATES", "ZIP": 70802, "ADDRESS_AUTHORITY": "BATON ROUGE", "ABC": "YES", "BUSINESS_NAICS_CODE": 722000, "PHONE_NUMBER": null, "WEBSITE": null, "LATITUDE": 30, "LONGITUDE": -91 }, "geometry": { "type": "Point", "coordinates": [ -91.172301568670193, 30.444029360823379 ] } },
{ "type": "Feature", "properties": { "ADDRESS_ID": 239752, "BUSINESS_ID": 66753, "BUSINESS_NAME": "CRAVE HOT DOG & BARBEQUE", "FULL_ADDRESS": "630 STE B ARLINGTON CREEK CENTRE BLVD", "CITY": "BATON ROUGE", "JURISDICTION": "EBRP", "STATE": "LOUISIANA", "COUNTRY": "UNITED STATES", "ZIP": 70820, "ADDRESS_AUTHORITY": "BATON ROUGE", "ABC": "YES", "BUSINESS_NAICS_CODE": 722000, "PHONE_NUMBER": null, "WEBSITE": null, "LATITUDE": 30, "LONGITUDE": -91 }, "geometry": { "type": "Point", "coordinates": [ -91.164270361661295, 30.389761638255127 ] } },
{ "type": "Feature", "properties": { "ADDRESS_ID": 239822, "BUSINESS_ID": 66985, "BUSINESS_NAME": "REVE STICK", "FULL_ADDRESS": "8211 STE A VILLAGE PLAZA CT", "CITY": "BATON ROUGE", "JURISDICTION": "EBRP", "STATE": "LOUISIANA", "COUNTRY": "UNITED STATES", "ZIP": 70810, "ADDRESS_AUTHORITY": "PARISH", "ABC": "YES", "BUSINESS_NAICS_CODE": 722000, "PHONE_NUMBER": null, "WEBSITE": null, "LATITUDE": 30, "LONGITUDE": -91 }, "geometry": { "type": "Point", "coordinates": [ -91.088012463669173, 30.373937932146827 ] } },
{ "type": "Feature", "properties": { "ADDRESS_ID": 242402, "BUSINESS_ID": 66119, "BUSINESS_NAME": "THE VINTAGE", "FULL_ADDRESS": "333 STE 110 LAUREL ST", "CITY": "BATON ROUGE", "JURISDICTION": "EBRP", "STATE": "LOUISIANA", "COUNTRY": "UNITED STATES", "ZIP": 70801, "ADDRESS_AUTHORITY": "BATON ROUGE", "ABC": "YES", "BUSINESS_NAICS_CODE": 722000, "PHONE_NUMBER": null, "WEBSITE": null, "LATITUDE": 30, "LONGITUDE": -91 }, "geometry": { "type": "Point", "coordinates": [ -91.188133024476755, 30.45052287247773 ] } },
{ "type": "Feature", "properties": { "ADDRESS_ID": 243273, "BUSINESS_ID": 66925, "BUSINESS_NAME": "BLACKIES PLACE LLC", "FULL_ADDRESS": "10010 SULLIVAN RD", "CITY": "CENTRAL", "JURISDICTION": "EBRP", "STATE": "LOUISIANA", "COUNTRY": "UNITED STATES", "ZIP": 70818, "ADDRESS_AUTHORITY": "CENTRAL", "ABC": "YES", "BUSINESS_NAICS_CODE": 722000, "PHONE_NUMBER": null, "WEBSITE": null, "LATITUDE": 31, "LONGITUDE": -91 }, "geometry": { "type": "Point", "coordinates": [ -91.027808294805936, 30.540122983340869 ] } },
{ "type": "Feature", "properties": { "ADDRESS_ID": 244051, "BUSINESS_ID": 66601, "BUSINESS_NAME": "SAVE MORE MARKET #7", "FULL_ADDRESS": "12929 STE B COURSEY BLVD", "CITY": "BATON ROUGE", "JURISDICTION": "EBRP", "STATE": "LOUISIANA", "COUNTRY": "UNITED STATES", "ZIP": 70817, "ADDRESS_AUTHORITY": "PARISH", "ABC": "YES", "BUSINESS_NAICS_CODE": 445000, "PHONE_NUMBER": null, "WEBSITE": null, "LATITUDE": 30, "LONGITUDE": -91 }, "geometry": { "type": "Point", "coordinates": [ -91.035347479120617, 30.410380053615231 ] } },
{ "type": "Feature", "properties": { "ADDRESS_ID": 245853, "BUSINESS_ID": 66978, "BUSINESS_NAME": "PIZZA ARTISTA", "FULL_ADDRESS": "4831 STE A ROUZAN SQUARE AVE", "CITY": "BATON ROUGE", "JURISDICTION": "EBRP", "STATE": "LOUISIANA", "COUNTRY": "UNITED STATES", "ZIP": 70808, "ADDRESS_AUTHORITY": "BATON ROUGE", "ABC": "YES", "BUSINESS_NAICS_CODE": 722000, "PHONE_NUMBER": null, "WEBSITE": null, "LATITUDE": 30, "LONGITUDE": -91 }, "geometry": { "type": "Point", "coordinates": [ -91.138652120418442, 30.413791655079613 ] } },
{ "type": "Feature", "properties": { "ADDRESS_ID": 246251, "BUSINESS_ID": 67068, "BUSINESS_NAME": "MANAM INDIAN FOOD & GROCERY", "FULL_ADDRESS": "5880 STE D SIEGEN LN", "CITY": "BATON ROUGE", "JURISDICTION": "EBRP", "STATE": "LOUISIANA", "COUNTRY": "UNITED STATES", "ZIP": 70809, "ADDRESS_AUTHORITY": "PARISH", "ABC": "YES", "BUSINESS_NAICS_CODE": 445000, "PHONE_NUMBER": null, "WEBSITE": null, "LATITUDE": 30, "LONGITUDE": -91 }, "geometry": { "type": "Point", "coordinates": [ -91.058185602901958, 30.39652991081778 ] } },
{ "type": "Feature", "properties": { "ADDRESS_ID": 246481, "BUSINESS_ID": 46101, "BUSINESS_NAME": "FLORIDA HOP IN - CIRCLE K", "FULL_ADDRESS": "6103 STE F FLORIDA BLVD", "CITY": "BATON ROUGE", "JURISDICTION": "EBRP", "STATE": "LOUISIANA", "COUNTRY": "UNITED STATES", "ZIP": 70806, "ADDRESS_AUTHORITY": "BATON ROUGE", "ABC": "YES", "BUSINESS_NAICS_CODE": 447000, "PHONE_NUMBER": null, "WEBSITE": null, "LATITUDE": 30, "LONGITUDE": -91 }, "geometry": { "type": "Point", "coordinates": [ -91.126841713914089, 30.451662573489163 ] } },
{ "type": "Feature", "properties": { "ADDRESS_ID": 247246, "BUSINESS_ID": 67387, "BUSINESS_NAME": "NEW ORLEANS ORIGINAL DAIQUIRIS", "FULL_ADDRESS": "3034 STE B2 S SHERWOOD FOREST BLVD", "CITY": "BATON ROUGE", "JURISDICTION": "EBRP", "STATE": "LOUISIANA", "COUNTRY": "UNITED STATES", "ZIP": 70816, "ADDRESS_AUTHORITY": "BATON ROUGE", "ABC": "YES", "BUSINESS_NAICS_CODE": 722000, "PHONE_NUMBER": null, "WEBSITE": null, "LATITUDE": 30, "LONGITUDE": -91 }, "geometry": { "type": "Point", "coordinates": [ -91.052326308334031, 30.424881738185093 ] } },
{ "type": "Feature", "properties": { "ADDRESS_ID": 247526, "BUSINESS_ID": 67271, "BUSINESS_NAME": "LIT PIZZA- CENTRAL", "FULL_ADDRESS": "9850 STE E SULLIVAN RD", "CITY": "CENTRAL", "JURISDICTION": "EBRP", "STATE": "LOUISIANA", "COUNTRY": "UNITED STATES", "ZIP": 70818, "ADDRESS_AUTHORITY": "CENTRAL", "ABC": "YES", "BUSINESS_NAICS_CODE": 445000, "PHONE_NUMBER": null, "WEBSITE": null, "LATITUDE": 31, "LONGITUDE": -91 }, "geometry": { "type": "Point", "coordinates": [ -91.028010267415539, 30.538303202254664 ] } },
{ "type": "Feature", "properties": { "ADDRESS_ID": 247681, "BUSINESS_ID": 67344, "BUSINESS_NAME": "CITY PORK OF PERKINS", "FULL_ADDRESS": "18143 STE D PERKINS RD E", "CITY": "BATON ROUGE", "JURISDICTION": "EBRP", "STATE": "LOUISIANA", "COUNTRY": "UNITED STATES", "ZIP": 70810, "ADDRESS_AUTHORITY": "PARISH", "ABC": "YES", "BUSINESS_NAICS_CODE": 722000, "PHONE_NUMBER": null, "WEBSITE": null, "LATITUDE": 30, "LONGITUDE": -91 }, "geometry": { "type": "Point", "coordinates": [ -91.025697891058925, 30.347779250320091 ] } },
{ "type": "Feature", "properties": { "ADDRESS_ID": 247682, "BUSINESS_ID": 67344, "BUSINESS_NAME": "CITY PORK OF PERKINS", "FULL_ADDRESS": "18143 STE E PERKINS RD E", "CITY": "BATON ROUGE", "JURISDICTION": "EBRP", "STATE": "LOUISIANA", "COUNTRY": "UNITED STATES", "ZIP": 70810, "ADDRESS_AUTHORITY": "PARISH", "ABC": "YES", "BUSINESS_NAICS_CODE": 722000, "PHONE_NUMBER": null, "WEBSITE": null, "LATITUDE": 30, "LONGITUDE": -91 }, "geometry": { "type": "Point", "coordinates": [ -91.025571157262462, 30.347741570078409 ] } },
{ "type": "Feature", "properties": { "ADDRESS_ID": 249085, "BUSINESS_ID": 67719, "BUSINESS_NAME": "GOOD TIMES", "FULL_ADDRESS": "3145 STE F COLLEGE DR", "CITY": "BATON ROUGE", "JURISDICTION": "EBRP", "STATE": "LOUISIANA", "COUNTRY": "UNITED STATES", "ZIP": 70808, "ADDRESS_AUTHORITY": "BATON ROUGE", "ABC": "YES", "BUSINESS_NAICS_CODE": 453000, "PHONE_NUMBER": null, "WEBSITE": null, "LATITUDE": 30, "LONGITUDE": -91 }, "geometry": { "type": "Point", "coordinates": [ -91.140376879164776, 30.417949658729125 ] } },
{ "type": "Feature", "properties": { "ADDRESS_ID": 251144, "BUSINESS_ID": 67772, "BUSINESS_NAME": "THE EXECUTIVE CENTER", "FULL_ADDRESS": "250 STE B S FOSTER DR", "CITY": "BATON ROUGE", "JURISDICTION": "EBRP", "STATE": "LOUISIANA", "COUNTRY": "UNITED STATES", "ZIP": 70806, "ADDRESS_AUTHORITY": "BATON ROUGE", "ABC": "YES", "BUSINESS_NAICS_CODE": 815000, "PHONE_NUMBER": null, "WEBSITE": null, "LATITUDE": 31, "LONGITUDE": -91 }, "geometry": { "type": "Point", "coordinates": [ -91.139628532202224, 30.446866661698717 ] } }
]
}
