{
"type": "FeatureCollection",
"name": "Apartment",
"crs": { "type": "name", "properties": { "name": "urn:ogc:def:crs:OGC:1.3:CRS84" } },
"features": [
{ "type": "Feature", "properties": { "ID": 1893, "LANDMARK_NAME": "WEST CAMPUS APARTMENT SERVICE BLDG #14", "FULL_ADDRESS": "515 ASTER ST", "CITY": "BATON ROUGE", "STATE": "LOUISIANA", "ZIP": 70802, "PHONE_NUMBER": null, "LATITUDE": 30.41823, "LONGITUDE": -91.18221 }, "geometry": { "type": "Point", "coordinates": [ -91.182213467232145, 30.418237549339263 ] } },
{ "type": "Feature", "properties": { "ID": 1894, "LANDMARK_NAME": "WEST CAMPUS APARTMENTS BLDG #12", "FULL_ADDRESS": "525 ASTER ST", "CITY": "BATON ROUGE", "STATE": "LOUISIANA", "ZIP": 70802, "PHONE_NUMBER": null, "LATITUDE": 30.41863, "LONGITUDE": -91.18232 }, "geometry": { "type": "Point", "coordinates": [ -91.182330130200995, 30.418634394143389 ] } },
{ "type": "Feature", "properties": { "ID": 1895, "LANDMARK_NAME": "WEST CAMPUS APARTMENTS OUTDR PAVILION #2", "FULL_ADDRESS": "531 ASTER ST", "CITY": "BATON ROUGE", "STATE": "LOUISIANA", "ZIP": 70802, "PHONE_NUMBER": null, "LATITUDE": 30.41877, "LONGITUDE": -91.18239 }, "geometry": { "type": "Point", "coordinates": [ -91.182399916945471, 30.418779621349877 ] } },
{ "type": "Feature", "properties": { "ID": 1896, "LANDMARK_NAME": "WEST CAMPUS APARTMENTS BLDG #10", "FULL_ADDRESS": "545 ASTER ST", "CITY": "BATON ROUGE", "STATE": "LOUISIANA", "ZIP": 70802, "PHONE_NUMBER": null, "LATITUDE": 30.41909, "LONGITUDE": -91.18256 }, "geometry": { "type": "Point", "coordinates": [ -91.182562986334602, 30.41909422692579 ] } },
{ "type": "Feature", "properties": { "ID": 1897, "LANDMARK_NAME": "WEST CAMPUS APARTMENTS BLDG #8", "FULL_ADDRESS": "3304 ALASKA ST", "CITY": "BATON ROUGE", "STATE": "LOUISIANA", "ZIP": 70802, "PHONE_NUMBER": null, "LATITUDE": 30.41878, "LONGITUDE": -91.183 }, "geometry": { "type": "Point", "coordinates": [ -91.183003346855514, 30.418783986635638 ] } },
{ "type": "Feature", "properties": { "ID": 1898, "LANDMARK_NAME": "WEST CAMPUS APARTMENTS BLDG #6", "FULL_ADDRESS": "3341 ALASKA ST", "CITY": "BATON ROUGE", "STATE": "LOUISIANA", "ZIP": 70802, "PHONE_NUMBER": null, "LATITUDE": 30.41834, "LONGITUDE": -91.18292 }, "geometry": { "type": "Point", "coordinates": [ -91.182929406633633, 30.418348432000496 ] } },
{ "type": "Feature", "properties": { "ID": 1899, "LANDMARK_NAME": "WEST CAMPUS APARTMENTS BLDG #5", "FULL_ADDRESS": "3371 ALASKA ST", "CITY": "BATON ROUGE", "STATE": "LOUISIANA", "ZIP": 70802, "PHONE_NUMBER": null, "LATITUDE": 30.41805, "LONGITUDE": -91.18299 }, "geometry": { "type": "Point", "coordinates": [ -91.182999320106703, 30.418054218383027 ] } },
{ "type": "Feature", "properties": { "ID": 2116, "LANDMARK_NAME": "459 COMMONS APARTMENTS", "FULL_ADDRESS": "4045 HIGHLAND RD", "CITY": "BATON ROUGE", "STATE": "LOUISIANA", "ZIP": 70808, "PHONE_NUMBER": null, "LATITUDE": 30.41046, "LONGITUDE": -91.17438 }, "geometry": { "type": "Point", "coordinates": [ -91.174388322327161, 30.410464434338589 ] } },
{ "type": "Feature", "properties": { "ID": 2117, "LANDMARK_NAME": "459 COMMONS APARTMENTS", "FULL_ADDRESS": "4051 HIGHLAND RD", "CITY": "BATON ROUGE", "STATE": "LOUISIANA", "ZIP": 70808, "PHONE_NUMBER": null, "LATITUDE": 30.4103, "LONGITUDE": -91.17431 }, "geometry": { "type": "Point", "coordinates": [ -91.174317586907378, 30.410305796366682 ] } },
{ "type": "Feature", "properties": { "ID": 2575, "LANDMARK_NAME": "MAIN STREET APARTMENTS", "FULL_ADDRESS": "438 MAIN ST", "CITY": "BATON ROUGE", "STATE": "LOUISIANA", "ZIP": 70802, "PHONE_NUMBER": null, "LATITUDE": 30.45118, "LONGITUDE": -91.18655 }, "geometry": { "type": "Point", "coordinates": [ -91.186555019654421, 30.451185050280237 ] } },
{ "type": "Feature", "properties": { "ID": 2883, "LANDMARK_NAME": "TURNER PLAZA APARTMENTS (EBRPHA)", "FULL_ADDRESS": "4546 NORTH ST", "CITY": "BATON ROUGE", "STATE": "LOUISIANA", "ZIP": 70806, "PHONE_NUMBER": null, "LATITUDE": 30.45296, "LONGITUDE": -91.14309 }, "geometry": { "type": "Point", "coordinates": [ -91.143098589955528, 30.452966404516427 ] } },
{ "type": "Feature", "properties": { "ID": 2972, "LANDMARK_NAME": "BRIGHTSIDE MANOR APARTMENTS", "FULL_ADDRESS": "1676 BRIGHTSIDE DR", "CITY": "BATON ROUGE", "STATE": "LOUISIANA", "ZIP": 70820, "PHONE_NUMBER": null, "LATITUDE": 30.3882, "LONGITUDE": -91.17617 }, "geometry": { "type": "Point", "coordinates": [ -91.176176307653222, 30.388201309732246 ] } },
{ "type": "Feature", "properties": { "ID": 3775, "LANDMARK_NAME": "APARTMENTS", "FULL_ADDRESS": "215 SHIP DR", "CITY": "BATON ROUGE", "STATE": "LOUISIANA", "ZIP": 70806, "PHONE_NUMBER": null, "LATITUDE": 30.44973, "LONGITUDE": -91.1156 }, "geometry": { "type": "Point", "coordinates": [ -91.115604539863483, 30.449735812312472 ] } },
{ "type": "Feature", "properties": { "ID": 3815, "LANDMARK_NAME": "LONGRIDGE APARTMENTS", "FULL_ADDRESS": "11999 LONGRIDGE AVE", "CITY": "BATON ROUGE", "STATE": "LOUISIANA", "ZIP": 70816, "PHONE_NUMBER": null, "LATITUDE": 30.42309, "LONGITUDE": -91.04865 }, "geometry": { "type": "Point", "coordinates": [ -91.048660620291344, 30.42309609696337 ] } },
{ "type": "Feature", "properties": { "ID": 3889, "LANDMARK_NAME": "CRESTWORTH PLACE APARTMENTS", "FULL_ADDRESS": "9986 AVENUE I", "CITY": "BATON ROUGE", "STATE": "LOUISIANA", "ZIP": 70807, "PHONE_NUMBER": null, "LATITUDE": 30.53523, "LONGITUDE": -91.19768 }, "geometry": { "type": "Point", "coordinates": [ -91.197684336762734, 30.535231990948475 ] } },
{ "type": "Feature", "properties": { "ID": 4037, "LANDMARK_NAME": "NINE OAKS APARTMENTS 1", "FULL_ADDRESS": "686 MONET DR", "CITY": "BATON ROUGE", "STATE": "LOUISIANA", "ZIP": 70806, "PHONE_NUMBER": null, "LATITUDE": 30.45622, "LONGITUDE": -91.11697 }, "geometry": { "type": "Point", "coordinates": [ -91.116971204590939, 30.456225764853745 ] } },
{ "type": "Feature", "properties": { "ID": 4038, "LANDMARK_NAME": "COURT OF THREE SISTERS APARTMENTS", "FULL_ADDRESS": "844 MONET DR", "CITY": "BATON ROUGE", "STATE": "LOUISIANA", "ZIP": 70806, "PHONE_NUMBER": null, "LATITUDE": 30.45756, "LONGITUDE": -91.11701 }, "geometry": { "type": "Point", "coordinates": [ -91.117013680443961, 30.457569565313772 ] } },
{ "type": "Feature", "properties": { "ID": 4039, "LANDMARK_NAME": "MONET MANOR II APARTMENTS", "FULL_ADDRESS": "935 MONET DR", "CITY": "BATON ROUGE", "STATE": "LOUISIANA", "ZIP": 70806, "PHONE_NUMBER": null, "LATITUDE": 30.45829, "LONGITUDE": -91.11781 }, "geometry": { "type": "Point", "coordinates": [ -91.117817827778282, 30.458295604111989 ] } },
{ "type": "Feature", "properties": { "ID": 4170, "LANDMARK_NAME": "APARTMENTS", "FULL_ADDRESS": "5850 JEFFERSON HWY", "CITY": "BATON ROUGE", "STATE": "LOUISIANA", "ZIP": 70806, "PHONE_NUMBER": null, "LATITUDE": 30.44076, "LONGITUDE": -91.13021 }, "geometry": { "type": "Point", "coordinates": [ -91.130213762462617, 30.440763234671532 ] } },
{ "type": "Feature", "properties": { "ID": 4177, "LANDMARK_NAME": "AMY LYNN APARTMENT", "FULL_ADDRESS": "6875 TITIAN AVE", "CITY": "BATON ROUGE", "STATE": "LOUISIANA", "ZIP": 70806, "PHONE_NUMBER": null, "LATITUDE": 30.45641, "LONGITUDE": -91.12003 }, "geometry": { "type": "Point", "coordinates": [ -91.120037170698311, 30.456410926479215 ] } },
{ "type": "Feature", "properties": { "ID": 4178, "LANDMARK_NAME": "BOSLEY PLACE MONET 1 APARTMENTS", "FULL_ADDRESS": "651 MONET DR", "CITY": "BATON ROUGE", "STATE": "LOUISIANA", "ZIP": 70806, "PHONE_NUMBER": null, "LATITUDE": 30.45548, "LONGITUDE": -91.11771 }, "geometry": { "type": "Point", "coordinates": [ -91.117720553592974, 30.455490013557501 ] } },
{ "type": "Feature", "properties": { "ID": 4210, "LANDMARK_NAME": "CHATEAU JACQUES APARTMENTS", "FULL_ADDRESS": "11271 FLORIDA BLVD", "CITY": "BATON ROUGE", "STATE": "LOUISIANA", "ZIP": 70815, "PHONE_NUMBER": null, "LATITUDE": 30.45967, "LONGITUDE": -91.05943 }, "geometry": { "type": "Point", "coordinates": [ -91.059438089285862, 30.459671314433265 ] } },
{ "type": "Feature", "properties": { "ID": 5757, "LANDMARK_NAME": "YORKTOWN APARTMENTS", "FULL_ADDRESS": "1034 N DONMOOR AVE", "CITY": "BATON ROUGE", "STATE": "LOUISIANA", "ZIP": 70806, "PHONE_NUMBER": null, "LATITUDE": 30.45929, "LONGITUDE": -91.11831 }, "geometry": { "type": "Point", "coordinates": [ -91.118313766858392, 30.459291201855184 ] } },
{ "type": "Feature", "properties": { "ID": 5815, "LANDMARK_NAME": "JEFFERSON COLONIAL APARTMENTS", "FULL_ADDRESS": "7940 JEFFERSON HWY", "CITY": "BATON ROUGE", "STATE": "LOUISIANA", "ZIP": 70809, "PHONE_NUMBER": null, "LATITUDE": 30.42571, "LONGITUDE": -91.10678 }, "geometry": { "type": "Point", "coordinates": [ -91.106788929554867, 30.425713604347614 ] } },
{ "type": "Feature", "properties": { "ID": 6318, "LANDMARK_NAME": "HOSPITAL PLAZA APARTMENTS", "FULL_ADDRESS": "5852 QUIDA MAE DR", "CITY": "BATON ROUGE", "STATE": "LOUISIANA", "ZIP": 70812, "PHONE_NUMBER": null, "LATITUDE": 30.50382, "LONGITUDE": -91.12959 }, "geometry": { "type": "Point", "coordinates": [ -91.129595250209505, 30.503825262806473 ] } },
{ "type": "Feature", "properties": { "ID": 6323, "LANDMARK_NAME": "APARTMENTS", "FULL_ADDRESS": "5724 SATINWOOD DR", "CITY": "BATON ROUGE", "STATE": "LOUISIANA", "ZIP": 70812, "PHONE_NUMBER": null, "LATITUDE": 30.50269, "LONGITUDE": -91.12395 }, "geometry": { "type": "Point", "coordinates": [ -91.123950977766796, 30.502692167651986 ] } },
{ "type": "Feature", "properties": { "ID": 7120, "LANDMARK_NAME": "PROVINCIAL NORTH APARTMENTS", "FULL_ADDRESS": "1271 N FOSTER DR", "CITY": "BATON ROUGE", "STATE": "LOUISIANA", "ZIP": 70806, "PHONE_NUMBER": null, "LATITUDE": 30.46039, "LONGITUDE": -91.14089 }, "geometry": { "type": "Point", "coordinates": [ -91.140899757233029, 30.460392608679228 ] } },
{ "type": "Feature", "properties": { "ID": 7121, "LANDMARK_NAME": "PROVINCIAL NORTH APARTMENTS", "FULL_ADDRESS": "1283 N FOSTER DR", "CITY": "BATON ROUGE", "STATE": "LOUISIANA", "ZIP": 70806, "PHONE_NUMBER": null, "LATITUDE": 30.46059, "LONGITUDE": -91.14083 }, "geometry": { "type": "Point", "coordinates": [ -91.140835728500647, 30.460594023997395 ] } },
{ "type": "Feature", "properties": { "ID": 7122, "LANDMARK_NAME": "PROVINCIAL NORTH APARTMENTS", "FULL_ADDRESS": "1295 N FOSTER DR", "CITY": "BATON ROUGE", "STATE": "LOUISIANA", "ZIP": 70806, "PHONE_NUMBER": null, "LATITUDE": 30.4606, "LONGITUDE": -91.14053 }, "geometry": { "type": "Point", "coordinates": [ -91.140532874008684, 30.460604989659299 ] } },
{ "type": "Feature", "properties": { "ID": 7123, "LANDMARK_NAME": "PROVINCIAL NORTH APARTMENTS", "FULL_ADDRESS": "1399 N FOSTER DR", "CITY": "BATON ROUGE", "STATE": "LOUISIANA", "ZIP": 70806, "PHONE_NUMBER": null, "LATITUDE": 30.46017, "LONGITUDE": -91.13968 }, "geometry": { "type": "Point", "coordinates": [ -91.139686657478265, 30.460176021444124 ] } },
{ "type": "Feature", "properties": { "ID": 7128, "LANDMARK_NAME": "PARK PLACE ON BARD APARTMENTS", "FULL_ADDRESS": "11360 BARD AVE", "CITY": "BATON ROUGE", "STATE": "LOUISIANA", "ZIP": 70815, "PHONE_NUMBER": null, "LATITUDE": 30.46769, "LONGITUDE": -91.05735 }, "geometry": { "type": "Point", "coordinates": [ -91.057358659996027, 30.46769542868719 ] } },
{ "type": "Feature", "properties": { "ID": 7129, "LANDMARK_NAME": "PARK PLACE ON BARD APARTMENTS", "FULL_ADDRESS": "11374 BARD AVE", "CITY": "BATON ROUGE", "STATE": "LOUISIANA", "ZIP": 70815, "PHONE_NUMBER": null, "LATITUDE": 30.46739, "LONGITUDE": -91.05735 }, "geometry": { "type": "Point", "coordinates": [ -91.057357618582969, 30.467400294422731 ] } },
{ "type": "Feature", "properties": { "ID": 7130, "LANDMARK_NAME": "PARK PLACE ON BARD APARTMENTS", "FULL_ADDRESS": "11386 BARD AVE", "CITY": "BATON ROUGE", "STATE": "LOUISIANA", "ZIP": 70815, "PHONE_NUMBER": null, "LATITUDE": 30.46766, "LONGITUDE": -91.05723 }, "geometry": { "type": "Point", "coordinates": [ -91.057232135327851, 30.467667747881542 ] } },
{ "type": "Feature", "properties": { "ID": 7131, "LANDMARK_NAME": "PARK PLACE ON BARD APARTMENTS", "FULL_ADDRESS": "11400 BARD AVE", "CITY": "BATON ROUGE", "STATE": "LOUISIANA", "ZIP": 70815, "PHONE_NUMBER": null, "LATITUDE": 30.46743, "LONGITUDE": -91.05723 }, "geometry": { "type": "Point", "coordinates": [ -91.057238357212896, 30.467438751823227 ] } },
{ "type": "Feature", "properties": { "ID": 7132, "LANDMARK_NAME": "PARK PLACE ON BARD APARTMENTS", "FULL_ADDRESS": "11414 BARD AVE", "CITY": "BATON ROUGE", "STATE": "LOUISIANA", "ZIP": 70815, "PHONE_NUMBER": null, "LATITUDE": 30.46766, "LONGITUDE": -91.05696 }, "geometry": { "type": "Point", "coordinates": [ -91.056964052234463, 30.467662350236154 ] } },
{ "type": "Feature", "properties": { "ID": 7133, "LANDMARK_NAME": "PARK PLACE ON BARD APARTMENTS", "FULL_ADDRESS": "11426 BARD AVE", "CITY": "BATON ROUGE", "STATE": "LOUISIANA", "ZIP": 70815, "PHONE_NUMBER": null, "LATITUDE": 30.46754, "LONGITUDE": -91.05683 }, "geometry": { "type": "Point", "coordinates": [ -91.056839632282973, 30.467547585264136 ] } },
{ "type": "Feature", "properties": { "ID": 7510, "LANDMARK_NAME": "THE COTTAGES AT BLUE HERON LAKES APARTMENTS", "FULL_ADDRESS": "4000 MC HUGH RD", "CITY": "ZACHARY", "STATE": "LOUISIANA", "ZIP": 70791, "PHONE_NUMBER": null, "LATITUDE": 30.64323, "LONGITUDE": -91.13868 }, "geometry": { "type": "Point", "coordinates": [ -91.138684737373339, 30.643239512820188 ] } },
{ "type": "Feature", "properties": { "ID": 7514, "LANDMARK_NAME": "THE PALMS AT SUNSET LAKES APARTMENTS", "FULL_ADDRESS": "4150 MC HUGH RD", "CITY": "ZACHARY", "STATE": "LOUISIANA", "ZIP": 70791, "PHONE_NUMBER": null, "LATITUDE": 30.64343, "LONGITUDE": -91.13635 }, "geometry": { "type": "Point", "coordinates": [ -91.136353331408571, 30.643436612144026 ] } },
{ "type": "Feature", "properties": { "ID": 8386, "LANDMARK_NAME": "APARTMENTS", "FULL_ADDRESS": "1510 LA ANNIE DR", "CITY": "BATON ROUGE", "STATE": "LOUISIANA", "ZIP": 70815, "PHONE_NUMBER": null, "LATITUDE": 30.46689, "LONGITUDE": -91.04357 }, "geometry": { "type": "Point", "coordinates": [ -91.043578991072721, 30.466895515524097 ] } },
{ "type": "Feature", "properties": { "ID": 8466, "LANDMARK_NAME": "OLE TOWNE APARTMENTS", "FULL_ADDRESS": "1625 COLLEGE DR", "CITY": "BATON ROUGE", "STATE": "LOUISIANA", "ZIP": 70808, "PHONE_NUMBER": null, "LATITUDE": 30.43424, "LONGITUDE": -91.13399 }, "geometry": { "type": "Point", "coordinates": [ -91.133995568188737, 30.434241618300799 ] } },
{ "type": "Feature", "properties": { "ID": 9238, "LANDMARK_NAME": "APARTMENTS", "FULL_ADDRESS": "3316 BYRON ST", "CITY": "BATON ROUGE", "STATE": "LOUISIANA", "ZIP": 70805, "PHONE_NUMBER": null, "LATITUDE": 30.49334, "LONGITUDE": -91.15705 }, "geometry": { "type": "Point", "coordinates": [ -91.157057179032606, 30.493350463711483 ] } },
{ "type": "Feature", "properties": { "ID": 9496, "LANDMARK_NAME": "APARTMENTS", "FULL_ADDRESS": "2666 BALIS DR", "CITY": "BATON ROUGE", "STATE": "LOUISIANA", "ZIP": 70808, "PHONE_NUMBER": null, "LATITUDE": 30.42435, "LONGITUDE": -91.14214 }, "geometry": { "type": "Point", "coordinates": [ -91.142146235537865, 30.424360329404863 ] } },
{ "type": "Feature", "properties": { "ID": 10094, "LANDMARK_NAME": "WEST CAMPUS APARTMENTS ACTIVITY CENTER BLDG #13", "FULL_ADDRESS": "527 ASTER ST", "CITY": "BATON ROUGE", "STATE": "LOUISIANA", "ZIP": 70802, "PHONE_NUMBER": null, "LATITUDE": 30.4184, "LONGITUDE": -91.18234 }, "geometry": { "type": "Point", "coordinates": [ -91.1823459005454, 30.418408330321672 ] } },
{ "type": "Feature", "properties": { "ID": 11479, "LANDMARK_NAME": "IVY PARK APARTMENTS", "FULL_ADDRESS": "6444 JONES CREEK RD, BLDG 24", "CITY": "BATON ROUGE", "STATE": "LOUISIANA", "ZIP": 70817, "PHONE_NUMBER": null, "LATITUDE": 30.39588, "LONGITUDE": -91.01832 }, "geometry": { "type": "Point", "coordinates": [ -91.018327838747183, 30.395889612630199 ] } },
{ "type": "Feature", "properties": { "ID": 12362, "LANDMARK_NAME": "COTTAGES AT SOUTHFORK APARTMENTS", "FULL_ADDRESS": "3677 S COTTAGES AVE", "CITY": "BATON ROUGE", "STATE": "LOUISIANA", "ZIP": 70816, "PHONE_NUMBER": null, "LATITUDE": 30.41978, "LONGITUDE": -91.05591 }, "geometry": { "type": "Point", "coordinates": [ -91.055916692195993, 30.419784576583027 ] } },
{ "type": "Feature", "properties": { "ID": 12363, "LANDMARK_NAME": "COTTAGES AT SOUTHFORK APARTMENTS", "FULL_ADDRESS": "11555 COTTAGECREEK RD", "CITY": "BATON ROUGE", "STATE": "LOUISIANA", "ZIP": 70816, "PHONE_NUMBER": null, "LATITUDE": 30.41947, "LONGITUDE": -91.05541 }, "geometry": { "type": "Point", "coordinates": [ -91.055415965170383, 30.419472936073628 ] } },
{ "type": "Feature", "properties": { "ID": 12364, "LANDMARK_NAME": "COTTAGES AT SOUTHFORK APARTMENTS", "FULL_ADDRESS": "11556 COTTAGEVIEW LN", "CITY": "BATON ROUGE", "STATE": "LOUISIANA", "ZIP": 70816, "PHONE_NUMBER": null, "LATITUDE": 30.42064, "LONGITUDE": -91.05557 }, "geometry": { "type": "Point", "coordinates": [ -91.055574235349013, 30.420643367034561 ] } },
{ "type": "Feature", "properties": { "ID": 12365, "LANDMARK_NAME": "COTTAGES AT SOUTHFORK APARTMENTS", "FULL_ADDRESS": "11509 COTTAGEVIEW LN", "CITY": "BATON ROUGE", "STATE": "LOUISIANA", "ZIP": 70816, "PHONE_NUMBER": null, "LATITUDE": 30.42101, "LONGITUDE": -91.05613 }, "geometry": { "type": "Point", "coordinates": [ -91.05613267675632, 30.421014304799105 ] } },
{ "type": "Feature", "properties": { "ID": 12366, "LANDMARK_NAME": "COTTAGES AT SOUTHFORK APARTMENTS", "FULL_ADDRESS": "11557 COTTAGEVIEW LN", "CITY": "BATON ROUGE", "STATE": "LOUISIANA", "ZIP": 70816, "PHONE_NUMBER": null, "LATITUDE": 30.42101, "LONGITUDE": -91.05563 }, "geometry": { "type": "Point", "coordinates": [ -91.055631388112673, 30.421012711633903 ] } },
{ "type": "Feature", "properties": { "ID": 12526, "LANDMARK_NAME": "APARTMENTS", "FULL_ADDRESS": "7111 VILLAGE MAISON CT", "CITY": "BATON ROUGE", "STATE": "LOUISIANA", "ZIP": 70809, "PHONE_NUMBER": null, "LATITUDE": 30.37983, "LONGITUDE": -91.05243 }, "geometry": { "type": "Point", "coordinates": [ -91.05244062457156, 30.379836159986841 ] } },
{ "type": "Feature", "properties": { "ID": 12757, "LANDMARK_NAME": "JEFFERSON LAKES APARTMENTS", "FULL_ADDRESS": "12400 JEFFERSON HWY, BLDG 30", "CITY": "BATON ROUGE", "STATE": "LOUISIANA", "ZIP": 70816, "PHONE_NUMBER": null, "LATITUDE": 30.39284, "LONGITUDE": -91.04517 }, "geometry": { "type": "Point", "coordinates": [ -91.04517748691255, 30.392849155842519 ] } },
{ "type": "Feature", "properties": { "ID": 13572, "LANDMARK_NAME": "200 WATER STREET RESIDENCES (APARTMENTS)", "FULL_ADDRESS": "200 WATER ST", "CITY": "BATON ROUGE", "STATE": "LOUISIANA", "ZIP": 70802, "PHONE_NUMBER": null, "LATITUDE": 30.43672, "LONGITUDE": -91.18853 }, "geometry": { "type": "Point", "coordinates": [ -91.188537166219419, 30.436720967594027 ] } },
{ "type": "Feature", "properties": { "ID": 13904, "LANDMARK_NAME": "REGENCY CLUB APARTMENTS", "FULL_ADDRESS": "11555 SOUTHFORK AVE, BLDG A", "CITY": "BATON ROUGE", "STATE": "LOUISIANA", "ZIP": 70816, "PHONE_NUMBER": null, "LATITUDE": 30.42168, "LONGITUDE": -91.05673 }, "geometry": { "type": "Point", "coordinates": [ -91.056731315888612, 30.421688533047902 ] } },
{ "type": "Feature", "properties": { "ID": 13905, "LANDMARK_NAME": "REGENCY CLUB APARTMENTS", "FULL_ADDRESS": "11555 SOUTHFORK AVE, BLDG B", "CITY": "BATON ROUGE", "STATE": "LOUISIANA", "ZIP": 70816, "PHONE_NUMBER": null, "LATITUDE": 30.42209, "LONGITUDE": -91.05663 }, "geometry": { "type": "Point", "coordinates": [ -91.056633388689349, 30.422091819277192 ] } },
{ "type": "Feature", "properties": { "ID": 13906, "LANDMARK_NAME": "REGENCY CLUB APARTMENTS", "FULL_ADDRESS": "11555 SOUTHFORK AVE, BLDG C", "CITY": "BATON ROUGE", "STATE": "LOUISIANA", "ZIP": 70816, "PHONE_NUMBER": null, "LATITUDE": 30.42238, "LONGITUDE": -91.05617 }, "geometry": { "type": "Point", "coordinates": [ -91.056176204545594, 30.422386489324424 ] } },
{ "type": "Feature", "properties": { "ID": 13907, "LANDMARK_NAME": "REGENCY CLUB APARTMENTS", "FULL_ADDRESS": "11555 SOUTHFORK AVE, BLDG D", "CITY": "BATON ROUGE", "STATE": "LOUISIANA", "ZIP": 70816, "PHONE_NUMBER": null, "LATITUDE": 30.42282, "LONGITUDE": -91.05635 }, "geometry": { "type": "Point", "coordinates": [ -91.056354757796228, 30.422826309024607 ] } },
{ "type": "Feature", "properties": { "ID": 13908, "LANDMARK_NAME": "REGENCY CLUB APARTMENTS", "FULL_ADDRESS": "11555 SOUTHFORK AVE, BLDG E", "CITY": "BATON ROUGE", "STATE": "LOUISIANA", "ZIP": 70816, "PHONE_NUMBER": null, "LATITUDE": 30.42294, "LONGITUDE": -91.05674 }, "geometry": { "type": "Point", "coordinates": [ -91.056741651365968, 30.422942972189865 ] } },
{ "type": "Feature", "properties": { "ID": 13909, "LANDMARK_NAME": "REGENCY CLUB APARTMENTS", "FULL_ADDRESS": "11555 SOUTHFORK AVE, BLDG F", "CITY": "BATON ROUGE", "STATE": "LOUISIANA", "ZIP": 70816, "PHONE_NUMBER": null, "LATITUDE": 30.42341, "LONGITUDE": -91.05681 }, "geometry": { "type": "Point", "coordinates": [ -91.056818704335356, 30.423414538869334 ] } },
{ "type": "Feature", "properties": { "ID": 13910, "LANDMARK_NAME": "REGENCY CLUB APARTMENTS", "FULL_ADDRESS": "11555 SOUTHFORK AVE, BLDG G", "CITY": "BATON ROUGE", "STATE": "LOUISIANA", "ZIP": 70816, "PHONE_NUMBER": null, "LATITUDE": 30.42352, "LONGITUDE": -91.05639 }, "geometry": { "type": "Point", "coordinates": [ -91.056394306588658, 30.423521514115247 ] } },
{ "type": "Feature", "properties": { "ID": 13911, "LANDMARK_NAME": "REGENCY CLUB APARTMENTS", "FULL_ADDRESS": "11555 SOUTHFORK AVE, BLDG H", "CITY": "BATON ROUGE", "STATE": "LOUISIANA", "ZIP": 70816, "PHONE_NUMBER": null, "LATITUDE": 30.4231, "LONGITUDE": -91.05603 }, "geometry": { "type": "Point", "coordinates": [ -91.056031296709122, 30.423105278098113 ] } },
{ "type": "Feature", "properties": { "ID": 13912, "LANDMARK_NAME": "REGENCY CLUB APARTMENTS", "FULL_ADDRESS": "11555 SOUTHFORK AVE, BLDG J", "CITY": "BATON ROUGE", "STATE": "LOUISIANA", "ZIP": 70816, "PHONE_NUMBER": null, "LATITUDE": 30.42237, "LONGITUDE": -91.05576 }, "geometry": { "type": "Point", "coordinates": [ -91.055761354620088, 30.422377628390418 ] } },
{ "type": "Feature", "properties": { "ID": 13913, "LANDMARK_NAME": "REGENCY CLUB APARTMENTS", "FULL_ADDRESS": "11555 SOUTHFORK AVE, BLDG K", "CITY": "BATON ROUGE", "STATE": "LOUISIANA", "ZIP": 70816, "PHONE_NUMBER": null, "LATITUDE": 30.42197, "LONGITUDE": -91.05566 }, "geometry": { "type": "Point", "coordinates": [ -91.055661057888358, 30.421977922042135 ] } },
{ "type": "Feature", "properties": { "ID": 13914, "LANDMARK_NAME": "REGENCY CLUB APARTMENTS", "FULL_ADDRESS": "11555 SOUTHFORK AVE, BLDG L", "CITY": "BATON ROUGE", "STATE": "LOUISIANA", "ZIP": 70816, "PHONE_NUMBER": null, "LATITUDE": 30.42168, "LONGITUDE": -91.05514 }, "geometry": { "type": "Point", "coordinates": [ -91.055140969627942, 30.421689191858732 ] } },
{ "type": "Feature", "properties": { "ID": 13915, "LANDMARK_NAME": "REGENCY CLUB APARTMENTS", "FULL_ADDRESS": "11555 SOUTHFORK AVE, BLDG M", "CITY": "BATON ROUGE", "STATE": "LOUISIANA", "ZIP": 70816, "PHONE_NUMBER": null, "LATITUDE": 30.42164, "LONGITUDE": -91.05558 }, "geometry": { "type": "Point", "coordinates": [ -91.055583609288959, 30.421650172582602 ] } },
{ "type": "Feature", "properties": { "ID": 13916, "LANDMARK_NAME": "REGENCY CLUB APARTMENTS", "FULL_ADDRESS": "11555 SOUTHFORK AVE, BLDG N", "CITY": "BATON ROUGE", "STATE": "LOUISIANA", "ZIP": 70816, "PHONE_NUMBER": null, "LATITUDE": 30.42169, "LONGITUDE": -91.056 }, "geometry": { "type": "Point", "coordinates": [ -91.056002966904003, 30.421694997141024 ] } },
{ "type": "Feature", "properties": { "ID": 14068, "LANDMARK_NAME": "GATES, HELEN B - EAST CAMPUS APARTMENTS", "FULL_ADDRESS": "60 EAST CAMPUS LOT", "CITY": "BATON ROUGE", "STATE": "LOUISIANA", "ZIP": 70803, "PHONE_NUMBER": null, "LATITUDE": 30.41296, "LONGITUDE": -91.17252 }, "geometry": { "type": "Point", "coordinates": [ -91.172525720953331, 30.412968437740385 ] } },
{ "type": "Feature", "properties": { "ID": 14069, "LANDMARK_NAME": "HAUER, MARY G - EAST CAMPUS APARTMENTS", "FULL_ADDRESS": "217 E CAMPUS DR", "CITY": "BATON ROUGE", "STATE": "LOUISIANA", "ZIP": 70803, "PHONE_NUMBER": null, "LATITUDE": 30.41257, "LONGITUDE": -91.17285 }, "geometry": { "type": "Point", "coordinates": [ -91.172858276069448, 30.412571436828923 ] } },
{ "type": "Feature", "properties": { "ID": 14070, "LANDMARK_NAME": "SMITH, FRANCIS W -EAST CAMPUS APARTMENTS", "FULL_ADDRESS": "253 E CAMPUS DR", "CITY": "BATON ROUGE", "STATE": "LOUISIANA", "ZIP": 70803, "PHONE_NUMBER": null, "LATITUDE": 30.41202, "LONGITUDE": -91.17319 }, "geometry": { "type": "Point", "coordinates": [ -91.173197403669178, 30.412021828611547 ] } },
{ "type": "Feature", "properties": { "ID": 14071, "LANDMARK_NAME": "MCKNIGHT, T K - EAST CAMPUS APARTMENTS", "FULL_ADDRESS": "227 E CAMPUS DR", "CITY": "BATON ROUGE", "STATE": "LOUISIANA", "ZIP": 70803, "PHONE_NUMBER": null, "LATITUDE": 30.41238, "LONGITUDE": -91.17307 }, "geometry": { "type": "Point", "coordinates": [ -91.173071102042087, 30.412386342030779 ] } },
{ "type": "Feature", "properties": { "ID": 14198, "LANDMARK_NAME": "JEFFERSON LAKES APARTMENTS", "FULL_ADDRESS": "12400 JEFFERSON HWY, BLDG 21", "CITY": "BATON ROUGE", "STATE": "LOUISIANA", "ZIP": 70816, "PHONE_NUMBER": null, "LATITUDE": 30.39163, "LONGITUDE": -91.04305 }, "geometry": { "type": "Point", "coordinates": [ -91.043050973391303, 30.391635636701999 ] } },
{ "type": "Feature", "properties": { "ID": 14199, "LANDMARK_NAME": "JEFFERSON LAKES APARTMENTS", "FULL_ADDRESS": "12400 JEFFERSON HWY, BLDG 22", "CITY": "BATON ROUGE", "STATE": "LOUISIANA", "ZIP": 70816, "PHONE_NUMBER": null, "LATITUDE": 30.39163, "LONGITUDE": -91.04348 }, "geometry": { "type": "Point", "coordinates": [ -91.043486936556064, 30.39163659341385 ] } },
{ "type": "Feature", "properties": { "ID": 14200, "LANDMARK_NAME": "JEFFERSON LAKES APARTMENTS", "FULL_ADDRESS": "12400 JEFFERSON HWY, BLDG 23", "CITY": "BATON ROUGE", "STATE": "LOUISIANA", "ZIP": 70816, "PHONE_NUMBER": null, "LATITUDE": 30.39176, "LONGITUDE": -91.04454 }, "geometry": { "type": "Point", "coordinates": [ -91.044548029098394, 30.39177037559239 ] } },
{ "type": "Feature", "properties": { "ID": 14201, "LANDMARK_NAME": "JEFFERSON LAKES APARTMENTS", "FULL_ADDRESS": "12400 JEFFERSON HWY, BLDG 24", "CITY": "BATON ROUGE", "STATE": "LOUISIANA", "ZIP": 70816, "PHONE_NUMBER": null, "LATITUDE": 30.39179, "LONGITUDE": -91.04493 }, "geometry": { "type": "Point", "coordinates": [ -91.044933366231689, 30.391798603625404 ] } },
{ "type": "Feature", "properties": { "ID": 14202, "LANDMARK_NAME": "JEFFERSON LAKES APARTMENTS", "FULL_ADDRESS": "12400 JEFFERSON HWY, BLDG 25", "CITY": "BATON ROUGE", "STATE": "LOUISIANA", "ZIP": 70816, "PHONE_NUMBER": null, "LATITUDE": 30.39203, "LONGITUDE": -91.04429 }, "geometry": { "type": "Point", "coordinates": [ -91.044294531590936, 30.392032738976575 ] } },
{ "type": "Feature", "properties": { "ID": 14203, "LANDMARK_NAME": "JEFFERSON LAKES APARTMENTS", "FULL_ADDRESS": "12400 JEFFERSON HWY, BLDG 26", "CITY": "BATON ROUGE", "STATE": "LOUISIANA", "ZIP": 70816, "PHONE_NUMBER": null, "LATITUDE": 30.39207, "LONGITUDE": -91.0449 }, "geometry": { "type": "Point", "coordinates": [ -91.044900980108849, 30.392072405465672 ] } },
{ "type": "Feature", "properties": { "ID": 14204, "LANDMARK_NAME": "JEFFERSON LAKES APARTMENTS", "FULL_ADDRESS": "12400 JEFFERSON HWY, BLDG 27", "CITY": "BATON ROUGE", "STATE": "LOUISIANA", "ZIP": 70816, "PHONE_NUMBER": null, "LATITUDE": 30.39233, "LONGITUDE": -91.04474 }, "geometry": { "type": "Point", "coordinates": [ -91.044748575507526, 30.392334991158567 ] } },
{ "type": "Feature", "properties": { "ID": 14205, "LANDMARK_NAME": "JEFFERSON LAKES APARTMENTS", "FULL_ADDRESS": "12400 JEFFERSON HWY, BLDG 28", "CITY": "BATON ROUGE", "STATE": "LOUISIANA", "ZIP": 70816, "PHONE_NUMBER": null, "LATITUDE": 30.39239, "LONGITUDE": -91.04525 }, "geometry": { "type": "Point", "coordinates": [ -91.04526018711374, 30.392396358989902 ] } },
{ "type": "Feature", "properties": { "ID": 14206, "LANDMARK_NAME": "JEFFERSON LAKES APARTMENTS", "FULL_ADDRESS": "12400 JEFFERSON HWY, BLDG 29", "CITY": "BATON ROUGE", "STATE": "LOUISIANA", "ZIP": 70816, "PHONE_NUMBER": null, "LATITUDE": 30.39267, "LONGITUDE": -91.0448 }, "geometry": { "type": "Point", "coordinates": [ -91.044810773414156, 30.392674728759292 ] } },
{ "type": "Feature", "properties": { "ID": 14207, "LANDMARK_NAME": "JEFFERSON LAKES APARTMENTS", "FULL_ADDRESS": "12400 JEFFERSON HWY, BLDG 16", "CITY": "BATON ROUGE", "STATE": "LOUISIANA", "ZIP": 70816, "PHONE_NUMBER": null, "LATITUDE": 30.39258, "LONGITUDE": -91.04232 }, "geometry": { "type": "Point", "coordinates": [ -91.042321576788382, 30.392587110004285 ] } },
{ "type": "Feature", "properties": { "ID": 14254, "LANDMARK_NAME": "WEST CAMPUS APARTMENTS BLDG #4", "FULL_ADDRESS": "3399 ALASKA ST", "CITY": "BATON ROUGE", "STATE": "LOUISIANA", "ZIP": 70803, "PHONE_NUMBER": null, "LATITUDE": 30.41765, "LONGITUDE": -91.18321 }, "geometry": { "type": "Point", "coordinates": [ -91.183216795324611, 30.417653151464208 ] } },
{ "type": "Feature", "properties": { "ID": 14355, "LANDMARK_NAME": "NESSER GARDENS APARTMENTS", "FULL_ADDRESS": "10446 JEFFERSON HWY", "CITY": "BATON ROUGE", "STATE": "LOUISIANA", "ZIP": 70809, "PHONE_NUMBER": null, "LATITUDE": 30.40817, "LONGITUDE": -91.06669 }, "geometry": { "type": "Point", "coordinates": [ -91.066693424224397, 30.408171979425198 ] } },
{ "type": "Feature", "properties": { "ID": 14369, "LANDMARK_NAME": "EDWARD J. GAY APARTMENTS (BUILDING R)", "FULL_ADDRESS": "345 SPRUCE LN", "CITY": "BATON ROUGE", "STATE": "LOUISIANA", "ZIP": 70802, "PHONE_NUMBER": null, "LATITUDE": 30.42113, "LONGITUDE": -91.1812 }, "geometry": { "type": "Point", "coordinates": [ -91.181203801040851, 30.421133444190279 ] } },
{ "type": "Feature", "properties": { "ID": 14937, "LANDMARK_NAME": "A.C. LEWIS APARTMENTS", "FULL_ADDRESS": "352 S FOSTER DR", "CITY": "BATON ROUGE", "STATE": "LOUISIANA", "ZIP": 70806, "PHONE_NUMBER": null, "LATITUDE": 30.44624, "LONGITUDE": -91.14061 }, "geometry": { "type": "Point", "coordinates": [ -91.140617370232846, 30.446248734661232 ] } },
{ "type": "Feature", "properties": { "ID": 15674, "LANDMARK_NAME": "NEWMAN, JACCOB K -EAST CAMPUS APARTMENTS", "FULL_ADDRESS": "82 EAST CAMPUS LOT", "CITY": "BATON ROUGE", "STATE": "LOUISIANA", "ZIP": 70803, "PHONE_NUMBER": null, "LATITUDE": 30.41266, "LONGITUDE": -91.17211 }, "geometry": { "type": "Point", "coordinates": [ -91.172111631869484, 30.412668226384479 ] } },
{ "type": "Feature", "properties": { "ID": 15675, "LANDMARK_NAME": "PIPKIN, CHARLES W-EAST CAMPUS APARTMENTS", "FULL_ADDRESS": "104 EAST CAMPUS LOT", "CITY": "BATON ROUGE", "STATE": "LOUISIANA", "ZIP": 70803, "PHONE_NUMBER": null, "LATITUDE": 30.41241, "LONGITUDE": -91.17251 }, "geometry": { "type": "Point", "coordinates": [ -91.172519662061433, 30.412410730628299 ] } },
{ "type": "Feature", "properties": { "ID": 15676, "LANDMARK_NAME": "LOWERY, GEORGE H -EAST CAMPUS APARTMENTS", "FULL_ADDRESS": "499 S CAMPUS DR", "CITY": "BATON ROUGE", "STATE": "LOUISIANA", "ZIP": 70803, "PHONE_NUMBER": null, "LATITUDE": 30.41185, "LONGITUDE": -91.17273 }, "geometry": { "type": "Point", "coordinates": [ -91.172740783948143, 30.411853302289501 ] } },
{ "type": "Feature", "properties": { "ID": 15678, "LANDMARK_NAME": "WEST CAMPUS APARTMENTS OUTDR PAVILION #1", "FULL_ADDRESS": "3385 ALASKA ST", "CITY": "BATON ROUGE", "STATE": "LOUISIANA", "ZIP": 70802, "PHONE_NUMBER": null, "LATITUDE": 30.41793, "LONGITUDE": -91.18267 }, "geometry": { "type": "Point", "coordinates": [ -91.182675753697666, 30.417936990161948 ] } },
{ "type": "Feature", "properties": { "ID": 15679, "LANDMARK_NAME": "WEST CAMPUS APARTMENTS BLDG #11", "FULL_ADDRESS": "501 ASTER ST", "CITY": "BATON ROUGE", "STATE": "LOUISIANA", "ZIP": 70802, "PHONE_NUMBER": null, "LATITUDE": 30.41905, "LONGITUDE": -91.18208 }, "geometry": { "type": "Point", "coordinates": [ -91.18208865849401, 30.419053775077376 ] } },
{ "type": "Feature", "properties": { "ID": 15680, "LANDMARK_NAME": "WEST CAMPUS APARTMENTS BLDG #7", "FULL_ADDRESS": "3288 ALASKA ST", "CITY": "BATON ROUGE", "STATE": "LOUISIANA", "ZIP": 70802, "PHONE_NUMBER": null, "LATITUDE": 30.41864, "LONGITUDE": -91.18282 }, "geometry": { "type": "Point", "coordinates": [ -91.182828738762467, 30.418643052574645 ] } },
{ "type": "Feature", "properties": { "ID": 15723, "LANDMARK_NAME": "THE WATERS AT MILLERVILLE APARTMENTS", "FULL_ADDRESS": "13571 MILLERVILLE GREENS BLVD", "CITY": "BATON ROUGE", "STATE": "LOUISIANA", "ZIP": 70816, "PHONE_NUMBER": null, "LATITUDE": 30.43875, "LONGITUDE": -91.02674 }, "geometry": { "type": "Point", "coordinates": [ -91.026746282848407, 30.43875764346619 ] } },
{ "type": "Feature", "properties": { "ID": 15724, "LANDMARK_NAME": "THE WATERS AT MILLERVILLE APARTMENTS", "FULL_ADDRESS": "13651 MILLERVILLE GREENS BLVD", "CITY": "BATON ROUGE", "STATE": "LOUISIANA", "ZIP": 70816, "PHONE_NUMBER": null, "LATITUDE": 30.43969, "LONGITUDE": -91.02687 }, "geometry": { "type": "Point", "coordinates": [ -91.02687742481767, 30.439698200997142 ] } },
{ "type": "Feature", "properties": { "ID": 15725, "LANDMARK_NAME": "THE WATERS AT MILLERVILLE APARTMENTS", "FULL_ADDRESS": "13701 MILLERVILLE GREENS BLVD", "CITY": "BATON ROUGE", "STATE": "LOUISIANA", "ZIP": 70816, "PHONE_NUMBER": null, "LATITUDE": 30.43952, "LONGITUDE": -91.02782 }, "geometry": { "type": "Point", "coordinates": [ -91.02782268003368, 30.439520633506412 ] } },
{ "type": "Feature", "properties": { "ID": 15726, "LANDMARK_NAME": "THE WATERS AT MILLERVILLE APARTMENTS", "FULL_ADDRESS": "13711 MILLERVILLE GREENS BLVD", "CITY": "BATON ROUGE", "STATE": "LOUISIANA", "ZIP": 70816, "PHONE_NUMBER": null, "LATITUDE": 30.43977, "LONGITUDE": -91.02793 }, "geometry": { "type": "Point", "coordinates": [ -91.027933602040108, 30.439775311555497 ] } },
{ "type": "Feature", "properties": { "ID": 15728, "LANDMARK_NAME": "CHOCTAW LODGE APARTMENTS", "FULL_ADDRESS": "4115 MOHICAN-PRESCOTT XOVR, BLDG 6", "CITY": "BATON ROUGE", "STATE": "LOUISIANA", "ZIP": 70805, "PHONE_NUMBER": null, "LATITUDE": 30.48603, "LONGITUDE": -91.14871 }, "geometry": { "type": "Point", "coordinates": [ -91.148713118910123, 30.486031937576485 ] } },
{ "type": "Feature", "properties": { "ID": 15729, "LANDMARK_NAME": "CHOCTAW LODGE APARTMENTS", "FULL_ADDRESS": "4115 MOHICAN-PRESCOTT XOVR, BLDG 5", "CITY": "BATON ROUGE", "STATE": "LOUISIANA", "ZIP": 70805, "PHONE_NUMBER": null, "LATITUDE": 30.48621, "LONGITUDE": -91.14857 }, "geometry": { "type": "Point", "coordinates": [ -91.148571259713464, 30.486219527811805 ] } },
{ "type": "Feature", "properties": { "ID": 15730, "LANDMARK_NAME": "CHOCTAW LODGE APARTMENTS", "FULL_ADDRESS": "4115 MOHICAN-PRESCOTT XOVR, BLDG 4", "CITY": "BATON ROUGE", "STATE": "LOUISIANA", "ZIP": 70805, "PHONE_NUMBER": null, "LATITUDE": 30.48599, "LONGITUDE": -91.14839 }, "geometry": { "type": "Point", "coordinates": [ -91.148398208091891, 30.485997892996053 ] } },
{ "type": "Feature", "properties": { "ID": 15731, "LANDMARK_NAME": "CHOCTAW LODGE APARTMENTS", "FULL_ADDRESS": "4115 MOHICAN-PRESCOTT XOVR, BLDG 3", "CITY": "BATON ROUGE", "STATE": "LOUISIANA", "ZIP": 70805, "PHONE_NUMBER": null, "LATITUDE": 30.48633, "LONGITUDE": -91.14841 }, "geometry": { "type": "Point", "coordinates": [ -91.148411272774666, 30.486335931021085 ] } },
{ "type": "Feature", "properties": { "ID": 16234, "LANDMARK_NAME": "HUNTER, JOHN A - EAST CAMPUS APARTMENTS", "FULL_ADDRESS": "100 EAST CAMPUS LOT", "CITY": "BATON ROUGE", "STATE": "LOUISIANA", "ZIP": 70803, "PHONE_NUMBER": null, "LATITUDE": 30.41261, "LONGITUDE": -91.17237 }, "geometry": { "type": "Point", "coordinates": [ -91.172379538607885, 30.412619892376213 ] } },
{ "type": "Feature", "properties": { "ID": 16235, "LANDMARK_NAME": "COLE, J PERRY - EAST CAMPUS APARTMENTS", "FULL_ADDRESS": "202 VETERANS DR", "CITY": "BATON ROUGE", "STATE": "LOUISIANA", "ZIP": 70803, "PHONE_NUMBER": null, "LATITUDE": 30.4133, "LONGITUDE": -91.17289 }, "geometry": { "type": "Point", "coordinates": [ -91.172894348310805, 30.41330194280188 ] } },
{ "type": "Feature", "properties": { "ID": 16236, "LANDMARK_NAME": "WEST CAMPUS APARTMENTS BLDG #1", "FULL_ADDRESS": "3383 ALASKA ST", "CITY": "BATON ROUGE", "STATE": "LOUISIANA", "ZIP": 70802, "PHONE_NUMBER": null, "LATITUDE": 30.41796, "LONGITUDE": -91.18246 }, "geometry": { "type": "Point", "coordinates": [ -91.182468398199902, 30.41796453708745 ] } },
{ "type": "Feature", "properties": { "ID": 16237, "LANDMARK_NAME": "WEST CAMPUS APARTMENTS BLDG #9", "FULL_ADDRESS": "591 ASTER ST", "CITY": "BATON ROUGE", "STATE": "LOUISIANA", "ZIP": 70802, "PHONE_NUMBER": null, "LATITUDE": 30.41912, "LONGITUDE": -91.18304 }, "geometry": { "type": "Point", "coordinates": [ -91.183041836273219, 30.419121492806994 ] } },
{ "type": "Feature", "properties": { "ID": 16777, "LANDMARK_NAME": "JEFFERSON LAKES APARTMENTS", "FULL_ADDRESS": "12400 JEFFERSON HWY, BLDG 1", "CITY": "BATON ROUGE", "STATE": "LOUISIANA", "ZIP": 70816, "PHONE_NUMBER": null, "LATITUDE": 30.39378, "LONGITUDE": -91.04646 }, "geometry": { "type": "Point", "coordinates": [ -91.046462974050129, 30.393790247005075 ] } },
{ "type": "Feature", "properties": { "ID": 16778, "LANDMARK_NAME": "JEFFERSON LAKES APARTMENTS", "FULL_ADDRESS": "12400 JEFFERSON HWY, BLDG 2", "CITY": "BATON ROUGE", "STATE": "LOUISIANA", "ZIP": 70816, "PHONE_NUMBER": null, "LATITUDE": 30.39337, "LONGITUDE": -91.04652 }, "geometry": { "type": "Point", "coordinates": [ -91.046521026850598, 30.393379564420929 ] } },
{ "type": "Feature", "properties": { "ID": 16779, "LANDMARK_NAME": "JEFFERSON LAKES APARTMENTS", "FULL_ADDRESS": "12400 JEFFERSON HWY, BLDG 3", "CITY": "BATON ROUGE", "STATE": "LOUISIANA", "ZIP": 70816, "PHONE_NUMBER": null, "LATITUDE": 30.39367, "LONGITUDE": -91.04617 }, "geometry": { "type": "Point", "coordinates": [ -91.046172642995685, 30.393680068005395 ] } },
{ "type": "Feature", "properties": { "ID": 16780, "LANDMARK_NAME": "JEFFERSON LAKES APARTMENTS", "FULL_ADDRESS": "12400 JEFFERSON HWY, BLDG 4", "CITY": "BATON ROUGE", "STATE": "LOUISIANA", "ZIP": 70816, "PHONE_NUMBER": null, "LATITUDE": 30.39321, "LONGITUDE": -91.04609 }, "geometry": { "type": "Point", "coordinates": [ -91.046091833820483, 30.393219786166018 ] } },
{ "type": "Feature", "properties": { "ID": 16781, "LANDMARK_NAME": "JEFFERSON LAKES APARTMENTS", "FULL_ADDRESS": "12400 JEFFERSON HWY, BLDG 5", "CITY": "BATON ROUGE", "STATE": "LOUISIANA", "ZIP": 70816, "PHONE_NUMBER": null, "LATITUDE": 30.39364, "LONGITUDE": -91.04579 }, "geometry": { "type": "Point", "coordinates": [ -91.045793632580455, 30.393646378957367 ] } },
{ "type": "Feature", "properties": { "ID": 16782, "LANDMARK_NAME": "JEFFERSON LAKES APARTMENTS", "FULL_ADDRESS": "12400 JEFFERSON HWY, BLDG 6", "CITY": "BATON ROUGE", "STATE": "LOUISIANA", "ZIP": 70816, "PHONE_NUMBER": null, "LATITUDE": 30.3933, "LONGITUDE": -91.04568 }, "geometry": { "type": "Point", "coordinates": [ -91.045680899696251, 30.393301054433277 ] } },
{ "type": "Feature", "properties": { "ID": 16783, "LANDMARK_NAME": "JEFFERSON LAKES APARTMENTS", "FULL_ADDRESS": "12400 JEFFERSON HWY, BLDG 7", "CITY": "BATON ROUGE", "STATE": "LOUISIANA", "ZIP": 70816, "PHONE_NUMBER": null, "LATITUDE": 30.39325, "LONGITUDE": -91.04525 }, "geometry": { "type": "Point", "coordinates": [ -91.045251374772135, 30.393256299745936 ] } },
{ "type": "Feature", "properties": { "ID": 16784, "LANDMARK_NAME": "JEFFERSON LAKES APARTMENTS", "FULL_ADDRESS": "12400 JEFFERSON HWY, BLDG 8", "CITY": "BATON ROUGE", "STATE": "LOUISIANA", "ZIP": 70816, "PHONE_NUMBER": null, "LATITUDE": 30.39354, "LONGITUDE": -91.04499 }, "geometry": { "type": "Point", "coordinates": [ -91.044997811733765, 30.393540574313828 ] } },
{ "type": "Feature", "properties": { "ID": 16785, "LANDMARK_NAME": "JEFFERSON LAKES APARTMENTS", "FULL_ADDRESS": "12400 JEFFERSON HWY, BLDG 9", "CITY": "BATON ROUGE", "STATE": "LOUISIANA", "ZIP": 70816, "PHONE_NUMBER": null, "LATITUDE": 30.39334, "LONGITUDE": -91.04463 }, "geometry": { "type": "Point", "coordinates": [ -91.044631916823533, 30.393342587643183 ] } },
{ "type": "Feature", "properties": { "ID": 16786, "LANDMARK_NAME": "JEFFERSON LAKES APARTMENTS", "FULL_ADDRESS": "12400 JEFFERSON HWY, BLDG 10", "CITY": "BATON ROUGE", "STATE": "LOUISIANA", "ZIP": 70816, "PHONE_NUMBER": null, "LATITUDE": 30.39339, "LONGITUDE": -91.04422 }, "geometry": { "type": "Point", "coordinates": [ -91.044221076648711, 30.393390986457113 ] } },
{ "type": "Feature", "properties": { "ID": 16787, "LANDMARK_NAME": "JEFFERSON LAKES APARTMENTS", "FULL_ADDRESS": "12400 JEFFERSON HWY, BLDG 11", "CITY": "BATON ROUGE", "STATE": "LOUISIANA", "ZIP": 70816, "PHONE_NUMBER": null, "LATITUDE": 30.39322, "LONGITUDE": -91.04386 }, "geometry": { "type": "Point", "coordinates": [ -91.043861405510341, 30.393225875474776 ] } },
{ "type": "Feature", "properties": { "ID": 16788, "LANDMARK_NAME": "JEFFERSON LAKES APARTMENTS", "FULL_ADDRESS": "12400 JEFFERSON HWY, BLDG 12", "CITY": "BATON ROUGE", "STATE": "LOUISIANA", "ZIP": 70816, "PHONE_NUMBER": null, "LATITUDE": 30.39326, "LONGITUDE": -91.04341 }, "geometry": { "type": "Point", "coordinates": [ -91.043418990035164, 30.393268726026221 ] } },
{ "type": "Feature", "properties": { "ID": 16789, "LANDMARK_NAME": "JEFFERSON LAKES APARTMENTS", "FULL_ADDRESS": "12400 JEFFERSON HWY, BLDG 13", "CITY": "BATON ROUGE", "STATE": "LOUISIANA", "ZIP": 70816, "PHONE_NUMBER": null, "LATITUDE": 30.39309, "LONGITUDE": -91.04304 }, "geometry": { "type": "Point", "coordinates": [ -91.043046715735031, 30.393092630132884 ] } },
{ "type": "Feature", "properties": { "ID": 16790, "LANDMARK_NAME": "JEFFERSON LAKES APARTMENTS", "FULL_ADDRESS": "12400 JEFFERSON HWY, BLDG 14", "CITY": "BATON ROUGE", "STATE": "LOUISIANA", "ZIP": 70816, "PHONE_NUMBER": null, "LATITUDE": 30.39314, "LONGITUDE": -91.04261 }, "geometry": { "type": "Point", "coordinates": [ -91.042616904358042, 30.393146459819782 ] } },
{ "type": "Feature", "properties": { "ID": 16791, "LANDMARK_NAME": "JEFFERSON LAKES APARTMENTS", "FULL_ADDRESS": "12400 JEFFERSON HWY, BLDG 15", "CITY": "BATON ROUGE", "STATE": "LOUISIANA", "ZIP": 70816, "PHONE_NUMBER": null, "LATITUDE": 30.39296, "LONGITUDE": -91.04225 }, "geometry": { "type": "Point", "coordinates": [ -91.042250951442838, 30.392970376480392 ] } },
{ "type": "Feature", "properties": { "ID": 16792, "LANDMARK_NAME": "JEFFERSON LAKES APARTMENTS", "FULL_ADDRESS": "12400 JEFFERSON HWY, BLDG 17", "CITY": "BATON ROUGE", "STATE": "LOUISIANA", "ZIP": 70816, "PHONE_NUMBER": null, "LATITUDE": 30.3929, "LONGITUDE": -91.04266 }, "geometry": { "type": "Point", "coordinates": [ -91.042668157384327, 30.392905565221177 ] } },
{ "type": "Feature", "properties": { "ID": 16793, "LANDMARK_NAME": "JEFFERSON LAKES APARTMENTS", "FULL_ADDRESS": "12400 JEFFERSON HWY, BLDG 18", "CITY": "BATON ROUGE", "STATE": "LOUISIANA", "ZIP": 70816, "PHONE_NUMBER": null, "LATITUDE": 30.39258, "LONGITUDE": -91.04299 }, "geometry": { "type": "Point", "coordinates": [ -91.04299132337816, 30.39258858283797 ] } },
{ "type": "Feature", "properties": { "ID": 16794, "LANDMARK_NAME": "JEFFERSON LAKES APARTMENTS", "FULL_ADDRESS": "12400 JEFFERSON HWY, BLDG 19", "CITY": "BATON ROUGE", "STATE": "LOUISIANA", "ZIP": 70816, "PHONE_NUMBER": null, "LATITUDE": 30.39215, "LONGITUDE": -91.04342 }, "geometry": { "type": "Point", "coordinates": [ -91.043422235149905, 30.392156809845822 ] } },
{ "type": "Feature", "properties": { "ID": 16795, "LANDMARK_NAME": "JEFFERSON LAKES APARTMENTS", "FULL_ADDRESS": "12400 JEFFERSON HWY, BLDG 20", "CITY": "BATON ROUGE", "STATE": "LOUISIANA", "ZIP": 70816, "PHONE_NUMBER": null, "LATITUDE": 30.39209, "LONGITUDE": -91.04298 }, "geometry": { "type": "Point", "coordinates": [ -91.042986445808168, 30.392095601464778 ] } },
{ "type": "Feature", "properties": { "ID": 16797, "LANDMARK_NAME": "THE RESERVE AT HOWELL PLACE APARTMENTS", "FULL_ADDRESS": "7421 PLANK RD", "CITY": "BATON ROUGE", "STATE": "LOUISIANA", "ZIP": 70807, "PHONE_NUMBER": null, "LATITUDE": 30.51729, "LONGITUDE": -91.14801 }, "geometry": { "type": "Point", "coordinates": [ -91.148020011824315, 30.517296384916488 ] } },
{ "type": "Feature", "properties": { "ID": 16798, "LANDMARK_NAME": "THE RESERVE AT HOWELL PLACE APARTMENTS", "FULL_ADDRESS": "7431 PLANK RD", "CITY": "BATON ROUGE", "STATE": "LOUISIANA", "ZIP": 70807, "PHONE_NUMBER": null, "LATITUDE": 30.51731, "LONGITUDE": -91.14866 }, "geometry": { "type": "Point", "coordinates": [ -91.148665463181501, 30.51731773318561 ] } },
{ "type": "Feature", "properties": { "ID": 16799, "LANDMARK_NAME": "THE RESERVE AT HOWELL PLACE APARTMENTS", "FULL_ADDRESS": "7441 PLANK RD", "CITY": "BATON ROUGE", "STATE": "LOUISIANA", "ZIP": 70807, "PHONE_NUMBER": null, "LATITUDE": 30.5173, "LONGITUDE": -91.14919 }, "geometry": { "type": "Point", "coordinates": [ -91.149200772429708, 30.5173048479747 ] } },
{ "type": "Feature", "properties": { "ID": 16800, "LANDMARK_NAME": "THE RESERVE AT HOWELL PLACE APARTMENTS", "FULL_ADDRESS": "7451 PLANK RD", "CITY": "BATON ROUGE", "STATE": "LOUISIANA", "ZIP": 70807, "PHONE_NUMBER": null, "LATITUDE": 30.5178, "LONGITUDE": -91.14902 }, "geometry": { "type": "Point", "coordinates": [ -91.149026655567866, 30.51780893955009 ] } },
{ "type": "Feature", "properties": { "ID": 16801, "LANDMARK_NAME": "THE RESERVE AT HOWELL PLACE APARTMENTS", "FULL_ADDRESS": "7461 PLANK RD", "CITY": "BATON ROUGE", "STATE": "LOUISIANA", "ZIP": 70807, "PHONE_NUMBER": null, "LATITUDE": 30.51765, "LONGITUDE": -91.14853 }, "geometry": { "type": "Point", "coordinates": [ -91.148531019863995, 30.517651495568117 ] } },
{ "type": "Feature", "properties": { "ID": 16802, "LANDMARK_NAME": "THE RESERVE AT HOWELL PLACE APARTMENTS", "FULL_ADDRESS": "7501 PLANK RD", "CITY": "BATON ROUGE", "STATE": "LOUISIANA", "ZIP": 70807, "PHONE_NUMBER": null, "LATITUDE": 30.51767, "LONGITUDE": -91.14744 }, "geometry": { "type": "Point", "coordinates": [ -91.14744465419551, 30.517677235391869 ] } },
{ "type": "Feature", "properties": { "ID": 17074, "LANDMARK_NAME": "BUILDING 14 - EAST CAMPUS APARTMENTS", "FULL_ADDRESS": "126 EAST CAMPUS LOT", "CITY": "BATON ROUGE", "STATE": "LOUISIANA", "ZIP": 70803, "PHONE_NUMBER": null, "LATITUDE": 30.41206, "LONGITUDE": -91.17233 }, "geometry": { "type": "Point", "coordinates": [ -91.172338564999379, 30.412067324284568 ] } },
{ "type": "Feature", "properties": { "ID": 17407, "LANDMARK_NAME": "WILLOWBEND LAKES APARTMENTS", "FULL_ADDRESS": "11070 MEAD RD, BLDG 1", "CITY": "BATON ROUGE", "STATE": "LOUISIANA", "ZIP": 70816, "PHONE_NUMBER": null, "LATITUDE": 30.4284, "LONGITUDE": -91.05827 }, "geometry": { "type": "Point", "coordinates": [ -91.058279839542649, 30.428404476593386 ] } },
{ "type": "Feature", "properties": { "ID": 17408, "LANDMARK_NAME": "WILLOWBEND LAKES APARTMENTS", "FULL_ADDRESS": "11070 MEAD RD, BLDG 2", "CITY": "BATON ROUGE", "STATE": "LOUISIANA", "ZIP": 70816, "PHONE_NUMBER": null, "LATITUDE": 30.42793, "LONGITUDE": -91.05827 }, "geometry": { "type": "Point", "coordinates": [ -91.05827210535719, 30.427934650554924 ] } },
{ "type": "Feature", "properties": { "ID": 17409, "LANDMARK_NAME": "WILLOWBEND LAKES APARTMENTS", "FULL_ADDRESS": "11070 MEAD RD, BLDG 3", "CITY": "BATON ROUGE", "STATE": "LOUISIANA", "ZIP": 70816, "PHONE_NUMBER": null, "LATITUDE": 30.42741, "LONGITUDE": -91.05832 }, "geometry": { "type": "Point", "coordinates": [ -91.058323242738268, 30.427414052112962 ] } },
{ "type": "Feature", "properties": { "ID": 17410, "LANDMARK_NAME": "WILLOWBEND LAKES APARTMENTS", "FULL_ADDRESS": "11070 MEAD RD, BLDG 4", "CITY": "BATON ROUGE", "STATE": "LOUISIANA", "ZIP": 70816, "PHONE_NUMBER": null, "LATITUDE": 30.42695, "LONGITUDE": -91.0583 }, "geometry": { "type": "Point", "coordinates": [ -91.058306451317506, 30.426952037215639 ] } },
{ "type": "Feature", "properties": { "ID": 17411, "LANDMARK_NAME": "WILLOWBEND LAKES APARTMENTS", "FULL_ADDRESS": "11070 MEAD RD, BLDG 5", "CITY": "BATON ROUGE", "STATE": "LOUISIANA", "ZIP": 70816, "PHONE_NUMBER": null, "LATITUDE": 30.42648, "LONGITUDE": -91.05836 }, "geometry": { "type": "Point", "coordinates": [ -91.05836646181686, 30.426490182890213 ] } },
{ "type": "Feature", "properties": { "ID": 17412, "LANDMARK_NAME": "WILLOWBEND LAKES APARTMENTS", "FULL_ADDRESS": "11070 MEAD RD, BLDG 6", "CITY": "BATON ROUGE", "STATE": "LOUISIANA", "ZIP": 70816, "PHONE_NUMBER": null, "LATITUDE": 30.42617, "LONGITUDE": -91.05848 }, "geometry": { "type": "Point", "coordinates": [ -91.058484799475877, 30.426173307673096 ] } },
{ "type": "Feature", "properties": { "ID": 17413, "LANDMARK_NAME": "WILLOWBEND LAKES APARTMENTS", "FULL_ADDRESS": "11070 MEAD RD, BLDG 7", "CITY": "BATON ROUGE", "STATE": "LOUISIANA", "ZIP": 70816, "PHONE_NUMBER": null, "LATITUDE": 30.42635, "LONGITUDE": -91.059 }, "geometry": { "type": "Point", "coordinates": [ -91.059003827974649, 30.426358393999969 ] } },
{ "type": "Feature", "properties": { "ID": 17414, "LANDMARK_NAME": "WILLOWBEND LAKES APARTMENTS", "FULL_ADDRESS": "11070 MEAD RD, BLDG 8", "CITY": "BATON ROUGE", "STATE": "LOUISIANA", "ZIP": 70816, "PHONE_NUMBER": null, "LATITUDE": 30.42584, "LONGITUDE": -91.059 }, "geometry": { "type": "Point", "coordinates": [ -91.059009773294051, 30.425841615455621 ] } },
{ "type": "Feature", "properties": { "ID": 17415, "LANDMARK_NAME": "WILLOWBEND LAKES APARTMENTS", "FULL_ADDRESS": "11070 MEAD RD, BLDG 9", "CITY": "BATON ROUGE", "STATE": "LOUISIANA", "ZIP": 70816, "PHONE_NUMBER": null, "LATITUDE": 30.42578, "LONGITUDE": -91.05835 }, "geometry": { "type": "Point", "coordinates": [ -91.058359388671107, 30.425781538698956 ] } },
{ "type": "Feature", "properties": { "ID": 17416, "LANDMARK_NAME": "WILLOWBEND LAKES APARTMENTS", "FULL_ADDRESS": "11070 MEAD RD, BLDG 10", "CITY": "BATON ROUGE", "STATE": "LOUISIANA", "ZIP": 70816, "PHONE_NUMBER": null, "LATITUDE": 30.42536, "LONGITUDE": -91.05844 }, "geometry": { "type": "Point", "coordinates": [ -91.058441855306953, 30.425366711557675 ] } },
{ "type": "Feature", "properties": { "ID": 17417, "LANDMARK_NAME": "WILLOWBEND LAKES APARTMENTS", "FULL_ADDRESS": "11070 MEAD RD, BLDG 11", "CITY": "BATON ROUGE", "STATE": "LOUISIANA", "ZIP": 70816, "PHONE_NUMBER": null, "LATITUDE": 30.42535, "LONGITUDE": -91.05895 }, "geometry": { "type": "Point", "coordinates": [ -91.058952384053242, 30.425356026774658 ] } },
{ "type": "Feature", "properties": { "ID": 17418, "LANDMARK_NAME": "WILLOWBEND LAKES APARTMENTS", "FULL_ADDRESS": "11070 MEAD RD, BLDG 12", "CITY": "BATON ROUGE", "STATE": "LOUISIANA", "ZIP": 70816, "PHONE_NUMBER": null, "LATITUDE": 30.42503, "LONGITUDE": -91.05899 }, "geometry": { "type": "Point", "coordinates": [ -91.058993940518405, 30.425031161542929 ] } },
{ "type": "Feature", "properties": { "ID": 17419, "LANDMARK_NAME": "WILLOWBEND LAKES APARTMENTS", "FULL_ADDRESS": "11070 MEAD RD, BLDG 13", "CITY": "BATON ROUGE", "STATE": "LOUISIANA", "ZIP": 70816, "PHONE_NUMBER": null, "LATITUDE": 30.42469, "LONGITUDE": -91.05894 }, "geometry": { "type": "Point", "coordinates": [ -91.058949683785158, 30.424698287207335 ] } },
{ "type": "Feature", "properties": { "ID": 17420, "LANDMARK_NAME": "WILLOWBEND LAKES APARTMENTS", "FULL_ADDRESS": "11070 MEAD RD, BLDG 14", "CITY": "BATON ROUGE", "STATE": "LOUISIANA", "ZIP": 70816, "PHONE_NUMBER": null, "LATITUDE": 30.42478, "LONGITUDE": -91.05837 }, "geometry": { "type": "Point", "coordinates": [ -91.058371177480169, 30.424787132666903 ] } },
{ "type": "Feature", "properties": { "ID": 17421, "LANDMARK_NAME": "WILLOWBEND LAKES APARTMENTS", "FULL_ADDRESS": "11070 MEAD RD, BLDG 15", "CITY": "BATON ROUGE", "STATE": "LOUISIANA", "ZIP": 70816, "PHONE_NUMBER": null, "LATITUDE": 30.42437, "LONGITUDE": -91.05841 }, "geometry": { "type": "Point", "coordinates": [ -91.058412963223162, 30.424380050940208 ] } },
{ "type": "Feature", "properties": { "ID": 17422, "LANDMARK_NAME": "WILLOWBEND LAKES APARTMENTS", "FULL_ADDRESS": "11070 MEAD RD, BLDG 16", "CITY": "BATON ROUGE", "STATE": "LOUISIANA", "ZIP": 70816, "PHONE_NUMBER": null, "LATITUDE": 30.42392, "LONGITUDE": -91.05886 }, "geometry": { "type": "Point", "coordinates": [ -91.058865991765515, 30.423922927698364 ] } },
{ "type": "Feature", "properties": { "ID": 17423, "LANDMARK_NAME": "WILLOWBEND LAKES APARTMENTS", "FULL_ADDRESS": "11070 MEAD RD, BLDG 17", "CITY": "BATON ROUGE", "STATE": "LOUISIANA", "ZIP": 70816, "PHONE_NUMBER": null, "LATITUDE": 30.42338, "LONGITUDE": -91.05897 }, "geometry": { "type": "Point", "coordinates": [ -91.058975895376463, 30.423386789264377 ] } },
{ "type": "Feature", "properties": { "ID": 17424, "LANDMARK_NAME": "WILLOWBEND LAKES APARTMENTS", "FULL_ADDRESS": "11070 MEAD RD, BLDG 18", "CITY": "BATON ROUGE", "STATE": "LOUISIANA", "ZIP": 70816, "PHONE_NUMBER": null, "LATITUDE": 30.4229, "LONGITUDE": -91.0589 }, "geometry": { "type": "Point", "coordinates": [ -91.058909452070012, 30.422909011555365 ] } },
{ "type": "Feature", "properties": { "ID": 17620, "LANDMARK_NAME": "WILLOWBEND LAKES APARTMENTS", "FULL_ADDRESS": "11070 MEAD RD, BLDG 19", "CITY": "BATON ROUGE", "STATE": "LOUISIANA", "ZIP": 70816, "PHONE_NUMBER": null, "LATITUDE": 30.42237, "LONGITUDE": -91.05889 }, "geometry": { "type": "Point", "coordinates": [ -91.058897370937913, 30.422376534861097 ] } },
{ "type": "Feature", "properties": { "ID": 17621, "LANDMARK_NAME": "WILLOWBEND LAKES APARTMENTS", "FULL_ADDRESS": "11070 MEAD RD, BLDG 20", "CITY": "BATON ROUGE", "STATE": "LOUISIANA", "ZIP": 70816, "PHONE_NUMBER": null, "LATITUDE": 30.42183, "LONGITUDE": -91.05891 }, "geometry": { "type": "Point", "coordinates": [ -91.058916944739863, 30.421832378608212 ] } },
{ "type": "Feature", "properties": { "ID": 17622, "LANDMARK_NAME": "WILLOWBEND LAKES APARTMENTS", "FULL_ADDRESS": "11070 MEAD RD, BLDG 21", "CITY": "BATON ROUGE", "STATE": "LOUISIANA", "ZIP": 70816, "PHONE_NUMBER": null, "LATITUDE": 30.4213, "LONGITUDE": -91.0589 }, "geometry": { "type": "Point", "coordinates": [ -91.058909359514729, 30.421307741205382 ] } },
{ "type": "Feature", "properties": { "ID": 17623, "LANDMARK_NAME": "WILLOWBEND LAKES APARTMENTS", "FULL_ADDRESS": "11070 MEAD RD, BLDG 22", "CITY": "BATON ROUGE", "STATE": "LOUISIANA", "ZIP": 70816, "PHONE_NUMBER": null, "LATITUDE": 30.42096, "LONGITUDE": -91.05864 }, "geometry": { "type": "Point", "coordinates": [ -91.058643769794244, 30.420966577628327 ] } },
{ "type": "Feature", "properties": { "ID": 17624, "LANDMARK_NAME": "WILLOWBEND LAKES APARTMENTS", "FULL_ADDRESS": "11070 MEAD RD, BLDG 23", "CITY": "BATON ROUGE", "STATE": "LOUISIANA", "ZIP": 70816, "PHONE_NUMBER": null, "LATITUDE": 30.42096, "LONGITUDE": -91.05802 }, "geometry": { "type": "Point", "coordinates": [ -91.058024876566265, 30.420965290410415 ] } },
{ "type": "Feature", "properties": { "ID": 17625, "LANDMARK_NAME": "WILLOWBEND LAKES APARTMENTS", "FULL_ADDRESS": "11070 MEAD RD, BLDG 24", "CITY": "BATON ROUGE", "STATE": "LOUISIANA", "ZIP": 70816, "PHONE_NUMBER": null, "LATITUDE": 30.42098, "LONGITUDE": -91.05743 }, "geometry": { "type": "Point", "coordinates": [ -91.057437552079307, 30.420983641476639 ] } },
{ "type": "Feature", "properties": { "ID": 18309, "LANDMARK_NAME": "DALI PLACE APARTMENTS", "FULL_ADDRESS": "1126 N ARDENWOOD DR", "CITY": "BATON ROUGE", "STATE": "LOUISIANA", "ZIP": 70806, "PHONE_NUMBER": null, "LATITUDE": 30.45989, "LONGITUDE": -91.1267 }, "geometry": { "type": "Point", "coordinates": [ -91.126703152094038, 30.459893993073159 ] } },
{ "type": "Feature", "properties": { "ID": 18311, "LANDMARK_NAME": "DALI PLACE APARTMENTS", "FULL_ADDRESS": "1128 N ARDENWOOD DR", "CITY": "BATON ROUGE", "STATE": "LOUISIANA", "ZIP": 70806, "PHONE_NUMBER": null, "LATITUDE": 30.46034, "LONGITUDE": -91.12675 }, "geometry": { "type": "Point", "coordinates": [ -91.126752977619901, 30.460343590941672 ] } },
{ "type": "Feature", "properties": { "ID": 18312, "LANDMARK_NAME": "DALI PLACE APARTMENTS", "FULL_ADDRESS": "1130 N ARDENWOOD DR", "CITY": "BATON ROUGE", "STATE": "LOUISIANA", "ZIP": 70806, "PHONE_NUMBER": null, "LATITUDE": 30.45989, "LONGITUDE": -91.12651 }, "geometry": { "type": "Point", "coordinates": [ -91.126514211280991, 30.459891254057979 ] } },
{ "type": "Feature", "properties": { "ID": 18313, "LANDMARK_NAME": "DALI PLACE APARTMENTS", "FULL_ADDRESS": "1132 N ARDENWOOD DR", "CITY": "BATON ROUGE", "STATE": "LOUISIANA", "ZIP": 70806, "PHONE_NUMBER": null, "LATITUDE": 30.46038, "LONGITUDE": -91.12656 }, "geometry": { "type": "Point", "coordinates": [ -91.126563945392363, 30.460384827179507 ] } },
{ "type": "Feature", "properties": { "ID": 18316, "LANDMARK_NAME": "DALI PLACE APARTMENTS", "FULL_ADDRESS": "1134 N ARDENWOOD DR", "CITY": "BATON ROUGE", "STATE": "LOUISIANA", "ZIP": 70806, "PHONE_NUMBER": null, "LATITUDE": 30.46039, "LONGITUDE": -91.12633 }, "geometry": { "type": "Point", "coordinates": [ -91.126338322254838, 30.460391803663875 ] } },
{ "type": "Feature", "properties": { "ID": 18317, "LANDMARK_NAME": "DALI PLACE APARTMENTS", "FULL_ADDRESS": "1136 N ARDENWOOD DR", "CITY": "BATON ROUGE", "STATE": "LOUISIANA", "ZIP": 70806, "PHONE_NUMBER": null, "LATITUDE": 30.46023, "LONGITUDE": -91.12605 }, "geometry": { "type": "Point", "coordinates": [ -91.126050994130509, 30.46023744142941 ] } },
{ "type": "Feature", "properties": { "ID": 18321, "LANDMARK_NAME": "DALI PLACE APARTMENTS", "FULL_ADDRESS": "1138 N ARDENWOOD DR", "CITY": "BATON ROUGE", "STATE": "LOUISIANA", "ZIP": 70806, "PHONE_NUMBER": null, "LATITUDE": 30.46002, "LONGITUDE": -91.12604 }, "geometry": { "type": "Point", "coordinates": [ -91.126048607918676, 30.460029778782051 ] } },
{ "type": "Feature", "properties": { "ID": 18324, "LANDMARK_NAME": "DALI PLACE APARTMENTS", "FULL_ADDRESS": "1140 N ARDENWOOD DR", "CITY": "BATON ROUGE", "STATE": "LOUISIANA", "ZIP": 70806, "PHONE_NUMBER": null, "LATITUDE": 30.45985, "LONGITUDE": -91.12603 }, "geometry": { "type": "Point", "coordinates": [ -91.126037699989766, 30.459851419353207 ] } },
{ "type": "Feature", "properties": { "ID": 18328, "LANDMARK_NAME": "APARTMENTS", "FULL_ADDRESS": "1800 ROSENWALD RD", "CITY": "BATON ROUGE", "STATE": "LOUISIANA", "ZIP": 70807, "PHONE_NUMBER": null, "LATITUDE": 30.53073, "LONGITUDE": -91.17433 }, "geometry": { "type": "Point", "coordinates": [ -91.174338089732672, 30.530734077456923 ] } },
{ "type": "Feature", "properties": { "ID": 18581, "LANDMARK_NAME": "DALI PLACE APARTMENTS", "FULL_ADDRESS": "1064 N ARDENWOOD DR", "CITY": "BATON ROUGE", "STATE": "LOUISIANA", "ZIP": 70806, "PHONE_NUMBER": null, "LATITUDE": 30.45969, "LONGITUDE": -91.12683 }, "geometry": { "type": "Point", "coordinates": [ -91.126833282017927, 30.459698752385052 ] } },
{ "type": "Feature", "properties": { "ID": 18590, "LANDMARK_NAME": "DALI PLACE APARTMENTS", "FULL_ADDRESS": "1066 N ARDENWOOD DR", "CITY": "BATON ROUGE", "STATE": "LOUISIANA", "ZIP": 70806, "PHONE_NUMBER": null, "LATITUDE": 30.45918, "LONGITUDE": -91.12666 }, "geometry": { "type": "Point", "coordinates": [ -91.126667975380087, 30.459180568701626 ] } },
{ "type": "Feature", "properties": { "ID": 18597, "LANDMARK_NAME": "DALI PLACE APARTMENTS", "FULL_ADDRESS": "1068 N ARDENWOOD DR", "CITY": "BATON ROUGE", "STATE": "LOUISIANA", "ZIP": 70806, "PHONE_NUMBER": null, "LATITUDE": 30.4597, "LONGITUDE": -91.12669 }, "geometry": { "type": "Point", "coordinates": [ -91.126697908068408, 30.459703427522257 ] } },
{ "type": "Feature", "properties": { "ID": 18598, "LANDMARK_NAME": "DALI PLACE APARTMENTS", "FULL_ADDRESS": "1070 N ARDENWOOD DR", "CITY": "BATON ROUGE", "STATE": "LOUISIANA", "ZIP": 70806, "PHONE_NUMBER": null, "LATITUDE": 30.45913, "LONGITUDE": -91.12643 }, "geometry": { "type": "Point", "coordinates": [ -91.126439638059608, 30.459138680130017 ] } },
{ "type": "Feature", "properties": { "ID": 18599, "LANDMARK_NAME": "DALI PLACE APARTMENTS", "FULL_ADDRESS": "1072 N ARDENWOOD DR", "CITY": "BATON ROUGE", "STATE": "LOUISIANA", "ZIP": 70806, "PHONE_NUMBER": null, "LATITUDE": 30.4597, "LONGITUDE": -91.1265 }, "geometry": { "type": "Point", "coordinates": [ -91.126503312710227, 30.459708009029434 ] } },
{ "type": "Feature", "properties": { "ID": 18600, "LANDMARK_NAME": "DALI PLACE APARTMENTS", "FULL_ADDRESS": "1074 N ARDENWOOD DR", "CITY": "BATON ROUGE", "STATE": "LOUISIANA", "ZIP": 70806, "PHONE_NUMBER": null, "LATITUDE": 30.45913, "LONGITUDE": -91.12623 }, "geometry": { "type": "Point", "coordinates": [ -91.126236603734597, 30.459133475846382 ] } },
{ "type": "Feature", "properties": { "ID": 18602, "LANDMARK_NAME": "DALI PLACE APARTMENTS", "FULL_ADDRESS": "1076 N ARDENWOOD DR", "CITY": "BATON ROUGE", "STATE": "LOUISIANA", "ZIP": 70806, "PHONE_NUMBER": null, "LATITUDE": 30.4593, "LONGITUDE": -91.126 }, "geometry": { "type": "Point", "coordinates": [ -91.126010641564363, 30.459304134864517 ] } },
{ "type": "Feature", "properties": { "ID": 18604, "LANDMARK_NAME": "DALI PLACE APARTMENTS", "FULL_ADDRESS": "1078 N ARDENWOOD DR", "CITY": "BATON ROUGE", "STATE": "LOUISIANA", "ZIP": 70806, "PHONE_NUMBER": null, "LATITUDE": 30.45949, "LONGITUDE": -91.12601 }, "geometry": { "type": "Point", "coordinates": [ -91.126018693856849, 30.459499591417735 ] } },
{ "type": "Feature", "properties": { "ID": 19272, "LANDMARK_NAME": "KENILWORTH RIDGE APARTMENTS", "FULL_ADDRESS": "996 S KENILWORTH PKWY", "CITY": "BATON ROUGE", "STATE": "LOUISIANA", "ZIP": 70820, "PHONE_NUMBER": null, "LATITUDE": 30.37382, "LONGITUDE": -91.14558 }, "geometry": { "type": "Point", "coordinates": [ -91.145585806948532, 30.373824911799819 ] } },
{ "type": "Feature", "properties": { "ID": 19276, "LANDMARK_NAME": "KENILWORTH RIDGE APARTMENTS", "FULL_ADDRESS": "1004 S KENILWORTH PKWY", "CITY": "BATON ROUGE", "STATE": "LOUISIANA", "ZIP": 70820, "PHONE_NUMBER": null, "LATITUDE": 30.37318, "LONGITUDE": -91.14595 }, "geometry": { "type": "Point", "coordinates": [ -91.145953285341903, 30.37319024716161 ] } },
{ "type": "Feature", "properties": { "ID": 19277, "LANDMARK_NAME": "KENILWORTH RIDGE APARTMENTS", "FULL_ADDRESS": "1006 S KENILWORTH PKWY", "CITY": "BATON ROUGE", "STATE": "LOUISIANA", "ZIP": 70820, "PHONE_NUMBER": null, "LATITUDE": 30.37288, "LONGITUDE": -91.14612 }, "geometry": { "type": "Point", "coordinates": [ -91.146125441148556, 30.372890065393154 ] } },
{ "type": "Feature", "properties": { "ID": 19278, "LANDMARK_NAME": "DALI PLACE APARTMENTS", "FULL_ADDRESS": "1052 N ARDENWOOD DR", "CITY": "BATON ROUGE", "STATE": "LOUISIANA", "ZIP": 70806, "PHONE_NUMBER": null, "LATITUDE": 30.4596, "LONGITUDE": -91.12741 }, "geometry": { "type": "Point", "coordinates": [ -91.12742005499247, 30.459604388005278 ] } },
{ "type": "Feature", "properties": { "ID": 19286, "LANDMARK_NAME": "DALI PLACE APARTMENTS", "FULL_ADDRESS": "1056 N ARDENWOOD DR", "CITY": "BATON ROUGE", "STATE": "LOUISIANA", "ZIP": 70806, "PHONE_NUMBER": null, "LATITUDE": 30.45961, "LONGITUDE": -91.12724 }, "geometry": { "type": "Point", "coordinates": [ -91.12724800018178, 30.45961877879348 ] } },
{ "type": "Feature", "properties": { "ID": 19287, "LANDMARK_NAME": "DALI PLACE APARTMENTS", "FULL_ADDRESS": "1058 N ARDENWOOD DR", "CITY": "BATON ROUGE", "STATE": "LOUISIANA", "ZIP": 70806, "PHONE_NUMBER": null, "LATITUDE": 30.45914, "LONGITUDE": -91.12702 }, "geometry": { "type": "Point", "coordinates": [ -91.127029009575452, 30.459149372885427 ] } },
{ "type": "Feature", "properties": { "ID": 19288, "LANDMARK_NAME": "DALI PLACE APARTMENTS", "FULL_ADDRESS": "1060 N ARDENWOOD DR", "CITY": "BATON ROUGE", "STATE": "LOUISIANA", "ZIP": 70806, "PHONE_NUMBER": null, "LATITUDE": 30.45973, "LONGITUDE": -91.12704 }, "geometry": { "type": "Point", "coordinates": [ -91.127047526771207, 30.459738175467258 ] } },
{ "type": "Feature", "properties": { "ID": 19289, "LANDMARK_NAME": "DALI PLACE APARTMENTS", "FULL_ADDRESS": "1062 N ARDENWOOD DR", "CITY": "BATON ROUGE", "STATE": "LOUISIANA", "ZIP": 70806, "PHONE_NUMBER": null, "LATITUDE": 30.45918, "LONGITUDE": -91.1268 }, "geometry": { "type": "Point", "coordinates": [ -91.126803328286712, 30.459185665759744 ] } },
{ "type": "Feature", "properties": { "ID": 19846, "LANDMARK_NAME": "CLARKSDALE APARTMENTS (EBRPHA)", "FULL_ADDRESS": "801 SWAN AVE", "CITY": "BATON ROUGE", "STATE": "LOUISIANA", "ZIP": 70807, "PHONE_NUMBER": null, "LATITUDE": 30.52463, "LONGITUDE": -91.18532 }, "geometry": { "type": "Point", "coordinates": [ -91.185327767221281, 30.524639421985583 ] } },
{ "type": "Feature", "properties": { "ID": 20351, "LANDMARK_NAME": "CRESTWORTH PLACE APARTMENTS", "FULL_ADDRESS": "10032 AVENUE I", "CITY": "BATON ROUGE", "STATE": "LOUISIANA", "ZIP": 70807, "PHONE_NUMBER": null, "LATITUDE": 30.53571, "LONGITUDE": -91.19768 }, "geometry": { "type": "Point", "coordinates": [ -91.197687042689353, 30.535710808091242 ] } },
{ "type": "Feature", "properties": { "ID": 20355, "LANDMARK_NAME": "CRESTWORTH PLACE APARTMENTS", "FULL_ADDRESS": "10025 AVENUE H", "CITY": "BATON ROUGE", "STATE": "LOUISIANA", "ZIP": 70807, "PHONE_NUMBER": null, "LATITUDE": 30.53557, "LONGITUDE": -91.19732 }, "geometry": { "type": "Point", "coordinates": [ -91.197320978293604, 30.535577282861315 ] } },
{ "type": "Feature", "properties": { "ID": 20499, "LANDMARK_NAME": "ROYAL PALMS APARTMENTS", "FULL_ADDRESS": "10245 AIRLINE HWY, BLDG C", "CITY": "BATON ROUGE", "STATE": "LOUISIANA", "ZIP": 70816, "PHONE_NUMBER": null, "LATITUDE": 30.41945, "LONGITUDE": -91.07038 }, "geometry": { "type": "Point", "coordinates": [ -91.070382044559736, 30.419454770576397 ] } },
{ "type": "Feature", "properties": { "ID": 20722, "LANDMARK_NAME": "ROYAL PALMS APARTMENTS", "FULL_ADDRESS": "10245 AIRLINE HWY, BLDG F", "CITY": "BATON ROUGE", "STATE": "LOUISIANA", "ZIP": 70816, "PHONE_NUMBER": null, "LATITUDE": 30.41954, "LONGITUDE": -91.06949 }, "geometry": { "type": "Point", "coordinates": [ -91.069499505964032, 30.419546442599923 ] } },
{ "type": "Feature", "properties": { "ID": 20723, "LANDMARK_NAME": "ROYAL PALMS APARTMENTS", "FULL_ADDRESS": "10245 AIRLINE HWY, BLDG E", "CITY": "BATON ROUGE", "STATE": "LOUISIANA", "ZIP": 70816, "PHONE_NUMBER": null, "LATITUDE": 30.41904, "LONGITUDE": -91.06942 }, "geometry": { "type": "Point", "coordinates": [ -91.069424228187785, 30.419049637014446 ] } },
{ "type": "Feature", "properties": { "ID": 20724, "LANDMARK_NAME": "ROYAL PALMS APARTMENTS", "FULL_ADDRESS": "10245 AIRLINE HWY, BLDG D", "CITY": "BATON ROUGE", "STATE": "LOUISIANA", "ZIP": 70816, "PHONE_NUMBER": null, "LATITUDE": 30.41898, "LONGITUDE": -91.07028 }, "geometry": { "type": "Point", "coordinates": [ -91.070286832164214, 30.4189849713317 ] } },
{ "type": "Feature", "properties": { "ID": 20961, "LANDMARK_NAME": "HOLLY APARTMENTS", "FULL_ADDRESS": "5261 HIGHLAND RD, STE 169", "CITY": "BATON ROUGE", "STATE": "LOUISIANA", "ZIP": 70808, "PHONE_NUMBER": null, "LATITUDE": 30.39537, "LONGITUDE": -91.16002 }, "geometry": { "type": "Point", "coordinates": [ -91.160023745790724, 30.395379261772476 ] } },
{ "type": "Feature", "properties": { "ID": 21975, "LANDMARK_NAME": "APARTMENTS", "FULL_ADDRESS": "5659 PRESCOTT RD", "CITY": "BATON ROUGE", "STATE": "LOUISIANA", "ZIP": 70805, "PHONE_NUMBER": null, "LATITUDE": 30.48813, "LONGITUDE": -91.13381 }, "geometry": { "type": "Point", "coordinates": [ -91.133816336456633, 30.488138039941674 ] } },
{ "type": "Feature", "properties": { "ID": 21976, "LANDMARK_NAME": "FALCON CREST APARTMENTS", "FULL_ADDRESS": "5661 PRESCOTT RD", "CITY": "BATON ROUGE", "STATE": "LOUISIANA", "ZIP": 70805, "PHONE_NUMBER": null, "LATITUDE": 30.48813, "LONGITUDE": -91.13366 }, "geometry": { "type": "Point", "coordinates": [ -91.133664980266886, 30.488137078237497 ] } },
{ "type": "Feature", "properties": { "ID": 22057, "LANDMARK_NAME": "MAISON BOCAGE APARTMENTS AND TOWNHOMES", "FULL_ADDRESS": "7916 JEFFERSON PLACE BLVD", "CITY": "BATON ROUGE", "STATE": "LOUISIANA", "ZIP": 70809, "PHONE_NUMBER": null, "LATITUDE": 30.42101, "LONGITUDE": -91.10346 }, "geometry": { "type": "Point", "coordinates": [ -91.103464128192073, 30.421019709819618 ] } },
{ "type": "Feature", "properties": { "ID": 22058, "LANDMARK_NAME": "MAISON BOCAGE APARTMENTS AND TOWNHOMES", "FULL_ADDRESS": "7926 JEFFERSON PLACE BLVD", "CITY": "BATON ROUGE", "STATE": "LOUISIANA", "ZIP": 70809, "PHONE_NUMBER": null, "LATITUDE": 30.42112, "LONGITUDE": -91.10313 }, "geometry": { "type": "Point", "coordinates": [ -91.103140596452235, 30.421124874244544 ] } },
{ "type": "Feature", "properties": { "ID": 22059, "LANDMARK_NAME": "MAISON BOCAGE APARTMENTS AND TOWNHOMES", "FULL_ADDRESS": "7946 JEFFERSON PLACE BLVD", "CITY": "BATON ROUGE", "STATE": "LOUISIANA", "ZIP": 70809, "PHONE_NUMBER": null, "LATITUDE": 30.42175, "LONGITUDE": -91.10322 }, "geometry": { "type": "Point", "coordinates": [ -91.103224522998687, 30.42175938494 ] } },
{ "type": "Feature", "properties": { "ID": 22060, "LANDMARK_NAME": "MAISON BOCAGE APARTMENTS AND TOWNHOMES", "FULL_ADDRESS": "7956 JEFFERSON PLACE BLVD", "CITY": "BATON ROUGE", "STATE": "LOUISIANA", "ZIP": 70809, "PHONE_NUMBER": null, "LATITUDE": 30.42191, "LONGITUDE": -91.10354 }, "geometry": { "type": "Point", "coordinates": [ -91.103547445112696, 30.421918537899789 ] } },
{ "type": "Feature", "properties": { "ID": 22322, "LANDMARK_NAME": "MAISON BOCAGE APARTMENTS AND TOWNHOMES", "FULL_ADDRESS": "7342 N JEFFERSON PLACE CIR", "CITY": "BATON ROUGE", "STATE": "LOUISIANA", "ZIP": 70809, "PHONE_NUMBER": null, "LATITUDE": 30.41873, "LONGITUDE": -91.10473 }, "geometry": { "type": "Point", "coordinates": [ -91.104738146581369, 30.418732919222471 ] } },
{ "type": "Feature", "properties": { "ID": 22323, "LANDMARK_NAME": "MAISON BOCAGE APARTMENTS AND TOWNHOMES", "FULL_ADDRESS": "7352 N JEFFERSON PLACE CIR", "CITY": "BATON ROUGE", "STATE": "LOUISIANA", "ZIP": 70809, "PHONE_NUMBER": null, "LATITUDE": 30.41856, "LONGITUDE": -91.10506 }, "geometry": { "type": "Point", "coordinates": [ -91.105061802497531, 30.418569601584284 ] } },
{ "type": "Feature", "properties": { "ID": 22324, "LANDMARK_NAME": "MAISON BOCAGE APARTMENTS AND TOWNHOMES", "FULL_ADDRESS": "7362 N JEFFERSON PLACE CIR", "CITY": "BATON ROUGE", "STATE": "LOUISIANA", "ZIP": 70809, "PHONE_NUMBER": null, "LATITUDE": 30.41865, "LONGITUDE": -91.10542 }, "geometry": { "type": "Point", "coordinates": [ -91.10542148477893, 30.418654803618818 ] } },
{ "type": "Feature", "properties": { "ID": 22327, "LANDMARK_NAME": "MAISON BOCAGE APARTMENTS AND TOWNHOMES", "FULL_ADDRESS": "7372 N JEFFERSON PLACE CIR", "CITY": "BATON ROUGE", "STATE": "LOUISIANA", "ZIP": 70809, "PHONE_NUMBER": null, "LATITUDE": 30.41861, "LONGITUDE": -91.10582 }, "geometry": { "type": "Point", "coordinates": [ -91.105824155530541, 30.418613206358255 ] } },
{ "type": "Feature", "properties": { "ID": 22334, "LANDMARK_NAME": "MAISON BOCAGE APARTMENTS AND TOWNHOMES", "FULL_ADDRESS": "7411 N JEFFERSON PLACE CIR", "CITY": "BATON ROUGE", "STATE": "LOUISIANA", "ZIP": 70809, "PHONE_NUMBER": null, "LATITUDE": 30.41873, "LONGITUDE": -91.10627 }, "geometry": { "type": "Point", "coordinates": [ -91.106275248877353, 30.418735567861273 ] } },
{ "type": "Feature", "properties": { "ID": 22335, "LANDMARK_NAME": "MAISON BOCAGE APARTMENTS AND TOWNHOMES", "FULL_ADDRESS": "7421 N JEFFERSON PLACE CIR", "CITY": "BATON ROUGE", "STATE": "LOUISIANA", "ZIP": 70809, "PHONE_NUMBER": null, "LATITUDE": 30.41874, "LONGITUDE": -91.10663 }, "geometry": { "type": "Point", "coordinates": [ -91.106635101741574, 30.418746758723064 ] } },
{ "type": "Feature", "properties": { "ID": 22336, "LANDMARK_NAME": "MAISON BOCAGE APARTMENTS AND TOWNHOMES", "FULL_ADDRESS": "7431 N JEFFERSON PLACE CIR", "CITY": "BATON ROUGE", "STATE": "LOUISIANA", "ZIP": 70809, "PHONE_NUMBER": null, "LATITUDE": 30.41918, "LONGITUDE": -91.10681 }, "geometry": { "type": "Point", "coordinates": [ -91.106811002300958, 30.419180542976509 ] } },
{ "type": "Feature", "properties": { "ID": 22337, "LANDMARK_NAME": "MAISON BOCAGE APARTMENTS AND TOWNHOMES", "FULL_ADDRESS": "7441 N JEFFERSON PLACE CIR", "CITY": "BATON ROUGE", "STATE": "LOUISIANA", "ZIP": 70809, "PHONE_NUMBER": null, "LATITUDE": 30.41933, "LONGITUDE": -91.10644 }, "geometry": { "type": "Point", "coordinates": [ -91.106450773450916, 30.419333229650036 ] } },
{ "type": "Feature", "properties": { "ID": 22340, "LANDMARK_NAME": "MAISON BOCAGE APARTMENTS AND TOWNHOMES", "FULL_ADDRESS": "7451 N JEFFERSON PLACE CIR", "CITY": "BATON ROUGE", "STATE": "LOUISIANA", "ZIP": 70809, "PHONE_NUMBER": null, "LATITUDE": 30.41922, "LONGITUDE": -91.10617 }, "geometry": { "type": "Point", "coordinates": [ -91.106176543130189, 30.419221745215339 ] } },
{ "type": "Feature", "properties": { "ID": 22357, "LANDMARK_NAME": "MAISON BOCAGE APARTMENTS AND TOWNHOMES", "FULL_ADDRESS": "7503 N JEFFERSON PLACE CIR", "CITY": "BATON ROUGE", "STATE": "LOUISIANA", "ZIP": 70809, "PHONE_NUMBER": null, "LATITUDE": 30.41938, "LONGITUDE": -91.10685 }, "geometry": { "type": "Point", "coordinates": [ -91.106853241572594, 30.419381497556468 ] } },
{ "type": "Feature", "properties": { "ID": 22358, "LANDMARK_NAME": "MAISON BOCAGE APARTMENTS AND TOWNHOMES", "FULL_ADDRESS": "7513 N JEFFERSON PLACE CIR", "CITY": "BATON ROUGE", "STATE": "LOUISIANA", "ZIP": 70809, "PHONE_NUMBER": null, "LATITUDE": 30.41946, "LONGITUDE": -91.10748 }, "geometry": { "type": "Point", "coordinates": [ -91.107487412955322, 30.419467163842345 ] } },
{ "type": "Feature", "properties": { "ID": 22359, "LANDMARK_NAME": "MAISON BOCAGE APARTMENTS AND TOWNHOMES", "FULL_ADDRESS": "7523 N JEFFERSON PLACE CIR", "CITY": "BATON ROUGE", "STATE": "LOUISIANA", "ZIP": 70809, "PHONE_NUMBER": null, "LATITUDE": 30.41979, "LONGITUDE": -91.10736 }, "geometry": { "type": "Point", "coordinates": [ -91.107364662101702, 30.419799995695559 ] } },
{ "type": "Feature", "properties": { "ID": 22360, "LANDMARK_NAME": "MAISON BOCAGE APARTMENTS AND TOWNHOMES", "FULL_ADDRESS": "7533 N JEFFERSON PLACE CIR", "CITY": "BATON ROUGE", "STATE": "LOUISIANA", "ZIP": 70809, "PHONE_NUMBER": null, "LATITUDE": 30.41981, "LONGITUDE": -91.10696 }, "geometry": { "type": "Point", "coordinates": [ -91.106962047434195, 30.419815165680294 ] } },
{ "type": "Feature", "properties": { "ID": 22361, "LANDMARK_NAME": "MAISON BOCAGE APARTMENTS AND TOWNHOMES", "FULL_ADDRESS": "7543 N JEFFERSON PLACE CIR", "CITY": "BATON ROUGE", "STATE": "LOUISIANA", "ZIP": 70809, "PHONE_NUMBER": null, "LATITUDE": 30.41981, "LONGITUDE": -91.10663 }, "geometry": { "type": "Point", "coordinates": [ -91.106632664110109, 30.41981460132914 ] } },
{ "type": "Feature", "properties": { "ID": 22362, "LANDMARK_NAME": "MAISON BOCAGE APARTMENTS AND TOWNHOMES", "FULL_ADDRESS": "7543 N JEFFERSON PLACE CIR", "CITY": "BATON ROUGE", "STATE": "LOUISIANA", "ZIP": 70809, "PHONE_NUMBER": null, "LATITUDE": 30.41981, "LONGITUDE": -91.10663 }, "geometry": { "type": "Point", "coordinates": [ -91.106632664110109, 30.41981460132914 ] } },
{ "type": "Feature", "properties": { "ID": 22363, "LANDMARK_NAME": "MAISON BOCAGE APARTMENTS AND TOWNHOMES", "FULL_ADDRESS": "7543 N JEFFERSON PLACE CIR", "CITY": "BATON ROUGE", "STATE": "LOUISIANA", "ZIP": 70809, "PHONE_NUMBER": null, "LATITUDE": 30.41981, "LONGITUDE": -91.10663 }, "geometry": { "type": "Point", "coordinates": [ -91.106632664110109, 30.41981460132914 ] } },
{ "type": "Feature", "properties": { "ID": 22364, "LANDMARK_NAME": "MAISON BOCAGE APARTMENTS AND TOWNHOMES", "FULL_ADDRESS": "7543 N JEFFERSON PLACE CIR", "CITY": "BATON ROUGE", "STATE": "LOUISIANA", "ZIP": 70809, "PHONE_NUMBER": null, "LATITUDE": 30.41981, "LONGITUDE": -91.10663 }, "geometry": { "type": "Point", "coordinates": [ -91.106632664110109, 30.41981460132914 ] } },
{ "type": "Feature", "properties": { "ID": 22365, "LANDMARK_NAME": "MAISON BOCAGE APARTMENTS AND TOWNHOMES", "FULL_ADDRESS": "7553 N JEFFERSON PLACE CIR", "CITY": "BATON ROUGE", "STATE": "LOUISIANA", "ZIP": 70809, "PHONE_NUMBER": null, "LATITUDE": 30.41971, "LONGITUDE": -91.10619 }, "geometry": { "type": "Point", "coordinates": [ -91.106199804539187, 30.419718704474423 ] } },
{ "type": "Feature", "properties": { "ID": 22366, "LANDMARK_NAME": "MAISON BOCAGE APARTMENTS AND TOWNHOMES", "FULL_ADDRESS": "7563 N JEFFERSON PLACE CIR", "CITY": "BATON ROUGE", "STATE": "LOUISIANA", "ZIP": 70809, "PHONE_NUMBER": null, "LATITUDE": 30.41998, "LONGITUDE": -91.10635 }, "geometry": { "type": "Point", "coordinates": [ -91.106351680287787, 30.419988569384948 ] } },
{ "type": "Feature", "properties": { "ID": 22438, "LANDMARK_NAME": "APARTMENTS", "FULL_ADDRESS": "5725 PRESCOTT RD", "CITY": "BATON ROUGE", "STATE": "LOUISIANA", "ZIP": 70805, "PHONE_NUMBER": null, "LATITUDE": 30.4879, "LONGITUDE": -91.1333 }, "geometry": { "type": "Point", "coordinates": [ -91.133305421600809, 30.487902238985797 ] } },
{ "type": "Feature", "properties": { "ID": 22594, "LANDMARK_NAME": "RELLIM PLACE APARTMENTS", "FULL_ADDRESS": "5236 SUNSHINE PARK CT", "CITY": "BATON ROUGE", "STATE": "LOUISIANA", "ZIP": 70811, "PHONE_NUMBER": null, "LATITUDE": 30.5651, "LONGITUDE": -91.13965 }, "geometry": { "type": "Point", "coordinates": [ -91.139657455482265, 30.565102265511271 ] } },
{ "type": "Feature", "properties": { "ID": 22708, "LANDMARK_NAME": "DALI PLACE APARTMENTS", "FULL_ADDRESS": "1080 N ARDENWOOD DR", "CITY": "BATON ROUGE", "STATE": "LOUISIANA", "ZIP": 70806, "PHONE_NUMBER": null, "LATITUDE": 30.45967, "LONGITUDE": -91.12602 }, "geometry": { "type": "Point", "coordinates": [ -91.126021156525113, 30.459670608258151 ] } },
{ "type": "Feature", "properties": { "ID": 22709, "LANDMARK_NAME": "DALI PLACE APARTMENTS", "FULL_ADDRESS": "1112 N ARDENWOOD DR", "CITY": "BATON ROUGE", "STATE": "LOUISIANA", "ZIP": 70806, "PHONE_NUMBER": null, "LATITUDE": 30.46023, "LONGITUDE": -91.12745 }, "geometry": { "type": "Point", "coordinates": [ -91.12745541355774, 30.460232306342554 ] } },
{ "type": "Feature", "properties": { "ID": 22710, "LANDMARK_NAME": "DALI PLACE APARTMENTS", "FULL_ADDRESS": "1114 N ARDENWOOD DR", "CITY": "BATON ROUGE", "STATE": "LOUISIANA", "ZIP": 70806, "PHONE_NUMBER": null, "LATITUDE": 30.45994, "LONGITUDE": -91.12725 }, "geometry": { "type": "Point", "coordinates": [ -91.127252956168078, 30.459948597430969 ] } },
{ "type": "Feature", "properties": { "ID": 22711, "LANDMARK_NAME": "DALI PLACE APARTMENTS", "FULL_ADDRESS": "1116 N ARDENWOOD DR", "CITY": "BATON ROUGE", "STATE": "LOUISIANA", "ZIP": 70806, "PHONE_NUMBER": null, "LATITUDE": 30.46025, "LONGITUDE": -91.12727 }, "geometry": { "type": "Point", "coordinates": [ -91.127277707854432, 30.460251574018919 ] } },
{ "type": "Feature", "properties": { "ID": 22712, "LANDMARK_NAME": "DALI PLACE APARTMENTS", "FULL_ADDRESS": "1120 N ARDENWOOD DR", "CITY": "BATON ROUGE", "STATE": "LOUISIANA", "ZIP": 70806, "PHONE_NUMBER": null, "LATITUDE": 30.46038, "LONGITUDE": -91.12707 }, "geometry": { "type": "Point", "coordinates": [ -91.12707438694234, 30.460383181293871 ] } },
{ "type": "Feature", "properties": { "ID": 22713, "LANDMARK_NAME": "DALI PLACE APARTMENTS", "FULL_ADDRESS": "1122 N ARDENWOOD DR", "CITY": "BATON ROUGE", "STATE": "LOUISIANA", "ZIP": 70806, "PHONE_NUMBER": null, "LATITUDE": 30.45988, "LONGITUDE": -91.12684 }, "geometry": { "type": "Point", "coordinates": [ -91.126841346126994, 30.459889322332938 ] } },
{ "type": "Feature", "properties": { "ID": 22714, "LANDMARK_NAME": "DALI PLACE APARTMENTS", "FULL_ADDRESS": "1124 N ARDENWOOD DR", "CITY": "BATON ROUGE", "STATE": "LOUISIANA", "ZIP": 70806, "PHONE_NUMBER": null, "LATITUDE": 30.46034, "LONGITUDE": -91.12687 }, "geometry": { "type": "Point", "coordinates": [ -91.126871421174457, 30.460343775870403 ] } },
{ "type": "Feature", "properties": { "ID": 22747, "LANDMARK_NAME": "SHARLO TERRACE APARTMENTS 1", "FULL_ADDRESS": "4915 ALVIN DARK AVE, BLDG 1508", "CITY": "BATON ROUGE", "STATE": "LOUISIANA", "ZIP": 70820, "PHONE_NUMBER": null, "LATITUDE": 30.38996, "LONGITUDE": -91.17928 }, "geometry": { "type": "Point", "coordinates": [ -91.179286282375472, 30.38996687940859 ] } },
{ "type": "Feature", "properties": { "ID": 22748, "LANDMARK_NAME": "SHARLO TERRACE APARTMENTS 1", "FULL_ADDRESS": "4915 ALVIN DARK AVE, BLDG 1509", "CITY": "BATON ROUGE", "STATE": "LOUISIANA", "ZIP": 70820, "PHONE_NUMBER": null, "LATITUDE": 30.3901, "LONGITUDE": -91.17905 }, "geometry": { "type": "Point", "coordinates": [ -91.179051874215801, 30.390107841399107 ] } },
{ "type": "Feature", "properties": { "ID": 22749, "LANDMARK_NAME": "SHARLO TERRACE APARTMENTS 1", "FULL_ADDRESS": "4915 ALVIN DARK AVE, BLDG 1510", "CITY": "BATON ROUGE", "STATE": "LOUISIANA", "ZIP": 70820, "PHONE_NUMBER": null, "LATITUDE": 30.38984, "LONGITUDE": -91.17908 }, "geometry": { "type": "Point", "coordinates": [ -91.17908791679325, 30.389847481494158 ] } },
{ "type": "Feature", "properties": { "ID": 22750, "LANDMARK_NAME": "SHARLO TERRACE APARTMENTS 1", "FULL_ADDRESS": "4915 ALVIN DARK AVE, BLDG 1511", "CITY": "BATON ROUGE", "STATE": "LOUISIANA", "ZIP": 70820, "PHONE_NUMBER": null, "LATITUDE": 30.38993, "LONGITUDE": -91.17877 }, "geometry": { "type": "Point", "coordinates": [ -91.178777232107365, 30.389930976299066 ] } },
{ "type": "Feature", "properties": { "ID": 22751, "LANDMARK_NAME": "SHARLO TERRACE APARTMENTS 1", "FULL_ADDRESS": "4915 ALVIN DARK AVE, BLDG 1512", "CITY": "BATON ROUGE", "STATE": "LOUISIANA", "ZIP": 70820, "PHONE_NUMBER": null, "LATITUDE": 30.38982, "LONGITUDE": -91.17827 }, "geometry": { "type": "Point", "coordinates": [ -91.178273374928821, 30.389828873564685 ] } },
{ "type": "Feature", "properties": { "ID": 22752, "LANDMARK_NAME": "SHARLO TERRACE APARTMENTS 1", "FULL_ADDRESS": "4915 ALVIN DARK AVE, BLDG 1513", "CITY": "BATON ROUGE", "STATE": "LOUISIANA", "ZIP": 70820, "PHONE_NUMBER": null, "LATITUDE": 30.39006, "LONGITUDE": -91.17809 }, "geometry": { "type": "Point", "coordinates": [ -91.178094822806614, 30.390062584994297 ] } },
{ "type": "Feature", "properties": { "ID": 22753, "LANDMARK_NAME": "SHARLO TERRACE APARTMENTS 1", "FULL_ADDRESS": "4915 ALVIN DARK AVE, BLDG 1514", "CITY": "BATON ROUGE", "STATE": "LOUISIANA", "ZIP": 70820, "PHONE_NUMBER": null, "LATITUDE": 30.39028, "LONGITUDE": -91.17831 }, "geometry": { "type": "Point", "coordinates": [ -91.178313394089443, 30.390283520688033 ] } },
{ "type": "Feature", "properties": { "ID": 22754, "LANDMARK_NAME": "SHARLO TERRACE APARTMENTS 1", "FULL_ADDRESS": "4915 ALVIN DARK AVE, BLDG 1515", "CITY": "BATON ROUGE", "STATE": "LOUISIANA", "ZIP": 70820, "PHONE_NUMBER": null, "LATITUDE": 30.39054, "LONGITUDE": -91.17851 }, "geometry": { "type": "Point", "coordinates": [ -91.178511533655723, 30.390548567904617 ] } },
{ "type": "Feature", "properties": { "ID": 22755, "LANDMARK_NAME": "SHARLO TERRACE APARTMENTS 1", "FULL_ADDRESS": "4915 ALVIN DARK AVE, BLDG 1516", "CITY": "BATON ROUGE", "STATE": "LOUISIANA", "ZIP": 70820, "PHONE_NUMBER": null, "LATITUDE": 30.39055, "LONGITUDE": -91.1789 }, "geometry": { "type": "Point", "coordinates": [ -91.178908631386449, 30.390553446380025 ] } },
{ "type": "Feature", "properties": { "ID": 22986, "LANDMARK_NAME": "ELM GROVE GARDENS APARTMENTS", "FULL_ADDRESS": "8900 ELM GROVE GARDEN DR", "CITY": "BATON ROUGE", "STATE": "LOUISIANA", "ZIP": 70807, "PHONE_NUMBER": null, "LATITUDE": 30.52789, "LONGITUDE": -91.16885 }, "geometry": { "type": "Point", "coordinates": [ -91.168853677037106, 30.527899508789371 ] } },
{ "type": "Feature", "properties": { "ID": 23016, "LANDMARK_NAME": "THE ARTS APARTMENTS AT BLUEBONNET PLACE", "FULL_ADDRESS": "9989 BURBANK DR, BLDG A", "CITY": "BATON ROUGE", "STATE": "LOUISIANA", "ZIP": 70810, "PHONE_NUMBER": null, "LATITUDE": 30.35796, "LONGITUDE": -91.11449 }, "geometry": { "type": "Point", "coordinates": [ -91.114498023798703, 30.357967419985822 ] } },
{ "type": "Feature", "properties": { "ID": 23017, "LANDMARK_NAME": "THE ARTS APARTMENTS AT BLUEBONNET PLACE", "FULL_ADDRESS": "9989 BURBANK DR, BLDG B", "CITY": "BATON ROUGE", "STATE": "LOUISIANA", "ZIP": 70810, "PHONE_NUMBER": null, "LATITUDE": 30.35831, "LONGITUDE": -91.11429 }, "geometry": { "type": "Point", "coordinates": [ -91.114296703447749, 30.358318329812302 ] } },
{ "type": "Feature", "properties": { "ID": 23018, "LANDMARK_NAME": "THE ARTS APARTMENTS AT BLUEBONNET PLACE", "FULL_ADDRESS": "9989 BURBANK DR, BLDG C", "CITY": "BATON ROUGE", "STATE": "LOUISIANA", "ZIP": 70810, "PHONE_NUMBER": null, "LATITUDE": 30.3585, "LONGITUDE": -91.11419 }, "geometry": { "type": "Point", "coordinates": [ -91.114197990494048, 30.358502314046472 ] } },
{ "type": "Feature", "properties": { "ID": 23019, "LANDMARK_NAME": "THE ARTS APARTMENTS AT BLUEBONNET PLACE", "FULL_ADDRESS": "9989 BURBANK DR, BLDG D", "CITY": "BATON ROUGE", "STATE": "LOUISIANA", "ZIP": 70810, "PHONE_NUMBER": null, "LATITUDE": 30.35882, "LONGITUDE": -91.11399 }, "geometry": { "type": "Point", "coordinates": [ -91.113992796129466, 30.358825935570636 ] } },
{ "type": "Feature", "properties": { "ID": 23020, "LANDMARK_NAME": "THE ARTS APARTMENTS AT BLUEBONNET PLACE", "FULL_ADDRESS": "9989 BURBANK DR, BLDG E", "CITY": "BATON ROUGE", "STATE": "LOUISIANA", "ZIP": 70810, "PHONE_NUMBER": null, "LATITUDE": 30.3591, "LONGITUDE": -91.11389 }, "geometry": { "type": "Point", "coordinates": [ -91.113897803352174, 30.359105409616792 ] } },
{ "type": "Feature", "properties": { "ID": 23021, "LANDMARK_NAME": "THE ARTS APARTMENTS AT BLUEBONNET PLACE", "FULL_ADDRESS": "9989 BURBANK DR, BLDG F", "CITY": "BATON ROUGE", "STATE": "LOUISIANA", "ZIP": 70810, "PHONE_NUMBER": null, "LATITUDE": 30.35943, "LONGITUDE": -91.11367 }, "geometry": { "type": "Point", "coordinates": [ -91.1136808028931, 30.359432421849423 ] } },
{ "type": "Feature", "properties": { "ID": 23022, "LANDMARK_NAME": "THE ARTS APARTMENTS AT BLUEBONNET PLACE", "FULL_ADDRESS": "9989 BURBANK DR, BLDG G", "CITY": "BATON ROUGE", "STATE": "LOUISIANA", "ZIP": 70810, "PHONE_NUMBER": null, "LATITUDE": 30.35963, "LONGITUDE": -91.11356 }, "geometry": { "type": "Point", "coordinates": [ -91.113562387313678, 30.359633422529615 ] } },
{ "type": "Feature", "properties": { "ID": 23023, "LANDMARK_NAME": "THE ARTS APARTMENTS AT BLUEBONNET PLACE", "FULL_ADDRESS": "9989 BURBANK DR, BLDG H", "CITY": "BATON ROUGE", "STATE": "LOUISIANA", "ZIP": 70810, "PHONE_NUMBER": null, "LATITUDE": 30.3586, "LONGITUDE": -91.11503 }, "geometry": { "type": "Point", "coordinates": [ -91.115031418728918, 30.358602587444576 ] } },
{ "type": "Feature", "properties": { "ID": 23209, "LANDMARK_NAME": "THE ARTS APARTMENTS AT BLUEBONNET PLACE", "FULL_ADDRESS": "9989 BURBANK DR, BLDG J", "CITY": "BATON ROUGE", "STATE": "LOUISIANA", "ZIP": 70810, "PHONE_NUMBER": null, "LATITUDE": 30.35879, "LONGITUDE": -91.11492 }, "geometry": { "type": "Point", "coordinates": [ -91.114928744789538, 30.358800205447434 ] } },
{ "type": "Feature", "properties": { "ID": 23210, "LANDMARK_NAME": "THE ARTS APARTMENTS AT BLUEBONNET PLACE", "FULL_ADDRESS": "9989 BURBANK DR, BLDG K", "CITY": "BATON ROUGE", "STATE": "LOUISIANA", "ZIP": 70810, "PHONE_NUMBER": null, "LATITUDE": 30.35913, "LONGITUDE": -91.11473 }, "geometry": { "type": "Point", "coordinates": [ -91.114739266620589, 30.359130674871544 ] } },
{ "type": "Feature", "properties": { "ID": 23211, "LANDMARK_NAME": "THE ARTS APARTMENTS AT BLUEBONNET PLACE", "FULL_ADDRESS": "9989 BURBANK DR, BLDG L", "CITY": "BATON ROUGE", "STATE": "LOUISIANA", "ZIP": 70810, "PHONE_NUMBER": null, "LATITUDE": 30.35936, "LONGITUDE": -91.11462 }, "geometry": { "type": "Point", "coordinates": [ -91.114628636235864, 30.359369201500289 ] } },
{ "type": "Feature", "properties": { "ID": 23212, "LANDMARK_NAME": "THE ARTS APARTMENTS AT BLUEBONNET PLACE", "FULL_ADDRESS": "9989 BURBANK DR, BLDG M", "CITY": "BATON ROUGE", "STATE": "LOUISIANA", "ZIP": 70810, "PHONE_NUMBER": null, "LATITUDE": 30.3597, "LONGITUDE": -91.11443 }, "geometry": { "type": "Point", "coordinates": [ -91.114439133447647, 30.359709901143951 ] } },
{ "type": "Feature", "properties": { "ID": 23213, "LANDMARK_NAME": "THE ARTS APARTMENTS AT BLUEBONNET PLACE", "FULL_ADDRESS": "9989 BURBANK DR, BLDG N", "CITY": "BATON ROUGE", "STATE": "LOUISIANA", "ZIP": 70810, "PHONE_NUMBER": null, "LATITUDE": 30.35991, "LONGITUDE": -91.11432 }, "geometry": { "type": "Point", "coordinates": [ -91.114324644726139, 30.359914318940341 ] } },
{ "type": "Feature", "properties": { "ID": 23262, "LANDMARK_NAME": "SHARLO TERRACE APARTMENTS 1", "FULL_ADDRESS": "4915 ALVIN DARK AVE, BLDG 1517", "CITY": "BATON ROUGE", "STATE": "LOUISIANA", "ZIP": 70820, "PHONE_NUMBER": null, "LATITUDE": 30.39051, "LONGITUDE": -91.17918 }, "geometry": { "type": "Point", "coordinates": [ -91.179183612085225, 30.390514044570914 ] } },
{ "type": "Feature", "properties": { "ID": 23263, "LANDMARK_NAME": "SHARLO TERRACE APARTMENTS 1", "FULL_ADDRESS": "4915 ALVIN DARK AVE, BLDG 1518", "CITY": "BATON ROUGE", "STATE": "LOUISIANA", "ZIP": 70820, "PHONE_NUMBER": null, "LATITUDE": 30.39059, "LONGITUDE": -91.17942 }, "geometry": { "type": "Point", "coordinates": [ -91.179427854216542, 30.390598187803995 ] } },
{ "type": "Feature", "properties": { "ID": 23264, "LANDMARK_NAME": "SHARLO TERRACE APARTMENTS 1", "FULL_ADDRESS": "4915 ALVIN DARK AVE, BLDG 1519", "CITY": "BATON ROUGE", "STATE": "LOUISIANA", "ZIP": 70820, "PHONE_NUMBER": null, "LATITUDE": 30.39076, "LONGITUDE": -91.17966 }, "geometry": { "type": "Point", "coordinates": [ -91.179666883405915, 30.390761768288503 ] } },
{ "type": "Feature", "properties": { "ID": 23265, "LANDMARK_NAME": "SHARLO TERRACE APARTMENTS 1", "FULL_ADDRESS": "4915 ALVIN DARK AVE, BLDG 1520", "CITY": "BATON ROUGE", "STATE": "LOUISIANA", "ZIP": 70820, "PHONE_NUMBER": null, "LATITUDE": 30.39055, "LONGITUDE": -91.17974 }, "geometry": { "type": "Point", "coordinates": [ -91.179748654157407, 30.390558839065442 ] } },
{ "type": "Feature", "properties": { "ID": 23472, "LANDMARK_NAME": "CADILLAC STREET PLACE APARTMENTS", "FULL_ADDRESS": "5958 CADILLAC ST, BLDG 1101", "CITY": "BATON ROUGE", "STATE": "LOUISIANA", "ZIP": 70811, "PHONE_NUMBER": null, "LATITUDE": 30.51779, "LONGITUDE": -91.13182 }, "geometry": { "type": "Point", "coordinates": [ -91.131820930012807, 30.517790915468645 ] } },
{ "type": "Feature", "properties": { "ID": 23473, "LANDMARK_NAME": "CADILLAC STREET PLACE APARTMENTS", "FULL_ADDRESS": "5958 CADILLAC ST, BLDG 1102", "CITY": "BATON ROUGE", "STATE": "LOUISIANA", "ZIP": 70811, "PHONE_NUMBER": null, "LATITUDE": 30.51738, "LONGITUDE": -91.13181 }, "geometry": { "type": "Point", "coordinates": [ -91.131817410545381, 30.51738924230013 ] } },
{ "type": "Feature", "properties": { "ID": 23474, "LANDMARK_NAME": "CADILLAC STREET PLACE APARTMENTS", "FULL_ADDRESS": "5958 CADILLAC ST, BLDG 1103", "CITY": "BATON ROUGE", "STATE": "LOUISIANA", "ZIP": 70811, "PHONE_NUMBER": null, "LATITUDE": 30.51696, "LONGITUDE": -91.1318 }, "geometry": { "type": "Point", "coordinates": [ -91.131805264140297, 30.516965032386263 ] } },
{ "type": "Feature", "properties": { "ID": 23475, "LANDMARK_NAME": "CADILLAC STREET PLACE APARTMENTS", "FULL_ADDRESS": "5958 CADILLAC ST, BLDG 1104", "CITY": "BATON ROUGE", "STATE": "LOUISIANA", "ZIP": 70811, "PHONE_NUMBER": null, "LATITUDE": 30.51759, "LONGITUDE": -91.13159 }, "geometry": { "type": "Point", "coordinates": [ -91.131591534845569, 30.517591609293504 ] } },
{ "type": "Feature", "properties": { "ID": 23476, "LANDMARK_NAME": "CADILLAC STREET PLACE APARTMENTS", "FULL_ADDRESS": "5958 CADILLAC ST, BLDG 1105", "CITY": "BATON ROUGE", "STATE": "LOUISIANA", "ZIP": 70811, "PHONE_NUMBER": null, "LATITUDE": 30.51717, "LONGITUDE": -91.13157 }, "geometry": { "type": "Point", "coordinates": [ -91.131579382788402, 30.517171153752873 ] } },
{ "type": "Feature", "properties": { "ID": 23477, "LANDMARK_NAME": "CADILLAC STREET PLACE APARTMENTS", "FULL_ADDRESS": "5958 CADILLAC ST, BLDG 1106", "CITY": "BATON ROUGE", "STATE": "LOUISIANA", "ZIP": 70811, "PHONE_NUMBER": null, "LATITUDE": 30.5178, "LONGITUDE": -91.13136 }, "geometry": { "type": "Point", "coordinates": [ -91.131361307588293, 30.517801476198738 ] } },
{ "type": "Feature", "properties": { "ID": 23528, "LANDMARK_NAME": "CADILLAC STREET PLACE APARTMENTS", "FULL_ADDRESS": "5958 CADILLAC ST, BLDG 1107", "CITY": "BATON ROUGE", "STATE": "LOUISIANA", "ZIP": 70811, "PHONE_NUMBER": null, "LATITUDE": 30.51738, "LONGITUDE": -91.13134 }, "geometry": { "type": "Point", "coordinates": [ -91.131344820104289, 30.517381014046492 ] } },
{ "type": "Feature", "properties": { "ID": 23529, "LANDMARK_NAME": "CADILLAC STREET PLACE APARTMENTS", "FULL_ADDRESS": "5958 CADILLAC ST, BLDG 1108", "CITY": "BATON ROUGE", "STATE": "LOUISIANA", "ZIP": 70811, "PHONE_NUMBER": null, "LATITUDE": 30.51719, "LONGITUDE": -91.1311 }, "geometry": { "type": "Point", "coordinates": [ -91.131102380519039, 30.517200456267478 ] } },
{ "type": "Feature", "properties": { "ID": 23590, "LANDMARK_NAME": "APARTMENTS", "FULL_ADDRESS": "5465 GREENWELL ST", "CITY": "BATON ROUGE", "STATE": "LOUISIANA", "ZIP": 70805, "PHONE_NUMBER": null, "LATITUDE": 30.50239, "LONGITUDE": -91.13563 }, "geometry": { "type": "Point", "coordinates": [ -91.135637921999276, 30.502393173993067 ] } },
{ "type": "Feature", "properties": { "ID": 23649, "LANDMARK_NAME": "THE VILLAS APARTMENTS", "FULL_ADDRESS": "3307 CAROL DR", "CITY": "BATON ROUGE", "STATE": "LOUISIANA", "ZIP": 70806, "PHONE_NUMBER": null, "LATITUDE": 30.44299, "LONGITUDE": -91.15477 }, "geometry": { "type": "Point", "coordinates": [ -91.154774496106896, 30.442991966041205 ] } },
{ "type": "Feature", "properties": { "ID": 23650, "LANDMARK_NAME": "THE VILLAS APARTMENTS", "FULL_ADDRESS": "3323 CAROL DR", "CITY": "BATON ROUGE", "STATE": "LOUISIANA", "ZIP": 70806, "PHONE_NUMBER": null, "LATITUDE": 30.44298, "LONGITUDE": -91.15457 }, "geometry": { "type": "Point", "coordinates": [ -91.154574945835009, 30.442984981376089 ] } },
{ "type": "Feature", "properties": { "ID": 23652, "LANDMARK_NAME": "THE VILLAS APARTMENTS", "FULL_ADDRESS": "3331 CAROL DR", "CITY": "BATON ROUGE", "STATE": "LOUISIANA", "ZIP": 70806, "PHONE_NUMBER": null, "LATITUDE": 30.44295, "LONGITUDE": -91.15431 }, "geometry": { "type": "Point", "coordinates": [ -91.154311503923694, 30.442952728356996 ] } },
{ "type": "Feature", "properties": { "ID": 23722, "LANDMARK_NAME": "CADILLAC STREET PLACE APARTMENTS", "FULL_ADDRESS": "5958 CADILLAC ST, BLDG 1109", "CITY": "BATON ROUGE", "STATE": "LOUISIANA", "ZIP": 70811, "PHONE_NUMBER": null, "LATITUDE": 30.51783, "LONGITUDE": -91.13088 }, "geometry": { "type": "Point", "coordinates": [ -91.130888638618529, 30.517830785456695 ] } },
{ "type": "Feature", "properties": { "ID": 23723, "LANDMARK_NAME": "CADILLAC STREET PLACE APARTMENTS", "FULL_ADDRESS": "5958 CADILLAC ST, BLDG 1110", "CITY": "BATON ROUGE", "STATE": "LOUISIANA", "ZIP": 70811, "PHONE_NUMBER": null, "LATITUDE": 30.5174, "LONGITUDE": -91.13087 }, "geometry": { "type": "Point", "coordinates": [ -91.130880824847168, 30.517410336514445 ] } },
{ "type": "Feature", "properties": { "ID": 23724, "LANDMARK_NAME": "CADILLAC STREET PLACE APARTMENTS", "FULL_ADDRESS": "5958 CADILLAC ST, BLDG 1111", "CITY": "BATON ROUGE", "STATE": "LOUISIANA", "ZIP": 70811, "PHONE_NUMBER": null, "LATITUDE": 30.51704, "LONGITUDE": -91.13085 }, "geometry": { "type": "Point", "coordinates": [ -91.130859889227992, 30.517046175890698 ] } },
{ "type": "Feature", "properties": { "ID": 23725, "LANDMARK_NAME": "CADILLAC STREET PLACE APARTMENTS", "FULL_ADDRESS": "5958 CADILLAC ST, BLDG 1112", "CITY": "BATON ROUGE", "STATE": "LOUISIANA", "ZIP": 70811, "PHONE_NUMBER": null, "LATITUDE": 30.51766, "LONGITUDE": -91.13041 }, "geometry": { "type": "Point", "coordinates": [ -91.1304163763091, 30.517661136939996 ] } },
{ "type": "Feature", "properties": { "ID": 23726, "LANDMARK_NAME": "CADILLAC STREET PLACE APARTMENTS", "FULL_ADDRESS": "5958 CADILLAC ST, BLDG 1113", "CITY": "BATON ROUGE", "STATE": "LOUISIANA", "ZIP": 70811, "PHONE_NUMBER": null, "LATITUDE": 30.51718, "LONGITUDE": -91.13033 }, "geometry": { "type": "Point", "coordinates": [ -91.130334970847542, 30.517184265744721 ] } },
{ "type": "Feature", "properties": { "ID": 23727, "LANDMARK_NAME": "CADILLAC STREET PLACE APARTMENTS", "FULL_ADDRESS": "5958 CADILLAC ST, BLDG 1114", "CITY": "BATON ROUGE", "STATE": "LOUISIANA", "ZIP": 70811, "PHONE_NUMBER": null, "LATITUDE": 30.51785, "LONGITUDE": -91.1302 }, "geometry": { "type": "Point", "coordinates": [ -91.130203512971221, 30.517859767125525 ] } },
{ "type": "Feature", "properties": { "ID": 23728, "LANDMARK_NAME": "CADILLAC STREET PLACE APARTMENTS", "FULL_ADDRESS": "5958 CADILLAC ST, BLDG 1115", "CITY": "BATON ROUGE", "STATE": "LOUISIANA", "ZIP": 70811, "PHONE_NUMBER": null, "LATITUDE": 30.51773, "LONGITUDE": -91.12971 }, "geometry": { "type": "Point", "coordinates": [ -91.129713823467142, 30.517731382086993 ] } },
{ "type": "Feature", "properties": { "ID": 23729, "LANDMARK_NAME": "CADILLAC STREET PLACE APARTMENTS", "FULL_ADDRESS": "5958 CADILLAC ST, BLDG 1116", "CITY": "BATON ROUGE", "STATE": "LOUISIANA", "ZIP": 70811, "PHONE_NUMBER": null, "LATITUDE": 30.51789, "LONGITUDE": -91.12941 }, "geometry": { "type": "Point", "coordinates": [ -91.129418639104784, 30.517899852929631 ] } },
{ "type": "Feature", "properties": { "ID": 23730, "LANDMARK_NAME": "CADILLAC STREET PLACE APARTMENTS", "FULL_ADDRESS": "5958 CADILLAC ST, BLDG 1117", "CITY": "BATON ROUGE", "STATE": "LOUISIANA", "ZIP": 70811, "PHONE_NUMBER": null, "LATITUDE": 30.51752, "LONGITUDE": -91.12945 }, "geometry": { "type": "Point", "coordinates": [ -91.129458440640533, 30.517520769991354 ] } },
{ "type": "Feature", "properties": { "ID": 23731, "LANDMARK_NAME": "CADILLAC STREET PLACE APARTMENTS", "FULL_ADDRESS": "5958 CADILLAC ST, BLDG 1118", "CITY": "BATON ROUGE", "STATE": "LOUISIANA", "ZIP": 70811, "PHONE_NUMBER": null, "LATITUDE": 30.51729, "LONGITUDE": -91.1292 }, "geometry": { "type": "Point", "coordinates": [ -91.129203089792412, 30.517295142633468 ] } },
{ "type": "Feature", "properties": { "ID": 23732, "LANDMARK_NAME": "CADILLAC STREET PLACE APARTMENTS", "FULL_ADDRESS": "5958 CADILLAC ST, BLDG 1119", "CITY": "BATON ROUGE", "STATE": "LOUISIANA", "ZIP": 70811, "PHONE_NUMBER": null, "LATITUDE": 30.51792, "LONGITUDE": -91.12898 }, "geometry": { "type": "Point", "coordinates": [ -91.128985007995325, 30.517921707678482 ] } },
{ "type": "Feature", "properties": { "ID": 23733, "LANDMARK_NAME": "CADILLAC STREET PLACE APARTMENTS", "FULL_ADDRESS": "5958 CADILLAC ST, BLDG 1120", "CITY": "BATON ROUGE", "STATE": "LOUISIANA", "ZIP": 70811, "PHONE_NUMBER": null, "LATITUDE": 30.51753, "LONGITUDE": -91.12898 }, "geometry": { "type": "Point", "coordinates": [ -91.128981468033601, 30.517535050105945 ] } },
{ "type": "Feature", "properties": { "ID": 23734, "LANDMARK_NAME": "CADILLAC STREET PLACE APARTMENTS", "FULL_ADDRESS": "5958 CADILLAC ST, BLDG 1121", "CITY": "BATON ROUGE", "STATE": "LOUISIANA", "ZIP": 70811, "PHONE_NUMBER": null, "LATITUDE": 30.51772, "LONGITUDE": -91.12873 }, "geometry": { "type": "Point", "coordinates": [ -91.128733930607922, 30.517726116546534 ] } },
{ "type": "Feature", "properties": { "ID": 23735, "LANDMARK_NAME": "CADILLAC STREET PLACE APARTMENTS", "FULL_ADDRESS": "5958 CADILLAC ST, BLDG 1122", "CITY": "BATON ROUGE", "STATE": "LOUISIANA", "ZIP": 70811, "PHONE_NUMBER": null, "LATITUDE": 30.51738, "LONGITUDE": -91.12865 }, "geometry": { "type": "Point", "coordinates": [ -91.128652246619183, 30.517388139608602 ] } },
{ "type": "Feature", "properties": { "ID": 23736, "LANDMARK_NAME": "CADILLAC STREET PLACE APARTMENTS", "FULL_ADDRESS": "5958 CADILLAC ST, BLDG 1123", "CITY": "BATON ROUGE", "STATE": "LOUISIANA", "ZIP": 70811, "PHONE_NUMBER": null, "LATITUDE": 30.51788, "LONGITUDE": -91.12821 }, "geometry": { "type": "Point", "coordinates": [ -91.128213295497559, 30.517886729044481 ] } },
{ "type": "Feature", "properties": { "ID": 23737, "LANDMARK_NAME": "CADILLAC STREET PLACE APARTMENTS", "FULL_ADDRESS": "5958 CADILLAC ST, BLDG 1124", "CITY": "BATON ROUGE", "STATE": "LOUISIANA", "ZIP": 70811, "PHONE_NUMBER": null, "LATITUDE": 30.51758, "LONGITUDE": -91.12819 }, "geometry": { "type": "Point", "coordinates": [ -91.128196572955062, 30.51758639086038 ] } },
{ "type": "Feature", "properties": { "ID": 23738, "LANDMARK_NAME": "CADILLAC STREET PLACE APARTMENTS", "FULL_ADDRESS": "5958 CADILLAC ST, BLDG 1125", "CITY": "BATON ROUGE", "STATE": "LOUISIANA", "ZIP": 70811, "PHONE_NUMBER": null, "LATITUDE": 30.51727, "LONGITUDE": -91.12816 }, "geometry": { "type": "Point", "coordinates": [ -91.12816687453315, 30.517271016826179 ] } },
{ "type": "Feature", "properties": { "ID": 23845, "LANDMARK_NAME": "THE VILLAS APARTMENTS", "FULL_ADDRESS": "3333 CAROL DR", "CITY": "BATON ROUGE", "STATE": "LOUISIANA", "ZIP": 70806, "PHONE_NUMBER": null, "LATITUDE": 30.44295, "LONGITUDE": -91.15426 }, "geometry": { "type": "Point", "coordinates": [ -91.154264997433614, 30.442956022938336 ] } },
{ "type": "Feature", "properties": { "ID": 23846, "LANDMARK_NAME": "THE VILLAS APARTMENTS", "FULL_ADDRESS": "3335 CAROL DR", "CITY": "BATON ROUGE", "STATE": "LOUISIANA", "ZIP": 70806, "PHONE_NUMBER": null, "LATITUDE": 30.44295, "LONGITUDE": -91.1542 }, "geometry": { "type": "Point", "coordinates": [ -91.154202994864576, 30.44295761774293 ] } },
{ "type": "Feature", "properties": { "ID": 23847, "LANDMARK_NAME": "THE VILLAS APARTMENTS", "FULL_ADDRESS": "3337 CAROL DR", "CITY": "BATON ROUGE", "STATE": "LOUISIANA", "ZIP": 70806, "PHONE_NUMBER": null, "LATITUDE": 30.44296, "LONGITUDE": -91.15412 }, "geometry": { "type": "Point", "coordinates": [ -91.154127417545453, 30.44296590921255 ] } },
{ "type": "Feature", "properties": { "ID": 23849, "LANDMARK_NAME": "THE VILLAS APARTMENTS", "FULL_ADDRESS": "3339 CAROL DR", "CITY": "BATON ROUGE", "STATE": "LOUISIANA", "ZIP": 70806, "PHONE_NUMBER": null, "LATITUDE": 30.44297, "LONGITUDE": -91.15406 }, "geometry": { "type": "Point", "coordinates": [ -91.154063468356014, 30.442972537629924 ] } },
{ "type": "Feature", "properties": { "ID": 23853, "LANDMARK_NAME": "THE VILLAS APARTMENTS", "FULL_ADDRESS": "3341 CAROL DR", "CITY": "BATON ROUGE", "STATE": "LOUISIANA", "ZIP": 70806, "PHONE_NUMBER": null, "LATITUDE": 30.44297, "LONGITUDE": -91.154 }, "geometry": { "type": "Point", "coordinates": [ -91.154001458667778, 30.442977489874437 ] } },
{ "type": "Feature", "properties": { "ID": 23854, "LANDMARK_NAME": "THE VILLAS APARTMENTS", "FULL_ADDRESS": "3359 CAROL DR", "CITY": "BATON ROUGE", "STATE": "LOUISIANA", "ZIP": 70806, "PHONE_NUMBER": null, "LATITUDE": 30.44298, "LONGITUDE": -91.15379 }, "geometry": { "type": "Point", "coordinates": [ -91.153792202672392, 30.442980563498686 ] } },
{ "type": "Feature", "properties": { "ID": 23855, "LANDMARK_NAME": "THE VILLAS APARTMENTS", "FULL_ADDRESS": "614 CAROL MARIE DR", "CITY": "BATON ROUGE", "STATE": "LOUISIANA", "ZIP": 70806, "PHONE_NUMBER": null, "LATITUDE": 30.44248, "LONGITUDE": -91.15484 }, "geometry": { "type": "Point", "coordinates": [ -91.15484956071279, 30.442483545561167 ] } },
{ "type": "Feature", "properties": { "ID": 23856, "LANDMARK_NAME": "THE VILLAS APARTMENTS", "FULL_ADDRESS": "622 CAROL MARIE DR", "CITY": "BATON ROUGE", "STATE": "LOUISIANA", "ZIP": 70806, "PHONE_NUMBER": null, "LATITUDE": 30.44243, "LONGITUDE": -91.15469 }, "geometry": { "type": "Point", "coordinates": [ -91.1547003335032, 30.442440221913547 ] } },
{ "type": "Feature", "properties": { "ID": 23857, "LANDMARK_NAME": "THE VILLAS APARTMENTS", "FULL_ADDRESS": "634 CAROL MARIE DR", "CITY": "BATON ROUGE", "STATE": "LOUISIANA", "ZIP": 70806, "PHONE_NUMBER": null, "LATITUDE": 30.44234, "LONGITUDE": -91.1546 }, "geometry": { "type": "Point", "coordinates": [ -91.154604077665624, 30.442345762180476 ] } },
{ "type": "Feature", "properties": { "ID": 23858, "LANDMARK_NAME": "THE VILLAS APARTMENTS", "FULL_ADDRESS": "636 CAROL MARIE DR", "CITY": "BATON ROUGE", "STATE": "LOUISIANA", "ZIP": 70806, "PHONE_NUMBER": null, "LATITUDE": 30.44229, "LONGITUDE": -91.15457 }, "geometry": { "type": "Point", "coordinates": [ -91.154573054906152, 30.442299902666406 ] } },
{ "type": "Feature", "properties": { "ID": 23859, "LANDMARK_NAME": "THE VILLAS APARTMENTS", "FULL_ADDRESS": "638 CAROL MARIE DR", "CITY": "BATON ROUGE", "STATE": "LOUISIANA", "ZIP": 70806, "PHONE_NUMBER": null, "LATITUDE": 30.44224, "LONGITUDE": -91.15453 }, "geometry": { "type": "Point", "coordinates": [ -91.154532710418891, 30.442248640609044 ] } },
{ "type": "Feature", "properties": { "ID": 23860, "LANDMARK_NAME": "THE VILLAS APARTMENTS", "FULL_ADDRESS": "640 CAROL MARIE DR", "CITY": "BATON ROUGE", "STATE": "LOUISIANA", "ZIP": 70806, "PHONE_NUMBER": null, "LATITUDE": 30.4422, "LONGITUDE": -91.1545 }, "geometry": { "type": "Point", "coordinates": [ -91.15450168772108, 30.442202781979042 ] } },
{ "type": "Feature", "properties": { "ID": 23861, "LANDMARK_NAME": "THE VILLAS APARTMENTS", "FULL_ADDRESS": "642 CAROL MARIE DR", "CITY": "BATON ROUGE", "STATE": "LOUISIANA", "ZIP": 70806, "PHONE_NUMBER": null, "LATITUDE": 30.44215, "LONGITUDE": -91.15447 }, "geometry": { "type": "Point", "coordinates": [ -91.154479991651897, 30.442159630470258 ] } },
{ "type": "Feature", "properties": { "ID": 23862, "LANDMARK_NAME": "THE VILLAS APARTMENTS", "FULL_ADDRESS": "644 CAROL MARIE DR", "CITY": "BATON ROUGE", "STATE": "LOUISIANA", "ZIP": 70806, "PHONE_NUMBER": null, "LATITUDE": 30.44211, "LONGITUDE": -91.15443 }, "geometry": { "type": "Point", "coordinates": [ -91.154436522912206, 30.442116449506429 ] } },
{ "type": "Feature", "properties": { "ID": 23867, "LANDMARK_NAME": "THE VILLAS APARTMENTS", "FULL_ADDRESS": "660 CAROL MARIE DR", "CITY": "BATON ROUGE", "STATE": "LOUISIANA", "ZIP": 70806, "PHONE_NUMBER": null, "LATITUDE": 30.44183, "LONGITUDE": -91.15417 }, "geometry": { "type": "Point", "coordinates": [ -91.154175750872625, 30.441833107412684 ] } },
{ "type": "Feature", "properties": { "ID": 23870, "LANDMARK_NAME": "THE VILLAS APARTMENTS", "FULL_ADDRESS": "672 CAROL MARIE DR", "CITY": "BATON ROUGE", "STATE": "LOUISIANA", "ZIP": 70806, "PHONE_NUMBER": null, "LATITUDE": 30.44166, "LONGITUDE": -91.15412 }, "geometry": { "type": "Point", "coordinates": [ -91.154126284538322, 30.441665942529493 ] } },
{ "type": "Feature", "properties": { "ID": 23871, "LANDMARK_NAME": "THE VILLAS APARTMENTS", "FULL_ADDRESS": "712 CAROL MARIE DR", "CITY": "BATON ROUGE", "STATE": "LOUISIANA", "ZIP": 70806, "PHONE_NUMBER": null, "LATITUDE": 30.4413, "LONGITUDE": -91.15377 }, "geometry": { "type": "Point", "coordinates": [ -91.153778558844152, 30.441307018165652 ] } },
{ "type": "Feature", "properties": { "ID": 23872, "LANDMARK_NAME": "THE VILLAS APARTMENTS", "FULL_ADDRESS": "714 CAROL MARIE DR", "CITY": "BATON ROUGE", "STATE": "LOUISIANA", "ZIP": 70806, "PHONE_NUMBER": null, "LATITUDE": 30.44125, "LONGITUDE": -91.15376 }, "geometry": { "type": "Point", "coordinates": [ -91.153763094640482, 30.441258485054203 ] } },
{ "type": "Feature", "properties": { "ID": 23873, "LANDMARK_NAME": "THE VILLAS APARTMENTS", "FULL_ADDRESS": "716 CAROL MARIE DR", "CITY": "BATON ROUGE", "STATE": "LOUISIANA", "ZIP": 70806, "PHONE_NUMBER": null, "LATITUDE": 30.4412, "LONGITUDE": -91.15373 }, "geometry": { "type": "Point", "coordinates": [ -91.153738302921781, 30.441207243855242 ] } },
{ "type": "Feature", "properties": { "ID": 23874, "LANDMARK_NAME": "THE VILLAS APARTMENTS", "FULL_ADDRESS": "718 CAROL MARIE DR", "CITY": "BATON ROUGE", "STATE": "LOUISIANA", "ZIP": 70806, "PHONE_NUMBER": null, "LATITUDE": 30.44115, "LONGITUDE": -91.15371 }, "geometry": { "type": "Point", "coordinates": [ -91.153719727954638, 30.441158705610668 ] } },
{ "type": "Feature", "properties": { "ID": 23875, "LANDMARK_NAME": "THE VILLAS APARTMENTS", "FULL_ADDRESS": "720 CAROL MARIE DR", "CITY": "BATON ROUGE", "STATE": "LOUISIANA", "ZIP": 70806, "PHONE_NUMBER": null, "LATITUDE": 30.4411, "LONGITUDE": -91.15369 }, "geometry": { "type": "Point", "coordinates": [ -91.153691826525503, 30.441107460177914 ] } },
{ "type": "Feature", "properties": { "ID": 23891, "LANDMARK_NAME": "THE VILLAS APARTMENTS", "FULL_ADDRESS": "722 CAROL MARIE DR", "CITY": "BATON ROUGE", "STATE": "LOUISIANA", "ZIP": 70806, "PHONE_NUMBER": null, "LATITUDE": 30.44105, "LONGITUDE": -91.15367 }, "geometry": { "type": "Point", "coordinates": [ -91.153676361354272, 30.441058927052151 ] } },
{ "type": "Feature", "properties": { "ID": 23892, "LANDMARK_NAME": "THE VILLAS APARTMENTS", "FULL_ADDRESS": "744 CAROL MARIE DR", "CITY": "BATON ROUGE", "STATE": "LOUISIANA", "ZIP": 70806, "PHONE_NUMBER": null, "LATITUDE": 30.44087, "LONGITUDE": -91.15363 }, "geometry": { "type": "Point", "coordinates": [ -91.153633151976265, 30.440872904320429 ] } },
{ "type": "Feature", "properties": { "ID": 23893, "LANDMARK_NAME": "THE VILLAS APARTMENTS", "FULL_ADDRESS": "756 CAROL MARIE DR", "CITY": "BATON ROUGE", "STATE": "LOUISIANA", "ZIP": 70806, "PHONE_NUMBER": null, "LATITUDE": 30.44071, "LONGITUDE": -91.15353 }, "geometry": { "type": "Point", "coordinates": [ -91.153540125550975, 30.440713765325718 ] } },
{ "type": "Feature", "properties": { "ID": 24139, "LANDMARK_NAME": "COTTAGES AT SOUTHFORK APARTMENTS", "FULL_ADDRESS": "11542 COTTAGECREEK RD", "CITY": "BATON ROUGE", "STATE": "LOUISIANA", "ZIP": 70816, "PHONE_NUMBER": null, "LATITUDE": 30.41909, "LONGITUDE": -91.05553 }, "geometry": { "type": "Point", "coordinates": [ -91.055540892959684, 30.419096024699805 ] } },
{ "type": "Feature", "properties": { "ID": 24140, "LANDMARK_NAME": "COTTAGES AT SOUTHFORK APARTMENTS", "FULL_ADDRESS": "11550 COTTAGECREEK RD", "CITY": "BATON ROUGE", "STATE": "LOUISIANA", "ZIP": 70816, "PHONE_NUMBER": null, "LATITUDE": 30.41909, "LONGITUDE": -91.05546 }, "geometry": { "type": "Point", "coordinates": [ -91.055466927555216, 30.419098656727666 ] } },
{ "type": "Feature", "properties": { "ID": 24141, "LANDMARK_NAME": "COTTAGES AT SOUTHFORK APARTMENTS", "FULL_ADDRESS": "11558 COTTAGECREEK RD", "CITY": "BATON ROUGE", "STATE": "LOUISIANA", "ZIP": 70816, "PHONE_NUMBER": null, "LATITUDE": 30.4191, "LONGITUDE": -91.05538 }, "geometry": { "type": "Point", "coordinates": [ -91.055386529604746, 30.41910127428973 ] } },
{ "type": "Feature", "properties": { "ID": 24142, "LANDMARK_NAME": "COTTAGES AT SOUTHFORK APARTMENTS", "FULL_ADDRESS": "11566 COTTAGECREEK RD", "CITY": "BATON ROUGE", "STATE": "LOUISIANA", "ZIP": 70816, "PHONE_NUMBER": null, "LATITUDE": 30.4191, "LONGITUDE": -91.05527 }, "geometry": { "type": "Point", "coordinates": [ -91.055277201327613, 30.419101044413996 ] } },
{ "type": "Feature", "properties": { "ID": 24143, "LANDMARK_NAME": "COTTAGES AT SOUTHFORK APARTMENTS", "FULL_ADDRESS": "11574 COTTAGECREEK RD", "CITY": "BATON ROUGE", "STATE": "LOUISIANA", "ZIP": 70816, "PHONE_NUMBER": null, "LATITUDE": 30.4191, "LONGITUDE": -91.05519 }, "geometry": { "type": "Point", "coordinates": [ -91.055200027446759, 30.419100882092241 ] } },
{ "type": "Feature", "properties": { "ID": 24144, "LANDMARK_NAME": "COTTAGES AT SOUTHFORK APARTMENTS", "FULL_ADDRESS": "11582 COTTAGECREEK RD", "CITY": "BATON ROUGE", "STATE": "LOUISIANA", "ZIP": 70816, "PHONE_NUMBER": null, "LATITUDE": 30.4191, "LONGITUDE": -91.05512 }, "geometry": { "type": "Point", "coordinates": [ -91.055122845759826, 30.419103506259713 ] } },
{ "type": "Feature", "properties": { "ID": 24345, "LANDMARK_NAME": "MAISON BOCAGE APARTMENTS AND TOWNHOMES", "FULL_ADDRESS": "7915 JEFFERSON PLACE BLVD", "CITY": "BATON ROUGE", "STATE": "LOUISIANA", "ZIP": 70809, "PHONE_NUMBER": null, "LATITUDE": 30.42126, "LONGITUDE": -91.10418 }, "geometry": { "type": "Point", "coordinates": [ -91.104183338643466, 30.421264131103452 ] } },
{ "type": "Feature", "properties": { "ID": 24364, "LANDMARK_NAME": "MAISON BOCAGE APARTMENTS AND TOWNHOMES", "FULL_ADDRESS": "7935 JEFFERSON PLACE BLVD", "CITY": "BATON ROUGE", "STATE": "LOUISIANA", "ZIP": 70809, "PHONE_NUMBER": null, "LATITUDE": 30.42098, "LONGITUDE": -91.10456 }, "geometry": { "type": "Point", "coordinates": [ -91.10456215686979, 30.420989895954111 ] } },
{ "type": "Feature", "properties": { "ID": 24365, "LANDMARK_NAME": "MAISON BOCAGE APARTMENTS AND TOWNHOMES", "FULL_ADDRESS": "7945 JEFFERSON PLACE BLVD", "CITY": "BATON ROUGE", "STATE": "LOUISIANA", "ZIP": 70809, "PHONE_NUMBER": null, "LATITUDE": 30.42111, "LONGITUDE": -91.10484 }, "geometry": { "type": "Point", "coordinates": [ -91.104848554005343, 30.421117264292075 ] } },
{ "type": "Feature", "properties": { "ID": 24398, "LANDMARK_NAME": "PORT ROYAL APARTMENTS", "FULL_ADDRESS": "6454 AIRLINE HWY", "CITY": "BATON ROUGE", "STATE": "LOUISIANA", "ZIP": 70805, "PHONE_NUMBER": null, "LATITUDE": 30.4951, "LONGITUDE": -91.12682 }, "geometry": { "type": "Point", "coordinates": [ -91.126825826684879, 30.495103165627402 ] } },
{ "type": "Feature", "properties": { "ID": 24565, "LANDMARK_NAME": "MAISON BOCAGE APARTMENTS AND TOWNHOMES", "FULL_ADDRESS": "7955 JEFFERSON PLACE BLVD", "CITY": "BATON ROUGE", "STATE": "LOUISIANA", "ZIP": 70809, "PHONE_NUMBER": null, "LATITUDE": 30.42149, "LONGITUDE": -91.10481 }, "geometry": { "type": "Point", "coordinates": [ -91.104817191303553, 30.421492542269686 ] } },
{ "type": "Feature", "properties": { "ID": 24574, "LANDMARK_NAME": "SILVERSIDE PLANTATION APARTMENTS", "FULL_ADDRESS": "5431 ESSEN LN", "CITY": "BATON ROUGE", "STATE": "LOUISIANA", "ZIP": 70809, "PHONE_NUMBER": null, "LATITUDE": 30.39839, "LONGITUDE": -91.1062 }, "geometry": { "type": "Point", "coordinates": [ -91.106204898200986, 30.398397867854467 ] } },
{ "type": "Feature", "properties": { "ID": 24587, "LANDMARK_NAME": "MAISON BOCAGE APARTMENTS AND TOWNHOMES", "FULL_ADDRESS": "7965 JEFFERSON PLACE BLVD", "CITY": "BATON ROUGE", "STATE": "LOUISIANA", "ZIP": 70809, "PHONE_NUMBER": null, "LATITUDE": 30.42185, "LONGITUDE": -91.10447 }, "geometry": { "type": "Point", "coordinates": [ -91.104474774763574, 30.4218514234833 ] } },
{ "type": "Feature", "properties": { "ID": 24588, "LANDMARK_NAME": "MAISON BOCAGE APARTMENTS AND TOWNHOMES", "FULL_ADDRESS": "7975 JEFFERSON PLACE BLVD", "CITY": "BATON ROUGE", "STATE": "LOUISIANA", "ZIP": 70809, "PHONE_NUMBER": null, "LATITUDE": 30.422, "LONGITUDE": -91.10409 }, "geometry": { "type": "Point", "coordinates": [ -91.10409623263665, 30.422004071950933 ] } },
{ "type": "Feature", "properties": { "ID": 24611, "LANDMARK_NAME": "MAISON BOCAGE APARTMENTS AND TOWNHOMES", "FULL_ADDRESS": "7936 JEFFERSON PLACE BLVD", "CITY": "BATON ROUGE", "STATE": "LOUISIANA", "ZIP": 70809, "PHONE_NUMBER": null, "LATITUDE": 30.42142, "LONGITUDE": -91.1031 }, "geometry": { "type": "Point", "coordinates": [ -91.103109398868668, 30.421426143106544 ] } },
{ "type": "Feature", "properties": { "ID": 24718, "LANDMARK_NAME": "APARTMENTS", "FULL_ADDRESS": "4949 HOOPER RD", "CITY": "BATON ROUGE", "STATE": "LOUISIANA", "ZIP": 70811, "PHONE_NUMBER": null, "LATITUDE": 30.52326, "LONGITUDE": -91.14096 }, "geometry": { "type": "Point", "coordinates": [ -91.140962120134944, 30.523261609691204 ] } },
{ "type": "Feature", "properties": { "ID": 24751, "LANDMARK_NAME": "SHARLO TERRACE APARTMENTS 1", "FULL_ADDRESS": "4915 ALVIN DARK AVE, BLDG 1501", "CITY": "BATON ROUGE", "STATE": "LOUISIANA", "ZIP": 70820, "PHONE_NUMBER": null, "LATITUDE": 30.39021, "LONGITUDE": -91.18108 }, "geometry": { "type": "Point", "coordinates": [ -91.181083054037245, 30.3902117092541 ] } },
{ "type": "Feature", "properties": { "ID": 24752, "LANDMARK_NAME": "SHARLO TERRACE APARTMENTS 1", "FULL_ADDRESS": "4915 ALVIN DARK AVE, BLDG 1502", "CITY": "BATON ROUGE", "STATE": "LOUISIANA", "ZIP": 70820, "PHONE_NUMBER": null, "LATITUDE": 30.39013, "LONGITUDE": -91.18078 }, "geometry": { "type": "Point", "coordinates": [ -91.180782803635978, 30.390131918385809 ] } },
{ "type": "Feature", "properties": { "ID": 24753, "LANDMARK_NAME": "SHARLO TERRACE APARTMENTS 1", "FULL_ADDRESS": "4915 ALVIN DARK AVE, BLDG 1503", "CITY": "BATON ROUGE", "STATE": "LOUISIANA", "ZIP": 70820, "PHONE_NUMBER": null, "LATITUDE": 30.3901, "LONGITUDE": -91.18053 }, "geometry": { "type": "Point", "coordinates": [ -91.180538479000106, 30.390100740370166 ] } },
{ "type": "Feature", "properties": { "ID": 24754, "LANDMARK_NAME": "SHARLO TERRACE APARTMENTS 1", "FULL_ADDRESS": "4915 ALVIN DARK AVE, BLDG 1504", "CITY": "BATON ROUGE", "STATE": "LOUISIANA", "ZIP": 70820, "PHONE_NUMBER": null, "LATITUDE": 30.38998, "LONGITUDE": -91.18032 }, "geometry": { "type": "Point", "coordinates": [ -91.180324831480249, 30.389985740596039 ] } },
{ "type": "Feature", "properties": { "ID": 24755, "LANDMARK_NAME": "SHARLO TERRACE APARTMENTS 1", "FULL_ADDRESS": "4915 ALVIN DARK AVE, BLDG 1505", "CITY": "BATON ROUGE", "STATE": "LOUISIANA", "ZIP": 70820, "PHONE_NUMBER": null, "LATITUDE": 30.39004, "LONGITUDE": -91.18002 }, "geometry": { "type": "Point", "coordinates": [ -91.180029461648118, 30.390042775109045 ] } },
{ "type": "Feature", "properties": { "ID": 24756, "LANDMARK_NAME": "SHARLO TERRACE APARTMENTS 1", "FULL_ADDRESS": "4915 ALVIN DARK AVE, BLDG 1506", "CITY": "BATON ROUGE", "STATE": "LOUISIANA", "ZIP": 70820, "PHONE_NUMBER": null, "LATITUDE": 30.3901, "LONGITUDE": -91.1798 }, "geometry": { "type": "Point", "coordinates": [ -91.179805352243264, 30.390108718738535 ] } },
{ "type": "Feature", "properties": { "ID": 24757, "LANDMARK_NAME": "SHARLO TERRACE APARTMENTS 1", "FULL_ADDRESS": "4915 ALVIN DARK AVE, BLDG 1507", "CITY": "BATON ROUGE", "STATE": "LOUISIANA", "ZIP": 70820, "PHONE_NUMBER": null, "LATITUDE": 30.38989, "LONGITUDE": -91.17956 }, "geometry": { "type": "Point", "coordinates": [ -91.179566407420111, 30.389892174847251 ] } },
{ "type": "Feature", "properties": { "ID": 25011, "LANDMARK_NAME": "SHERWOOD ACRES APARTMENTS", "FULL_ADDRESS": "12625 COURSEY BLVD", "CITY": "BATON ROUGE", "STATE": "LOUISIANA", "ZIP": 70816, "PHONE_NUMBER": null, "LATITUDE": 30.41154, "LONGITUDE": -91.03797 }, "geometry": { "type": "Point", "coordinates": [ -91.03797918312705, 30.41154960744586 ] } },
{ "type": "Feature", "properties": { "ID": 25025, "LANDMARK_NAME": "SHERWOOD ACRES APARTMENTS", "FULL_ADDRESS": "12757 COURSEY BLVD", "CITY": "BATON ROUGE", "STATE": "LOUISIANA", "ZIP": 70816, "PHONE_NUMBER": null, "LATITUDE": 30.41128, "LONGITUDE": -91.03629 }, "geometry": { "type": "Point", "coordinates": [ -91.036298808460046, 30.411285132252775 ] } },
{ "type": "Feature", "properties": { "ID": 25076, "LANDMARK_NAME": "MAISON BOCAGE APARTMENTS AND TOWNHOMES", "FULL_ADDRESS": "7322 N JEFFERSON PLACE CIR", "CITY": "BATON ROUGE", "STATE": "LOUISIANA", "ZIP": 70809, "PHONE_NUMBER": null, "LATITUDE": 30.4192, "LONGITUDE": -91.10507 }, "geometry": { "type": "Point", "coordinates": [ -91.105078642799668, 30.419203994797197 ] } },
{ "type": "Feature", "properties": { "ID": 25077, "LANDMARK_NAME": "MAISON BOCAGE APARTMENTS AND TOWNHOMES", "FULL_ADDRESS": "7332 N JEFFERSON PLACE CIR", "CITY": "BATON ROUGE", "STATE": "LOUISIANA", "ZIP": 70809, "PHONE_NUMBER": null, "LATITUDE": 30.41906, "LONGITUDE": -91.10477 }, "geometry": { "type": "Point", "coordinates": [ -91.104773977843394, 30.419066022837857 ] } },
{ "type": "Feature", "properties": { "ID": 25078, "LANDMARK_NAME": "MAISON BOCAGE APARTMENTS AND TOWNHOMES", "FULL_ADDRESS": "7332 N JEFFERSON PLACE CIR", "CITY": "BATON ROUGE", "STATE": "LOUISIANA", "ZIP": 70809, "PHONE_NUMBER": null, "LATITUDE": 30.41906, "LONGITUDE": -91.10477 }, "geometry": { "type": "Point", "coordinates": [ -91.104773977843394, 30.419066022837857 ] } },
{ "type": "Feature", "properties": { "ID": 25081, "LANDMARK_NAME": "MAISON BOCAGE APARTMENTS AND TOWNHOMES", "FULL_ADDRESS": "7605 N JEFFERSON PLACE CIR", "CITY": "BATON ROUGE", "STATE": "LOUISIANA", "ZIP": 70809, "PHONE_NUMBER": null, "LATITUDE": 30.4204, "LONGITUDE": -91.10616 }, "geometry": { "type": "Point", "coordinates": [ -91.106167733934157, 30.420405877406097 ] } },
{ "type": "Feature", "properties": { "ID": 25084, "LANDMARK_NAME": "MAISON BOCAGE APARTMENTS AND TOWNHOMES", "FULL_ADDRESS": "7615 N JEFFERSON PLACE CIR", "CITY": "BATON ROUGE", "STATE": "LOUISIANA", "ZIP": 70809, "PHONE_NUMBER": null, "LATITUDE": 30.42066, "LONGITUDE": -91.10584 }, "geometry": { "type": "Point", "coordinates": [ -91.105843843765768, 30.420669639247468 ] } },
{ "type": "Feature", "properties": { "ID": 25099, "LANDMARK_NAME": "MAISON BOCAGE APARTMENTS AND TOWNHOMES", "FULL_ADDRESS": "7712 JEFFERSON PLACE BLVD", "CITY": "BATON ROUGE", "STATE": "LOUISIANA", "ZIP": 70809, "PHONE_NUMBER": null, "LATITUDE": 30.41966, "LONGITUDE": -91.10572 }, "geometry": { "type": "Point", "coordinates": [ -91.105730250806104, 30.419665032887909 ] } },
{ "type": "Feature", "properties": { "ID": 25323, "LANDMARK_NAME": "MAISON BOCAGE APARTMENTS AND TOWNHOMES", "FULL_ADDRESS": "7722 JEFFERSON PLACE BLVD", "CITY": "BATON ROUGE", "STATE": "LOUISIANA", "ZIP": 70809, "PHONE_NUMBER": null, "LATITUDE": 30.41936, "LONGITUDE": -91.10558 }, "geometry": { "type": "Point", "coordinates": [ -91.105584537352144, 30.419368744887436 ] } },
{ "type": "Feature", "properties": { "ID": 25324, "LANDMARK_NAME": "MAISON BOCAGE APARTMENTS AND TOWNHOMES", "FULL_ADDRESS": "7732 JEFFERSON PLACE BLVD", "CITY": "BATON ROUGE", "STATE": "LOUISIANA", "ZIP": 70809, "PHONE_NUMBER": null, "LATITUDE": 30.41945, "LONGITUDE": -91.10521 }, "geometry": { "type": "Point", "coordinates": [ -91.105218364289328, 30.419452696047362 ] } },
{ "type": "Feature", "properties": { "ID": 25569, "LANDMARK_NAME": "MAISON BOCAGE APARTMENTS AND TOWNHOMES", "FULL_ADDRESS": "7813 JEFFERSON PLACE BLVD", "CITY": "BATON ROUGE", "STATE": "LOUISIANA", "ZIP": 70809, "PHONE_NUMBER": null, "LATITUDE": 30.42069, "LONGITUDE": -91.10485 }, "geometry": { "type": "Point", "coordinates": [ -91.104855626593519, 30.420694366423586 ] } },
{ "type": "Feature", "properties": { "ID": 25572, "LANDMARK_NAME": "MAISON BOCAGE APARTMENTS AND TOWNHOMES", "FULL_ADDRESS": "7823 JEFFERSON PLACE BLVD", "CITY": "BATON ROUGE", "STATE": "LOUISIANA", "ZIP": 70809, "PHONE_NUMBER": null, "LATITUDE": 30.42075, "LONGITUDE": -91.10452 }, "geometry": { "type": "Point", "coordinates": [ -91.104526106386373, 30.420751946925613 ] } },
{ "type": "Feature", "properties": { "ID": 25574, "LANDMARK_NAME": "MAISON BOCAGE APARTMENTS AND TOWNHOMES", "FULL_ADDRESS": "7833 JEFFERSON PLACE BLVD", "CITY": "BATON ROUGE", "STATE": "LOUISIANA", "ZIP": 70809, "PHONE_NUMBER": null, "LATITUDE": 30.42051, "LONGITUDE": -91.10436 }, "geometry": { "type": "Point", "coordinates": [ -91.104368061745262, 30.420513786667971 ] } },
{ "type": "Feature", "properties": { "ID": 25575, "LANDMARK_NAME": "MAISON BOCAGE APARTMENTS AND TOWNHOMES", "FULL_ADDRESS": "7905 JEFFERSON PLACE BLVD", "CITY": "BATON ROUGE", "STATE": "LOUISIANA", "ZIP": 70809, "PHONE_NUMBER": null, "LATITUDE": 30.42153, "LONGITUDE": -91.10411 }, "geometry": { "type": "Point", "coordinates": [ -91.10411560639848, 30.421538904817247 ] } },
{ "type": "Feature", "properties": { "ID": 25592, "LANDMARK_NAME": "MAISON BOCAGE APARTMENTS AND TOWNHOMES", "FULL_ADDRESS": "7742 JEFFERSON PLACE BLVD", "CITY": "BATON ROUGE", "STATE": "LOUISIANA", "ZIP": 70809, "PHONE_NUMBER": null, "LATITUDE": 30.41972, "LONGITUDE": -91.1051 }, "geometry": { "type": "Point", "coordinates": [ -91.105107938517605, 30.419727396736125 ] } },
{ "type": "Feature", "properties": { "ID": 25595, "LANDMARK_NAME": "MAISON BOCAGE APARTMENTS AND TOWNHOMES", "FULL_ADDRESS": "7752 JEFFERSON PLACE BLVD", "CITY": "BATON ROUGE", "STATE": "LOUISIANA", "ZIP": 70809, "PHONE_NUMBER": null, "LATITUDE": 30.41984, "LONGITUDE": -91.10531 }, "geometry": { "type": "Point", "coordinates": [ -91.10531504900996, 30.419849340097542 ] } },
{ "type": "Feature", "properties": { "ID": 25596, "LANDMARK_NAME": "MAISON BOCAGE APARTMENTS AND TOWNHOMES", "FULL_ADDRESS": "7762 JEFFERSON PLACE BLVD", "CITY": "BATON ROUGE", "STATE": "LOUISIANA", "ZIP": 70809, "PHONE_NUMBER": null, "LATITUDE": 30.41939, "LONGITUDE": -91.1049 }, "geometry": { "type": "Point", "coordinates": [ -91.104907403299009, 30.419399295057467 ] } },
{ "type": "Feature", "properties": { "ID": 25792, "LANDMARK_NAME": "MAISON BOCAGE APARTMENTS AND TOWNHOMES", "FULL_ADDRESS": "7772 JEFFERSON PLACE BLVD", "CITY": "BATON ROUGE", "STATE": "LOUISIANA", "ZIP": 70809, "PHONE_NUMBER": null, "LATITUDE": 30.41945, "LONGITUDE": -91.10455 }, "geometry": { "type": "Point", "coordinates": [ -91.104553489437095, 30.419456833495104 ] } },
{ "type": "Feature", "properties": { "ID": 25793, "LANDMARK_NAME": "MAISON BOCAGE APARTMENTS AND TOWNHOMES", "FULL_ADDRESS": "7782 JEFFERSON PLACE BLVD", "CITY": "BATON ROUGE", "STATE": "LOUISIANA", "ZIP": 70809, "PHONE_NUMBER": null, "LATITUDE": 30.41974, "LONGITUDE": -91.10455 }, "geometry": { "type": "Point", "coordinates": [ -91.104558931323567, 30.4197423066292 ] } },
{ "type": "Feature", "properties": { "ID": 25794, "LANDMARK_NAME": "MAISON BOCAGE APARTMENTS AND TOWNHOMES", "FULL_ADDRESS": "7804 JEFFERSON PLACE BLVD", "CITY": "BATON ROUGE", "STATE": "LOUISIANA", "ZIP": 70809, "PHONE_NUMBER": null, "LATITUDE": 30.4199, "LONGITUDE": -91.10437 }, "geometry": { "type": "Point", "coordinates": [ -91.104375562908629, 30.419905866899214 ] } },
{ "type": "Feature", "properties": { "ID": 25801, "LANDMARK_NAME": "MAISON BOCAGE APARTMENTS AND TOWNHOMES", "FULL_ADDRESS": "7814 JEFFERSON PLACE BLVD", "CITY": "BATON ROUGE", "STATE": "LOUISIANA", "ZIP": 70809, "PHONE_NUMBER": null, "LATITUDE": 30.41956, "LONGITUDE": -91.10428 }, "geometry": { "type": "Point", "coordinates": [ -91.104284848308239, 30.419567381954383 ] } },
{ "type": "Feature", "properties": { "ID": 25802, "LANDMARK_NAME": "MAISON BOCAGE APARTMENTS AND TOWNHOMES", "FULL_ADDRESS": "7824 JEFFERSON PLACE BLVD", "CITY": "BATON ROUGE", "STATE": "LOUISIANA", "ZIP": 70809, "PHONE_NUMBER": null, "LATITUDE": 30.41966, "LONGITUDE": -91.10392 }, "geometry": { "type": "Point", "coordinates": [ -91.103930835795808, 30.419667209307395 ] } },
{ "type": "Feature", "properties": { "ID": 25805, "LANDMARK_NAME": "MAISON BOCAGE APARTMENTS AND TOWNHOMES", "FULL_ADDRESS": "7834 JEFFERSON PLACE BLVD", "CITY": "BATON ROUGE", "STATE": "LOUISIANA", "ZIP": 70809, "PHONE_NUMBER": null, "LATITUDE": 30.41977, "LONGITUDE": -91.1037 }, "geometry": { "type": "Point", "coordinates": [ -91.103704891051294, 30.41977783065693 ] } },
{ "type": "Feature", "properties": { "ID": 25807, "LANDMARK_NAME": "MAISON BOCAGE APARTMENTS AND TOWNHOMES", "FULL_ADDRESS": "7844 JEFFERSON PLACE BLVD", "CITY": "BATON ROUGE", "STATE": "LOUISIANA", "ZIP": 70809, "PHONE_NUMBER": null, "LATITUDE": 30.4201, "LONGITUDE": -91.10386 }, "geometry": { "type": "Point", "coordinates": [ -91.103862737488299, 30.420100573817837 ] } },
{ "type": "Feature", "properties": { "ID": 25841, "LANDMARK_NAME": "MAISON BOCAGE APARTMENTS AND TOWNHOMES", "FULL_ADDRESS": "7854 JEFFERSON PLACE BLVD", "CITY": "BATON ROUGE", "STATE": "LOUISIANA", "ZIP": 70809, "PHONE_NUMBER": null, "LATITUDE": 30.41993, "LONGITUDE": -91.10344 }, "geometry": { "type": "Point", "coordinates": [ -91.10344223853383, 30.419935965682431 ] } },
{ "type": "Feature", "properties": { "ID": 25849, "LANDMARK_NAME": "MAISON BOCAGE APARTMENTS AND TOWNHOMES", "FULL_ADDRESS": "7864 JEFFERSON PLACE BLVD", "CITY": "BATON ROUGE", "STATE": "LOUISIANA", "ZIP": 70809, "PHONE_NUMBER": null, "LATITUDE": 30.42021, "LONGITUDE": -91.10337 }, "geometry": { "type": "Point", "coordinates": [ -91.103374505144217, 30.420210739119089 ] } },
{ "type": "Feature", "properties": { "ID": 25850, "LANDMARK_NAME": "MAISON BOCAGE APARTMENTS AND TOWNHOMES", "FULL_ADDRESS": "7874 JEFFERSON PLACE BLVD", "CITY": "BATON ROUGE", "STATE": "LOUISIANA", "ZIP": 70809, "PHONE_NUMBER": null, "LATITUDE": 30.4205, "LONGITUDE": -91.10326 }, "geometry": { "type": "Point", "coordinates": [ -91.103264024440364, 30.420506583947422 ] } },
{ "type": "Feature", "properties": { "ID": 25851, "LANDMARK_NAME": "MAISON BOCAGE APARTMENTS AND TOWNHOMES", "FULL_ADDRESS": "7884 JEFFERSON PLACE BLVD", "CITY": "BATON ROUGE", "STATE": "LOUISIANA", "ZIP": 70809, "PHONE_NUMBER": null, "LATITUDE": 30.42078, "LONGITUDE": -91.10339 }, "geometry": { "type": "Point", "coordinates": [ -91.103397569164628, 30.420786993666585 ] } },
{ "type": "Feature", "properties": { "ID": 25852, "LANDMARK_NAME": "MAISON BOCAGE APARTMENTS AND TOWNHOMES", "FULL_ADDRESS": "7894 JEFFERSON PLACE BLVD", "CITY": "BATON ROUGE", "STATE": "LOUISIANA", "ZIP": 70809, "PHONE_NUMBER": null, "LATITUDE": 30.42063, "LONGITUDE": -91.10372 }, "geometry": { "type": "Point", "coordinates": [ -91.103727310143682, 30.420634262416005 ] } },
{ "type": "Feature", "properties": { "ID": 25853, "LANDMARK_NAME": "MAISON BOCAGE APARTMENTS AND TOWNHOMES", "FULL_ADDRESS": "7906 JEFFERSON PLACE BLVD", "CITY": "BATON ROUGE", "STATE": "LOUISIANA", "ZIP": 70809, "PHONE_NUMBER": null, "LATITUDE": 30.4214, "LONGITUDE": -91.10359 }, "geometry": { "type": "Point", "coordinates": [ -91.103597430625143, 30.421405846159232 ] } },
{ "type": "Feature", "properties": { "ID": 25900, "LANDMARK_NAME": "EVANGELINE PLACE APARTMENTS", "FULL_ADDRESS": "4747 ANNETTE ST", "CITY": "BATON ROUGE", "STATE": "LOUISIANA", "ZIP": 70805, "PHONE_NUMBER": null, "LATITUDE": 30.49397, "LONGITUDE": -91.13392 }, "geometry": { "type": "Point", "coordinates": [ -91.13392711136251, 30.493975713100426 ] } },
{ "type": "Feature", "properties": { "ID": 26415, "LANDMARK_NAME": "THE VILLAS APARTMENTS", "FULL_ADDRESS": "737 CAROL MARIE DR", "CITY": "BATON ROUGE", "STATE": "LOUISIANA", "ZIP": 70806, "PHONE_NUMBER": null, "LATITUDE": 30.44112, "LONGITUDE": -91.15329 }, "geometry": { "type": "Point", "coordinates": [ -91.153292820567131, 30.441123685456724 ] } },
{ "type": "Feature", "properties": { "ID": 26417, "LANDMARK_NAME": "NORTHGATE APARTMENTS", "FULL_ADDRESS": "3135 HIGHLAND RD", "CITY": "BATON ROUGE", "STATE": "LOUISIANA", "ZIP": 70802, "PHONE_NUMBER": null, "LATITUDE": 30.42002, "LONGITUDE": -91.17711 }, "geometry": { "type": "Point", "coordinates": [ -91.177117699767635, 30.420026199646767 ] } },
{ "type": "Feature", "properties": { "ID": 26418, "LANDMARK_NAME": "THE VILLAS APARTMENTS", "FULL_ADDRESS": "745 CAROL MARIE DR", "CITY": "BATON ROUGE", "STATE": "LOUISIANA", "ZIP": 70806, "PHONE_NUMBER": null, "LATITUDE": 30.44089, "LONGITUDE": -91.15318 }, "geometry": { "type": "Point", "coordinates": [ -91.15318619912226, 30.440896058854239 ] } },
{ "type": "Feature", "properties": { "ID": 26419, "LANDMARK_NAME": "THE VILLAS APARTMENTS", "FULL_ADDRESS": "747 CAROL MARIE DR", "CITY": "BATON ROUGE", "STATE": "LOUISIANA", "ZIP": 70806, "PHONE_NUMBER": null, "LATITUDE": 30.44084, "LONGITUDE": -91.15316 }, "geometry": { "type": "Point", "coordinates": [ -91.153162056596628, 30.440845280291352 ] } },
{ "type": "Feature", "properties": { "ID": 26420, "LANDMARK_NAME": "THE VILLAS APARTMENTS", "FULL_ADDRESS": "749 CAROL MARIE DR", "CITY": "BATON ROUGE", "STATE": "LOUISIANA", "ZIP": 70806, "PHONE_NUMBER": null, "LATITUDE": 30.44079, "LONGITUDE": -91.15314 }, "geometry": { "type": "Point", "coordinates": [ -91.153145992985159, 30.440794512731138 ] } },
{ "type": "Feature", "properties": { "ID": 26421, "LANDMARK_NAME": "THE VILLAS APARTMENTS", "FULL_ADDRESS": "751 CAROL MARIE DR", "CITY": "BATON ROUGE", "STATE": "LOUISIANA", "ZIP": 70806, "PHONE_NUMBER": null, "LATITUDE": 30.44073, "LONGITUDE": -91.15311 }, "geometry": { "type": "Point", "coordinates": [ -91.153117824809087, 30.440736728523472 ] } },
{ "type": "Feature", "properties": { "ID": 26423, "LANDMARK_NAME": "THE VILLAS APARTMENTS", "FULL_ADDRESS": "753 CAROL MARIE DR", "CITY": "BATON ROUGE", "STATE": "LOUISIANA", "ZIP": 70806, "PHONE_NUMBER": null, "LATITUDE": 30.44068, "LONGITUDE": -91.1531 }, "geometry": { "type": "Point", "coordinates": [ -91.153101757019954, 30.440687710988122 ] } },
{ "type": "Feature", "properties": { "ID": 26425, "LANDMARK_NAME": "THE VILLAS APARTMENTS", "FULL_ADDRESS": "755 CAROL MARIE DR", "CITY": "BATON ROUGE", "STATE": "LOUISIANA", "ZIP": 70806, "PHONE_NUMBER": null, "LATITUDE": 30.44063, "LONGITUDE": -91.15307 }, "geometry": { "type": "Point", "coordinates": [ -91.153077615629243, 30.440636932408189 ] } },
{ "type": "Feature", "properties": { "ID": 26428, "LANDMARK_NAME": "THE VILLAS APARTMENTS", "FULL_ADDRESS": "713 CAROL MARIE DR", "CITY": "BATON ROUGE", "STATE": "LOUISIANA", "ZIP": 70806, "PHONE_NUMBER": null, "LATITUDE": 30.44144, "LONGITUDE": -91.15346 }, "geometry": { "type": "Point", "coordinates": [ -91.153469339437777, 30.441444168032113 ] } },
{ "type": "Feature", "properties": { "ID": 26431, "LANDMARK_NAME": "THE VILLAS APARTMENTS", "FULL_ADDRESS": "620 S ACADIAN THWY", "CITY": "BATON ROUGE", "STATE": "LOUISIANA", "ZIP": 70806, "PHONE_NUMBER": null, "LATITUDE": 30.44258, "LONGITUDE": -91.15356 }, "geometry": { "type": "Point", "coordinates": [ -91.153566840349811, 30.442590438534367 ] } },
{ "type": "Feature", "properties": { "ID": 26432, "LANDMARK_NAME": "THE VILLAS APARTMENTS", "FULL_ADDRESS": "622 S ACADIAN THWY", "CITY": "BATON ROUGE", "STATE": "LOUISIANA", "ZIP": 70806, "PHONE_NUMBER": null, "LATITUDE": 30.44253, "LONGITUDE": -91.15353 }, "geometry": { "type": "Point", "coordinates": [ -91.153540693303341, 30.442530908060458 ] } },
{ "type": "Feature", "properties": { "ID": 26437, "LANDMARK_NAME": "THE VILLAS APARTMENTS", "FULL_ADDRESS": "624 S ACADIAN THWY", "CITY": "BATON ROUGE", "STATE": "LOUISIANA", "ZIP": 70806, "PHONE_NUMBER": null, "LATITUDE": 30.44247, "LONGITUDE": -91.15351 }, "geometry": { "type": "Point", "coordinates": [ -91.153512524403226, 30.442473124867764 ] } },
{ "type": "Feature", "properties": { "ID": 26441, "LANDMARK_NAME": "THE VILLAS APARTMENTS", "FULL_ADDRESS": "626 S ACADIAN THWY", "CITY": "BATON ROUGE", "STATE": "LOUISIANA", "ZIP": 70806, "PHONE_NUMBER": null, "LATITUDE": 30.44242, "LONGITUDE": -91.15349 }, "geometry": { "type": "Point", "coordinates": [ -91.153494434255578, 30.442425853789917 ] } },
{ "type": "Feature", "properties": { "ID": 26443, "LANDMARK_NAME": "THE VILLAS APARTMENTS", "FULL_ADDRESS": "628 S ACADIAN THWY", "CITY": "BATON ROUGE", "STATE": "LOUISIANA", "ZIP": 70806, "PHONE_NUMBER": null, "LATITUDE": 30.44237, "LONGITUDE": -91.15346 }, "geometry": { "type": "Point", "coordinates": [ -91.153470284861299, 30.442378574468254 ] } },
{ "type": "Feature", "properties": { "ID": 26444, "LANDMARK_NAME": "THE VILLAS APARTMENTS", "FULL_ADDRESS": "646 S ACADIAN THWY", "CITY": "BATON ROUGE", "STATE": "LOUISIANA", "ZIP": 70806, "PHONE_NUMBER": null, "LATITUDE": 30.44208, "LONGITUDE": -91.15335 }, "geometry": { "type": "Point", "coordinates": [ -91.153353678145223, 30.442087940395769 ] } },
{ "type": "Feature", "properties": { "ID": 26445, "LANDMARK_NAME": "THE VILLAS APARTMENTS", "FULL_ADDRESS": "3456 VILLA ROSE DR", "CITY": "BATON ROUGE", "STATE": "LOUISIANA", "ZIP": 70806, "PHONE_NUMBER": null, "LATITUDE": 30.44157, "LONGITUDE": -91.15321 }, "geometry": { "type": "Point", "coordinates": [ -91.153217283095969, 30.44157329615474 ] } },
{ "type": "Feature", "properties": { "ID": 26630, "LANDMARK_NAME": "THE VILLAS APARTMENTS", "FULL_ADDRESS": "724 S ACADIAN THWY", "CITY": "BATON ROUGE", "STATE": "LOUISIANA", "ZIP": 70806, "PHONE_NUMBER": null, "LATITUDE": 30.44147, "LONGITUDE": -91.15301 }, "geometry": { "type": "Point", "coordinates": [ -91.153011462233607, 30.441478523592167 ] } },
{ "type": "Feature", "properties": { "ID": 26632, "LANDMARK_NAME": "THE VILLAS APARTMENTS", "FULL_ADDRESS": "726 S ACADIAN THWY", "CITY": "BATON ROUGE", "STATE": "LOUISIANA", "ZIP": 70806, "PHONE_NUMBER": null, "LATITUDE": 30.44142, "LONGITUDE": -91.15299 }, "geometry": { "type": "Point", "coordinates": [ -91.1529913654837, 30.441424250448748 ] } },
{ "type": "Feature", "properties": { "ID": 26634, "LANDMARK_NAME": "THE VILLAS APARTMENTS", "FULL_ADDRESS": "728 S ACADIAN THWY", "CITY": "BATON ROUGE", "STATE": "LOUISIANA", "ZIP": 70806, "PHONE_NUMBER": null, "LATITUDE": 30.44137, "LONGITUDE": -91.15297 }, "geometry": { "type": "Point", "coordinates": [ -91.152973275775253, 30.441376979285387 ] } },
{ "type": "Feature", "properties": { "ID": 26637, "LANDMARK_NAME": "THE VILLAS APARTMENTS", "FULL_ADDRESS": "730 S ACADIAN THWY", "CITY": "BATON ROUGE", "STATE": "LOUISIANA", "ZIP": 70806, "PHONE_NUMBER": null, "LATITUDE": 30.44131, "LONGITUDE": -91.15295 }, "geometry": { "type": "Point", "coordinates": [ -91.152953198139812, 30.441312207741387 ] } },
{ "type": "Feature", "properties": { "ID": 26638, "LANDMARK_NAME": "THE VILLAS APARTMENTS", "FULL_ADDRESS": "732 S ACADIAN THWY", "CITY": "BATON ROUGE", "STATE": "LOUISIANA", "ZIP": 70806, "PHONE_NUMBER": null, "LATITUDE": 30.44127, "LONGITUDE": -91.15293 }, "geometry": { "type": "Point", "coordinates": [ -91.152931056288551, 30.441271930290576 ] } },
{ "type": "Feature", "properties": { "ID": 26641, "LANDMARK_NAME": "THE VILLAS APARTMENTS", "FULL_ADDRESS": "734 S ACADIAN THWY", "CITY": "BATON ROUGE", "STATE": "LOUISIANA", "ZIP": 70806, "PHONE_NUMBER": null, "LATITUDE": 30.44122, "LONGITUDE": -91.1529 }, "geometry": { "type": "Point", "coordinates": [ -91.152902875380988, 30.441221146176836 ] } },
{ "type": "Feature", "properties": { "ID": 26642, "LANDMARK_NAME": "THE VILLAS APARTMENTS", "FULL_ADDRESS": "756 S ACADIAN THWY", "CITY": "BATON ROUGE", "STATE": "LOUISIANA", "ZIP": 70806, "PHONE_NUMBER": null, "LATITUDE": 30.44091, "LONGITUDE": -91.15291 }, "geometry": { "type": "Point", "coordinates": [ -91.152911512909498, 30.440913182959207 ] } },
{ "type": "Feature", "properties": { "ID": 26660, "LANDMARK_NAME": "THE VILLAS APARTMENTS", "FULL_ADDRESS": "3545 MARIE DR", "CITY": "BATON ROUGE", "STATE": "LOUISIANA", "ZIP": 70806, "PHONE_NUMBER": null, "LATITUDE": 30.4407, "LONGITUDE": -91.15279 }, "geometry": { "type": "Point", "coordinates": [ -91.152798804768778, 30.440701296258776 ] } },
{ "type": "Feature", "properties": { "ID": 26719, "LANDMARK_NAME": "THE ELIAS APARTMENTS", "FULL_ADDRESS": "141 NAPOLEON ST", "CITY": "BATON ROUGE", "STATE": "LOUISIANA", "ZIP": 70802, "PHONE_NUMBER": null, "LATITUDE": 30.44633, "LONGITUDE": -91.18358 }, "geometry": { "type": "Point", "coordinates": [ -91.183581908030277, 30.446330699538688 ] } },
{ "type": "Feature", "properties": { "ID": 26726, "LANDMARK_NAME": "ONELEVEN APARTMENTS", "FULL_ADDRESS": "111 3RD ST", "CITY": "BATON ROUGE", "STATE": "LOUISIANA", "ZIP": 70801, "PHONE_NUMBER": null, "LATITUDE": 30.44767, "LONGITUDE": -91.18863 }, "geometry": { "type": "Point", "coordinates": [ -91.18863916333504, 30.447676099891162 ] } },
{ "type": "Feature", "properties": { "ID": 26727, "LANDMARK_NAME": "ONELEVEN APARTMENTS", "FULL_ADDRESS": "111 3RD ST", "CITY": "BATON ROUGE", "STATE": "LOUISIANA", "ZIP": 70801, "PHONE_NUMBER": null, "LATITUDE": 30.44767, "LONGITUDE": -91.18863 }, "geometry": { "type": "Point", "coordinates": [ -91.18863916333504, 30.447676099891162 ] } },
{ "type": "Feature", "properties": { "ID": 26888, "LANDMARK_NAME": "APARTMENTS", "FULL_ADDRESS": "3256 NICHOLSON DR", "CITY": "BATON ROUGE", "STATE": "LOUISIANA", "ZIP": 70802, "PHONE_NUMBER": null, "LATITUDE": 30.41923, "LONGITUDE": -91.18771 }, "geometry": { "type": "Point", "coordinates": [ -91.18771605426366, 30.419236334114348 ] } },
{ "type": "Feature", "properties": { "ID": 26926, "LANDMARK_NAME": "CROWN EXTENDED STAY HOTEL APARTMENTS", "FULL_ADDRESS": "7271 AIRLINE HWY", "CITY": "BATON ROUGE", "STATE": "LOUISIANA", "ZIP": 70805, "PHONE_NUMBER": null, "LATITUDE": 30.48176, "LONGITUDE": -91.11591 }, "geometry": { "type": "Point", "coordinates": [ -91.115919364041787, 30.481768753681106 ] } },
{ "type": "Feature", "properties": { "ID": 27066, "LANDMARK_NAME": "APARTMENTS", "FULL_ADDRESS": "3060 N ACADIAN THWY E", "CITY": "BATON ROUGE", "STATE": "LOUISIANA", "ZIP": 70805, "PHONE_NUMBER": null, "LATITUDE": 30.47605, "LONGITUDE": -91.15539 }, "geometry": { "type": "Point", "coordinates": [ -91.155395810134252, 30.476053139054567 ] } },
{ "type": "Feature", "properties": { "ID": 28664, "LANDMARK_NAME": "SCOTT SCHOOL APARTMENTS", "FULL_ADDRESS": "900 N 19TH ST", "CITY": "BATON ROUGE", "STATE": "LOUISIANA", "ZIP": 70802, "PHONE_NUMBER": null, "LATITUDE": 30.45677, "LONGITUDE": -91.1693 }, "geometry": { "type": "Point", "coordinates": [ -91.169308249121315, 30.456777642293023 ] } },
{ "type": "Feature", "properties": { "ID": 28937, "LANDMARK_NAME": "RIVER HOUSE APARTMENTS", "FULL_ADDRESS": "101 RIVER HOUSE PL", "CITY": "BATON ROUGE", "STATE": "LOUISIANA", "ZIP": 70802, "PHONE_NUMBER": null, "LATITUDE": 30.43396, "LONGITUDE": -91.18843 }, "geometry": { "type": "Point", "coordinates": [ -91.188440719308062, 30.433960495856617 ] } },
{ "type": "Feature", "properties": { "ID": 28938, "LANDMARK_NAME": "RIVER HOUSE APARTMENTS", "FULL_ADDRESS": "101 RIVER HOUSE PL", "CITY": "BATON ROUGE", "STATE": "LOUISIANA", "ZIP": 70802, "PHONE_NUMBER": null, "LATITUDE": 30.43396, "LONGITUDE": -91.18843 }, "geometry": { "type": "Point", "coordinates": [ -91.188440719308062, 30.433960495856617 ] } },
{ "type": "Feature", "properties": { "ID": 29183, "LANDMARK_NAME": "MID CITY GARDENS APARTMENTS", "FULL_ADDRESS": "150 S 17TH ST", "CITY": "BATON ROUGE", "STATE": "LOUISIANA", "ZIP": 70802, "PHONE_NUMBER": null, "LATITUDE": 30.44705, "LONGITUDE": -91.17201 }, "geometry": { "type": "Point", "coordinates": [ -91.172015073700479, 30.44705241125321 ] } },
{ "type": "Feature", "properties": { "ID": 29253, "LANDMARK_NAME": "VALENCIA PARK APARTMENTS", "FULL_ADDRESS": "740 N 14TH ST", "CITY": "BATON ROUGE", "STATE": "LOUISIANA", "ZIP": 70802, "PHONE_NUMBER": null, "LATITUDE": 30.45445, "LONGITUDE": -91.17555 }, "geometry": { "type": "Point", "coordinates": [ -91.175559625434929, 30.454452921247164 ] } },
{ "type": "Feature", "properties": { "ID": 29529, "LANDMARK_NAME": "SYCAMORE APARTMENTS", "FULL_ADDRESS": "4643 SYCAMORE ST", "CITY": "BATON ROUGE", "STATE": "LOUISIANA", "ZIP": 70805, "PHONE_NUMBER": null, "LATITUDE": 30.49512, "LONGITUDE": -91.14359 }, "geometry": { "type": "Point", "coordinates": [ -91.143599077452507, 30.495121014580889 ] } },
{ "type": "Feature", "properties": { "ID": 29696, "LANDMARK_NAME": "ST. VINCENT DE PAUL - MYRIAM'S HOUSE APARTMENTS", "FULL_ADDRESS": "1141 W CHIMES ST", "CITY": "BATON ROUGE", "STATE": "LOUISIANA", "ZIP": 70802, "PHONE_NUMBER": "225-373-7343", "LATITUDE": 30.41896, "LONGITUDE": -91.18955 }, "geometry": { "type": "Point", "coordinates": [ -91.189553666662576, 30.418962488111791 ] } },
{ "type": "Feature", "properties": { "ID": 30667, "LANDMARK_NAME": "MALLARD CROSSING APARTMENTS", "FULL_ADDRESS": "11320 GREENWELL SPRINGS RD", "CITY": "BATON ROUGE", "STATE": "LOUISIANA", "ZIP": 70814, "PHONE_NUMBER": null, "LATITUDE": 30.49312, "LONGITUDE": -91.0561 }, "geometry": { "type": "Point", "coordinates": [ -91.056110075710151, 30.493130077390028 ] } },
{ "type": "Feature", "properties": { "ID": 30668, "LANDMARK_NAME": "MALLARD CROSSING APARTMENTS", "FULL_ADDRESS": "11320 GREENWELL SPRINGS RD", "CITY": "BATON ROUGE", "STATE": "LOUISIANA", "ZIP": 70814, "PHONE_NUMBER": null, "LATITUDE": 30.49312, "LONGITUDE": -91.0561 }, "geometry": { "type": "Point", "coordinates": [ -91.056110075710151, 30.493130077390028 ] } },
{ "type": "Feature", "properties": { "ID": 30669, "LANDMARK_NAME": "MALLARD CROSSING APARTMENTS", "FULL_ADDRESS": "11320 GREENWELL SPRINGS RD", "CITY": "BATON ROUGE", "STATE": "LOUISIANA", "ZIP": 70814, "PHONE_NUMBER": null, "LATITUDE": 30.49312, "LONGITUDE": -91.0561 }, "geometry": { "type": "Point", "coordinates": [ -91.056110075710151, 30.493130077390028 ] } },
{ "type": "Feature", "properties": { "ID": 30694, "LANDMARK_NAME": "THE HERON DOWNTOWN APARTMENTS", "FULL_ADDRESS": "625 CONVENTION ST", "CITY": "BATON ROUGE", "STATE": "LOUISIANA", "ZIP": 70801, "PHONE_NUMBER": null, "LATITUDE": 30.44865, "LONGITUDE": -91.18446 }, "geometry": { "type": "Point", "coordinates": [ -91.184464364185914, 30.448656865985161 ] } },
{ "type": "Feature", "properties": { "ID": 30954, "LANDMARK_NAME": "APARTMENTS", "FULL_ADDRESS": "6104 N FOSTER DR", "CITY": "BATON ROUGE", "STATE": "LOUISIANA", "ZIP": 70805, "PHONE_NUMBER": null, "LATITUDE": 30.50541, "LONGITUDE": -91.14102 }, "geometry": { "type": "Point", "coordinates": [ -91.141025995562472, 30.505419292426541 ] } },
{ "type": "Feature", "properties": { "ID": 31045, "LANDMARK_NAME": "ONYX RESIDENCES APARTMENTS", "FULL_ADDRESS": "143 3RD ST", "CITY": "BATON ROUGE", "STATE": "LOUISIANA", "ZIP": 70801, "PHONE_NUMBER": null, "LATITUDE": 30.44775, "LONGITUDE": -91.18831 }, "geometry": { "type": "Point", "coordinates": [ -91.188311087750066, 30.447759007855819 ] } },
{ "type": "Feature", "properties": { "ID": 31401, "LANDMARK_NAME": "CATHOLIC PRESBYTERIAN APARTMENTS", "FULL_ADDRESS": "655 NORTH ST", "CITY": "BATON ROUGE", "STATE": "LOUISIANA", "ZIP": 70802, "PHONE_NUMBER": null, "LATITUDE": 30.45289, "LONGITUDE": -91.18388 }, "geometry": { "type": "Point", "coordinates": [ -91.18388345230359, 30.452895851332727 ] } },
{ "type": "Feature", "properties": { "ID": 31631, "LANDMARK_NAME": "MOTOR CITY APARTMENTS", "FULL_ADDRESS": "2040 GAYOSA ST", "CITY": "BATON ROUGE", "STATE": "LOUISIANA", "ZIP": 70802, "PHONE_NUMBER": null, "LATITUDE": 30.45399, "LONGITUDE": -91.16742 }, "geometry": { "type": "Point", "coordinates": [ -91.167602924411412, 30.454070645295044 ] } },
{ "type": "Feature", "properties": { "ID": 31964, "LANDMARK_NAME": "MAISON BOCAGE APARTMENTS AND TOWNHOMES", "FULL_ADDRESS": "7725 N JEFFERSON PLACE CIR", "CITY": "BATON ROUGE", "STATE": "LOUISIANA", "ZIP": 70809, "PHONE_NUMBER": null, "LATITUDE": 30.42186, "LONGITUDE": -91.10564 }, "geometry": { "type": "Point", "coordinates": [ -91.105649175586436, 30.421862085796185 ] } },
{ "type": "Feature", "properties": { "ID": 31965, "LANDMARK_NAME": "MAISON BOCAGE APARTMENTS AND TOWNHOMES", "FULL_ADDRESS": "7604 N JEFFERSON PLACE CIR", "CITY": "BATON ROUGE", "STATE": "LOUISIANA", "ZIP": 70809, "PHONE_NUMBER": null, "LATITUDE": 30.42036, "LONGITUDE": -91.10535 }, "geometry": { "type": "Point", "coordinates": [ -91.105351368114384, 30.420363607736419 ] } },
{ "type": "Feature", "properties": { "ID": 31967, "LANDMARK_NAME": "MAISON BOCAGE APARTMENTS AND TOWNHOMES", "FULL_ADDRESS": "7705 N JEFFERSON PLACE CIR", "CITY": "BATON ROUGE", "STATE": "LOUISIANA", "ZIP": 70809, "PHONE_NUMBER": null, "LATITUDE": 30.42144, "LONGITUDE": -91.10598 }, "geometry": { "type": "Point", "coordinates": [ -91.105986310075835, 30.42144795228068 ] } },
{ "type": "Feature", "properties": { "ID": 31970, "LANDMARK_NAME": "MAISON BOCAGE APARTMENTS AND TOWNHOMES", "FULL_ADDRESS": "7624 N JEFFERSON PLACE CIR", "CITY": "BATON ROUGE", "STATE": "LOUISIANA", "ZIP": 70809, "PHONE_NUMBER": null, "LATITUDE": 30.42076, "LONGITUDE": -91.10518 }, "geometry": { "type": "Point", "coordinates": [ -91.105187486390747, 30.420761355624489 ] } },
{ "type": "Feature", "properties": { "ID": 31971, "LANDMARK_NAME": "MAISON BOCAGE APARTMENTS AND TOWNHOMES", "FULL_ADDRESS": "7726 N JEFFERSON PLACE CIR", "CITY": "BATON ROUGE", "STATE": "LOUISIANA", "ZIP": 70809, "PHONE_NUMBER": null, "LATITUDE": 30.42193, "LONGITUDE": -91.10495 }, "geometry": { "type": "Point", "coordinates": [ -91.104957613227398, 30.42193793131834 ] } },
{ "type": "Feature", "properties": { "ID": 32160, "LANDMARK_NAME": "MAISON BOCAGE APARTMENTS AND TOWNHOMES", "FULL_ADDRESS": "7808 N JEFFERSON PLACE CIR", "CITY": "BATON ROUGE", "STATE": "LOUISIANA", "ZIP": 70809, "PHONE_NUMBER": null, "LATITUDE": 30.42219, "LONGITUDE": -91.10436 }, "geometry": { "type": "Point", "coordinates": [ -91.104370336747181, 30.422199707929497 ] } },
{ "type": "Feature", "properties": { "ID": 33839, "LANDMARK_NAME": "LAFAYETTE LUXURY APARTMENTS ", "FULL_ADDRESS": "525 LAFAYETTE ST", "CITY": "BATON ROUGE", "STATE": "LOUISIANA", "ZIP": 70802, "PHONE_NUMBER": null, "LATITUDE": 30.45184, "LONGITUDE": -91.18971 }, "geometry": { "type": "Point", "coordinates": [ -91.189713261582398, 30.451849138062716 ] } },
{ "type": "Feature", "properties": { "ID": 34235, "LANDMARK_NAME": "CAMELOT PARK APARTMENTS", "FULL_ADDRESS": "3166 LANCELOT DR", "CITY": "BATON ROUGE", "STATE": "LOUISIANA", "ZIP": 70816, "PHONE_NUMBER": null, "LATITUDE": 30.42394, "LONGITUDE": -91.04284 }, "geometry": { "type": "Point", "coordinates": [ -91.04284090068596, 30.423944352524693 ] } },
{ "type": "Feature", "properties": { "ID": 34637, "LANDMARK_NAME": "OLIVE SQUARE APARTMENTS", "FULL_ADDRESS": "1737 LA ANNIE DR", "CITY": "BATON ROUGE", "STATE": "LOUISIANA", "ZIP": 70815, "PHONE_NUMBER": null, "LATITUDE": 30.4692, "LONGITUDE": -91.04421 }, "geometry": { "type": "Point", "coordinates": [ -91.04422043754731, 30.469205656567475 ] } },
{ "type": "Feature", "properties": { "ID": 34639, "LANDMARK_NAME": "APARTMENTS", "FULL_ADDRESS": "1819 N MARQUE ANN DR", "CITY": "BATON ROUGE", "STATE": "LOUISIANA", "ZIP": 70815, "PHONE_NUMBER": null, "LATITUDE": 30.46902, "LONGITUDE": -91.04323 }, "geometry": { "type": "Point", "coordinates": [ -91.043231219360393, 30.469023479034121 ] } },
{ "type": "Feature", "properties": { "ID": 34947, "LANDMARK_NAME": "PARK APARTMENTS", "FULL_ADDRESS": "10050 HYACINTH AVE", "CITY": "BATON ROUGE", "STATE": "LOUISIANA", "ZIP": 70810, "PHONE_NUMBER": null, "LATITUDE": 30.3799, "LONGITUDE": -91.10071 }, "geometry": { "type": "Point", "coordinates": [ -91.10071891745342, 30.379905162522483 ] } },
{ "type": "Feature", "properties": { "ID": 35166, "LANDMARK_NAME": "ROYAL PALMS APARTMENTS", "FULL_ADDRESS": "10245 AIRLINE HWY, BLDG B", "CITY": "BATON ROUGE", "STATE": "LOUISIANA", "ZIP": 70816, "PHONE_NUMBER": null, "LATITUDE": 30.41895, "LONGITUDE": -91.0709 }, "geometry": { "type": "Point", "coordinates": [ -91.070902524942156, 30.418956690233923 ] } },
{ "type": "Feature", "properties": { "ID": 35254, "LANDMARK_NAME": "SILVERSIDE PLANTATION APARTMENTS", "FULL_ADDRESS": "5427 ESSEN LN", "CITY": "BATON ROUGE", "STATE": "LOUISIANA", "ZIP": 70809, "PHONE_NUMBER": null, "LATITUDE": 30.39882, "LONGITUDE": -91.10597 }, "geometry": { "type": "Point", "coordinates": [ -91.105980227716827, 30.398822866964505 ] } },
{ "type": "Feature", "properties": { "ID": 35255, "LANDMARK_NAME": "SILVERSIDE PLANTATION APARTMENTS", "FULL_ADDRESS": "5429 ESSEN LN", "CITY": "BATON ROUGE", "STATE": "LOUISIANA", "ZIP": 70809, "PHONE_NUMBER": null, "LATITUDE": 30.39874, "LONGITUDE": -91.10566 }, "geometry": { "type": "Point", "coordinates": [ -91.105662461028658, 30.398746528046594 ] } },
{ "type": "Feature", "properties": { "ID": 35256, "LANDMARK_NAME": "SILVERSIDE PLANTATION APARTMENTS", "FULL_ADDRESS": "5433 ESSEN LN", "CITY": "BATON ROUGE", "STATE": "LOUISIANA", "ZIP": 70809, "PHONE_NUMBER": null, "LATITUDE": 30.39837, "LONGITUDE": -91.10579 }, "geometry": { "type": "Point", "coordinates": [ -91.105794463651847, 30.398374686364566 ] } },
{ "type": "Feature", "properties": { "ID": 35257, "LANDMARK_NAME": "SILVERSIDE PLANTATION APARTMENTS", "FULL_ADDRESS": "5435 ESSEN LN", "CITY": "BATON ROUGE", "STATE": "LOUISIANA", "ZIP": 70809, "PHONE_NUMBER": null, "LATITUDE": 30.39854, "LONGITUDE": -91.10529 }, "geometry": { "type": "Point", "coordinates": [ -91.105297281694277, 30.398549529284889 ] } },
{ "type": "Feature", "properties": { "ID": 35258, "LANDMARK_NAME": "SILVERSIDE PLANTATION APARTMENTS", "FULL_ADDRESS": "5439 ESSEN LN", "CITY": "BATON ROUGE", "STATE": "LOUISIANA", "ZIP": 70809, "PHONE_NUMBER": null, "LATITUDE": 30.39811, "LONGITUDE": -91.10525 }, "geometry": { "type": "Point", "coordinates": [ -91.105254561723243, 30.398115374940247 ] } },
{ "type": "Feature", "properties": { "ID": 35259, "LANDMARK_NAME": "SILVERSIDE PLANTATION APARTMENTS", "FULL_ADDRESS": "5441 ESSEN LN", "CITY": "BATON ROUGE", "STATE": "LOUISIANA", "ZIP": 70809, "PHONE_NUMBER": null, "LATITUDE": 30.3979, "LONGITUDE": -91.10542 }, "geometry": { "type": "Point", "coordinates": [ -91.105429917769612, 30.397902081686713 ] } },
{ "type": "Feature", "properties": { "ID": 35484, "LANDMARK_NAME": "MELROSE II APARTMENTS", "FULL_ADDRESS": "6747 RENOIR AVE", "CITY": "BATON ROUGE", "STATE": "LOUISIANA", "ZIP": 70806, "PHONE_NUMBER": null, "LATITUDE": 30.46122, "LONGITUDE": -91.12199 }, "geometry": { "type": "Point", "coordinates": [ -91.121998777896067, 30.461223421481058 ] } },
{ "type": "Feature", "properties": { "ID": 36125, "LANDMARK_NAME": "BRIGHTSIDE QUARTERS APARTMENTS", "FULL_ADDRESS": "1502 HARWICH DR", "CITY": "BATON ROUGE", "STATE": "LOUISIANA", "ZIP": 70820, "PHONE_NUMBER": null, "LATITUDE": 30.3898, "LONGITUDE": -91.18723 }, "geometry": { "type": "Point", "coordinates": [ -91.187238473793414, 30.389803379180503 ] } },
{ "type": "Feature", "properties": { "ID": 36160, "LANDMARK_NAME": "SILVERSIDE PLANTATION APARTMENTS", "FULL_ADDRESS": "5443 ESSEN LN", "CITY": "BATON ROUGE", "STATE": "LOUISIANA", "ZIP": 70809, "PHONE_NUMBER": null, "LATITUDE": 30.39822, "LONGITUDE": -91.1059 }, "geometry": { "type": "Point", "coordinates": [ -91.105906089357603, 30.39822329443043 ] } },
{ "type": "Feature", "properties": { "ID": 36161, "LANDMARK_NAME": "SILVERSIDE PLANTATION APARTMENTS", "FULL_ADDRESS": "5445 ESSEN LN", "CITY": "BATON ROUGE", "STATE": "LOUISIANA", "ZIP": 70809, "PHONE_NUMBER": null, "LATITUDE": 30.39789, "LONGITUDE": -91.10478 }, "geometry": { "type": "Point", "coordinates": [ -91.104790093461219, 30.397890641747409 ] } },
{ "type": "Feature", "properties": { "ID": 36162, "LANDMARK_NAME": "SILVERSIDE PLANTATION APARTMENTS", "FULL_ADDRESS": "5449 ESSEN LN", "CITY": "BATON ROUGE", "STATE": "LOUISIANA", "ZIP": 70809, "PHONE_NUMBER": null, "LATITUDE": 30.39763, "LONGITUDE": -91.10498 }, "geometry": { "type": "Point", "coordinates": [ -91.104989389355623, 30.397636050247115 ] } },
{ "type": "Feature", "properties": { "ID": 36163, "LANDMARK_NAME": "SILVERSIDE PLANTATION APARTMENTS", "FULL_ADDRESS": "5451 ESSEN LN", "CITY": "BATON ROUGE", "STATE": "LOUISIANA", "ZIP": 70809, "PHONE_NUMBER": null, "LATITUDE": 30.39781, "LONGITUDE": -91.10439 }, "geometry": { "type": "Point", "coordinates": [ -91.104392846377024, 30.397814162311178 ] } },
{ "type": "Feature", "properties": { "ID": 36164, "LANDMARK_NAME": "SILVERSIDE PLANTATION APARTMENTS", "FULL_ADDRESS": "5453 ESSEN LN", "CITY": "BATON ROUGE", "STATE": "LOUISIANA", "ZIP": 70809, "PHONE_NUMBER": null, "LATITUDE": 30.3974, "LONGITUDE": -91.10456 }, "geometry": { "type": "Point", "coordinates": [ -91.104564689723105, 30.397401049641818 ] } },
{ "type": "Feature", "properties": { "ID": 36370, "LANDMARK_NAME": "SILVERSIDE PLANTATION APARTMENTS", "FULL_ADDRESS": "5455 ESSEN LN", "CITY": "BATON ROUGE", "STATE": "LOUISIANA", "ZIP": 70809, "PHONE_NUMBER": null, "LATITUDE": 30.39767, "LONGITUDE": -91.10409 }, "geometry": { "type": "Point", "coordinates": [ -91.10409112513382, 30.397675836616923 ] } },
{ "type": "Feature", "properties": { "ID": 36371, "LANDMARK_NAME": "SILVERSIDE PLANTATION APARTMENTS", "FULL_ADDRESS": "5457 ESSEN LN", "CITY": "BATON ROUGE", "STATE": "LOUISIANA", "ZIP": 70809, "PHONE_NUMBER": null, "LATITUDE": 30.39728, "LONGITUDE": -91.10425 }, "geometry": { "type": "Point", "coordinates": [ -91.104250999248862, 30.397283373234 ] } },
{ "type": "Feature", "properties": { "ID": 37500, "LANDMARK_NAME": "HAMPTON COURT APARTMENTS", "FULL_ADDRESS": "2424 DRUSILLA LN", "CITY": "BATON ROUGE", "STATE": "LOUISIANA", "ZIP": 70809, "PHONE_NUMBER": null, "LATITUDE": 30.42909, "LONGITUDE": -91.085 }, "geometry": { "type": "Point", "coordinates": [ -91.085009392475982, 30.429091552478869 ] } },
{ "type": "Feature", "properties": { "ID": 37501, "LANDMARK_NAME": "HAMPTON COURT APARTMENTS", "FULL_ADDRESS": "2424 DRUSILLA LN", "CITY": "BATON ROUGE", "STATE": "LOUISIANA", "ZIP": 70809, "PHONE_NUMBER": null, "LATITUDE": 30.42909, "LONGITUDE": -91.085 }, "geometry": { "type": "Point", "coordinates": [ -91.085009392475982, 30.429091552478869 ] } },
{ "type": "Feature", "properties": { "ID": 38304, "LANDMARK_NAME": "CHERRY CREEK APARTMENTS", "FULL_ADDRESS": "1516 N HARCO DR", "CITY": "BATON ROUGE", "STATE": "LOUISIANA", "ZIP": 70815, "PHONE_NUMBER": null, "LATITUDE": 30.46686, "LONGITUDE": -91.04165 }, "geometry": { "type": "Point", "coordinates": [ -91.041653992315986, 30.466868932406673 ] } },
{ "type": "Feature", "properties": { "ID": 38449, "LANDMARK_NAME": "CHERRY CREEK APARTMENTS", "FULL_ADDRESS": "1635 N HARCO DR", "CITY": "BATON ROUGE", "STATE": "LOUISIANA", "ZIP": 70815, "PHONE_NUMBER": null, "LATITUDE": 30.46793, "LONGITUDE": -91.04224 }, "geometry": { "type": "Point", "coordinates": [ -91.042245850108259, 30.467937740210093 ] } },
{ "type": "Feature", "properties": { "ID": 38470, "LANDMARK_NAME": "CHERRY CREEK APARTMENTS", "FULL_ADDRESS": "1740 N MARQUE ANN DR", "CITY": "BATON ROUGE", "STATE": "LOUISIANA", "ZIP": 70815, "PHONE_NUMBER": null, "LATITUDE": 30.46919, "LONGITUDE": -91.04265 }, "geometry": { "type": "Point", "coordinates": [ -91.042654206546288, 30.46919628499494 ] } },
{ "type": "Feature", "properties": { "ID": 38473, "LANDMARK_NAME": "CHERRY CREEK APARTMENTS", "FULL_ADDRESS": "1747 N HARCO DR", "CITY": "BATON ROUGE", "STATE": "LOUISIANA", "ZIP": 70815, "PHONE_NUMBER": null, "LATITUDE": 30.46919, "LONGITUDE": -91.04224 }, "geometry": { "type": "Point", "coordinates": [ -91.042246525609855, 30.469195650145267 ] } },
{ "type": "Feature", "properties": { "ID": 38498, "LANDMARK_NAME": "RIVER PINES APARTMENTS", "FULL_ADDRESS": "5750 FLORIDA BLVD", "CITY": "BATON ROUGE", "STATE": "LOUISIANA", "ZIP": 70806, "PHONE_NUMBER": null, "LATITUDE": 30.45022, "LONGITUDE": -91.13078 }, "geometry": { "type": "Point", "coordinates": [ -91.130786380337838, 30.450225832429918 ] } },
{ "type": "Feature", "properties": { "ID": 38509, "LANDMARK_NAME": "PARC FONTAINE APARTMENTS", "FULL_ADDRESS": "1100 S FOSTER DR", "CITY": "BATON ROUGE", "STATE": "LOUISIANA", "ZIP": 70806, "PHONE_NUMBER": null, "LATITUDE": 30.43801, "LONGITUDE": -91.13333 }, "geometry": { "type": "Point", "coordinates": [ -91.133340255012385, 30.438015438765898 ] } },
{ "type": "Feature", "properties": { "ID": 38619, "LANDMARK_NAME": "SCOTLAND VILLA APARTMENTS", "FULL_ADDRESS": "10666 SCOTLAND AVE", "CITY": "BATON ROUGE", "STATE": "LOUISIANA", "ZIP": 70807, "PHONE_NUMBER": null, "LATITUDE": 30.5418, "LONGITUDE": -91.1755 }, "geometry": { "type": "Point", "coordinates": [ -91.175500971129466, 30.541801921466604 ] } },
{ "type": "Feature", "properties": { "ID": 38657, "LANDMARK_NAME": "THE WATERS AT MILLERVILLE APARTMENTS", "FULL_ADDRESS": "13633 MILLERVILLE GREENS BLVD", "CITY": "BATON ROUGE", "STATE": "LOUISIANA", "ZIP": 70816, "PHONE_NUMBER": null, "LATITUDE": 30.43975, "LONGITUDE": -91.02641 }, "geometry": { "type": "Point", "coordinates": [ -91.026418597331656, 30.439755932045177 ] } },
{ "type": "Feature", "properties": { "ID": 38696, "LANDMARK_NAME": "ROYAL PALMS APARTMENTS", "FULL_ADDRESS": "10245 AIRLINE HWY, BLDG A", "CITY": "BATON ROUGE", "STATE": "LOUISIANA", "ZIP": 70816, "PHONE_NUMBER": null, "LATITUDE": 30.41933, "LONGITUDE": -91.07118 }, "geometry": { "type": "Point", "coordinates": [ -91.071182866461442, 30.419339927424431 ] } },
{ "type": "Feature", "properties": { "ID": 40089, "LANDMARK_NAME": "SILVERSIDE PLANTATION APARTMENTS", "FULL_ADDRESS": "5459 ESSEN LN", "CITY": "BATON ROUGE", "STATE": "LOUISIANA", "ZIP": 70809, "PHONE_NUMBER": null, "LATITUDE": 30.39758, "LONGITUDE": -91.10395 }, "geometry": { "type": "Point", "coordinates": [ -91.103956208865711, 30.397586030171951 ] } },
{ "type": "Feature", "properties": { "ID": 40090, "LANDMARK_NAME": "SILVERSIDE PLANTATION APARTMENTS", "FULL_ADDRESS": "5461 ESSEN LN", "CITY": "BATON ROUGE", "STATE": "LOUISIANA", "ZIP": 70809, "PHONE_NUMBER": null, "LATITUDE": 30.39719, "LONGITUDE": -91.10411 }, "geometry": { "type": "Point", "coordinates": [ -91.104112101229489, 30.39719700513006 ] } },
{ "type": "Feature", "properties": { "ID": 40091, "LANDMARK_NAME": "SILVERSIDE PLANTATION APARTMENTS", "FULL_ADDRESS": "5463 ESSEN LN", "CITY": "BATON ROUGE", "STATE": "LOUISIANA", "ZIP": 70809, "PHONE_NUMBER": null, "LATITUDE": 30.39702, "LONGITUDE": -91.10382 }, "geometry": { "type": "Point", "coordinates": [ -91.103822375404391, 30.397027693759213 ] } },
{ "type": "Feature", "properties": { "ID": 40092, "LANDMARK_NAME": "SILVERSIDE PLANTATION APARTMENTS", "FULL_ADDRESS": "5465 ESSEN LN", "CITY": "BATON ROUGE", "STATE": "LOUISIANA", "ZIP": 70809, "PHONE_NUMBER": null, "LATITUDE": 30.39692, "LONGITUDE": -91.10365 }, "geometry": { "type": "Point", "coordinates": [ -91.103651725548019, 30.396924044565445 ] } },
{ "type": "Feature", "properties": { "ID": 40830, "LANDMARK_NAME": "CARROLLTON APARTMENTS", "FULL_ADDRESS": "855 N CARROLLTON AVE", "CITY": "BATON ROUGE", "STATE": "LOUISIANA", "ZIP": 70806, "PHONE_NUMBER": null, "LATITUDE": 30.45794, "LONGITUDE": -91.12417 }, "geometry": { "type": "Point", "coordinates": [ -91.124172847684051, 30.457945277419689 ] } },
{ "type": "Feature", "properties": { "ID": 41004, "LANDMARK_NAME": "STADIUMS EDGE APARTMENTS", "FULL_ADDRESS": "2875 IOWA ST", "CITY": "BATON ROUGE", "STATE": "LOUISIANA", "ZIP": 70802, "PHONE_NUMBER": null, "LATITUDE": 30.42185, "LONGITUDE": -91.18559 }, "geometry": { "type": "Point", "coordinates": [ -91.18559443396299, 30.421857345751061 ] } },
{ "type": "Feature", "properties": { "ID": 41575, "LANDMARK_NAME": "SILVERSIDE PLANTATION APARTMENTS", "FULL_ADDRESS": "5425 ESSEN LN", "CITY": "BATON ROUGE", "STATE": "LOUISIANA", "ZIP": 70809, "PHONE_NUMBER": null, "LATITUDE": 30.39885, "LONGITUDE": -91.10637 }, "geometry": { "type": "Point", "coordinates": [ -91.106373614961669, 30.398851103698629 ] } },
{ "type": "Feature", "properties": { "ID": 41576, "LANDMARK_NAME": "SILVERSIDE PLANTATION APARTMENTS", "FULL_ADDRESS": "5437 ESSEN LN", "CITY": "BATON ROUGE", "STATE": "LOUISIANA", "ZIP": 70809, "PHONE_NUMBER": null, "LATITUDE": 30.39826, "LONGITUDE": -91.10553 }, "geometry": { "type": "Point", "coordinates": [ -91.105540365290977, 30.398264005803085 ] } },
{ "type": "Feature", "properties": { "ID": 41687, "LANDMARK_NAME": "BON CARRE COURT APARTMENTS", "FULL_ADDRESS": "6635 HARRY DR", "CITY": "BATON ROUGE", "STATE": "LOUISIANA", "ZIP": 70806, "PHONE_NUMBER": null, "LATITUDE": 30.45721, "LONGITUDE": -91.12291 }, "geometry": { "type": "Point", "coordinates": [ -91.122915151987456, 30.457211748531755 ] } },
{ "type": "Feature", "properties": { "ID": 41688, "LANDMARK_NAME": "MONET COURT APARTMENTS", "FULL_ADDRESS": "6645 HARRY DR", "CITY": "BATON ROUGE", "STATE": "LOUISIANA", "ZIP": 70806, "PHONE_NUMBER": null, "LATITUDE": 30.45746, "LONGITUDE": -91.12256 }, "geometry": { "type": "Point", "coordinates": [ -91.122561223229539, 30.457467401119619 ] } },
{ "type": "Feature", "properties": { "ID": 41823, "LANDMARK_NAME": "SILVERSIDE PLANTATION APARTMENTS", "FULL_ADDRESS": "5447 ESSEN LN", "CITY": "BATON ROUGE", "STATE": "LOUISIANA", "ZIP": 70809, "PHONE_NUMBER": null, "LATITUDE": 30.39805, "LONGITUDE": -91.10468 }, "geometry": { "type": "Point", "coordinates": [ -91.104690365309835, 30.398052388610544 ] } },
{ "type": "Feature", "properties": { "ID": 41871, "LANDMARK_NAME": "PATIO HOUSE II APARTMENTS", "FULL_ADDRESS": "5235 FLORIDA BLVD, STE C", "CITY": "BATON ROUGE", "STATE": "LOUISIANA", "ZIP": 70806, "PHONE_NUMBER": null, "LATITUDE": 30.45155, "LONGITUDE": -91.13621 }, "geometry": { "type": "Point", "coordinates": [ -91.136194555466432, 30.451586416872203 ] } },
{ "type": "Feature", "properties": { "ID": 41872, "LANDMARK_NAME": "PATIO HOUSE II APARTMENTS", "FULL_ADDRESS": "5235 FLORIDA BLVD, STE C", "CITY": "BATON ROUGE", "STATE": "LOUISIANA", "ZIP": 70806, "PHONE_NUMBER": null, "LATITUDE": 30.45155, "LONGITUDE": -91.13621 }, "geometry": { "type": "Point", "coordinates": [ -91.136194555466432, 30.451586416872203 ] } },
{ "type": "Feature", "properties": { "ID": 41873, "LANDMARK_NAME": "PATIO HOUSE II APARTMENTS", "FULL_ADDRESS": "5235 FLORIDA BLVD, STE C", "CITY": "BATON ROUGE", "STATE": "LOUISIANA", "ZIP": 70806, "PHONE_NUMBER": null, "LATITUDE": 30.45155, "LONGITUDE": -91.13621 }, "geometry": { "type": "Point", "coordinates": [ -91.136194555466432, 30.451586416872203 ] } },
{ "type": "Feature", "properties": { "ID": 41874, "LANDMARK_NAME": "PATIO HOUSE II APARTMENTS", "FULL_ADDRESS": "5235 FLORIDA BLVD, STE C", "CITY": "BATON ROUGE", "STATE": "LOUISIANA", "ZIP": 70806, "PHONE_NUMBER": null, "LATITUDE": 30.45155, "LONGITUDE": -91.13621 }, "geometry": { "type": "Point", "coordinates": [ -91.136194555466432, 30.451586416872203 ] } },
{ "type": "Feature", "properties": { "ID": 41875, "LANDMARK_NAME": "PATIO HOUSE II APARTMENTS", "FULL_ADDRESS": "5235 FLORIDA BLVD, STE C", "CITY": "BATON ROUGE", "STATE": "LOUISIANA", "ZIP": 70806, "PHONE_NUMBER": null, "LATITUDE": 30.45155, "LONGITUDE": -91.13621 }, "geometry": { "type": "Point", "coordinates": [ -91.136194555466432, 30.451586416872203 ] } },
{ "type": "Feature", "properties": { "ID": 42288, "LANDMARK_NAME": "SHERWOOD PARK APARTMENTS", "FULL_ADDRESS": "13047 FLORIDA BLVD", "CITY": "BATON ROUGE", "STATE": "LOUISIANA", "ZIP": 70815, "PHONE_NUMBER": null, "LATITUDE": 30.46279, "LONGITUDE": -91.03999 }, "geometry": { "type": "Point", "coordinates": [ -91.039993271048161, 30.46279270218438 ] } },
{ "type": "Feature", "properties": { "ID": 42605, "LANDMARK_NAME": "APARTMENTS", "FULL_ADDRESS": "5159 CAPITAL HEIGHTS AVE", "CITY": "BATON ROUGE", "STATE": "LOUISIANA", "ZIP": 70806, "PHONE_NUMBER": null, "LATITUDE": 30.44291, "LONGITUDE": -91.13705 }, "geometry": { "type": "Point", "coordinates": [ -91.137059988022258, 30.442915851181102 ] } },
{ "type": "Feature", "properties": { "ID": 42705, "LANDMARK_NAME": "THE CORONA APARTMENTS", "FULL_ADDRESS": "1854 NORTH ST", "CITY": "BATON ROUGE", "STATE": "LOUISIANA", "ZIP": 70802, "PHONE_NUMBER": null, "LATITUDE": 30.45277, "LONGITUDE": -91.16998 }, "geometry": { "type": "Point", "coordinates": [ -91.169990017582322, 30.452775163313188 ] } },
{ "type": "Feature", "properties": { "ID": 42853, "LANDMARK_NAME": "REMBRANDT APARTMENTS", "FULL_ADDRESS": "6748 REMBRANDT AVE", "CITY": "BATON ROUGE", "STATE": "LOUISIANA", "ZIP": 70806, "PHONE_NUMBER": null, "LATITUDE": 30.45776, "LONGITUDE": -91.12214 }, "geometry": { "type": "Point", "coordinates": [ -91.122141882190704, 30.457765479452586 ] } },
{ "type": "Feature", "properties": { "ID": 43340, "LANDMARK_NAME": "LONGWOOD COURT APARTMENTS", "FULL_ADDRESS": "433 LONGWOOD CT, APTS E-H", "CITY": "BATON ROUGE", "STATE": "LOUISIANA", "ZIP": 70806, "PHONE_NUMBER": null, "LATITUDE": 30.44465, "LONGITUDE": -91.14338 }, "geometry": { "type": "Point", "coordinates": [ -91.143389139151225, 30.444659386047878 ] } },
{ "type": "Feature", "properties": { "ID": 43815, "LANDMARK_NAME": "APARTMENTS", "FULL_ADDRESS": "1831 N MARQUE ANN DR", "CITY": "BATON ROUGE", "STATE": "LOUISIANA", "ZIP": 70815, "PHONE_NUMBER": null, "LATITUDE": 30.46945, "LONGITUDE": -91.04336 }, "geometry": { "type": "Point", "coordinates": [ -91.043369371995823, 30.469452981324132 ] } },
{ "type": "Feature", "properties": { "ID": 44242, "LANDMARK_NAME": "WILDWOOD BATON ROUGE APARTMENTS", "FULL_ADDRESS": "5959 BURBANK DR", "CITY": "BATON ROUGE", "STATE": "LOUISIANA", "ZIP": 70820, "PHONE_NUMBER": null, "LATITUDE": 30.38974, "LONGITUDE": -91.15836 }, "geometry": { "type": "Point", "coordinates": [ -91.158365834366236, 30.389747291194293 ] } },
{ "type": "Feature", "properties": { "ID": 44265, "LANDMARK_NAME": "THE RESERVE AT JEFFERSON CROSSING APARTMENTS", "FULL_ADDRESS": "17232 JEFFERSON HWY", "CITY": "BATON ROUGE", "STATE": "LOUISIANA", "ZIP": 70817, "PHONE_NUMBER": null, "LATITUDE": 30.36136, "LONGITUDE": -91.00198 }, "geometry": { "type": "Point", "coordinates": [ -91.001988125058702, 30.361369751256902 ] } },
{ "type": "Feature", "properties": { "ID": 44266, "LANDMARK_NAME": "THE RESERVE AT JEFFERSON CROSSING APARTMENTS", "FULL_ADDRESS": "17232 JEFFERSON HWY", "CITY": "BATON ROUGE", "STATE": "LOUISIANA", "ZIP": 70817, "PHONE_NUMBER": null, "LATITUDE": 30.36136, "LONGITUDE": -91.00198 }, "geometry": { "type": "Point", "coordinates": [ -91.001988125058702, 30.361369751256902 ] } },
{ "type": "Feature", "properties": { "ID": 44267, "LANDMARK_NAME": "THE RESERVE AT JEFFERSON CROSSING APARTMENTS", "FULL_ADDRESS": "17232 JEFFERSON HWY", "CITY": "BATON ROUGE", "STATE": "LOUISIANA", "ZIP": 70817, "PHONE_NUMBER": null, "LATITUDE": 30.36136, "LONGITUDE": -91.00198 }, "geometry": { "type": "Point", "coordinates": [ -91.001988125058702, 30.361369751256902 ] } },
{ "type": "Feature", "properties": { "ID": 44268, "LANDMARK_NAME": "THE RESERVE AT JEFFERSON CROSSING APARTMENTS", "FULL_ADDRESS": "17232 JEFFERSON HWY", "CITY": "BATON ROUGE", "STATE": "LOUISIANA", "ZIP": 70817, "PHONE_NUMBER": null, "LATITUDE": 30.36136, "LONGITUDE": -91.00198 }, "geometry": { "type": "Point", "coordinates": [ -91.001988125058702, 30.361369751256902 ] } },
{ "type": "Feature", "properties": { "ID": 44841, "LANDMARK_NAME": "IVY PARK APARTMENTS", "FULL_ADDRESS": "6444 JONES CREEK RD, BLDG 23", "CITY": "BATON ROUGE", "STATE": "LOUISIANA", "ZIP": 70817, "PHONE_NUMBER": null, "LATITUDE": 30.39558, "LONGITUDE": -91.01838 }, "geometry": { "type": "Point", "coordinates": [ -91.018386705371967, 30.395584266595833 ] } },
{ "type": "Feature", "properties": { "ID": 45142, "LANDMARK_NAME": "BRIGHTSIDE MANOR APARTMENTS", "FULL_ADDRESS": "1702 BRIGHTSIDE DR", "CITY": "BATON ROUGE", "STATE": "LOUISIANA", "ZIP": 70820, "PHONE_NUMBER": null, "LATITUDE": 30.38808, "LONGITUDE": -91.17719 }, "geometry": { "type": "Point", "coordinates": [ -91.177195460976705, 30.388089582621237 ] } },
{ "type": "Feature", "properties": { "ID": 45147, "LANDMARK_NAME": "BRIGHTSIDE MANOR APARTMENTS", "FULL_ADDRESS": "1712 BRIGHTSIDE DR", "CITY": "BATON ROUGE", "STATE": "LOUISIANA", "ZIP": 70820, "PHONE_NUMBER": null, "LATITUDE": 30.3883, "LONGITUDE": -91.17715 }, "geometry": { "type": "Point", "coordinates": [ -91.177157486519931, 30.388307877914791 ] } },
{ "type": "Feature", "properties": { "ID": 45396, "LANDMARK_NAME": "STERLING TIGER POINTE APARTMENTS", "FULL_ADDRESS": "424 MILFORD AVE", "CITY": "BATON ROUGE", "STATE": "LOUISIANA", "ZIP": 70808, "PHONE_NUMBER": null, "LATITUDE": 30.40349, "LONGITUDE": -91.17985 }, "geometry": { "type": "Point", "coordinates": [ -91.179856105067586, 30.403491168071994 ] } },
{ "type": "Feature", "properties": { "ID": 45403, "LANDMARK_NAME": "STADIUM SQUARE APARTMENTS", "FULL_ADDRESS": "4759 EARL GROS AVE", "CITY": "BATON ROUGE", "STATE": "LOUISIANA", "ZIP": 70820, "PHONE_NUMBER": null, "LATITUDE": 30.39136, "LONGITUDE": -91.17979 }, "geometry": { "type": "Point", "coordinates": [ -91.179794547317172, 30.391364791984525 ] } },
{ "type": "Feature", "properties": { "ID": 45405, "LANDMARK_NAME": "TIGER PARK APARTMENTS", "FULL_ADDRESS": "4544 EARL GROS AVE", "CITY": "BATON ROUGE", "STATE": "LOUISIANA", "ZIP": 70820, "PHONE_NUMBER": null, "LATITUDE": 30.39375, "LONGITUDE": -91.17983 }, "geometry": { "type": "Point", "coordinates": [ -91.179839511971196, 30.393758715876384 ] } },
{ "type": "Feature", "properties": { "ID": 45446, "LANDMARK_NAME": "THE HIGH GROVE APARTMENTS", "FULL_ADDRESS": "10222 THE GROVE BLVD", "CITY": "BATON ROUGE", "STATE": "LOUISIANA", "ZIP": 70836, "PHONE_NUMBER": null, "LATITUDE": 30.38557, "LONGITUDE": -91.07896 }, "geometry": { "type": "Point", "coordinates": [ -91.078967260022978, 30.385578944641153 ] } },
{ "type": "Feature", "properties": { "ID": 45558, "LANDMARK_NAME": "LONGWOOD COURT APARTMENTS", "FULL_ADDRESS": "422 LONGWOOD CT, APTS E-H", "CITY": "BATON ROUGE", "STATE": "LOUISIANA", "ZIP": 70806, "PHONE_NUMBER": null, "LATITUDE": 30.44519, "LONGITUDE": -91.14393 }, "geometry": { "type": "Point", "coordinates": [ -91.143935835828628, 30.44519495844018 ] } },
{ "type": "Feature", "properties": { "ID": 45620, "LANDMARK_NAME": "THE EXCHANGE AT BATON ROUGE APARTMENTS", "FULL_ADDRESS": "449 BEN HUR RD", "CITY": "BATON ROUGE", "STATE": "LOUISIANA", "ZIP": 70820, "PHONE_NUMBER": null, "LATITUDE": 30.38669, "LONGITUDE": -91.15826 }, "geometry": { "type": "Point", "coordinates": [ -91.158262246058015, 30.386696722901711 ] } },
{ "type": "Feature", "properties": { "ID": 45687, "LANDMARK_NAME": "PARK ROWE VILLAGE APARTMENTS AT PERKINS ROWE", "FULL_ADDRESS": "10201 PARK ROWE AVE", "CITY": "BATON ROUGE", "STATE": "LOUISIANA", "ZIP": 70810, "PHONE_NUMBER": null, "LATITUDE": 30.3795, "LONGITUDE": -91.0929 }, "geometry": { "type": "Point", "coordinates": [ -91.092334632476494, 30.3795352023444 ] } },
{ "type": "Feature", "properties": { "ID": 45688, "LANDMARK_NAME": "PARK ROWE VILLAGE APARTMENTS AT PERKINS ROWE", "FULL_ADDRESS": "10201 PARK ROWE AVE", "CITY": "BATON ROUGE", "STATE": "LOUISIANA", "ZIP": 70810, "PHONE_NUMBER": null, "LATITUDE": 30.3795, "LONGITUDE": -91.0929 }, "geometry": { "type": "Point", "coordinates": [ -91.092334632476494, 30.3795352023444 ] } },
{ "type": "Feature", "properties": { "ID": 45689, "LANDMARK_NAME": "PARK ROWE VILLAGE APARTMENTS AT PERKINS ROWE", "FULL_ADDRESS": "10201 PARK ROWE AVE", "CITY": "BATON ROUGE", "STATE": "LOUISIANA", "ZIP": 70810, "PHONE_NUMBER": null, "LATITUDE": 30.3795, "LONGITUDE": -91.0929 }, "geometry": { "type": "Point", "coordinates": [ -91.092334632476494, 30.3795352023444 ] } },
{ "type": "Feature", "properties": { "ID": 46224, "LANDMARK_NAME": "BRIGHTSIDE MANOR APARTMENTS", "FULL_ADDRESS": "1672 BRIGHTSIDE DR", "CITY": "BATON ROUGE", "STATE": "LOUISIANA", "ZIP": 70820, "PHONE_NUMBER": null, "LATITUDE": 30.38868, "LONGITUDE": -91.17631 }, "geometry": { "type": "Point", "coordinates": [ -91.176315493685237, 30.388687407978487 ] } },
{ "type": "Feature", "properties": { "ID": 46326, "LANDMARK_NAME": "LONGWOOD COURT APARTMENTS", "FULL_ADDRESS": "434 LONGWOOD CT, APTS A-D", "CITY": "BATON ROUGE", "STATE": "LOUISIANA", "ZIP": 70806, "PHONE_NUMBER": null, "LATITUDE": 30.44482, "LONGITUDE": -91.14392 }, "geometry": { "type": "Point", "coordinates": [ -91.143927689879618, 30.444829333668341 ] } },
{ "type": "Feature", "properties": { "ID": 46889, "LANDMARK_NAME": "NINE OAKS APARTMENTS 2", "FULL_ADDRESS": "763 MONET DR", "CITY": "BATON ROUGE", "STATE": "LOUISIANA", "ZIP": 70806, "PHONE_NUMBER": null, "LATITUDE": 30.4567, "LONGITUDE": -91.11767 }, "geometry": { "type": "Point", "coordinates": [ -91.117680147675685, 30.456706125186077 ] } },
{ "type": "Feature", "properties": { "ID": 46891, "LANDMARK_NAME": "SEA HOLLY GRANDE APARTMENTS", "FULL_ADDRESS": "4743 FLORIDA BLVD", "CITY": "BATON ROUGE", "STATE": "LOUISIANA", "ZIP": 70806, "PHONE_NUMBER": null, "LATITUDE": 30.45117, "LONGITUDE": -91.14204 }, "geometry": { "type": "Point", "coordinates": [ -91.142050056112666, 30.451173969870428 ] } },
{ "type": "Feature", "properties": { "ID": 46920, "LANDMARK_NAME": "APARTMENTS", "FULL_ADDRESS": "884 W GARFIELD ST", "CITY": "BATON ROUGE", "STATE": "LOUISIANA", "ZIP": 70802, "PHONE_NUMBER": null, "LATITUDE": 30.42245, "LONGITUDE": -91.18692 }, "geometry": { "type": "Point", "coordinates": [ -91.186928065636664, 30.422459376422324 ] } },
{ "type": "Feature", "properties": { "ID": 46937, "LANDMARK_NAME": "UNIVERISTY EDGE APARTMENTS", "FULL_ADDRESS": "650 W MC KINLEY ST", "CITY": "BATON ROUGE", "STATE": "LOUISIANA", "ZIP": 70802, "PHONE_NUMBER": null, "LATITUDE": 30.42453, "LONGITUDE": -91.18472 }, "geometry": { "type": "Point", "coordinates": [ -91.18472711016156, 30.424536728215397 ] } },
{ "type": "Feature", "properties": { "ID": 47102, "LANDMARK_NAME": "THE ELYSIAN II APARTMENTS", "FULL_ADDRESS": "744 N 11TH ST", "CITY": "BATON ROUGE", "STATE": "LOUISIANA", "ZIP": 70802, "PHONE_NUMBER": null, "LATITUDE": 30.45445, "LONGITUDE": -91.17851 }, "geometry": { "type": "Point", "coordinates": [ -91.178520712445476, 30.454457124793315 ] } },
{ "type": "Feature", "properties": { "ID": 47110, "LANDMARK_NAME": "THE ELYSIAN III APARTMENTS", "FULL_ADDRESS": "750 CANAL ST", "CITY": "BATON ROUGE", "STATE": "LOUISIANA", "ZIP": 70802, "PHONE_NUMBER": null, "LATITUDE": 30.45465, "LONGITUDE": -91.17909 }, "geometry": { "type": "Point", "coordinates": [ -91.179096446531048, 30.454658545702998 ] } },
{ "type": "Feature", "properties": { "ID": 47343, "LANDMARK_NAME": "BRIGHTSIDE MANOR APARTMENTS", "FULL_ADDRESS": "1720 BRIGHTSIDE DR", "CITY": "BATON ROUGE", "STATE": "LOUISIANA", "ZIP": 70820, "PHONE_NUMBER": null, "LATITUDE": 30.38876, "LONGITUDE": -91.1769 }, "geometry": { "type": "Point", "coordinates": [ -91.176905849831186, 30.388769350563795 ] } },
{ "type": "Feature", "properties": { "ID": 47346, "LANDMARK_NAME": "THE VILLAS ON BRIGHTSIDE APARTMENTS", "FULL_ADDRESS": "1645 BRIGHTSIDE DR", "CITY": "BATON ROUGE", "STATE": "LOUISIANA", "ZIP": 70820, "PHONE_NUMBER": null, "LATITUDE": 30.38733, "LONGITUDE": -91.17686 }, "geometry": { "type": "Point", "coordinates": [ -91.176870450352226, 30.387336336577555 ] } },
{ "type": "Feature", "properties": { "ID": 47348, "LANDMARK_NAME": "LARK BATON ROUGE APARTMENTS", "FULL_ADDRESS": "4194 BURBANK DR", "CITY": "BATON ROUGE", "STATE": "LOUISIANA", "ZIP": 70808, "PHONE_NUMBER": null, "LATITUDE": 30.40182, "LONGITUDE": -91.17688 }, "geometry": { "type": "Point", "coordinates": [ -91.176881390314563, 30.401825081141528 ] } },
{ "type": "Feature", "properties": { "ID": 47349, "LANDMARK_NAME": "LARK BATON ROUGE APARTMENTS", "FULL_ADDRESS": "4194 BURBANK DR", "CITY": "BATON ROUGE", "STATE": "LOUISIANA", "ZIP": 70808, "PHONE_NUMBER": null, "LATITUDE": 30.40182, "LONGITUDE": -91.17688 }, "geometry": { "type": "Point", "coordinates": [ -91.176881390314563, 30.401825081141528 ] } },
{ "type": "Feature", "properties": { "ID": 47350, "LANDMARK_NAME": "LARK BATON ROUGE APARTMENTS", "FULL_ADDRESS": "4194 BURBANK DR", "CITY": "BATON ROUGE", "STATE": "LOUISIANA", "ZIP": 70808, "PHONE_NUMBER": null, "LATITUDE": 30.40182, "LONGITUDE": -91.17688 }, "geometry": { "type": "Point", "coordinates": [ -91.176881390314563, 30.401825081141528 ] } },
{ "type": "Feature", "properties": { "ID": 47352, "LANDMARK_NAME": "BRIGHTSIDE MANOR APARTMENTS", "FULL_ADDRESS": "1688 BRIGHTSIDE DR", "CITY": "BATON ROUGE", "STATE": "LOUISIANA", "ZIP": 70820, "PHONE_NUMBER": null, "LATITUDE": 30.38804, "LONGITUDE": -91.17681 }, "geometry": { "type": "Point", "coordinates": [ -91.176819207546544, 30.388042711338713 ] } },
{ "type": "Feature", "properties": { "ID": 47378, "LANDMARK_NAME": "BRIGHTSIDE MANOR APARTMENTS", "FULL_ADDRESS": "1738 BRIGHTSIDE DR", "CITY": "BATON ROUGE", "STATE": "LOUISIANA", "ZIP": 70820, "PHONE_NUMBER": null, "LATITUDE": 30.38809, "LONGITUDE": -91.17804 }, "geometry": { "type": "Point", "coordinates": [ -91.178041589999495, 30.388092031821785 ] } },
{ "type": "Feature", "properties": { "ID": 47379, "LANDMARK_NAME": "BRIGHTSIDE MANOR APARTMENTS", "FULL_ADDRESS": "1736 BRIGHTSIDE DR", "CITY": "BATON ROUGE", "STATE": "LOUISIANA", "ZIP": 70820, "PHONE_NUMBER": null, "LATITUDE": 30.38827, "LONGITUDE": -91.17801 }, "geometry": { "type": "Point", "coordinates": [ -91.178015150325976, 30.388277363959077 ] } },
{ "type": "Feature", "properties": { "ID": 47381, "LANDMARK_NAME": "BRIGHTSIDE MANOR APARTMENTS", "FULL_ADDRESS": "1734 BRIGHTSIDE DR", "CITY": "BATON ROUGE", "STATE": "LOUISIANA", "ZIP": 70820, "PHONE_NUMBER": null, "LATITUDE": 30.38844, "LONGITUDE": -91.17798 }, "geometry": { "type": "Point", "coordinates": [ -91.17799027662943, 30.388445362380793 ] } },
{ "type": "Feature", "properties": { "ID": 47383, "LANDMARK_NAME": "BRIGHTSIDE MANOR APARTMENTS", "FULL_ADDRESS": "1732 BRIGHTSIDE DR", "CITY": "BATON ROUGE", "STATE": "LOUISIANA", "ZIP": 70820, "PHONE_NUMBER": null, "LATITUDE": 30.3886, "LONGITUDE": -91.17796 }, "geometry": { "type": "Point", "coordinates": [ -91.177968497478332, 30.38860136206673 ] } },
{ "type": "Feature", "properties": { "ID": 47425, "LANDMARK_NAME": "THE ELYSIAN III APARTMENTS", "FULL_ADDRESS": "1205 NORTH ST", "CITY": "BATON ROUGE", "STATE": "LOUISIANA", "ZIP": 70802, "PHONE_NUMBER": null, "LATITUDE": 30.45304, "LONGITUDE": -91.17712 }, "geometry": { "type": "Point", "coordinates": [ -91.177126798879584, 30.453047601788629 ] } },
{ "type": "Feature", "properties": { "ID": 48115, "LANDMARK_NAME": "MID CITY GARDENS APARTMENTS", "FULL_ADDRESS": "1690 NORTH BLVD", "CITY": "BATON ROUGE", "STATE": "LOUISIANA", "ZIP": 70802, "PHONE_NUMBER": null, "LATITUDE": 30.44744, "LONGITUDE": -91.17189 }, "geometry": { "type": "Point", "coordinates": [ -91.171899891061258, 30.447447440069137 ] } },
{ "type": "Feature", "properties": { "ID": 48777, "LANDMARK_NAME": "RETREAT AT BRIGHTSIDE APARTMENTS", "FULL_ADDRESS": "2000 BRIGHTSIDE DR, BLDG 14", "CITY": "BATON ROUGE", "STATE": "LOUISIANA", "ZIP": 70820, "PHONE_NUMBER": null, "LATITUDE": 30.38885, "LONGITUDE": -91.18067 }, "geometry": { "type": "Point", "coordinates": [ -91.180672040258628, 30.388853120376837 ] } },
{ "type": "Feature", "properties": { "ID": 48778, "LANDMARK_NAME": "RETREAT AT BRIGHTSIDE APARTMENTS", "FULL_ADDRESS": "2000 BRIGHTSIDE DR, BLDG 15", "CITY": "BATON ROUGE", "STATE": "LOUISIANA", "ZIP": 70820, "PHONE_NUMBER": null, "LATITUDE": 30.38861, "LONGITUDE": -91.18091 }, "geometry": { "type": "Point", "coordinates": [ -91.180915386825859, 30.388611015784683 ] } },
{ "type": "Feature", "properties": { "ID": 48779, "LANDMARK_NAME": "RETREAT AT BRIGHTSIDE APARTMENTS", "FULL_ADDRESS": "2000 BRIGHTSIDE DR, BLDG 16", "CITY": "BATON ROUGE", "STATE": "LOUISIANA", "ZIP": 70820, "PHONE_NUMBER": null, "LATITUDE": 30.38849, "LONGITUDE": -91.18059 }, "geometry": { "type": "Point", "coordinates": [ -91.180599369229554, 30.388492344065774 ] } },
{ "type": "Feature", "properties": { "ID": 48780, "LANDMARK_NAME": "RETREAT AT BRIGHTSIDE APARTMENTS", "FULL_ADDRESS": "2000 BRIGHTSIDE DR, BLDG 17", "CITY": "BATON ROUGE", "STATE": "LOUISIANA", "ZIP": 70820, "PHONE_NUMBER": null, "LATITUDE": 30.38857, "LONGITUDE": -91.18023 }, "geometry": { "type": "Point", "coordinates": [ -91.18023976767762, 30.388578493884079 ] } },
{ "type": "Feature", "properties": { "ID": 48781, "LANDMARK_NAME": "RETREAT AT BRIGHTSIDE APARTMENTS", "FULL_ADDRESS": "2000 BRIGHTSIDE DR, BLDG 18", "CITY": "BATON ROUGE", "STATE": "LOUISIANA", "ZIP": 70820, "PHONE_NUMBER": null, "LATITUDE": 30.38905, "LONGITUDE": -91.18017 }, "geometry": { "type": "Point", "coordinates": [ -91.180172460164258, 30.389057416068635 ] } },
{ "type": "Feature", "properties": { "ID": 48979, "LANDMARK_NAME": "RETREAT AT BRIGHTSIDE APARTMENTS", "FULL_ADDRESS": "2000 BRIGHTSIDE DR, BLDG 19", "CITY": "BATON ROUGE", "STATE": "LOUISIANA", "ZIP": 70820, "PHONE_NUMBER": null, "LATITUDE": 30.38842, "LONGITUDE": -91.17986 }, "geometry": { "type": "Point", "coordinates": [ -91.179867221680098, 30.388425128045391 ] } },
{ "type": "Feature", "properties": { "ID": 48980, "LANDMARK_NAME": "RETREAT AT BRIGHTSIDE APARTMENTS", "FULL_ADDRESS": "2000 BRIGHTSIDE DR, BLDG 20", "CITY": "BATON ROUGE", "STATE": "LOUISIANA", "ZIP": 70820, "PHONE_NUMBER": null, "LATITUDE": 30.38893, "LONGITUDE": -91.17978 }, "geometry": { "type": "Point", "coordinates": [ -91.179789882752004, 30.388932893687947 ] } },
{ "type": "Feature", "properties": { "ID": 48981, "LANDMARK_NAME": "RETREAT AT BRIGHTSIDE APARTMENTS", "FULL_ADDRESS": "2000 BRIGHTSIDE DR, BLDG 21", "CITY": "BATON ROUGE", "STATE": "LOUISIANA", "ZIP": 70820, "PHONE_NUMBER": null, "LATITUDE": 30.38919, "LONGITUDE": -91.17958 }, "geometry": { "type": "Point", "coordinates": [ -91.179583109836415, 30.389198123321588 ] } },
{ "type": "Feature", "properties": { "ID": 48982, "LANDMARK_NAME": "RETREAT AT BRIGHTSIDE APARTMENTS", "FULL_ADDRESS": "2000 BRIGHTSIDE DR, BLDG 22", "CITY": "BATON ROUGE", "STATE": "LOUISIANA", "ZIP": 70820, "PHONE_NUMBER": null, "LATITUDE": 30.38932, "LONGITUDE": -91.17926 }, "geometry": { "type": "Point", "coordinates": [ -91.179263382839252, 30.389324714414709 ] } },
{ "type": "Feature", "properties": { "ID": 48983, "LANDMARK_NAME": "RETREAT AT BRIGHTSIDE APARTMENTS", "FULL_ADDRESS": "2000 BRIGHTSIDE DR, BLDG 23", "CITY": "BATON ROUGE", "STATE": "LOUISIANA", "ZIP": 70820, "PHONE_NUMBER": null, "LATITUDE": 30.38967, "LONGITUDE": -91.17941 }, "geometry": { "type": "Point", "coordinates": [ -91.179415954632148, 30.389671157265962 ] } },
{ "type": "Feature", "properties": { "ID": 48984, "LANDMARK_NAME": "RETREAT AT BRIGHTSIDE APARTMENTS", "FULL_ADDRESS": "2000 BRIGHTSIDE DR, BLDG 24", "CITY": "BATON ROUGE", "STATE": "LOUISIANA", "ZIP": 70820, "PHONE_NUMBER": null, "LATITUDE": 30.38959, "LONGITUDE": -91.17976 }, "geometry": { "type": "Point", "coordinates": [ -91.179768882104014, 30.389599429140777 ] } },
{ "type": "Feature", "properties": { "ID": 48985, "LANDMARK_NAME": "RETREAT AT BRIGHTSIDE APARTMENTS", "FULL_ADDRESS": "2000 BRIGHTSIDE DR, BLDG 25", "CITY": "BATON ROUGE", "STATE": "LOUISIANA", "ZIP": 70820, "PHONE_NUMBER": null, "LATITUDE": 30.38969, "LONGITUDE": -91.18014 }, "geometry": { "type": "Point", "coordinates": [ -91.180141516900363, 30.389697969657192 ] } },
{ "type": "Feature", "properties": { "ID": 48986, "LANDMARK_NAME": "THE GATES AT BRIGHTSIDE APARTMENTS", "FULL_ADDRESS": "1741 BRIGHTSIDE DR, BLDG A", "CITY": "BATON ROUGE", "STATE": "LOUISIANA", "ZIP": 70820, "PHONE_NUMBER": null, "LATITUDE": 30.38535, "LONGITUDE": -91.17787 }, "geometry": { "type": "Point", "coordinates": [ -91.177871927330656, 30.385357832959095 ] } },
{ "type": "Feature", "properties": { "ID": 48987, "LANDMARK_NAME": "THE GATES AT BRIGHTSIDE APARTMENTS", "FULL_ADDRESS": "1741 BRIGHTSIDE DR, BLDG B", "CITY": "BATON ROUGE", "STATE": "LOUISIANA", "ZIP": 70820, "PHONE_NUMBER": null, "LATITUDE": 30.38539, "LONGITUDE": -91.17841 }, "geometry": { "type": "Point", "coordinates": [ -91.17841199485342, 30.385396850326693 ] } },
{ "type": "Feature", "properties": { "ID": 48988, "LANDMARK_NAME": "THE GATES AT BRIGHTSIDE APARTMENTS", "FULL_ADDRESS": "1741 BRIGHTSIDE DR, BLDG C", "CITY": "BATON ROUGE", "STATE": "LOUISIANA", "ZIP": 70820, "PHONE_NUMBER": null, "LATITUDE": 30.38572, "LONGITUDE": -91.17784 }, "geometry": { "type": "Point", "coordinates": [ -91.177844780291053, 30.385730118092116 ] } },
{ "type": "Feature", "properties": { "ID": 48989, "LANDMARK_NAME": "THE GATES AT BRIGHTSIDE APARTMENTS", "FULL_ADDRESS": "1741 BRIGHTSIDE DR, BLDG D", "CITY": "BATON ROUGE", "STATE": "LOUISIANA", "ZIP": 70820, "PHONE_NUMBER": null, "LATITUDE": 30.38587, "LONGITUDE": -91.17834 }, "geometry": { "type": "Point", "coordinates": [ -91.178349269967001, 30.385872728294121 ] } },
{ "type": "Feature", "properties": { "ID": 48990, "LANDMARK_NAME": "THE GATES AT BRIGHTSIDE APARTMENTS", "FULL_ADDRESS": "1741 BRIGHTSIDE DR, BLDG E", "CITY": "BATON ROUGE", "STATE": "LOUISIANA", "ZIP": 70820, "PHONE_NUMBER": null, "LATITUDE": 30.38619, "LONGITUDE": -91.17828 }, "geometry": { "type": "Point", "coordinates": [ -91.17828677915125, 30.38619891196689 ] } },
{ "type": "Feature", "properties": { "ID": 48991, "LANDMARK_NAME": "THE GATES AT BRIGHTSIDE APARTMENTS", "FULL_ADDRESS": "1741 BRIGHTSIDE DR, BLDG F", "CITY": "BATON ROUGE", "STATE": "LOUISIANA", "ZIP": 70820, "PHONE_NUMBER": null, "LATITUDE": 30.38645, "LONGITUDE": -91.17773 }, "geometry": { "type": "Point", "coordinates": [ -91.17773295612804, 30.386459265963094 ] } },
{ "type": "Feature", "properties": { "ID": 49229, "LANDMARK_NAME": "THE PEARL AT JAMESTOWN APARTMENTS", "FULL_ADDRESS": "14443 PERKINS RD", "CITY": "BATON ROUGE", "STATE": "LOUISIANA", "ZIP": 70810, "PHONE_NUMBER": null, "LATITUDE": 30.36313, "LONGITUDE": -91.0578 }, "geometry": { "type": "Point", "coordinates": [ -91.057808488725314, 30.36313754922757 ] } },
{ "type": "Feature", "properties": { "ID": 49444, "LANDMARK_NAME": "BRIGHTSIDE MANOR APARTMENTS", "FULL_ADDRESS": "1678 BRIGHTSIDE DR, STE B", "CITY": "BATON ROUGE", "STATE": "LOUISIANA", "ZIP": 70820, "PHONE_NUMBER": null, "LATITUDE": 30.38819, "LONGITUDE": -91.17641 }, "geometry": { "type": "Point", "coordinates": [ -91.176420130859483, 30.388198955378957 ] } },
{ "type": "Feature", "properties": { "ID": 49445, "LANDMARK_NAME": "BRIGHTSIDE MANOR APARTMENTS", "FULL_ADDRESS": "1678 BRIGHTSIDE DR, STE C", "CITY": "BATON ROUGE", "STATE": "LOUISIANA", "ZIP": 70820, "PHONE_NUMBER": null, "LATITUDE": 30.38826, "LONGITUDE": -91.17634 }, "geometry": { "type": "Point", "coordinates": [ -91.176342684133886, 30.38826677215831 ] } },
{ "type": "Feature", "properties": { "ID": 49446, "LANDMARK_NAME": "BRIGHTSIDE MANOR APARTMENTS", "FULL_ADDRESS": "1678 BRIGHTSIDE DR, STE D", "CITY": "BATON ROUGE", "STATE": "LOUISIANA", "ZIP": 70820, "PHONE_NUMBER": null, "LATITUDE": 30.38818, "LONGITUDE": -91.17635 }, "geometry": { "type": "Point", "coordinates": [ -91.1763527271615, 30.388185981710443 ] } },
{ "type": "Feature", "properties": { "ID": 49503, "LANDMARK_NAME": "RETREAT AT BRIGHTSIDE APARTMENTS", "FULL_ADDRESS": "2000 BRIGHTSIDE DR, BLDG 1", "CITY": "BATON ROUGE", "STATE": "LOUISIANA", "ZIP": 70820, "PHONE_NUMBER": null, "LATITUDE": 30.38853, "LONGITUDE": -91.18165 }, "geometry": { "type": "Point", "coordinates": [ -91.181651081058888, 30.38853683765582 ] } },
{ "type": "Feature", "properties": { "ID": 49504, "LANDMARK_NAME": "RETREAT AT BRIGHTSIDE APARTMENTS", "FULL_ADDRESS": "2000 BRIGHTSIDE DR, BLDG 2", "CITY": "BATON ROUGE", "STATE": "LOUISIANA", "ZIP": 70820, "PHONE_NUMBER": null, "LATITUDE": 30.3888, "LONGITUDE": -91.18174 }, "geometry": { "type": "Point", "coordinates": [ -91.18174719476464, 30.388805303737055 ] } },
{ "type": "Feature", "properties": { "ID": 49505, "LANDMARK_NAME": "RETREAT AT BRIGHTSIDE APARTMENTS", "FULL_ADDRESS": "2000 BRIGHTSIDE DR, BLDG 3", "CITY": "BATON ROUGE", "STATE": "LOUISIANA", "ZIP": 70820, "PHONE_NUMBER": null, "LATITUDE": 30.38901, "LONGITUDE": -91.18154 }, "geometry": { "type": "Point", "coordinates": [ -91.181543844249077, 30.389012828909632 ] } },
{ "type": "Feature", "properties": { "ID": 49506, "LANDMARK_NAME": "RETREAT AT BRIGHTSIDE APARTMENTS", "FULL_ADDRESS": "2000 BRIGHTSIDE DR, BLDG 4", "CITY": "BATON ROUGE", "STATE": "LOUISIANA", "ZIP": 70820, "PHONE_NUMBER": null, "LATITUDE": 30.38891, "LONGITUDE": -91.18128 }, "geometry": { "type": "Point", "coordinates": [ -91.181284372344066, 30.388917308351992 ] } },
{ "type": "Feature", "properties": { "ID": 49507, "LANDMARK_NAME": "RETREAT AT BRIGHTSIDE APARTMENTS", "FULL_ADDRESS": "2000 BRIGHTSIDE DR, BLDG 5", "CITY": "BATON ROUGE", "STATE": "LOUISIANA", "ZIP": 70820, "PHONE_NUMBER": null, "LATITUDE": 30.38859, "LONGITUDE": -91.18133 }, "geometry": { "type": "Point", "coordinates": [ -91.181331464788272, 30.388594181944583 ] } },
{ "type": "Feature", "properties": { "ID": 49508, "LANDMARK_NAME": "RETREAT AT BRIGHTSIDE APARTMENTS", "FULL_ADDRESS": "2000 BRIGHTSIDE DR, BLDG 6", "CITY": "BATON ROUGE", "STATE": "LOUISIANA", "ZIP": 70820, "PHONE_NUMBER": null, "LATITUDE": 30.38932, "LONGITUDE": -91.18133 }, "geometry": { "type": "Point", "coordinates": [ -91.181333672058841, 30.389327111424954 ] } },
{ "type": "Feature", "properties": { "ID": 49509, "LANDMARK_NAME": "RETREAT AT BRIGHTSIDE APARTMENTS", "FULL_ADDRESS": "2000 BRIGHTSIDE DR, BLDG 7", "CITY": "BATON ROUGE", "STATE": "LOUISIANA", "ZIP": 70820, "PHONE_NUMBER": null, "LATITUDE": 30.38943, "LONGITUDE": -91.18165 }, "geometry": { "type": "Point", "coordinates": [ -91.181653034104187, 30.389437128703381 ] } },
{ "type": "Feature", "properties": { "ID": 49510, "LANDMARK_NAME": "RETREAT AT BRIGHTSIDE APARTMENTS", "FULL_ADDRESS": "2000 BRIGHTSIDE DR, BLDG 8", "CITY": "BATON ROUGE", "STATE": "LOUISIANA", "ZIP": 70820, "PHONE_NUMBER": null, "LATITUDE": 30.38973, "LONGITUDE": -91.18144 }, "geometry": { "type": "Point", "coordinates": [ -91.181442879009907, 30.389739869087354 ] } },
{ "type": "Feature", "properties": { "ID": 49511, "LANDMARK_NAME": "RETREAT AT BRIGHTSIDE APARTMENTS", "FULL_ADDRESS": "2000 BRIGHTSIDE DR, BLDG 9", "CITY": "BATON ROUGE", "STATE": "LOUISIANA", "ZIP": 70820, "PHONE_NUMBER": null, "LATITUDE": 30.38962, "LONGITUDE": -91.18113 }, "geometry": { "type": "Point", "coordinates": [ -91.18113683900701, 30.389624095957952 ] } },
{ "type": "Feature", "properties": { "ID": 49512, "LANDMARK_NAME": "RETREAT AT BRIGHTSIDE APARTMENTS", "FULL_ADDRESS": "2000 BRIGHTSIDE DR, BLDG 10", "CITY": "BATON ROUGE", "STATE": "LOUISIANA", "ZIP": 70820, "PHONE_NUMBER": null, "LATITUDE": 30.38972, "LONGITUDE": -91.18073 }, "geometry": { "type": "Point", "coordinates": [ -91.180733932190492, 30.389730396007369 ] } },
{ "type": "Feature", "properties": { "ID": 49513, "LANDMARK_NAME": "RETREAT AT BRIGHTSIDE APARTMENTS", "FULL_ADDRESS": "2000 BRIGHTSIDE DR, BLDG 11", "CITY": "BATON ROUGE", "STATE": "LOUISIANA", "ZIP": 70820, "PHONE_NUMBER": null, "LATITUDE": 30.38968, "LONGITUDE": -91.18054 }, "geometry": { "type": "Point", "coordinates": [ -91.180540944576862, 30.389689775497928 ] } },
{ "type": "Feature", "properties": { "ID": 49514, "LANDMARK_NAME": "RETREAT AT BRIGHTSIDE APARTMENTS", "FULL_ADDRESS": "2000 BRIGHTSIDE DR, BLDG 12", "CITY": "BATON ROUGE", "STATE": "LOUISIANA", "ZIP": 70820, "PHONE_NUMBER": null, "LATITUDE": 30.38926, "LONGITUDE": -91.18044 }, "geometry": { "type": "Point", "coordinates": [ -91.180441743312926, 30.389265486363893 ] } },
{ "type": "Feature", "properties": { "ID": 49515, "LANDMARK_NAME": "RETREAT AT BRIGHTSIDE APARTMENTS", "FULL_ADDRESS": "2000 BRIGHTSIDE DR, BLDG 13", "CITY": "BATON ROUGE", "STATE": "LOUISIANA", "ZIP": 70820, "PHONE_NUMBER": null, "LATITUDE": 30.38882, "LONGITUDE": -91.1804 }, "geometry": { "type": "Point", "coordinates": [ -91.180402477889956, 30.388826838376435 ] } },
{ "type": "Feature", "properties": { "ID": 49575, "LANDMARK_NAME": "TURNBERRY PLACE APARTMENTS", "FULL_ADDRESS": "10720 LINKWOOD CT", "CITY": "BATON ROUGE", "STATE": "LOUISIANA", "ZIP": 70810, "PHONE_NUMBER": null, "LATITUDE": 30.37359, "LONGITUDE": -91.09813 }, "geometry": { "type": "Point", "coordinates": [ -91.098136833334109, 30.373599162270807 ] } },
{ "type": "Feature", "properties": { "ID": 49711, "LANDMARK_NAME": "EL CID II APARTMENTS", "FULL_ADDRESS": "4040 BURBANK DR", "CITY": "BATON ROUGE", "STATE": "LOUISIANA", "ZIP": 70808, "PHONE_NUMBER": null, "LATITUDE": 30.40251, "LONGITUDE": -91.17871 }, "geometry": { "type": "Point", "coordinates": [ -91.178716805718878, 30.402514945860091 ] } },
{ "type": "Feature", "properties": { "ID": 49906, "LANDMARK_NAME": "THE GATES AT BRIGHTSIDE APARTMENTS", "FULL_ADDRESS": "1741 BRIGHTSIDE DR, BLDG G", "CITY": "BATON ROUGE", "STATE": "LOUISIANA", "ZIP": 70820, "PHONE_NUMBER": null, "LATITUDE": 30.38653, "LONGITUDE": -91.17825 }, "geometry": { "type": "Point", "coordinates": [ -91.178259687362143, 30.386536651453866 ] } },
{ "type": "Feature", "properties": { "ID": 49907, "LANDMARK_NAME": "THE GATES AT BRIGHTSIDE APARTMENTS", "FULL_ADDRESS": "1741 BRIGHTSIDE DR, BLDG H", "CITY": "BATON ROUGE", "STATE": "LOUISIANA", "ZIP": 70820, "PHONE_NUMBER": null, "LATITUDE": 30.38682, "LONGITUDE": -91.17767 }, "geometry": { "type": "Point", "coordinates": [ -91.177674829185108, 30.386823837652528 ] } },
{ "type": "Feature", "properties": { "ID": 50579, "LANDMARK_NAME": "APARTMENTS", "FULL_ADDRESS": "8210 VILLAGE PLAZA CT", "CITY": "BATON ROUGE", "STATE": "LOUISIANA", "ZIP": 70810, "PHONE_NUMBER": null, "LATITUDE": 30.37412, "LONGITUDE": -91.08824 }, "geometry": { "type": "Point", "coordinates": [ -91.088241562290037, 30.374121375932724 ] } },
{ "type": "Feature", "properties": { "ID": 50794, "LANDMARK_NAME": "THE HAVEN AT WINDERMERE APARTMENTS", "FULL_ADDRESS": "8225 YMCA PLAZA DR", "CITY": "BATON ROUGE", "STATE": "LOUISIANA", "ZIP": 70810, "PHONE_NUMBER": null, "LATITUDE": 30.3725, "LONGITUDE": -91.07623 }, "geometry": { "type": "Point", "coordinates": [ -91.076237929479404, 30.372509641424649 ] } },
{ "type": "Feature", "properties": { "ID": 50795, "LANDMARK_NAME": "THE HAVEN AT WINDERMERE APARTMENTS", "FULL_ADDRESS": "8225 YMCA PLAZA DR", "CITY": "BATON ROUGE", "STATE": "LOUISIANA", "ZIP": 70810, "PHONE_NUMBER": null, "LATITUDE": 30.3725, "LONGITUDE": -91.07623 }, "geometry": { "type": "Point", "coordinates": [ -91.076237929479404, 30.372509641424649 ] } },
{ "type": "Feature", "properties": { "ID": 51414, "LANDMARK_NAME": "RUE DE BELLE APARTMENTS 2", "FULL_ADDRESS": "4322 RUE DE BELLE MAISON", "CITY": "BATON ROUGE", "STATE": "LOUISIANA", "ZIP": 70809, "PHONE_NUMBER": null, "LATITUDE": 30.41011, "LONGITUDE": -91.07604 }, "geometry": { "type": "Point", "coordinates": [ -91.076048244180285, 30.410119473355799 ] } },
{ "type": "Feature", "properties": { "ID": 51941, "LANDMARK_NAME": "THE VILLAS APARTMENTS", "FULL_ADDRESS": "558 S ACADIAN THWY", "CITY": "BATON ROUGE", "STATE": "LOUISIANA", "ZIP": 70806, "PHONE_NUMBER": null, "LATITUDE": 30.44301, "LONGITUDE": -91.15374 }, "geometry": { "type": "Point", "coordinates": [ -91.15374296476115, 30.443011780799495 ] } },
{ "type": "Feature", "properties": { "ID": 52195, "LANDMARK_NAME": "THE LAKES AT BLUEBONNET APARTMENTS", "FULL_ADDRESS": "6950 SUGAR SPRINGS DR", "CITY": "BATON ROUGE", "STATE": "LOUISIANA", "ZIP": 70817, "PHONE_NUMBER": null, "LATITUDE": 30.3899, "LONGITUDE": -91.01298 }, "geometry": { "type": "Point", "coordinates": [ -91.012982975914483, 30.389903485875976 ] } },
{ "type": "Feature", "properties": { "ID": 52252, "LANDMARK_NAME": "THE GATES AT BRIGHTSIDE APARTMENTS", "FULL_ADDRESS": "1741 BRIGHTSIDE DR, BLDG I", "CITY": "BATON ROUGE", "STATE": "LOUISIANA", "ZIP": 70820, "PHONE_NUMBER": null, "LATITUDE": 30.3869, "LONGITUDE": -91.1782 }, "geometry": { "type": "Point", "coordinates": [ -91.178201557353475, 30.38690506177338 ] } },
{ "type": "Feature", "properties": { "ID": 52253, "LANDMARK_NAME": "THE GATES AT BRIGHTSIDE APARTMENTS", "FULL_ADDRESS": "1741 BRIGHTSIDE DR, BLDG J", "CITY": "BATON ROUGE", "STATE": "LOUISIANA", "ZIP": 70820, "PHONE_NUMBER": null, "LATITUDE": 30.38732, "LONGITUDE": -91.17759 }, "geometry": { "type": "Point", "coordinates": [ -91.177594342884589, 30.387330400554262 ] } },
{ "type": "Feature", "properties": { "ID": 52254, "LANDMARK_NAME": "THE GATES AT BRIGHTSIDE APARTMENTS", "FULL_ADDRESS": "1741 BRIGHTSIDE DR, BLDG K", "CITY": "BATON ROUGE", "STATE": "LOUISIANA", "ZIP": 70820, "PHONE_NUMBER": null, "LATITUDE": 30.38739, "LONGITUDE": -91.17811 }, "geometry": { "type": "Point", "coordinates": [ -91.178112248707066, 30.387392423466594 ] } },
{ "type": "Feature", "properties": { "ID": 52446, "LANDMARK_NAME": "APARTMENTS", "FULL_ADDRESS": "330 GARDERE LN", "CITY": "BATON ROUGE", "STATE": "LOUISIANA", "ZIP": 70808, "PHONE_NUMBER": null, "LATITUDE": 30.36512, "LONGITUDE": -91.12126 }, "geometry": { "type": "Point", "coordinates": [ -91.121269886054336, 30.365129387808601 ] } },
{ "type": "Feature", "properties": { "ID": 53193, "LANDMARK_NAME": "APARTMENTS", "FULL_ADDRESS": "7622 BLES AVE", "CITY": "BATON ROUGE", "STATE": "LOUISIANA", "ZIP": 70810, "PHONE_NUMBER": null, "LATITUDE": 30.39238, "LONGITUDE": -91.10976 }, "geometry": { "type": "Point", "coordinates": [ -91.109766662772145, 30.392387257433178 ] } },
{ "type": "Feature", "properties": { "ID": 53203, "LANDMARK_NAME": "APARTMENTS", "FULL_ADDRESS": "7611 BLES AVE", "CITY": "BATON ROUGE", "STATE": "LOUISIANA", "ZIP": 70810, "PHONE_NUMBER": null, "LATITUDE": 30.39299, "LONGITUDE": -91.10954 }, "geometry": { "type": "Point", "coordinates": [ -91.109541097671979, 30.392997679908373 ] } },
{ "type": "Feature", "properties": { "ID": 53304, "LANDMARK_NAME": "DRAKES LANDING APARTMENTS", "FULL_ADDRESS": "805 N ARDENWOOD DR", "CITY": "BATON ROUGE", "STATE": "LOUISIANA", "ZIP": 70806, "PHONE_NUMBER": null, "LATITUDE": 30.45613, "LONGITUDE": -91.12892 }, "geometry": { "type": "Point", "coordinates": [ -91.128924925459685, 30.456136706908609 ] } },
{ "type": "Feature", "properties": { "ID": 53305, "LANDMARK_NAME": "DRAKES LANDING APARTMENTS", "FULL_ADDRESS": "807 N ARDENWOOD DR", "CITY": "BATON ROUGE", "STATE": "LOUISIANA", "ZIP": 70806, "PHONE_NUMBER": null, "LATITUDE": 30.4566, "LONGITUDE": -91.12925 }, "geometry": { "type": "Point", "coordinates": [ -91.129256560200645, 30.456608091697589 ] } },
{ "type": "Feature", "properties": { "ID": 53306, "LANDMARK_NAME": "DRAKES LANDING APARTMENTS", "FULL_ADDRESS": "809 N ARDENWOOD DR", "CITY": "BATON ROUGE", "STATE": "LOUISIANA", "ZIP": 70806, "PHONE_NUMBER": null, "LATITUDE": 30.45609, "LONGITUDE": -91.12949 }, "geometry": { "type": "Point", "coordinates": [ -91.129492870628496, 30.456095414887962 ] } },
{ "type": "Feature", "properties": { "ID": 53307, "LANDMARK_NAME": "DRAKES LANDING APARTMENTS", "FULL_ADDRESS": "811 N ARDENWOOD DR", "CITY": "BATON ROUGE", "STATE": "LOUISIANA", "ZIP": 70806, "PHONE_NUMBER": null, "LATITUDE": 30.4566, "LONGITUDE": -91.12982 }, "geometry": { "type": "Point", "coordinates": [ -91.129824435889375, 30.456601938571414 ] } },
{ "type": "Feature", "properties": { "ID": 53308, "LANDMARK_NAME": "DRAKES LANDING APARTMENTS", "FULL_ADDRESS": "813 N ARDENWOOD DR", "CITY": "BATON ROUGE", "STATE": "LOUISIANA", "ZIP": 70806, "PHONE_NUMBER": null, "LATITUDE": 30.45604, "LONGITUDE": -91.13015 }, "geometry": { "type": "Point", "coordinates": [ -91.130158176514954, 30.456047242836309 ] } },
{ "type": "Feature", "properties": { "ID": 53309, "LANDMARK_NAME": "DRAKES LANDING APARTMENTS", "FULL_ADDRESS": "817 N ARDENWOOD DR", "CITY": "BATON ROUGE", "STATE": "LOUISIANA", "ZIP": 70806, "PHONE_NUMBER": null, "LATITUDE": 30.45704, "LONGITUDE": -91.13067 }, "geometry": { "type": "Point", "coordinates": [ -91.130675322850621, 30.457046005299336 ] } },
{ "type": "Feature", "properties": { "ID": 53310, "LANDMARK_NAME": "DRAKES LANDING APARTMENTS", "FULL_ADDRESS": "819 N ARDENWOOD DR", "CITY": "BATON ROUGE", "STATE": "LOUISIANA", "ZIP": 70806, "PHONE_NUMBER": null, "LATITUDE": 30.45707, "LONGITUDE": -91.13004 }, "geometry": { "type": "Point", "coordinates": [ -91.130042503667013, 30.457073146533592 ] } },
{ "type": "Feature", "properties": { "ID": 53311, "LANDMARK_NAME": "DRAKES LANDING APARTMENTS", "FULL_ADDRESS": "821 N ARDENWOOD DR", "CITY": "BATON ROUGE", "STATE": "LOUISIANA", "ZIP": 70806, "PHONE_NUMBER": null, "LATITUDE": 30.45709, "LONGITUDE": -91.12948 }, "geometry": { "type": "Point", "coordinates": [ -91.129482694493163, 30.457100396380664 ] } },
{ "type": "Feature", "properties": { "ID": 53312, "LANDMARK_NAME": "DRAKES LANDING APARTMENTS", "FULL_ADDRESS": "823 N ARDENWOOD DR", "CITY": "BATON ROUGE", "STATE": "LOUISIANA", "ZIP": 70806, "PHONE_NUMBER": null, "LATITUDE": 30.4571, "LONGITUDE": -91.12888 }, "geometry": { "type": "Point", "coordinates": [ -91.128882366999576, 30.457106497885558 ] } },
{ "type": "Feature", "properties": { "ID": 53800, "LANDMARK_NAME": "CYPRESS PARK APARTMENTS", "FULL_ADDRESS": "10320 CELTIC DR", "CITY": "BATON ROUGE", "STATE": "LOUISIANA", "ZIP": 70809, "PHONE_NUMBER": null, "LATITUDE": 30.41578, "LONGITUDE": -91.07389 }, "geometry": { "type": "Point", "coordinates": [ -91.073899590839389, 30.415781536531675 ] } },
{ "type": "Feature", "properties": { "ID": 53801, "LANDMARK_NAME": "CYPRESS PARK APARTMENTS", "FULL_ADDRESS": "10322 CELTIC DR", "CITY": "BATON ROUGE", "STATE": "LOUISIANA", "ZIP": 70809, "PHONE_NUMBER": null, "LATITUDE": 30.41562, "LONGITUDE": -91.07375 }, "geometry": { "type": "Point", "coordinates": [ -91.073760543099297, 30.415622403069786 ] } },
{ "type": "Feature", "properties": { "ID": 53802, "LANDMARK_NAME": "CYPRESS PARK APARTMENTS", "FULL_ADDRESS": "10324 CELTIC DR", "CITY": "BATON ROUGE", "STATE": "LOUISIANA", "ZIP": 70809, "PHONE_NUMBER": null, "LATITUDE": 30.41542, "LONGITUDE": -91.07432 }, "geometry": { "type": "Point", "coordinates": [ -91.074322890646386, 30.415426656622852 ] } },
{ "type": "Feature", "properties": { "ID": 53803, "LANDMARK_NAME": "CYPRESS PARK APARTMENTS", "FULL_ADDRESS": "10326 CELTIC DR", "CITY": "BATON ROUGE", "STATE": "LOUISIANA", "ZIP": 70809, "PHONE_NUMBER": null, "LATITUDE": 30.41523, "LONGITUDE": -91.07462 }, "geometry": { "type": "Point", "coordinates": [ -91.074626226089464, 30.415233854400956 ] } },
{ "type": "Feature", "properties": { "ID": 53901, "LANDMARK_NAME": "APARTMENTS", "FULL_ADDRESS": "7410 BLUEBONNET BLVD", "CITY": "BATON ROUGE", "STATE": "LOUISIANA", "ZIP": 70810, "PHONE_NUMBER": null, "LATITUDE": 30.38377, "LONGITUDE": -91.09554 }, "geometry": { "type": "Point", "coordinates": [ -91.095543908805126, 30.383773493268169 ] } },
{ "type": "Feature", "properties": { "ID": 54188, "LANDMARK_NAME": "CHERRY CREEK APARTMENTS", "FULL_ADDRESS": "12622 LA MARGIE AVE", "CITY": "BATON ROUGE", "STATE": "LOUISIANA", "ZIP": 70815, "PHONE_NUMBER": null, "LATITUDE": 30.46975, "LONGITUDE": -91.04264 }, "geometry": { "type": "Point", "coordinates": [ -91.042641179929376, 30.469752353396238 ] } },
{ "type": "Feature", "properties": { "ID": 54189, "LANDMARK_NAME": "CHERRY CREEK APARTMENTS", "FULL_ADDRESS": "12638 LA MARGIE AVE", "CITY": "BATON ROUGE", "STATE": "LOUISIANA", "ZIP": 70815, "PHONE_NUMBER": null, "LATITUDE": 30.46975, "LONGITUDE": -91.04224 }, "geometry": { "type": "Point", "coordinates": [ -91.042249750538446, 30.469751492670671 ] } },
{ "type": "Feature", "properties": { "ID": 54318, "LANDMARK_NAME": "APARTMENTS", "FULL_ADDRESS": "7714 BLES AVE", "CITY": "BATON ROUGE", "STATE": "LOUISIANA", "ZIP": 70810, "PHONE_NUMBER": null, "LATITUDE": 30.39195, "LONGITUDE": -91.10901 }, "geometry": { "type": "Point", "coordinates": [ -91.109017324456417, 30.391956906857189 ] } },
{ "type": "Feature", "properties": { "ID": 54328, "LANDMARK_NAME": "APARTMENTS", "FULL_ADDRESS": "7724 BLES AVE", "CITY": "BATON ROUGE", "STATE": "LOUISIANA", "ZIP": 70810, "PHONE_NUMBER": null, "LATITUDE": 30.39186, "LONGITUDE": -91.10884 }, "geometry": { "type": "Point", "coordinates": [ -91.108849033610753, 30.391863006333711 ] } },
{ "type": "Feature", "properties": { "ID": 54462, "LANDMARK_NAME": "APARTMENTS", "FULL_ADDRESS": "1310 SHARLO AVE", "CITY": "BATON ROUGE", "STATE": "LOUISIANA", "ZIP": 70820, "PHONE_NUMBER": null, "LATITUDE": 30.39015, "LONGITUDE": -91.18327 }, "geometry": { "type": "Point", "coordinates": [ -91.183278576550634, 30.390153242054382 ] } },
{ "type": "Feature", "properties": { "ID": 54482, "LANDMARK_NAME": "CLOVERLEAF SUITES APARTMENTS", "FULL_ADDRESS": "5522 CORPORATE BLVD", "CITY": "BATON ROUGE", "STATE": "LOUISIANA", "ZIP": 70808, "PHONE_NUMBER": null, "LATITUDE": 30.42465, "LONGITUDE": -91.13304 }, "geometry": { "type": "Point", "coordinates": [ -91.133044850915297, 30.424652766912299 ] } },
{ "type": "Feature", "properties": { "ID": 54636, "LANDMARK_NAME": "APARTMENTS", "FULL_ADDRESS": "7312 TOWN SOUTH AVE", "CITY": "BATON ROUGE", "STATE": "LOUISIANA", "ZIP": 70808, "PHONE_NUMBER": null, "LATITUDE": 30.39155, "LONGITUDE": -91.11475 }, "geometry": { "type": "Point", "coordinates": [ -91.114751611845378, 30.391556832367414 ] } },
{ "type": "Feature", "properties": { "ID": 54831, "LANDMARK_NAME": "CYPRESS PARK APARTMENTS", "FULL_ADDRESS": "10328 CELTIC DR", "CITY": "BATON ROUGE", "STATE": "LOUISIANA", "ZIP": 70809, "PHONE_NUMBER": null, "LATITUDE": 30.41514, "LONGITUDE": -91.07488 }, "geometry": { "type": "Point", "coordinates": [ -91.074881484329197, 30.415141109216872 ] } },
{ "type": "Feature", "properties": { "ID": 54832, "LANDMARK_NAME": "CYPRESS PARK APARTMENTS", "FULL_ADDRESS": "10330 CELTIC DR", "CITY": "BATON ROUGE", "STATE": "LOUISIANA", "ZIP": 70809, "PHONE_NUMBER": null, "LATITUDE": 30.41508, "LONGITUDE": -91.07532 }, "geometry": { "type": "Point", "coordinates": [ -91.075323928653376, 30.415083264535873 ] } },
{ "type": "Feature", "properties": { "ID": 54833, "LANDMARK_NAME": "CYPRESS PARK APARTMENTS", "FULL_ADDRESS": "10332 CELTIC DR", "CITY": "BATON ROUGE", "STATE": "LOUISIANA", "ZIP": 70809, "PHONE_NUMBER": null, "LATITUDE": 30.41491, "LONGITUDE": -91.07559 }, "geometry": { "type": "Point", "coordinates": [ -91.075599297480807, 30.414918033767563 ] } },
{ "type": "Feature", "properties": { "ID": 54834, "LANDMARK_NAME": "CYPRESS PARK APARTMENTS", "FULL_ADDRESS": "10334 CELTIC DR", "CITY": "BATON ROUGE", "STATE": "LOUISIANA", "ZIP": 70809, "PHONE_NUMBER": null, "LATITUDE": 30.41481, "LONGITUDE": -91.07538 }, "geometry": { "type": "Point", "coordinates": [ -91.075384388596035, 30.414817462924777 ] } },
{ "type": "Feature", "properties": { "ID": 54835, "LANDMARK_NAME": "CYPRESS PARK APARTMENTS", "FULL_ADDRESS": "10336 CELTIC DR", "CITY": "BATON ROUGE", "STATE": "LOUISIANA", "ZIP": 70809, "PHONE_NUMBER": null, "LATITUDE": 30.41466, "LONGITUDE": -91.07611 }, "geometry": { "type": "Point", "coordinates": [ -91.076113974228875, 30.414663476983581 ] } },
{ "type": "Feature", "properties": { "ID": 54836, "LANDMARK_NAME": "CYPRESS PARK APARTMENTS", "FULL_ADDRESS": "10338 CELTIC DR", "CITY": "BATON ROUGE", "STATE": "LOUISIANA", "ZIP": 70809, "PHONE_NUMBER": null, "LATITUDE": 30.41449, "LONGITUDE": -91.07595 }, "geometry": { "type": "Point", "coordinates": [ -91.075955020124539, 30.41449740066016 ] } },
{ "type": "Feature", "properties": { "ID": 54837, "LANDMARK_NAME": "CYPRESS PARK APARTMENTS", "FULL_ADDRESS": "10340 CELTIC DR", "CITY": "BATON ROUGE", "STATE": "LOUISIANA", "ZIP": 70809, "PHONE_NUMBER": null, "LATITUDE": 30.41446, "LONGITUDE": -91.07645 }, "geometry": { "type": "Point", "coordinates": [ -91.076453183068125, 30.414463833934516 ] } },
{ "type": "Feature", "properties": { "ID": 54838, "LANDMARK_NAME": "CYPRESS PARK APARTMENTS", "FULL_ADDRESS": "10342 CELTIC DR", "CITY": "BATON ROUGE", "STATE": "LOUISIANA", "ZIP": 70809, "PHONE_NUMBER": null, "LATITUDE": 30.4142, "LONGITUDE": -91.07639 }, "geometry": { "type": "Point", "coordinates": [ -91.076398059567225, 30.414208168590456 ] } },
{ "type": "Feature", "properties": { "ID": 54839, "LANDMARK_NAME": "CYPRESS PARK APARTMENTS", "FULL_ADDRESS": "10344 CELTIC DR", "CITY": "BATON ROUGE", "STATE": "LOUISIANA", "ZIP": 70809, "PHONE_NUMBER": null, "LATITUDE": 30.4143, "LONGITUDE": -91.07675 }, "geometry": { "type": "Point", "coordinates": [ -91.076756422213279, 30.414305562178992 ] } },
{ "type": "Feature", "properties": { "ID": 54840, "LANDMARK_NAME": "CYPRESS PARK APARTMENTS", "FULL_ADDRESS": "10346 CELTIC DR", "CITY": "BATON ROUGE", "STATE": "LOUISIANA", "ZIP": 70809, "PHONE_NUMBER": null, "LATITUDE": 30.41417, "LONGITUDE": -91.07712 }, "geometry": { "type": "Point", "coordinates": [ -91.07712333419056, 30.414178494610415 ] } },
{ "type": "Feature", "properties": { "ID": 54841, "LANDMARK_NAME": "CYPRESS PARK APARTMENTS", "FULL_ADDRESS": "10348 CELTIC DR", "CITY": "BATON ROUGE", "STATE": "LOUISIANA", "ZIP": 70809, "PHONE_NUMBER": null, "LATITUDE": 30.41387, "LONGITUDE": -91.077 }, "geometry": { "type": "Point", "coordinates": [ -91.077008556423962, 30.413877817809038 ] } },
{ "type": "Feature", "properties": { "ID": 54842, "LANDMARK_NAME": "CYPRESS PARK APARTMENTS", "FULL_ADDRESS": "10350 CELTIC DR", "CITY": "BATON ROUGE", "STATE": "LOUISIANA", "ZIP": 70809, "PHONE_NUMBER": null, "LATITUDE": 30.41397, "LONGITUDE": -91.07744 }, "geometry": { "type": "Point", "coordinates": [ -91.077446600355444, 30.413978818096343 ] } },
{ "type": "Feature", "properties": { "ID": 54954, "LANDMARK_NAME": "THE VUE ON PARKER APARTMENTS", "FULL_ADDRESS": "300 W PARKER BLVD", "CITY": "BATON ROUGE", "STATE": "LOUISIANA", "ZIP": 70808, "PHONE_NUMBER": null, "LATITUDE": 30.40312, "LONGITUDE": -91.17557 }, "geometry": { "type": "Point", "coordinates": [ -91.175576015189591, 30.403126911815015 ] } },
{ "type": "Feature", "properties": { "ID": 55096, "LANDMARK_NAME": "DRAKES LANDING APARTMENTS", "FULL_ADDRESS": "801 N ARDENWOOD DR", "CITY": "BATON ROUGE", "STATE": "LOUISIANA", "ZIP": 70806, "PHONE_NUMBER": null, "LATITUDE": 30.45672, "LONGITUDE": -91.12838 }, "geometry": { "type": "Point", "coordinates": [ -91.128384521051458, 30.456725245645142 ] } },
{ "type": "Feature", "properties": { "ID": 55277, "LANDMARK_NAME": "TIMBERLAND APARTMENTS", "FULL_ADDRESS": "8228 INNOVATION PARK DR", "CITY": "BATON ROUGE", "STATE": "LOUISIANA", "ZIP": 70820, "PHONE_NUMBER": null, "LATITUDE": 30.35774, "LONGITUDE": -91.13333 }, "geometry": { "type": "Point", "coordinates": [ -91.133332221556842, 30.357747802196641 ] } },
{ "type": "Feature", "properties": { "ID": 55298, "LANDMARK_NAME": "LAKE CREST APARTMENTS", "FULL_ADDRESS": "2800 JULY ST", "CITY": "BATON ROUGE", "STATE": "LOUISIANA", "ZIP": 70808, "PHONE_NUMBER": null, "LATITUDE": 30.42071, "LONGITUDE": -91.17254 }, "geometry": { "type": "Point", "coordinates": [ -91.172545444996743, 30.420714697864657 ] } },
{ "type": "Feature", "properties": { "ID": 55396, "LANDMARK_NAME": "GASLITE IV APARTMENTS", "FULL_ADDRESS": "4606 Y.A. TITTLE AVE", "CITY": "BATON ROUGE", "STATE": "LOUISIANA", "ZIP": 70820, "PHONE_NUMBER": null, "LATITUDE": 30.39369, "LONGITUDE": -91.18234 }, "geometry": { "type": "Point", "coordinates": [ -91.182347793597557, 30.393694300542869 ] } },
{ "type": "Feature", "properties": { "ID": 55548, "LANDMARK_NAME": "APARTMENTS", "FULL_ADDRESS": "7651 BLES AVE", "CITY": "BATON ROUGE", "STATE": "LOUISIANA", "ZIP": 70810, "PHONE_NUMBER": null, "LATITUDE": 30.39263, "LONGITUDE": -91.1089 }, "geometry": { "type": "Point", "coordinates": [ -91.108905014027371, 30.392637673614498 ] } },
{ "type": "Feature", "properties": { "ID": 55565, "LANDMARK_NAME": "APARTMENTS", "FULL_ADDRESS": "7734 BLES AVE", "CITY": "BATON ROUGE", "STATE": "LOUISIANA", "ZIP": 70810, "PHONE_NUMBER": null, "LATITUDE": 30.39176, "LONGITUDE": -91.10867 }, "geometry": { "type": "Point", "coordinates": [ -91.108674669737283, 30.391761965118889 ] } },
{ "type": "Feature", "properties": { "ID": 55566, "LANDMARK_NAME": "APARTMENTS", "FULL_ADDRESS": "7713 BLES AVE", "CITY": "BATON ROUGE", "STATE": "LOUISIANA", "ZIP": 70810, "PHONE_NUMBER": null, "LATITUDE": 30.39253, "LONGITUDE": -91.10874 }, "geometry": { "type": "Point", "coordinates": [ -91.108748062745491, 30.392539062555848 ] } },
{ "type": "Feature", "properties": { "ID": 55577, "LANDMARK_NAME": "APARTMENTS", "FULL_ADDRESS": "7632 BLES AVE", "CITY": "BATON ROUGE", "STATE": "LOUISIANA", "ZIP": 70810, "PHONE_NUMBER": null, "LATITUDE": 30.39229, "LONGITUDE": -91.10959 }, "geometry": { "type": "Point", "coordinates": [ -91.109594074543182, 30.392292609081906 ] } },
{ "type": "Feature", "properties": { "ID": 55586, "LANDMARK_NAME": "BLUEBONNET RIDGE APARTMENTS", "FULL_ADDRESS": "10623 GLENSTONE CT", "CITY": "BATON ROUGE", "STATE": "LOUISIANA", "ZIP": 70810, "PHONE_NUMBER": null, "LATITUDE": 30.36661, "LONGITUDE": -91.10349 }, "geometry": { "type": "Point", "coordinates": [ -91.103496679578441, 30.366614121776912 ] } },
{ "type": "Feature", "properties": { "ID": 55600, "LANDMARK_NAME": "APARTMENTS", "FULL_ADDRESS": "7723 BLES AVE", "CITY": "BATON ROUGE", "STATE": "LOUISIANA", "ZIP": 70810, "PHONE_NUMBER": null, "LATITUDE": 30.39245, "LONGITUDE": -91.10858 }, "geometry": { "type": "Point", "coordinates": [ -91.108582505509972, 30.392455885936666 ] } },
{ "type": "Feature", "properties": { "ID": 55855, "LANDMARK_NAME": "APARTMENTS", "FULL_ADDRESS": "7816 BLES AVE", "CITY": "BATON ROUGE", "STATE": "LOUISIANA", "ZIP": 70810, "PHONE_NUMBER": null, "LATITUDE": 30.39166, "LONGITUDE": -91.1085 }, "geometry": { "type": "Point", "coordinates": [ -91.108501015294436, 30.391669465003101 ] } },
{ "type": "Feature", "properties": { "ID": 55868, "LANDMARK_NAME": "APARTMENTS", "FULL_ADDRESS": "7733 BLES AVE", "CITY": "BATON ROUGE", "STATE": "LOUISIANA", "ZIP": 70810, "PHONE_NUMBER": null, "LATITUDE": 30.39235, "LONGITUDE": -91.10843 }, "geometry": { "type": "Point", "coordinates": [ -91.108430928792529, 30.39235390168357 ] } },
{ "type": "Feature", "properties": { "ID": 56166, "LANDMARK_NAME": "APARTMENTS", "FULL_ADDRESS": "1362 BRIGHTSIDE DR", "CITY": "BATON ROUGE", "STATE": "LOUISIANA", "ZIP": 70820, "PHONE_NUMBER": null, "LATITUDE": 30.38823, "LONGITUDE": -91.17384 }, "geometry": { "type": "Point", "coordinates": [ -91.173847074377917, 30.38823701026914 ] } },
{ "type": "Feature", "properties": { "ID": 56295, "LANDMARK_NAME": "PARK PLACE BATON ROUGE APARTMENTS", "FULL_ADDRESS": "222 E BOYD DR", "CITY": "BATON ROUGE", "STATE": "LOUISIANA", "ZIP": 70808, "PHONE_NUMBER": null, "LATITUDE": 30.40275, "LONGITUDE": -91.17362 }, "geometry": { "type": "Point", "coordinates": [ -91.173626419108317, 30.402752833764925 ] } },
{ "type": "Feature", "properties": { "ID": 56428, "LANDMARK_NAME": "ELM GROVE GARDENS APARTMENTS", "FULL_ADDRESS": "8760 ELM GROVE GARDEN DR", "CITY": "BATON ROUGE", "STATE": "LOUISIANA", "ZIP": 70807, "PHONE_NUMBER": null, "LATITUDE": 30.52666, "LONGITUDE": -91.16834 }, "geometry": { "type": "Point", "coordinates": [ -91.16834255283193, 30.526666774790851 ] } },
{ "type": "Feature", "properties": { "ID": 56429, "LANDMARK_NAME": "ELM GROVE GARDENS APARTMENTS", "FULL_ADDRESS": "8764 ELM GROVE GARDEN DR", "CITY": "BATON ROUGE", "STATE": "LOUISIANA", "ZIP": 70807, "PHONE_NUMBER": null, "LATITUDE": 30.5267, "LONGITUDE": -91.16755 }, "geometry": { "type": "Point", "coordinates": [ -91.16755262472833, 30.526701776290206 ] } },
{ "type": "Feature", "properties": { "ID": 56430, "LANDMARK_NAME": "ELM GROVE GARDENS APARTMENTS", "FULL_ADDRESS": "8776 ELM GROVE GARDEN DR", "CITY": "BATON ROUGE", "STATE": "LOUISIANA", "ZIP": 70807, "PHONE_NUMBER": null, "LATITUDE": 30.52704, "LONGITUDE": -91.1676 }, "geometry": { "type": "Point", "coordinates": [ -91.167606610132353, 30.527048238557697 ] } },
{ "type": "Feature", "properties": { "ID": 56431, "LANDMARK_NAME": "ELM GROVE GARDENS APARTMENTS", "FULL_ADDRESS": "8780 ELM GROVE GARDEN DR", "CITY": "BATON ROUGE", "STATE": "LOUISIANA", "ZIP": 70807, "PHONE_NUMBER": null, "LATITUDE": 30.52737, "LONGITUDE": -91.16842 }, "geometry": { "type": "Point", "coordinates": [ -91.168421917450843, 30.52737765542506 ] } },
{ "type": "Feature", "properties": { "ID": 56432, "LANDMARK_NAME": "ELM GROVE GARDENS APARTMENTS", "FULL_ADDRESS": "8784 ELM GROVE GARDEN DR", "CITY": "BATON ROUGE", "STATE": "LOUISIANA", "ZIP": 70807, "PHONE_NUMBER": null, "LATITUDE": 30.52741, "LONGITUDE": -91.16764 }, "geometry": { "type": "Point", "coordinates": [ -91.16764237665349, 30.527412671302272 ] } },
{ "type": "Feature", "properties": { "ID": 56519, "LANDMARK_NAME": "HAWTHORNE APARTMENTS", "FULL_ADDRESS": "4250 JANET AVE", "CITY": "BATON ROUGE", "STATE": "LOUISIANA", "ZIP": 70808, "PHONE_NUMBER": null, "LATITUDE": 30.4019, "LONGITUDE": -91.17542 }, "geometry": { "type": "Point", "coordinates": [ -91.175421806215155, 30.401909306778947 ] } },
{ "type": "Feature", "properties": { "ID": 56581, "LANDMARK_NAME": "BRIGHTSIDE ESTATES APARTMENTS", "FULL_ADDRESS": "900 DEAN LEE DR", "CITY": "BATON ROUGE", "STATE": "LOUISIANA", "ZIP": 70820, "PHONE_NUMBER": null, "LATITUDE": 30.3861, "LONGITUDE": -91.17165 }, "geometry": { "type": "Point", "coordinates": [ -91.171658135942465, 30.386106694380207 ] } },
{ "type": "Feature", "properties": { "ID": 57134, "LANDMARK_NAME": "BLUEBONNET RIDGE APARTMENTS", "FULL_ADDRESS": "916 RIDGEPOINT CT", "CITY": "BATON ROUGE", "STATE": "LOUISIANA", "ZIP": 70810, "PHONE_NUMBER": null, "LATITUDE": 30.36745, "LONGITUDE": -91.10183 }, "geometry": { "type": "Point", "coordinates": [ -91.101840130934178, 30.367452277203032 ] } },
{ "type": "Feature", "properties": { "ID": 57416, "LANDMARK_NAME": "APARTMENTS", "FULL_ADDRESS": "7352 TOWN SOUTH AVE", "CITY": "BATON ROUGE", "STATE": "LOUISIANA", "ZIP": 70808, "PHONE_NUMBER": null, "LATITUDE": 30.39126, "LONGITUDE": -91.114 }, "geometry": { "type": "Point", "coordinates": [ -91.114009137951385, 30.39127003193083 ] } },
{ "type": "Feature", "properties": { "ID": 57490, "LANDMARK_NAME": "UNIVERSITY GARDENS APARTMENTS 3", "FULL_ADDRESS": "2750 ALASKA ST", "CITY": "BATON ROUGE", "STATE": "LOUISIANA", "ZIP": 70802, "PHONE_NUMBER": null, "LATITUDE": 30.42246, "LONGITUDE": -91.18474 }, "geometry": { "type": "Point", "coordinates": [ -91.184741000348325, 30.422468523031732 ] } },
{ "type": "Feature", "properties": { "ID": 57491, "LANDMARK_NAME": "UNIVERSITY GARDENS APARTMENTS 4", "FULL_ADDRESS": "2828 ALASKA ST", "CITY": "BATON ROUGE", "STATE": "LOUISIANA", "ZIP": 70802, "PHONE_NUMBER": null, "LATITUDE": 30.42218, "LONGITUDE": -91.18471 }, "geometry": { "type": "Point", "coordinates": [ -91.184718523252457, 30.42218392225141 ] } },
{ "type": "Feature", "properties": { "ID": 57503, "LANDMARK_NAME": "UNIVERSITY HOUSE APARTMENTS", "FULL_ADDRESS": "740 W CHIMES ST", "CITY": "BATON ROUGE", "STATE": "LOUISIANA", "ZIP": 70802, "PHONE_NUMBER": null, "LATITUDE": 30.41813, "LONGITUDE": -91.18475 }, "geometry": { "type": "Point", "coordinates": [ -91.184754378382223, 30.418137508281088 ] } },
{ "type": "Feature", "properties": { "ID": 57516, "LANDMARK_NAME": "TIGER MANOR APARTMENTS", "FULL_ADDRESS": "425 E STATE ST", "CITY": "BATON ROUGE", "STATE": "LOUISIANA", "ZIP": 70808, "PHONE_NUMBER": null, "LATITUDE": 30.42048, "LONGITUDE": -91.17444 }, "geometry": { "type": "Point", "coordinates": [ -91.174442578172304, 30.420486919664629 ] } },
{ "type": "Feature", "properties": { "ID": 57517, "LANDMARK_NAME": "TIGER MANOR APARTMENTS", "FULL_ADDRESS": "425 E STATE ST", "CITY": "BATON ROUGE", "STATE": "LOUISIANA", "ZIP": 70808, "PHONE_NUMBER": null, "LATITUDE": 30.42048, "LONGITUDE": -91.17444 }, "geometry": { "type": "Point", "coordinates": [ -91.174442578172304, 30.420486919664629 ] } },
{ "type": "Feature", "properties": { "ID": 57529, "LANDMARK_NAME": "GASLITE V APARTMENTS", "FULL_ADDRESS": "4636 TIGERLAND AVE", "CITY": "BATON ROUGE", "STATE": "LOUISIANA", "ZIP": 70820, "PHONE_NUMBER": null, "LATITUDE": 30.39333, "LONGITUDE": -91.18345 }, "geometry": { "type": "Point", "coordinates": [ -91.183459675205441, 30.393333681486183 ] } },
{ "type": "Feature", "properties": { "ID": 57530, "LANDMARK_NAME": "SANDPIPPER APARTMENTS 1", "FULL_ADDRESS": "4708 TIGERLAND AVE", "CITY": "BATON ROUGE", "STATE": "LOUISIANA", "ZIP": 70820, "PHONE_NUMBER": null, "LATITUDE": 30.39295, "LONGITUDE": -91.18338 }, "geometry": { "type": "Point", "coordinates": [ -91.183388246079843, 30.392955442248294 ] } },
{ "type": "Feature", "properties": { "ID": 57532, "LANDMARK_NAME": "APARTMENTS", "FULL_ADDRESS": "604 W ROOSEVELT ST", "CITY": "BATON ROUGE", "STATE": "LOUISIANA", "ZIP": 70802, "PHONE_NUMBER": null, "LATITUDE": 30.42187, "LONGITUDE": -91.18342 }, "geometry": { "type": "Point", "coordinates": [ -91.183426352701375, 30.42187370488983 ] } },
{ "type": "Feature", "properties": { "ID": 57708, "LANDMARK_NAME": "GRADUATE APARTMENTS", "FULL_ADDRESS": "1222 BOB PETTIT BLVD", "CITY": "BATON ROUGE", "STATE": "LOUISIANA", "ZIP": 70820, "PHONE_NUMBER": null, "LATITUDE": 30.39623, "LONGITUDE": -91.18088 }, "geometry": { "type": "Point", "coordinates": [ -91.180889831691928, 30.396233475125896 ] } },
{ "type": "Feature", "properties": { "ID": 57712, "LANDMARK_NAME": "APARTMENTS", "FULL_ADDRESS": "360 W GARFIELD ST", "CITY": "BATON ROUGE", "STATE": "LOUISIANA", "ZIP": 70802, "PHONE_NUMBER": null, "LATITUDE": 30.42264, "LONGITUDE": -91.18094 }, "geometry": { "type": "Point", "coordinates": [ -91.18094463802602, 30.422641416812265 ] } },
{ "type": "Feature", "properties": { "ID": 58170, "LANDMARK_NAME": "COLLEGE TOWN APARTMENTS", "FULL_ADDRESS": "464 E BOYD DR", "CITY": "BATON ROUGE", "STATE": "LOUISIANA", "ZIP": 70808, "PHONE_NUMBER": null, "LATITUDE": 30.40118, "LONGITUDE": -91.17528 }, "geometry": { "type": "Point", "coordinates": [ -91.175284478096614, 30.401187836214621 ] } },
{ "type": "Feature", "properties": { "ID": 58219, "LANDMARK_NAME": "SOUTHGATE APARTMENTS 2", "FULL_ADDRESS": "4142 JANET AVE", "CITY": "BATON ROUGE", "STATE": "LOUISIANA", "ZIP": 70808, "PHONE_NUMBER": null, "LATITUDE": 30.40311, "LONGITUDE": -91.1769 }, "geometry": { "type": "Point", "coordinates": [ -91.176902532765098, 30.40311174809657 ] } },
{ "type": "Feature", "properties": { "ID": 58283, "LANDMARK_NAME": "CHATEAU DU COURS APARTMENTS", "FULL_ADDRESS": "4728 Y.A. TITTLE AVE", "CITY": "BATON ROUGE", "STATE": "LOUISIANA", "ZIP": 70820, "PHONE_NUMBER": null, "LATITUDE": 30.39271, "LONGITUDE": -91.18231 }, "geometry": { "type": "Point", "coordinates": [ -91.182314524316524, 30.392711510852291 ] } },
{ "type": "Feature", "properties": { "ID": 58297, "LANDMARK_NAME": "BLUEBONNET RIDGE APARTMENTS", "FULL_ADDRESS": "10634 GLENSTONE CT", "CITY": "BATON ROUGE", "STATE": "LOUISIANA", "ZIP": 70810, "PHONE_NUMBER": null, "LATITUDE": 30.36573, "LONGITUDE": -91.1034 }, "geometry": { "type": "Point", "coordinates": [ -91.103402460810983, 30.36573930114163 ] } },
{ "type": "Feature", "properties": { "ID": 58305, "LANDMARK_NAME": "APARTMENTS", "FULL_ADDRESS": "10534 N OAK HILLS PKWY", "CITY": "BATON ROUGE", "STATE": "LOUISIANA", "ZIP": 70810, "PHONE_NUMBER": null, "LATITUDE": 30.36959, "LONGITUDE": -91.10332 }, "geometry": { "type": "Point", "coordinates": [ -91.103330142913165, 30.369591633348229 ] } },
{ "type": "Feature", "properties": { "ID": 58411, "LANDMARK_NAME": "VILLAGE 12 APARTMENTS", "FULL_ADDRESS": "4262 JANET AVE", "CITY": "BATON ROUGE", "STATE": "LOUISIANA", "ZIP": 70808, "PHONE_NUMBER": null, "LATITUDE": 30.40162, "LONGITUDE": -91.17521 }, "geometry": { "type": "Point", "coordinates": [ -91.175217683305036, 30.401627630296794 ] } },
{ "type": "Feature", "properties": { "ID": 58493, "LANDMARK_NAME": "UNIVERSITY GARDENS APARTMENTS 1", "FULL_ADDRESS": "2640 ALASKA ST", "CITY": "BATON ROUGE", "STATE": "LOUISIANA", "ZIP": 70802, "PHONE_NUMBER": null, "LATITUDE": 30.42316, "LONGITUDE": -91.18477 }, "geometry": { "type": "Point", "coordinates": [ -91.184779527763766, 30.423166147184173 ] } },
{ "type": "Feature", "properties": { "ID": 58662, "LANDMARK_NAME": "HUBBS APARTMENTS ", "FULL_ADDRESS": "5116 HIGHLAND RD", "CITY": "BATON ROUGE", "STATE": "LOUISIANA", "ZIP": 70808, "PHONE_NUMBER": null, "LATITUDE": 30.39608, "LONGITUDE": -91.16356 }, "geometry": { "type": "Point", "coordinates": [ -91.163569935898835, 30.396090420384084 ] } },
{ "type": "Feature", "properties": { "ID": 58663, "LANDMARK_NAME": "HUBBS APARTMENTS ", "FULL_ADDRESS": "5116 HIGHLAND RD", "CITY": "BATON ROUGE", "STATE": "LOUISIANA", "ZIP": 70808, "PHONE_NUMBER": null, "LATITUDE": 30.39608, "LONGITUDE": -91.16356 }, "geometry": { "type": "Point", "coordinates": [ -91.163569935898835, 30.396090420384084 ] } },
{ "type": "Feature", "properties": { "ID": 58664, "LANDMARK_NAME": "HUBBS APARTMENTS ", "FULL_ADDRESS": "5116 HIGHLAND RD", "CITY": "BATON ROUGE", "STATE": "LOUISIANA", "ZIP": 70808, "PHONE_NUMBER": null, "LATITUDE": 30.39608, "LONGITUDE": -91.16356 }, "geometry": { "type": "Point", "coordinates": [ -91.163569935898835, 30.396090420384084 ] } },
{ "type": "Feature", "properties": { "ID": 58665, "LANDMARK_NAME": "HUBBS APARTMENTS ", "FULL_ADDRESS": "5116 HIGHLAND RD", "CITY": "BATON ROUGE", "STATE": "LOUISIANA", "ZIP": 70808, "PHONE_NUMBER": null, "LATITUDE": 30.39608, "LONGITUDE": -91.16356 }, "geometry": { "type": "Point", "coordinates": [ -91.163569935898835, 30.396090420384084 ] } },
{ "type": "Feature", "properties": { "ID": 58680, "LANDMARK_NAME": "THE HUB APARTMENTS", "FULL_ADDRESS": "5115 HIGHLAND RD", "CITY": "BATON ROUGE", "STATE": "LOUISIANA", "ZIP": 70808, "PHONE_NUMBER": null, "LATITUDE": 30.39685, "LONGITUDE": -91.16313 }, "geometry": { "type": "Point", "coordinates": [ -91.163133508552363, 30.396858986636833 ] } },
{ "type": "Feature", "properties": { "ID": 58770, "LANDMARK_NAME": "KENILWORTH RIDGE APARTMENTS", "FULL_ADDRESS": "992 S KENILWORTH PKWY", "CITY": "BATON ROUGE", "STATE": "LOUISIANA", "ZIP": 70820, "PHONE_NUMBER": null, "LATITUDE": 30.37351, "LONGITUDE": -91.14514 }, "geometry": { "type": "Point", "coordinates": [ -91.14514751966027, 30.373512417786671 ] } },
{ "type": "Feature", "properties": { "ID": 58873, "LANDMARK_NAME": "APARTMENTS", "FULL_ADDRESS": "7847 BLES AVE", "CITY": "BATON ROUGE", "STATE": "LOUISIANA", "ZIP": 70810, "PHONE_NUMBER": null, "LATITUDE": 30.39191, "LONGITUDE": -91.10761 }, "geometry": { "type": "Point", "coordinates": [ -91.10761935308831, 30.391914748286375 ] } },
{ "type": "Feature", "properties": { "ID": 58879, "LANDMARK_NAME": "APARTMENTS", "FULL_ADDRESS": "7942 BLES AVE", "CITY": "BATON ROUGE", "STATE": "LOUISIANA", "ZIP": 70810, "PHONE_NUMBER": null, "LATITUDE": 30.39105, "LONGITUDE": -91.10742 }, "geometry": { "type": "Point", "coordinates": [ -91.107427109395928, 30.391057608945015 ] } },
{ "type": "Feature", "properties": { "ID": 59126, "LANDMARK_NAME": "COBBLESTONE AT ESSEN APARTMENTS", "FULL_ADDRESS": "5421 ESSEN LN", "CITY": "BATON ROUGE", "STATE": "LOUISIANA", "ZIP": 70809, "PHONE_NUMBER": null, "LATITUDE": 30.39912, "LONGITUDE": -91.10658 }, "geometry": { "type": "Point", "coordinates": [ -91.106587074524157, 30.399126064246246 ] } },
{ "type": "Feature", "properties": { "ID": 59127, "LANDMARK_NAME": "COBBLESTONE AT ESSEN APARTMENTS", "FULL_ADDRESS": "5421 ESSEN LN", "CITY": "BATON ROUGE", "STATE": "LOUISIANA", "ZIP": 70809, "PHONE_NUMBER": null, "LATITUDE": 30.39912, "LONGITUDE": -91.10658 }, "geometry": { "type": "Point", "coordinates": [ -91.106587074524157, 30.399126064246246 ] } },
{ "type": "Feature", "properties": { "ID": 59128, "LANDMARK_NAME": "COBBLESTONE AT ESSEN APARTMENTS", "FULL_ADDRESS": "5421 ESSEN LN", "CITY": "BATON ROUGE", "STATE": "LOUISIANA", "ZIP": 70809, "PHONE_NUMBER": null, "LATITUDE": 30.39912, "LONGITUDE": -91.10658 }, "geometry": { "type": "Point", "coordinates": [ -91.106587074524157, 30.399126064246246 ] } },
{ "type": "Feature", "properties": { "ID": 59129, "LANDMARK_NAME": "COBBLESTONE AT ESSEN APARTMENTS", "FULL_ADDRESS": "5421 ESSEN LN", "CITY": "BATON ROUGE", "STATE": "LOUISIANA", "ZIP": 70809, "PHONE_NUMBER": null, "LATITUDE": 30.39912, "LONGITUDE": -91.10658 }, "geometry": { "type": "Point", "coordinates": [ -91.106587074524157, 30.399126064246246 ] } },
{ "type": "Feature", "properties": { "ID": 59149, "LANDMARK_NAME": "APARTMENTS", "FULL_ADDRESS": "7332 TOWN SOUTH AVE", "CITY": "BATON ROUGE", "STATE": "LOUISIANA", "ZIP": 70808, "PHONE_NUMBER": null, "LATITUDE": 30.39139, "LONGITUDE": -91.11429 }, "geometry": { "type": "Point", "coordinates": [ -91.114299392939117, 30.39139119358811 ] } },
{ "type": "Feature", "properties": { "ID": 59604, "LANDMARK_NAME": "DUANE STREET APARTMENTS", "FULL_ADDRESS": "1701 DUANE ST", "CITY": "BATON ROUGE", "STATE": "LOUISIANA", "ZIP": 70802, "PHONE_NUMBER": null, "LATITUDE": 30.43082, "LONGITUDE": -91.18579 }, "geometry": { "type": "Point", "coordinates": [ -91.185791664023881, 30.430822391777781 ] } },
{ "type": "Feature", "properties": { "ID": 59698, "LANDMARK_NAME": "THREE THIRTY THREE FLATS AT EAST BOYD APARTMENTS", "FULL_ADDRESS": "255 E BOYD DR", "CITY": "BATON ROUGE", "STATE": "LOUISIANA", "ZIP": 70808, "PHONE_NUMBER": null, "LATITUDE": 30.40217, "LONGITUDE": -91.17332 }, "geometry": { "type": "Point", "coordinates": [ -91.173330203523037, 30.402177704892694 ] } },
{ "type": "Feature", "properties": { "ID": 59709, "LANDMARK_NAME": "TIGER MANOR APARTMENTS", "FULL_ADDRESS": "423 E STATE ST", "CITY": "BATON ROUGE", "STATE": "LOUISIANA", "ZIP": 70808, "PHONE_NUMBER": null, "LATITUDE": 30.41988, "LONGITUDE": -91.17407 }, "geometry": { "type": "Point", "coordinates": [ -91.174079665408058, 30.419889392179645 ] } },
{ "type": "Feature", "properties": { "ID": 59932, "LANDMARK_NAME": "THE VILLAGES OF AMERICANA APARTMENTS", "FULL_ADDRESS": "1185 AMERICANA BLVD", "CITY": "ZACHARY", "STATE": "LOUISIANA", "ZIP": 70791, "PHONE_NUMBER": null, "LATITUDE": 30.651, "LONGITUDE": -91.21237 }, "geometry": { "type": "Point", "coordinates": [ -91.212374573337712, 30.651001313487559 ] } },
{ "type": "Feature", "properties": { "ID": 59968, "LANDMARK_NAME": "LAKEVIEW PROPERTIES APARTMENTS", "FULL_ADDRESS": "635 E STATE ST", "CITY": "BATON ROUGE", "STATE": "LOUISIANA", "ZIP": 70802, "PHONE_NUMBER": null, "LATITUDE": 30.42001, "LONGITUDE": -91.17192 }, "geometry": { "type": "Point", "coordinates": [ -91.171929358194404, 30.420019201030993 ] } },
{ "type": "Feature", "properties": { "ID": 60149, "LANDMARK_NAME": "APARTMENTS", "FULL_ADDRESS": "7324 MENLO DR", "CITY": "BATON ROUGE", "STATE": "LOUISIANA", "ZIP": 70808, "PHONE_NUMBER": null, "LATITUDE": 30.38031, "LONGITUDE": -91.13754 }, "geometry": { "type": "Point", "coordinates": [ -91.137546118211944, 30.380317230087666 ] } },
{ "type": "Feature", "properties": { "ID": 60157, "LANDMARK_NAME": "APARTMENTS", "FULL_ADDRESS": "7342 TOWN SOUTH AVE", "CITY": "BATON ROUGE", "STATE": "LOUISIANA", "ZIP": 70808, "PHONE_NUMBER": null, "LATITUDE": 30.39133, "LONGITUDE": -91.11415 }, "geometry": { "type": "Point", "coordinates": [ -91.114152907283355, 30.391331373759336 ] } },
{ "type": "Feature", "properties": { "ID": 60387, "LANDMARK_NAME": "BRISTOL PLACE APARTMENTS", "FULL_ADDRESS": "5960 SIEGEN LN", "CITY": "BATON ROUGE", "STATE": "LOUISIANA", "ZIP": 70809, "PHONE_NUMBER": null, "LATITUDE": 30.39596, "LONGITUDE": -91.05991 }, "geometry": { "type": "Point", "coordinates": [ -91.059920079137001, 30.39597000060219 ] } },
{ "type": "Feature", "properties": { "ID": 60442, "LANDMARK_NAME": "TIGER MANOR APARTMENTS", "FULL_ADDRESS": "417 E STATE ST", "CITY": "BATON ROUGE", "STATE": "LOUISIANA", "ZIP": 70802, "PHONE_NUMBER": null, "LATITUDE": 30.41939, "LONGITUDE": -91.17346 }, "geometry": { "type": "Point", "coordinates": [ -91.173470098146154, 30.419390499216295 ] } },
{ "type": "Feature", "properties": { "ID": 60539, "LANDMARK_NAME": "HIGHLAND PLANTATION APARTMENTS", "FULL_ADDRESS": "5151 HIGHLAND RD", "CITY": "BATON ROUGE", "STATE": "LOUISIANA", "ZIP": 70808, "PHONE_NUMBER": null, "LATITUDE": 30.39641, "LONGITUDE": -91.16185 }, "geometry": { "type": "Point", "coordinates": [ -91.161852405859804, 30.396418758922199 ] } },
{ "type": "Feature", "properties": { "ID": 60597, "LANDMARK_NAME": "APARTMENTS", "FULL_ADDRESS": "6108 N FOSTER DR", "CITY": "BATON ROUGE", "STATE": "LOUISIANA", "ZIP": 70805, "PHONE_NUMBER": null, "LATITUDE": 30.50543, "LONGITUDE": -91.14073 }, "geometry": { "type": "Point", "coordinates": [ -91.140737574920195, 30.505435427662281 ] } },
{ "type": "Feature", "properties": { "ID": 60598, "LANDMARK_NAME": "APARTMENTS", "FULL_ADDRESS": "6112 N FOSTER DR", "CITY": "BATON ROUGE", "STATE": "LOUISIANA", "ZIP": 70805, "PHONE_NUMBER": null, "LATITUDE": 30.5056, "LONGITUDE": -91.14075 }, "geometry": { "type": "Point", "coordinates": [ -91.140752017917023, 30.505607272027586 ] } },
{ "type": "Feature", "properties": { "ID": 60599, "LANDMARK_NAME": "APARTMENTS", "FULL_ADDRESS": "6116 N FOSTER DR", "CITY": "BATON ROUGE", "STATE": "LOUISIANA", "ZIP": 70805, "PHONE_NUMBER": null, "LATITUDE": 30.50576, "LONGITUDE": -91.14075 }, "geometry": { "type": "Point", "coordinates": [ -91.140760164529084, 30.505760827796326 ] } },
{ "type": "Feature", "properties": { "ID": 60615, "LANDMARK_NAME": "UNIVERSITY GARDENS APARTMENTS 2", "FULL_ADDRESS": "2720 ALASKA ST", "CITY": "BATON ROUGE", "STATE": "LOUISIANA", "ZIP": 70802, "PHONE_NUMBER": null, "LATITUDE": 30.42273, "LONGITUDE": -91.18461 }, "geometry": { "type": "Point", "coordinates": [ -91.184618515523056, 30.422731664386575 ] } },
{ "type": "Feature", "properties": { "ID": 60799, "LANDMARK_NAME": "APARTMENTS", "FULL_ADDRESS": "6120 N FOSTER DR", "CITY": "BATON ROUGE", "STATE": "LOUISIANA", "ZIP": 70805, "PHONE_NUMBER": null, "LATITUDE": 30.50576, "LONGITUDE": -91.14104 }, "geometry": { "type": "Point", "coordinates": [ -91.141049372866931, 30.5057612483334 ] } },
{ "type": "Feature", "properties": { "ID": 60896, "LANDMARK_NAME": "APARTMENTS", "FULL_ADDRESS": "852 W ROOSEVELT ST", "CITY": "BATON ROUGE", "STATE": "LOUISIANA", "ZIP": 70802, "PHONE_NUMBER": null, "LATITUDE": 30.42181, "LONGITUDE": -91.18664 }, "geometry": { "type": "Point", "coordinates": [ -91.186642907184932, 30.42181863011653 ] } },
{ "type": "Feature", "properties": { "ID": 60995, "LANDMARK_NAME": "APARTMENTS", "FULL_ADDRESS": "1809 MAY ST", "CITY": "BATON ROUGE", "STATE": "LOUISIANA", "ZIP": 70808, "PHONE_NUMBER": null, "LATITUDE": 30.42305, "LONGITUDE": -91.16972 }, "geometry": { "type": "Point", "coordinates": [ -91.169730325350358, 30.423055074571117 ] } },
{ "type": "Feature", "properties": { "ID": 61104, "LANDMARK_NAME": "COVENTRY TERRACE APARTMENTS", "FULL_ADDRESS": "431 E STATE ST", "CITY": "BATON ROUGE", "STATE": "LOUISIANA", "ZIP": 70808, "PHONE_NUMBER": null, "LATITUDE": 30.42061, "LONGITUDE": -91.1734 }, "geometry": { "type": "Point", "coordinates": [ -91.173404278976619, 30.420620248256903 ] } },
{ "type": "Feature", "properties": { "ID": 61339, "LANDMARK_NAME": "APARTMENTS", "FULL_ADDRESS": "1733 STARBOARD DR", "CITY": "BATON ROUGE", "STATE": "LOUISIANA", "ZIP": 70820, "PHONE_NUMBER": null, "LATITUDE": 30.35582, "LONGITUDE": -91.13196 }, "geometry": { "type": "Point", "coordinates": [ -91.131968021808873, 30.355828141463284 ] } },
{ "type": "Feature", "properties": { "ID": 61344, "LANDMARK_NAME": "APARTMENTS", "FULL_ADDRESS": "1753 STARBOARD DR", "CITY": "BATON ROUGE", "STATE": "LOUISIANA", "ZIP": 70820, "PHONE_NUMBER": null, "LATITUDE": 30.35556, "LONGITUDE": -91.13213 }, "geometry": { "type": "Point", "coordinates": [ -91.132133145546163, 30.355561359846721 ] } },
{ "type": "Feature", "properties": { "ID": 61392, "LANDMARK_NAME": "CAMBRIDGE APARTMENTS", "FULL_ADDRESS": "4521 Y.A. TITTLE AVE", "CITY": "BATON ROUGE", "STATE": "LOUISIANA", "ZIP": 70820, "PHONE_NUMBER": null, "LATITUDE": 30.3943, "LONGITUDE": -91.18128 }, "geometry": { "type": "Point", "coordinates": [ -91.181285853666608, 30.39430127234181 ] } },
{ "type": "Feature", "properties": { "ID": 61474, "LANDMARK_NAME": "RIVER ROAD APARTMENTS", "FULL_ADDRESS": "1350 BOB PETTIT BLVD", "CITY": "BATON ROUGE", "STATE": "LOUISIANA", "ZIP": 70820, "PHONE_NUMBER": null, "LATITUDE": 30.39572, "LONGITUDE": -91.18245 }, "geometry": { "type": "Point", "coordinates": [ -91.182455780368954, 30.39572340033925 ] } },
{ "type": "Feature", "properties": { "ID": 61679, "LANDMARK_NAME": "JOEL APARTMENTS", "FULL_ADDRESS": "4639 TIGERLAND AVE", "CITY": "BATON ROUGE", "STATE": "LOUISIANA", "ZIP": 70820, "PHONE_NUMBER": null, "LATITUDE": 30.39319, "LONGITUDE": -91.18252 }, "geometry": { "type": "Point", "coordinates": [ -91.182530149754484, 30.393191914029185 ] } },
{ "type": "Feature", "properties": { "ID": 61681, "LANDMARK_NAME": "HIDEAWAY APARTMENTS", "FULL_ADDRESS": "1353 JIM TAYLOR DR", "CITY": "BATON ROUGE", "STATE": "LOUISIANA", "ZIP": 70820, "PHONE_NUMBER": null, "LATITUDE": 30.39167, "LONGITUDE": -91.18256 }, "geometry": { "type": "Point", "coordinates": [ -91.182569965369169, 30.391674419742778 ] } },
{ "type": "Feature", "properties": { "ID": 61727, "LANDMARK_NAME": "ROOSE APARTMENTS 2", "FULL_ADDRESS": "266 W ROOSEVELT ST", "CITY": "BATON ROUGE", "STATE": "LOUISIANA", "ZIP": 70802, "PHONE_NUMBER": null, "LATITUDE": 30.422, "LONGITUDE": -91.18025 }, "geometry": { "type": "Point", "coordinates": [ -91.180253767201222, 30.422006489564733 ] } },
{ "type": "Feature", "properties": { "ID": 61850, "LANDMARK_NAME": "VILLA FRANCHE APARTMENTS 2", "FULL_ADDRESS": "1306 BOB PETTIT BLVD", "CITY": "BATON ROUGE", "STATE": "LOUISIANA", "ZIP": 70820, "PHONE_NUMBER": null, "LATITUDE": 30.39566, "LONGITUDE": -91.18182 }, "geometry": { "type": "Point", "coordinates": [ -91.181822346971373, 30.395660942930604 ] } },
{ "type": "Feature", "properties": { "ID": 61876, "LANDMARK_NAME": "VILLA FRANCHE APARTMENTS 1", "FULL_ADDRESS": "1302 BOB PETTIT BLVD", "CITY": "BATON ROUGE", "STATE": "LOUISIANA", "ZIP": 70820, "PHONE_NUMBER": null, "LATITUDE": 30.3958, "LONGITUDE": -91.18138 }, "geometry": { "type": "Point", "coordinates": [ -91.181388401568483, 30.395804025435318 ] } },
{ "type": "Feature", "properties": { "ID": 61880, "LANDMARK_NAME": "SHARLO TERRACE APARTMENTS 2", "FULL_ADDRESS": "1808 BRIGHTSIDE DR", "CITY": "BATON ROUGE", "STATE": "LOUISIANA", "ZIP": 70820, "PHONE_NUMBER": null, "LATITUDE": 30.38857, "LONGITUDE": -91.17888 }, "geometry": { "type": "Point", "coordinates": [ -91.178885168678406, 30.388571678592452 ] } },
{ "type": "Feature", "properties": { "ID": 62026, "LANDMARK_NAME": "APARTMENTS", "FULL_ADDRESS": "261 E STATE ST", "CITY": "BATON ROUGE", "STATE": "LOUISIANA", "ZIP": 70802, "PHONE_NUMBER": null, "LATITUDE": 30.41892, "LONGITUDE": -91.17473 }, "geometry": { "type": "Point", "coordinates": [ -91.174740554111466, 30.41892319233196 ] } },
{ "type": "Feature", "properties": { "ID": 62125, "LANDMARK_NAME": "WEST CHIMES PLACE 6 APARTMENTS", "FULL_ADDRESS": "1220 W CHIMES ST", "CITY": "BATON ROUGE", "STATE": "LOUISIANA", "ZIP": 70802, "PHONE_NUMBER": null, "LATITUDE": 30.41878, "LONGITUDE": -91.19019 }, "geometry": { "type": "Point", "coordinates": [ -91.190198119232079, 30.418782935163833 ] } },
{ "type": "Feature", "properties": { "ID": 62217, "LANDMARK_NAME": "THE ARTS APARTMENTS AT JEFFERSON HEIGHTS", "FULL_ADDRESS": "8939 JEFFERSON HWY", "CITY": "BATON ROUGE", "STATE": "LOUISIANA", "ZIP": 70809, "PHONE_NUMBER": null, "LATITUDE": 30.41745, "LONGITUDE": -91.08716 }, "geometry": { "type": "Point", "coordinates": [ -91.087164744651218, 30.417456383586085 ] } },
{ "type": "Feature", "properties": { "ID": 62534, "LANDMARK_NAME": "HEIDI APARTMENTS", "FULL_ADDRESS": "3262 WYOMING ST", "CITY": "BATON ROUGE", "STATE": "LOUISIANA", "ZIP": 70802, "PHONE_NUMBER": null, "LATITUDE": 30.41912, "LONGITUDE": -91.18882 }, "geometry": { "type": "Point", "coordinates": [ -91.188826924221999, 30.419130283120328 ] } },
{ "type": "Feature", "properties": { "ID": 62542, "LANDMARK_NAME": "GASLITE VI APARTMENTS", "FULL_ADDRESS": "4642 TIGERLAND AVE", "CITY": "BATON ROUGE", "STATE": "LOUISIANA", "ZIP": 70820, "PHONE_NUMBER": null, "LATITUDE": 30.39306, "LONGITUDE": -91.18349 }, "geometry": { "type": "Point", "coordinates": [ -91.183493322306688, 30.393065763778406 ] } },
{ "type": "Feature", "properties": { "ID": 62552, "LANDMARK_NAME": "TIGERPARK APARTMENTS", "FULL_ADDRESS": "1330 JIM TAYLOR DR", "CITY": "BATON ROUGE", "STATE": "LOUISIANA", "ZIP": 70820, "PHONE_NUMBER": null, "LATITUDE": 30.3922, "LONGITUDE": -91.18273 }, "geometry": { "type": "Point", "coordinates": [ -91.182739819663752, 30.392205572775261 ] } },
{ "type": "Feature", "properties": { "ID": 62747, "LANDMARK_NAME": "TIGER PARK APARTMENTS", "FULL_ADDRESS": "4545 EARL GROS AVE", "CITY": "BATON ROUGE", "STATE": "LOUISIANA", "ZIP": 70820, "PHONE_NUMBER": null, "LATITUDE": 30.39352, "LONGITUDE": -91.17917 }, "geometry": { "type": "Point", "coordinates": [ -91.17917780913298, 30.39352393754859 ] } },
{ "type": "Feature", "properties": { "ID": 62758, "LANDMARK_NAME": "BLOX AT BRIGHTSIDE APARTMENTS", "FULL_ADDRESS": "1855 BRIGHTSIDE DR", "CITY": "BATON ROUGE", "STATE": "LOUISIANA", "ZIP": 70820, "PHONE_NUMBER": null, "LATITUDE": 30.38704, "LONGITUDE": -91.17904 }, "geometry": { "type": "Point", "coordinates": [ -91.179050195483214, 30.387046164798853 ] } },
{ "type": "Feature", "properties": { "ID": 62813, "LANDMARK_NAME": "BRIGHTSIDE MANOR APARTMENTS", "FULL_ADDRESS": "1706 BRIGHTSIDE DR", "CITY": "BATON ROUGE", "STATE": "LOUISIANA", "ZIP": 70820, "PHONE_NUMBER": null, "LATITUDE": 30.38812, "LONGITUDE": -91.17757 }, "geometry": { "type": "Point", "coordinates": [ -91.177571724595026, 30.38813018148517 ] } },
{ "type": "Feature", "properties": { "ID": 62823, "LANDMARK_NAME": "BRIGHTSIDE MANOR APARTMENTS", "FULL_ADDRESS": "1708 BRIGHTSIDE DR", "CITY": "BATON ROUGE", "STATE": "LOUISIANA", "ZIP": 70820, "PHONE_NUMBER": null, "LATITUDE": 30.38835, "LONGITUDE": -91.17754 }, "geometry": { "type": "Point", "coordinates": [ -91.177540979954671, 30.388352248941978 ] } },
{ "type": "Feature", "properties": { "ID": 62826, "LANDMARK_NAME": "EMBASSY COURTS APARTMENTS", "FULL_ADDRESS": "4076 GOURRIER AVE", "CITY": "BATON ROUGE", "STATE": "LOUISIANA", "ZIP": 70808, "PHONE_NUMBER": null, "LATITUDE": 30.4033, "LONGITUDE": -91.1775 }, "geometry": { "type": "Point", "coordinates": [ -91.177504386697592, 30.403306946914554 ] } },
{ "type": "Feature", "properties": { "ID": 62989, "LANDMARK_NAME": "STADIUM SQUARE APARTMENTS", "FULL_ADDRESS": "4723 EARL GROS AVE", "CITY": "BATON ROUGE", "STATE": "LOUISIANA", "ZIP": 70820, "PHONE_NUMBER": null, "LATITUDE": 30.39203, "LONGITUDE": -91.17947 }, "geometry": { "type": "Point", "coordinates": [ -91.179480848678139, 30.392037805553759 ] } },
{ "type": "Feature", "properties": { "ID": 63023, "LANDMARK_NAME": "RIVERVIEW APARTMENTS", "FULL_ADDRESS": "1444 JIM TAYLOR DR", "CITY": "BATON ROUGE", "STATE": "LOUISIANA", "ZIP": 70820, "PHONE_NUMBER": null, "LATITUDE": 30.39225, "LONGITUDE": -91.18366 }, "geometry": { "type": "Point", "coordinates": [ -91.183663187958643, 30.392253696378472 ] } },
{ "type": "Feature", "properties": { "ID": 63025, "LANDMARK_NAME": "BROOKSIDE APARTMENTS", "FULL_ADDRESS": "2121 HIGHLAND RD", "CITY": "BATON ROUGE", "STATE": "LOUISIANA", "ZIP": 70802, "PHONE_NUMBER": null, "LATITUDE": 30.42815, "LONGITUDE": -91.18084 }, "geometry": { "type": "Point", "coordinates": [ -91.180844032531255, 30.428151036423177 ] } },
{ "type": "Feature", "properties": { "ID": 63031, "LANDMARK_NAME": "SHARLO TERRACE APARTMENTS 1", "FULL_ADDRESS": "4915 ALVIN DARK AVE", "CITY": "BATON ROUGE", "STATE": "LOUISIANA", "ZIP": 70820, "PHONE_NUMBER": null, "LATITUDE": 30.39017, "LONGITUDE": -91.1795 }, "geometry": { "type": "Point", "coordinates": [ -91.179504876600006, 30.39017457313355 ] } },
{ "type": "Feature", "properties": { "ID": 63060, "LANDMARK_NAME": "APARTMENTS", "FULL_ADDRESS": "3235 WYOMING ST", "CITY": "BATON ROUGE", "STATE": "LOUISIANA", "ZIP": 70802, "PHONE_NUMBER": null, "LATITUDE": 30.41939, "LONGITUDE": -91.18822 }, "geometry": { "type": "Point", "coordinates": [ -91.188221158411153, 30.419394433405603 ] } },
{ "type": "Feature", "properties": { "ID": 63062, "LANDMARK_NAME": "WEST CHIMES PLACE APARTMENTS", "FULL_ADDRESS": "3222 NICHOLSON DR", "CITY": "BATON ROUGE", "STATE": "LOUISIANA", "ZIP": 70802, "PHONE_NUMBER": null, "LATITUDE": 30.41941, "LONGITUDE": -91.18769 }, "geometry": { "type": "Point", "coordinates": [ -91.187692493824144, 30.419414004729052 ] } },
{ "type": "Feature", "properties": { "ID": 63068, "LANDMARK_NAME": "APARTMENTS", "FULL_ADDRESS": "3274 NICHOLSON DR", "CITY": "BATON ROUGE", "STATE": "LOUISIANA", "ZIP": 70802, "PHONE_NUMBER": null, "LATITUDE": 30.41905, "LONGITUDE": -91.18771 }, "geometry": { "type": "Point", "coordinates": [ -91.187712520584284, 30.419055273376728 ] } },
{ "type": "Feature", "properties": { "ID": 63076, "LANDMARK_NAME": "GAMBLE APARTMENTS", "FULL_ADDRESS": "314 W ROOSEVELT ST", "CITY": "BATON ROUGE", "STATE": "LOUISIANA", "ZIP": 70802, "PHONE_NUMBER": null, "LATITUDE": 30.42196, "LONGITUDE": -91.18043 }, "geometry": { "type": "Point", "coordinates": [ -91.180439232563984, 30.421966592017117 ] } },
{ "type": "Feature", "properties": { "ID": 63082, "LANDMARK_NAME": "RETREAT AT BRIGHTSIDE APARTMENTS", "FULL_ADDRESS": "2000 BRIGHTSIDE DR", "CITY": "BATON ROUGE", "STATE": "LOUISIANA", "ZIP": 70820, "PHONE_NUMBER": null, "LATITUDE": 30.38909, "LONGITUDE": -91.18082 }, "geometry": { "type": "Point", "coordinates": [ -91.180828697580196, 30.389096351481715 ] } },
{ "type": "Feature", "properties": { "ID": 63099, "LANDMARK_NAME": "BRIGHTSIDE MANOR APARTMENTS", "FULL_ADDRESS": "1674 BRIGHTSIDE DR", "CITY": "BATON ROUGE", "STATE": "LOUISIANA", "ZIP": 70820, "PHONE_NUMBER": null, "LATITUDE": 30.38871, "LONGITUDE": -91.17651 }, "geometry": { "type": "Point", "coordinates": [ -91.17651496807288, 30.38871385333233 ] } },
{ "type": "Feature", "properties": { "ID": 63168, "LANDMARK_NAME": "WEST CHIMES PLACE APARTMENTS", "FULL_ADDRESS": "1121 ASTER ST", "CITY": "BATON ROUGE", "STATE": "LOUISIANA", "ZIP": 70802, "PHONE_NUMBER": null, "LATITUDE": 30.41934, "LONGITUDE": -91.18956 }, "geometry": { "type": "Point", "coordinates": [ -91.189564216459701, 30.419348882094962 ] } },
{ "type": "Feature", "properties": { "ID": 63169, "LANDMARK_NAME": "WEST CHIMES PLACE 2 APARTMENTS", "FULL_ADDRESS": "1137 W CHIMES ST", "CITY": "BATON ROUGE", "STATE": "LOUISIANA", "ZIP": 70802, "PHONE_NUMBER": null, "LATITUDE": 30.41913, "LONGITUDE": -91.18948 }, "geometry": { "type": "Point", "coordinates": [ -91.189482867553068, 30.419134476854243 ] } },
{ "type": "Feature", "properties": { "ID": 63170, "LANDMARK_NAME": "WEST CHIMES PLACE 4 APARTMENTS", "FULL_ADDRESS": "1205 W CHIMES ST", "CITY": "BATON ROUGE", "STATE": "LOUISIANA", "ZIP": 70802, "PHONE_NUMBER": null, "LATITUDE": 30.41841, "LONGITUDE": -91.18949 }, "geometry": { "type": "Point", "coordinates": [ -91.189493689344658, 30.418413055847314 ] } },
{ "type": "Feature", "properties": { "ID": 63452, "LANDMARK_NAME": "BRIGHTSIDE MANOR APARTMENTS", "FULL_ADDRESS": "1684 BRIGHTSIDE DR", "CITY": "BATON ROUGE", "STATE": "LOUISIANA", "ZIP": 70820, "PHONE_NUMBER": null, "LATITUDE": 30.388, "LONGITUDE": -91.17641 }, "geometry": { "type": "Point", "coordinates": [ -91.176413996719006, 30.388002073261056 ] } },
{ "type": "Feature", "properties": { "ID": 63455, "LANDMARK_NAME": "BRIGHTSIDE COMMONS APARTMENTS", "FULL_ADDRESS": "1678 BRIGHTSIDE DR, STE A", "CITY": "BATON ROUGE", "STATE": "LOUISIANA", "ZIP": 70820, "PHONE_NUMBER": null, "LATITUDE": 30.38826, "LONGITUDE": -91.17641 }, "geometry": { "type": "Point", "coordinates": [ -91.176413078054452, 30.388269433935388 ] } },
{ "type": "Feature", "properties": { "ID": 63489, "LANDMARK_NAME": "TAPESTRY LONG FARM APARTMENTS", "FULL_ADDRESS": "16333 COLUMNS WAY", "CITY": "BATON ROUGE", "STATE": "LOUISIANA", "ZIP": 70817, "PHONE_NUMBER": null, "LATITUDE": 30.36648, "LONGITUDE": -91.01145 }, "geometry": { "type": "Point", "coordinates": [ -91.011460622220469, 30.366486584509495 ] } },
{ "type": "Feature", "properties": { "ID": 63490, "LANDMARK_NAME": "TAPESTRY LONG FARM APARTMENTS", "FULL_ADDRESS": "16333 COLUMNS WAY", "CITY": "BATON ROUGE", "STATE": "LOUISIANA", "ZIP": 70817, "PHONE_NUMBER": null, "LATITUDE": 30.36648, "LONGITUDE": -91.01145 }, "geometry": { "type": "Point", "coordinates": [ -91.011460622220469, 30.366486584509495 ] } },
{ "type": "Feature", "properties": { "ID": 63643, "LANDMARK_NAME": "COUNTRY CLUB II APARTMENTS", "FULL_ADDRESS": "4636 ALVIN DARK AVE", "CITY": "BATON ROUGE", "STATE": "LOUISIANA", "ZIP": 70820, "PHONE_NUMBER": null, "LATITUDE": 30.393, "LONGITUDE": -91.18137 }, "geometry": { "type": "Point", "coordinates": [ -91.181371950296167, 30.393000826028228 ] } },
{ "type": "Feature", "properties": { "ID": 63663, "LANDMARK_NAME": "PIED PIPER APARTMENTS", "FULL_ADDRESS": "4546 ALVIN DARK AVE", "CITY": "BATON ROUGE", "STATE": "LOUISIANA", "ZIP": 70820, "PHONE_NUMBER": null, "LATITUDE": 30.39396, "LONGITUDE": -91.18139 }, "geometry": { "type": "Point", "coordinates": [ -91.181393952207685, 30.393965815474751 ] } },
{ "type": "Feature", "properties": { "ID": 63664, "LANDMARK_NAME": "APARTMENTS", "FULL_ADDRESS": "406 W ROOSEVELT ST", "CITY": "BATON ROUGE", "STATE": "LOUISIANA", "ZIP": 70802, "PHONE_NUMBER": null, "LATITUDE": 30.42194, "LONGITUDE": -91.18146 }, "geometry": { "type": "Point", "coordinates": [ -91.181468974971295, 30.421944179295679 ] } },
{ "type": "Feature", "properties": { "ID": 63676, "LANDMARK_NAME": "WEST CHIMES PLACE APARTMENTS", "FULL_ADDRESS": "3132 WYOMING ST", "CITY": "BATON ROUGE", "STATE": "LOUISIANA", "ZIP": 70802, "PHONE_NUMBER": null, "LATITUDE": 30.41981, "LONGITUDE": -91.18883 }, "geometry": { "type": "Point", "coordinates": [ -91.188839976961177, 30.419815451729878 ] } },
{ "type": "Feature", "properties": { "ID": 63678, "LANDMARK_NAME": "APARTMENTS", "FULL_ADDRESS": "1001 ASTER ST", "CITY": "BATON ROUGE", "STATE": "LOUISIANA", "ZIP": 70802, "PHONE_NUMBER": null, "LATITUDE": 30.41924, "LONGITUDE": -91.18877 }, "geometry": { "type": "Point", "coordinates": [ -91.188771245659737, 30.419247107381977 ] } },
{ "type": "Feature", "properties": { "ID": 63713, "LANDMARK_NAME": "EMBASSY COURTS APARTMENTS", "FULL_ADDRESS": "4030 GOURRIER AVE", "CITY": "BATON ROUGE", "STATE": "LOUISIANA", "ZIP": 70808, "PHONE_NUMBER": null, "LATITUDE": 30.40337, "LONGITUDE": -91.17796 }, "geometry": { "type": "Point", "coordinates": [ -91.177967066854094, 30.403376736865336 ] } },
{ "type": "Feature", "properties": { "ID": 63715, "LANDMARK_NAME": "BRIGHTSIDE MANOR APARTMENTS", "FULL_ADDRESS": "1730 BRIGHTSIDE DR", "CITY": "BATON ROUGE", "STATE": "LOUISIANA", "ZIP": 70820, "PHONE_NUMBER": null, "LATITUDE": 30.38876, "LONGITUDE": -91.17794 }, "geometry": { "type": "Point", "coordinates": [ -91.177942084651036, 30.388769357753496 ] } },
{ "type": "Feature", "properties": { "ID": 63720, "LANDMARK_NAME": "BRIGHTSIDE MANOR APARTMENTS", "FULL_ADDRESS": "1728 BRIGHTSIDE DR", "CITY": "BATON ROUGE", "STATE": "LOUISIANA", "ZIP": 70820, "PHONE_NUMBER": null, "LATITUDE": 30.38893, "LONGITUDE": -91.17791 }, "geometry": { "type": "Point", "coordinates": [ -91.177920291799353, 30.388932025680326 ] } },
{ "type": "Feature", "properties": { "ID": 63730, "LANDMARK_NAME": "PARKLAND APARTMENTS", "FULL_ADDRESS": "4092 BURBANK DR", "CITY": "BATON ROUGE", "STATE": "LOUISIANA", "ZIP": 70808, "PHONE_NUMBER": null, "LATITUDE": 30.40228, "LONGITUDE": -91.1779 }, "geometry": { "type": "Point", "coordinates": [ -91.177910396684467, 30.402288459507915 ] } },
{ "type": "Feature", "properties": { "ID": 63905, "LANDMARK_NAME": "BRIGHTSIDE MANOR APARTMENTS", "FULL_ADDRESS": "1718 BRIGHTSIDE DR", "CITY": "BATON ROUGE", "STATE": "LOUISIANA", "ZIP": 70820, "PHONE_NUMBER": null, "LATITUDE": 30.38875, "LONGITUDE": -91.17671 }, "geometry": { "type": "Point", "coordinates": [ -91.176713416710868, 30.388750777697613 ] } },
{ "type": "Feature", "properties": { "ID": 64078, "LANDMARK_NAME": "BRIGHTSIDE MANOR APARTMENTS", "FULL_ADDRESS": "1722 BRIGHTSIDE DR", "CITY": "BATON ROUGE", "STATE": "LOUISIANA", "ZIP": 70820, "PHONE_NUMBER": null, "LATITUDE": 30.38879, "LONGITUDE": -91.17709 }, "geometry": { "type": "Point", "coordinates": [ -91.17709425060697, 30.388791409486952 ] } },
{ "type": "Feature", "properties": { "ID": 64124, "LANDMARK_NAME": "APARTMENTS", "FULL_ADDRESS": "390 W ROOSEVELT ST", "CITY": "BATON ROUGE", "STATE": "LOUISIANA", "ZIP": 70802, "PHONE_NUMBER": null, "LATITUDE": 30.42194, "LONGITUDE": -91.18134 }, "geometry": { "type": "Point", "coordinates": [ -91.181342663313032, 30.421949394350555 ] } },
{ "type": "Feature", "properties": { "ID": 64226, "LANDMARK_NAME": "APARTMENTS", "FULL_ADDRESS": "364 W GARFIELD ST", "CITY": "BATON ROUGE", "STATE": "LOUISIANA", "ZIP": 70802, "PHONE_NUMBER": null, "LATITUDE": 30.42269, "LONGITUDE": -91.18108 }, "geometry": { "type": "Point", "coordinates": [ -91.181088484867757, 30.422693088897855 ] } },
{ "type": "Feature", "properties": { "ID": 64227, "LANDMARK_NAME": "RANCH HOUSE APARTMENTS", "FULL_ADDRESS": "4554 ALVIN DARK AVE", "CITY": "BATON ROUGE", "STATE": "LOUISIANA", "ZIP": 70820, "PHONE_NUMBER": null, "LATITUDE": 30.39369, "LONGITUDE": -91.18099 }, "geometry": { "type": "Point", "coordinates": [ -91.180997815142049, 30.393691960489342 ] } },
{ "type": "Feature", "properties": { "ID": 64364, "LANDMARK_NAME": "VILLAGE FOUR APARTMENTS 2", "FULL_ADDRESS": "4728 TIGERLAND AVE", "CITY": "BATON ROUGE", "STATE": "LOUISIANA", "ZIP": 70820, "PHONE_NUMBER": null, "LATITUDE": 30.3926, "LONGITUDE": -91.18331 }, "geometry": { "type": "Point", "coordinates": [ -91.183315374551725, 30.392603152706496 ] } },
{ "type": "Feature", "properties": { "ID": 64428, "LANDMARK_NAME": "VILLAGE FOUR APARTMENTS 4", "FULL_ADDRESS": "4748 TIGERLAND AVE", "CITY": "BATON ROUGE", "STATE": "LOUISIANA", "ZIP": 70820, "PHONE_NUMBER": null, "LATITUDE": 30.39233, "LONGITUDE": -91.18335 }, "geometry": { "type": "Point", "coordinates": [ -91.183353008148131, 30.39233119271595 ] } },
{ "type": "Feature", "properties": { "ID": 64451, "LANDMARK_NAME": "APARTMENTS", "FULL_ADDRESS": "588 W ROOSEVELT ST", "CITY": "BATON ROUGE", "STATE": "LOUISIANA", "ZIP": 70802, "PHONE_NUMBER": null, "LATITUDE": 30.4219, "LONGITUDE": -91.18317 }, "geometry": { "type": "Point", "coordinates": [ -91.183178041934795, 30.421902898779454 ] } },
{ "type": "Feature", "properties": { "ID": 64460, "LANDMARK_NAME": "LATITUDE 30 APARTMENTS", "FULL_ADDRESS": "4444 TIGERLAND AVE", "CITY": "BATON ROUGE", "STATE": "LOUISIANA", "ZIP": 70820, "PHONE_NUMBER": null, "LATITUDE": 30.39495, "LONGITUDE": -91.18313 }, "geometry": { "type": "Point", "coordinates": [ -91.183132813806338, 30.394955749297889 ] } },
{ "type": "Feature", "properties": { "ID": 64496, "LANDMARK_NAME": "BRIGHTSIDE MANOR APARTMENTS", "FULL_ADDRESS": "1716 BRIGHTSIDE DR", "CITY": "BATON ROUGE", "STATE": "LOUISIANA", "ZIP": 70820, "PHONE_NUMBER": null, "LATITUDE": 30.38826, "LONGITUDE": -91.17678 }, "geometry": { "type": "Point", "coordinates": [ -91.176784117087124, 30.388266026489237 ] } },
{ "type": "Feature", "properties": { "ID": 64672, "LANDMARK_NAME": "EL CID III APARTMENTS", "FULL_ADDRESS": "4033 BURBANK DR", "CITY": "BATON ROUGE", "STATE": "LOUISIANA", "ZIP": 70808, "PHONE_NUMBER": null, "LATITUDE": 30.40296, "LONGITUDE": -91.17839 }, "geometry": { "type": "Point", "coordinates": [ -91.178393607460407, 30.402967950032313 ] } },
{ "type": "Feature", "properties": { "ID": 64684, "LANDMARK_NAME": "APARTMENTS", "FULL_ADDRESS": "2964 WYOMING ST", "CITY": "BATON ROUGE", "STATE": "LOUISIANA", "ZIP": 70802, "PHONE_NUMBER": null, "LATITUDE": 30.42113, "LONGITUDE": -91.18879 }, "geometry": { "type": "Point", "coordinates": [ -91.188792155605626, 30.42113372325452 ] } },
{ "type": "Feature", "properties": { "ID": 64729, "LANDMARK_NAME": "CANTERBURY SQUARE APARTMENTS", "FULL_ADDRESS": "3003 S RIVER RD", "CITY": "BATON ROUGE", "STATE": "LOUISIANA", "ZIP": 70802, "PHONE_NUMBER": null, "LATITUDE": 30.42017, "LONGITUDE": -91.19303 }, "geometry": { "type": "Point", "coordinates": [ -91.19303205819125, 30.420176968042984 ] } },
{ "type": "Feature", "properties": { "ID": 64730, "LANDMARK_NAME": "CANTERBURY SQUARE APARTMENTS", "FULL_ADDRESS": "3003 S RIVER RD", "CITY": "BATON ROUGE", "STATE": "LOUISIANA", "ZIP": 70802, "PHONE_NUMBER": null, "LATITUDE": 30.42017, "LONGITUDE": -91.19303 }, "geometry": { "type": "Point", "coordinates": [ -91.19303205819125, 30.420176968042984 ] } },
{ "type": "Feature", "properties": { "ID": 64765, "LANDMARK_NAME": "ROOSE APARTMENTS 1", "FULL_ADDRESS": "256 W ROOSEVELT ST", "CITY": "BATON ROUGE", "STATE": "LOUISIANA", "ZIP": 70802, "PHONE_NUMBER": null, "LATITUDE": 30.42195, "LONGITUDE": -91.18005 }, "geometry": { "type": "Point", "coordinates": [ -91.18005133923262, 30.421957342156087 ] } },
{ "type": "Feature", "properties": { "ID": 64962, "LANDMARK_NAME": "CAMBRIDGE WEST APARTMENTS", "FULL_ADDRESS": "1315 BOB PETTIT BLVD", "CITY": "BATON ROUGE", "STATE": "LOUISIANA", "ZIP": 70820, "PHONE_NUMBER": null, "LATITUDE": 30.39472, "LONGITUDE": -91.18207 }, "geometry": { "type": "Point", "coordinates": [ -91.182074118547774, 30.394726014975848 ] } },
{ "type": "Feature", "properties": { "ID": 64968, "LANDMARK_NAME": "CAMELOT APARTMENTS", "FULL_ADDRESS": "1222 JIM TAYLOR DR", "CITY": "BATON ROUGE", "STATE": "LOUISIANA", "ZIP": 70820, "PHONE_NUMBER": null, "LATITUDE": 30.39206, "LONGITUDE": -91.18147 }, "geometry": { "type": "Point", "coordinates": [ -91.181477073337462, 30.392067571932454 ] } },
{ "type": "Feature", "properties": { "ID": 65035, "LANDMARK_NAME": "CAMBRIDGE APARTMENTS", "FULL_ADDRESS": "4513 Y.A. TITTLE AVE", "CITY": "BATON ROUGE", "STATE": "LOUISIANA", "ZIP": 70820, "PHONE_NUMBER": null, "LATITUDE": 30.39446, "LONGITUDE": -91.18126 }, "geometry": { "type": "Point", "coordinates": [ -91.181264281145047, 30.394461469090174 ] } },
{ "type": "Feature", "properties": { "ID": 65040, "LANDMARK_NAME": "CAMBRIDGE APARTMENTS", "FULL_ADDRESS": "4465 Y.A. TITTLE AVE", "CITY": "BATON ROUGE", "STATE": "LOUISIANA", "ZIP": 70820, "PHONE_NUMBER": null, "LATITUDE": 30.39463, "LONGITUDE": -91.18122 }, "geometry": { "type": "Point", "coordinates": [ -91.181230243145947, 30.394638599096758 ] } },
{ "type": "Feature", "properties": { "ID": 65046, "LANDMARK_NAME": "CAMBRIDGE APARTMENTS", "FULL_ADDRESS": "1221 BOB PETTIT BLVD", "CITY": "BATON ROUGE", "STATE": "LOUISIANA", "ZIP": 70820, "PHONE_NUMBER": null, "LATITUDE": 30.39507, "LONGITUDE": -91.18117 }, "geometry": { "type": "Point", "coordinates": [ -91.181177330821455, 30.395072227269363 ] } },
{ "type": "Feature", "properties": { "ID": 65127, "LANDMARK_NAME": "BRIGHTSIDE MANOR APARTMENTS", "FULL_ADDRESS": "1726 BRIGHTSIDE DR", "CITY": "BATON ROUGE", "STATE": "LOUISIANA", "ZIP": 70820, "PHONE_NUMBER": null, "LATITUDE": 30.38883, "LONGITUDE": -91.17747 }, "geometry": { "type": "Point", "coordinates": [ -91.177472569034407, 30.388835844950645 ] } },
{ "type": "Feature", "properties": { "ID": 65190, "LANDMARK_NAME": "TIGER PLAZA & STADIUM SQUARE APARTMENTS", "FULL_ADDRESS": "4445 ALVIN DARK AVE", "CITY": "BATON ROUGE", "STATE": "LOUISIANA", "ZIP": 70820, "PHONE_NUMBER": null, "LATITUDE": 30.39473, "LONGITUDE": -91.17835 }, "geometry": { "type": "Point", "coordinates": [ -91.178351130255905, 30.394738213267718 ] } },
{ "type": "Feature", "properties": { "ID": 65233, "LANDMARK_NAME": "BRIGHTSIDE MANOR APARTMENTS", "FULL_ADDRESS": "1686 BRIGHTSIDE DR", "CITY": "BATON ROUGE", "STATE": "LOUISIANA", "ZIP": 70820, "PHONE_NUMBER": null, "LATITUDE": 30.38801, "LONGITUDE": -91.17661 }, "geometry": { "type": "Point", "coordinates": [ -91.176618053441885, 30.38801988545212 ] } },
{ "type": "Feature", "properties": { "ID": 65238, "LANDMARK_NAME": "BRIGHTSIDE MANOR APARTMENTS", "FULL_ADDRESS": "1680 BRIGHTSIDE DR", "CITY": "BATON ROUGE", "STATE": "LOUISIANA", "ZIP": 70820, "PHONE_NUMBER": null, "LATITUDE": 30.38823, "LONGITUDE": -91.17658 }, "geometry": { "type": "Point", "coordinates": [ -91.176585864309544, 30.388239440455177 ] } },
{ "type": "Feature", "properties": { "ID": 65254, "LANDMARK_NAME": "EMBASSY COURTS APARTMENTS", "FULL_ADDRESS": "4010 GOURRIER AVE", "CITY": "BATON ROUGE", "STATE": "LOUISIANA", "ZIP": 70808, "PHONE_NUMBER": null, "LATITUDE": 30.40344, "LONGITUDE": -91.17843 }, "geometry": { "type": "Point", "coordinates": [ -91.17843387158328, 30.403450112228501 ] } },
{ "type": "Feature", "properties": { "ID": 65258, "LANDMARK_NAME": "BRIGHTSIDE MANOR APARTMENTS", "FULL_ADDRESS": "1690 BRIGHTSIDE DR", "CITY": "BATON ROUGE", "STATE": "LOUISIANA", "ZIP": 70820, "PHONE_NUMBER": null, "LATITUDE": 30.38806, "LONGITUDE": -91.177 }, "geometry": { "type": "Point", "coordinates": [ -91.177005890826152, 30.388064263187289 ] } },
{ "type": "Feature", "properties": { "ID": 65261, "LANDMARK_NAME": "BRIGHTSIDE MANOR APARTMENTS", "FULL_ADDRESS": "1714 BRIGHTSIDE DR", "CITY": "BATON ROUGE", "STATE": "LOUISIANA", "ZIP": 70820, "PHONE_NUMBER": null, "LATITUDE": 30.38828, "LONGITUDE": -91.17697 }, "geometry": { "type": "Point", "coordinates": [ -91.176976585372557, 30.388290096659155 ] } },
{ "type": "Feature", "properties": { "ID": 65264, "LANDMARK_NAME": "THE RESERVE AT HOWELL PLACE APARTMENTS", "FULL_ADDRESS": "4201 FORD ST", "CITY": "BATON ROUGE", "STATE": "LOUISIANA", "ZIP": 70807, "PHONE_NUMBER": null, "LATITUDE": 30.52059, "LONGITUDE": -91.15131 }, "geometry": { "type": "Point", "coordinates": [ -91.15131714306149, 30.520597611238774 ] } },
{ "type": "Feature", "properties": { "ID": 65265, "LANDMARK_NAME": "THE RESERVE AT HOWELL PLACE APARTMENTS", "FULL_ADDRESS": "4205 FORD ST", "CITY": "BATON ROUGE", "STATE": "LOUISIANA", "ZIP": 70807, "PHONE_NUMBER": null, "LATITUDE": 30.5201, "LONGITUDE": -91.1515 }, "geometry": { "type": "Point", "coordinates": [ -91.151508711999881, 30.520107017846264 ] } },
{ "type": "Feature", "properties": { "ID": 65266, "LANDMARK_NAME": "THE RESERVE AT HOWELL PLACE APARTMENTS", "FULL_ADDRESS": "4209 FORD ST", "CITY": "BATON ROUGE", "STATE": "LOUISIANA", "ZIP": 70807, "PHONE_NUMBER": null, "LATITUDE": 30.5195, "LONGITUDE": -91.15106 }, "geometry": { "type": "Point", "coordinates": [ -91.151063000091881, 30.519504607269475 ] } },
{ "type": "Feature", "properties": { "ID": 65267, "LANDMARK_NAME": "THE RESERVE AT HOWELL PLACE APARTMENTS", "FULL_ADDRESS": "4217 FORD ST", "CITY": "BATON ROUGE", "STATE": "LOUISIANA", "ZIP": 70807, "PHONE_NUMBER": null, "LATITUDE": 30.51963, "LONGITUDE": -91.1499 }, "geometry": { "type": "Point", "coordinates": [ -91.149909245487891, 30.519637226350973 ] } },
{ "type": "Feature", "properties": { "ID": 65268, "LANDMARK_NAME": "THE RESERVE AT HOWELL PLACE APARTMENTS", "FULL_ADDRESS": "4225 FORD ST", "CITY": "BATON ROUGE", "STATE": "LOUISIANA", "ZIP": 70807, "PHONE_NUMBER": null, "LATITUDE": 30.51992, "LONGITUDE": -91.14873 }, "geometry": { "type": "Point", "coordinates": [ -91.148740753966138, 30.519929406356646 ] } },
{ "type": "Feature", "properties": { "ID": 65269, "LANDMARK_NAME": "THE RESERVE AT HOWELL PLACE APARTMENTS", "FULL_ADDRESS": "4213 FORD ST", "CITY": "BATON ROUGE", "STATE": "LOUISIANA", "ZIP": 70807, "PHONE_NUMBER": null, "LATITUDE": 30.51936, "LONGITUDE": -91.15045 }, "geometry": { "type": "Point", "coordinates": [ -91.150458504638635, 30.519366739676599 ] } },
{ "type": "Feature", "properties": { "ID": 65270, "LANDMARK_NAME": "THE RESERVE AT HOWELL PLACE APARTMENTS", "FULL_ADDRESS": "4221 FORD ST", "CITY": "BATON ROUGE", "STATE": "LOUISIANA", "ZIP": 70807, "PHONE_NUMBER": null, "LATITUDE": 30.51977, "LONGITUDE": -91.14929 }, "geometry": { "type": "Point", "coordinates": [ -91.149297691994761, 30.519776147991916 ] } },
{ "type": "Feature", "properties": { "ID": 65271, "LANDMARK_NAME": "THE RESERVE AT HOWELL PLACE APARTMENTS", "FULL_ADDRESS": "4229 FORD ST", "CITY": "BATON ROUGE", "STATE": "LOUISIANA", "ZIP": 70807, "PHONE_NUMBER": null, "LATITUDE": 30.51964, "LONGITUDE": -91.14823 }, "geometry": { "type": "Point", "coordinates": [ -91.148232367709738, 30.519650089725182 ] } },
{ "type": "Feature", "properties": { "ID": 65272, "LANDMARK_NAME": "SHERWOOD OAKS APARTMENTS", "FULL_ADDRESS": "10952 DARRYL DR", "CITY": "BATON ROUGE", "STATE": "LOUISIANA", "ZIP": 70815, "PHONE_NUMBER": null, "LATITUDE": 30.47063, "LONGITUDE": -91.06112 }, "geometry": { "type": "Point", "coordinates": [ -91.061130355795655, 30.470635694143056 ] } },
{ "type": "Feature", "properties": { "ID": 65273, "LANDMARK_NAME": "SHERWOOD OAKS APARTMENTS", "FULL_ADDRESS": "10954 DARRYL DR", "CITY": "BATON ROUGE", "STATE": "LOUISIANA", "ZIP": 70815, "PHONE_NUMBER": null, "LATITUDE": 30.47022, "LONGITUDE": -91.06115 }, "geometry": { "type": "Point", "coordinates": [ -91.061158823755164, 30.470221373826668 ] } },
{ "type": "Feature", "properties": { "ID": 65274, "LANDMARK_NAME": "SHERWOOD OAKS APARTMENTS", "FULL_ADDRESS": "10956 DARRYL DR", "CITY": "BATON ROUGE", "STATE": "LOUISIANA", "ZIP": 70815, "PHONE_NUMBER": null, "LATITUDE": 30.46982, "LONGITUDE": -91.06125 }, "geometry": { "type": "Point", "coordinates": [ -91.061255071531932, 30.469824774317885 ] } },
{ "type": "Feature", "properties": { "ID": 65275, "LANDMARK_NAME": "SHERWOOD OAKS APARTMENTS", "FULL_ADDRESS": "10958 DARRYL DR", "CITY": "BATON ROUGE", "STATE": "LOUISIANA", "ZIP": 70815, "PHONE_NUMBER": null, "LATITUDE": 30.46954, "LONGITUDE": -91.06128 }, "geometry": { "type": "Point", "coordinates": [ -91.06128581242416, 30.469545224957585 ] } },
{ "type": "Feature", "properties": { "ID": 65276, "LANDMARK_NAME": "SHERWOOD OAKS APARTMENTS", "FULL_ADDRESS": "10960 DARRYL DR", "CITY": "BATON ROUGE", "STATE": "LOUISIANA", "ZIP": 70815, "PHONE_NUMBER": null, "LATITUDE": 30.46891, "LONGITUDE": -91.06126 }, "geometry": { "type": "Point", "coordinates": [ -91.061270563371821, 30.468917508070348 ] } },
{ "type": "Feature", "properties": { "ID": 65277, "LANDMARK_NAME": "SHERWOOD OAKS APARTMENTS", "FULL_ADDRESS": "10962 DARRYL DR", "CITY": "BATON ROUGE", "STATE": "LOUISIANA", "ZIP": 70815, "PHONE_NUMBER": null, "LATITUDE": 30.46901, "LONGITUDE": -91.0617 }, "geometry": { "type": "Point", "coordinates": [ -91.061703637314878, 30.469014105511103 ] } },
{ "type": "Feature", "properties": { "ID": 65278, "LANDMARK_NAME": "SHERWOOD OAKS APARTMENTS", "FULL_ADDRESS": "10964 DARRYL DR", "CITY": "BATON ROUGE", "STATE": "LOUISIANA", "ZIP": 70815, "PHONE_NUMBER": null, "LATITUDE": 30.46955, "LONGITUDE": -91.06186 }, "geometry": { "type": "Point", "coordinates": [ -91.061864497762514, 30.469557678878651 ] } },
{ "type": "Feature", "properties": { "ID": 65279, "LANDMARK_NAME": "SHERWOOD OAKS APARTMENTS", "FULL_ADDRESS": "10966 DARRYL DR", "CITY": "BATON ROUGE", "STATE": "LOUISIANA", "ZIP": 70815, "PHONE_NUMBER": null, "LATITUDE": 30.46901, "LONGITUDE": -91.06203 }, "geometry": { "type": "Point", "coordinates": [ -91.062038792656466, 30.469017036743899 ] } },
{ "type": "Feature", "properties": { "ID": 65280, "LANDMARK_NAME": "SHERWOOD OAKS APARTMENTS", "FULL_ADDRESS": "10968 DARRYL DR", "CITY": "BATON ROUGE", "STATE": "LOUISIANA", "ZIP": 70815, "PHONE_NUMBER": null, "LATITUDE": 30.46891, "LONGITUDE": -91.06244 }, "geometry": { "type": "Point", "coordinates": [ -91.062448302043009, 30.468914062426897 ] } },
{ "type": "Feature", "properties": { "ID": 65281, "LANDMARK_NAME": "SHERWOOD OAKS APARTMENTS", "FULL_ADDRESS": "10970 DARRYL DR", "CITY": "BATON ROUGE", "STATE": "LOUISIANA", "ZIP": 70815, "PHONE_NUMBER": null, "LATITUDE": 30.46956, "LONGITUDE": -91.0624 }, "geometry": { "type": "Point", "coordinates": [ -91.062404184869109, 30.469564417846549 ] } },
{ "type": "Feature", "properties": { "ID": 65282, "LANDMARK_NAME": "SHERWOOD OAKS APARTMENTS", "FULL_ADDRESS": "10972 DARRYL DR", "CITY": "BATON ROUGE", "STATE": "LOUISIANA", "ZIP": 70815, "PHONE_NUMBER": null, "LATITUDE": 30.46987, "LONGITUDE": -91.06255 }, "geometry": { "type": "Point", "coordinates": [ -91.062555283723839, 30.469879334888432 ] } },
{ "type": "Feature", "properties": { "ID": 65367, "LANDMARK_NAME": "WILLIAMSBURG APARTMENTS", "FULL_ADDRESS": "4065 BURBANK DR", "CITY": "BATON ROUGE", "STATE": "LOUISIANA", "ZIP": 70808, "PHONE_NUMBER": null, "LATITUDE": 30.40301, "LONGITUDE": -91.17806 }, "geometry": { "type": "Point", "coordinates": [ -91.178065731527582, 30.403010779979756 ] } },
{ "type": "Feature", "properties": { "ID": 65436, "LANDMARK_NAME": "EMBASSY COURTS APARTMENTS", "FULL_ADDRESS": "4020 GOURRIER AVE", "CITY": "BATON ROUGE", "STATE": "LOUISIANA", "ZIP": 70808, "PHONE_NUMBER": null, "LATITUDE": 30.40343, "LONGITUDE": -91.17826 }, "geometry": { "type": "Point", "coordinates": [ -91.17826965204101, 30.403432423659495 ] } },
{ "type": "Feature", "properties": { "ID": 65481, "LANDMARK_NAME": "BRIGHTSIDE MANOR APARTMENTS", "FULL_ADDRESS": "1682 BRIGHTSIDE DR", "CITY": "BATON ROUGE", "STATE": "LOUISIANA", "ZIP": 70820, "PHONE_NUMBER": null, "LATITUDE": 30.38798, "LONGITUDE": -91.1762 }, "geometry": { "type": "Point", "coordinates": [ -91.176208497682623, 30.3879817521204 ] } },
{ "type": "Feature", "properties": { "ID": 65493, "LANDMARK_NAME": "WEST CHIMES PLACE APARTMENTS", "FULL_ADDRESS": "1136 W CHIMES ST", "CITY": "BATON ROUGE", "STATE": "LOUISIANA", "ZIP": 70802, "PHONE_NUMBER": null, "LATITUDE": 30.41916, "LONGITUDE": -91.19011 }, "geometry": { "type": "Point", "coordinates": [ -91.190110982682668, 30.419167967626311 ] } },
{ "type": "Feature", "properties": { "ID": 65629, "LANDMARK_NAME": "CAMBRIDGE APARTMENTS", "FULL_ADDRESS": "4522 ALVIN DARK AVE", "CITY": "BATON ROUGE", "STATE": "LOUISIANA", "ZIP": 70820, "PHONE_NUMBER": null, "LATITUDE": 30.39427, "LONGITUDE": -91.18095 }, "geometry": { "type": "Point", "coordinates": [ -91.18095818859878, 30.394272914821098 ] } },
{ "type": "Feature", "properties": { "ID": 65634, "LANDMARK_NAME": "CAMBRIDGE APARTMENTS", "FULL_ADDRESS": "4514 ALVIN DARK AVE", "CITY": "BATON ROUGE", "STATE": "LOUISIANA", "ZIP": 70820, "PHONE_NUMBER": null, "LATITUDE": 30.39442, "LONGITUDE": -91.18093 }, "geometry": { "type": "Point", "coordinates": [ -91.180934854174538, 30.394425407420158 ] } },
{ "type": "Feature", "properties": { "ID": 65640, "LANDMARK_NAME": "CAMBRIDGE APARTMENTS", "FULL_ADDRESS": "4466 ALVIN DARK AVE", "CITY": "BATON ROUGE", "STATE": "LOUISIANA", "ZIP": 70820, "PHONE_NUMBER": null, "LATITUDE": 30.39461, "LONGITUDE": -91.18091 }, "geometry": { "type": "Point", "coordinates": [ -91.180911468715053, 30.394611791566252 ] } },
{ "type": "Feature", "properties": { "ID": 65653, "LANDMARK_NAME": "EMBASSY COURTS APARTMENTS", "FULL_ADDRESS": "4056 GOURRIER AVE", "CITY": "BATON ROUGE", "STATE": "LOUISIANA", "ZIP": 70808, "PHONE_NUMBER": null, "LATITUDE": 30.40335, "LONGITUDE": -91.17779 }, "geometry": { "type": "Point", "coordinates": [ -91.177798711976394, 30.403360238120186 ] } },
{ "type": "Feature", "properties": { "ID": 65658, "LANDMARK_NAME": "SHERWOOD OAKS APARTMENTS", "FULL_ADDRESS": "10974 DARRYL DR", "CITY": "BATON ROUGE", "STATE": "LOUISIANA", "ZIP": 70815, "PHONE_NUMBER": null, "LATITUDE": 30.46999, "LONGITUDE": -91.06215 }, "geometry": { "type": "Point", "coordinates": [ -91.062151003120022, 30.469993892051022 ] } },
{ "type": "Feature", "properties": { "ID": 65659, "LANDMARK_NAME": "SHERWOOD OAKS APARTMENTS", "FULL_ADDRESS": "10976 DARRYL DR", "CITY": "BATON ROUGE", "STATE": "LOUISIANA", "ZIP": 70815, "PHONE_NUMBER": null, "LATITUDE": 30.4703, "LONGITUDE": -91.06201 }, "geometry": { "type": "Point", "coordinates": [ -91.062017200715516, 30.470302353720793 ] } },
{ "type": "Feature", "properties": { "ID": 65660, "LANDMARK_NAME": "SHERWOOD OAKS APARTMENTS", "FULL_ADDRESS": "10978 DARRYL DR", "CITY": "BATON ROUGE", "STATE": "LOUISIANA", "ZIP": 70815, "PHONE_NUMBER": null, "LATITUDE": 30.4706, "LONGITUDE": -91.06198 }, "geometry": { "type": "Point", "coordinates": [ -91.061987676708483, 30.470601047707031 ] } },
{ "type": "Feature", "properties": { "ID": 65661, "LANDMARK_NAME": "BENGAL COURT APARTMENTS", "FULL_ADDRESS": "1413 JIM TAYLOR DR", "CITY": "BATON ROUGE", "STATE": "LOUISIANA", "ZIP": 70820, "PHONE_NUMBER": null, "LATITUDE": 30.39173, "LONGITUDE": -91.18327 }, "geometry": { "type": "Point", "coordinates": [ -91.183272293035429, 30.391737278455619 ] } },
{ "type": "Feature", "properties": { "ID": 65662, "LANDMARK_NAME": "BENGAL COURT APARTMENTS", "FULL_ADDRESS": "1413 JIM TAYLOR DR", "CITY": "BATON ROUGE", "STATE": "LOUISIANA", "ZIP": 70820, "PHONE_NUMBER": null, "LATITUDE": 30.39173, "LONGITUDE": -91.18327 }, "geometry": { "type": "Point", "coordinates": [ -91.183272293035429, 30.391737278455619 ] } },
{ "type": "Feature", "properties": { "ID": 65685, "LANDMARK_NAME": "WEST CHIMES PLACE 3 APARTMENTS", "FULL_ADDRESS": "1146 W CHIMES ST", "CITY": "BATON ROUGE", "STATE": "LOUISIANA", "ZIP": 70802, "PHONE_NUMBER": null, "LATITUDE": 30.41897, "LONGITUDE": -91.19013 }, "geometry": { "type": "Point", "coordinates": [ -91.190139450548585, 30.418972279105006 ] } },
{ "type": "Feature", "properties": { "ID": 65687, "LANDMARK_NAME": "WEST CHIMES PLACE 5 APARTMENTS", "FULL_ADDRESS": "1215 W CHIMES ST", "CITY": "BATON ROUGE", "STATE": "LOUISIANA", "ZIP": 70802, "PHONE_NUMBER": null, "LATITUDE": 30.41829, "LONGITUDE": -91.18987 }, "geometry": { "type": "Point", "coordinates": [ -91.189873460408393, 30.418296870172377 ] } },
{ "type": "Feature", "properties": { "ID": 65694, "LANDMARK_NAME": "QUARTER APARTMENTS", "FULL_ADDRESS": "4154 BURBANK DR", "CITY": "BATON ROUGE", "STATE": "LOUISIANA", "ZIP": 70808, "PHONE_NUMBER": null, "LATITUDE": 30.40214, "LONGITUDE": -91.17746 }, "geometry": { "type": "Point", "coordinates": [ -91.177462748872017, 30.402144621803583 ] } },
{ "type": "Feature", "properties": { "ID": 65701, "LANDMARK_NAME": "BRIGHTSIDE MANOR APARTMENTS", "FULL_ADDRESS": "1704 BRIGHTSIDE DR", "CITY": "BATON ROUGE", "STATE": "LOUISIANA", "ZIP": 70820, "PHONE_NUMBER": null, "LATITUDE": 30.3881, "LONGITUDE": -91.17737 }, "geometry": { "type": "Point", "coordinates": [ -91.177380700037986, 30.388109880127196 ] } },
{ "type": "Feature", "properties": { "ID": 65759, "LANDMARK_NAME": "BRIGHTSIDE MANOR APARTMENTS", "FULL_ADDRESS": "1710 BRIGHTSIDE DR", "CITY": "BATON ROUGE", "STATE": "LOUISIANA", "ZIP": 70820, "PHONE_NUMBER": null, "LATITUDE": 30.38833, "LONGITUDE": -91.17735 }, "geometry": { "type": "Point", "coordinates": [ -91.177352846871798, 30.388334460579362 ] } },
{ "type": "Feature", "properties": { "ID": 65764, "LANDMARK_NAME": "FAIR MANOR APARTMENTS", "FULL_ADDRESS": "4110 JANET AVE", "CITY": "BATON ROUGE", "STATE": "LOUISIANA", "ZIP": 70808, "PHONE_NUMBER": null, "LATITUDE": 30.40323, "LONGITUDE": -91.17724 }, "geometry": { "type": "Point", "coordinates": [ -91.177248550633266, 30.403234075525699 ] } },
{ "type": "Feature", "properties": { "ID": 65765, "LANDMARK_NAME": "BRIGHTSIDE MANOR APARTMENTS", "FULL_ADDRESS": "1724 BRIGHTSIDE DR", "CITY": "BATON ROUGE", "STATE": "LOUISIANA", "ZIP": 70820, "PHONE_NUMBER": null, "LATITUDE": 30.38881, "LONGITUDE": -91.17727 }, "geometry": { "type": "Point", "coordinates": [ -91.17728063279317, 30.388813470268602 ] } },
{ "type": "Feature", "properties": { "ID": 65769, "LANDMARK_NAME": "BORDEAUX APARTMENTS", "FULL_ADDRESS": "4141 BURBANK DR", "CITY": "BATON ROUGE", "STATE": "LOUISIANA", "ZIP": 70808, "PHONE_NUMBER": null, "LATITUDE": 30.40257, "LONGITUDE": -91.17698 }, "geometry": { "type": "Point", "coordinates": [ -91.176987729000686, 30.40257802959734 ] } },
{ "type": "Feature", "properties": { "ID": 65799, "LANDMARK_NAME": "APARTMENTS", "FULL_ADDRESS": "206 W ROOSEVELT ST", "CITY": "BATON ROUGE", "STATE": "LOUISIANA", "ZIP": 70802, "PHONE_NUMBER": null, "LATITUDE": 30.42201, "LONGITUDE": -91.17941 }, "geometry": { "type": "Point", "coordinates": [ -91.179417251337142, 30.422012049533297 ] } },
{ "type": "Feature", "properties": { "ID": 66544, "LANDMARK_NAME": "SIEGEN OAKS APARTMENTS", "FULL_ADDRESS": "10023 OLD SIEGEN LN", "CITY": "BATON ROUGE", "STATE": "LOUISIANA", "ZIP": 70810, "PHONE_NUMBER": null, "LATITUDE": 30.35773, "LONGITUDE": -91.08046 }, "geometry": { "type": "Point", "coordinates": [ -91.080466848165969, 30.357734053275394 ] } },
{ "type": "Feature", "properties": { "ID": 66556, "LANDMARK_NAME": "SPRING BROOK APARTMENTS", "FULL_ADDRESS": "15580 GEORGE O'NEAL RD, BLDG 1", "CITY": "BATON ROUGE", "STATE": "LOUISIANA", "ZIP": 70817, "PHONE_NUMBER": null, "LATITUDE": 30.40651, "LONGITUDE": -91.01294 }, "geometry": { "type": "Point", "coordinates": [ -91.012941310988282, 30.406514130998783 ] } },
{ "type": "Feature", "properties": { "ID": 66557, "LANDMARK_NAME": "SPRING BROOK APARTMENTS", "FULL_ADDRESS": "15580 GEORGE O'NEAL RD, BLDG 2", "CITY": "BATON ROUGE", "STATE": "LOUISIANA", "ZIP": 70817, "PHONE_NUMBER": null, "LATITUDE": 30.40615, "LONGITUDE": -91.01291 }, "geometry": { "type": "Point", "coordinates": [ -91.012913391849054, 30.406157084641976 ] } },
{ "type": "Feature", "properties": { "ID": 66558, "LANDMARK_NAME": "SPRING BROOK APARTMENTS", "FULL_ADDRESS": "15580 GEORGE O'NEAL RD, BLDG 3", "CITY": "BATON ROUGE", "STATE": "LOUISIANA", "ZIP": 70817, "PHONE_NUMBER": null, "LATITUDE": 30.40599, "LONGITUDE": -91.01265 }, "geometry": { "type": "Point", "coordinates": [ -91.012657112635196, 30.405996872257909 ] } },
{ "type": "Feature", "properties": { "ID": 66559, "LANDMARK_NAME": "SPRING BROOK APARTMENTS", "FULL_ADDRESS": "15580 GEORGE O'NEAL RD, BLDG 4", "CITY": "BATON ROUGE", "STATE": "LOUISIANA", "ZIP": 70817, "PHONE_NUMBER": null, "LATITUDE": 30.40586, "LONGITUDE": -91.013 }, "geometry": { "type": "Point", "coordinates": [ -91.01300639861968, 30.405863327134973 ] } },
{ "type": "Feature", "properties": { "ID": 66560, "LANDMARK_NAME": "SPRING BROOK APARTMENTS", "FULL_ADDRESS": "15580 GEORGE O'NEAL RD, BLDG 5", "CITY": "BATON ROUGE", "STATE": "LOUISIANA", "ZIP": 70817, "PHONE_NUMBER": null, "LATITUDE": 30.40554, "LONGITUDE": -91.01305 }, "geometry": { "type": "Point", "coordinates": [ -91.013051034243361, 30.405544253305081 ] } },
{ "type": "Feature", "properties": { "ID": 66561, "LANDMARK_NAME": "SPRING BROOK APARTMENTS", "FULL_ADDRESS": "15580 GEORGE O'NEAL RD, BLDG 6", "CITY": "BATON ROUGE", "STATE": "LOUISIANA", "ZIP": 70817, "PHONE_NUMBER": null, "LATITUDE": 30.40555, "LONGITUDE": -91.01275 }, "geometry": { "type": "Point", "coordinates": [ -91.012755452566708, 30.40555193623976 ] } },
{ "type": "Feature", "properties": { "ID": 66562, "LANDMARK_NAME": "SPRING BROOK APARTMENTS", "FULL_ADDRESS": "15580 GEORGE O'NEAL RD, BLDG 7", "CITY": "BATON ROUGE", "STATE": "LOUISIANA", "ZIP": 70817, "PHONE_NUMBER": null, "LATITUDE": 30.40512, "LONGITUDE": -91.01281 }, "geometry": { "type": "Point", "coordinates": [ -91.012819821474281, 30.405123717408916 ] } },
{ "type": "Feature", "properties": { "ID": 66563, "LANDMARK_NAME": "SPRING BROOK APARTMENTS", "FULL_ADDRESS": "15580 GEORGE O'NEAL RD, BLDG 8", "CITY": "BATON ROUGE", "STATE": "LOUISIANA", "ZIP": 70817, "PHONE_NUMBER": null, "LATITUDE": 30.4051, "LONGITUDE": -91.01311 }, "geometry": { "type": "Point", "coordinates": [ -91.013120274532952, 30.405107645845451 ] } },
{ "type": "Feature", "properties": { "ID": 66564, "LANDMARK_NAME": "SPRING BROOK APARTMENTS", "FULL_ADDRESS": "15580 GEORGE O'NEAL RD, BLDG 9", "CITY": "BATON ROUGE", "STATE": "LOUISIANA", "ZIP": 70817, "PHONE_NUMBER": null, "LATITUDE": 30.40511, "LONGITUDE": -91.01354 }, "geometry": { "type": "Point", "coordinates": [ -91.013541774371916, 30.405117066429991 ] } },
{ "type": "Feature", "properties": { "ID": 66565, "LANDMARK_NAME": "SPRING BROOK APARTMENTS", "FULL_ADDRESS": "15580 GEORGE O'NEAL RD, BLDG 10", "CITY": "BATON ROUGE", "STATE": "LOUISIANA", "ZIP": 70817, "PHONE_NUMBER": null, "LATITUDE": 30.40485, "LONGITUDE": -91.01359 }, "geometry": { "type": "Point", "coordinates": [ -91.013591064229246, 30.404856800214326 ] } },
{ "type": "Feature", "properties": { "ID": 66566, "LANDMARK_NAME": "SPRING BROOK APARTMENTS", "FULL_ADDRESS": "15580 GEORGE O'NEAL RD, BLDG 11", "CITY": "BATON ROUGE", "STATE": "LOUISIANA", "ZIP": 70817, "PHONE_NUMBER": null, "LATITUDE": 30.40478, "LONGITUDE": -91.01288 }, "geometry": { "type": "Point", "coordinates": [ -91.012883892779129, 30.404787891919369 ] } },
{ "type": "Feature", "properties": { "ID": 66567, "LANDMARK_NAME": "SPRING BROOK APARTMENTS", "FULL_ADDRESS": "15580 GEORGE O'NEAL RD, BLDG 12", "CITY": "BATON ROUGE", "STATE": "LOUISIANA", "ZIP": 70817, "PHONE_NUMBER": null, "LATITUDE": 30.4046, "LONGITUDE": -91.01292 }, "geometry": { "type": "Point", "coordinates": [ -91.012923235685506, 30.404607397332818 ] } },
{ "type": "Feature", "properties": { "ID": 66758, "LANDMARK_NAME": "SPRING BROOK APARTMENTS", "FULL_ADDRESS": "15580 GEORGE O'NEAL RD, BLDG 13", "CITY": "BATON ROUGE", "STATE": "LOUISIANA", "ZIP": 70817, "PHONE_NUMBER": null, "LATITUDE": 30.40452, "LONGITUDE": -91.0137 }, "geometry": { "type": "Point", "coordinates": [ -91.013708414050868, 30.404525303304247 ] } },
{ "type": "Feature", "properties": { "ID": 66759, "LANDMARK_NAME": "SPRING BROOK APARTMENTS", "FULL_ADDRESS": "15580 GEORGE O'NEAL RD, BLDG 14", "CITY": "BATON ROUGE", "STATE": "LOUISIANA", "ZIP": 70817, "PHONE_NUMBER": null, "LATITUDE": 30.40447, "LONGITUDE": -91.01345 }, "geometry": { "type": "Point", "coordinates": [ -91.013456618126398, 30.404478496297056 ] } },
{ "type": "Feature", "properties": { "ID": 66760, "LANDMARK_NAME": "SPRING BROOK APARTMENTS", "FULL_ADDRESS": "15580 GEORGE O'NEAL RD, BLDG 15", "CITY": "BATON ROUGE", "STATE": "LOUISIANA", "ZIP": 70817, "PHONE_NUMBER": null, "LATITUDE": 30.40438, "LONGITUDE": -91.01319 }, "geometry": { "type": "Point", "coordinates": [ -91.013195266708294, 30.404389668737785 ] } },
{ "type": "Feature", "properties": { "ID": 66761, "LANDMARK_NAME": "SPRING BROOK APARTMENTS", "FULL_ADDRESS": "15580 GEORGE O'NEAL RD, BLDG 16", "CITY": "BATON ROUGE", "STATE": "LOUISIANA", "ZIP": 70817, "PHONE_NUMBER": null, "LATITUDE": 30.40436, "LONGITUDE": -91.01293 }, "geometry": { "type": "Point", "coordinates": [ -91.012938557047704, 30.404363848660324 ] } },
{ "type": "Feature", "properties": { "ID": 67514, "LANDMARK_NAME": "CITISCAPE APARTMENTS", "FULL_ADDRESS": "5010 MANCUSO LN, BLDG 1", "CITY": "BATON ROUGE", "STATE": "LOUISIANA", "ZIP": 70809, "PHONE_NUMBER": null, "LATITUDE": 30.39787, "LONGITUDE": -91.10318 }, "geometry": { "type": "Point", "coordinates": [ -91.103181683999196, 30.397872665304991 ] } },
{ "type": "Feature", "properties": { "ID": 67515, "LANDMARK_NAME": "CITISCAPE APARTMENTS", "FULL_ADDRESS": "5010 MANCUSO LN, BLDG 2", "CITY": "BATON ROUGE", "STATE": "LOUISIANA", "ZIP": 70809, "PHONE_NUMBER": null, "LATITUDE": 30.3981, "LONGITUDE": -91.10343 }, "geometry": { "type": "Point", "coordinates": [ -91.103433576110689, 30.398101864421935 ] } },
{ "type": "Feature", "properties": { "ID": 67516, "LANDMARK_NAME": "CITISCAPE APARTMENTS", "FULL_ADDRESS": "5010 MANCUSO LN, BLDG 3", "CITY": "BATON ROUGE", "STATE": "LOUISIANA", "ZIP": 70809, "PHONE_NUMBER": null, "LATITUDE": 30.3982, "LONGITUDE": -91.10388 }, "geometry": { "type": "Point", "coordinates": [ -91.103886559035573, 30.398202112597016 ] } },
{ "type": "Feature", "properties": { "ID": 67517, "LANDMARK_NAME": "CITISCAPE APARTMENTS", "FULL_ADDRESS": "5010 MANCUSO LN, BLDG 4", "CITY": "BATON ROUGE", "STATE": "LOUISIANA", "ZIP": 70809, "PHONE_NUMBER": null, "LATITUDE": 30.39845, "LONGITUDE": -91.10433 }, "geometry": { "type": "Point", "coordinates": [ -91.104333461834017, 30.398451540364871 ] } },
{ "type": "Feature", "properties": { "ID": 67518, "LANDMARK_NAME": "CITISCAPE APARTMENTS", "FULL_ADDRESS": "5010 MANCUSO LN, BLDG 5", "CITY": "BATON ROUGE", "STATE": "LOUISIANA", "ZIP": 70809, "PHONE_NUMBER": null, "LATITUDE": 30.39878, "LONGITUDE": -91.10477 }, "geometry": { "type": "Point", "coordinates": [ -91.104780183796109, 30.398780534455348 ] } },
{ "type": "Feature", "properties": { "ID": 67519, "LANDMARK_NAME": "CITISCAPE APARTMENTS", "FULL_ADDRESS": "5010 MANCUSO LN, BLDG 6", "CITY": "BATON ROUGE", "STATE": "LOUISIANA", "ZIP": 70809, "PHONE_NUMBER": null, "LATITUDE": 30.39915, "LONGITUDE": -91.1046 }, "geometry": { "type": "Point", "coordinates": [ -91.104607217612326, 30.399153214429258 ] } },
{ "type": "Feature", "properties": { "ID": 67520, "LANDMARK_NAME": "CITISCAPE APARTMENTS", "FULL_ADDRESS": "5010 MANCUSO LN, BLDG 7", "CITY": "BATON ROUGE", "STATE": "LOUISIANA", "ZIP": 70809, "PHONE_NUMBER": null, "LATITUDE": 30.399, "LONGITUDE": -91.10433 }, "geometry": { "type": "Point", "coordinates": [ -91.104337914881867, 30.399008529764785 ] } },
{ "type": "Feature", "properties": { "ID": 67521, "LANDMARK_NAME": "CITISCAPE APARTMENTS", "FULL_ADDRESS": "5010 MANCUSO LN, BLDG 8", "CITY": "BATON ROUGE", "STATE": "LOUISIANA", "ZIP": 70809, "PHONE_NUMBER": null, "LATITUDE": 30.3987, "LONGITUDE": -91.10382 }, "geometry": { "type": "Point", "coordinates": [ -91.103828029743894, 30.398704288927483 ] } },
{ "type": "Feature", "properties": { "ID": 67522, "LANDMARK_NAME": "CITISCAPE APARTMENTS", "FULL_ADDRESS": "5010 MANCUSO LN, BLDG 9", "CITY": "BATON ROUGE", "STATE": "LOUISIANA", "ZIP": 70809, "PHONE_NUMBER": null, "LATITUDE": 30.39845, "LONGITUDE": -91.10354 }, "geometry": { "type": "Point", "coordinates": [ -91.103541759644074, 30.398455138803563 ] } },
{ "type": "Feature", "properties": { "ID": 67523, "LANDMARK_NAME": "CITISCAPE APARTMENTS", "FULL_ADDRESS": "5010 MANCUSO LN, BLDG 10", "CITY": "BATON ROUGE", "STATE": "LOUISIANA", "ZIP": 70809, "PHONE_NUMBER": null, "LATITUDE": 30.39889, "LONGITUDE": -91.103 }, "geometry": { "type": "Point", "coordinates": [ -91.103001465666182, 30.398896800256562 ] } },
{ "type": "Feature", "properties": { "ID": 67524, "LANDMARK_NAME": "CITISCAPE APARTMENTS", "FULL_ADDRESS": "5010 MANCUSO LN, BLDG 11", "CITY": "BATON ROUGE", "STATE": "LOUISIANA", "ZIP": 70809, "PHONE_NUMBER": null, "LATITUDE": 30.39858, "LONGITUDE": -91.10246 }, "geometry": { "type": "Point", "coordinates": [ -91.102462924851395, 30.39858255863146 ] } },
{ "type": "Feature", "properties": { "ID": 67674, "LANDMARK_NAME": "CYPRESS PARK APARTMENTS", "FULL_ADDRESS": "10318 CELTIC DR", "CITY": "BATON ROUGE", "STATE": "LOUISIANA", "ZIP": 70809, "PHONE_NUMBER": null, "LATITUDE": 30.41568, "LONGITUDE": -91.07424 }, "geometry": { "type": "Point", "coordinates": [ -91.074245403627074, 30.41568446701859 ] } },
{ "type": "Feature", "properties": { "ID": 68267, "LANDMARK_NAME": "RUE DE BELLE APARTMENTS 1", "FULL_ADDRESS": "4312 RUE DE BELLE AMIE", "CITY": "BATON ROUGE", "STATE": "LOUISIANA", "ZIP": 70809, "PHONE_NUMBER": null, "LATITUDE": 30.4098, "LONGITUDE": -91.07531 }, "geometry": { "type": "Point", "coordinates": [ -91.075312929036457, 30.409806735288406 ] } },
{ "type": "Feature", "properties": { "ID": 68871, "LANDMARK_NAME": "BLUEBONNET RIDGE APARTMENTS", "FULL_ADDRESS": "10644 GLENSTONE CT", "CITY": "BATON ROUGE", "STATE": "LOUISIANA", "ZIP": 70810, "PHONE_NUMBER": null, "LATITUDE": 30.36577, "LONGITUDE": -91.10292 }, "geometry": { "type": "Point", "coordinates": [ -91.102925640243598, 30.365772613311879 ] } },
{ "type": "Feature", "properties": { "ID": 68875, "LANDMARK_NAME": "BLUEBONNET RIDGE APARTMENTS", "FULL_ADDRESS": "911 RIDGEPOINT CT", "CITY": "BATON ROUGE", "STATE": "LOUISIANA", "ZIP": 70810, "PHONE_NUMBER": null, "LATITUDE": 30.36735, "LONGITUDE": -91.10269 }, "geometry": { "type": "Point", "coordinates": [ -91.102700775253425, 30.367352800984822 ] } },
{ "type": "Feature", "properties": { "ID": 68880, "LANDMARK_NAME": "BLUBONNET RIDGE APARTMENTS", "FULL_ADDRESS": "10633 GLENSTONE CT", "CITY": "BATON ROUGE", "STATE": "LOUISIANA", "ZIP": 70810, "PHONE_NUMBER": null, "LATITUDE": 30.36659, "LONGITUDE": -91.10286 }, "geometry": { "type": "Point", "coordinates": [ -91.102865881785391, 30.366599624242856 ] } },
{ "type": "Feature", "properties": { "ID": 68881, "LANDMARK_NAME": "BLUBONNET RIDGE APARTMENTS", "FULL_ADDRESS": "10633 GLENSTONE CT", "CITY": "BATON ROUGE", "STATE": "LOUISIANA", "ZIP": 70810, "PHONE_NUMBER": null, "LATITUDE": 30.36659, "LONGITUDE": -91.10286 }, "geometry": { "type": "Point", "coordinates": [ -91.102865881785391, 30.366599624242856 ] } },
{ "type": "Feature", "properties": { "ID": 68894, "LANDMARK_NAME": "APARTMENTS", "FULL_ADDRESS": "1624 CLEAR LAKE AVE", "CITY": "BATON ROUGE", "STATE": "LOUISIANA", "ZIP": 70808, "PHONE_NUMBER": null, "LATITUDE": 30.38918, "LONGITUDE": -91.11473 }, "geometry": { "type": "Point", "coordinates": [ -91.114740673549562, 30.38918282113594 ] } },
{ "type": "Feature", "properties": { "ID": 69369, "LANDMARK_NAME": "SIEGEN CALAIS APARTMENTS", "FULL_ADDRESS": "8363 SIEGEN LN", "CITY": "BATON ROUGE", "STATE": "LOUISIANA", "ZIP": 70810, "PHONE_NUMBER": null, "LATITUDE": 30.37223, "LONGITUDE": -91.07111 }, "geometry": { "type": "Point", "coordinates": [ -91.071117285877307, 30.372238319683959 ] } },
{ "type": "Feature", "properties": { "ID": 69458, "LANDMARK_NAME": "OAKLEIGH APARTMENTS", "FULL_ADDRESS": "11580 PERKINS RD", "CITY": "BATON ROUGE", "STATE": "LOUISIANA", "ZIP": 70810, "PHONE_NUMBER": null, "LATITUDE": 30.37122, "LONGITUDE": -91.08531 }, "geometry": { "type": "Point", "coordinates": [ -91.085317371899563, 30.371226385843158 ] } },
{ "type": "Feature", "properties": { "ID": 69551, "LANDMARK_NAME": "JEFFERSON ARMS APARTMENTS", "FULL_ADDRESS": "10390 JEFFERSON HWY", "CITY": "BATON ROUGE", "STATE": "LOUISIANA", "ZIP": 70809, "PHONE_NUMBER": null, "LATITUDE": 30.40791, "LONGITUDE": -91.06806 }, "geometry": { "type": "Point", "coordinates": [ -91.068063951812306, 30.40791146496532 ] } },
{ "type": "Feature", "properties": { "ID": 69552, "LANDMARK_NAME": "JEFFERSON ARMS APARTMENTS", "FULL_ADDRESS": "10390 JEFFERSON HWY", "CITY": "BATON ROUGE", "STATE": "LOUISIANA", "ZIP": 70809, "PHONE_NUMBER": null, "LATITUDE": 30.40791, "LONGITUDE": -91.06806 }, "geometry": { "type": "Point", "coordinates": [ -91.068063951812306, 30.40791146496532 ] } },
{ "type": "Feature", "properties": { "ID": 69553, "LANDMARK_NAME": "JEFFERSON ARMS APARTMENTS", "FULL_ADDRESS": "10390 JEFFERSON HWY", "CITY": "BATON ROUGE", "STATE": "LOUISIANA", "ZIP": 70809, "PHONE_NUMBER": null, "LATITUDE": 30.40791, "LONGITUDE": -91.06806 }, "geometry": { "type": "Point", "coordinates": [ -91.068063951812306, 30.40791146496532 ] } },
{ "type": "Feature", "properties": { "ID": 69626, "LANDMARK_NAME": "APARTMENTS", "FULL_ADDRESS": "10526 N OAK HILLS PKWY", "CITY": "BATON ROUGE", "STATE": "LOUISIANA", "ZIP": 70810, "PHONE_NUMBER": null, "LATITUDE": 30.36953, "LONGITUDE": -91.10378 }, "geometry": { "type": "Point", "coordinates": [ -91.103783107283263, 30.369531930659495 ] } },
{ "type": "Feature", "properties": { "ID": 69964, "LANDMARK_NAME": "APARTMENTS", "FULL_ADDRESS": "7612 BLES AVE", "CITY": "BATON ROUGE", "STATE": "LOUISIANA", "ZIP": 70810, "PHONE_NUMBER": null, "LATITUDE": 30.39249, "LONGITUDE": -91.1099 }, "geometry": { "type": "Point", "coordinates": [ -91.10990391553041, 30.392500150220592 ] } },
{ "type": "Feature", "properties": { "ID": 70186, "LANDMARK_NAME": "APARTMENTS", "FULL_ADDRESS": "7302 TOWN SOUTH AVE", "CITY": "BATON ROUGE", "STATE": "LOUISIANA", "ZIP": 70808, "PHONE_NUMBER": null, "LATITUDE": 30.39173, "LONGITUDE": -91.11463 }, "geometry": { "type": "Point", "coordinates": [ -91.114631382135741, 30.391734512013876 ] } },
{ "type": "Feature", "properties": { "ID": 70465, "LANDMARK_NAME": "MAGNOLIA BROOK ON SIEGEN LANE APARTMENTS", "FULL_ADDRESS": "9394 SIEGEN LN", "CITY": "BATON ROUGE", "STATE": "LOUISIANA", "ZIP": 70810, "PHONE_NUMBER": null, "LATITUDE": 30.36462, "LONGITUDE": -91.07781 }, "geometry": { "type": "Point", "coordinates": [ -91.077818027446284, 30.364623858824281 ] } },
{ "type": "Feature", "properties": { "ID": 70514, "LANDMARK_NAME": "APARTMENTS", "FULL_ADDRESS": "7641 BLES AVE", "CITY": "BATON ROUGE", "STATE": "LOUISIANA", "ZIP": 70810, "PHONE_NUMBER": null, "LATITUDE": 30.39271, "LONGITUDE": -91.10906 }, "geometry": { "type": "Point", "coordinates": [ -91.109070508414121, 30.392714833653645 ] } },
{ "type": "Feature", "properties": { "ID": 70535, "LANDMARK_NAME": "APARTMENTS", "FULL_ADDRESS": "7912 BLES AVE", "CITY": "BATON ROUGE", "STATE": "LOUISIANA", "ZIP": 70810, "PHONE_NUMBER": null, "LATITUDE": 30.39136, "LONGITUDE": -91.10789 }, "geometry": { "type": "Point", "coordinates": [ -91.107891259807744, 30.391360503773242 ] } },
{ "type": "Feature", "properties": { "ID": 70544, "LANDMARK_NAME": "APARTMENTS", "FULL_ADDRESS": "7837 BLES AVE", "CITY": "BATON ROUGE", "STATE": "LOUISIANA", "ZIP": 70810, "PHONE_NUMBER": null, "LATITUDE": 30.392, "LONGITUDE": -91.10777 }, "geometry": { "type": "Point", "coordinates": [ -91.107775951243937, 30.392000679366042 ] } },
{ "type": "Feature", "properties": { "ID": 71012, "LANDMARK_NAME": "JEFFERSON MANOR APARTMENTS", "FULL_ADDRESS": "4484 FLOYNELL DR", "CITY": "BATON ROUGE", "STATE": "LOUISIANA", "ZIP": 70809, "PHONE_NUMBER": null, "LATITUDE": 30.40902, "LONGITUDE": -91.07422 }, "geometry": { "type": "Point", "coordinates": [ -91.074223436614972, 30.409023093807427 ] } },
{ "type": "Feature", "properties": { "ID": 71298, "LANDMARK_NAME": "APARTMENTS", "FULL_ADDRESS": "7743 BLES AVE", "CITY": "BATON ROUGE", "STATE": "LOUISIANA", "ZIP": 70810, "PHONE_NUMBER": null, "LATITUDE": 30.39226, "LONGITUDE": -91.10825 }, "geometry": { "type": "Point", "coordinates": [ -91.108252956483113, 30.392270434697792 ] } },
{ "type": "Feature", "properties": { "ID": 71300, "LANDMARK_NAME": "APARTMENTS", "FULL_ADDRESS": "7836 BLES AVE", "CITY": "BATON ROUGE", "STATE": "LOUISIANA", "ZIP": 70810, "PHONE_NUMBER": null, "LATITUDE": 30.39147, "LONGITUDE": -91.10816 }, "geometry": { "type": "Point", "coordinates": [ -91.108162596616552, 30.391477313888917 ] } },
{ "type": "Feature", "properties": { "ID": 71309, "LANDMARK_NAME": "APARTMENTS", "FULL_ADDRESS": "7817 BLES AVE", "CITY": "BATON ROUGE", "STATE": "LOUISIANA", "ZIP": 70810, "PHONE_NUMBER": null, "LATITUDE": 30.39219, "LONGITUDE": -91.10809 }, "geometry": { "type": "Point", "coordinates": [ -91.108099746462088, 30.392190568428155 ] } },
{ "type": "Feature", "properties": { "ID": 71450, "LANDMARK_NAME": "APARTMENTS", "FULL_ADDRESS": "7642 BLES AVE", "CITY": "BATON ROUGE", "STATE": "LOUISIANA", "ZIP": 70810, "PHONE_NUMBER": null, "LATITUDE": 30.3922, "LONGITUDE": -91.10943 }, "geometry": { "type": "Point", "coordinates": [ -91.109440307637854, 30.392201707207338 ] } },
{ "type": "Feature", "properties": { "ID": 71460, "LANDMARK_NAME": "APARTMENTS", "FULL_ADDRESS": "7826 BLES AVE", "CITY": "BATON ROUGE", "STATE": "LOUISIANA", "ZIP": 70810, "PHONE_NUMBER": null, "LATITUDE": 30.39157, "LONGITUDE": -91.10833 }, "geometry": { "type": "Point", "coordinates": [ -91.108334284299673, 30.391571391576516 ] } },
{ "type": "Feature", "properties": { "ID": 71561, "LANDMARK_NAME": "APARTMENTS", "FULL_ADDRESS": "7932 BLES AVE", "CITY": "BATON ROUGE", "STATE": "LOUISIANA", "ZIP": 70810, "PHONE_NUMBER": null, "LATITUDE": 30.39115, "LONGITUDE": -91.10758 }, "geometry": { "type": "Point", "coordinates": [ -91.107584395769479, 30.391152771679604 ] } },
{ "type": "Feature", "properties": { "ID": 71723, "LANDMARK_NAME": "APARTMENTS", "FULL_ADDRESS": "10524 N OAK HILLS PKWY", "CITY": "BATON ROUGE", "STATE": "LOUISIANA", "ZIP": 70810, "PHONE_NUMBER": null, "LATITUDE": 30.36972, "LONGITUDE": -91.10366 }, "geometry": { "type": "Point", "coordinates": [ -91.103665409207252, 30.369727301352029 ] } },
{ "type": "Feature", "properties": { "ID": 71734, "LANDMARK_NAME": "APARTMENTS", "FULL_ADDRESS": "10536 N OAK HILLS PKWY", "CITY": "BATON ROUGE", "STATE": "LOUISIANA", "ZIP": 70810, "PHONE_NUMBER": null, "LATITUDE": 30.36938, "LONGITUDE": -91.10345 }, "geometry": { "type": "Point", "coordinates": [ -91.103458591999072, 30.369380722233426 ] } },
{ "type": "Feature", "properties": { "ID": 71740, "LANDMARK_NAME": "BLUEBONNET RIDGE APARTMENTS", "FULL_ADDRESS": "921 RIDGEPOINT CT", "CITY": "BATON ROUGE", "STATE": "LOUISIANA", "ZIP": 70810, "PHONE_NUMBER": null, "LATITUDE": 30.36772, "LONGITUDE": -91.10257 }, "geometry": { "type": "Point", "coordinates": [ -91.102579745374484, 30.367721567589495 ] } },
{ "type": "Feature", "properties": { "ID": 72024, "LANDMARK_NAME": "APARTMENTS", "FULL_ADDRESS": "7621 BLES AVE", "CITY": "BATON ROUGE", "STATE": "LOUISIANA", "ZIP": 70810, "PHONE_NUMBER": null, "LATITUDE": 30.3929, "LONGITUDE": -91.10937 }, "geometry": { "type": "Point", "coordinates": [ -91.109374712584284, 30.392902127066833 ] } },
{ "type": "Feature", "properties": { "ID": 72036, "LANDMARK_NAME": "APARTMENTS", "FULL_ADDRESS": "7652 BLES AVE", "CITY": "BATON ROUGE", "STATE": "LOUISIANA", "ZIP": 70810, "PHONE_NUMBER": null, "LATITUDE": 30.39212, "LONGITUDE": -91.10926 }, "geometry": { "type": "Point", "coordinates": [ -91.109262546571486, 30.392123981960783 ] } },
{ "type": "Feature", "properties": { "ID": 72040, "LANDMARK_NAME": "APARTMENTS", "FULL_ADDRESS": "7631 BLES AVE", "CITY": "BATON ROUGE", "STATE": "LOUISIANA", "ZIP": 70810, "PHONE_NUMBER": null, "LATITUDE": 30.39279, "LONGITUDE": -91.10923 }, "geometry": { "type": "Point", "coordinates": [ -91.109233488671535, 30.392798588940092 ] } },
{ "type": "Feature", "properties": { "ID": 72204, "LANDMARK_NAME": "BLUEBONNET RIDGE APARTMENTS", "FULL_ADDRESS": "10624 GLENSTONE CT", "CITY": "BATON ROUGE", "STATE": "LOUISIANA", "ZIP": 70810, "PHONE_NUMBER": null, "LATITUDE": 30.36588, "LONGITUDE": -91.10375 }, "geometry": { "type": "Point", "coordinates": [ -91.103755439638789, 30.365886870636839 ] } },
{ "type": "Feature", "properties": { "ID": 72251, "LANDMARK_NAME": "APARTMENTS", "FULL_ADDRESS": "7322 TOWN SOUTH AVE", "CITY": "BATON ROUGE", "STATE": "LOUISIANA", "ZIP": 70808, "PHONE_NUMBER": null, "LATITUDE": 30.39143, "LONGITUDE": -91.11445 }, "geometry": { "type": "Point", "coordinates": [ -91.114453243318195, 30.391439514727619 ] } },
{ "type": "Feature", "properties": { "ID": 72260, "LANDMARK_NAME": "APARTMENTS", "FULL_ADDRESS": "1644 CLEAR LAKE AVE", "CITY": "BATON ROUGE", "STATE": "LOUISIANA", "ZIP": 70808, "PHONE_NUMBER": null, "LATITUDE": 30.38898, "LONGITUDE": -91.11432 }, "geometry": { "type": "Point", "coordinates": [ -91.114323017240139, 30.388981712270422 ] } },
{ "type": "Feature", "properties": { "ID": 72271, "LANDMARK_NAME": "GASLITE I APARTMENTS", "FULL_ADDRESS": "4221 BURBANK DR", "CITY": "BATON ROUGE", "STATE": "LOUISIANA", "ZIP": 70808, "PHONE_NUMBER": null, "LATITUDE": 30.40172, "LONGITUDE": -91.17605 }, "geometry": { "type": "Point", "coordinates": [ -91.176057284354812, 30.401722453835639 ] } },
{ "type": "Feature", "properties": { "ID": 72523, "LANDMARK_NAME": "APARTMENTS", "FULL_ADDRESS": "7933 BLES AVE", "CITY": "BATON ROUGE", "STATE": "LOUISIANA", "ZIP": 70810, "PHONE_NUMBER": null, "LATITUDE": 30.39163, "LONGITUDE": -91.10715 }, "geometry": { "type": "Point", "coordinates": [ -91.107153993897867, 30.39163559270132 ] } },
{ "type": "Feature", "properties": { "ID": 72529, "LANDMARK_NAME": "BLUEBONNET RIDGE APARTMENTS", "FULL_ADDRESS": "10643 GLENSTONE CT", "CITY": "BATON ROUGE", "STATE": "LOUISIANA", "ZIP": 70810, "PHONE_NUMBER": null, "LATITUDE": 30.36631, "LONGITUDE": -91.10289 }, "geometry": { "type": "Point", "coordinates": [ -91.102896839679048, 30.366314304192084 ] } },
{ "type": "Feature", "properties": { "ID": 72790, "LANDMARK_NAME": "BRIGHTSIDE MANOR APARTMENTS", "FULL_ADDRESS": "1670 BRIGHTSIDE DR", "CITY": "BATON ROUGE", "STATE": "LOUISIANA", "ZIP": 70820, "PHONE_NUMBER": null, "LATITUDE": 30.38867, "LONGITUDE": -91.17611 }, "geometry": { "type": "Point", "coordinates": [ -91.17611196999006, 30.388670567514392 ] } },
{ "type": "Feature", "properties": { "ID": 73029, "LANDMARK_NAME": "BRIGHTSIDE COMMONS APARTMENTS", "FULL_ADDRESS": "1984 BRIGHTSIDE DR", "CITY": "BATON ROUGE", "STATE": "LOUISIANA", "ZIP": 70820, "PHONE_NUMBER": null, "LATITUDE": 30.38961, "LONGITUDE": -91.17591 }, "geometry": { "type": "Point", "coordinates": [ -91.175918215638021, 30.389619961247096 ] } },
{ "type": "Feature", "properties": { "ID": 73030, "LANDMARK_NAME": "BRIGHTSIDE COMMONS APARTMENTS", "FULL_ADDRESS": "1984 BRIGHTSIDE DR", "CITY": "BATON ROUGE", "STATE": "LOUISIANA", "ZIP": 70820, "PHONE_NUMBER": null, "LATITUDE": 30.38961, "LONGITUDE": -91.17591 }, "geometry": { "type": "Point", "coordinates": [ -91.175918215638021, 30.389619961247096 ] } },
{ "type": "Feature", "properties": { "ID": 73405, "LANDMARK_NAME": "APARTMENTS", "FULL_ADDRESS": "7362 TOWN SOUTH AVE", "CITY": "BATON ROUGE", "STATE": "LOUISIANA", "ZIP": 70808, "PHONE_NUMBER": null, "LATITUDE": 30.39121, "LONGITUDE": -91.11386 }, "geometry": { "type": "Point", "coordinates": [ -91.113863260962916, 30.391216055652752 ] } },
{ "type": "Feature", "properties": { "ID": 73409, "LANDMARK_NAME": "APARTMENTS", "FULL_ADDRESS": "7913 BLES AVE", "CITY": "BATON ROUGE", "STATE": "LOUISIANA", "ZIP": 70810, "PHONE_NUMBER": null, "LATITUDE": 30.39182, "LONGITUDE": -91.10745 }, "geometry": { "type": "Point", "coordinates": [ -91.107460040032876, 30.391827570195801 ] } },
{ "type": "Feature", "properties": { "ID": 73422, "LANDMARK_NAME": "APARTMENTS", "FULL_ADDRESS": "7923 BLES AVE", "CITY": "BATON ROUGE", "STATE": "LOUISIANA", "ZIP": 70810, "PHONE_NUMBER": null, "LATITUDE": 30.39174, "LONGITUDE": -91.10729 }, "geometry": { "type": "Point", "coordinates": [ -91.107294327336305, 30.391746483633955 ] } },
{ "type": "Feature", "properties": { "ID": 73426, "LANDMARK_NAME": "PERKINS COVE APARTMENT", "FULL_ADDRESS": "7944 BLES AVE", "CITY": "BATON ROUGE", "STATE": "LOUISIANA", "ZIP": 70810, "PHONE_NUMBER": null, "LATITUDE": 30.39107, "LONGITUDE": -91.10712 }, "geometry": { "type": "Point", "coordinates": [ -91.107130417708859, 30.391071563010236 ] } },
{ "type": "Feature", "properties": { "ID": 73473, "LANDMARK_NAME": "TIGER MANOR APARTMENTS", "FULL_ADDRESS": "405 E STATE ST", "CITY": "BATON ROUGE", "STATE": "LOUISIANA", "ZIP": 70802, "PHONE_NUMBER": null, "LATITUDE": 30.41939, "LONGITUDE": -91.17361 }, "geometry": { "type": "Point", "coordinates": [ -91.173620533536194, 30.419392284029637 ] } },
{ "type": "Feature", "properties": { "ID": 73549, "LANDMARK_NAME": "BLUEBONNET RIDGE APARTMENTS", "FULL_ADDRESS": "910 RIDGEPOINT CT", "CITY": "BATON ROUGE", "STATE": "LOUISIANA", "ZIP": 70810, "PHONE_NUMBER": null, "LATITUDE": 30.36704, "LONGITUDE": -91.10198 }, "geometry": { "type": "Point", "coordinates": [ -91.101981816534575, 30.367041180271737 ] } },
{ "type": "Feature", "properties": { "ID": 73583, "LANDMARK_NAME": "OAKBROOK APARTMENTS", "FULL_ADDRESS": "5055 NICHOLSON DR", "CITY": "BATON ROUGE", "STATE": "LOUISIANA", "ZIP": 70820, "PHONE_NUMBER": null, "LATITUDE": 30.39137, "LONGITUDE": -91.17297 }, "geometry": { "type": "Point", "coordinates": [ -91.172971124355755, 30.391379462203332 ] } },
{ "type": "Feature", "properties": { "ID": 73586, "LANDMARK_NAME": "THE ARMSTRONG APARTMENTS", "FULL_ADDRESS": "4600 BURBANK DR", "CITY": "BATON ROUGE", "STATE": "LOUISIANA", "ZIP": 70820, "PHONE_NUMBER": null, "LATITUDE": 30.39851, "LONGITUDE": -91.17285 }, "geometry": { "type": "Point", "coordinates": [ -91.172853139702909, 30.398516135632999 ] } },
{ "type": "Feature", "properties": { "ID": 73587, "LANDMARK_NAME": "THE ARMSTRONG APARTMENTS", "FULL_ADDRESS": "4600 BURBANK DR", "CITY": "BATON ROUGE", "STATE": "LOUISIANA", "ZIP": 70820, "PHONE_NUMBER": null, "LATITUDE": 30.39851, "LONGITUDE": -91.17285 }, "geometry": { "type": "Point", "coordinates": [ -91.172853139702909, 30.398516135632999 ] } },
{ "type": "Feature", "properties": { "ID": 73588, "LANDMARK_NAME": "THE COURT AT EAST BOYD APARTMENTS", "FULL_ADDRESS": "225 E BOYD DR", "CITY": "BATON ROUGE", "STATE": "LOUISIANA", "ZIP": 70808, "PHONE_NUMBER": null, "LATITUDE": 30.40246, "LONGITUDE": -91.17306 }, "geometry": { "type": "Point", "coordinates": [ -91.173066078895474, 30.402464218209754 ] } },
{ "type": "Feature", "properties": { "ID": 73646, "LANDMARK_NAME": "CHATEAU DIJON APARTMENTS", "FULL_ADDRESS": "4155 ESSEN LN", "CITY": "BATON ROUGE", "STATE": "LOUISIANA", "ZIP": 70809, "PHONE_NUMBER": null, "LATITUDE": 30.41052, "LONGITUDE": -91.0983 }, "geometry": { "type": "Point", "coordinates": [ -91.098301414214646, 30.410526782683398 ] } },
{ "type": "Feature", "properties": { "ID": 73926, "LANDMARK_NAME": "BLUEBONNET RIDGE APARTMENTS", "FULL_ADDRESS": "906 RIDGEPOINT CT", "CITY": "BATON ROUGE", "STATE": "LOUISIANA", "ZIP": 70810, "PHONE_NUMBER": null, "LATITUDE": 30.36699, "LONGITUDE": -91.10247 }, "geometry": { "type": "Point", "coordinates": [ -91.102479189671627, 30.366999019019687 ] } },
{ "type": "Feature", "properties": { "ID": 74000, "LANDMARK_NAME": "APARTMENTS", "FULL_ADDRESS": "5607 MACBETH DR", "CITY": "BATON ROUGE", "STATE": "LOUISIANA", "ZIP": 70817, "PHONE_NUMBER": null, "LATITUDE": 30.40226, "LONGITUDE": -91.01949 }, "geometry": { "type": "Point", "coordinates": [ -91.019498939384917, 30.402266259826778 ] } },
{ "type": "Feature", "properties": { "ID": 74312, "LANDMARK_NAME": "APARTMENTS", "FULL_ADDRESS": "15025 SHENANDOAH VIEW CT", "CITY": "BATON ROUGE", "STATE": "LOUISIANA", "ZIP": 70817, "PHONE_NUMBER": null, "LATITUDE": 30.39434, "LONGITUDE": -91.01688 }, "geometry": { "type": "Point", "coordinates": [ -91.016887678012353, 30.394350223371497 ] } },
{ "type": "Feature", "properties": { "ID": 74654, "LANDMARK_NAME": "CEDARWOOD APARTMENTS", "FULL_ADDRESS": "3484 CEDARCREST AVE", "CITY": "BATON ROUGE", "STATE": "LOUISIANA", "ZIP": 70816, "PHONE_NUMBER": null, "LATITUDE": 30.41986, "LONGITUDE": -91.06821 }, "geometry": { "type": "Point", "coordinates": [ -91.068217859557294, 30.419869267429128 ] } },
{ "type": "Feature", "properties": { "ID": 74798, "LANDMARK_NAME": "CHERRY BROOK APARTMENTS", "FULL_ADDRESS": "10871 CHERRY HILL AVE", "CITY": "BATON ROUGE", "STATE": "LOUISIANA", "ZIP": 70816, "PHONE_NUMBER": null, "LATITUDE": 30.41355, "LONGITUDE": -91.05967 }, "geometry": { "type": "Point", "coordinates": [ -91.059672041654224, 30.413558977163369 ] } },
{ "type": "Feature", "properties": { "ID": 75290, "LANDMARK_NAME": "APARTMENTS", "FULL_ADDRESS": "12826 BROGDON LN", "CITY": "BATON ROUGE", "STATE": "LOUISIANA", "ZIP": 70816, "PHONE_NUMBER": null, "LATITUDE": 30.40396, "LONGITUDE": -91.03808 }, "geometry": { "type": "Point", "coordinates": [ -91.038087688390007, 30.403965304762298 ] } },
{ "type": "Feature", "properties": { "ID": 75401, "LANDMARK_NAME": "SOUTHPARK APARTMENTS VIII 5", "FULL_ADDRESS": "10962 ABINGTON AVE", "CITY": "BATON ROUGE", "STATE": "LOUISIANA", "ZIP": 70816, "PHONE_NUMBER": null, "LATITUDE": 30.41073, "LONGITUDE": -91.05895 }, "geometry": { "type": "Point", "coordinates": [ -91.05895426190402, 30.410731525805037 ] } },
{ "type": "Feature", "properties": { "ID": 75439, "LANDMARK_NAME": "SOUTHPARK APARTMENTS VIII 2", "FULL_ADDRESS": "10861 ALCO AVE", "CITY": "BATON ROUGE", "STATE": "LOUISIANA", "ZIP": 70816, "PHONE_NUMBER": null, "LATITUDE": 30.41036, "LONGITUDE": -91.05928 }, "geometry": { "type": "Point", "coordinates": [ -91.059282921426856, 30.410370186913365 ] } },
{ "type": "Feature", "properties": { "ID": 75478, "LANDMARK_NAME": "APARTMENTS", "FULL_ADDRESS": "5605 MACBETH DR", "CITY": "BATON ROUGE", "STATE": "LOUISIANA", "ZIP": 70817, "PHONE_NUMBER": null, "LATITUDE": 30.40221, "LONGITUDE": -91.01925 }, "geometry": { "type": "Point", "coordinates": [ -91.019254804907646, 30.402218484300512 ] } },
{ "type": "Feature", "properties": { "ID": 75590, "LANDMARK_NAME": "SOUTH SHERWOOD OAKS APARTMENTS", "FULL_ADDRESS": "12839 COUNTRY RIDGE AVE", "CITY": "BATON ROUGE", "STATE": "LOUISIANA", "ZIP": 70816, "PHONE_NUMBER": null, "LATITUDE": 30.40298, "LONGITUDE": -91.03831 }, "geometry": { "type": "Point", "coordinates": [ -91.038316932072576, 30.402983298874084 ] } },
{ "type": "Feature", "properties": { "ID": 75921, "LANDMARK_NAME": "JEFFERSON SOUTH APARTMENTS", "FULL_ADDRESS": "15555 JEFFERSON HWY", "CITY": "BATON ROUGE", "STATE": "LOUISIANA", "ZIP": 70817, "PHONE_NUMBER": null, "LATITUDE": 30.37469, "LONGITUDE": -91.01523 }, "geometry": { "type": "Point", "coordinates": [ -91.015233273308922, 30.374690991162524 ] } },
{ "type": "Feature", "properties": { "ID": 76366, "LANDMARK_NAME": "BANBURY APARTMENTS ", "FULL_ADDRESS": "16161 TIGER BEND RD", "CITY": "BATON ROUGE", "STATE": "LOUISIANA", "ZIP": 70817, "PHONE_NUMBER": null, "LATITUDE": 30.39081, "LONGITUDE": -91.00513 }, "geometry": { "type": "Point", "coordinates": [ -91.00513498858048, 30.390812518248044 ] } },
{ "type": "Feature", "properties": { "ID": 76441, "LANDMARK_NAME": "APARTMENTS", "FULL_ADDRESS": "5603 MACBETH DR", "CITY": "BATON ROUGE", "STATE": "LOUISIANA", "ZIP": 70817, "PHONE_NUMBER": null, "LATITUDE": 30.40218, "LONGITUDE": -91.01896 }, "geometry": { "type": "Point", "coordinates": [ -91.018967614501335, 30.402189626575293 ] } },
{ "type": "Feature", "properties": { "ID": 76808, "LANDMARK_NAME": "APARTMENTS", "FULL_ADDRESS": "5601 MACBETH DR", "CITY": "BATON ROUGE", "STATE": "LOUISIANA", "ZIP": 70817, "PHONE_NUMBER": null, "LATITUDE": 30.40215, "LONGITUDE": -91.0187 }, "geometry": { "type": "Point", "coordinates": [ -91.018706233467796, 30.402157158136031 ] } },
{ "type": "Feature", "properties": { "ID": 78060, "LANDMARK_NAME": "DOVE CREEK APARTMENTS", "FULL_ADDRESS": "10920 AIRLINE HWY", "CITY": "BATON ROUGE", "STATE": "LOUISIANA", "ZIP": 70816, "PHONE_NUMBER": null, "LATITUDE": 30.40438, "LONGITUDE": -91.06208 }, "geometry": { "type": "Point", "coordinates": [ -91.062087421232647, 30.404389687008752 ] } },
{ "type": "Feature", "properties": { "ID": 78162, "LANDMARK_NAME": "RELLIM PLACE APARTMENTS", "FULL_ADDRESS": "12660 BROGDON LN", "CITY": "BATON ROUGE", "STATE": "LOUISIANA", "ZIP": 70816, "PHONE_NUMBER": null, "LATITUDE": 30.40418, "LONGITUDE": -91.03957 }, "geometry": { "type": "Point", "coordinates": [ -91.039576258550497, 30.404183733884501 ] } },
{ "type": "Feature", "properties": { "ID": 78330, "LANDMARK_NAME": "COURLANDS APARTMENTS", "FULL_ADDRESS": "4276 ARNOLD LN", "CITY": "BATON ROUGE", "STATE": "LOUISIANA", "ZIP": 70809, "PHONE_NUMBER": null, "LATITUDE": 30.412, "LONGITUDE": -91.06787 }, "geometry": { "type": "Point", "coordinates": [ -91.067877920362847, 30.412004809976381 ] } },
{ "type": "Feature", "properties": { "ID": 78338, "LANDMARK_NAME": "RELLIM PLACE APARTMENTS", "FULL_ADDRESS": "12566 BROGDON LN", "CITY": "BATON ROUGE", "STATE": "LOUISIANA", "ZIP": 70816, "PHONE_NUMBER": null, "LATITUDE": 30.40428, "LONGITUDE": -91.04051 }, "geometry": { "type": "Point", "coordinates": [ -91.040517103726458, 30.404281756925169 ] } },
{ "type": "Feature", "properties": { "ID": 78345, "LANDMARK_NAME": "21 SOUTH AT THE PARKVIEW APARTMENTS", "FULL_ADDRESS": "4888 S SHERWOOD FOREST BLVD", "CITY": "BATON ROUGE", "STATE": "LOUISIANA", "ZIP": 70816, "PHONE_NUMBER": null, "LATITUDE": 30.40917, "LONGITUDE": -91.05263 }, "geometry": { "type": "Point", "coordinates": [ -91.052640712404681, 30.409171296529113 ] } },
{ "type": "Feature", "properties": { "ID": 78485, "LANDMARK_NAME": "JEFFERSON SHADOWS APARTMENTS", "FULL_ADDRESS": "9771 JEFFERSON HWY", "CITY": "BATON ROUGE", "STATE": "LOUISIANA", "ZIP": 70809, "PHONE_NUMBER": null, "LATITUDE": 30.41209, "LONGITUDE": -91.07559 }, "geometry": { "type": "Point", "coordinates": [ -91.075597398512372, 30.412091531677056 ] } },
{ "type": "Feature", "properties": { "ID": 78526, "LANDMARK_NAME": "REGENCY CLUB APARTMENTS", "FULL_ADDRESS": "11555 SOUTHFORK AVE", "CITY": "BATON ROUGE", "STATE": "LOUISIANA", "ZIP": 70816, "PHONE_NUMBER": null, "LATITUDE": 30.42169, "LONGITUDE": -91.05638 }, "geometry": { "type": "Point", "coordinates": [ -91.056390189878357, 30.421691814325442 ] } },
{ "type": "Feature", "properties": { "ID": 78614, "LANDMARK_NAME": "RELLIM PLACE APARTMENTS", "FULL_ADDRESS": "12648 BROGDON LN", "CITY": "BATON ROUGE", "STATE": "LOUISIANA", "ZIP": 70816, "PHONE_NUMBER": null, "LATITUDE": 30.40425, "LONGITUDE": -91.03974 }, "geometry": { "type": "Point", "coordinates": [ -91.039741129022445, 30.404251548684798 ] } },
{ "type": "Feature", "properties": { "ID": 78834, "LANDMARK_NAME": "APARTMENTS", "FULL_ADDRESS": "12612 BROGDON LN", "CITY": "BATON ROUGE", "STATE": "LOUISIANA", "ZIP": 70816, "PHONE_NUMBER": null, "LATITUDE": 30.40426, "LONGITUDE": -91.04032 }, "geometry": { "type": "Point", "coordinates": [ -91.040329484638917, 30.40426089168426 ] } },
{ "type": "Feature", "properties": { "ID": 78951, "LANDMARK_NAME": "RELLIM PLACE APARTMENTS", "FULL_ADDRESS": "12636 BROGDON LN", "CITY": "BATON ROUGE", "STATE": "LOUISIANA", "ZIP": 70816, "PHONE_NUMBER": null, "LATITUDE": 30.40428, "LONGITUDE": -91.03995 }, "geometry": { "type": "Point", "coordinates": [ -91.039957322607066, 30.404289075774024 ] } },
{ "type": "Feature", "properties": { "ID": 79148, "LANDMARK_NAME": "CAMELOT VILLAGE APARTMENTS", "FULL_ADDRESS": "2245 KING ARTHUR BLVD", "CITY": "BATON ROUGE", "STATE": "LOUISIANA", "ZIP": 70816, "PHONE_NUMBER": null, "LATITUDE": 30.43102, "LONGITUDE": -91.04385 }, "geometry": { "type": "Point", "coordinates": [ -91.043854642999676, 30.431023233150334 ] } },
{ "type": "Feature", "properties": { "ID": 79208, "LANDMARK_NAME": "EXECUTIVE APARTMENTS", "FULL_ADDRESS": "10280 JANICE ST", "CITY": "BATON ROUGE", "STATE": "LOUISIANA", "ZIP": 70816, "PHONE_NUMBER": null, "LATITUDE": 30.42082, "LONGITUDE": -91.06942 }, "geometry": { "type": "Point", "coordinates": [ -91.069428064932325, 30.42082237619211 ] } },
{ "type": "Feature", "properties": { "ID": 79555, "LANDMARK_NAME": "THE HIDDEN OAKS AT SIEGEN APARTMENTS", "FULL_ADDRESS": "10707 INDUSTRIPLEX BLVD", "CITY": "BATON ROUGE", "STATE": "LOUISIANA", "ZIP": 70809, "PHONE_NUMBER": null, "LATITUDE": 30.39149, "LONGITUDE": -91.06598 }, "geometry": { "type": "Point", "coordinates": [ -91.065984255743345, 30.391498866572775 ] } },
{ "type": "Feature", "properties": { "ID": 79556, "LANDMARK_NAME": "THE HIDDEN OAKS AT SIEGEN APARTMENTS", "FULL_ADDRESS": "10707 INDUSTRIPLEX BLVD", "CITY": "BATON ROUGE", "STATE": "LOUISIANA", "ZIP": 70809, "PHONE_NUMBER": null, "LATITUDE": 30.39149, "LONGITUDE": -91.06598 }, "geometry": { "type": "Point", "coordinates": [ -91.065984255743345, 30.391498866572775 ] } },
{ "type": "Feature", "properties": { "ID": 79557, "LANDMARK_NAME": "THE HIDDEN OAKS AT SIEGEN APARTMENTS", "FULL_ADDRESS": "10707 INDUSTRIPLEX BLVD", "CITY": "BATON ROUGE", "STATE": "LOUISIANA", "ZIP": 70809, "PHONE_NUMBER": null, "LATITUDE": 30.39149, "LONGITUDE": -91.06598 }, "geometry": { "type": "Point", "coordinates": [ -91.065984255743345, 30.391498866572775 ] } },
{ "type": "Feature", "properties": { "ID": 79558, "LANDMARK_NAME": "THE HIDDEN OAKS AT SIEGEN APARTMENTS", "FULL_ADDRESS": "10707 INDUSTRIPLEX BLVD", "CITY": "BATON ROUGE", "STATE": "LOUISIANA", "ZIP": 70809, "PHONE_NUMBER": null, "LATITUDE": 30.39149, "LONGITUDE": -91.06598 }, "geometry": { "type": "Point", "coordinates": [ -91.065984255743345, 30.391498866572775 ] } },
{ "type": "Feature", "properties": { "ID": 79559, "LANDMARK_NAME": "THE HIDDEN OAKS AT SIEGEN APARTMENTS", "FULL_ADDRESS": "10707 INDUSTRIPLEX BLVD", "CITY": "BATON ROUGE", "STATE": "LOUISIANA", "ZIP": 70809, "PHONE_NUMBER": null, "LATITUDE": 30.39149, "LONGITUDE": -91.06598 }, "geometry": { "type": "Point", "coordinates": [ -91.065984255743345, 30.391498866572775 ] } },
{ "type": "Feature", "properties": { "ID": 79560, "LANDMARK_NAME": "THE HIDDEN OAKS AT SIEGEN APARTMENTS", "FULL_ADDRESS": "10707 INDUSTRIPLEX BLVD", "CITY": "BATON ROUGE", "STATE": "LOUISIANA", "ZIP": 70809, "PHONE_NUMBER": null, "LATITUDE": 30.39149, "LONGITUDE": -91.06598 }, "geometry": { "type": "Point", "coordinates": [ -91.065984255743345, 30.391498866572775 ] } },
{ "type": "Feature", "properties": { "ID": 79561, "LANDMARK_NAME": "THE HIDDEN OAKS AT SIEGEN APARTMENTS", "FULL_ADDRESS": "10707 INDUSTRIPLEX BLVD", "CITY": "BATON ROUGE", "STATE": "LOUISIANA", "ZIP": 70809, "PHONE_NUMBER": null, "LATITUDE": 30.39149, "LONGITUDE": -91.06598 }, "geometry": { "type": "Point", "coordinates": [ -91.065984255743345, 30.391498866572775 ] } },
{ "type": "Feature", "properties": { "ID": 79621, "LANDMARK_NAME": "APARTMENTS", "FULL_ADDRESS": "12036 COURSEY BLVD", "CITY": "BATON ROUGE", "STATE": "LOUISIANA", "ZIP": 70816, "PHONE_NUMBER": null, "LATITUDE": 30.41122, "LONGITUDE": -91.04585 }, "geometry": { "type": "Point", "coordinates": [ -91.045852073484724, 30.411229744641609 ] } },
{ "type": "Feature", "properties": { "ID": 79942, "LANDMARK_NAME": "JEFFERSON LAKES APARTMENTS", "FULL_ADDRESS": "12400 JEFFERSON HWY", "CITY": "BATON ROUGE", "STATE": "LOUISIANA", "ZIP": 70816, "PHONE_NUMBER": null, "LATITUDE": 30.39416, "LONGITUDE": -91.04564 }, "geometry": { "type": "Point", "coordinates": [ -91.045646816744195, 30.39416094000034 ] } },
{ "type": "Feature", "properties": { "ID": 79943, "LANDMARK_NAME": "JEFFERSON LAKES APARTMENTS", "FULL_ADDRESS": "12400 JEFFERSON HWY", "CITY": "BATON ROUGE", "STATE": "LOUISIANA", "ZIP": 70816, "PHONE_NUMBER": null, "LATITUDE": 30.39416, "LONGITUDE": -91.04564 }, "geometry": { "type": "Point", "coordinates": [ -91.045646816744195, 30.39416094000034 ] } },
{ "type": "Feature", "properties": { "ID": 79944, "LANDMARK_NAME": "JEFFERSON LAKES APARTMENTS", "FULL_ADDRESS": "12400 JEFFERSON HWY", "CITY": "BATON ROUGE", "STATE": "LOUISIANA", "ZIP": 70816, "PHONE_NUMBER": null, "LATITUDE": 30.39416, "LONGITUDE": -91.04564 }, "geometry": { "type": "Point", "coordinates": [ -91.045646816744195, 30.39416094000034 ] } },
{ "type": "Feature", "properties": { "ID": 79945, "LANDMARK_NAME": "JEFFERSON LAKES APARTMENTS", "FULL_ADDRESS": "12400 JEFFERSON HWY", "CITY": "BATON ROUGE", "STATE": "LOUISIANA", "ZIP": 70816, "PHONE_NUMBER": null, "LATITUDE": 30.39416, "LONGITUDE": -91.04564 }, "geometry": { "type": "Point", "coordinates": [ -91.045646816744195, 30.39416094000034 ] } },
{ "type": "Feature", "properties": { "ID": 79946, "LANDMARK_NAME": "JEFFERSON LAKES APARTMENTS", "FULL_ADDRESS": "12400 JEFFERSON HWY", "CITY": "BATON ROUGE", "STATE": "LOUISIANA", "ZIP": 70816, "PHONE_NUMBER": null, "LATITUDE": 30.39416, "LONGITUDE": -91.04564 }, "geometry": { "type": "Point", "coordinates": [ -91.045646816744195, 30.39416094000034 ] } },
{ "type": "Feature", "properties": { "ID": 79947, "LANDMARK_NAME": "JEFFERSON LAKES APARTMENTS", "FULL_ADDRESS": "12400 JEFFERSON HWY", "CITY": "BATON ROUGE", "STATE": "LOUISIANA", "ZIP": 70816, "PHONE_NUMBER": null, "LATITUDE": 30.39416, "LONGITUDE": -91.04564 }, "geometry": { "type": "Point", "coordinates": [ -91.045646816744195, 30.39416094000034 ] } },
{ "type": "Feature", "properties": { "ID": 79948, "LANDMARK_NAME": "JEFFERSON LAKES APARTMENTS", "FULL_ADDRESS": "12400 JEFFERSON HWY", "CITY": "BATON ROUGE", "STATE": "LOUISIANA", "ZIP": 70816, "PHONE_NUMBER": null, "LATITUDE": 30.39416, "LONGITUDE": -91.04564 }, "geometry": { "type": "Point", "coordinates": [ -91.045646816744195, 30.39416094000034 ] } },
{ "type": "Feature", "properties": { "ID": 79949, "LANDMARK_NAME": "JEFFERSON LAKES APARTMENTS", "FULL_ADDRESS": "12400 JEFFERSON HWY", "CITY": "BATON ROUGE", "STATE": "LOUISIANA", "ZIP": 70816, "PHONE_NUMBER": null, "LATITUDE": 30.39416, "LONGITUDE": -91.04564 }, "geometry": { "type": "Point", "coordinates": [ -91.045646816744195, 30.39416094000034 ] } },
{ "type": "Feature", "properties": { "ID": 79950, "LANDMARK_NAME": "JEFFERSON LAKES APARTMENTS", "FULL_ADDRESS": "12400 JEFFERSON HWY", "CITY": "BATON ROUGE", "STATE": "LOUISIANA", "ZIP": 70816, "PHONE_NUMBER": null, "LATITUDE": 30.39416, "LONGITUDE": -91.04564 }, "geometry": { "type": "Point", "coordinates": [ -91.045646816744195, 30.39416094000034 ] } },
{ "type": "Feature", "properties": { "ID": 79951, "LANDMARK_NAME": "JEFFERSON LAKES APARTMENTS", "FULL_ADDRESS": "12400 JEFFERSON HWY", "CITY": "BATON ROUGE", "STATE": "LOUISIANA", "ZIP": 70816, "PHONE_NUMBER": null, "LATITUDE": 30.39416, "LONGITUDE": -91.04564 }, "geometry": { "type": "Point", "coordinates": [ -91.045646816744195, 30.39416094000034 ] } },
{ "type": "Feature", "properties": { "ID": 79952, "LANDMARK_NAME": "JEFFERSON LAKES APARTMENTS", "FULL_ADDRESS": "12400 JEFFERSON HWY", "CITY": "BATON ROUGE", "STATE": "LOUISIANA", "ZIP": 70816, "PHONE_NUMBER": null, "LATITUDE": 30.39416, "LONGITUDE": -91.04564 }, "geometry": { "type": "Point", "coordinates": [ -91.045646816744195, 30.39416094000034 ] } },
{ "type": "Feature", "properties": { "ID": 79953, "LANDMARK_NAME": "JEFFERSON LAKES APARTMENTS", "FULL_ADDRESS": "12400 JEFFERSON HWY", "CITY": "BATON ROUGE", "STATE": "LOUISIANA", "ZIP": 70816, "PHONE_NUMBER": null, "LATITUDE": 30.39416, "LONGITUDE": -91.04564 }, "geometry": { "type": "Point", "coordinates": [ -91.045646816744195, 30.39416094000034 ] } },
{ "type": "Feature", "properties": { "ID": 79996, "LANDMARK_NAME": "AFTON OAKS APARTMENT HOMES", "FULL_ADDRESS": "12074 NEWCASTLE AVE", "CITY": "BATON ROUGE", "STATE": "LOUISIANA", "ZIP": 70816, "PHONE_NUMBER": null, "LATITUDE": 30.42012, "LONGITUDE": -91.04731 }, "geometry": { "type": "Point", "coordinates": [ -91.047318840154659, 30.420120831068665 ] } },
{ "type": "Feature", "properties": { "ID": 79997, "LANDMARK_NAME": "AFTON OAKS APARTMENT HOMES", "FULL_ADDRESS": "12074 NEWCASTLE AVE", "CITY": "BATON ROUGE", "STATE": "LOUISIANA", "ZIP": 70816, "PHONE_NUMBER": null, "LATITUDE": 30.42012, "LONGITUDE": -91.04731 }, "geometry": { "type": "Point", "coordinates": [ -91.047318840154659, 30.420120831068665 ] } },
{ "type": "Feature", "properties": { "ID": 80065, "LANDMARK_NAME": "SOUTH SHERWOOD OAKS APARTMENTS", "FULL_ADDRESS": "12845 COUNTRY RIDGE AVE", "CITY": "BATON ROUGE", "STATE": "LOUISIANA", "ZIP": 70816, "PHONE_NUMBER": null, "LATITUDE": 30.40366, "LONGITUDE": -91.03815 }, "geometry": { "type": "Point", "coordinates": [ -91.038154594665372, 30.403669428930218 ] } },
{ "type": "Feature", "properties": { "ID": 80102, "LANDMARK_NAME": "NESSER GARDENS APARTMENTS", "FULL_ADDRESS": "10448 JEFFERSON HWY", "CITY": "BATON ROUGE", "STATE": "LOUISIANA", "ZIP": 70809, "PHONE_NUMBER": null, "LATITUDE": 30.40817, "LONGITUDE": -91.06705 }, "geometry": { "type": "Point", "coordinates": [ -91.067054983243921, 30.40817418578979 ] } },
{ "type": "Feature", "properties": { "ID": 80135, "LANDMARK_NAME": "SOUTHPARK APARTMENTS VIII 1", "FULL_ADDRESS": "10856 ABINGTON AVE", "CITY": "BATON ROUGE", "STATE": "LOUISIANA", "ZIP": 70816, "PHONE_NUMBER": null, "LATITUDE": 30.41067, "LONGITUDE": -91.0597 }, "geometry": { "type": "Point", "coordinates": [ -91.059707122812881, 30.410677121370135 ] } },
{ "type": "Feature", "properties": { "ID": 80195, "LANDMARK_NAME": "SOUTHPARK APARTMENTS VIII", "FULL_ADDRESS": "10928 ABINGTON AVE", "CITY": "BATON ROUGE", "STATE": "LOUISIANA", "ZIP": 70816, "PHONE_NUMBER": null, "LATITUDE": 30.41072, "LONGITUDE": -91.05926 }, "geometry": { "type": "Point", "coordinates": [ -91.059267546060653, 30.410722813731223 ] } },
{ "type": "Feature", "properties": { "ID": 80240, "LANDMARK_NAME": "THE VILLAS AT STONE CREEK APARTMENTS", "FULL_ADDRESS": "11888 LONGRIDGE AVE", "CITY": "BATON ROUGE", "STATE": "LOUISIANA", "ZIP": 70816, "PHONE_NUMBER": null, "LATITUDE": 30.42137, "LONGITUDE": -91.04856 }, "geometry": { "type": "Point", "coordinates": [ -91.048570385036271, 30.421373153478033 ] } },
{ "type": "Feature", "properties": { "ID": 80241, "LANDMARK_NAME": "THE VILLAS AT STONE CREEK APARTMENTS", "FULL_ADDRESS": "11888 LONGRIDGE AVE", "CITY": "BATON ROUGE", "STATE": "LOUISIANA", "ZIP": 70816, "PHONE_NUMBER": null, "LATITUDE": 30.42137, "LONGITUDE": -91.04856 }, "geometry": { "type": "Point", "coordinates": [ -91.048570385036271, 30.421373153478033 ] } },
{ "type": "Feature", "properties": { "ID": 80242, "LANDMARK_NAME": "THE VILLAS AT STONE CREEK APARTMENTS", "FULL_ADDRESS": "11888 LONGRIDGE AVE", "CITY": "BATON ROUGE", "STATE": "LOUISIANA", "ZIP": 70816, "PHONE_NUMBER": null, "LATITUDE": 30.42137, "LONGITUDE": -91.04856 }, "geometry": { "type": "Point", "coordinates": [ -91.048570385036271, 30.421373153478033 ] } },
{ "type": "Feature", "properties": { "ID": 80243, "LANDMARK_NAME": "THE VILLAS AT STONE CREEK APARTMENTS", "FULL_ADDRESS": "11888 LONGRIDGE AVE", "CITY": "BATON ROUGE", "STATE": "LOUISIANA", "ZIP": 70816, "PHONE_NUMBER": null, "LATITUDE": 30.42137, "LONGITUDE": -91.04856 }, "geometry": { "type": "Point", "coordinates": [ -91.048570385036271, 30.421373153478033 ] } },
{ "type": "Feature", "properties": { "ID": 80244, "LANDMARK_NAME": "THE VILLAS AT STONE CREEK APARTMENTS", "FULL_ADDRESS": "11888 LONGRIDGE AVE", "CITY": "BATON ROUGE", "STATE": "LOUISIANA", "ZIP": 70816, "PHONE_NUMBER": null, "LATITUDE": 30.42137, "LONGITUDE": -91.04856 }, "geometry": { "type": "Point", "coordinates": [ -91.048570385036271, 30.421373153478033 ] } },
{ "type": "Feature", "properties": { "ID": 80245, "LANDMARK_NAME": "THE VILLAS AT STONE CREEK APARTMENTS", "FULL_ADDRESS": "11888 LONGRIDGE AVE", "CITY": "BATON ROUGE", "STATE": "LOUISIANA", "ZIP": 70816, "PHONE_NUMBER": null, "LATITUDE": 30.42137, "LONGITUDE": -91.04856 }, "geometry": { "type": "Point", "coordinates": [ -91.048570385036271, 30.421373153478033 ] } },
{ "type": "Feature", "properties": { "ID": 80246, "LANDMARK_NAME": "THE VILLAS AT STONE CREEK APARTMENTS", "FULL_ADDRESS": "11888 LONGRIDGE AVE", "CITY": "BATON ROUGE", "STATE": "LOUISIANA", "ZIP": 70816, "PHONE_NUMBER": null, "LATITUDE": 30.42137, "LONGITUDE": -91.04856 }, "geometry": { "type": "Point", "coordinates": [ -91.048570385036271, 30.421373153478033 ] } },
{ "type": "Feature", "properties": { "ID": 80627, "LANDMARK_NAME": "HIDDEN POINTE APARTMENT COMPLEX", "FULL_ADDRESS": "11850 WENTLING AVE", "CITY": "BATON ROUGE", "STATE": "LOUISIANA", "ZIP": 70816, "PHONE_NUMBER": null, "LATITUDE": 30.401, "LONGITUDE": -91.04944 }, "geometry": { "type": "Point", "coordinates": [ -91.049446249418423, 30.401005360041921 ] } },
{ "type": "Feature", "properties": { "ID": 80935, "LANDMARK_NAME": "RELLIM PLACE APARTMENTS", "FULL_ADDRESS": "12748 BROGDON LN", "CITY": "BATON ROUGE", "STATE": "LOUISIANA", "ZIP": 70816, "PHONE_NUMBER": null, "LATITUDE": 30.40406, "LONGITUDE": -91.039 }, "geometry": { "type": "Point", "coordinates": [ -91.039002134387388, 30.404068963720373 ] } },
{ "type": "Feature", "properties": { "ID": 80974, "LANDMARK_NAME": "WILLOWBEND LAKES APARTMENTS", "FULL_ADDRESS": "11070 MEAD RD", "CITY": "BATON ROUGE", "STATE": "LOUISIANA", "ZIP": 70816, "PHONE_NUMBER": null, "LATITUDE": 30.42648, "LONGITUDE": -91.05864 }, "geometry": { "type": "Point", "coordinates": [ -91.0586497086734, 30.426488441512166 ] } },
{ "type": "Feature", "properties": { "ID": 80975, "LANDMARK_NAME": "WILLOWBEND LAKES APARTMENTS", "FULL_ADDRESS": "11070 MEAD RD", "CITY": "BATON ROUGE", "STATE": "LOUISIANA", "ZIP": 70816, "PHONE_NUMBER": null, "LATITUDE": 30.42648, "LONGITUDE": -91.05864 }, "geometry": { "type": "Point", "coordinates": [ -91.0586497086734, 30.426488441512166 ] } },
{ "type": "Feature", "properties": { "ID": 80976, "LANDMARK_NAME": "WILLOWBEND LAKES APARTMENTS", "FULL_ADDRESS": "11070 MEAD RD", "CITY": "BATON ROUGE", "STATE": "LOUISIANA", "ZIP": 70816, "PHONE_NUMBER": null, "LATITUDE": 30.42648, "LONGITUDE": -91.05864 }, "geometry": { "type": "Point", "coordinates": [ -91.0586497086734, 30.426488441512166 ] } },
{ "type": "Feature", "properties": { "ID": 80977, "LANDMARK_NAME": "WILLOWBEND LAKES APARTMENTS", "FULL_ADDRESS": "11070 MEAD RD", "CITY": "BATON ROUGE", "STATE": "LOUISIANA", "ZIP": 70816, "PHONE_NUMBER": null, "LATITUDE": 30.42648, "LONGITUDE": -91.05864 }, "geometry": { "type": "Point", "coordinates": [ -91.0586497086734, 30.426488441512166 ] } },
{ "type": "Feature", "properties": { "ID": 80978, "LANDMARK_NAME": "WILLOWBEND LAKES APARTMENTS", "FULL_ADDRESS": "11070 MEAD RD", "CITY": "BATON ROUGE", "STATE": "LOUISIANA", "ZIP": 70816, "PHONE_NUMBER": null, "LATITUDE": 30.42648, "LONGITUDE": -91.05864 }, "geometry": { "type": "Point", "coordinates": [ -91.0586497086734, 30.426488441512166 ] } },
{ "type": "Feature", "properties": { "ID": 80979, "LANDMARK_NAME": "WILLOWBEND LAKES APARTMENTS", "FULL_ADDRESS": "11070 MEAD RD", "CITY": "BATON ROUGE", "STATE": "LOUISIANA", "ZIP": 70816, "PHONE_NUMBER": null, "LATITUDE": 30.42648, "LONGITUDE": -91.05864 }, "geometry": { "type": "Point", "coordinates": [ -91.0586497086734, 30.426488441512166 ] } },
{ "type": "Feature", "properties": { "ID": 80980, "LANDMARK_NAME": "WILLOWBEND LAKES APARTMENTS", "FULL_ADDRESS": "11070 MEAD RD", "CITY": "BATON ROUGE", "STATE": "LOUISIANA", "ZIP": 70816, "PHONE_NUMBER": null, "LATITUDE": 30.42648, "LONGITUDE": -91.05864 }, "geometry": { "type": "Point", "coordinates": [ -91.0586497086734, 30.426488441512166 ] } },
{ "type": "Feature", "properties": { "ID": 80981, "LANDMARK_NAME": "WILLOWBEND LAKES APARTMENTS", "FULL_ADDRESS": "11070 MEAD RD", "CITY": "BATON ROUGE", "STATE": "LOUISIANA", "ZIP": 70816, "PHONE_NUMBER": null, "LATITUDE": 30.42648, "LONGITUDE": -91.05864 }, "geometry": { "type": "Point", "coordinates": [ -91.0586497086734, 30.426488441512166 ] } },
{ "type": "Feature", "properties": { "ID": 81132, "LANDMARK_NAME": "APARTMENTS", "FULL_ADDRESS": "4444 KOLIN DR", "CITY": "BATON ROUGE", "STATE": "LOUISIANA", "ZIP": 70816, "PHONE_NUMBER": null, "LATITUDE": 30.41074, "LONGITUDE": -91.06051 }, "geometry": { "type": "Point", "coordinates": [ -91.060511508737392, 30.410745527623313 ] } },
{ "type": "Feature", "properties": { "ID": 81185, "LANDMARK_NAME": "SOUTHPARK APARTMENTS ", "FULL_ADDRESS": "4747 SOUTHPARK DR", "CITY": "BATON ROUGE", "STATE": "LOUISIANA", "ZIP": 70816, "PHONE_NUMBER": null, "LATITUDE": 30.40634, "LONGITUDE": -91.05906 }, "geometry": { "type": "Point", "coordinates": [ -91.059063681135385, 30.406345831312287 ] } },
{ "type": "Feature", "properties": { "ID": 81199, "LANDMARK_NAME": "RELLIM PLACE APARTMENTS", "FULL_ADDRESS": "12714 BROGDON LN", "CITY": "BATON ROUGE", "STATE": "LOUISIANA", "ZIP": 70816, "PHONE_NUMBER": null, "LATITUDE": 30.40415, "LONGITUDE": -91.03938 }, "geometry": { "type": "Point", "coordinates": [ -91.039387652461272, 30.404155396689813 ] } },
{ "type": "Feature", "properties": { "ID": 81446, "LANDMARK_NAME": "RELLIM PLACE APARTMENTS", "FULL_ADDRESS": "12756 BROGDON LN", "CITY": "BATON ROUGE", "STATE": "LOUISIANA", "ZIP": 70816, "PHONE_NUMBER": null, "LATITUDE": 30.40407, "LONGITUDE": -91.03881 }, "geometry": { "type": "Point", "coordinates": [ -91.038815316410492, 30.404076146869315 ] } },
{ "type": "Feature", "properties": { "ID": 81470, "LANDMARK_NAME": "SOUTHPARK APARTMENTS VIII 6", "FULL_ADDRESS": "10962 ANSLEY AVE", "CITY": "BATON ROUGE", "STATE": "LOUISIANA", "ZIP": 70816, "PHONE_NUMBER": null, "LATITUDE": 30.41151, "LONGITUDE": -91.05876 }, "geometry": { "type": "Point", "coordinates": [ -91.058770859290235, 30.41151159109917 ] } },
{ "type": "Feature", "properties": { "ID": 81496, "LANDMARK_NAME": "APARTMENTS", "FULL_ADDRESS": "4029 SOUTHPARK DR", "CITY": "BATON ROUGE", "STATE": "LOUISIANA", "ZIP": 70816, "PHONE_NUMBER": null, "LATITUDE": 30.41362, "LONGITUDE": -91.05778 }, "geometry": { "type": "Point", "coordinates": [ -91.057784116691153, 30.413625323213463 ] } },
{ "type": "Feature", "properties": { "ID": 81639, "LANDMARK_NAME": "SOUTHPARK APARTMENTS VIII 3", "FULL_ADDRESS": "10927 ALCO AVE", "CITY": "BATON ROUGE", "STATE": "LOUISIANA", "ZIP": 70816, "PHONE_NUMBER": null, "LATITUDE": 30.41034, "LONGITUDE": -91.05898 }, "geometry": { "type": "Point", "coordinates": [ -91.058987005800446, 30.410343130195738 ] } },
{ "type": "Feature", "properties": { "ID": 81641, "LANDMARK_NAME": "APARTMENTS", "FULL_ADDRESS": "4685 SOUTHPARK DR", "CITY": "BATON ROUGE", "STATE": "LOUISIANA", "ZIP": 70816, "PHONE_NUMBER": null, "LATITUDE": 30.40778, "LONGITUDE": -91.05888 }, "geometry": { "type": "Point", "coordinates": [ -91.058885544435682, 30.407781577320339 ] } },
{ "type": "Feature", "properties": { "ID": 81748, "LANDMARK_NAME": "THE BEND ON BLUEBONNET APARTMENTS", "FULL_ADDRESS": "10221 BLUEBONNET BLVD", "CITY": "BATON ROUGE", "STATE": "LOUISIANA", "ZIP": 70810, "PHONE_NUMBER": null, "LATITUDE": 30.35087, "LONGITUDE": -91.11152 }, "geometry": { "type": "Point", "coordinates": [ -91.111526117203965, 30.350875360521801 ] } },
{ "type": "Feature", "properties": { "ID": 81749, "LANDMARK_NAME": "THE BEND ON BLUEBONNET APARTMENTS", "FULL_ADDRESS": "10231 BLUEBONNET BLVD", "CITY": "BATON ROUGE", "STATE": "LOUISIANA", "ZIP": 70810, "PHONE_NUMBER": null, "LATITUDE": 30.3509, "LONGITUDE": -91.11061 }, "geometry": { "type": "Point", "coordinates": [ -91.110611659185651, 30.350909383112928 ] } },
{ "type": "Feature", "properties": { "ID": 81750, "LANDMARK_NAME": "THE BEND ON BLUEBONNET APARTMENTS", "FULL_ADDRESS": "10241 BLUEBONNET BLVD", "CITY": "BATON ROUGE", "STATE": "LOUISIANA", "ZIP": 70810, "PHONE_NUMBER": null, "LATITUDE": 30.35005, "LONGITUDE": -91.10994 }, "geometry": { "type": "Point", "coordinates": [ -91.109945227857864, 30.350051224010873 ] } },
{ "type": "Feature", "properties": { "ID": 81751, "LANDMARK_NAME": "THE BEND ON BLUEBONNET APARTMENTS", "FULL_ADDRESS": "10251 BLUEBONNET BLVD", "CITY": "BATON ROUGE", "STATE": "LOUISIANA", "ZIP": 70810, "PHONE_NUMBER": null, "LATITUDE": 30.35005, "LONGITUDE": -91.11157 }, "geometry": { "type": "Point", "coordinates": [ -91.111577146663919, 30.350057529222077 ] } },
{ "type": "Feature", "properties": { "ID": 81800, "LANDMARK_NAME": "SIEGEN OAKS APARTMENTS", "FULL_ADDRESS": "10125 OLD SIEGEN LN", "CITY": "BATON ROUGE", "STATE": "LOUISIANA", "ZIP": 70810, "PHONE_NUMBER": null, "LATITUDE": 30.35718, "LONGITUDE": -91.0809 }, "geometry": { "type": "Point", "coordinates": [ -91.080901079586781, 30.357187438829961 ] } },
{ "type": "Feature", "properties": { "ID": 81885, "LANDMARK_NAME": "SHERWOOD ACRES APARTMENTS", "FULL_ADDRESS": "12533 COURSEY BLVD", "CITY": "BATON ROUGE", "STATE": "LOUISIANA", "ZIP": 70816, "PHONE_NUMBER": null, "LATITUDE": 30.41226, "LONGITUDE": -91.03915 }, "geometry": { "type": "Point", "coordinates": [ -91.039156819864871, 30.412261456559428 ] } },
{ "type": "Feature", "properties": { "ID": 81922, "LANDMARK_NAME": "DEVONSHIRE APARTMENTS", "FULL_ADDRESS": "11620 AIRLINE HWY", "CITY": "BATON ROUGE", "STATE": "LOUISIANA", "ZIP": 70816, "PHONE_NUMBER": null, "LATITUDE": 30.39614, "LONGITUDE": -91.05303 }, "geometry": { "type": "Point", "coordinates": [ -91.053032578505551, 30.39614875120251 ] } },
{ "type": "Feature", "properties": { "ID": 82512, "LANDMARK_NAME": "MAISONS IN THE PARK APARTMENTS", "FULL_ADDRESS": "7250 PERKINS RD", "CITY": "BATON ROUGE", "STATE": "LOUISIANA", "ZIP": 70808, "PHONE_NUMBER": null, "LATITUDE": 30.39578, "LONGITUDE": -91.11437 }, "geometry": { "type": "Point", "coordinates": [ -91.114372251931329, 30.395788828574062 ] } },
{ "type": "Feature", "properties": { "ID": 82516, "LANDMARK_NAME": "CITISCAPE APARTMENTS", "FULL_ADDRESS": "5010 MANCUSO LN", "CITY": "BATON ROUGE", "STATE": "LOUISIANA", "ZIP": 70809, "PHONE_NUMBER": null, "LATITUDE": 30.39817, "LONGITUDE": -91.10288 }, "geometry": { "type": "Point", "coordinates": [ -91.102890434503493, 30.398176494201017 ] } },
{ "type": "Feature", "properties": { "ID": 83237, "LANDMARK_NAME": "APARTMENTS", "FULL_ADDRESS": "12624 BROGDON LN", "CITY": "BATON ROUGE", "STATE": "LOUISIANA", "ZIP": 70816, "PHONE_NUMBER": null, "LATITUDE": 30.40423, "LONGITUDE": -91.04014 }, "geometry": { "type": "Point", "coordinates": [ -91.040141052911352, 30.404235768302925 ] } },
{ "type": "Feature", "properties": { "ID": 83457, "LANDMARK_NAME": "TEAKWOOD VILLAGE APARTMENTS", "FULL_ADDRESS": "515 GARDERE LN", "CITY": "BATON ROUGE", "STATE": "LOUISIANA", "ZIP": 70810, "PHONE_NUMBER": null, "LATITUDE": 30.36241, "LONGITUDE": -91.12126 }, "geometry": { "type": "Point", "coordinates": [ -91.121267634367314, 30.362418456036721 ] } },
{ "type": "Feature", "properties": { "ID": 83504, "LANDMARK_NAME": "SHERWOOD ACRES APARTMENTS", "FULL_ADDRESS": "12727 COURSEY BLVD", "CITY": "BATON ROUGE", "STATE": "LOUISIANA", "ZIP": 70816, "PHONE_NUMBER": null, "LATITUDE": 30.41139, "LONGITUDE": -91.03709 }, "geometry": { "type": "Point", "coordinates": [ -91.037097858760916, 30.411394066406686 ] } },
{ "type": "Feature", "properties": { "ID": 83505, "LANDMARK_NAME": "SHERWOOD ACRES APARTMENTS", "FULL_ADDRESS": "12727 COURSEY BLVD", "CITY": "BATON ROUGE", "STATE": "LOUISIANA", "ZIP": 70816, "PHONE_NUMBER": null, "LATITUDE": 30.41139, "LONGITUDE": -91.03709 }, "geometry": { "type": "Point", "coordinates": [ -91.037097858760916, 30.411394066406686 ] } },
{ "type": "Feature", "properties": { "ID": 83730, "LANDMARK_NAME": "THE ARTS APARTMENTS AT JEFFERSON HEIGHTS", "FULL_ADDRESS": "8941 JEFFERSON HWY", "CITY": "BATON ROUGE", "STATE": "LOUISIANA", "ZIP": 70809, "PHONE_NUMBER": null, "LATITUDE": 30.4182, "LONGITUDE": -91.08674 }, "geometry": { "type": "Point", "coordinates": [ -91.086743493742688, 30.418205891364074 ] } },
{ "type": "Feature", "properties": { "ID": 84276, "LANDMARK_NAME": "SOUTHPARK APARTMENTS 2", "FULL_ADDRESS": "4701 SOUTHPARK DR", "CITY": "BATON ROUGE", "STATE": "LOUISIANA", "ZIP": 70816, "PHONE_NUMBER": null, "LATITUDE": 30.40734, "LONGITUDE": -91.05895 }, "geometry": { "type": "Point", "coordinates": [ -91.058960144742613, 30.407344094397793 ] } },
{ "type": "Feature", "properties": { "ID": 84553, "LANDMARK_NAME": "SOUTHPARK APARTMENTS VIII 4", "FULL_ADDRESS": "10926 ALCO AVE", "CITY": "BATON ROUGE", "STATE": "LOUISIANA", "ZIP": 70816, "PHONE_NUMBER": null, "LATITUDE": 30.40987, "LONGITUDE": -91.05923 }, "geometry": { "type": "Point", "coordinates": [ -91.059235536375368, 30.409878581086129 ] } },
{ "type": "Feature", "properties": { "ID": 85215, "LANDMARK_NAME": "CYPRESS LAKES APARTMENTS", "FULL_ADDRESS": "7200 CYPRESS LAKES APARTMENT BLVD", "CITY": "BATON ROUGE", "STATE": "LOUISIANA", "ZIP": 70809, "PHONE_NUMBER": null, "LATITUDE": 30.37887, "LONGITUDE": -91.05429 }, "geometry": { "type": "Point", "coordinates": [ -91.054291432981032, 30.37887843863161 ] } },
{ "type": "Feature", "properties": { "ID": 85216, "LANDMARK_NAME": "CYPRESS LAKES APARTMENTS", "FULL_ADDRESS": "7200 CYPRESS LAKES APARTMENT BLVD", "CITY": "BATON ROUGE", "STATE": "LOUISIANA", "ZIP": 70809, "PHONE_NUMBER": null, "LATITUDE": 30.37887, "LONGITUDE": -91.05429 }, "geometry": { "type": "Point", "coordinates": [ -91.054291432981032, 30.37887843863161 ] } },
{ "type": "Feature", "properties": { "ID": 85324, "LANDMARK_NAME": "SHERWOOD PLACE APARTMENTS", "FULL_ADDRESS": "4500 SHERWOOD COMMON BLVD", "CITY": "BATON ROUGE", "STATE": "LOUISIANA", "ZIP": 70816, "PHONE_NUMBER": null, "LATITUDE": 30.40971, "LONGITUDE": -91.05751 }, "geometry": { "type": "Point", "coordinates": [ -91.057516240177364, 30.409716168803126 ] } },
{ "type": "Feature", "properties": { "ID": 85325, "LANDMARK_NAME": "SHERWOOD PLACE APARTMENTS", "FULL_ADDRESS": "4500 SHERWOOD COMMON BLVD", "CITY": "BATON ROUGE", "STATE": "LOUISIANA", "ZIP": 70816, "PHONE_NUMBER": null, "LATITUDE": 30.40971, "LONGITUDE": -91.05751 }, "geometry": { "type": "Point", "coordinates": [ -91.057516240177364, 30.409716168803126 ] } },
{ "type": "Feature", "properties": { "ID": 85644, "LANDMARK_NAME": "NEW RICHMOND QUARTER APARTMENTS", "FULL_ADDRESS": "8335 SUMMA AVE", "CITY": "BATON ROUGE", "STATE": "LOUISIANA", "ZIP": 70809, "PHONE_NUMBER": null, "LATITUDE": 30.39877, "LONGITUDE": -91.09943 }, "geometry": { "type": "Point", "coordinates": [ -91.099439789365704, 30.398775423908731 ] } },
{ "type": "Feature", "properties": { "ID": 85645, "LANDMARK_NAME": "NEW RICHMOND QUARTER APARTMENTS", "FULL_ADDRESS": "8335 SUMMA AVE", "CITY": "BATON ROUGE", "STATE": "LOUISIANA", "ZIP": 70809, "PHONE_NUMBER": null, "LATITUDE": 30.39877, "LONGITUDE": -91.09943 }, "geometry": { "type": "Point", "coordinates": [ -91.099439789365704, 30.398775423908731 ] } },
{ "type": "Feature", "properties": { "ID": 85646, "LANDMARK_NAME": "NEW RICHMOND QUARTER APARTMENTS", "FULL_ADDRESS": "8335 SUMMA AVE", "CITY": "BATON ROUGE", "STATE": "LOUISIANA", "ZIP": 70809, "PHONE_NUMBER": null, "LATITUDE": 30.39877, "LONGITUDE": -91.09943 }, "geometry": { "type": "Point", "coordinates": [ -91.099439789365704, 30.398775423908731 ] } },
{ "type": "Feature", "properties": { "ID": 85679, "LANDMARK_NAME": "THE ARTS APARTMENTS AT BLUEBONNET PLACE", "FULL_ADDRESS": "9989 BURBANK DR", "CITY": "BATON ROUGE", "STATE": "LOUISIANA", "ZIP": 70810, "PHONE_NUMBER": null, "LATITUDE": 30.35831, "LONGITUDE": -91.11539 }, "geometry": { "type": "Point", "coordinates": [ -91.11539197813795, 30.358317029549578 ] } },
{ "type": "Feature", "properties": { "ID": 86202, "LANDMARK_NAME": "TUSCANY VILLAS APARTMENTS (PECUE)", "FULL_ADDRESS": "7987 PECUE LN", "CITY": "BATON ROUGE", "STATE": "LOUISIANA", "ZIP": 70809, "PHONE_NUMBER": null, "LATITUDE": 30.37737, "LONGITUDE": -91.04024 }, "geometry": { "type": "Point", "coordinates": [ -91.040246847501876, 30.377372776664949 ] } },
{ "type": "Feature", "properties": { "ID": 86203, "LANDMARK_NAME": "TUSCANY VILLAS APARTMENTS (PECUE)", "FULL_ADDRESS": "7987 PECUE LN", "CITY": "BATON ROUGE", "STATE": "LOUISIANA", "ZIP": 70809, "PHONE_NUMBER": null, "LATITUDE": 30.37737, "LONGITUDE": -91.04024 }, "geometry": { "type": "Point", "coordinates": [ -91.040246847501876, 30.377372776664949 ] } },
{ "type": "Feature", "properties": { "ID": 86204, "LANDMARK_NAME": "TUSCANY VILLAS APARTMENTS (PECUE)", "FULL_ADDRESS": "7987 PECUE LN", "CITY": "BATON ROUGE", "STATE": "LOUISIANA", "ZIP": 70809, "PHONE_NUMBER": null, "LATITUDE": 30.37737, "LONGITUDE": -91.04024 }, "geometry": { "type": "Point", "coordinates": [ -91.040246847501876, 30.377372776664949 ] } },
{ "type": "Feature", "properties": { "ID": 86205, "LANDMARK_NAME": "TUSCANY VILLAS APARTMENTS (PECUE)", "FULL_ADDRESS": "7987 PECUE LN", "CITY": "BATON ROUGE", "STATE": "LOUISIANA", "ZIP": 70809, "PHONE_NUMBER": null, "LATITUDE": 30.37737, "LONGITUDE": -91.04024 }, "geometry": { "type": "Point", "coordinates": [ -91.040246847501876, 30.377372776664949 ] } },
{ "type": "Feature", "properties": { "ID": 86206, "LANDMARK_NAME": "TUSCANY VILLAS APARTMENTS (PECUE)", "FULL_ADDRESS": "7987 PECUE LN", "CITY": "BATON ROUGE", "STATE": "LOUISIANA", "ZIP": 70809, "PHONE_NUMBER": null, "LATITUDE": 30.37737, "LONGITUDE": -91.04024 }, "geometry": { "type": "Point", "coordinates": [ -91.040246847501876, 30.377372776664949 ] } },
{ "type": "Feature", "properties": { "ID": 86207, "LANDMARK_NAME": "TUSCANY VILLAS APARTMENTS (PECUE)", "FULL_ADDRESS": "7987 PECUE LN", "CITY": "BATON ROUGE", "STATE": "LOUISIANA", "ZIP": 70809, "PHONE_NUMBER": null, "LATITUDE": 30.37737, "LONGITUDE": -91.04024 }, "geometry": { "type": "Point", "coordinates": [ -91.040246847501876, 30.377372776664949 ] } },
{ "type": "Feature", "properties": { "ID": 86208, "LANDMARK_NAME": "TUSCANY VILLAS APARTMENTS (PECUE)", "FULL_ADDRESS": "7987 PECUE LN", "CITY": "BATON ROUGE", "STATE": "LOUISIANA", "ZIP": 70809, "PHONE_NUMBER": null, "LATITUDE": 30.37737, "LONGITUDE": -91.04024 }, "geometry": { "type": "Point", "coordinates": [ -91.040246847501876, 30.377372776664949 ] } },
{ "type": "Feature", "properties": { "ID": 86209, "LANDMARK_NAME": "TUSCANY VILLAS APARTMENTS (PECUE)", "FULL_ADDRESS": "7987 PECUE LN", "CITY": "BATON ROUGE", "STATE": "LOUISIANA", "ZIP": 70809, "PHONE_NUMBER": null, "LATITUDE": 30.37737, "LONGITUDE": -91.04024 }, "geometry": { "type": "Point", "coordinates": [ -91.040246847501876, 30.377372776664949 ] } },
{ "type": "Feature", "properties": { "ID": 86210, "LANDMARK_NAME": "TUSCANY VILLAS APARTMENTS (PECUE)", "FULL_ADDRESS": "7987 PECUE LN", "CITY": "BATON ROUGE", "STATE": "LOUISIANA", "ZIP": 70809, "PHONE_NUMBER": null, "LATITUDE": 30.37737, "LONGITUDE": -91.04024 }, "geometry": { "type": "Point", "coordinates": [ -91.040246847501876, 30.377372776664949 ] } },
{ "type": "Feature", "properties": { "ID": 86513, "LANDMARK_NAME": "SOUTH SHERWOOD OAKS APARTMENTS", "FULL_ADDRESS": "12837 COUNTRY RIDGE AVE", "CITY": "BATON ROUGE", "STATE": "LOUISIANA", "ZIP": 70816, "PHONE_NUMBER": null, "LATITUDE": 30.40324, "LONGITUDE": -91.03826 }, "geometry": { "type": "Point", "coordinates": [ -91.03826833197104, 30.403241602953546 ] } },
{ "type": "Feature", "properties": { "ID": 86517, "LANDMARK_NAME": "APARTMENTS", "FULL_ADDRESS": "12816 BROGDON LN", "CITY": "BATON ROUGE", "STATE": "LOUISIANA", "ZIP": 70816, "PHONE_NUMBER": null, "LATITUDE": 30.40399, "LONGITUDE": -91.03825 }, "geometry": { "type": "Point", "coordinates": [ -91.038252828879422, 30.403997817741143 ] } },
{ "type": "Feature", "properties": { "ID": 86801, "LANDMARK_NAME": "PARK PLACE APARTMENTS", "FULL_ADDRESS": "14355 S HARRELL'S FERRY RD", "CITY": "BATON ROUGE", "STATE": "LOUISIANA", "ZIP": 70816, "PHONE_NUMBER": null, "LATITUDE": 30.43037, "LONGITUDE": -91.02542 }, "geometry": { "type": "Point", "coordinates": [ -91.025430466505725, 30.430374919241089 ] } },
{ "type": "Feature", "properties": { "ID": 87339, "LANDMARK_NAME": "APARTMENTS", "FULL_ADDRESS": "16141 BRISTOE AVE", "CITY": "BATON ROUGE", "STATE": "LOUISIANA", "ZIP": 70816, "PHONE_NUMBER": null, "LATITUDE": 30.43615, "LONGITUDE": -91.00662 }, "geometry": { "type": "Point", "coordinates": [ -91.006630206496126, 30.436158201721572 ] } },
{ "type": "Feature", "properties": { "ID": 87472, "LANDMARK_NAME": "PECAN CREEK APARTMENTS", "FULL_ADDRESS": "18634 JEFFERSON HWY", "CITY": "BATON ROUGE", "STATE": "LOUISIANA", "ZIP": 70817, "PHONE_NUMBER": null, "LATITUDE": 30.3511, "LONGITUDE": -90.98963 }, "geometry": { "type": "Point", "coordinates": [ -90.989634996155331, 30.35111004135905 ] } },
{ "type": "Feature", "properties": { "ID": 87836, "LANDMARK_NAME": "EDGEWOOD APARTMENTS", "FULL_ADDRESS": "4949 STUMBERG LN", "CITY": "BATON ROUGE", "STATE": "LOUISIANA", "ZIP": 70817, "PHONE_NUMBER": null, "LATITUDE": 30.40503, "LONGITUDE": -91.03524 }, "geometry": { "type": "Point", "coordinates": [ -91.035248870698595, 30.405035438754123 ] } },
{ "type": "Feature", "properties": { "ID": 87932, "LANDMARK_NAME": "APARTMENTS", "FULL_ADDRESS": "5234 STUMBERG LN", "CITY": "BATON ROUGE", "STATE": "LOUISIANA", "ZIP": 70816, "PHONE_NUMBER": null, "LATITUDE": 30.40381, "LONGITUDE": -91.03779 }, "geometry": { "type": "Point", "coordinates": [ -91.037792480580592, 30.403820247182335 ] } },
{ "type": "Feature", "properties": { "ID": 89485, "LANDMARK_NAME": "APARTMENTS", "FULL_ADDRESS": "3253 O'NEAL LN", "CITY": "BATON ROUGE", "STATE": "LOUISIANA", "ZIP": 70816, "PHONE_NUMBER": null, "LATITUDE": 30.42256, "LONGITUDE": -91.00717 }, "geometry": { "type": "Point", "coordinates": [ -91.007178662889444, 30.422566801940739 ] } },
{ "type": "Feature", "properties": { "ID": 89486, "LANDMARK_NAME": "APARTMENTS", "FULL_ADDRESS": "3243 O'NEAL LN", "CITY": "BATON ROUGE", "STATE": "LOUISIANA", "ZIP": 70816, "PHONE_NUMBER": null, "LATITUDE": 30.42277, "LONGITUDE": -91.00718 }, "geometry": { "type": "Point", "coordinates": [ -91.007182681392067, 30.422775480227646 ] } },
{ "type": "Feature", "properties": { "ID": 89488, "LANDMARK_NAME": "APARTMENTS", "FULL_ADDRESS": "3305 O'NEAL LN", "CITY": "BATON ROUGE", "STATE": "LOUISIANA", "ZIP": 70816, "PHONE_NUMBER": null, "LATITUDE": 30.42238, "LONGITUDE": -91.00718 }, "geometry": { "type": "Point", "coordinates": [ -91.007181421028534, 30.422382111553794 ] } },
{ "type": "Feature", "properties": { "ID": 89489, "LANDMARK_NAME": "APARTMENTS", "FULL_ADDRESS": "3315 O'NEAL LN", "CITY": "BATON ROUGE", "STATE": "LOUISIANA", "ZIP": 70816, "PHONE_NUMBER": null, "LATITUDE": 30.42219, "LONGITUDE": -91.00717 }, "geometry": { "type": "Point", "coordinates": [ -91.007180728497787, 30.422198390509323 ] } },
{ "type": "Feature", "properties": { "ID": 89490, "LANDMARK_NAME": "APARTMENTS", "FULL_ADDRESS": "3345 O'NEAL LN", "CITY": "BATON ROUGE", "STATE": "LOUISIANA", "ZIP": 70816, "PHONE_NUMBER": null, "LATITUDE": 30.4216, "LONGITUDE": -91.0072 }, "geometry": { "type": "Point", "coordinates": [ -91.007207877689993, 30.421608749555464 ] } },
{ "type": "Feature", "properties": { "ID": 89681, "LANDMARK_NAME": "APARTMENTS", "FULL_ADDRESS": "3325 O'NEAL LN", "CITY": "BATON ROUGE", "STATE": "LOUISIANA", "ZIP": 70816, "PHONE_NUMBER": null, "LATITUDE": 30.42198, "LONGITUDE": -91.00717 }, "geometry": { "type": "Point", "coordinates": [ -91.007179244314074, 30.421987586804715 ] } },
{ "type": "Feature", "properties": { "ID": 89687, "LANDMARK_NAME": "APARTMENTS", "FULL_ADDRESS": "3411 O'NEAL LN", "CITY": "BATON ROUGE", "STATE": "LOUISIANA", "ZIP": 70816, "PHONE_NUMBER": null, "LATITUDE": 30.42141, "LONGITUDE": -91.00719 }, "geometry": { "type": "Point", "coordinates": [ -91.007192812274212, 30.421416197654551 ] } },
{ "type": "Feature", "properties": { "ID": 89689, "LANDMARK_NAME": "APARTMENTS", "FULL_ADDRESS": "3441 O'NEAL LN", "CITY": "BATON ROUGE", "STATE": "LOUISIANA", "ZIP": 70816, "PHONE_NUMBER": null, "LATITUDE": 30.42087, "LONGITUDE": -91.00717 }, "geometry": { "type": "Point", "coordinates": [ -91.007177794494041, 30.420879235580738 ] } },
{ "type": "Feature", "properties": { "ID": 89691, "LANDMARK_NAME": "APARTMENTS", "FULL_ADDRESS": "3421 O'NEAL LN", "CITY": "BATON ROUGE", "STATE": "LOUISIANA", "ZIP": 70816, "PHONE_NUMBER": null, "LATITUDE": 30.42122, "LONGITUDE": -91.00716 }, "geometry": { "type": "Point", "coordinates": [ -91.007167390147387, 30.421223923295113 ] } },
{ "type": "Feature", "properties": { "ID": 89693, "LANDMARK_NAME": "APARTMENTS", "FULL_ADDRESS": "3431 O'NEAL LN", "CITY": "BATON ROUGE", "STATE": "LOUISIANA", "ZIP": 70816, "PHONE_NUMBER": null, "LATITUDE": 30.42104, "LONGITUDE": -91.00717 }, "geometry": { "type": "Point", "coordinates": [ -91.007177688774121, 30.42104580331036 ] } },
{ "type": "Feature", "properties": { "ID": 90541, "LANDMARK_NAME": "MONTE SANO VILLAGE APARTMENTS", "FULL_ADDRESS": "3002 MASON AVE, BLDG 129", "CITY": "BATON ROUGE", "STATE": "LOUISIANA", "ZIP": 70805, "PHONE_NUMBER": null, "LATITUDE": 30.50592, "LONGITUDE": -91.16105 }, "geometry": { "type": "Point", "coordinates": [ -91.161056187006977, 30.505924041566868 ] } },
{ "type": "Feature", "properties": { "ID": 90542, "LANDMARK_NAME": "MONTE SANO VILLAGE APARTMENTS", "FULL_ADDRESS": "3002 MASON AVE, BLDG 130", "CITY": "BATON ROUGE", "STATE": "LOUISIANA", "ZIP": 70805, "PHONE_NUMBER": null, "LATITUDE": 30.50605, "LONGITUDE": -91.16124 }, "geometry": { "type": "Point", "coordinates": [ -91.161243371280335, 30.506051151341286 ] } },
{ "type": "Feature", "properties": { "ID": 90543, "LANDMARK_NAME": "MONTE SANO VILLAGE APARTMENTS", "FULL_ADDRESS": "3002 MASON AVE, BLDG 131", "CITY": "BATON ROUGE", "STATE": "LOUISIANA", "ZIP": 70805, "PHONE_NUMBER": null, "LATITUDE": 30.5062, "LONGITUDE": -91.16109 }, "geometry": { "type": "Point", "coordinates": [ -91.161093181519234, 30.506204375313207 ] } },
{ "type": "Feature", "properties": { "ID": 90544, "LANDMARK_NAME": "MONTE SANO VILLAGE APARTMENTS", "FULL_ADDRESS": "3002 MASON AVE, BLDG 132", "CITY": "BATON ROUGE", "STATE": "LOUISIANA", "ZIP": 70805, "PHONE_NUMBER": null, "LATITUDE": 30.5062, "LONGITUDE": -91.16084 }, "geometry": { "type": "Point", "coordinates": [ -91.160847842384101, 30.506209957067568 ] } },
{ "type": "Feature", "properties": { "ID": 90545, "LANDMARK_NAME": "MONTE SANO VILLAGE APARTMENTS", "FULL_ADDRESS": "3002 MASON AVE, BLDG 133", "CITY": "BATON ROUGE", "STATE": "LOUISIANA", "ZIP": 70805, "PHONE_NUMBER": null, "LATITUDE": 30.50644, "LONGITUDE": -91.16089 }, "geometry": { "type": "Point", "coordinates": [ -91.160895135308181, 30.506446048131121 ] } },
{ "type": "Feature", "properties": { "ID": 90546, "LANDMARK_NAME": "MONTE SANO VILLAGE APARTMENTS", "FULL_ADDRESS": "3002 MASON AVE, BLDG 134", "CITY": "BATON ROUGE", "STATE": "LOUISIANA", "ZIP": 70805, "PHONE_NUMBER": null, "LATITUDE": 30.50649, "LONGITUDE": -91.16111 }, "geometry": { "type": "Point", "coordinates": [ -91.16111994401912, 30.506490597009201 ] } },
{ "type": "Feature", "properties": { "ID": 90547, "LANDMARK_NAME": "MONTE SANO VILLAGE APARTMENTS", "FULL_ADDRESS": "3002 MASON AVE, BLDG 135", "CITY": "BATON ROUGE", "STATE": "LOUISIANA", "ZIP": 70805, "PHONE_NUMBER": null, "LATITUDE": 30.50664, "LONGITUDE": -91.16118 }, "geometry": { "type": "Point", "coordinates": [ -91.161184417381079, 30.506644100238407 ] } },
{ "type": "Feature", "properties": { "ID": 90548, "LANDMARK_NAME": "MONTE SANO VILLAGE APARTMENTS", "FULL_ADDRESS": "3002 MASON AVE, BLDG 136", "CITY": "BATON ROUGE", "STATE": "LOUISIANA", "ZIP": 70805, "PHONE_NUMBER": null, "LATITUDE": 30.5068, "LONGITUDE": -91.16113 }, "geometry": { "type": "Point", "coordinates": [ -91.161133019614653, 30.506809254399897 ] } },
{ "type": "Feature", "properties": { "ID": 90549, "LANDMARK_NAME": "MONTE SANO VILLAGE APARTMENTS", "FULL_ADDRESS": "3002 MASON AVE, BLDG 137", "CITY": "BATON ROUGE", "STATE": "LOUISIANA", "ZIP": 70805, "PHONE_NUMBER": null, "LATITUDE": 30.50687, "LONGITUDE": -91.16091 }, "geometry": { "type": "Point", "coordinates": [ -91.160911417899854, 30.50687977512904 ] } },
{ "type": "Feature", "properties": { "ID": 90550, "LANDMARK_NAME": "MONTE SANO VILLAGE APARTMENTS", "FULL_ADDRESS": "3002 MASON AVE, BLDG 138", "CITY": "BATON ROUGE", "STATE": "LOUISIANA", "ZIP": 70805, "PHONE_NUMBER": null, "LATITUDE": 30.50714, "LONGITUDE": -91.16114 }, "geometry": { "type": "Point", "coordinates": [ -91.161142663038277, 30.507142659635427 ] } },
{ "type": "Feature", "properties": { "ID": 90551, "LANDMARK_NAME": "MONTE SANO VILLAGE APARTMENTS", "FULL_ADDRESS": "3002 MASON AVE, BLDG 139", "CITY": "BATON ROUGE", "STATE": "LOUISIANA", "ZIP": 70805, "PHONE_NUMBER": null, "LATITUDE": 30.50715, "LONGITUDE": -91.1609 }, "geometry": { "type": "Point", "coordinates": [ -91.160904121597952, 30.507157100483152 ] } },
{ "type": "Feature", "properties": { "ID": 90552, "LANDMARK_NAME": "MONTE SANO VILLAGE APARTMENTS", "FULL_ADDRESS": "3002 MASON AVE, BLDG 140", "CITY": "BATON ROUGE", "STATE": "LOUISIANA", "ZIP": 70805, "PHONE_NUMBER": null, "LATITUDE": 30.50594, "LONGITUDE": -91.16149 }, "geometry": { "type": "Point", "coordinates": [ -91.16149910565963, 30.505945270172969 ] } },
{ "type": "Feature", "properties": { "ID": 90553, "LANDMARK_NAME": "MONTE SANO VILLAGE APARTMENTS", "FULL_ADDRESS": "3002 MASON AVE, BLDG 141", "CITY": "BATON ROUGE", "STATE": "LOUISIANA", "ZIP": 70805, "PHONE_NUMBER": null, "LATITUDE": 30.50613, "LONGITUDE": -91.1615 }, "geometry": { "type": "Point", "coordinates": [ -91.16150900058777, 30.506134106580777 ] } },
{ "type": "Feature", "properties": { "ID": 90745, "LANDMARK_NAME": "LIVE OAK APARTMENTS", "FULL_ADDRESS": "12901 JEFFERSON HWY", "CITY": "BATON ROUGE", "STATE": "LOUISIANA", "ZIP": 70817, "PHONE_NUMBER": null, "LATITUDE": 30.39404, "LONGITUDE": -91.03814 }, "geometry": { "type": "Point", "coordinates": [ -91.038150422885536, 30.39404897130423 ] } },
{ "type": "Feature", "properties": { "ID": 90746, "LANDMARK_NAME": "LIVE OAK APARTMENTS", "FULL_ADDRESS": "12901 JEFFERSON HWY", "CITY": "BATON ROUGE", "STATE": "LOUISIANA", "ZIP": 70817, "PHONE_NUMBER": null, "LATITUDE": 30.39404, "LONGITUDE": -91.03814 }, "geometry": { "type": "Point", "coordinates": [ -91.038150422885536, 30.39404897130423 ] } },
{ "type": "Feature", "properties": { "ID": 90747, "LANDMARK_NAME": "LIVE OAK APARTMENTS", "FULL_ADDRESS": "12901 JEFFERSON HWY", "CITY": "BATON ROUGE", "STATE": "LOUISIANA", "ZIP": 70817, "PHONE_NUMBER": null, "LATITUDE": 30.39404, "LONGITUDE": -91.03814 }, "geometry": { "type": "Point", "coordinates": [ -91.038150422885536, 30.39404897130423 ] } },
{ "type": "Feature", "properties": { "ID": 91284, "LANDMARK_NAME": "MONTE SANO VILLAGE APARTMENTS", "FULL_ADDRESS": "3002 MASON AVE, BLDG 102", "CITY": "BATON ROUGE", "STATE": "LOUISIANA", "ZIP": 70805, "PHONE_NUMBER": null, "LATITUDE": 30.50675, "LONGITUDE": -91.16029 }, "geometry": { "type": "Point", "coordinates": [ -91.160291487133549, 30.506758000169278 ] } },
{ "type": "Feature", "properties": { "ID": 91285, "LANDMARK_NAME": "MONTE SANO VILLAGE APARTMENTS", "FULL_ADDRESS": "3002 MASON AVE, BLDG 103", "CITY": "BATON ROUGE", "STATE": "LOUISIANA", "ZIP": 70805, "PHONE_NUMBER": null, "LATITUDE": 30.50676, "LONGITUDE": -91.16003 }, "geometry": { "type": "Point", "coordinates": [ -91.160032522047956, 30.506760611945779 ] } },
{ "type": "Feature", "properties": { "ID": 91286, "LANDMARK_NAME": "MONTE SANO VILLAGE APARTMENTS", "FULL_ADDRESS": "3002 MASON AVE, BLDG 104", "CITY": "BATON ROUGE", "STATE": "LOUISIANA", "ZIP": 70805, "PHONE_NUMBER": null, "LATITUDE": 30.50647, "LONGITUDE": -91.16 }, "geometry": { "type": "Point", "coordinates": [ -91.160005758499366, 30.506477340697899 ] } },
{ "type": "Feature", "properties": { "ID": 91287, "LANDMARK_NAME": "MONTE SANO VILLAGE APARTMENTS", "FULL_ADDRESS": "3002 MASON AVE, BLDG 105", "CITY": "BATON ROUGE", "STATE": "LOUISIANA", "ZIP": 70805, "PHONE_NUMBER": null, "LATITUDE": 30.50647, "LONGITUDE": -91.16027 }, "geometry": { "type": "Point", "coordinates": [ -91.16027153715072, 30.506474737885071 ] } },
{ "type": "Feature", "properties": { "ID": 91288, "LANDMARK_NAME": "MONTE SANO VILLAGE APARTMENTS", "FULL_ADDRESS": "3002 MASON AVE, BLDG 106", "CITY": "BATON ROUGE", "STATE": "LOUISIANA", "ZIP": 70805, "PHONE_NUMBER": null, "LATITUDE": 30.50646, "LONGITUDE": -91.16053 }, "geometry": { "type": "Point", "coordinates": [ -91.160537326064016, 30.506466234154686 ] } },
{ "type": "Feature", "properties": { "ID": 91289, "LANDMARK_NAME": "MONTE SANO VILLAGE APARTMENTS", "FULL_ADDRESS": "3002 MASON AVE, BLDG 107", "CITY": "BATON ROUGE", "STATE": "LOUISIANA", "ZIP": 70805, "PHONE_NUMBER": null, "LATITUDE": 30.50622, "LONGITUDE": -91.16049 }, "geometry": { "type": "Point", "coordinates": [ -91.160500262115562, 30.506227205673344 ] } },
{ "type": "Feature", "properties": { "ID": 91290, "LANDMARK_NAME": "MONTE SANO VILLAGE APARTMENTS", "FULL_ADDRESS": "3002 MASON AVE, BLDG 108", "CITY": "BATON ROUGE", "STATE": "LOUISIANA", "ZIP": 70805, "PHONE_NUMBER": null, "LATITUDE": 30.50623, "LONGITUDE": -91.16029 }, "geometry": { "type": "Point", "coordinates": [ -91.160292403037587, 30.506232834440247 ] } },
{ "type": "Feature", "properties": { "ID": 91291, "LANDMARK_NAME": "MONTE SANO VILLAGE APARTMENTS", "FULL_ADDRESS": "3002 MASON AVE, BLDG 109", "CITY": "BATON ROUGE", "STATE": "LOUISIANA", "ZIP": 70805, "PHONE_NUMBER": null, "LATITUDE": 30.50624, "LONGITUDE": -91.16009 }, "geometry": { "type": "Point", "coordinates": [ -91.160098158098847, 30.506247332652748 ] } },
{ "type": "Feature", "properties": { "ID": 91292, "LANDMARK_NAME": "MONTE SANO VILLAGE APARTMENTS", "FULL_ADDRESS": "3002 MASON AVE, BLDG 110", "CITY": "BATON ROUGE", "STATE": "LOUISIANA", "ZIP": 70805, "PHONE_NUMBER": null, "LATITUDE": 30.50611, "LONGITUDE": -91.15991 }, "geometry": { "type": "Point", "coordinates": [ -91.159917801600315, 30.506114328912151 ] } },
{ "type": "Feature", "properties": { "ID": 91293, "LANDMARK_NAME": "MONTE SANO VILLAGE APARTMENTS", "FULL_ADDRESS": "3002 MASON AVE, BLDG 111", "CITY": "BATON ROUGE", "STATE": "LOUISIANA", "ZIP": 70805, "PHONE_NUMBER": null, "LATITUDE": 30.50598, "LONGITUDE": -91.16007 }, "geometry": { "type": "Point", "coordinates": [ -91.160074771245419, 30.505981767891146 ] } },
{ "type": "Feature", "properties": { "ID": 91294, "LANDMARK_NAME": "MONTE SANO VILLAGE APARTMENTS", "FULL_ADDRESS": "3002 MASON AVE, BLDG 112", "CITY": "BATON ROUGE", "STATE": "LOUISIANA", "ZIP": 70805, "PHONE_NUMBER": null, "LATITUDE": 30.50594, "LONGITUDE": -91.16026 }, "geometry": { "type": "Point", "coordinates": [ -91.16026223123437, 30.505949558742451 ] } },
{ "type": "Feature", "properties": { "ID": 91295, "LANDMARK_NAME": "MONTE SANO VILLAGE APARTMENTS", "FULL_ADDRESS": "3002 MASON AVE, BLDG 113", "CITY": "BATON ROUGE", "STATE": "LOUISIANA", "ZIP": 70805, "PHONE_NUMBER": null, "LATITUDE": 30.50595, "LONGITUDE": -91.16049 }, "geometry": { "type": "Point", "coordinates": [ -91.160497332416128, 30.505952816653746 ] } },
{ "type": "Feature", "properties": { "ID": 91296, "LANDMARK_NAME": "MONTE SANO VILLAGE APARTMENTS", "FULL_ADDRESS": "3002 MASON AVE, BLDG 114", "CITY": "BATON ROUGE", "STATE": "LOUISIANA", "ZIP": 70805, "PHONE_NUMBER": null, "LATITUDE": 30.50566, "LONGITUDE": -91.16048 }, "geometry": { "type": "Point", "coordinates": [ -91.160487609042249, 30.505666617038305 ] } },
{ "type": "Feature", "properties": { "ID": 91297, "LANDMARK_NAME": "MONTE SANO VILLAGE APARTMENTS", "FULL_ADDRESS": "3002 MASON AVE, BLDG 115", "CITY": "BATON ROUGE", "STATE": "LOUISIANA", "ZIP": 70805, "PHONE_NUMBER": null, "LATITUDE": 30.50566, "LONGITUDE": -91.16026 }, "geometry": { "type": "Point", "coordinates": [ -91.160262730431228, 30.505663373380298 ] } },
{ "type": "Feature", "properties": { "ID": 91298, "LANDMARK_NAME": "MONTE SANO VILLAGE APARTMENTS", "FULL_ADDRESS": "3002 MASON AVE, BLDG 116", "CITY": "BATON ROUGE", "STATE": "LOUISIANA", "ZIP": 70805, "PHONE_NUMBER": null, "LATITUDE": 30.50568, "LONGITUDE": -91.16005 }, "geometry": { "type": "Point", "coordinates": [ -91.160054851910473, 30.505680803447699 ] } },
{ "type": "Feature", "properties": { "ID": 91299, "LANDMARK_NAME": "MONTE SANO VILLAGE APARTMENTS", "FULL_ADDRESS": "3002 MASON AVE, BLDG 118", "CITY": "BATON ROUGE", "STATE": "LOUISIANA", "ZIP": 70805, "PHONE_NUMBER": null, "LATITUDE": 30.50544, "LONGITUDE": -91.16003 }, "geometry": { "type": "Point", "coordinates": [ -91.16003140862054, 30.505447693008772 ] } },
{ "type": "Feature", "properties": { "ID": 91300, "LANDMARK_NAME": "MONTE SANO VILLAGE APARTMENTS", "FULL_ADDRESS": "3002 MASON AVE, BLDG 119", "CITY": "BATON ROUGE", "STATE": "LOUISIANA", "ZIP": 70805, "PHONE_NUMBER": null, "LATITUDE": 30.50545, "LONGITUDE": -91.16027 }, "geometry": { "type": "Point", "coordinates": [ -91.160273322841192, 30.505450959339978 ] } },
{ "type": "Feature", "properties": { "ID": 91301, "LANDMARK_NAME": "MONTE SANO VILLAGE APARTMENTS", "FULL_ADDRESS": "3002 MASON AVE, BLDG 120", "CITY": "BATON ROUGE", "STATE": "LOUISIANA", "ZIP": 70805, "PHONE_NUMBER": null, "LATITUDE": 30.50544, "LONGITUDE": -91.16042 }, "geometry": { "type": "Point", "coordinates": [ -91.160430064741476, 30.505448214476722 ] } },
{ "type": "Feature", "properties": { "ID": 91302, "LANDMARK_NAME": "MONTE SANO VILLAGE APARTMENTS", "FULL_ADDRESS": "3002 MASON AVE, BLDG 121", "CITY": "BATON ROUGE", "STATE": "LOUISIANA", "ZIP": 70805, "PHONE_NUMBER": null, "LATITUDE": 30.50542, "LONGITUDE": -91.16081 }, "geometry": { "type": "Point", "coordinates": [ -91.160811725801622, 30.505425109188181 ] } },
{ "type": "Feature", "properties": { "ID": 91573, "LANDMARK_NAME": "THE PARK ON BLUEBONNET APARTMENTS", "FULL_ADDRESS": "8008 BLUEBONNET BLVD", "CITY": "BATON ROUGE", "STATE": "LOUISIANA", "ZIP": 70810, "PHONE_NUMBER": null, "LATITUDE": 30.37829, "LONGITUDE": -91.10043 }, "geometry": { "type": "Point", "coordinates": [ -91.100438831682155, 30.3782910425812 ] } },
{ "type": "Feature", "properties": { "ID": 91574, "LANDMARK_NAME": "THE PARK ON BLUEBONNET APARTMENTS", "FULL_ADDRESS": "8008 BLUEBONNET BLVD", "CITY": "BATON ROUGE", "STATE": "LOUISIANA", "ZIP": 70810, "PHONE_NUMBER": null, "LATITUDE": 30.37829, "LONGITUDE": -91.10043 }, "geometry": { "type": "Point", "coordinates": [ -91.100438831682155, 30.3782910425812 ] } },
{ "type": "Feature", "properties": { "ID": 91575, "LANDMARK_NAME": "THE PARK ON BLUEBONNET APARTMENTS", "FULL_ADDRESS": "8008 BLUEBONNET BLVD", "CITY": "BATON ROUGE", "STATE": "LOUISIANA", "ZIP": 70810, "PHONE_NUMBER": null, "LATITUDE": 30.37829, "LONGITUDE": -91.10043 }, "geometry": { "type": "Point", "coordinates": [ -91.100438831682155, 30.3782910425812 ] } },
{ "type": "Feature", "properties": { "ID": 91576, "LANDMARK_NAME": "THE PARK ON BLUEBONNET APARTMENTS", "FULL_ADDRESS": "8008 BLUEBONNET BLVD", "CITY": "BATON ROUGE", "STATE": "LOUISIANA", "ZIP": 70810, "PHONE_NUMBER": null, "LATITUDE": 30.37829, "LONGITUDE": -91.10043 }, "geometry": { "type": "Point", "coordinates": [ -91.100438831682155, 30.3782910425812 ] } },
{ "type": "Feature", "properties": { "ID": 91577, "LANDMARK_NAME": "THE PARK ON BLUEBONNET APARTMENTS", "FULL_ADDRESS": "8008 BLUEBONNET BLVD", "CITY": "BATON ROUGE", "STATE": "LOUISIANA", "ZIP": 70810, "PHONE_NUMBER": null, "LATITUDE": 30.37829, "LONGITUDE": -91.10043 }, "geometry": { "type": "Point", "coordinates": [ -91.100438831682155, 30.3782910425812 ] } },
{ "type": "Feature", "properties": { "ID": 91578, "LANDMARK_NAME": "THE PARK ON BLUEBONNET APARTMENTS", "FULL_ADDRESS": "8008 BLUEBONNET BLVD", "CITY": "BATON ROUGE", "STATE": "LOUISIANA", "ZIP": 70810, "PHONE_NUMBER": null, "LATITUDE": 30.37829, "LONGITUDE": -91.10043 }, "geometry": { "type": "Point", "coordinates": [ -91.100438831682155, 30.3782910425812 ] } },
{ "type": "Feature", "properties": { "ID": 91909, "LANDMARK_NAME": "APARTMENTS", "FULL_ADDRESS": "7111 VILLAGE CHARMANT DR", "CITY": "BATON ROUGE", "STATE": "LOUISIANA", "ZIP": 70809, "PHONE_NUMBER": null, "LATITUDE": 30.37833, "LONGITUDE": -91.05327 }, "geometry": { "type": "Point", "coordinates": [ -91.053277171230562, 30.378333745167957 ] } },
{ "type": "Feature", "properties": { "ID": 93432, "LANDMARK_NAME": "MONTE SANO VILLAGE APARTMENTS", "FULL_ADDRESS": "3002 MASON AVE, BLDG 117", "CITY": "BATON ROUGE", "STATE": "LOUISIANA", "ZIP": 70805, "PHONE_NUMBER": null, "LATITUDE": 30.50556, "LONGITUDE": -91.15988 }, "geometry": { "type": "Point", "coordinates": [ -91.15988468227836, 30.505568465725116 ] } },
{ "type": "Feature", "properties": { "ID": 93544, "LANDMARK_NAME": "APARTMENTS", "FULL_ADDRESS": "3335 O'NEAL LN", "CITY": "BATON ROUGE", "STATE": "LOUISIANA", "ZIP": 70816, "PHONE_NUMBER": null, "LATITUDE": 30.4218, "LONGITUDE": -91.00716 }, "geometry": { "type": "Point", "coordinates": [ -91.007164354922537, 30.421801021615121 ] } },
{ "type": "Feature", "properties": { "ID": 93632, "LANDMARK_NAME": "INDIGO PARK APARTMENTS", "FULL_ADDRESS": "11959 NICHOLSON DR", "CITY": "BATON ROUGE", "STATE": "LOUISIANA", "ZIP": 70810, "PHONE_NUMBER": null, "LATITUDE": 30.34427, "LONGITUDE": -91.13855 }, "geometry": { "type": "Point", "coordinates": [ -91.138551815543266, 30.344278613717925 ] } },
{ "type": "Feature", "properties": { "ID": 93633, "LANDMARK_NAME": "INDIGO PARK APARTMENTS", "FULL_ADDRESS": "11959 NICHOLSON DR", "CITY": "BATON ROUGE", "STATE": "LOUISIANA", "ZIP": 70810, "PHONE_NUMBER": null, "LATITUDE": 30.34427, "LONGITUDE": -91.13855 }, "geometry": { "type": "Point", "coordinates": [ -91.138551815543266, 30.344278613717925 ] } },
{ "type": "Feature", "properties": { "ID": 93634, "LANDMARK_NAME": "INDIGO PARK APARTMENTS", "FULL_ADDRESS": "11959 NICHOLSON DR", "CITY": "BATON ROUGE", "STATE": "LOUISIANA", "ZIP": 70810, "PHONE_NUMBER": null, "LATITUDE": 30.34427, "LONGITUDE": -91.13855 }, "geometry": { "type": "Point", "coordinates": [ -91.138551815543266, 30.344278613717925 ] } },
{ "type": "Feature", "properties": { "ID": 93635, "LANDMARK_NAME": "INDIGO PARK APARTMENTS", "FULL_ADDRESS": "11959 NICHOLSON DR", "CITY": "BATON ROUGE", "STATE": "LOUISIANA", "ZIP": 70810, "PHONE_NUMBER": null, "LATITUDE": 30.34427, "LONGITUDE": -91.13855 }, "geometry": { "type": "Point", "coordinates": [ -91.138551815543266, 30.344278613717925 ] } },
{ "type": "Feature", "properties": { "ID": 94198, "LANDMARK_NAME": "DEVONSHIRE APARTMENTS", "FULL_ADDRESS": "13675 COURSEY BLVD", "CITY": "BATON ROUGE", "STATE": "LOUISIANA", "ZIP": 70817, "PHONE_NUMBER": null, "LATITUDE": 30.41051, "LONGITUDE": -91.02543 }, "geometry": { "type": "Point", "coordinates": [ -91.025439084732767, 30.410515705742647 ] } },
{ "type": "Feature", "properties": { "ID": 94199, "LANDMARK_NAME": "DEVONSHIRE APARTMENTS", "FULL_ADDRESS": "13675 COURSEY BLVD", "CITY": "BATON ROUGE", "STATE": "LOUISIANA", "ZIP": 70817, "PHONE_NUMBER": null, "LATITUDE": 30.41051, "LONGITUDE": -91.02543 }, "geometry": { "type": "Point", "coordinates": [ -91.025439084732767, 30.410515705742647 ] } },
{ "type": "Feature", "properties": { "ID": 94200, "LANDMARK_NAME": "DEVONSHIRE APARTMENTS", "FULL_ADDRESS": "13675 COURSEY BLVD", "CITY": "BATON ROUGE", "STATE": "LOUISIANA", "ZIP": 70817, "PHONE_NUMBER": null, "LATITUDE": 30.41051, "LONGITUDE": -91.02543 }, "geometry": { "type": "Point", "coordinates": [ -91.025439084732767, 30.410515705742647 ] } },
{ "type": "Feature", "properties": { "ID": 94201, "LANDMARK_NAME": "DEVONSHIRE APARTMENTS", "FULL_ADDRESS": "13675 COURSEY BLVD", "CITY": "BATON ROUGE", "STATE": "LOUISIANA", "ZIP": 70817, "PHONE_NUMBER": null, "LATITUDE": 30.41051, "LONGITUDE": -91.02543 }, "geometry": { "type": "Point", "coordinates": [ -91.025439084732767, 30.410515705742647 ] } },
{ "type": "Feature", "properties": { "ID": 94309, "LANDMARK_NAME": "MAISON ORLEANS APARTMENTS", "FULL_ADDRESS": "15825 MAISON ORLEANS CT", "CITY": "BATON ROUGE", "STATE": "LOUISIANA", "ZIP": 70817, "PHONE_NUMBER": null, "LATITUDE": 30.38485, "LONGITUDE": -91.00871 }, "geometry": { "type": "Point", "coordinates": [ -91.008716653781136, 30.384858574863458 ] } },
{ "type": "Feature", "properties": { "ID": 94327, "LANDMARK_NAME": "SHENANDOAH BEND APARTMENTS", "FULL_ADDRESS": "15959 TIGER BEND RD", "CITY": "BATON ROUGE", "STATE": "LOUISIANA", "ZIP": 70817, "PHONE_NUMBER": null, "LATITUDE": 30.39093, "LONGITUDE": -91.0082 }, "geometry": { "type": "Point", "coordinates": [ -91.008206965559822, 30.390939120227362 ] } },
{ "type": "Feature", "properties": { "ID": 94328, "LANDMARK_NAME": "SHENANDOAH BEND APARTMENTS", "FULL_ADDRESS": "15959 TIGER BEND RD", "CITY": "BATON ROUGE", "STATE": "LOUISIANA", "ZIP": 70817, "PHONE_NUMBER": null, "LATITUDE": 30.39093, "LONGITUDE": -91.0082 }, "geometry": { "type": "Point", "coordinates": [ -91.008206965559822, 30.390939120227362 ] } },
{ "type": "Feature", "properties": { "ID": 94479, "LANDMARK_NAME": "MONTE SANO VILLAGE APARTMENTS", "FULL_ADDRESS": "3002 MASON AVE, BLDG 122", "CITY": "BATON ROUGE", "STATE": "LOUISIANA", "ZIP": 70805, "PHONE_NUMBER": null, "LATITUDE": 30.50541, "LONGITUDE": -91.16102 }, "geometry": { "type": "Point", "coordinates": [ -91.16102982039736, 30.505410641883977 ] } },
{ "type": "Feature", "properties": { "ID": 94480, "LANDMARK_NAME": "MONTE SANO VILLAGE APARTMENTS", "FULL_ADDRESS": "3002 MASON AVE, BLDG 123", "CITY": "BATON ROUGE", "STATE": "LOUISIANA", "ZIP": 70805, "PHONE_NUMBER": null, "LATITUDE": 30.50541, "LONGITUDE": -91.16127 }, "geometry": { "type": "Point", "coordinates": [ -91.161278549833924, 30.505413915251161 ] } },
{ "type": "Feature", "properties": { "ID": 94481, "LANDMARK_NAME": "MONTE SANO VILLAGE APARTMENTS", "FULL_ADDRESS": "3002 MASON AVE, BLDG 124", "CITY": "BATON ROUGE", "STATE": "LOUISIANA", "ZIP": 70805, "PHONE_NUMBER": null, "LATITUDE": 30.50539, "LONGITUDE": -91.16145 }, "geometry": { "type": "Point", "coordinates": [ -91.161459163463988, 30.505399398503393 ] } },
{ "type": "Feature", "properties": { "ID": 94482, "LANDMARK_NAME": "MONTE SANO VILLAGE APARTMENTS", "FULL_ADDRESS": "3002 MASON AVE, BLDG 125", "CITY": "BATON ROUGE", "STATE": "LOUISIANA", "ZIP": 70805, "PHONE_NUMBER": null, "LATITUDE": 30.50561, "LONGITUDE": -91.16148 }, "geometry": { "type": "Point", "coordinates": [ -91.161486702149389, 30.505614490773795 ] } },
{ "type": "Feature", "properties": { "ID": 94483, "LANDMARK_NAME": "MONTE SANO VILLAGE APARTMENTS", "FULL_ADDRESS": "3002 MASON AVE, BLDG 126", "CITY": "BATON ROUGE", "STATE": "LOUISIANA", "ZIP": 70805, "PHONE_NUMBER": null, "LATITUDE": 30.50561, "LONGITUDE": -91.16127 }, "geometry": { "type": "Point", "coordinates": [ -91.161274789174769, 30.50561748720504 ] } },
{ "type": "Feature", "properties": { "ID": 94484, "LANDMARK_NAME": "MONTE SANO VILLAGE APARTMENTS", "FULL_ADDRESS": "3002 MASON AVE, BLDG 127", "CITY": "BATON ROUGE", "STATE": "LOUISIANA", "ZIP": 70805, "PHONE_NUMBER": null, "LATITUDE": 30.50564, "LONGITUDE": -91.16083 }, "geometry": { "type": "Point", "coordinates": [ -91.160835192478956, 30.50564641781909 ] } },
{ "type": "Feature", "properties": { "ID": 94485, "LANDMARK_NAME": "MONTE SANO VILLAGE APARTMENTS", "FULL_ADDRESS": "3002 MASON AVE, BLDG 128", "CITY": "BATON ROUGE", "STATE": "LOUISIANA", "ZIP": 70805, "PHONE_NUMBER": null, "LATITUDE": 30.50593, "LONGITUDE": -91.16083 }, "geometry": { "type": "Point", "coordinates": [ -91.160834694931808, 30.505932604086961 ] } },
{ "type": "Feature", "properties": { "ID": 95819, "LANDMARK_NAME": "RESERVE AT WHITE OAK APARTMENTS", "FULL_ADDRESS": "16441 S HARRELL'S FERRY RD", "CITY": "BATON ROUGE", "STATE": "LOUISIANA", "ZIP": 70816, "PHONE_NUMBER": null, "LATITUDE": 30.42848, "LONGITUDE": -91.00306 }, "geometry": { "type": "Point", "coordinates": [ -91.003063674573824, 30.42848347153879 ] } },
{ "type": "Feature", "properties": { "ID": 95820, "LANDMARK_NAME": "RESERVE AT WHITE OAK APARTMENTS", "FULL_ADDRESS": "16441 S HARRELL'S FERRY RD", "CITY": "BATON ROUGE", "STATE": "LOUISIANA", "ZIP": 70816, "PHONE_NUMBER": null, "LATITUDE": 30.42848, "LONGITUDE": -91.00306 }, "geometry": { "type": "Point", "coordinates": [ -91.003063674573824, 30.42848347153879 ] } },
{ "type": "Feature", "properties": { "ID": 95821, "LANDMARK_NAME": "RESERVE AT WHITE OAK APARTMENTS", "FULL_ADDRESS": "16441 S HARRELL'S FERRY RD", "CITY": "BATON ROUGE", "STATE": "LOUISIANA", "ZIP": 70816, "PHONE_NUMBER": null, "LATITUDE": 30.42848, "LONGITUDE": -91.00306 }, "geometry": { "type": "Point", "coordinates": [ -91.003063674573824, 30.42848347153879 ] } },
{ "type": "Feature", "properties": { "ID": 95822, "LANDMARK_NAME": "RESERVE AT WHITE OAK APARTMENTS", "FULL_ADDRESS": "16441 S HARRELL'S FERRY RD", "CITY": "BATON ROUGE", "STATE": "LOUISIANA", "ZIP": 70816, "PHONE_NUMBER": null, "LATITUDE": 30.42848, "LONGITUDE": -91.00306 }, "geometry": { "type": "Point", "coordinates": [ -91.003063674573824, 30.42848347153879 ] } },
{ "type": "Feature", "properties": { "ID": 95823, "LANDMARK_NAME": "RESERVE AT WHITE OAK APARTMENTS", "FULL_ADDRESS": "16441 S HARRELL'S FERRY RD", "CITY": "BATON ROUGE", "STATE": "LOUISIANA", "ZIP": 70816, "PHONE_NUMBER": null, "LATITUDE": 30.42848, "LONGITUDE": -91.00306 }, "geometry": { "type": "Point", "coordinates": [ -91.003063674573824, 30.42848347153879 ] } },
{ "type": "Feature", "properties": { "ID": 95824, "LANDMARK_NAME": "RESERVE AT WHITE OAK APARTMENTS", "FULL_ADDRESS": "16441 S HARRELL'S FERRY RD", "CITY": "BATON ROUGE", "STATE": "LOUISIANA", "ZIP": 70816, "PHONE_NUMBER": null, "LATITUDE": 30.42848, "LONGITUDE": -91.00306 }, "geometry": { "type": "Point", "coordinates": [ -91.003063674573824, 30.42848347153879 ] } },
{ "type": "Feature", "properties": { "ID": 95894, "LANDMARK_NAME": "BROUSSARD PLAZA APARTMENTS", "FULL_ADDRESS": "8686 COY AVE", "CITY": "BATON ROUGE", "STATE": "LOUISIANA", "ZIP": 70810, "PHONE_NUMBER": null, "LATITUDE": 30.35721, "LONGITUDE": -91.12206 }, "geometry": { "type": "Point", "coordinates": [ -91.122065904761953, 30.357211442719024 ] } },
{ "type": "Feature", "properties": { "ID": 96080, "LANDMARK_NAME": "HUDSON SQUARE APARTMENTS", "FULL_ADDRESS": "10210 AVENUE L", "CITY": "BATON ROUGE", "STATE": "LOUISIANA", "ZIP": 70807, "PHONE_NUMBER": null, "LATITUDE": 30.53696, "LONGITUDE": -91.20017 }, "geometry": { "type": "Point", "coordinates": [ -91.200174667610867, 30.53696316210862 ] } },
{ "type": "Feature", "properties": { "ID": 96081, "LANDMARK_NAME": "WESLEY CHAPEL APARTMENTS", "FULL_ADDRESS": "10008 AVENUE L", "CITY": "BATON ROUGE", "STATE": "LOUISIANA", "ZIP": 70807, "PHONE_NUMBER": null, "LATITUDE": 30.53523, "LONGITUDE": -91.20033 }, "geometry": { "type": "Point", "coordinates": [ -91.200340247649393, 30.5352401424222 ] } },
{ "type": "Feature", "properties": { "ID": 96424, "LANDMARK_NAME": "SUMMERWOOD VILLAS APARTMENTS", "FULL_ADDRESS": "809 SUMMER BREEZE DR", "CITY": "BATON ROUGE", "STATE": "LOUISIANA", "ZIP": 70810, "PHONE_NUMBER": null, "LATITUDE": 30.35911, "LONGITUDE": -91.11772 }, "geometry": { "type": "Point", "coordinates": [ -91.117723505212936, 30.359110642180585 ] } },
{ "type": "Feature", "properties": { "ID": 96425, "LANDMARK_NAME": "SUMMERWOOD VILLAS APARTMENTS", "FULL_ADDRESS": "809 SUMMER BREEZE DR", "CITY": "BATON ROUGE", "STATE": "LOUISIANA", "ZIP": 70810, "PHONE_NUMBER": null, "LATITUDE": 30.35911, "LONGITUDE": -91.11772 }, "geometry": { "type": "Point", "coordinates": [ -91.117723505212936, 30.359110642180585 ] } },
{ "type": "Feature", "properties": { "ID": 96426, "LANDMARK_NAME": "SUMMERWOOD VILLAS APARTMENTS", "FULL_ADDRESS": "809 SUMMER BREEZE DR", "CITY": "BATON ROUGE", "STATE": "LOUISIANA", "ZIP": 70810, "PHONE_NUMBER": null, "LATITUDE": 30.35911, "LONGITUDE": -91.11772 }, "geometry": { "type": "Point", "coordinates": [ -91.117723505212936, 30.359110642180585 ] } },
{ "type": "Feature", "properties": { "ID": 96427, "LANDMARK_NAME": "SUMMERWOOD VILLAS APARTMENTS", "FULL_ADDRESS": "809 SUMMER BREEZE DR", "CITY": "BATON ROUGE", "STATE": "LOUISIANA", "ZIP": 70810, "PHONE_NUMBER": null, "LATITUDE": 30.35911, "LONGITUDE": -91.11772 }, "geometry": { "type": "Point", "coordinates": [ -91.117723505212936, 30.359110642180585 ] } },
{ "type": "Feature", "properties": { "ID": 96428, "LANDMARK_NAME": "SUMMERWOOD VILLAS APARTMENTS", "FULL_ADDRESS": "809 SUMMER BREEZE DR", "CITY": "BATON ROUGE", "STATE": "LOUISIANA", "ZIP": 70810, "PHONE_NUMBER": null, "LATITUDE": 30.35911, "LONGITUDE": -91.11772 }, "geometry": { "type": "Point", "coordinates": [ -91.117723505212936, 30.359110642180585 ] } },
{ "type": "Feature", "properties": { "ID": 96429, "LANDMARK_NAME": "SUMMERWOOD VILLAS APARTMENTS", "FULL_ADDRESS": "809 SUMMER BREEZE DR", "CITY": "BATON ROUGE", "STATE": "LOUISIANA", "ZIP": 70810, "PHONE_NUMBER": null, "LATITUDE": 30.35911, "LONGITUDE": -91.11772 }, "geometry": { "type": "Point", "coordinates": [ -91.117723505212936, 30.359110642180585 ] } },
{ "type": "Feature", "properties": { "ID": 96430, "LANDMARK_NAME": "SUMMERWOOD VILLAS APARTMENTS", "FULL_ADDRESS": "809 SUMMER BREEZE DR", "CITY": "BATON ROUGE", "STATE": "LOUISIANA", "ZIP": 70810, "PHONE_NUMBER": null, "LATITUDE": 30.35911, "LONGITUDE": -91.11772 }, "geometry": { "type": "Point", "coordinates": [ -91.117723505212936, 30.359110642180585 ] } },
{ "type": "Feature", "properties": { "ID": 96447, "LANDMARK_NAME": "THE GALLERY APARTMENTS", "FULL_ADDRESS": "1323 JIM TAYLOR DR", "CITY": "BATON ROUGE", "STATE": "LOUISIANA", "ZIP": 70820, "PHONE_NUMBER": null, "LATITUDE": 30.39149, "LONGITUDE": -91.18232 }, "geometry": { "type": "Point", "coordinates": [ -91.182322119649498, 30.391495789372687 ] } },
{ "type": "Feature", "properties": { "ID": 96695, "LANDMARK_NAME": "APARTMENTS", "FULL_ADDRESS": "3015 WYOMING ST", "CITY": "BATON ROUGE", "STATE": "LOUISIANA", "ZIP": 70802, "PHONE_NUMBER": null, "LATITUDE": 30.42069, "LONGITUDE": -91.18828 }, "geometry": { "type": "Point", "coordinates": [ -91.188285174605682, 30.420693955970187 ] } },
{ "type": "Feature", "properties": { "ID": 96915, "LANDMARK_NAME": "KELLY TERRACE APARTMENTS (EBRPHA)", "FULL_ADDRESS": "999 ROSENWALD RD", "CITY": "BATON ROUGE", "STATE": "LOUISIANA", "ZIP": 70807, "PHONE_NUMBER": null, "LATITUDE": 30.53165, "LONGITUDE": -91.18308 }, "geometry": { "type": "Point", "coordinates": [ -91.183084893750404, 30.531652531849144 ] } },
{ "type": "Feature", "properties": { "ID": 96992, "LANDMARK_NAME": "LAKESIDE VILLAS APARTMENTS", "FULL_ADDRESS": "2455 WELDWOOD DR", "CITY": "BATON ROUGE", "STATE": "LOUISIANA", "ZIP": 70816, "PHONE_NUMBER": null, "LATITUDE": 30.43819, "LONGITUDE": -91.02002 }, "geometry": { "type": "Point", "coordinates": [ -91.020023934854208, 30.438193031056233 ] } },
{ "type": "Feature", "properties": { "ID": 96993, "LANDMARK_NAME": "LAKESIDE VILLAS APARTMENTS", "FULL_ADDRESS": "2455 WELDWOOD DR", "CITY": "BATON ROUGE", "STATE": "LOUISIANA", "ZIP": 70816, "PHONE_NUMBER": null, "LATITUDE": 30.43819, "LONGITUDE": -91.02002 }, "geometry": { "type": "Point", "coordinates": [ -91.020023934854208, 30.438193031056233 ] } },
{ "type": "Feature", "properties": { "ID": 96994, "LANDMARK_NAME": "LAKESIDE VILLAS APARTMENTS", "FULL_ADDRESS": "2455 WELDWOOD DR", "CITY": "BATON ROUGE", "STATE": "LOUISIANA", "ZIP": 70816, "PHONE_NUMBER": null, "LATITUDE": 30.43819, "LONGITUDE": -91.02002 }, "geometry": { "type": "Point", "coordinates": [ -91.020023934854208, 30.438193031056233 ] } },
{ "type": "Feature", "properties": { "ID": 97601, "LANDMARK_NAME": "SPRING BROOK APARTMENTS", "FULL_ADDRESS": "15580 GEORGE O'NEAL RD", "CITY": "BATON ROUGE", "STATE": "LOUISIANA", "ZIP": 70817, "PHONE_NUMBER": null, "LATITUDE": 30.40648, "LONGITUDE": -91.01263 }, "geometry": { "type": "Point", "coordinates": [ -91.012631300036176, 30.406488181163922 ] } },
{ "type": "Feature", "properties": { "ID": 97617, "LANDMARK_NAME": "LAKES AT BLUEBONNET APARTMENTS", "FULL_ADDRESS": "10600 LAKES BLVD", "CITY": "BATON ROUGE", "STATE": "LOUISIANA", "ZIP": 70810, "PHONE_NUMBER": null, "LATITUDE": 30.3549, "LONGITUDE": -91.10674 }, "geometry": { "type": "Point", "coordinates": [ -91.106750659947821, 30.354904754141877 ] } },
{ "type": "Feature", "properties": { "ID": 98060, "LANDMARK_NAME": "APARTMENTS", "FULL_ADDRESS": "10513 N OAK HILLS PKWY", "CITY": "BATON ROUGE", "STATE": "LOUISIANA", "ZIP": 70810, "PHONE_NUMBER": null, "LATITUDE": 30.37038, "LONGITUDE": -91.10359 }, "geometry": { "type": "Point", "coordinates": [ -91.103595811467642, 30.370381619283766 ] } },
{ "type": "Feature", "properties": { "ID": 99134, "LANDMARK_NAME": "JESSICA'S LANDING APARTMENTS", "FULL_ADDRESS": "1500 BRIGHTSIDE DR", "CITY": "BATON ROUGE", "STATE": "LOUISIANA", "ZIP": 70820, "PHONE_NUMBER": null, "LATITUDE": 30.3884, "LONGITUDE": -91.17501 }, "geometry": { "type": "Point", "coordinates": [ -91.175019100969067, 30.388401646901698 ] } },
{ "type": "Feature", "properties": { "ID": 99627, "LANDMARK_NAME": "HAWTHORNE II APARTMENTS", "FULL_ADDRESS": "4223 JANET AVE", "CITY": "BATON ROUGE", "STATE": "LOUISIANA", "ZIP": 70808, "PHONE_NUMBER": null, "LATITUDE": 30.40224, "LONGITUDE": -91.17502 }, "geometry": { "type": "Point", "coordinates": [ -91.175022357432283, 30.402248305604164 ] } },
{ "type": "Feature", "properties": { "ID": 99628, "LANDMARK_NAME": "HAWTHORNE II APARTMENTS", "FULL_ADDRESS": "4253 JANET AVE", "CITY": "BATON ROUGE", "STATE": "LOUISIANA", "ZIP": 70808, "PHONE_NUMBER": null, "LATITUDE": 30.40204, "LONGITUDE": -91.17477 }, "geometry": { "type": "Point", "coordinates": [ -91.174772161148894, 30.402050331500647 ] } },
{ "type": "Feature", "properties": { "ID": 99733, "LANDMARK_NAME": "VILLAGE GREEN APARTMENTS 2", "FULL_ADDRESS": "12124 DOVERWOOD DR", "CITY": "BATON ROUGE", "STATE": "LOUISIANA", "ZIP": 70807, "PHONE_NUMBER": null, "LATITUDE": 30.55659, "LONGITUDE": -91.17258 }, "geometry": { "type": "Point", "coordinates": [ -91.172586816036556, 30.556591407933631 ] } },
{ "type": "Feature", "properties": { "ID": 99984, "LANDMARK_NAME": "UNIVERSITY VIEW APARTMENTS 2", "FULL_ADDRESS": "710 E BOYD DR", "CITY": "BATON ROUGE", "STATE": "LOUISIANA", "ZIP": 70808, "PHONE_NUMBER": null, "LATITUDE": 30.39984, "LONGITUDE": -91.17733 }, "geometry": { "type": "Point", "coordinates": [ -91.177335783085994, 30.39984358433508 ] } },
{ "type": "Feature", "properties": { "ID": 100551, "LANDMARK_NAME": "VILLAGE GREEN APARTMENTS 4", "FULL_ADDRESS": "12134 DOVERWOOD DR", "CITY": "BATON ROUGE", "STATE": "LOUISIANA", "ZIP": 70807, "PHONE_NUMBER": null, "LATITUDE": 30.55678, "LONGITUDE": -91.17255 }, "geometry": { "type": "Point", "coordinates": [ -91.172555157698042, 30.556780540914332 ] } },
{ "type": "Feature", "properties": { "ID": 100683, "LANDMARK_NAME": "OAKBROOK APARTMENTS ", "FULL_ADDRESS": "5075 NICHOLSON DR", "CITY": "BATON ROUGE", "STATE": "LOUISIANA", "ZIP": 70820, "PHONE_NUMBER": null, "LATITUDE": 30.39105, "LONGITUDE": -91.17179 }, "geometry": { "type": "Point", "coordinates": [ -91.171792774872117, 30.391054727878476 ] } },
{ "type": "Feature", "properties": { "ID": 101352, "LANDMARK_NAME": "1440 STILT STREET APARTMENT", "FULL_ADDRESS": "1440 STILT ST", "CITY": "BATON ROUGE", "STATE": "LOUISIANA", "ZIP": 70807, "PHONE_NUMBER": null, "LATITUDE": 30.52666, "LONGITUDE": -91.17911 }, "geometry": { "type": "Point", "coordinates": [ -91.179113052359483, 30.526669156449213 ] } },
{ "type": "Feature", "properties": { "ID": 101424, "LANDMARK_NAME": "PLACE DU PLANTIER APARTMENTS", "FULL_ADDRESS": "550 LEE DR", "CITY": "BATON ROUGE", "STATE": "LOUISIANA", "ZIP": 70808, "PHONE_NUMBER": null, "LATITUDE": 30.39955, "LONGITUDE": -91.1541 }, "geometry": { "type": "Point", "coordinates": [ -91.154109657873306, 30.399558988052448 ] } },
{ "type": "Feature", "properties": { "ID": 101890, "LANDMARK_NAME": "8340 THELMA STREET APARTMENT", "FULL_ADDRESS": "8340 THELMA ST", "CITY": "BATON ROUGE", "STATE": "LOUISIANA", "ZIP": 70807, "PHONE_NUMBER": null, "LATITUDE": 30.52379, "LONGITUDE": -91.17236 }, "geometry": { "type": "Point", "coordinates": [ -91.172366035529507, 30.523796519711134 ] } },
{ "type": "Feature", "properties": { "ID": 102387, "LANDMARK_NAME": "VILLAGE GREEN APARTMENTS 19", "FULL_ADDRESS": "1953 SPARTA AVE", "CITY": "BATON ROUGE", "STATE": "LOUISIANA", "ZIP": 70807, "PHONE_NUMBER": null, "LATITUDE": 30.5564, "LONGITUDE": -91.17318 }, "geometry": { "type": "Point", "coordinates": [ -91.173182814396185, 30.556406043742648 ] } },
{ "type": "Feature", "properties": { "ID": 102390, "LANDMARK_NAME": "VILLAGE GREEN APARTMENTS 15", "FULL_ADDRESS": "1941 BRADFIELD AVE", "CITY": "BATON ROUGE", "STATE": "LOUISIANA", "ZIP": 70807, "PHONE_NUMBER": null, "LATITUDE": 30.55707, "LONGITUDE": -91.17315 }, "geometry": { "type": "Point", "coordinates": [ -91.173158887020989, 30.557073369637003 ] } },
{ "type": "Feature", "properties": { "ID": 102391, "LANDMARK_NAME": "VILLAGE GREEN APARTMENTS 17", "FULL_ADDRESS": "1950 BRADFIELD AVE", "CITY": "BATON ROUGE", "STATE": "LOUISIANA", "ZIP": 70807, "PHONE_NUMBER": null, "LATITUDE": 30.55659, "LONGITUDE": -91.17314 }, "geometry": { "type": "Point", "coordinates": [ -91.173149912131407, 30.556600066281064 ] } },
{ "type": "Feature", "properties": { "ID": 103234, "LANDMARK_NAME": "VILLAGE GREEN APARTMENTS 13", "FULL_ADDRESS": "1933 SPARTA AVE", "CITY": "BATON ROUGE", "STATE": "LOUISIANA", "ZIP": 70807, "PHONE_NUMBER": null, "LATITUDE": 30.55645, "LONGITUDE": -91.17356 }, "geometry": { "type": "Point", "coordinates": [ -91.173562200812, 30.556460284962437 ] } },
{ "type": "Feature", "properties": { "ID": 103687, "LANDMARK_NAME": "THE REGENT APARTMENT HOMES", "FULL_ADDRESS": "2750 MILLERVILLE RD", "CITY": "BATON ROUGE", "STATE": "LOUISIANA", "ZIP": 70816, "PHONE_NUMBER": null, "LATITUDE": 30.43536, "LONGITUDE": -91.02496 }, "geometry": { "type": "Point", "coordinates": [ -91.024963525101285, 30.435366235911097 ] } },
{ "type": "Feature", "properties": { "ID": 103688, "LANDMARK_NAME": "THE REGENT APARTMENT HOMES", "FULL_ADDRESS": "2750 MILLERVILLE RD", "CITY": "BATON ROUGE", "STATE": "LOUISIANA", "ZIP": 70816, "PHONE_NUMBER": null, "LATITUDE": 30.43536, "LONGITUDE": -91.02496 }, "geometry": { "type": "Point", "coordinates": [ -91.024963525101285, 30.435366235911097 ] } },
{ "type": "Feature", "properties": { "ID": 103689, "LANDMARK_NAME": "THE REGENT APARTMENT HOMES", "FULL_ADDRESS": "2750 MILLERVILLE RD", "CITY": "BATON ROUGE", "STATE": "LOUISIANA", "ZIP": 70816, "PHONE_NUMBER": null, "LATITUDE": 30.43536, "LONGITUDE": -91.02496 }, "geometry": { "type": "Point", "coordinates": [ -91.024963525101285, 30.435366235911097 ] } },
{ "type": "Feature", "properties": { "ID": 103805, "LANDMARK_NAME": "VILLAGE GREEN APARTMENTS 5", "FULL_ADDRESS": "1910 BRADFIELD AVE", "CITY": "BATON ROUGE", "STATE": "LOUISIANA", "ZIP": 70807, "PHONE_NUMBER": null, "LATITUDE": 30.55667, "LONGITUDE": -91.1739 }, "geometry": { "type": "Point", "coordinates": [ -91.173902453120633, 30.556679143431349 ] } },
{ "type": "Feature", "properties": { "ID": 103995, "LANDMARK_NAME": "2725 TANNER STREET APARTMENT", "FULL_ADDRESS": "2725 TANNER ST", "CITY": "BATON ROUGE", "STATE": "LOUISIANA", "ZIP": 70807, "PHONE_NUMBER": null, "LATITUDE": 30.52332, "LONGITUDE": -91.16475 }, "geometry": { "type": "Point", "coordinates": [ -91.164753349912687, 30.523325983439648 ] } },
{ "type": "Feature", "properties": { "ID": 104007, "LANDMARK_NAME": "VILLAGE GREEN APARTMENTS 9", "FULL_ADDRESS": "1921 BRADFIELD AVE", "CITY": "BATON ROUGE", "STATE": "LOUISIANA", "ZIP": 70807, "PHONE_NUMBER": null, "LATITUDE": 30.5571, "LONGITUDE": -91.17356 }, "geometry": { "type": "Point", "coordinates": [ -91.173570323590369, 30.557109821491295 ] } },
{ "type": "Feature", "properties": { "ID": 104020, "LANDMARK_NAME": "8355 MENSIA PL APARTMENT", "FULL_ADDRESS": "8355 MENSIA PL", "CITY": "BATON ROUGE", "STATE": "LOUISIANA", "ZIP": 70807, "PHONE_NUMBER": null, "LATITUDE": 30.52354, "LONGITUDE": -91.17008 }, "geometry": { "type": "Point", "coordinates": [ -91.1700847347295, 30.523549996680085 ] } },
{ "type": "Feature", "properties": { "ID": 104021, "LANDMARK_NAME": "8345 MENSIA PL APARTMENT", "FULL_ADDRESS": "8345 MENSIA PL", "CITY": "BATON ROUGE", "STATE": "LOUISIANA", "ZIP": 70807, "PHONE_NUMBER": null, "LATITUDE": 30.52316, "LONGITUDE": -91.17005 }, "geometry": { "type": "Point", "coordinates": [ -91.170060008726963, 30.523164559816021 ] } },
{ "type": "Feature", "properties": { "ID": 104032, "LANDMARK_NAME": "ELM GROVE GARDENS APARTMENTS", "FULL_ADDRESS": "8772 ELM GROVE GARDEN DR", "CITY": "BATON ROUGE", "STATE": "LOUISIANA", "ZIP": 70807, "PHONE_NUMBER": null, "LATITUDE": 30.52702, "LONGITUDE": -91.16834 }, "geometry": { "type": "Point", "coordinates": [ -91.168341961731329, 30.527022164939517 ] } },
{ "type": "Feature", "properties": { "ID": 104458, "LANDMARK_NAME": "APARTMENTS", "FULL_ADDRESS": "9990 AVENUE J", "CITY": "BATON ROUGE", "STATE": "LOUISIANA", "ZIP": 70807, "PHONE_NUMBER": null, "LATITUDE": 30.53547, "LONGITUDE": -91.19841 }, "geometry": { "type": "Point", "coordinates": [ -91.198418986377533, 30.53547255394075 ] } },
{ "type": "Feature", "properties": { "ID": 104555, "LANDMARK_NAME": "VILLAGE GREEN APARTMENTS 6", "FULL_ADDRESS": "1911 BRADFIELD AVE", "CITY": "BATON ROUGE", "STATE": "LOUISIANA", "ZIP": 70807, "PHONE_NUMBER": null, "LATITUDE": 30.55715, "LONGITUDE": -91.17376 }, "geometry": { "type": "Point", "coordinates": [ -91.173764424481973, 30.557157417633636 ] } },
{ "type": "Feature", "properties": { "ID": 104560, "LANDMARK_NAME": "VILLAGE GREEN APARTMENTS 10", "FULL_ADDRESS": "1923 SPARTA AVE", "CITY": "BATON ROUGE", "STATE": "LOUISIANA", "ZIP": 70807, "PHONE_NUMBER": null, "LATITUDE": 30.55647, "LONGITUDE": -91.17374 }, "geometry": { "type": "Point", "coordinates": [ -91.173750688246827, 30.556473787730241 ] } },
{ "type": "Feature", "properties": { "ID": 104563, "LANDMARK_NAME": "VILLAGE GREEN APARTMENTS 8", "FULL_ADDRESS": "1920 BRADFIELD AVE", "CITY": "BATON ROUGE", "STATE": "LOUISIANA", "ZIP": 70807, "PHONE_NUMBER": null, "LATITUDE": 30.55666, "LONGITUDE": -91.17371 }, "geometry": { "type": "Point", "coordinates": [ -91.173716658030941, 30.55666535366688 ] } },
{ "type": "Feature", "properties": { "ID": 104639, "LANDMARK_NAME": "APARTMENTS", "FULL_ADDRESS": "4040 DAWSON DR", "CITY": "BATON ROUGE", "STATE": "LOUISIANA", "ZIP": 70805, "PHONE_NUMBER": null, "LATITUDE": 30.50662, "LONGITUDE": -91.14982 }, "geometry": { "type": "Point", "coordinates": [ -91.149829421331347, 30.506625470120515 ] } },
{ "type": "Feature", "properties": { "ID": 104878, "LANDMARK_NAME": "VILLAGE GREEN APARTMENTS", "FULL_ADDRESS": "12111 DOVERWOOD DR", "CITY": "BATON ROUGE", "STATE": "LOUISIANA", "ZIP": 70807, "PHONE_NUMBER": null, "LATITUDE": 30.55636, "LONGITUDE": -91.17302 }, "geometry": { "type": "Point", "coordinates": [ -91.173027930912468, 30.556365660099843 ] } },
{ "type": "Feature", "properties": { "ID": 104879, "LANDMARK_NAME": "1859 FAIRCHILD STREET APARTMENT", "FULL_ADDRESS": "1859 FAIRCHILD ST", "CITY": "BATON ROUGE", "STATE": "LOUISIANA", "ZIP": 70807, "PHONE_NUMBER": null, "LATITUDE": 30.52255, "LONGITUDE": -91.17317 }, "geometry": { "type": "Point", "coordinates": [ -91.173176814828466, 30.522553168327359 ] } },
{ "type": "Feature", "properties": { "ID": 104883, "LANDMARK_NAME": "VILLAGE GREEN APARTMENTS 18", "FULL_ADDRESS": "1951 BRADFIELD AVE", "CITY": "BATON ROUGE", "STATE": "LOUISIANA", "ZIP": 70807, "PHONE_NUMBER": null, "LATITUDE": 30.55702, "LONGITUDE": -91.17296 }, "geometry": { "type": "Point", "coordinates": [ -91.172965747435896, 30.557026518861871 ] } },
{ "type": "Feature", "properties": { "ID": 104886, "LANDMARK_NAME": "VILLAGE GREEN APARTMENTS 3", "FULL_ADDRESS": "12131 DOVERWOOD DR", "CITY": "BATON ROUGE", "STATE": "LOUISIANA", "ZIP": 70807, "PHONE_NUMBER": null, "LATITUDE": 30.55661, "LONGITUDE": -91.17297 }, "geometry": { "type": "Point", "coordinates": [ -91.17297859970185, 30.556617535471215 ] } },
{ "type": "Feature", "properties": { "ID": 104959, "LANDMARK_NAME": "GREENWOOD FOREST APARTMENTS", "FULL_ADDRESS": "5139 BAKER BLVD", "CITY": "BAKER", "STATE": "LOUISIANA", "ZIP": 70714, "PHONE_NUMBER": null, "LATITUDE": 30.59424, "LONGITUDE": -91.14629 }, "geometry": { "type": "Point", "coordinates": [ -91.146291928923347, 30.59424165030881 ] } },
{ "type": "Feature", "properties": { "ID": 105342, "LANDMARK_NAME": "VILLAGE GREEN APARTMENTS 7", "FULL_ADDRESS": "1913 SPARTA AVE", "CITY": "BATON ROUGE", "STATE": "LOUISIANA", "ZIP": 70807, "PHONE_NUMBER": null, "LATITUDE": 30.55648, "LONGITUDE": -91.17393 }, "geometry": { "type": "Point", "coordinates": [ -91.173936399770881, 30.556484875710577 ] } },
{ "type": "Feature", "properties": { "ID": 105477, "LANDMARK_NAME": "GREENWOOD FOREST APARTMENTS", "FULL_ADDRESS": "5057 BAKER BLVD", "CITY": "BAKER", "STATE": "LOUISIANA", "ZIP": 70714, "PHONE_NUMBER": null, "LATITUDE": 30.59504, "LONGITUDE": -91.14662 }, "geometry": { "type": "Point", "coordinates": [ -91.146621274726854, 30.595045381735844 ] } },
{ "type": "Feature", "properties": { "ID": 105478, "LANDMARK_NAME": "GREENWOOD FOREST APARTMENTS", "FULL_ADDRESS": "5051 BAKER BLVD", "CITY": "BAKER", "STATE": "LOUISIANA", "ZIP": 70714, "PHONE_NUMBER": null, "LATITUDE": 30.59466, "LONGITUDE": -91.14662 }, "geometry": { "type": "Point", "coordinates": [ -91.146621480571952, 30.594668709866824 ] } },
{ "type": "Feature", "properties": { "ID": 105479, "LANDMARK_NAME": "GREENWOOD FOREST APARTMENTS", "FULL_ADDRESS": "5081 BAKER BLVD", "CITY": "BAKER", "STATE": "LOUISIANA", "ZIP": 70714, "PHONE_NUMBER": null, "LATITUDE": 30.59527, "LONGITUDE": -91.14661 }, "geometry": { "type": "Point", "coordinates": [ -91.146619164340393, 30.595273421180796 ] } },
{ "type": "Feature", "properties": { "ID": 105669, "LANDMARK_NAME": "RAMESIS COURT APARTMENTS", "FULL_ADDRESS": "4540 CROWN AVE", "CITY": "BATON ROUGE", "STATE": "LOUISIANA", "ZIP": 70811, "PHONE_NUMBER": null, "LATITUDE": 30.51374, "LONGITUDE": -91.14662 }, "geometry": { "type": "Point", "coordinates": [ -91.146627971563291, 30.513749880299816 ] } },
{ "type": "Feature", "properties": { "ID": 105712, "LANDMARK_NAME": "GREENWOOD FOREST APARTMENTS", "FULL_ADDRESS": "5071 BAKER BLVD", "CITY": "BAKER", "STATE": "LOUISIANA", "ZIP": 70714, "PHONE_NUMBER": null, "LATITUDE": 30.59457, "LONGITUDE": -91.14708 }, "geometry": { "type": "Point", "coordinates": [ -91.147087999660187, 30.594577113402803 ] } },
{ "type": "Feature", "properties": { "ID": 105713, "LANDMARK_NAME": "GREENWOOD FOREST APARTMENTS", "FULL_ADDRESS": "5091 BAKER BLVD", "CITY": "BAKER", "STATE": "LOUISIANA", "ZIP": 70714, "PHONE_NUMBER": null, "LATITUDE": 30.59525, "LONGITUDE": -91.14708 }, "geometry": { "type": "Point", "coordinates": [ -91.147082859327568, 30.595252379982156 ] } },
{ "type": "Feature", "properties": { "ID": 105714, "LANDMARK_NAME": "GREENWOOD FOREST APARTMENTS", "FULL_ADDRESS": "5077 BAKER BLVD", "CITY": "BAKER", "STATE": "LOUISIANA", "ZIP": 70714, "PHONE_NUMBER": null, "LATITUDE": 30.59506, "LONGITUDE": -91.14708 }, "geometry": { "type": "Point", "coordinates": [ -91.147082487574565, 30.595068977096968 ] } },
{ "type": "Feature", "properties": { "ID": 106060, "LANDMARK_NAME": "ROSENWALD APARTMENTS", "FULL_ADDRESS": "1188 ROSENWALD RD", "CITY": "BATON ROUGE", "STATE": "LOUISIANA", "ZIP": 70807, "PHONE_NUMBER": null, "LATITUDE": 30.53123, "LONGITUDE": -91.18159 }, "geometry": { "type": "Point", "coordinates": [ -91.181593966477053, 30.531230833777226 ] } },
{ "type": "Feature", "properties": { "ID": 106366, "LANDMARK_NAME": "GREENWOOD FOREST APARTMENTS", "FULL_ADDRESS": "5087 BAKER BLVD", "CITY": "BAKER", "STATE": "LOUISIANA", "ZIP": 70714, "PHONE_NUMBER": null, "LATITUDE": 30.59529, "LONGITUDE": -91.14681 }, "geometry": { "type": "Point", "coordinates": [ -91.146810992890195, 30.595296947786323 ] } },
{ "type": "Feature", "properties": { "ID": 106402, "LANDMARK_NAME": "THE ENCLAVE AT CEDAR LODGE APARTMENTS", "FULL_ADDRESS": "4625 S SHERWOOD FOREST BLVD", "CITY": "BATON ROUGE", "STATE": "LOUISIANA", "ZIP": 70816, "PHONE_NUMBER": null, "LATITUDE": 30.41203, "LONGITUDE": -91.05093 }, "geometry": { "type": "Point", "coordinates": [ -91.050938319376627, 30.412031590077554 ] } },
{ "type": "Feature", "properties": { "ID": 106578, "LANDMARK_NAME": "APARTMENTS", "FULL_ADDRESS": "3877 CANNON ST", "CITY": "BATON ROUGE", "STATE": "LOUISIANA", "ZIP": 70805, "PHONE_NUMBER": null, "LATITUDE": 30.50622, "LONGITUDE": -91.15178 }, "geometry": { "type": "Point", "coordinates": [ -91.151784204511614, 30.50622268958584 ] } },
{ "type": "Feature", "properties": { "ID": 106802, "LANDMARK_NAME": "VILLAGE GREEN APARTMENTS 16", "FULL_ADDRESS": "1943 SPARTA AVE", "CITY": "BATON ROUGE", "STATE": "LOUISIANA", "ZIP": 70807, "PHONE_NUMBER": null, "LATITUDE": 30.55642, "LONGITUDE": -91.17337 }, "geometry": { "type": "Point", "coordinates": [ -91.173374534381608, 30.556421174644743 ] } },
{ "type": "Feature", "properties": { "ID": 106803, "LANDMARK_NAME": "VILLAGE GREEN APARTMENTS 12", "FULL_ADDRESS": "1931 BRADFIELD AVE", "CITY": "BATON ROUGE", "STATE": "LOUISIANA", "ZIP": 70807, "PHONE_NUMBER": null, "LATITUDE": 30.5571, "LONGITUDE": -91.17336 }, "geometry": { "type": "Point", "coordinates": [ -91.173364367135477, 30.557101264950099 ] } },
{ "type": "Feature", "properties": { "ID": 106812, "LANDMARK_NAME": "VILLAGE GREEN APARTMENTS 20", "FULL_ADDRESS": "1961 BRADFIELD AVE", "CITY": "BATON ROUGE", "STATE": "LOUISIANA", "ZIP": 70807, "PHONE_NUMBER": null, "LATITUDE": 30.55694, "LONGITUDE": -91.17257 }, "geometry": { "type": "Point", "coordinates": [ -91.172571473554385, 30.556946106567668 ] } },
{ "type": "Feature", "properties": { "ID": 107051, "LANDMARK_NAME": "SCOTLAND SQUARE APARTMENTS", "FULL_ADDRESS": "1900 BLOUNT RD", "CITY": "BATON ROUGE", "STATE": "LOUISIANA", "ZIP": 70807, "PHONE_NUMBER": null, "LATITUDE": 30.54365, "LONGITUDE": -91.17328 }, "geometry": { "type": "Point", "coordinates": [ -91.173285742540031, 30.543657948631957 ] } },
{ "type": "Feature", "properties": { "ID": 107052, "LANDMARK_NAME": "SCOTLAND SQUARE APARTMENTS", "FULL_ADDRESS": "1900 BLOUNT RD", "CITY": "BATON ROUGE", "STATE": "LOUISIANA", "ZIP": 70807, "PHONE_NUMBER": null, "LATITUDE": 30.54365, "LONGITUDE": -91.17328 }, "geometry": { "type": "Point", "coordinates": [ -91.173285742540031, 30.543657948631957 ] } },
{ "type": "Feature", "properties": { "ID": 107053, "LANDMARK_NAME": "SCOTLAND SQUARE APARTMENTS", "FULL_ADDRESS": "1900 BLOUNT RD", "CITY": "BATON ROUGE", "STATE": "LOUISIANA", "ZIP": 70807, "PHONE_NUMBER": null, "LATITUDE": 30.54365, "LONGITUDE": -91.17328 }, "geometry": { "type": "Point", "coordinates": [ -91.173285742540031, 30.543657948631957 ] } },
{ "type": "Feature", "properties": { "ID": 107091, "LANDMARK_NAME": "GREENWOOD FOREST APARTMENTS", "FULL_ADDRESS": "5159 BAKER BLVD", "CITY": "BAKER", "STATE": "LOUISIANA", "ZIP": 70714, "PHONE_NUMBER": null, "LATITUDE": 30.59499, "LONGITUDE": -91.14609 }, "geometry": { "type": "Point", "coordinates": [ -91.146096165110521, 30.595000450564246 ] } },
{ "type": "Feature", "properties": { "ID": 107092, "LANDMARK_NAME": "GREENWOOD FOREST APARTMENTS", "FULL_ADDRESS": "5173 BAKER BLVD", "CITY": "BAKER", "STATE": "LOUISIANA", "ZIP": 70714, "PHONE_NUMBER": null, "LATITUDE": 30.59546, "LONGITUDE": -91.1461 }, "geometry": { "type": "Point", "coordinates": [ -91.146106073852309, 30.595467050025967 ] } },
{ "type": "Feature", "properties": { "ID": 107106, "LANDMARK_NAME": "VILLAGE GREEN APARTMENTS 1", "FULL_ADDRESS": "12112 DOVERWOOD DR", "CITY": "BATON ROUGE", "STATE": "LOUISIANA", "ZIP": 70807, "PHONE_NUMBER": null, "LATITUDE": 30.5564, "LONGITUDE": -91.17262 }, "geometry": { "type": "Point", "coordinates": [ -91.17262444870336, 30.55640103284745 ] } },
{ "type": "Feature", "properties": { "ID": 107129, "LANDMARK_NAME": "GREENWOOD FOREST APARTMENTS", "FULL_ADDRESS": "5169 BAKER BLVD", "CITY": "BAKER", "STATE": "LOUISIANA", "ZIP": 70714, "PHONE_NUMBER": null, "LATITUDE": 30.59529, "LONGITUDE": -91.14608 }, "geometry": { "type": "Point", "coordinates": [ -91.1460875041859, 30.595296948133754 ] } },
{ "type": "Feature", "properties": { "ID": 107131, "LANDMARK_NAME": "GREENWOOD FOREST APARTMENTS", "FULL_ADDRESS": "5143 BAKER BLVD", "CITY": "BAKER", "STATE": "LOUISIANA", "ZIP": 70714, "PHONE_NUMBER": null, "LATITUDE": 30.59447, "LONGITUDE": -91.14608 }, "geometry": { "type": "Point", "coordinates": [ -91.146088424034261, 30.594473799998475 ] } },
{ "type": "Feature", "properties": { "ID": 107132, "LANDMARK_NAME": "GREENWOOD FOREST APARTMENTS", "FULL_ADDRESS": "5141 BAKER BLVD", "CITY": "BAKER", "STATE": "LOUISIANA", "ZIP": 70714, "PHONE_NUMBER": null, "LATITUDE": 30.59423, "LONGITUDE": -91.14603 }, "geometry": { "type": "Point", "coordinates": [ -91.146039413394163, 30.594237105330134 ] } },
{ "type": "Feature", "properties": { "ID": 107134, "LANDMARK_NAME": "GREENWOOD FOREST APARTMENTS", "FULL_ADDRESS": "5163 BAKER BLVD", "CITY": "BAKER", "STATE": "LOUISIANA", "ZIP": 70714, "PHONE_NUMBER": null, "LATITUDE": 30.59513, "LONGITUDE": -91.14607 }, "geometry": { "type": "Point", "coordinates": [ -91.146077106565215, 30.595135017618038 ] } },
{ "type": "Feature", "properties": { "ID": 107135, "LANDMARK_NAME": "GREENWOOD FOREST APARTMENTS", "FULL_ADDRESS": "5149 BAKER BLVD", "CITY": "BAKER", "STATE": "LOUISIANA", "ZIP": 70714, "PHONE_NUMBER": null, "LATITUDE": 30.59464, "LONGITUDE": -91.14607 }, "geometry": { "type": "Point", "coordinates": [ -91.146074877410612, 30.594644768498551 ] } },
{ "type": "Feature", "properties": { "ID": 107308, "LANDMARK_NAME": "APARTMENTS", "FULL_ADDRESS": "7272 BURBANK DR", "CITY": "BATON ROUGE", "STATE": "LOUISIANA", "ZIP": 70820, "PHONE_NUMBER": null, "LATITUDE": 30.37688, "LONGITUDE": -91.14393 }, "geometry": { "type": "Point", "coordinates": [ -91.143934583705388, 30.376881750090032 ] } },
{ "type": "Feature", "properties": { "ID": 107309, "LANDMARK_NAME": "APARTMENTS", "FULL_ADDRESS": "7272 BURBANK DR", "CITY": "BATON ROUGE", "STATE": "LOUISIANA", "ZIP": 70820, "PHONE_NUMBER": null, "LATITUDE": 30.37688, "LONGITUDE": -91.14393 }, "geometry": { "type": "Point", "coordinates": [ -91.143934583705388, 30.376881750090032 ] } },
{ "type": "Feature", "properties": { "ID": 107450, "LANDMARK_NAME": "CRESTWORTH PLACE APARTMENTS", "FULL_ADDRESS": "9982 AVENUE I", "CITY": "BATON ROUGE", "STATE": "LOUISIANA", "ZIP": 70807, "PHONE_NUMBER": null, "LATITUDE": 30.5351, "LONGITUDE": -91.19761 }, "geometry": { "type": "Point", "coordinates": [ -91.197619615868192, 30.535100977793363 ] } },
{ "type": "Feature", "properties": { "ID": 107719, "LANDMARK_NAME": "CHATSWORTH COURT APARTMENTS", "FULL_ADDRESS": "888 S KENILWORTH PKWY", "CITY": "BATON ROUGE", "STATE": "LOUISIANA", "ZIP": 70820, "PHONE_NUMBER": null, "LATITUDE": 30.37398, "LONGITUDE": -91.14468 }, "geometry": { "type": "Point", "coordinates": [ -91.144687671159019, 30.373981221196686 ] } },
{ "type": "Feature", "properties": { "ID": 108112, "LANDMARK_NAME": "SUMMER GROVE APARTMENTS", "FULL_ADDRESS": "2405 BRIGHTSIDE DR", "CITY": "BATON ROUGE", "STATE": "LOUISIANA", "ZIP": 70820, "PHONE_NUMBER": null, "LATITUDE": 30.38847, "LONGITUDE": -91.18624 }, "geometry": { "type": "Point", "coordinates": [ -91.18624747830053, 30.388479248582676 ] } },
{ "type": "Feature", "properties": { "ID": 108113, "LANDMARK_NAME": "SUMMER GROVE APARTMENTS 2", "FULL_ADDRESS": "2403 BRIGHTSIDE DR", "CITY": "BATON ROUGE", "STATE": "LOUISIANA", "ZIP": 70820, "PHONE_NUMBER": null, "LATITUDE": 30.3886, "LONGITUDE": -91.1868 }, "geometry": { "type": "Point", "coordinates": [ -91.18680929590154, 30.388606381342225 ] } },
{ "type": "Feature", "properties": { "ID": 108195, "LANDMARK_NAME": "STERLING APARTMENTS", "FULL_ADDRESS": "10209 AVENUE M", "CITY": "BATON ROUGE", "STATE": "LOUISIANA", "ZIP": 70807, "PHONE_NUMBER": null, "LATITUDE": 30.537, "LONGITUDE": -91.2022 }, "geometry": { "type": "Point", "coordinates": [ -91.202207875672372, 30.537004913661896 ] } },
{ "type": "Feature", "properties": { "ID": 108263, "LANDMARK_NAME": "10813 SCENIC HWY APARTMENT", "FULL_ADDRESS": "10813 SCENIC HWY", "CITY": "BATON ROUGE", "STATE": "LOUISIANA", "ZIP": 70807, "PHONE_NUMBER": null, "LATITUDE": 30.54209, "LONGITUDE": -91.19231 }, "geometry": { "type": "Point", "coordinates": [ -91.192318375343788, 30.542098665397116 ] } },
{ "type": "Feature", "properties": { "ID": 108508, "LANDMARK_NAME": "JAGUAR PLAZA APARTMENTS", "FULL_ADDRESS": "750 HARDING BLVD", "CITY": "BATON ROUGE", "STATE": "LOUISIANA", "ZIP": 70807, "PHONE_NUMBER": null, "LATITUDE": 30.51965, "LONGITUDE": -91.18752 }, "geometry": { "type": "Point", "coordinates": [ -91.187527513480617, 30.519652642913304 ] } },
{ "type": "Feature", "properties": { "ID": 108629, "LANDMARK_NAME": "CRESTWORTH PLACE APARTMENTS", "FULL_ADDRESS": "10009 AVENUE H", "CITY": "BATON ROUGE", "STATE": "LOUISIANA", "ZIP": 70807, "PHONE_NUMBER": null, "LATITUDE": 30.53547, "LONGITUDE": -91.19731 }, "geometry": { "type": "Point", "coordinates": [ -91.197316123753012, 30.535478082501321 ] } },
{ "type": "Feature", "properties": { "ID": 108631, "LANDMARK_NAME": "CRESTWORTH PLACE APARTMENTS", "FULL_ADDRESS": "10005 AVENUE H", "CITY": "BATON ROUGE", "STATE": "LOUISIANA", "ZIP": 70807, "PHONE_NUMBER": null, "LATITUDE": 30.53534, "LONGITUDE": -91.19731 }, "geometry": { "type": "Point", "coordinates": [ -91.197314317361219, 30.5353461839731 ] } },
{ "type": "Feature", "properties": { "ID": 108632, "LANDMARK_NAME": "CRESTWORTH PLACE APARTMENTS", "FULL_ADDRESS": "9985 AVENUE H", "CITY": "BATON ROUGE", "STATE": "LOUISIANA", "ZIP": 70807, "PHONE_NUMBER": null, "LATITUDE": 30.53524, "LONGITUDE": -91.19731 }, "geometry": { "type": "Point", "coordinates": [ -91.197313216919255, 30.535242832597721 ] } },
{ "type": "Feature", "properties": { "ID": 108759, "LANDMARK_NAME": "GREENWOOD FOREST APARTMENTS", "FULL_ADDRESS": "5067 BAKER BLVD", "CITY": "BAKER", "STATE": "LOUISIANA", "ZIP": 70714, "PHONE_NUMBER": null, "LATITUDE": 30.59501, "LONGITUDE": -91.14679 }, "geometry": { "type": "Point", "coordinates": [ -91.146799790841129, 30.595017731409957 ] } },
{ "type": "Feature", "properties": { "ID": 108760, "LANDMARK_NAME": "GREENWOOD FOREST APARTMENTS", "FULL_ADDRESS": "5061 BAKER BLVD", "CITY": "BAKER", "STATE": "LOUISIANA", "ZIP": 70714, "PHONE_NUMBER": null, "LATITUDE": 30.59467, "LONGITUDE": -91.14679 }, "geometry": { "type": "Point", "coordinates": [ -91.146796491802448, 30.59467578216859 ] } },
{ "type": "Feature", "properties": { "ID": 109164, "LANDMARK_NAME": "COTTAGES AT SOUTHFORK APARTMENTS", "FULL_ADDRESS": "11510 SOUTHFORK AVE", "CITY": "BATON ROUGE", "STATE": "LOUISIANA", "ZIP": 70816, "PHONE_NUMBER": null, "LATITUDE": 30.41998, "LONGITUDE": -91.05555 }, "geometry": { "type": "Point", "coordinates": [ -91.055555890818155, 30.419986169144796 ] } },
{ "type": "Feature", "properties": { "ID": 109218, "LANDMARK_NAME": "CRESTWORTH PLACE APARTMENTS", "FULL_ADDRESS": "9983 AVENUE H", "CITY": "BATON ROUGE", "STATE": "LOUISIANA", "ZIP": 70807, "PHONE_NUMBER": null, "LATITUDE": 30.5351, "LONGITUDE": -91.1973 }, "geometry": { "type": "Point", "coordinates": [ -91.197306121593229, 30.535107394373266 ] } },
{ "type": "Feature", "properties": { "ID": 109456, "LANDMARK_NAME": "HOLLYWOOD APARTMENTS 06", "FULL_ADDRESS": "2506 HOLLYWOOD ST", "CITY": "BATON ROUGE", "STATE": "LOUISIANA", "ZIP": 70805, "PHONE_NUMBER": null, "LATITUDE": 30.49901, "LONGITUDE": -91.16593 }, "geometry": { "type": "Point", "coordinates": [ -91.165936916784389, 30.499013936704888 ] } },
{ "type": "Feature", "properties": { "ID": 110264, "LANDMARK_NAME": "APARTMENTS", "FULL_ADDRESS": "420 N 6TH ST", "CITY": "BATON ROUGE", "STATE": "LOUISIANA", "ZIP": 70801, "PHONE_NUMBER": null, "LATITUDE": 30.45089, "LONGITUDE": -91.18448 }, "geometry": { "type": "Point", "coordinates": [ -91.184481216353475, 30.450896625862587 ] } },
{ "type": "Feature", "properties": { "ID": 110280, "LANDMARK_NAME": "CASA APARTMENTS", "FULL_ADDRESS": "736 N 8TH ST", "CITY": "BATON ROUGE", "STATE": "LOUISIANA", "ZIP": 70802, "PHONE_NUMBER": null, "LATITUDE": 30.45452, "LONGITUDE": -91.18187 }, "geometry": { "type": "Point", "coordinates": [ -91.181876642529289, 30.454521591956965 ] } },
{ "type": "Feature", "properties": { "ID": 110709, "LANDMARK_NAME": "CAMDEN LAKES APARTMENTS", "FULL_ADDRESS": "2525 O'NEAL LN", "CITY": "BATON ROUGE", "STATE": "LOUISIANA", "ZIP": 70816, "PHONE_NUMBER": null, "LATITUDE": 30.43201, "LONGITUDE": -91.00625 }, "geometry": { "type": "Point", "coordinates": [ -91.006255785515464, 30.432011104620564 ] } },
{ "type": "Feature", "properties": { "ID": 110926, "LANDMARK_NAME": "TUSCANY VILLAS APARTMENTS", "FULL_ADDRESS": "10732 S MALL DR", "CITY": "BATON ROUGE", "STATE": "LOUISIANA", "ZIP": 70809, "PHONE_NUMBER": null, "LATITUDE": 30.37248, "LONGITUDE": -91.06119 }, "geometry": { "type": "Point", "coordinates": [ -91.061191346264863, 30.372482071011738 ] } },
{ "type": "Feature", "properties": { "ID": 110927, "LANDMARK_NAME": "TUSCANY VILLAS APARTMENTS", "FULL_ADDRESS": "10732 S MALL DR", "CITY": "BATON ROUGE", "STATE": "LOUISIANA", "ZIP": 70809, "PHONE_NUMBER": null, "LATITUDE": 30.37248, "LONGITUDE": -91.06119 }, "geometry": { "type": "Point", "coordinates": [ -91.061191346264863, 30.372482071011738 ] } },
{ "type": "Feature", "properties": { "ID": 110928, "LANDMARK_NAME": "TUSCANY VILLAS APARTMENTS", "FULL_ADDRESS": "10732 S MALL DR", "CITY": "BATON ROUGE", "STATE": "LOUISIANA", "ZIP": 70809, "PHONE_NUMBER": null, "LATITUDE": 30.37248, "LONGITUDE": -91.06119 }, "geometry": { "type": "Point", "coordinates": [ -91.061191346264863, 30.372482071011738 ] } },
{ "type": "Feature", "properties": { "ID": 110929, "LANDMARK_NAME": "TUSCANY VILLAS APARTMENTS", "FULL_ADDRESS": "10732 S MALL DR", "CITY": "BATON ROUGE", "STATE": "LOUISIANA", "ZIP": 70809, "PHONE_NUMBER": null, "LATITUDE": 30.37248, "LONGITUDE": -91.06119 }, "geometry": { "type": "Point", "coordinates": [ -91.061191346264863, 30.372482071011738 ] } },
{ "type": "Feature", "properties": { "ID": 110930, "LANDMARK_NAME": "TUSCANY VILLAS APARTMENTS", "FULL_ADDRESS": "10732 S MALL DR", "CITY": "BATON ROUGE", "STATE": "LOUISIANA", "ZIP": 70809, "PHONE_NUMBER": null, "LATITUDE": 30.37248, "LONGITUDE": -91.06119 }, "geometry": { "type": "Point", "coordinates": [ -91.061191346264863, 30.372482071011738 ] } },
{ "type": "Feature", "properties": { "ID": 111055, "LANDMARK_NAME": "REDSTICK LOFTS APARTMENTS", "FULL_ADDRESS": "1720 NICHOLSON DR", "CITY": "BATON ROUGE", "STATE": "LOUISIANA", "ZIP": 70802, "PHONE_NUMBER": null, "LATITUDE": 30.43132, "LONGITUDE": -91.18928 }, "geometry": { "type": "Point", "coordinates": [ -91.189283055121081, 30.431321801648078 ] } },
{ "type": "Feature", "properties": { "ID": 111149, "LANDMARK_NAME": "THE GATES AT BRIGHTSIDE APARTMENTS", "FULL_ADDRESS": "1741 BRIGHTSIDE DR", "CITY": "BATON ROUGE", "STATE": "LOUISIANA", "ZIP": 70820, "PHONE_NUMBER": null, "LATITUDE": 30.38731, "LONGITUDE": -91.17787 }, "geometry": { "type": "Point", "coordinates": [ -91.17787234905353, 30.387317145001298 ] } },
{ "type": "Feature", "properties": { "ID": 111158, "LANDMARK_NAME": "IVY PARK APARTMENTS", "FULL_ADDRESS": "6444 JONES CREEK RD", "CITY": "BATON ROUGE", "STATE": "LOUISIANA", "ZIP": 70817, "PHONE_NUMBER": null, "LATITUDE": 30.39436, "LONGITUDE": -91.01846 }, "geometry": { "type": "Point", "coordinates": [ -91.018463121105967, 30.394367123705972 ] } },
{ "type": "Feature", "properties": { "ID": 111271, "LANDMARK_NAME": "10844 KINGFISHER AVE APARTMENT", "FULL_ADDRESS": "10844 KINGFISHER AVE", "CITY": "BATON ROUGE", "STATE": "LOUISIANA", "ZIP": 70807, "PHONE_NUMBER": null, "LATITUDE": 30.54222, "LONGITUDE": -91.19281 }, "geometry": { "type": "Point", "coordinates": [ -91.192812144558189, 30.542230099080793 ] } },
{ "type": "Feature", "properties": { "ID": 111274, "LANDMARK_NAME": "ODELIS APARTMENTS", "FULL_ADDRESS": "947 GREBE ST", "CITY": "BATON ROUGE", "STATE": "LOUISIANA", "ZIP": 70807, "PHONE_NUMBER": null, "LATITUDE": 30.52671, "LONGITUDE": -91.18458 }, "geometry": { "type": "Point", "coordinates": [ -91.184590912187105, 30.526710826728017 ] } },
{ "type": "Feature", "properties": { "ID": 111600, "LANDMARK_NAME": "WINDSOR VILLAGE APARTMENTS", "FULL_ADDRESS": "4848 WINDSOR VILLAGE DR", "CITY": "BATON ROUGE", "STATE": "LOUISIANA", "ZIP": 70817, "PHONE_NUMBER": null, "LATITUDE": 30.40978, "LONGITUDE": -91.02208 }, "geometry": { "type": "Point", "coordinates": [ -91.022087239535239, 30.409783203620599 ] } },
{ "type": "Feature", "properties": { "ID": 112288, "LANDMARK_NAME": "HOLLYWOOD APARTMENTS 04", "FULL_ADDRESS": "2504 HOLLYWOOD ST", "CITY": "BATON ROUGE", "STATE": "LOUISIANA", "ZIP": 70805, "PHONE_NUMBER": null, "LATITUDE": 30.499, "LONGITUDE": -91.16608 }, "geometry": { "type": "Point", "coordinates": [ -91.166083467221299, 30.499004703548724 ] } },
{ "type": "Feature", "properties": { "ID": 112305, "LANDMARK_NAME": "HOLLYWOOD APARTMENTS 08", "FULL_ADDRESS": "2508 HOLLYWOOD ST", "CITY": "BATON ROUGE", "STATE": "LOUISIANA", "ZIP": 70805, "PHONE_NUMBER": null, "LATITUDE": 30.49902, "LONGITUDE": -91.16557 }, "geometry": { "type": "Point", "coordinates": [ -91.165571818354152, 30.499023696546764 ] } },
{ "type": "Feature", "properties": { "ID": 112780, "LANDMARK_NAME": "MID CITY GARDENS APARTMENTS", "FULL_ADDRESS": "250 S 17TH ST", "CITY": "BATON ROUGE", "STATE": "LOUISIANA", "ZIP": 70802, "PHONE_NUMBER": null, "LATITUDE": 30.44599, "LONGITUDE": -91.17179 }, "geometry": { "type": "Point", "coordinates": [ -91.171796774577984, 30.445991296635313 ] } },
{ "type": "Feature", "properties": { "ID": 112925, "LANDMARK_NAME": "SHARON ARM APARTMENTS", "FULL_ADDRESS": "2747 HURON ST", "CITY": "BATON ROUGE", "STATE": "LOUISIANA", "ZIP": 70805, "PHONE_NUMBER": null, "LATITUDE": 30.47759, "LONGITUDE": -91.16173 }, "geometry": { "type": "Point", "coordinates": [ -91.161733798222642, 30.477593494621232 ] } },
{ "type": "Feature", "properties": { "ID": 113077, "LANDMARK_NAME": "LAKE TOWERS APARTMENTS", "FULL_ADDRESS": "999 N 9TH ST", "CITY": "BATON ROUGE", "STATE": "LOUISIANA", "ZIP": 70802, "PHONE_NUMBER": null, "LATITUDE": 30.45601, "LONGITUDE": -91.18169 }, "geometry": { "type": "Point", "coordinates": [ -91.181700094255191, 30.456015013716861 ] } },
{ "type": "Feature", "properties": { "ID": 113478, "LANDMARK_NAME": "ALBRITTON APARTMENTS", "FULL_ADDRESS": "768 LAKELAND DR", "CITY": "BATON ROUGE", "STATE": "LOUISIANA", "ZIP": 70802, "PHONE_NUMBER": null, "LATITUDE": 30.45567, "LONGITUDE": -91.18233 }, "geometry": { "type": "Point", "coordinates": [ -91.182335127152811, 30.455672655095444 ] } },
{ "type": "Feature", "properties": { "ID": 114051, "LANDMARK_NAME": "MAISON ROUGE APARTMENTS", "FULL_ADDRESS": "505 UNIVERSITY WALK", "CITY": "BATON ROUGE", "STATE": "LOUISIANA", "ZIP": 70802, "PHONE_NUMBER": null, "LATITUDE": 30.4541, "LONGITUDE": -91.18565 }, "geometry": { "type": "Point", "coordinates": [ -91.18565890785419, 30.454102267895397 ] } },
{ "type": "Feature", "properties": { "ID": 114292, "LANDMARK_NAME": "APARTMENTS", "FULL_ADDRESS": "3214 SYCAMORE ST", "CITY": "BATON ROUGE", "STATE": "LOUISIANA", "ZIP": 70805, "PHONE_NUMBER": null, "LATITUDE": 30.49433, "LONGITUDE": -91.15788 }, "geometry": { "type": "Point", "coordinates": [ -91.157885207886167, 30.494337284409795 ] } },
{ "type": "Feature", "properties": { "ID": 114299, "LANDMARK_NAME": "APARTMENTS", "FULL_ADDRESS": "615 SPANISH TOWN RD", "CITY": "BATON ROUGE", "STATE": "LOUISIANA", "ZIP": 70802, "PHONE_NUMBER": null, "LATITUDE": 30.45493, "LONGITUDE": -91.18419 }, "geometry": { "type": "Point", "coordinates": [ -91.184196077988318, 30.454940135711162 ] } },
{ "type": "Feature", "properties": { "ID": 114357, "LANDMARK_NAME": "APARTMENTS", "FULL_ADDRESS": "2936 SYCAMORE ST", "CITY": "BATON ROUGE", "STATE": "LOUISIANA", "ZIP": 70805, "PHONE_NUMBER": null, "LATITUDE": 30.49425, "LONGITUDE": -91.16091 }, "geometry": { "type": "Point", "coordinates": [ -91.160920568131473, 30.494254299727469 ] } },
{ "type": "Feature", "properties": { "ID": 114464, "LANDMARK_NAME": "PROSPERITY APARTMENTS", "FULL_ADDRESS": "2580 WELLER AVE", "CITY": "BATON ROUGE", "STATE": "LOUISIANA", "ZIP": 70805, "PHONE_NUMBER": null, "LATITUDE": 30.48525, "LONGITUDE": -91.16358 }, "geometry": { "type": "Point", "coordinates": [ -91.163585075056972, 30.485256305441776 ] } },
{ "type": "Feature", "properties": { "ID": 115010, "LANDMARK_NAME": "SAM VISTA APARTMENTS", "FULL_ADDRESS": "5665 MC CLELLAND DR", "CITY": "BATON ROUGE", "STATE": "LOUISIANA", "ZIP": 70805, "PHONE_NUMBER": null, "LATITUDE": 30.50119, "LONGITUDE": -91.13619 }, "geometry": { "type": "Point", "coordinates": [ -91.136195282844469, 30.50119186574009 ] } },
{ "type": "Feature", "properties": { "ID": 115155, "LANDMARK_NAME": "LAKELAND APARTMENTS", "FULL_ADDRESS": "701 LAKELAND DR", "CITY": "BATON ROUGE", "STATE": "LOUISIANA", "ZIP": 70802, "PHONE_NUMBER": null, "LATITUDE": 30.45592, "LONGITUDE": -91.1835 }, "geometry": { "type": "Point", "coordinates": [ -91.183510203582884, 30.455929742803676 ] } },
{ "type": "Feature", "properties": { "ID": 115156, "LANDMARK_NAME": "ARSENAL PARK APARTMENTS", "FULL_ADDRESS": "930 N 7TH ST", "CITY": "BATON ROUGE", "STATE": "LOUISIANA", "ZIP": 70802, "PHONE_NUMBER": null, "LATITUDE": 30.4563, "LONGITUDE": -91.1835 }, "geometry": { "type": "Point", "coordinates": [ -91.183502065430332, 30.456309674816598 ] } },
{ "type": "Feature", "properties": { "ID": 116005, "LANDMARK_NAME": "VILLA CAPRICE APARTMENTS 1", "FULL_ADDRESS": "7325 CAPRICE DR", "CITY": "BATON ROUGE", "STATE": "LOUISIANA", "ZIP": 70812, "PHONE_NUMBER": null, "LATITUDE": 30.51726, "LONGITUDE": -91.12137 }, "geometry": { "type": "Point", "coordinates": [ -91.121374446345627, 30.517262489810953 ] } },
{ "type": "Feature", "properties": { "ID": 116196, "LANDMARK_NAME": "APARTMENTS", "FULL_ADDRESS": "6650 RIO DR", "CITY": "BATON ROUGE", "STATE": "LOUISIANA", "ZIP": 70812, "PHONE_NUMBER": null, "LATITUDE": 30.50362, "LONGITUDE": -91.12385 }, "geometry": { "type": "Point", "coordinates": [ -91.123851338028857, 30.503626149564511 ] } },
{ "type": "Feature", "properties": { "ID": 116504, "LANDMARK_NAME": "FORD STREET PLACE APARTMENTS", "FULL_ADDRESS": "6758 FORD ST", "CITY": "BATON ROUGE", "STATE": "LOUISIANA", "ZIP": 70811, "PHONE_NUMBER": null, "LATITUDE": 30.5197, "LONGITUDE": -91.12349 }, "geometry": { "type": "Point", "coordinates": [ -91.123499709203443, 30.519709064227413 ] } },
{ "type": "Feature", "properties": { "ID": 116581, "LANDMARK_NAME": "FORD STREET PLACE APARTMENTS", "FULL_ADDRESS": "6738 FORD ST", "CITY": "BATON ROUGE", "STATE": "LOUISIANA", "ZIP": 70811, "PHONE_NUMBER": null, "LATITUDE": 30.5197, "LONGITUDE": -91.1237 }, "geometry": { "type": "Point", "coordinates": [ -91.123705029085386, 30.519707495253517 ] } },
{ "type": "Feature", "properties": { "ID": 117361, "LANDMARK_NAME": "VILLA CAPRICE APARTMENTS 2", "FULL_ADDRESS": "7331 CAPRICE DR", "CITY": "BATON ROUGE", "STATE": "LOUISIANA", "ZIP": 70812, "PHONE_NUMBER": null, "LATITUDE": 30.51763, "LONGITUDE": -91.12138 }, "geometry": { "type": "Point", "coordinates": [ -91.121386743084869, 30.517631561579517 ] } },
{ "type": "Feature", "properties": { "ID": 117457, "LANDMARK_NAME": "APARTMENTS", "FULL_ADDRESS": "621 LAUREL ST", "CITY": "BATON ROUGE", "STATE": "LOUISIANA", "ZIP": 70801, "PHONE_NUMBER": null, "LATITUDE": 30.45062, "LONGITUDE": -91.18431 }, "geometry": { "type": "Point", "coordinates": [ -91.184319422264068, 30.450624446337226 ] } },
{ "type": "Feature", "properties": { "ID": 117907, "LANDMARK_NAME": "URBAN MEADOWS APARTMENTS", "FULL_ADDRESS": "6315 GREENWELL ST", "CITY": "BATON ROUGE", "STATE": "LOUISIANA", "ZIP": 70812, "PHONE_NUMBER": null, "LATITUDE": 30.50278, "LONGITUDE": -91.12764 }, "geometry": { "type": "Point", "coordinates": [ -91.127646877348965, 30.502781192934009 ] } },
{ "type": "Feature", "properties": { "ID": 118024, "LANDMARK_NAME": "FORD STREET PLACE APARTMENTS", "FULL_ADDRESS": "6778 FORD ST", "CITY": "BATON ROUGE", "STATE": "LOUISIANA", "ZIP": 70811, "PHONE_NUMBER": null, "LATITUDE": 30.51971, "LONGITUDE": -91.12308 }, "geometry": { "type": "Point", "coordinates": [ -91.123084803704856, 30.519719118658429 ] } },
{ "type": "Feature", "properties": { "ID": 118395, "LANDMARK_NAME": "MICKENS PLACE APARTMENTS", "FULL_ADDRESS": "7150 MICKENS RD", "CITY": "BATON ROUGE", "STATE": "LOUISIANA", "ZIP": 70811, "PHONE_NUMBER": null, "LATITUDE": 30.51728, "LONGITUDE": -91.11924 }, "geometry": { "type": "Point", "coordinates": [ -91.119243285988418, 30.517290328670352 ] } },
{ "type": "Feature", "properties": { "ID": 118437, "LANDMARK_NAME": "FORD STREET PLACE APARTMENTS", "FULL_ADDRESS": "6718 FORD ST", "CITY": "BATON ROUGE", "STATE": "LOUISIANA", "ZIP": 70811, "PHONE_NUMBER": null, "LATITUDE": 30.5197, "LONGITUDE": -91.12389 }, "geometry": { "type": "Point", "coordinates": [ -91.1238934737204, 30.519703562922398 ] } },
{ "type": "Feature", "properties": { "ID": 118688, "LANDMARK_NAME": "ST LOUIS COURT APARTMENTS", "FULL_ADDRESS": "615 SAINT LOUIS ST", "CITY": "BATON ROUGE", "STATE": "LOUISIANA", "ZIP": 70802, "PHONE_NUMBER": null, "LATITUDE": 30.44246, "LONGITUDE": -91.18704 }, "geometry": { "type": "Point", "coordinates": [ -91.187042299828008, 30.44246909622662 ] } },
{ "type": "Feature", "properties": { "ID": 118708, "LANDMARK_NAME": "CAPITOL VIEW APARTMENTS", "FULL_ADDRESS": "850 N 5TH ST", "CITY": "BATON ROUGE", "STATE": "LOUISIANA", "ZIP": 70802, "PHONE_NUMBER": null, "LATITUDE": 30.45511, "LONGITUDE": -91.18547 }, "geometry": { "type": "Point", "coordinates": [ -91.185475964235721, 30.455110759032546 ] } },
{ "type": "Feature", "properties": { "ID": 118941, "LANDMARK_NAME": "FORD STREET PLACE APARTMENTS", "FULL_ADDRESS": "6768 FORD ST", "CITY": "BATON ROUGE", "STATE": "LOUISIANA", "ZIP": 70811, "PHONE_NUMBER": null, "LATITUDE": 30.51971, "LONGITUDE": -91.12329 }, "geometry": { "type": "Point", "coordinates": [ -91.123294470151734, 30.519712806074395 ] } },
{ "type": "Feature", "properties": { "ID": 119142, "LANDMARK_NAME": "VILLA CAPRICE APARTMENTS 3", "FULL_ADDRESS": "7343 CAPRICE DR", "CITY": "BATON ROUGE", "STATE": "LOUISIANA", "ZIP": 70812, "PHONE_NUMBER": null, "LATITUDE": 30.51799, "LONGITUDE": -91.1214 }, "geometry": { "type": "Point", "coordinates": [ -91.121404277134886, 30.517996941437524 ] } },
{ "type": "Feature", "properties": { "ID": 119214, "LANDMARK_NAME": "MICKENS PLACE APARTMENTS", "FULL_ADDRESS": "7140 MICKENS RD", "CITY": "BATON ROUGE", "STATE": "LOUISIANA", "ZIP": 70811, "PHONE_NUMBER": null, "LATITUDE": 30.5173, "LONGITUDE": -91.11947 }, "geometry": { "type": "Point", "coordinates": [ -91.119479846666479, 30.517307523730004 ] } },
{ "type": "Feature", "properties": { "ID": 119791, "LANDMARK_NAME": "837 N 6TH STREET APARTMENT", "FULL_ADDRESS": "837 N 6TH ST", "CITY": "BATON ROUGE", "STATE": "LOUISIANA", "ZIP": 70802, "PHONE_NUMBER": null, "LATITUDE": 30.45529, "LONGITUDE": -91.18492 }, "geometry": { "type": "Point", "coordinates": [ -91.184927482197239, 30.455297652299137 ] } },
{ "type": "Feature", "properties": { "ID": 119792, "LANDMARK_NAME": "SPANISH TOWN ROAD APARTMENTS", "FULL_ADDRESS": "555 SPANISH TOWN RD", "CITY": "BATON ROUGE", "STATE": "LOUISIANA", "ZIP": 70802, "PHONE_NUMBER": null, "LATITUDE": 30.45489, "LONGITUDE": -91.18498 }, "geometry": { "type": "Point", "coordinates": [ -91.184988454272116, 30.454895799348566 ] } },
{ "type": "Feature", "properties": { "ID": 119880, "LANDMARK_NAME": "APARTMENTS", "FULL_ADDRESS": "5734 SATINWOOD DR", "CITY": "BATON ROUGE", "STATE": "LOUISIANA", "ZIP": 70812, "PHONE_NUMBER": null, "LATITUDE": 30.5029, "LONGITUDE": -91.12393 }, "geometry": { "type": "Point", "coordinates": [ -91.123935189145371, 30.502904881164678 ] } },
{ "type": "Feature", "properties": { "ID": 120039, "LANDMARK_NAME": "FORD STREET PLACE APARTMENTS", "FULL_ADDRESS": "6538 FORD ST", "CITY": "BATON ROUGE", "STATE": "LOUISIANA", "ZIP": 70811, "PHONE_NUMBER": null, "LATITUDE": 30.51969, "LONGITUDE": -91.12545 }, "geometry": { "type": "Point", "coordinates": [ -91.125458632896027, 30.519690577203754 ] } },
{ "type": "Feature", "properties": { "ID": 120103, "LANDMARK_NAME": "NEW BEGINNINGS APARTMENTS", "FULL_ADDRESS": "4265 MOHICAN-PRESCOTT XOVR", "CITY": "BATON ROUGE", "STATE": "LOUISIANA", "ZIP": 70805, "PHONE_NUMBER": null, "LATITUDE": 30.48658, "LONGITUDE": -91.14704 }, "geometry": { "type": "Point", "coordinates": [ -91.147050368463482, 30.486588319747586 ] } },
{ "type": "Feature", "properties": { "ID": 120131, "LANDMARK_NAME": "CHALET WEST APARTMENTS 2", "FULL_ADDRESS": "383 WEST DR", "CITY": "BATON ROUGE", "STATE": "LOUISIANA", "ZIP": 70806, "PHONE_NUMBER": null, "LATITUDE": 30.44546, "LONGITUDE": -91.15143 }, "geometry": { "type": "Point", "coordinates": [ -91.151434755831787, 30.445460681621825 ] } },
{ "type": "Feature", "properties": { "ID": 120141, "LANDMARK_NAME": "VILLA D'ESTE APARTMENTS 1", "FULL_ADDRESS": "411 EAST DR", "CITY": "BATON ROUGE", "STATE": "LOUISIANA", "ZIP": 70806, "PHONE_NUMBER": null, "LATITUDE": 30.44533, "LONGITUDE": -91.1492 }, "geometry": { "type": "Point", "coordinates": [ -91.149210847842824, 30.445331695465672 ] } },
{ "type": "Feature", "properties": { "ID": 120282, "LANDMARK_NAME": "SHERWOOD APARTMENTS", "FULL_ADDRESS": "2920 SHERWOOD ST", "CITY": "BATON ROUGE", "STATE": "LOUISIANA", "ZIP": 70805, "PHONE_NUMBER": null, "LATITUDE": 30.48922, "LONGITUDE": -91.16043 }, "geometry": { "type": "Point", "coordinates": [ -91.160434791903072, 30.489227865127319 ] } },
{ "type": "Feature", "properties": { "ID": 120617, "LANDMARK_NAME": "NEW BEGINNINGS APARTMENTS", "FULL_ADDRESS": "4269 MOHICAN-PRESCOTT XOVR", "CITY": "BATON ROUGE", "STATE": "LOUISIANA", "ZIP": 70805, "PHONE_NUMBER": null, "LATITUDE": 30.48677, "LONGITUDE": -91.14662 }, "geometry": { "type": "Point", "coordinates": [ -91.146622402064736, 30.486775485794279 ] } },
{ "type": "Feature", "properties": { "ID": 120622, "LANDMARK_NAME": "NEW BEGINNINGS APARTMENTS", "FULL_ADDRESS": "4266 MOHICAN-PRESCOTT XOVR", "CITY": "BATON ROUGE", "STATE": "LOUISIANA", "ZIP": 70805, "PHONE_NUMBER": null, "LATITUDE": 30.48542, "LONGITUDE": -91.14661 }, "geometry": { "type": "Point", "coordinates": [ -91.146616057119743, 30.485426736279933 ] } },
{ "type": "Feature", "properties": { "ID": 120651, "LANDMARK_NAME": "BLANCHE COURT APARTMENTS", "FULL_ADDRESS": "1618 BLANCHE CT", "CITY": "BATON ROUGE", "STATE": "LOUISIANA", "ZIP": 70802, "PHONE_NUMBER": null, "LATITUDE": 30.44224, "LONGITUDE": -91.17174 }, "geometry": { "type": "Point", "coordinates": [ -91.171749139751171, 30.442243928254275 ] } },
{ "type": "Feature", "properties": { "ID": 121253, "LANDMARK_NAME": "VILLA ROSE APARTMENTS 3", "FULL_ADDRESS": "608 CAROL MARIE DR", "CITY": "BATON ROUGE", "STATE": "LOUISIANA", "ZIP": 70806, "PHONE_NUMBER": null, "LATITUDE": 30.44264, "LONGITUDE": -91.15493 }, "geometry": { "type": "Point", "coordinates": [ -91.154933248669607, 30.442648060883801 ] } },
{ "type": "Feature", "properties": { "ID": 121530, "LANDMARK_NAME": "APARTMENTS", "FULL_ADDRESS": "866 ARLINGTON AVE", "CITY": "BATON ROUGE", "STATE": "LOUISIANA", "ZIP": 70806, "PHONE_NUMBER": null, "LATITUDE": 30.44065, "LONGITUDE": -91.15924 }, "geometry": { "type": "Point", "coordinates": [ -91.159246625524972, 30.440655322950821 ] } },
{ "type": "Feature", "properties": { "ID": 121577, "LANDMARK_NAME": "APARTMENTS", "FULL_ADDRESS": "3056 CONVENTION ST", "CITY": "BATON ROUGE", "STATE": "LOUISIANA", "ZIP": 70806, "PHONE_NUMBER": null, "LATITUDE": 30.44895, "LONGITUDE": -91.15714 }, "geometry": { "type": "Point", "coordinates": [ -91.157145499501524, 30.448953699653568 ] } },
{ "type": "Feature", "properties": { "ID": 121609, "LANDMARK_NAME": "INGLESIDE APARTMENTS", "FULL_ADDRESS": "330 INGLESIDE DR", "CITY": "BATON ROUGE", "STATE": "LOUISIANA", "ZIP": 70806, "PHONE_NUMBER": null, "LATITUDE": 30.44521, "LONGITUDE": -91.14558 }, "geometry": { "type": "Point", "coordinates": [ -91.145586363335866, 30.44521335083358 ] } },
{ "type": "Feature", "properties": { "ID": 121644, "LANDMARK_NAME": "APARTMENTS", "FULL_ADDRESS": "752 KENMORE AVE", "CITY": "BATON ROUGE", "STATE": "LOUISIANA", "ZIP": 70806, "PHONE_NUMBER": null, "LATITUDE": 30.442, "LONGITUDE": -91.15831 }, "geometry": { "type": "Point", "coordinates": [ -91.158316156624892, 30.442007581630374 ] } },
{ "type": "Feature", "properties": { "ID": 121657, "LANDMARK_NAME": "APARTMENTS", "FULL_ADDRESS": "872 ARLINGTON AVE", "CITY": "BATON ROUGE", "STATE": "LOUISIANA", "ZIP": 70806, "PHONE_NUMBER": null, "LATITUDE": 30.44036, "LONGITUDE": -91.15922 }, "geometry": { "type": "Point", "coordinates": [ -91.159222717895545, 30.440369715127968 ] } },
{ "type": "Feature", "properties": { "ID": 122047, "LANDMARK_NAME": "APARTMENTS", "FULL_ADDRESS": "977 RITTINER DR", "CITY": "BATON ROUGE", "STATE": "LOUISIANA", "ZIP": 70806, "PHONE_NUMBER": null, "LATITUDE": 30.43934, "LONGITUDE": -91.16061 }, "geometry": { "type": "Point", "coordinates": [ -91.160615917079156, 30.439344865229529 ] } },
{ "type": "Feature", "properties": { "ID": 122118, "LANDMARK_NAME": "APARTMENTS", "FULL_ADDRESS": "3037 BYRON ST", "CITY": "BATON ROUGE", "STATE": "LOUISIANA", "ZIP": 70805, "PHONE_NUMBER": null, "LATITUDE": 30.49385, "LONGITUDE": -91.15978 }, "geometry": { "type": "Point", "coordinates": [ -91.159785711559294, 30.493851105895828 ] } },
{ "type": "Feature", "properties": { "ID": 122223, "LANDMARK_NAME": "APARTMENTS", "FULL_ADDRESS": "3223 N ARDENWOOD DR", "CITY": "BATON ROUGE", "STATE": "LOUISIANA", "ZIP": 70805, "PHONE_NUMBER": null, "LATITUDE": 30.47824, "LONGITUDE": -91.13058 }, "geometry": { "type": "Point", "coordinates": [ -91.130584911170203, 30.478240796212891 ] } },
{ "type": "Feature", "properties": { "ID": 122224, "LANDMARK_NAME": "APARTMENTS", "FULL_ADDRESS": "3217 N ARDENWOOD DR", "CITY": "BATON ROUGE", "STATE": "LOUISIANA", "ZIP": 70805, "PHONE_NUMBER": null, "LATITUDE": 30.47805, "LONGITUDE": -91.13058 }, "geometry": { "type": "Point", "coordinates": [ -91.130582948712117, 30.478052815012621 ] } },
{ "type": "Feature", "properties": { "ID": 122830, "LANDMARK_NAME": "NEW BEGINNINGS APARTMENTS", "FULL_ADDRESS": "4267 MOHICAN-PRESCOTT XOVR", "CITY": "BATON ROUGE", "STATE": "LOUISIANA", "ZIP": 70805, "PHONE_NUMBER": null, "LATITUDE": 30.48668, "LONGITUDE": -91.14683 }, "geometry": { "type": "Point", "coordinates": [ -91.146837836444377, 30.486681593776659 ] } },
{ "type": "Feature", "properties": { "ID": 122880, "LANDMARK_NAME": "LA BELLE FOUNTAINE APARTMENTS", "FULL_ADDRESS": "2236 PERKINS RD", "CITY": "BATON ROUGE", "STATE": "LOUISIANA", "ZIP": 70808, "PHONE_NUMBER": null, "LATITUDE": 30.42902, "LONGITUDE": -91.16071 }, "geometry": { "type": "Point", "coordinates": [ -91.160716907618223, 30.429029198661905 ] } },
{ "type": "Feature", "properties": { "ID": 123607, "LANDMARK_NAME": "APARTMENTS", "FULL_ADDRESS": "3027 BYRON ST", "CITY": "BATON ROUGE", "STATE": "LOUISIANA", "ZIP": 70805, "PHONE_NUMBER": null, "LATITUDE": 30.49384, "LONGITUDE": -91.15997 }, "geometry": { "type": "Point", "coordinates": [ -91.159971290410795, 30.493842154399619 ] } },
{ "type": "Feature", "properties": { "ID": 123748, "LANDMARK_NAME": "MID CITY FLATS APARTMENTS", "FULL_ADDRESS": "4627 NORTH BLVD", "CITY": "BATON ROUGE", "STATE": "LOUISIANA", "ZIP": 70806, "PHONE_NUMBER": null, "LATITUDE": 30.44962, "LONGITUDE": -91.14214 }, "geometry": { "type": "Point", "coordinates": [ -91.142143401991532, 30.449625691958254 ] } },
{ "type": "Feature", "properties": { "ID": 123796, "LANDMARK_NAME": "VILLA ROSE APARTMENTS 5", "FULL_ADDRESS": "768 CAROL MARIE DR", "CITY": "BATON ROUGE", "STATE": "LOUISIANA", "ZIP": 70806, "PHONE_NUMBER": null, "LATITUDE": 30.44053, "LONGITUDE": -91.1535 }, "geometry": { "type": "Point", "coordinates": [ -91.15350623811689, 30.440533145142226 ] } },
{ "type": "Feature", "properties": { "ID": 123907, "LANDMARK_NAME": "APARTMENTS", "FULL_ADDRESS": "3021 NORTH BLVD", "CITY": "BATON ROUGE", "STATE": "LOUISIANA", "ZIP": 70806, "PHONE_NUMBER": null, "LATITUDE": 30.44864, "LONGITUDE": -91.15752 }, "geometry": { "type": "Point", "coordinates": [ -91.157527895702657, 30.448644898238179 ] } },
{ "type": "Feature", "properties": { "ID": 124178, "LANDMARK_NAME": "APARTMENTS", "FULL_ADDRESS": "861 ARLINGTON AVE", "CITY": "BATON ROUGE", "STATE": "LOUISIANA", "ZIP": 70806, "PHONE_NUMBER": null, "LATITUDE": 30.44052, "LONGITUDE": -91.15864 }, "geometry": { "type": "Point", "coordinates": [ -91.158643423621754, 30.440526784717147 ] } },
{ "type": "Feature", "properties": { "ID": 124506, "LANDMARK_NAME": "VILLA ROSE APARTMENTS 1 ", "FULL_ADDRESS": "3305 CAROL DR", "CITY": "BATON ROUGE", "STATE": "LOUISIANA", "ZIP": 70806, "PHONE_NUMBER": null, "LATITUDE": 30.44286, "LONGITUDE": -91.15492 }, "geometry": { "type": "Point", "coordinates": [ -91.154921980760236, 30.442861221773924 ] } },
{ "type": "Feature", "properties": { "ID": 125561, "LANDMARK_NAME": "BIRCHWOOD APARTMENTS", "FULL_ADDRESS": "151 RICHLAND AVE", "CITY": "BATON ROUGE", "STATE": "LOUISIANA", "ZIP": 70806, "PHONE_NUMBER": null, "LATITUDE": 30.44764, "LONGITUDE": -91.14814 }, "geometry": { "type": "Point", "coordinates": [ -91.148141199067823, 30.447643097498958 ] } },
{ "type": "Feature", "properties": { "ID": 125808, "LANDMARK_NAME": "APARTMENTS", "FULL_ADDRESS": "3265 BRADY ST", "CITY": "BATON ROUGE", "STATE": "LOUISIANA", "ZIP": 70805, "PHONE_NUMBER": null, "LATITUDE": 30.47498, "LONGITUDE": -91.15686 }, "geometry": { "type": "Point", "coordinates": [ -91.156863318877356, 30.474981042808576 ] } },
{ "type": "Feature", "properties": { "ID": 126014, "LANDMARK_NAME": "APARTMENTS", "FULL_ADDRESS": "3715 KEOKUK ST", "CITY": "BATON ROUGE", "STATE": "LOUISIANA", "ZIP": 70805, "PHONE_NUMBER": null, "LATITUDE": 30.48222, "LONGITUDE": -91.16033 }, "geometry": { "type": "Point", "coordinates": [ -91.160335574432793, 30.482227835581423 ] } },
{ "type": "Feature", "properties": { "ID": 126320, "LANDMARK_NAME": "APARTMENTS", "FULL_ADDRESS": "1810 OLIVE ST", "CITY": "BATON ROUGE", "STATE": "LOUISIANA", "ZIP": 70802, "PHONE_NUMBER": null, "LATITUDE": 30.43917, "LONGITUDE": -91.16984 }, "geometry": { "type": "Point", "coordinates": [ -91.169842111435727, 30.439174569471692 ] } },
{ "type": "Feature", "properties": { "ID": 127077, "LANDMARK_NAME": "VILLA ROSE APARTMENTS 7", "FULL_ADDRESS": "722 S ACADIAN THWY", "CITY": "BATON ROUGE", "STATE": "LOUISIANA", "ZIP": 70806, "PHONE_NUMBER": null, "LATITUDE": 30.4416, "LONGITUDE": -91.15308 }, "geometry": { "type": "Point", "coordinates": [ -91.153085956463372, 30.441604615188758 ] } },
{ "type": "Feature", "properties": { "ID": 127388, "LANDMARK_NAME": "APARTMENTS", "FULL_ADDRESS": "3054 CONVENTION ST", "CITY": "BATON ROUGE", "STATE": "LOUISIANA", "ZIP": 70806, "PHONE_NUMBER": null, "LATITUDE": 30.44897, "LONGITUDE": -91.15729 }, "geometry": { "type": "Point", "coordinates": [ -91.157294912967345, 30.448977959764914 ] } },
{ "type": "Feature", "properties": { "ID": 127502, "LANDMARK_NAME": "STEELE PLACE APARTMENTS", "FULL_ADDRESS": "322 STEELE BLVD", "CITY": "BATON ROUGE", "STATE": "LOUISIANA", "ZIP": 70806, "PHONE_NUMBER": null, "LATITUDE": 30.44595, "LONGITUDE": -91.151 }, "geometry": { "type": "Point", "coordinates": [ -91.151003645714894, 30.445960064874779 ] } },
{ "type": "Feature", "properties": { "ID": 127755, "LANDMARK_NAME": "DEVILLE APARTMENTS", "FULL_ADDRESS": "1325 NORTH ST", "CITY": "BATON ROUGE", "STATE": "LOUISIANA", "ZIP": 70802, "PHONE_NUMBER": null, "LATITUDE": 30.45304, "LONGITUDE": -91.17654 }, "geometry": { "type": "Point", "coordinates": [ -91.17654155492302, 30.453047365753928 ] } },
{ "type": "Feature", "properties": { "ID": 127859, "LANDMARK_NAME": "APARTMENTS", "FULL_ADDRESS": "3485 CLAYTON ST", "CITY": "BATON ROUGE", "STATE": "LOUISIANA", "ZIP": 70805, "PHONE_NUMBER": null, "LATITUDE": 30.49115, "LONGITUDE": -91.15529 }, "geometry": { "type": "Point", "coordinates": [ -91.155294976604964, 30.491150507440139 ] } },
{ "type": "Feature", "properties": { "ID": 127913, "LANDMARK_NAME": "APARTMENTS", "FULL_ADDRESS": "3546 SYCAMORE ST", "CITY": "BATON ROUGE", "STATE": "LOUISIANA", "ZIP": 70805, "PHONE_NUMBER": null, "LATITUDE": 30.49428, "LONGITUDE": -91.15431 }, "geometry": { "type": "Point", "coordinates": [ -91.154314509478965, 30.494286508008347 ] } },
{ "type": "Feature", "properties": { "ID": 128160, "LANDMARK_NAME": "NEW BEGINNINGS APARTMENTS", "FULL_ADDRESS": "4282 MOHICAN-PRESCOTT XOVR", "CITY": "BATON ROUGE", "STATE": "LOUISIANA", "ZIP": 70805, "PHONE_NUMBER": null, "LATITUDE": 30.48608, "LONGITUDE": -91.14664 }, "geometry": { "type": "Point", "coordinates": [ -91.146645220649347, 30.486081342400393 ] } },
{ "type": "Feature", "properties": { "ID": 128161, "LANDMARK_NAME": "NEW BEGINNINGS APARTMENTS", "FULL_ADDRESS": "4278 MOHICAN-PRESCOTT XOVR", "CITY": "BATON ROUGE", "STATE": "LOUISIANA", "ZIP": 70805, "PHONE_NUMBER": null, "LATITUDE": 30.48595, "LONGITUDE": -91.14664 }, "geometry": { "type": "Point", "coordinates": [ -91.146641737248018, 30.48595420254868 ] } },
{ "type": "Feature", "properties": { "ID": 128371, "LANDMARK_NAME": "PARK PLAZA APARTMENTS", "FULL_ADDRESS": "1290 PARK BLVD", "CITY": "BATON ROUGE", "STATE": "LOUISIANA", "ZIP": 70802, "PHONE_NUMBER": null, "LATITUDE": 30.43512, "LONGITUDE": -91.17013 }, "geometry": { "type": "Point", "coordinates": [ -91.170136394187878, 30.43512098943803 ] } },
{ "type": "Feature", "properties": { "ID": 128471, "LANDMARK_NAME": "DUMAINE APARTMENTS ", "FULL_ADDRESS": "248 STEELE BLVD", "CITY": "BATON ROUGE", "STATE": "LOUISIANA", "ZIP": 70806, "PHONE_NUMBER": null, "LATITUDE": 30.44663, "LONGITUDE": -91.15116 }, "geometry": { "type": "Point", "coordinates": [ -91.151162614135089, 30.446631151647619 ] } },
{ "type": "Feature", "properties": { "ID": 128548, "LANDMARK_NAME": "CAPITOL SQUARE APARTMENTS (EBRPHA)", "FULL_ADDRESS": "700 N 17TH ST", "CITY": "BATON ROUGE", "STATE": "LOUISIANA", "ZIP": 70802, "PHONE_NUMBER": null, "LATITUDE": 30.45381, "LONGITUDE": -91.17126 }, "geometry": { "type": "Point", "coordinates": [ -91.171263086575948, 30.453815286070192 ] } },
{ "type": "Feature", "properties": { "ID": 128567, "LANDMARK_NAME": "VILLA ROSE APARTMENTS 6", "FULL_ADDRESS": "725 CAROL MARIE DR", "CITY": "BATON ROUGE", "STATE": "LOUISIANA", "ZIP": 70806, "PHONE_NUMBER": null, "LATITUDE": 30.44129, "LONGITUDE": -91.15333 }, "geometry": { "type": "Point", "coordinates": [ -91.153332900091073, 30.441295226528286 ] } },
{ "type": "Feature", "properties": { "ID": 128591, "LANDMARK_NAME": "VILLA ROSE APARTMENTS 2", "FULL_ADDRESS": "3514 MARIE DR", "CITY": "BATON ROUGE", "STATE": "LOUISIANA", "ZIP": 70806, "PHONE_NUMBER": null, "LATITUDE": 30.44027, "LONGITUDE": -91.15335 }, "geometry": { "type": "Point", "coordinates": [ -91.153358977204135, 30.440280008442283 ] } },
{ "type": "Feature", "properties": { "ID": 128999, "LANDMARK_NAME": "SUBURBAN APARTMENTS", "FULL_ADDRESS": "6515 HANKS DR", "CITY": "BATON ROUGE", "STATE": "LOUISIANA", "ZIP": 70812, "PHONE_NUMBER": null, "LATITUDE": 30.49603, "LONGITUDE": -91.12484 }, "geometry": { "type": "Point", "coordinates": [ -91.124841185058969, 30.496032127614988 ] } },
{ "type": "Feature", "properties": { "ID": 129095, "LANDMARK_NAME": "APARTMENTS", "FULL_ADDRESS": "5441 PRESCOTT RD", "CITY": "BATON ROUGE", "STATE": "LOUISIANA", "ZIP": 70805, "PHONE_NUMBER": null, "LATITUDE": 30.48799, "LONGITUDE": -91.13561 }, "geometry": { "type": "Point", "coordinates": [ -91.135617705703794, 30.487999549506863 ] } },
{ "type": "Feature", "properties": { "ID": 129132, "LANDMARK_NAME": "ASPENS APARTMENTS", "FULL_ADDRESS": "2022 LOBDELL BLVD", "CITY": "BATON ROUGE", "STATE": "LOUISIANA", "ZIP": 70806, "PHONE_NUMBER": null, "LATITUDE": 30.46604, "LONGITUDE": -91.11757 }, "geometry": { "type": "Point", "coordinates": [ -91.117576756654472, 30.466049232330704 ] } },
{ "type": "Feature", "properties": { "ID": 129235, "LANDMARK_NAME": "APARTMENTS", "FULL_ADDRESS": "5410 BYRON ST", "CITY": "BATON ROUGE", "STATE": "LOUISIANA", "ZIP": 70805, "PHONE_NUMBER": null, "LATITUDE": 30.49394, "LONGITUDE": -91.13598 }, "geometry": { "type": "Point", "coordinates": [ -91.135981310090528, 30.493944161586455 ] } },
{ "type": "Feature", "properties": { "ID": 129376, "LANDMARK_NAME": "PINE SQUARE APARTMENTS", "FULL_ADDRESS": "2888 DOUGHERTY DR", "CITY": "BATON ROUGE", "STATE": "LOUISIANA", "ZIP": 70805, "PHONE_NUMBER": null, "LATITUDE": 30.47506, "LONGITUDE": -91.13432 }, "geometry": { "type": "Point", "coordinates": [ -91.134323391414782, 30.475068354086694 ] } },
{ "type": "Feature", "properties": { "ID": 129381, "LANDMARK_NAME": "APARTMENTS", "FULL_ADDRESS": "5021 MC CLELLAND DR", "CITY": "BATON ROUGE", "STATE": "LOUISIANA", "ZIP": 70805, "PHONE_NUMBER": null, "LATITUDE": 30.4961, "LONGITUDE": -91.13568 }, "geometry": { "type": "Point", "coordinates": [ -91.135684406321914, 30.496109786859414 ] } },
{ "type": "Feature", "properties": { "ID": 129429, "LANDMARK_NAME": "APARTMENTS", "FULL_ADDRESS": "3298 GARNET DR", "CITY": "BATON ROUGE", "STATE": "LOUISIANA", "ZIP": 70805, "PHONE_NUMBER": null, "LATITUDE": 30.47902, "LONGITUDE": -91.13091 }, "geometry": { "type": "Point", "coordinates": [ -91.130917945125688, 30.4790206246659 ] } },
{ "type": "Feature", "properties": { "ID": 129462, "LANDMARK_NAME": "APARTMENTS", "FULL_ADDRESS": "5680 PRESCOTT RD", "CITY": "BATON ROUGE", "STATE": "LOUISIANA", "ZIP": 70805, "PHONE_NUMBER": null, "LATITUDE": 30.48744, "LONGITUDE": -91.13351 }, "geometry": { "type": "Point", "coordinates": [ -91.133511036913035, 30.48744804582207 ] } },
{ "type": "Feature", "properties": { "ID": 129488, "LANDMARK_NAME": "EVANGELINE APARTMENTS", "FULL_ADDRESS": "6061 EVANGELINE ST", "CITY": "BATON ROUGE", "STATE": "LOUISIANA", "ZIP": 70805, "PHONE_NUMBER": null, "LATITUDE": 30.49362, "LONGITUDE": -91.12982 }, "geometry": { "type": "Point", "coordinates": [ -91.129825860350564, 30.493625059598067 ] } },
{ "type": "Feature", "properties": { "ID": 129795, "LANDMARK_NAME": "HOLLY COURT APARTMENTS", "FULL_ADDRESS": "1050 N ARDENWOOD DR", "CITY": "BATON ROUGE", "STATE": "LOUISIANA", "ZIP": 70806, "PHONE_NUMBER": null, "LATITUDE": 30.45928, "LONGITUDE": -91.1274 }, "geometry": { "type": "Point", "coordinates": [ -91.12740098319027, 30.459281876738707 ] } },
{ "type": "Feature", "properties": { "ID": 129850, "LANDMARK_NAME": "APARTMENTS", "FULL_ADDRESS": "4271 W BROOKSTOWN DR", "CITY": "BATON ROUGE", "STATE": "LOUISIANA", "ZIP": 70805, "PHONE_NUMBER": null, "LATITUDE": 30.48939, "LONGITUDE": -91.13355 }, "geometry": { "type": "Point", "coordinates": [ -91.133552702132107, 30.48939517009741 ] } },
{ "type": "Feature", "properties": { "ID": 129852, "LANDMARK_NAME": "MAISON BOCAGE APARTMENTS AND TOWNHOMES", "FULL_ADDRESS": "7827 N JEFFERSON PLACE CIR", "CITY": "BATON ROUGE", "STATE": "LOUISIANA", "ZIP": 70809, "PHONE_NUMBER": null, "LATITUDE": 30.42269, "LONGITUDE": -91.1039 }, "geometry": { "type": "Point", "coordinates": [ -91.103901291883403, 30.422691996137299 ] } },
{ "type": "Feature", "properties": { "ID": 129925, "LANDMARK_NAME": "VIEUX CARRE APARTMENTS", "FULL_ADDRESS": "4735 GOVERNMENT ST", "CITY": "BATON ROUGE", "STATE": "LOUISIANA", "ZIP": 70806, "PHONE_NUMBER": null, "LATITUDE": 30.44553, "LONGITUDE": -91.141 }, "geometry": { "type": "Point", "coordinates": [ -91.141005836195802, 30.445540387043646 ] } },
{ "type": "Feature", "properties": { "ID": 129963, "LANDMARK_NAME": "APARTMENTS", "FULL_ADDRESS": "350 DELPHINE ST", "CITY": "BATON ROUGE", "STATE": "LOUISIANA", "ZIP": 70806, "PHONE_NUMBER": null, "LATITUDE": 30.44556, "LONGITUDE": -91.16436 }, "geometry": { "type": "Point", "coordinates": [ -91.164370764713667, 30.44556133028566 ] } },
{ "type": "Feature", "properties": { "ID": 130024, "LANDMARK_NAME": "PROVINCIAL & THE CRILLON APARTMENTS", "FULL_ADDRESS": "1201 N FOSTER DR", "CITY": "BATON ROUGE", "STATE": "LOUISIANA", "ZIP": 70806, "PHONE_NUMBER": null, "LATITUDE": 30.45928, "LONGITUDE": -91.14025 }, "geometry": { "type": "Point", "coordinates": [ -91.140254969073823, 30.45928238575242 ] } },
{ "type": "Feature", "properties": { "ID": 130033, "LANDMARK_NAME": "BALIS STREET APARTMENTS", "FULL_ADDRESS": "2360 BALIS DR", "CITY": "BATON ROUGE", "STATE": "LOUISIANA", "ZIP": 70808, "PHONE_NUMBER": null, "LATITUDE": 30.4272, "LONGITUDE": -91.14072 }, "geometry": { "type": "Point", "coordinates": [ -91.140728098569582, 30.427205929602668 ] } },
{ "type": "Feature", "properties": { "ID": 130094, "LANDMARK_NAME": "THE JEFFERSON APARTMENTS", "FULL_ADDRESS": "7950 JEFFERSON HWY", "CITY": "BATON ROUGE", "STATE": "LOUISIANA", "ZIP": 70809, "PHONE_NUMBER": null, "LATITUDE": 30.42537, "LONGITUDE": -91.10671 }, "geometry": { "type": "Point", "coordinates": [ -91.106713503628185, 30.425379941523037 ] } },
{ "type": "Feature", "properties": { "ID": 130095, "LANDMARK_NAME": "JEFFERSON EAST APARTMENTS", "FULL_ADDRESS": "7939 JEFFERSON HWY", "CITY": "BATON ROUGE", "STATE": "LOUISIANA", "ZIP": 70809, "PHONE_NUMBER": null, "LATITUDE": 30.42726, "LONGITUDE": -91.10531 }, "geometry": { "type": "Point", "coordinates": [ -91.105313686039537, 30.427262387745611 ] } },
{ "type": "Feature", "properties": { "ID": 130465, "LANDMARK_NAME": "APARTMENTS", "FULL_ADDRESS": "9116 GREAT SMOKY AVE, BLDG B", "CITY": "BATON ROUGE", "STATE": "LOUISIANA", "ZIP": 70814, "PHONE_NUMBER": null, "LATITUDE": 30.47579, "LONGITUDE": -91.08701 }, "geometry": { "type": "Point", "coordinates": [ -91.087013298189618, 30.475799583808939 ] } },
{ "type": "Feature", "properties": { "ID": 130495, "LANDMARK_NAME": "LYNN APARTMENTS 1", "FULL_ADDRESS": "410 STEELE BLVD", "CITY": "BATON ROUGE", "STATE": "LOUISIANA", "ZIP": 70806, "PHONE_NUMBER": null, "LATITUDE": 30.44533, "LONGITUDE": -91.15111 }, "geometry": { "type": "Point", "coordinates": [ -91.151119905612305, 30.445338430419469 ] } },
{ "type": "Feature", "properties": { "ID": 130513, "LANDMARK_NAME": "VILLA ROSE APARTMENTS 8", "FULL_ADDRESS": "618 S ACADIAN THWY", "CITY": "BATON ROUGE", "STATE": "LOUISIANA", "ZIP": 70806, "PHONE_NUMBER": null, "LATITUDE": 30.44263, "LONGITUDE": -91.15357 }, "geometry": { "type": "Point", "coordinates": [ -91.153580537909605, 30.442637236351835 ] } },
{ "type": "Feature", "properties": { "ID": 130561, "LANDMARK_NAME": "APARTMENTS", "FULL_ADDRESS": "5412 BYRON ST", "CITY": "BATON ROUGE", "STATE": "LOUISIANA", "ZIP": 70805, "PHONE_NUMBER": null, "LATITUDE": 30.49395, "LONGITUDE": -91.13576 }, "geometry": { "type": "Point", "coordinates": [ -91.135761053981696, 30.49395166554454 ] } },
{ "type": "Feature", "properties": { "ID": 130675, "LANDMARK_NAME": "SHADOW CREEK APARTMENTS", "FULL_ADDRESS": "950 S FOSTER DR", "CITY": "BATON ROUGE", "STATE": "LOUISIANA", "ZIP": 70806, "PHONE_NUMBER": null, "LATITUDE": 30.4398, "LONGITUDE": -91.13613 }, "geometry": { "type": "Point", "coordinates": [ -91.136139184233187, 30.43980664910287 ] } },
{ "type": "Feature", "properties": { "ID": 131102, "LANDMARK_NAME": "APARTMENTS", "FULL_ADDRESS": "5029 CLAYCUT RD", "CITY": "BATON ROUGE", "STATE": "LOUISIANA", "ZIP": 70806, "PHONE_NUMBER": null, "LATITUDE": 30.44161, "LONGITUDE": -91.13776 }, "geometry": { "type": "Point", "coordinates": [ -91.137770557794738, 30.441617818803 ] } },
{ "type": "Feature", "properties": { "ID": 131129, "LANDMARK_NAME": "COPPER RIDGE APARTMENTS", "FULL_ADDRESS": "2080 LOBDELL BLVD", "CITY": "BATON ROUGE", "STATE": "LOUISIANA", "ZIP": 70806, "PHONE_NUMBER": null, "LATITUDE": 30.46677, "LONGITUDE": -91.11775 }, "geometry": { "type": "Point", "coordinates": [ -91.117760145346651, 30.466774880754965 ] } },
{ "type": "Feature", "properties": { "ID": 131272, "LANDMARK_NAME": "PLACE D' CHARLES APARTMENTS 1", "FULL_ADDRESS": "5515 PRESCOTT RD", "CITY": "BATON ROUGE", "STATE": "LOUISIANA", "ZIP": 70805, "PHONE_NUMBER": null, "LATITUDE": 30.48815, "LONGITUDE": -91.13481 }, "geometry": { "type": "Point", "coordinates": [ -91.134817560198059, 30.488151955696864 ] } },
{ "type": "Feature", "properties": { "ID": 131515, "LANDMARK_NAME": "GOODWOOD PLACE APARTMENTS", "FULL_ADDRESS": "196 APARTMENT COURT DR", "CITY": "BATON ROUGE", "STATE": "LOUISIANA", "ZIP": 70806, "PHONE_NUMBER": null, "LATITUDE": 30.44922, "LONGITUDE": -91.12362 }, "geometry": { "type": "Point", "coordinates": [ -91.123628484266774, 30.449223842925971 ] } },
{ "type": "Feature", "properties": { "ID": 131602, "LANDMARK_NAME": "RICHLAND APARTMENTS", "FULL_ADDRESS": "249 RICHLAND AVE", "CITY": "BATON ROUGE", "STATE": "LOUISIANA", "ZIP": 70806, "PHONE_NUMBER": null, "LATITUDE": 30.44673, "LONGITUDE": -91.14795 }, "geometry": { "type": "Point", "coordinates": [ -91.14795828389579, 30.446736749210871 ] } },
{ "type": "Feature", "properties": { "ID": 131992, "LANDMARK_NAME": "MARQUETTE APARTMENTS", "FULL_ADDRESS": "459 APARTMENT COURT DR", "CITY": "BATON ROUGE", "STATE": "LOUISIANA", "ZIP": 70806, "PHONE_NUMBER": null, "LATITUDE": 30.44611, "LONGITUDE": -91.12322 }, "geometry": { "type": "Point", "coordinates": [ -91.123229491339401, 30.446118573084437 ] } },
{ "type": "Feature", "properties": { "ID": 132004, "LANDMARK_NAME": "PLACE D' CHARLES APARTMENTS 2", "FULL_ADDRESS": "5523 PRESCOTT RD", "CITY": "BATON ROUGE", "STATE": "LOUISIANA", "ZIP": 70805, "PHONE_NUMBER": null, "LATITUDE": 30.48817, "LONGITUDE": -91.1344 }, "geometry": { "type": "Point", "coordinates": [ -91.134405662127392, 30.488171106797235 ] } },
{ "type": "Feature", "properties": { "ID": 132063, "LANDMARK_NAME": "JEFFERSON OAK APARTMENTS", "FULL_ADDRESS": "8026 JEFFERSON HWY", "CITY": "BATON ROUGE", "STATE": "LOUISIANA", "ZIP": 70809, "PHONE_NUMBER": null, "LATITUDE": 30.42401, "LONGITUDE": -91.10613 }, "geometry": { "type": "Point", "coordinates": [ -91.106133626033369, 30.424016585502351 ] } },
{ "type": "Feature", "properties": { "ID": 132066, "LANDMARK_NAME": "LONE OAK APARTMENTS", "FULL_ADDRESS": "3303 LONE OAK DR", "CITY": "BATON ROUGE", "STATE": "LOUISIANA", "ZIP": 70814, "PHONE_NUMBER": null, "LATITUDE": 30.47971, "LONGITUDE": -91.10606 }, "geometry": { "type": "Point", "coordinates": [ -91.106067336860846, 30.47971460014044 ] } },
{ "type": "Feature", "properties": { "ID": 132085, "LANDMARK_NAME": "APARTMENTS", "FULL_ADDRESS": "226 SHIP DR", "CITY": "BATON ROUGE", "STATE": "LOUISIANA", "ZIP": 70806, "PHONE_NUMBER": null, "LATITUDE": 30.44927, "LONGITUDE": -91.11627 }, "geometry": { "type": "Point", "coordinates": [ -91.116275775119448, 30.449279463932029 ] } },
{ "type": "Feature", "properties": { "ID": 132195, "LANDMARK_NAME": "GREENSIDE RIDGE APARTMENTS 2", "FULL_ADDRESS": "5617 PRESCOTT RD", "CITY": "BATON ROUGE", "STATE": "LOUISIANA", "ZIP": 70805, "PHONE_NUMBER": null, "LATITUDE": 30.48866, "LONGITUDE": -91.13397 }, "geometry": { "type": "Point", "coordinates": [ -91.133973479892134, 30.488667786679038 ] } },
{ "type": "Feature", "properties": { "ID": 132203, "LANDMARK_NAME": "PECAN ALLEY APARTMENTS", "FULL_ADDRESS": "152 S FOSTER DR", "CITY": "BATON ROUGE", "STATE": "LOUISIANA", "ZIP": 70806, "PHONE_NUMBER": null, "LATITUDE": 30.44784, "LONGITUDE": -91.13957 }, "geometry": { "type": "Point", "coordinates": [ -91.139570931250248, 30.447850280744813 ] } },
{ "type": "Feature", "properties": { "ID": 132293, "LANDMARK_NAME": "APARTMENTS", "FULL_ADDRESS": "4171 W BROOKSTOWN DR", "CITY": "BATON ROUGE", "STATE": "LOUISIANA", "ZIP": 70805, "PHONE_NUMBER": null, "LATITUDE": 30.48842, "LONGITUDE": -91.13355 }, "geometry": { "type": "Point", "coordinates": [ -91.133559387555934, 30.488421718213491 ] } },
{ "type": "Feature", "properties": { "ID": 132355, "LANDMARK_NAME": "THE RESERVE AT HOWELL PLACE APARTMENTS", "FULL_ADDRESS": "4245 FORD ST", "CITY": "BATON ROUGE", "STATE": "LOUISIANA", "ZIP": 70807, "PHONE_NUMBER": null, "LATITUDE": 30.51978, "LONGITUDE": -91.14772 }, "geometry": { "type": "Point", "coordinates": [ -91.14772449734437, 30.519789342103337 ] } },
{ "type": "Feature", "properties": { "ID": 132613, "LANDMARK_NAME": "APARTMENTS", "FULL_ADDRESS": "9113 GREAT SMOKY AVE", "CITY": "BATON ROUGE", "STATE": "LOUISIANA", "ZIP": 70814, "PHONE_NUMBER": null, "LATITUDE": 30.47636, "LONGITUDE": -91.08704 }, "geometry": { "type": "Point", "coordinates": [ -91.0870489245236, 30.476367482436842 ] } },
{ "type": "Feature", "properties": { "ID": 132719, "LANDMARK_NAME": "MAISON BOCAGE APARTMENTS AND TOWNHOMES", "FULL_ADDRESS": "7645 N JEFFERSON PLACE CIR", "CITY": "BATON ROUGE", "STATE": "LOUISIANA", "ZIP": 70809, "PHONE_NUMBER": null, "LATITUDE": 30.42105, "LONGITUDE": -91.1058 }, "geometry": { "type": "Point", "coordinates": [ -91.10580905960208, 30.421053459789515 ] } },
{ "type": "Feature", "properties": { "ID": 132854, "LANDMARK_NAME": "OAKLAND APARTMENTS", "FULL_ADDRESS": "8383 AIRLINE HWY", "CITY": "BATON ROUGE", "STATE": "LOUISIANA", "ZIP": 70815, "PHONE_NUMBER": null, "LATITUDE": 30.45932, "LONGITUDE": -91.09992 }, "geometry": { "type": "Point", "coordinates": [ -91.099930880395362, 30.459326614693946 ] } },
{ "type": "Feature", "properties": { "ID": 132880, "LANDMARK_NAME": "GREENSIDE RIDGE APARTMENTS 1", "FULL_ADDRESS": "4189 W BROOKSTOWN DR", "CITY": "BATON ROUGE", "STATE": "LOUISIANA", "ZIP": 70805, "PHONE_NUMBER": null, "LATITUDE": 30.48857, "LONGITUDE": -91.13342 }, "geometry": { "type": "Point", "coordinates": [ -91.133421302224022, 30.48857778945597 ] } },
{ "type": "Feature", "properties": { "ID": 132886, "LANDMARK_NAME": "APARTMENTS", "FULL_ADDRESS": "4255 W BROOKSTOWN DR", "CITY": "BATON ROUGE", "STATE": "LOUISIANA", "ZIP": 70805, "PHONE_NUMBER": null, "LATITUDE": 30.48912, "LONGITUDE": -91.13366 }, "geometry": { "type": "Point", "coordinates": [ -91.133667171764316, 30.489127434839236 ] } },
{ "type": "Feature", "properties": { "ID": 132919, "LANDMARK_NAME": "APARTMENTS", "FULL_ADDRESS": "3275 N ARDENWOOD DR", "CITY": "BATON ROUGE", "STATE": "LOUISIANA", "ZIP": 70805, "PHONE_NUMBER": null, "LATITUDE": 30.4788, "LONGITUDE": -91.13054 }, "geometry": { "type": "Point", "coordinates": [ -91.130548358538718, 30.478802771334841 ] } },
{ "type": "Feature", "properties": { "ID": 133086, "LANDMARK_NAME": "CHALET WEST APARTMENTS 1 ", "FULL_ADDRESS": "373 WEST DR", "CITY": "BATON ROUGE", "STATE": "LOUISIANA", "ZIP": 70806, "PHONE_NUMBER": null, "LATITUDE": 30.44558, "LONGITUDE": -91.15143 }, "geometry": { "type": "Point", "coordinates": [ -91.151435935517682, 30.445582254758218 ] } },
{ "type": "Feature", "properties": { "ID": 133180, "LANDMARK_NAME": "CASA DEL SOL APARTMENTS", "FULL_ADDRESS": "363 STEELE BLVD", "CITY": "BATON ROUGE", "STATE": "LOUISIANA", "ZIP": 70806, "PHONE_NUMBER": null, "LATITUDE": 30.44559, "LONGITUDE": -91.15032 }, "geometry": { "type": "Point", "coordinates": [ -91.150328542641176, 30.445592400856363 ] } },
{ "type": "Feature", "properties": { "ID": 133242, "LANDMARK_NAME": "SPANISH OAKS APARTMENT", "FULL_ADDRESS": "4430 HATCHER AVE", "CITY": "BATON ROUGE", "STATE": "LOUISIANA", "ZIP": 70806, "PHONE_NUMBER": null, "LATITUDE": 30.44708, "LONGITUDE": -91.1436 }, "geometry": { "type": "Point", "coordinates": [ -91.143609987653335, 30.447083684880244 ] } },
{ "type": "Feature", "properties": { "ID": 133306, "LANDMARK_NAME": "ELM STREET - SENIOR APARTMENTS", "FULL_ADDRESS": "4250 ELM DR", "CITY": "BATON ROUGE", "STATE": "LOUISIANA", "ZIP": 70805, "PHONE_NUMBER": null, "LATITUDE": 30.48854, "LONGITUDE": -91.13777 }, "geometry": { "type": "Point", "coordinates": [ -91.137779028817832, 30.488549360221494 ] } },
{ "type": "Feature", "properties": { "ID": 133434, "LANDMARK_NAME": "LYNN APARTMENTS 2", "FULL_ADDRESS": "420 STEELE BLVD", "CITY": "BATON ROUGE", "STATE": "LOUISIANA", "ZIP": 70806, "PHONE_NUMBER": null, "LATITUDE": 30.44503, "LONGITUDE": -91.15111 }, "geometry": { "type": "Point", "coordinates": [ -91.151120081355771, 30.44503674802565 ] } },
{ "type": "Feature", "properties": { "ID": 133437, "LANDMARK_NAME": "FONTAINE APARTMENTS", "FULL_ADDRESS": "436 STEELE BLVD", "CITY": "BATON ROUGE", "STATE": "LOUISIANA", "ZIP": 70806, "PHONE_NUMBER": null, "LATITUDE": 30.44484, "LONGITUDE": -91.15109 }, "geometry": { "type": "Point", "coordinates": [ -91.151099286963444, 30.444847121976824 ] } },
{ "type": "Feature", "properties": { "ID": 133645, "LANDMARK_NAME": "APARTMENTS", "FULL_ADDRESS": "191 BELLEWOOD DR", "CITY": "BATON ROUGE", "STATE": "LOUISIANA", "ZIP": 70806, "PHONE_NUMBER": null, "LATITUDE": 30.44922, "LONGITUDE": -91.12161 }, "geometry": { "type": "Point", "coordinates": [ -91.121618596676186, 30.449225236017973 ] } },
{ "type": "Feature", "properties": { "ID": 133705, "LANDMARK_NAME": "CHOCTAW LODGE APARTMENTS", "FULL_ADDRESS": "4150 MOHICAN-PRESCOTT XOVR", "CITY": "BATON ROUGE", "STATE": "LOUISIANA", "ZIP": 70805, "PHONE_NUMBER": null, "LATITUDE": 30.48527, "LONGITUDE": -91.14844 }, "geometry": { "type": "Point", "coordinates": [ -91.148446837979364, 30.485278925992716 ] } },
{ "type": "Feature", "properties": { "ID": 133922, "LANDMARK_NAME": "THE PATRICIAN APARTMENTS", "FULL_ADDRESS": "5000 CLAYCUT RD", "CITY": "BATON ROUGE", "STATE": "LOUISIANA", "ZIP": 70806, "PHONE_NUMBER": null, "LATITUDE": 30.44111, "LONGITUDE": -91.1374 }, "geometry": { "type": "Point", "coordinates": [ -91.137408069970363, 30.44111603000913 ] } },
{ "type": "Feature", "properties": { "ID": 134035, "LANDMARK_NAME": "NEW BEGINNINGS APARTMENTS", "FULL_ADDRESS": "4263 MOHICAN-PRESCOTT XOVR", "CITY": "BATON ROUGE", "STATE": "LOUISIANA", "ZIP": 70805, "PHONE_NUMBER": null, "LATITUDE": 30.48649, "LONGITUDE": -91.14726 }, "geometry": { "type": "Point", "coordinates": [ -91.147263109314494, 30.486497889892707 ] } },
{ "type": "Feature", "properties": { "ID": 134065, "LANDMARK_NAME": "FOX HILL APARTMENTS", "FULL_ADDRESS": "8508 GREENWELL SPRINGS RD", "CITY": "BATON ROUGE", "STATE": "LOUISIANA", "ZIP": 70814, "PHONE_NUMBER": null, "LATITUDE": 30.48009, "LONGITUDE": -91.09909 }, "geometry": { "type": "Point", "coordinates": [ -91.099095589984231, 30.480094793642188 ] } },
{ "type": "Feature", "properties": { "ID": 134137, "LANDMARK_NAME": "WESLEY PLAZA APARTMENTS", "FULL_ADDRESS": "5222 HOLLYWOOD ST", "CITY": "BATON ROUGE", "STATE": "LOUISIANA", "ZIP": 70805, "PHONE_NUMBER": null, "LATITUDE": 30.49842, "LONGITUDE": -91.13806 }, "geometry": { "type": "Point", "coordinates": [ -91.138067146430473, 30.498429735153614 ] } },
{ "type": "Feature", "properties": { "ID": 134192, "LANDMARK_NAME": "SPANISH VILLA APARTMENTS", "FULL_ADDRESS": "4380 MOHICAN-PRESCOTT XOVR", "CITY": "BATON ROUGE", "STATE": "LOUISIANA", "ZIP": 70805, "PHONE_NUMBER": null, "LATITUDE": 30.48597, "LONGITUDE": -91.14568 }, "geometry": { "type": "Point", "coordinates": [ -91.145686455900986, 30.485975036656018 ] } },
{ "type": "Feature", "properties": { "ID": 134278, "LANDMARK_NAME": "RENAISSANCE GATEWAY APARTMENTS", "FULL_ADDRESS": "650 N ARDENWOOD DR", "CITY": "BATON ROUGE", "STATE": "LOUISIANA", "ZIP": 70806, "PHONE_NUMBER": null, "LATITUDE": 30.45533, "LONGITUDE": -91.12561 }, "geometry": { "type": "Point", "coordinates": [ -91.125612261981217, 30.455337238640755 ] } },
{ "type": "Feature", "properties": { "ID": 134346, "LANDMARK_NAME": "JEFFERSON PLACE APARTMENTS", "FULL_ADDRESS": "7803 JEFFERSON PLACE BLVD", "CITY": "BATON ROUGE", "STATE": "LOUISIANA", "ZIP": 70809, "PHONE_NUMBER": null, "LATITUDE": 30.42025, "LONGITUDE": -91.1049 }, "geometry": { "type": "Point", "coordinates": [ -91.104905433459123, 30.420255683650247 ] } },
{ "type": "Feature", "properties": { "ID": 134412, "LANDMARK_NAME": "CHOCTAW LODGE APARTMENTS", "FULL_ADDRESS": "4115 MOHICAN-PRESCOTT XOVR, BLDG 7", "CITY": "BATON ROUGE", "STATE": "LOUISIANA", "ZIP": 70805, "PHONE_NUMBER": null, "LATITUDE": 30.48601, "LONGITUDE": -91.14899 }, "geometry": { "type": "Point", "coordinates": [ -91.148998873412793, 30.486014294619018 ] } },
{ "type": "Feature", "properties": { "ID": 134479, "LANDMARK_NAME": "BIRCHWOOD APARTMENTS", "FULL_ADDRESS": "155 RICHLAND AVE", "CITY": "BATON ROUGE", "STATE": "LOUISIANA", "ZIP": 70806, "PHONE_NUMBER": null, "LATITUDE": 30.44742, "LONGITUDE": -91.14797 }, "geometry": { "type": "Point", "coordinates": [ -91.147978985773008, 30.447425758668544 ] } },
{ "type": "Feature", "properties": { "ID": 134512, "LANDMARK_NAME": "SAVOY PLAZA APARTMENTS", "FULL_ADDRESS": "600 WOODDALE BLVD", "CITY": "BATON ROUGE", "STATE": "LOUISIANA", "ZIP": 70806, "PHONE_NUMBER": null, "LATITUDE": 30.45548, "LONGITUDE": -91.10519 }, "geometry": { "type": "Point", "coordinates": [ -91.10519498212328, 30.455488907302634 ] } },
{ "type": "Feature", "properties": { "ID": 134591, "LANDMARK_NAME": "APARTMENTS", "FULL_ADDRESS": "3285 N ARDENWOOD DR", "CITY": "BATON ROUGE", "STATE": "LOUISIANA", "ZIP": 70805, "PHONE_NUMBER": null, "LATITUDE": 30.47901, "LONGITUDE": -91.13056 }, "geometry": { "type": "Point", "coordinates": [ -91.130570070109584, 30.479013043178359 ] } },
{ "type": "Feature", "properties": { "ID": 134745, "LANDMARK_NAME": "MEADOWBROOK APARTMENTS", "FULL_ADDRESS": "3700 E BROOKSTOWN DR", "CITY": "BATON ROUGE", "STATE": "LOUISIANA", "ZIP": 70805, "PHONE_NUMBER": null, "LATITUDE": 30.48429, "LONGITUDE": -91.1268 }, "geometry": { "type": "Point", "coordinates": [ -91.126809071720999, 30.484297688997028 ] } },
{ "type": "Feature", "properties": { "ID": 134799, "LANDMARK_NAME": "APARTMENTS", "FULL_ADDRESS": "3259 N ARDENWOOD DR", "CITY": "BATON ROUGE", "STATE": "LOUISIANA", "ZIP": 70805, "PHONE_NUMBER": null, "LATITUDE": 30.47862, "LONGITUDE": -91.13058 }, "geometry": { "type": "Point", "coordinates": [ -91.130590451275111, 30.478626538609678 ] } },
{ "type": "Feature", "properties": { "ID": 134801, "LANDMARK_NAME": "APARTMENTS", "FULL_ADDRESS": "3231 N ARDENWOOD DR", "CITY": "BATON ROUGE", "STATE": "LOUISIANA", "ZIP": 70805, "PHONE_NUMBER": null, "LATITUDE": 30.47843, "LONGITUDE": -91.13056 }, "geometry": { "type": "Point", "coordinates": [ -91.130569223344381, 30.478439547246502 ] } },
{ "type": "Feature", "properties": { "ID": 135001, "LANDMARK_NAME": "CHOCTAW LODGE APARTMENTS", "FULL_ADDRESS": "4202 MOHICAN-PRESCOTT XOVR", "CITY": "BATON ROUGE", "STATE": "LOUISIANA", "ZIP": 70805, "PHONE_NUMBER": null, "LATITUDE": 30.48556, "LONGITUDE": -91.14745 }, "geometry": { "type": "Point", "coordinates": [ -91.147451012077411, 30.485564597129017 ] } },
{ "type": "Feature", "properties": { "ID": 135022, "LANDMARK_NAME": "APARTMENTS", "FULL_ADDRESS": "3270 GARNET DR", "CITY": "BATON ROUGE", "STATE": "LOUISIANA", "ZIP": 70805, "PHONE_NUMBER": null, "LATITUDE": 30.47878, "LONGITUDE": -91.13091 }, "geometry": { "type": "Point", "coordinates": [ -91.130919268151089, 30.478787601801184 ] } },
{ "type": "Feature", "properties": { "ID": 135442, "LANDMARK_NAME": "APARTMENTS", "FULL_ADDRESS": "7141 CALUMET ST", "CITY": "BATON ROUGE", "STATE": "LOUISIANA", "ZIP": 70805, "PHONE_NUMBER": null, "LATITUDE": 30.48162, "LONGITUDE": -91.11804 }, "geometry": { "type": "Point", "coordinates": [ -91.118049629828292, 30.481624501467476 ] } },
{ "type": "Feature", "properties": { "ID": 135513, "LANDMARK_NAME": "GRAND OAKS APARTMENTS", "FULL_ADDRESS": "450 CLOUD DR", "CITY": "BATON ROUGE", "STATE": "LOUISIANA", "ZIP": 70806, "PHONE_NUMBER": null, "LATITUDE": 30.44569, "LONGITUDE": -91.13265 }, "geometry": { "type": "Point", "coordinates": [ -91.132660616048312, 30.445692430687753 ] } },
{ "type": "Feature", "properties": { "ID": 135568, "LANDMARK_NAME": "VISTA APARTMENTS ", "FULL_ADDRESS": "3112 MISSION DR", "CITY": "BATON ROUGE", "STATE": "LOUISIANA", "ZIP": 70805, "PHONE_NUMBER": null, "LATITUDE": 30.47694, "LONGITUDE": -91.14439 }, "geometry": { "type": "Point", "coordinates": [ -91.144394895888368, 30.476948549430094 ] } },
{ "type": "Feature", "properties": { "ID": 135777, "LANDMARK_NAME": "PROVINCIAL NORTH APARTMENTS", "FULL_ADDRESS": "1203 N FOSTER DR", "CITY": "BATON ROUGE", "STATE": "LOUISIANA", "ZIP": 70806, "PHONE_NUMBER": null, "LATITUDE": 30.4599, "LONGITUDE": -91.13971 }, "geometry": { "type": "Point", "coordinates": [ -91.139715718790185, 30.459902315396786 ] } },
{ "type": "Feature", "properties": { "ID": 136146, "LANDMARK_NAME": "JEFFERSON APARTMENTS", "FULL_ADDRESS": "8155 JEFFERSON HWY", "CITY": "BATON ROUGE", "STATE": "LOUISIANA", "ZIP": 70809, "PHONE_NUMBER": null, "LATITUDE": 30.4234, "LONGITUDE": -91.10165 }, "geometry": { "type": "Point", "coordinates": [ -91.101655446506143, 30.423402188834597 ] } },
{ "type": "Feature", "properties": { "ID": 136249, "LANDMARK_NAME": "PATIO HOUSE APARTMENTS", "FULL_ADDRESS": "5150 CAPITAL HEIGHTS AVE", "CITY": "BATON ROUGE", "STATE": "LOUISIANA", "ZIP": 70806, "PHONE_NUMBER": null, "LATITUDE": 30.44238, "LONGITUDE": -91.13679 }, "geometry": { "type": "Point", "coordinates": [ -91.136798468004088, 30.442383204388342 ] } },
{ "type": "Feature", "properties": { "ID": 136376, "LANDMARK_NAME": "LONGWOOD COURT APARTMENTS", "FULL_ADDRESS": "434 LONGWOOD CT, APTS E-H", "CITY": "BATON ROUGE", "STATE": "LOUISIANA", "ZIP": 70806, "PHONE_NUMBER": null, "LATITUDE": 30.44473, "LONGITUDE": -91.14394 }, "geometry": { "type": "Point", "coordinates": [ -91.143946515945004, 30.444733173614782 ] } },
{ "type": "Feature", "properties": { "ID": 136589, "LANDMARK_NAME": "APARTMENTS", "FULL_ADDRESS": "426 LONGWOOD CT", "CITY": "BATON ROUGE", "STATE": "LOUISIANA", "ZIP": 70806, "PHONE_NUMBER": null, "LATITUDE": 30.44501, "LONGITUDE": -91.14393 }, "geometry": { "type": "Point", "coordinates": [ -91.143937123512003, 30.445014963716012 ] } },
{ "type": "Feature", "properties": { "ID": 136593, "LANDMARK_NAME": "LONGWOOD COURT APARTMENTS", "FULL_ADDRESS": "422 LONGWOOD CT, APTS A-D", "CITY": "BATON ROUGE", "STATE": "LOUISIANA", "ZIP": 70806, "PHONE_NUMBER": null, "LATITUDE": 30.44539, "LONGITUDE": -91.14393 }, "geometry": { "type": "Point", "coordinates": [ -91.143931344512367, 30.445390793604076 ] } },
{ "type": "Feature", "properties": { "ID": 136671, "LANDMARK_NAME": "APARTMENTS", "FULL_ADDRESS": "4201 MOHICAN-PRESCOTT XOVR", "CITY": "BATON ROUGE", "STATE": "LOUISIANA", "ZIP": 70805, "PHONE_NUMBER": null, "LATITUDE": 30.48636, "LONGITUDE": -91.14776 }, "geometry": { "type": "Point", "coordinates": [ -91.147769074838109, 30.486365801469873 ] } },
{ "type": "Feature", "properties": { "ID": 136743, "LANDMARK_NAME": "CHALET SOUTH APARTMENTS 2", "FULL_ADDRESS": "433 WEST DR", "CITY": "BATON ROUGE", "STATE": "LOUISIANA", "ZIP": 70806, "PHONE_NUMBER": null, "LATITUDE": 30.44501, "LONGITUDE": -91.1514 }, "geometry": { "type": "Point", "coordinates": [ -91.151406351495226, 30.445019667035329 ] } },
{ "type": "Feature", "properties": { "ID": 136806, "LANDMARK_NAME": "MAISON BOCAGE APARTMENTS AND TOWNHOMES", "FULL_ADDRESS": "7706 N JEFFERSON PLACE CIR", "CITY": "BATON ROUGE", "STATE": "LOUISIANA", "ZIP": 70809, "PHONE_NUMBER": null, "LATITUDE": 30.4213, "LONGITUDE": -91.10522 }, "geometry": { "type": "Point", "coordinates": [ -91.105226200822415, 30.421304381318038 ] } },
{ "type": "Feature", "properties": { "ID": 136929, "LANDMARK_NAME": "APARTMENTS", "FULL_ADDRESS": "5225 CAPITAL HEIGHTS AVE", "CITY": "BATON ROUGE", "STATE": "LOUISIANA", "ZIP": 70806, "PHONE_NUMBER": null, "LATITUDE": 30.4428, "LONGITUDE": -91.13621 }, "geometry": { "type": "Point", "coordinates": [ -91.136220249467229, 30.442806258724286 ] } },
{ "type": "Feature", "properties": { "ID": 136936, "LANDMARK_NAME": "STEELE BOULEVARD APARTMENTS", "FULL_ADDRESS": "447 STEELE BLVD", "CITY": "BATON ROUGE", "STATE": "LOUISIANA", "ZIP": 70806, "PHONE_NUMBER": null, "LATITUDE": 30.44487, "LONGITUDE": -91.15046 }, "geometry": { "type": "Point", "coordinates": [ -91.150467804024927, 30.44487696615754 ] } },
{ "type": "Feature", "properties": { "ID": 136953, "LANDMARK_NAME": "APARTMENTS", "FULL_ADDRESS": "3702 CAPITAL HEIGHTS AVE", "CITY": "BATON ROUGE", "STATE": "LOUISIANA", "ZIP": 70806, "PHONE_NUMBER": null, "LATITUDE": 30.44203, "LONGITUDE": -91.15139 }, "geometry": { "type": "Point", "coordinates": [ -91.151395383868746, 30.442037604773692 ] } },
{ "type": "Feature", "properties": { "ID": 137080, "LANDMARK_NAME": "BIENVILLE TOWER APARTMENTS", "FULL_ADDRESS": "2100 COLLEGE DR", "CITY": "BATON ROUGE", "STATE": "LOUISIANA", "ZIP": 70808, "PHONE_NUMBER": null, "LATITUDE": 30.42919, "LONGITUDE": -91.13538 }, "geometry": { "type": "Point", "coordinates": [ -91.135387300175154, 30.429193927979707 ] } },
{ "type": "Feature", "properties": { "ID": 137081, "LANDMARK_NAME": "BIENVILLE TOWER APARTMENTS", "FULL_ADDRESS": "2100 COLLEGE DR", "CITY": "BATON ROUGE", "STATE": "LOUISIANA", "ZIP": 70808, "PHONE_NUMBER": null, "LATITUDE": 30.42919, "LONGITUDE": -91.13538 }, "geometry": { "type": "Point", "coordinates": [ -91.135387300175154, 30.429193927979707 ] } },
{ "type": "Feature", "properties": { "ID": 137550, "LANDMARK_NAME": "APARTMENTS", "FULL_ADDRESS": "636 N 39TH ST", "CITY": "BATON ROUGE", "STATE": "LOUISIANA", "ZIP": 70802, "PHONE_NUMBER": null, "LATITUDE": 30.45404, "LONGITUDE": -91.15077 }, "geometry": { "type": "Point", "coordinates": [ -91.150776007867151, 30.45404712735035 ] } },
{ "type": "Feature", "properties": { "ID": 137574, "LANDMARK_NAME": "HOWELL PARK APARTMENTS", "FULL_ADDRESS": "3942 W BROOKSTOWN DR", "CITY": "BATON ROUGE", "STATE": "LOUISIANA", "ZIP": 70805, "PHONE_NUMBER": null, "LATITUDE": 30.48618, "LONGITUDE": -91.13243 }, "geometry": { "type": "Point", "coordinates": [ -91.132437216301781, 30.486186589819738 ] } },
{ "type": "Feature", "properties": { "ID": 137638, "LANDMARK_NAME": "PARK PLACE ON BARD APARTMENTS", "FULL_ADDRESS": "11352 BARD AVE", "CITY": "BATON ROUGE", "STATE": "LOUISIANA", "ZIP": 70815, "PHONE_NUMBER": null, "LATITUDE": 30.46783, "LONGITUDE": -91.05735 }, "geometry": { "type": "Point", "coordinates": [ -91.057358260925824, 30.467838961613062 ] } },
{ "type": "Feature", "properties": { "ID": 137739, "LANDMARK_NAME": "BROADMOOR PLANTATION APARTMENTS", "FULL_ADDRESS": "10550 FLORIDA BLVD", "CITY": "BATON ROUGE", "STATE": "LOUISIANA", "ZIP": 70815, "PHONE_NUMBER": null, "LATITUDE": 30.45639, "LONGITUDE": -91.06729 }, "geometry": { "type": "Point", "coordinates": [ -91.067291976607564, 30.456396896612695 ] } },
{ "type": "Feature", "properties": { "ID": 138043, "LANDMARK_NAME": "MANOR HOUSE APARTMENTS", "FULL_ADDRESS": "9228 FLORIDA BLVD", "CITY": "BATON ROUGE", "STATE": "LOUISIANA", "ZIP": 70815, "PHONE_NUMBER": null, "LATITUDE": 30.45361, "LONGITUDE": -91.08684 }, "geometry": { "type": "Point", "coordinates": [ -91.086844135158387, 30.45361853550542 ] } },
{ "type": "Feature", "properties": { "ID": 138107, "LANDMARK_NAME": "NEW BEGINNINGS APARTMENTS", "FULL_ADDRESS": "4274 MOHICAN-PRESCOTT XOVR", "CITY": "BATON ROUGE", "STATE": "LOUISIANA", "ZIP": 70805, "PHONE_NUMBER": null, "LATITUDE": 30.48577, "LONGITUDE": -91.1466 }, "geometry": { "type": "Point", "coordinates": [ -91.14660152938626, 30.485772699978373 ] } },
{ "type": "Feature", "properties": { "ID": 138108, "LANDMARK_NAME": "NEW BEGINNINGS APARTMENTS", "FULL_ADDRESS": "4270 MOHICAN-PRESCOTT XOVR", "CITY": "BATON ROUGE", "STATE": "LOUISIANA", "ZIP": 70805, "PHONE_NUMBER": null, "LATITUDE": 30.4856, "LONGITUDE": -91.14659 }, "geometry": { "type": "Point", "coordinates": [ -91.146595785013773, 30.485602275633905 ] } },
{ "type": "Feature", "properties": { "ID": 138218, "LANDMARK_NAME": "CHERRY CREEK APARTMENTS", "FULL_ADDRESS": "12606 LA BELLE AVE", "CITY": "BATON ROUGE", "STATE": "LOUISIANA", "ZIP": 70815, "PHONE_NUMBER": null, "LATITUDE": 30.46686, "LONGITUDE": -91.04257 }, "geometry": { "type": "Point", "coordinates": [ -91.042574605262161, 30.466861685792122 ] } },
{ "type": "Feature", "properties": { "ID": 138329, "LANDMARK_NAME": "FAIRWOOD APARTMENTS 1", "FULL_ADDRESS": "3779 EATON ST", "CITY": "BATON ROUGE", "STATE": "LOUISIANA", "ZIP": 70805, "PHONE_NUMBER": null, "LATITUDE": 30.4834, "LONGITUDE": -91.14724 }, "geometry": { "type": "Point", "coordinates": [ -91.147248348540145, 30.483410308779554 ] } },
{ "type": "Feature", "properties": { "ID": 138336, "LANDMARK_NAME": "NEW BEGINNINGS APARTMENTS", "FULL_ADDRESS": "4250 MOHICAN-PRESCOTT XOVR", "CITY": "BATON ROUGE", "STATE": "LOUISIANA", "ZIP": 70805, "PHONE_NUMBER": null, "LATITUDE": 30.48589, "LONGITUDE": -91.14718 }, "geometry": { "type": "Point", "coordinates": [ -91.147182413734825, 30.48589124037931 ] } },
{ "type": "Feature", "properties": { "ID": 138435, "LANDMARK_NAME": "EDEN POINT APARTMENTS", "FULL_ADDRESS": "11528 OLD HAMMOND HWY", "CITY": "BATON ROUGE", "STATE": "LOUISIANA", "ZIP": 70816, "PHONE_NUMBER": null, "LATITUDE": 30.43597, "LONGITUDE": -91.05509 }, "geometry": { "type": "Point", "coordinates": [ -91.055093547834616, 30.435970497684796 ] } },
{ "type": "Feature", "properties": { "ID": 138573, "LANDMARK_NAME": "VILLA D'ESTE APARTMENTS 2", "FULL_ADDRESS": "429 EAST DR", "CITY": "BATON ROUGE", "STATE": "LOUISIANA", "ZIP": 70806, "PHONE_NUMBER": null, "LATITUDE": 30.4452, "LONGITUDE": -91.14916 }, "geometry": { "type": "Point", "coordinates": [ -91.149170516898664, 30.445202115046069 ] } },
{ "type": "Feature", "properties": { "ID": 138633, "LANDMARK_NAME": "CRILLON APARTMENTS 1", "FULL_ADDRESS": "1050 N FOSTER DR", "CITY": "BATON ROUGE", "STATE": "LOUISIANA", "ZIP": 70806, "PHONE_NUMBER": null, "LATITUDE": 30.4579, "LONGITUDE": -91.13898 }, "geometry": { "type": "Point", "coordinates": [ -91.138986052156895, 30.457907556739649 ] } },
{ "type": "Feature", "properties": { "ID": 138704, "LANDMARK_NAME": "CHERRY CREEK APARTMENTS", "FULL_ADDRESS": "12626 LA BELLE AVE", "CITY": "BATON ROUGE", "STATE": "LOUISIANA", "ZIP": 70815, "PHONE_NUMBER": null, "LATITUDE": 30.46684, "LONGITUDE": -91.04233 }, "geometry": { "type": "Point", "coordinates": [ -91.042334987756021, 30.466847435607104 ] } },
{ "type": "Feature", "properties": { "ID": 138721, "LANDMARK_NAME": "PINE GROVE APARTMENTS", "FULL_ADDRESS": "11440 BARD AVE", "CITY": "BATON ROUGE", "STATE": "LOUISIANA", "ZIP": 70815, "PHONE_NUMBER": null, "LATITUDE": 30.46762, "LONGITUDE": -91.05594 }, "geometry": { "type": "Point", "coordinates": [ -91.055943085465287, 30.467628726317972 ] } },
{ "type": "Feature", "properties": { "ID": 138757, "LANDMARK_NAME": "CHERRY CREEK APARTMENTS", "FULL_ADDRESS": "12627 WARFIELD ST", "CITY": "BATON ROUGE", "STATE": "LOUISIANA", "ZIP": 70815, "PHONE_NUMBER": null, "LATITUDE": 30.46659, "LONGITUDE": -91.04247 }, "geometry": { "type": "Point", "coordinates": [ -91.042476879490621, 30.46659453398744 ] } },
{ "type": "Feature", "properties": { "ID": 138759, "LANDMARK_NAME": "CHERRY CREEK APARTMENTS", "FULL_ADDRESS": "1730 N MARQUE ANN DR", "CITY": "BATON ROUGE", "STATE": "LOUISIANA", "ZIP": 70815, "PHONE_NUMBER": null, "LATITUDE": 30.46884, "LONGITUDE": -91.0426 }, "geometry": { "type": "Point", "coordinates": [ -91.042604325953704, 30.468846354992298 ] } },
{ "type": "Feature", "properties": { "ID": 138760, "LANDMARK_NAME": "CHERRY CREEK APARTMENTS", "FULL_ADDRESS": "1658 N MARQUE ANN DR", "CITY": "BATON ROUGE", "STATE": "LOUISIANA", "ZIP": 70815, "PHONE_NUMBER": null, "LATITUDE": 30.46827, "LONGITUDE": -91.04261 }, "geometry": { "type": "Point", "coordinates": [ -91.042611554576737, 30.468277718613106 ] } },
{ "type": "Feature", "properties": { "ID": 139251, "LANDMARK_NAME": "CHERRY CREEK APARTMENTS", "FULL_ADDRESS": "1526 N MARQUE ANN DR", "CITY": "BATON ROUGE", "STATE": "LOUISIANA", "ZIP": 70815, "PHONE_NUMBER": null, "LATITUDE": 30.46737, "LONGITUDE": -91.04255 }, "geometry": { "type": "Point", "coordinates": [ -91.0425516917999, 30.467372562284019 ] } },
{ "type": "Feature", "properties": { "ID": 139379, "LANDMARK_NAME": "FAIRWOOD APARTMENTS 3", "FULL_ADDRESS": "4207 CHARLES ST", "CITY": "BATON ROUGE", "STATE": "LOUISIANA", "ZIP": 70805, "PHONE_NUMBER": null, "LATITUDE": 30.48211, "LONGITUDE": -91.1472 }, "geometry": { "type": "Point", "coordinates": [ -91.147206904965969, 30.48211829209324 ] } },
{ "type": "Feature", "properties": { "ID": 139380, "LANDMARK_NAME": "NEW BEGINNINGS APARTMENTS", "FULL_ADDRESS": "4258 MOHICAN-PRESCOTT XOVR", "CITY": "BATON ROUGE", "STATE": "LOUISIANA", "ZIP": 70805, "PHONE_NUMBER": null, "LATITUDE": 30.48557, "LONGITUDE": -91.14719 }, "geometry": { "type": "Point", "coordinates": [ -91.147195232485743, 30.48558018070489 ] } },
{ "type": "Feature", "properties": { "ID": 139381, "LANDMARK_NAME": "FAIRWOOD APARTMENTS 2", "FULL_ADDRESS": "3815 EATON ST", "CITY": "BATON ROUGE", "STATE": "LOUISIANA", "ZIP": 70805, "PHONE_NUMBER": null, "LATITUDE": 30.48391, "LONGITUDE": -91.14726 }, "geometry": { "type": "Point", "coordinates": [ -91.147266165623932, 30.483914497998281 ] } },
{ "type": "Feature", "properties": { "ID": 139495, "LANDMARK_NAME": "OLE TOWNE APARTMENTS", "FULL_ADDRESS": "1621 COLLEGE DR", "CITY": "BATON ROUGE", "STATE": "LOUISIANA", "ZIP": 70808, "PHONE_NUMBER": null, "LATITUDE": 30.43424, "LONGITUDE": -91.13364 }, "geometry": { "type": "Point", "coordinates": [ -91.133644594519922, 30.434241812239353 ] } },
{ "type": "Feature", "properties": { "ID": 139708, "LANDMARK_NAME": "LONGWOOD COURT APARTMENTS", "FULL_ADDRESS": "433 LONGWOOD CT, APTS A-D", "CITY": "BATON ROUGE", "STATE": "LOUISIANA", "ZIP": 70806, "PHONE_NUMBER": null, "LATITUDE": 30.44486, "LONGITUDE": -91.14336 }, "geometry": { "type": "Point", "coordinates": [ -91.143367628524018, 30.444869805067132 ] } },
{ "type": "Feature", "properties": { "ID": 139973, "LANDMARK_NAME": "CRILLON APARTMENTS 2", "FULL_ADDRESS": "1138 N FOSTER DR", "CITY": "BATON ROUGE", "STATE": "LOUISIANA", "ZIP": 70806, "PHONE_NUMBER": null, "LATITUDE": 30.45926, "LONGITUDE": -91.13888 }, "geometry": { "type": "Point", "coordinates": [ -91.138886675301961, 30.459266605750532 ] } },
{ "type": "Feature", "properties": { "ID": 140054, "LANDMARK_NAME": "CHERRY CREEK APARTMENTS", "FULL_ADDRESS": "1809 N HARCO DR", "CITY": "BATON ROUGE", "STATE": "LOUISIANA", "ZIP": 70815, "PHONE_NUMBER": null, "LATITUDE": 30.46943, "LONGITUDE": -91.04224 }, "geometry": { "type": "Point", "coordinates": [ -91.042245308348583, 30.469431750387784 ] } },
{ "type": "Feature", "properties": { "ID": 140056, "LANDMARK_NAME": "CHERRY CREEK APARTMENTS", "FULL_ADDRESS": "1737 N HARCO DR", "CITY": "BATON ROUGE", "STATE": "LOUISIANA", "ZIP": 70815, "PHONE_NUMBER": null, "LATITUDE": 30.46883, "LONGITUDE": -91.04225 }, "geometry": { "type": "Point", "coordinates": [ -91.042252369320522, 30.468833285721267 ] } },
{ "type": "Feature", "properties": { "ID": 140057, "LANDMARK_NAME": "CHERRY CREEK APARTMENTS", "FULL_ADDRESS": "1615 N HARCO DR", "CITY": "BATON ROUGE", "STATE": "LOUISIANA", "ZIP": 70815, "PHONE_NUMBER": null, "LATITUDE": 30.46768, "LONGITUDE": -91.04224 }, "geometry": { "type": "Point", "coordinates": [ -91.042241032367343, 30.467687497368331 ] } },
{ "type": "Feature", "properties": { "ID": 140058, "LANDMARK_NAME": "CHERRY CREEK APARTMENTS", "FULL_ADDRESS": "1655 N HARCO DR", "CITY": "BATON ROUGE", "STATE": "LOUISIANA", "ZIP": 70815, "PHONE_NUMBER": null, "LATITUDE": 30.46826, "LONGITUDE": -91.04223 }, "geometry": { "type": "Point", "coordinates": [ -91.042240264408193, 30.468266111474733 ] } },
{ "type": "Feature", "properties": { "ID": 140105, "LANDMARK_NAME": "CHERRY CREEK APARTMENTS", "FULL_ADDRESS": "1710 N MARQUE ANN DR", "CITY": "BATON ROUGE", "STATE": "LOUISIANA", "ZIP": 70815, "PHONE_NUMBER": null, "LATITUDE": 30.46859, "LONGITUDE": -91.04265 }, "geometry": { "type": "Point", "coordinates": [ -91.042651112728606, 30.46859134901775 ] } },
{ "type": "Feature", "properties": { "ID": 140635, "LANDMARK_NAME": "CLASSIC HEIGHTS APARTMENTS 2", "FULL_ADDRESS": "11445 BARD AVE", "CITY": "BATON ROUGE", "STATE": "LOUISIANA", "ZIP": 70815, "PHONE_NUMBER": null, "LATITUDE": 30.46822, "LONGITUDE": -91.05588 }, "geometry": { "type": "Point", "coordinates": [ -91.055887978966965, 30.468226625520437 ] } },
{ "type": "Feature", "properties": { "ID": 140732, "LANDMARK_NAME": "KINGSTON POINT APARTMENTS", "FULL_ADDRESS": "1919 BOULEVARD DE PROVINCE", "CITY": "BATON ROUGE", "STATE": "LOUISIANA", "ZIP": 70816, "PHONE_NUMBER": null, "LATITUDE": 30.43444, "LONGITUDE": -91.04464 }, "geometry": { "type": "Point", "coordinates": [ -91.044646300790063, 30.434440944158752 ] } },
{ "type": "Feature", "properties": { "ID": 140753, "LANDMARK_NAME": "LONGWOOD COURT APARTMENTS", "FULL_ADDRESS": "425 LONGWOOD CT, STE A", "CITY": "BATON ROUGE", "STATE": "LOUISIANA", "ZIP": 70806, "PHONE_NUMBER": null, "LATITUDE": 30.44511, "LONGITUDE": -91.14335 }, "geometry": { "type": "Point", "coordinates": [ -91.143357020847361, 30.445114939149008 ] } },
{ "type": "Feature", "properties": { "ID": 141038, "LANDMARK_NAME": "APARTMENTS", "FULL_ADDRESS": "317 EAST DR", "CITY": "BATON ROUGE", "STATE": "LOUISIANA", "ZIP": 70806, "PHONE_NUMBER": null, "LATITUDE": 30.44624, "LONGITUDE": -91.14913 }, "geometry": { "type": "Point", "coordinates": [ -91.149132548553268, 30.446242488709053 ] } },
{ "type": "Feature", "properties": { "ID": 141096, "LANDMARK_NAME": "CHERRY CREEK APARTMENTS", "FULL_ADDRESS": "1812 N MARQUE ANN DR", "CITY": "BATON ROUGE", "STATE": "LOUISIANA", "ZIP": 70815, "PHONE_NUMBER": null, "LATITUDE": 30.46943, "LONGITUDE": -91.04257 }, "geometry": { "type": "Point", "coordinates": [ -91.042580391989944, 30.469436738779653 ] } },
{ "type": "Feature", "properties": { "ID": 141097, "LANDMARK_NAME": "CHERRY CREEK APARTMENTS", "FULL_ADDRESS": "1618 N MARQUE ANN DR", "CITY": "BATON ROUGE", "STATE": "LOUISIANA", "ZIP": 70815, "PHONE_NUMBER": null, "LATITUDE": 30.46769, "LONGITUDE": -91.04257 }, "geometry": { "type": "Point", "coordinates": [ -91.042573068255479, 30.467691771860068 ] } },
{ "type": "Feature", "properties": { "ID": 141249, "LANDMARK_NAME": "PARK EAST APARTMENTS", "FULL_ADDRESS": "567 SHARP LN", "CITY": "BATON ROUGE", "STATE": "LOUISIANA", "ZIP": 70815, "PHONE_NUMBER": null, "LATITUDE": 30.45812, "LONGITUDE": -91.07299 }, "geometry": { "type": "Point", "coordinates": [ -91.072993500167939, 30.458127033308312 ] } },
{ "type": "Feature", "properties": { "ID": 141250, "LANDMARK_NAME": "PARK EAST APARTMENTS", "FULL_ADDRESS": "567 SHARP LN", "CITY": "BATON ROUGE", "STATE": "LOUISIANA", "ZIP": 70815, "PHONE_NUMBER": null, "LATITUDE": 30.45812, "LONGITUDE": -91.07299 }, "geometry": { "type": "Point", "coordinates": [ -91.072993500167939, 30.458127033308312 ] } },
{ "type": "Feature", "properties": { "ID": 141330, "LANDMARK_NAME": "LODGE APARTMENTS ", "FULL_ADDRESS": "5459 PRESCOTT RD", "CITY": "BATON ROUGE", "STATE": "LOUISIANA", "ZIP": 70805, "PHONE_NUMBER": null, "LATITUDE": 30.4887, "LONGITUDE": -91.13547 }, "geometry": { "type": "Point", "coordinates": [ -91.135474788008821, 30.488706291678614 ] } },
{ "type": "Feature", "properties": { "ID": 141473, "LANDMARK_NAME": "PARK EAST II APARTMENTS", "FULL_ADDRESS": "655 SHARP LN", "CITY": "BATON ROUGE", "STATE": "LOUISIANA", "ZIP": 70815, "PHONE_NUMBER": null, "LATITUDE": 30.45871, "LONGITUDE": -91.07284 }, "geometry": { "type": "Point", "coordinates": [ -91.072849111151427, 30.458710749686794 ] } },
{ "type": "Feature", "properties": { "ID": 141529, "LANDMARK_NAME": "SHERWOOD MEADOWS APARTMENTS", "FULL_ADDRESS": "2157 SHERWOOD MEADOW DR", "CITY": "BATON ROUGE", "STATE": "LOUISIANA", "ZIP": 70816, "PHONE_NUMBER": null, "LATITUDE": 30.43328, "LONGITUDE": -91.05179 }, "geometry": { "type": "Point", "coordinates": [ -91.051796896173656, 30.433286904201804 ] } },
{ "type": "Feature", "properties": { "ID": 141568, "LANDMARK_NAME": "APARTMENTS", "FULL_ADDRESS": "9121 GREAT SMOKY AVE", "CITY": "BATON ROUGE", "STATE": "LOUISIANA", "ZIP": 70814, "PHONE_NUMBER": null, "LATITUDE": 30.47636, "LONGITUDE": -91.08681 }, "geometry": { "type": "Point", "coordinates": [ -91.086818652163885, 30.47636539825146 ] } },
{ "type": "Feature", "properties": { "ID": 141576, "LANDMARK_NAME": "APARTMENTS", "FULL_ADDRESS": "9116 GREAT SMOKY AVE, BLDG C", "CITY": "BATON ROUGE", "STATE": "LOUISIANA", "ZIP": 70814, "PHONE_NUMBER": null, "LATITUDE": 30.47579, "LONGITUDE": -91.0868 }, "geometry": { "type": "Point", "coordinates": [ -91.086807280815606, 30.475799582541978 ] } },
{ "type": "Feature", "properties": { "ID": 141649, "LANDMARK_NAME": "APARTMENTS", "FULL_ADDRESS": "9084 GREAT SMOKY AVE", "CITY": "BATON ROUGE", "STATE": "LOUISIANA", "ZIP": 70814, "PHONE_NUMBER": null, "LATITUDE": 30.47582, "LONGITUDE": -91.08762 }, "geometry": { "type": "Point", "coordinates": [ -91.087625789595734, 30.475824962394817 ] } },
{ "type": "Feature", "properties": { "ID": 141709, "LANDMARK_NAME": "APARTMENTS", "FULL_ADDRESS": "219 SHIP DR", "CITY": "BATON ROUGE", "STATE": "LOUISIANA", "ZIP": 70806, "PHONE_NUMBER": null, "LATITUDE": 30.44954, "LONGITUDE": -91.11559 }, "geometry": { "type": "Point", "coordinates": [ -91.115596743811253, 30.449547166558695 ] } },
{ "type": "Feature", "properties": { "ID": 142157, "LANDMARK_NAME": "APARTMENTS", "FULL_ADDRESS": "7808 LASALLE AVE", "CITY": "BATON ROUGE", "STATE": "LOUISIANA", "ZIP": 70806, "PHONE_NUMBER": null, "LATITUDE": 30.43497, "LONGITUDE": -91.10726 }, "geometry": { "type": "Point", "coordinates": [ -91.107267458439424, 30.434978900717201 ] } },
{ "type": "Feature", "properties": { "ID": 142749, "LANDMARK_NAME": "APARTMENTS", "FULL_ADDRESS": "9328 GREAT SMOKY AVE", "CITY": "BATON ROUGE", "STATE": "LOUISIANA", "ZIP": 70814, "PHONE_NUMBER": null, "LATITUDE": 30.47582, "LONGITUDE": -91.08451 }, "geometry": { "type": "Point", "coordinates": [ -91.084516594276593, 30.475829941815054 ] } },
{ "type": "Feature", "properties": { "ID": 142954, "LANDMARK_NAME": "MAGNOLIA TRACE APARTMENTS", "FULL_ADDRESS": "11585 N HARRELL'S FERRY RD", "CITY": "BATON ROUGE", "STATE": "LOUISIANA", "ZIP": 70816, "PHONE_NUMBER": null, "LATITUDE": 30.43396, "LONGITUDE": -91.05376 }, "geometry": { "type": "Point", "coordinates": [ -91.05376963134384, 30.433960687977855 ] } },
{ "type": "Feature", "properties": { "ID": 142987, "LANDMARK_NAME": "BROADMOOR PLANTATION APARTMENTS", "FULL_ADDRESS": "10530 FLORIDA BLVD", "CITY": "BATON ROUGE", "STATE": "LOUISIANA", "ZIP": 70815, "PHONE_NUMBER": null, "LATITUDE": 30.45554, "LONGITUDE": -91.06752 }, "geometry": { "type": "Point", "coordinates": [ -91.067524041502253, 30.455540613194447 ] } },
{ "type": "Feature", "properties": { "ID": 142988, "LANDMARK_NAME": "BROADMOOR PLANTATION APARTMENTS", "FULL_ADDRESS": "10530 FLORIDA BLVD", "CITY": "BATON ROUGE", "STATE": "LOUISIANA", "ZIP": 70815, "PHONE_NUMBER": null, "LATITUDE": 30.45554, "LONGITUDE": -91.06752 }, "geometry": { "type": "Point", "coordinates": [ -91.067524041502253, 30.455540613194447 ] } },
{ "type": "Feature", "properties": { "ID": 142989, "LANDMARK_NAME": "BROADMOOR PLANTATION APARTMENTS", "FULL_ADDRESS": "10530 FLORIDA BLVD", "CITY": "BATON ROUGE", "STATE": "LOUISIANA", "ZIP": 70815, "PHONE_NUMBER": null, "LATITUDE": 30.45554, "LONGITUDE": -91.06752 }, "geometry": { "type": "Point", "coordinates": [ -91.067524041502253, 30.455540613194447 ] } },
{ "type": "Feature", "properties": { "ID": 142990, "LANDMARK_NAME": "BROADMOOR PLANTATION APARTMENTS", "FULL_ADDRESS": "10530 FLORIDA BLVD", "CITY": "BATON ROUGE", "STATE": "LOUISIANA", "ZIP": 70815, "PHONE_NUMBER": null, "LATITUDE": 30.45554, "LONGITUDE": -91.06752 }, "geometry": { "type": "Point", "coordinates": [ -91.067524041502253, 30.455540613194447 ] } },
{ "type": "Feature", "properties": { "ID": 142991, "LANDMARK_NAME": "BROADMOOR PLANTATION APARTMENTS", "FULL_ADDRESS": "10530 FLORIDA BLVD", "CITY": "BATON ROUGE", "STATE": "LOUISIANA", "ZIP": 70815, "PHONE_NUMBER": null, "LATITUDE": 30.45554, "LONGITUDE": -91.06752 }, "geometry": { "type": "Point", "coordinates": [ -91.067524041502253, 30.455540613194447 ] } },
{ "type": "Feature", "properties": { "ID": 143180, "LANDMARK_NAME": "APARTMENTS", "FULL_ADDRESS": "9145 GREAT SMOKY AVE", "CITY": "BATON ROUGE", "STATE": "LOUISIANA", "ZIP": 70814, "PHONE_NUMBER": null, "LATITUDE": 30.47638, "LONGITUDE": -91.08641 }, "geometry": { "type": "Point", "coordinates": [ -91.086412019431265, 30.476383744919065 ] } },
{ "type": "Feature", "properties": { "ID": 143863, "LANDMARK_NAME": "APARTMENTS", "FULL_ADDRESS": "9215 GREAT SMOKY AVE", "CITY": "BATON ROUGE", "STATE": "LOUISIANA", "ZIP": 70814, "PHONE_NUMBER": null, "LATITUDE": 30.47634, "LONGITUDE": -91.086 }, "geometry": { "type": "Point", "coordinates": [ -91.086001585548857, 30.476342596041309 ] } },
{ "type": "Feature", "properties": { "ID": 144222, "LANDMARK_NAME": "WARREN HOUSE APARTMENTS", "FULL_ADDRESS": "7626 AIRLINE HWY", "CITY": "BATON ROUGE", "STATE": "LOUISIANA", "ZIP": 70814, "PHONE_NUMBER": null, "LATITUDE": 30.47442, "LONGITUDE": -91.11277 }, "geometry": { "type": "Point", "coordinates": [ -91.112779904568399, 30.474421994783512 ] } },
{ "type": "Feature", "properties": { "ID": 144302, "LANDMARK_NAME": "SUMMERSET SQUARE APARTMENTS", "FULL_ADDRESS": "11417 STAN AVE", "CITY": "BATON ROUGE", "STATE": "LOUISIANA", "ZIP": 70815, "PHONE_NUMBER": null, "LATITUDE": 30.47029, "LONGITUDE": -91.05652 }, "geometry": { "type": "Point", "coordinates": [ -91.056529534101259, 30.470292112464314 ] } },
{ "type": "Feature", "properties": { "ID": 144749, "LANDMARK_NAME": "BROADMOOR VIP APARTMENTS", "FULL_ADDRESS": "9262 FLORIDA BLVD", "CITY": "BATON ROUGE", "STATE": "LOUISIANA", "ZIP": 70815, "PHONE_NUMBER": null, "LATITUDE": 30.45369, "LONGITUDE": -91.08572 }, "geometry": { "type": "Point", "coordinates": [ -91.085721718580345, 30.453700155512426 ] } },
{ "type": "Feature", "properties": { "ID": 145065, "LANDMARK_NAME": "MAISON BOCAGE APARTMENTS AND TOWNHOMES", "FULL_ADDRESS": "7702 JEFFERSON PLACE BLVD", "CITY": "BATON ROUGE", "STATE": "LOUISIANA", "ZIP": 70809, "PHONE_NUMBER": null, "LATITUDE": 30.41995, "LONGITUDE": -91.1057 }, "geometry": { "type": "Point", "coordinates": [ -91.105709694829997, 30.4199510051548 ] } },
{ "type": "Feature", "properties": { "ID": 145077, "LANDMARK_NAME": "BROWNLEE APARTMENTS 3", "FULL_ADDRESS": "2467 BROWNLEE ST", "CITY": "BATON ROUGE", "STATE": "LOUISIANA", "ZIP": 70808, "PHONE_NUMBER": null, "LATITUDE": 30.4262, "LONGITUDE": -91.13993 }, "geometry": { "type": "Point", "coordinates": [ -91.139934665342537, 30.426202788731363 ] } },
{ "type": "Feature", "properties": { "ID": 145244, "LANDMARK_NAME": "APARTMENTS", "FULL_ADDRESS": "9562 TRACY AVE", "CITY": "BATON ROUGE", "STATE": "LOUISIANA", "ZIP": 70814, "PHONE_NUMBER": null, "LATITUDE": 30.49109, "LONGITUDE": -91.08189 }, "geometry": { "type": "Point", "coordinates": [ -91.081900589531202, 30.491090802681377 ] } },
{ "type": "Feature", "properties": { "ID": 145407, "LANDMARK_NAME": "SUMMER GROVE APARTMENTS 1", "FULL_ADDRESS": "12020 FLORIDA BLVD", "CITY": "BATON ROUGE", "STATE": "LOUISIANA", "ZIP": 70815, "PHONE_NUMBER": null, "LATITUDE": 30.45896, "LONGITUDE": -91.04944 }, "geometry": { "type": "Point", "coordinates": [ -91.049444090319682, 30.458968192938016 ] } },
{ "type": "Feature", "properties": { "ID": 145865, "LANDMARK_NAME": "PARK REGENCY APARTMENTS", "FULL_ADDRESS": "260 SHARP RD", "CITY": "BATON ROUGE", "STATE": "LOUISIANA", "ZIP": 70815, "PHONE_NUMBER": null, "LATITUDE": 30.4548, "LONGITUDE": -91.07255 }, "geometry": { "type": "Point", "coordinates": [ -91.072554017020678, 30.454803238533579 ] } },
{ "type": "Feature", "properties": { "ID": 146058, "LANDMARK_NAME": "JACKSON SQUARE APARTMENTS", "FULL_ADDRESS": "6777 REMBRANDT AVE", "CITY": "BATON ROUGE", "STATE": "LOUISIANA", "ZIP": 70806, "PHONE_NUMBER": null, "LATITUDE": 30.45854, "LONGITUDE": -91.12115 }, "geometry": { "type": "Point", "coordinates": [ -91.121155038302234, 30.458549543382176 ] } },
{ "type": "Feature", "properties": { "ID": 146060, "LANDMARK_NAME": "HARRY DR EFFICIENCY APARTMENTS", "FULL_ADDRESS": "6764 REMBRANDT AVE", "CITY": "BATON ROUGE", "STATE": "LOUISIANA", "ZIP": 70806, "PHONE_NUMBER": null, "LATITUDE": 30.4578, "LONGITUDE": -91.1216 }, "geometry": { "type": "Point", "coordinates": [ -91.121601821560532, 30.457804628583837 ] } },
{ "type": "Feature", "properties": { "ID": 146061, "LANDMARK_NAME": "HARRY DR EFFICIENCY APARTMENTS", "FULL_ADDRESS": "6761 HARRY DR", "CITY": "BATON ROUGE", "STATE": "LOUISIANA", "ZIP": 70806, "PHONE_NUMBER": null, "LATITUDE": 30.45734, "LONGITUDE": -91.12157 }, "geometry": { "type": "Point", "coordinates": [ -91.121577517518162, 30.457475447865491 ] } },
{ "type": "Feature", "properties": { "ID": 146062, "LANDMARK_NAME": "BEAU CHATEAU APARTMENTS", "FULL_ADDRESS": "6745 HARRY DR", "CITY": "BATON ROUGE", "STATE": "LOUISIANA", "ZIP": 70806, "PHONE_NUMBER": null, "LATITUDE": 30.45732, "LONGITUDE": -91.12195 }, "geometry": { "type": "Point", "coordinates": [ -91.121951641829938, 30.457327051992138 ] } },
{ "type": "Feature", "properties": { "ID": 146063, "LANDMARK_NAME": "MELROSE MANOR II APARTMENTS", "FULL_ADDRESS": "6737 HARRY DR", "CITY": "BATON ROUGE", "STATE": "LOUISIANA", "ZIP": 70806, "PHONE_NUMBER": null, "LATITUDE": 30.45739, "LONGITUDE": -91.12212 }, "geometry": { "type": "Point", "coordinates": [ -91.122129368957076, 30.457392651708727 ] } },
{ "type": "Feature", "properties": { "ID": 146064, "LANDMARK_NAME": "WINDSOR APARTMENTS ", "FULL_ADDRESS": "6782 REMBRANDT AVE", "CITY": "BATON ROUGE", "STATE": "LOUISIANA", "ZIP": 70806, "PHONE_NUMBER": null, "LATITUDE": 30.45758, "LONGITUDE": -91.12113 }, "geometry": { "type": "Point", "coordinates": [ -91.121138069446729, 30.457586045500928 ] } },
{ "type": "Feature", "properties": { "ID": 146065, "LANDMARK_NAME": "CABANA GARDENS APARTMENTS", "FULL_ADDRESS": "6875 HARRY DR", "CITY": "BATON ROUGE", "STATE": "LOUISIANA", "ZIP": 70806, "PHONE_NUMBER": null, "LATITUDE": 30.45761, "LONGITUDE": -91.12077 }, "geometry": { "type": "Point", "coordinates": [ -91.120773627581769, 30.457620279615803 ] } },
{ "type": "Feature", "properties": { "ID": 146066, "LANDMARK_NAME": "GEORGETOWN APARTMENTS 4", "FULL_ADDRESS": "791 N CARROLLTON AVE", "CITY": "BATON ROUGE", "STATE": "LOUISIANA", "ZIP": 70806, "PHONE_NUMBER": null, "LATITUDE": 30.4566, "LONGITUDE": -91.12416 }, "geometry": { "type": "Point", "coordinates": [ -91.124165811658557, 30.456609556883869 ] } },
{ "type": "Feature", "properties": { "ID": 146067, "LANDMARK_NAME": "GEORGETOWN APARTMENTS 3", "FULL_ADDRESS": "749 N CARROLLTON AVE", "CITY": "BATON ROUGE", "STATE": "LOUISIANA", "ZIP": 70806, "PHONE_NUMBER": null, "LATITUDE": 30.4562, "LONGITUDE": -91.12414 }, "geometry": { "type": "Point", "coordinates": [ -91.124149052422993, 30.4562049053255 ] } },
{ "type": "Feature", "properties": { "ID": 146068, "LANDMARK_NAME": "GEORGETOWN APARTMENTS 2", "FULL_ADDRESS": "683 N CARROLLTON AVE", "CITY": "BATON ROUGE", "STATE": "LOUISIANA", "ZIP": 70806, "PHONE_NUMBER": null, "LATITUDE": 30.45578, "LONGITUDE": -91.12396 }, "geometry": { "type": "Point", "coordinates": [ -91.123962892561906, 30.455783032929158 ] } },
{ "type": "Feature", "properties": { "ID": 146320, "LANDMARK_NAME": "CHARLESTOWN & GEORGETOWN APARTMENTS", "FULL_ADDRESS": "825 N CARROLLTON AVE", "CITY": "BATON ROUGE", "STATE": "LOUISIANA", "ZIP": 70806, "PHONE_NUMBER": null, "LATITUDE": 30.45717, "LONGITUDE": -91.12415 }, "geometry": { "type": "Point", "coordinates": [ -91.124159974820657, 30.457180093543606 ] } },
{ "type": "Feature", "properties": { "ID": 146363, "LANDMARK_NAME": "CHERRY CREEK APARTMENTS", "FULL_ADDRESS": "1701 N HARCO DR", "CITY": "BATON ROUGE", "STATE": "LOUISIANA", "ZIP": 70815, "PHONE_NUMBER": null, "LATITUDE": 30.46859, "LONGITUDE": -91.04216 }, "geometry": { "type": "Point", "coordinates": [ -91.042169279774342, 30.468591502651702 ] } },
{ "type": "Feature", "properties": { "ID": 146368, "LANDMARK_NAME": "CHERRY CREEK APARTMENTS", "FULL_ADDRESS": "12646 LA BELLE AVE", "CITY": "BATON ROUGE", "STATE": "LOUISIANA", "ZIP": 70815, "PHONE_NUMBER": null, "LATITUDE": 30.46674, "LONGITUDE": -91.04197 }, "geometry": { "type": "Point", "coordinates": [ -91.041975975014864, 30.466744118083227 ] } },
{ "type": "Feature", "properties": { "ID": 146670, "LANDMARK_NAME": "APARTMENTS", "FULL_ADDRESS": "9209 GREAT SMOKY AVE", "CITY": "BATON ROUGE", "STATE": "LOUISIANA", "ZIP": 70814, "PHONE_NUMBER": null, "LATITUDE": 30.47634, "LONGITUDE": -91.0862 }, "geometry": { "type": "Point", "coordinates": [ -91.086209281921938, 30.476344664737592 ] } },
{ "type": "Feature", "properties": { "ID": 146935, "LANDMARK_NAME": "APARTMENTS", "FULL_ADDRESS": "9135 GREAT SMOKY AVE, STE A-D", "CITY": "BATON ROUGE", "STATE": "LOUISIANA", "ZIP": 70814, "PHONE_NUMBER": null, "LATITUDE": 30.47638, "LONGITUDE": -91.08662 }, "geometry": { "type": "Point", "coordinates": [ -91.086624960725999, 30.476387078437096 ] } },
{ "type": "Feature", "properties": { "ID": 146938, "LANDMARK_NAME": "APARTMENTS", "FULL_ADDRESS": "9116 GREAT SMOKY AVE, BLDG D", "CITY": "BATON ROUGE", "STATE": "LOUISIANA", "ZIP": 70814, "PHONE_NUMBER": null, "LATITUDE": 30.47582, "LONGITUDE": -91.08662 }, "geometry": { "type": "Point", "coordinates": [ -91.086624160610441, 30.475829521058735 ] } },
{ "type": "Feature", "properties": { "ID": 146964, "LANDMARK_NAME": "APARTMENTS", "FULL_ADDRESS": "9083 GREAT SMOKY AVE", "CITY": "BATON ROUGE", "STATE": "LOUISIANA", "ZIP": 70814, "PHONE_NUMBER": null, "LATITUDE": 30.47634, "LONGITUDE": -91.08765 }, "geometry": { "type": "Point", "coordinates": [ -91.087658886321748, 30.476341636458617 ] } },
{ "type": "Feature", "properties": { "ID": 147886, "LANDMARK_NAME": "APARTMENTS", "FULL_ADDRESS": "9101 GREAT SMOKY AVE", "CITY": "BATON ROUGE", "STATE": "LOUISIANA", "ZIP": 70814, "PHONE_NUMBER": null, "LATITUDE": 30.47638, "LONGITUDE": -91.08726 }, "geometry": { "type": "Point", "coordinates": [ -91.087268651153963, 30.476380829733156 ] } },
{ "type": "Feature", "properties": { "ID": 148106, "LANDMARK_NAME": "MAGNOLIA GARDENS APARTMENTS", "FULL_ADDRESS": "8820 GREENWELL SPRINGS RD", "CITY": "BATON ROUGE", "STATE": "LOUISIANA", "ZIP": 70814, "PHONE_NUMBER": null, "LATITUDE": 30.48131, "LONGITUDE": -91.09375 }, "geometry": { "type": "Point", "coordinates": [ -91.093757778881425, 30.481310876279093 ] } },
{ "type": "Feature", "properties": { "ID": 148107, "LANDMARK_NAME": "MAGNOLIA GARDENS APARTMENTS", "FULL_ADDRESS": "8820 GREENWELL SPRINGS RD", "CITY": "BATON ROUGE", "STATE": "LOUISIANA", "ZIP": 70814, "PHONE_NUMBER": null, "LATITUDE": 30.48131, "LONGITUDE": -91.09375 }, "geometry": { "type": "Point", "coordinates": [ -91.093757778881425, 30.481310876279093 ] } },
{ "type": "Feature", "properties": { "ID": 148108, "LANDMARK_NAME": "MAGNOLIA GARDENS APARTMENTS", "FULL_ADDRESS": "8820 GREENWELL SPRINGS RD", "CITY": "BATON ROUGE", "STATE": "LOUISIANA", "ZIP": 70814, "PHONE_NUMBER": null, "LATITUDE": 30.48131, "LONGITUDE": -91.09375 }, "geometry": { "type": "Point", "coordinates": [ -91.093757778881425, 30.481310876279093 ] } },
{ "type": "Feature", "properties": { "ID": 148258, "LANDMARK_NAME": "APARTMENTS", "FULL_ADDRESS": "9095 GREAT SMOKY AVE", "CITY": "BATON ROUGE", "STATE": "LOUISIANA", "ZIP": 70814, "PHONE_NUMBER": null, "LATITUDE": 30.47636, "LONGITUDE": -91.08743 }, "geometry": { "type": "Point", "coordinates": [ -91.087439069896845, 30.476366649385394 ] } },
{ "type": "Feature", "properties": { "ID": 148368, "LANDMARK_NAME": "OLD GOODWOOD LANDING APARTMENTS", "FULL_ADDRESS": "7782 LASALLE AVE", "CITY": "BATON ROUGE", "STATE": "LOUISIANA", "ZIP": 70806, "PHONE_NUMBER": null, "LATITUDE": 30.43497, "LONGITUDE": -91.10755 }, "geometry": { "type": "Point", "coordinates": [ -91.107552284920502, 30.434979368386966 ] } },
{ "type": "Feature", "properties": { "ID": 148477, "LANDMARK_NAME": "CEDAR BROOK APARTMENTS", "FULL_ADDRESS": "1860 BOULEVARD DE PROVINCE", "CITY": "BATON ROUGE", "STATE": "LOUISIANA", "ZIP": 70816, "PHONE_NUMBER": null, "LATITUDE": 30.43635, "LONGITUDE": -91.04655 }, "geometry": { "type": "Point", "coordinates": [ -91.046553128726288, 30.436360346215167 ] } },
{ "type": "Feature", "properties": { "ID": 148480, "LANDMARK_NAME": "CHERRY CREEK APARTMENTS", "FULL_ADDRESS": "1527 N HARCO DR", "CITY": "BATON ROUGE", "STATE": "LOUISIANA", "ZIP": 70815, "PHONE_NUMBER": null, "LATITUDE": 30.46737, "LONGITUDE": -91.04226 }, "geometry": { "type": "Point", "coordinates": [ -91.042262310707414, 30.467373276263309 ] } },
{ "type": "Feature", "properties": { "ID": 148481, "LANDMARK_NAME": "APARTMENTS", "FULL_ADDRESS": "12658 LEA ANN DR", "CITY": "BATON ROUGE", "STATE": "LOUISIANA", "ZIP": 70815, "PHONE_NUMBER": null, "LATITUDE": 30.47065, "LONGITUDE": -91.04241 }, "geometry": { "type": "Point", "coordinates": [ -91.042417737879731, 30.470651587536249 ] } },
{ "type": "Feature", "properties": { "ID": 148509, "LANDMARK_NAME": "BALIS STREET APARTMENTS", "FULL_ADDRESS": "2370 BALIS DR", "CITY": "BATON ROUGE", "STATE": "LOUISIANA", "ZIP": 70808, "PHONE_NUMBER": null, "LATITUDE": 30.42696, "LONGITUDE": -91.14071 }, "geometry": { "type": "Point", "coordinates": [ -91.140719447790431, 30.426967884771162 ] } },
{ "type": "Feature", "properties": { "ID": 149039, "LANDMARK_NAME": "CARRIAGE PLACE APARTMENTS", "FULL_ADDRESS": "9124 OLD HAMMOND HWY", "CITY": "BATON ROUGE", "STATE": "LOUISIANA", "ZIP": 70809, "PHONE_NUMBER": null, "LATITUDE": 30.43028, "LONGITUDE": -91.08725 }, "geometry": { "type": "Point", "coordinates": [ -91.087254192155427, 30.43028346486361 ] } },
{ "type": "Feature", "properties": { "ID": 149058, "LANDMARK_NAME": "BON CARRE COURT APARTMENTS", "FULL_ADDRESS": "854 N DONMOOR AVE", "CITY": "BATON ROUGE", "STATE": "LOUISIANA", "ZIP": 70806, "PHONE_NUMBER": null, "LATITUDE": 30.45774, "LONGITUDE": -91.11826 }, "geometry": { "type": "Point", "coordinates": [ -91.118265344604865, 30.457747497053475 ] } },
{ "type": "Feature", "properties": { "ID": 149059, "LANDMARK_NAME": "SANDPIPPER APARTMENTS 2", "FULL_ADDRESS": "888 MONET DR", "CITY": "BATON ROUGE", "STATE": "LOUISIANA", "ZIP": 70806, "PHONE_NUMBER": null, "LATITUDE": 30.45801, "LONGITUDE": -91.11689 }, "geometry": { "type": "Point", "coordinates": [ -91.116895681179699, 30.458019024402574 ] } },
{ "type": "Feature", "properties": { "ID": 149062, "LANDMARK_NAME": "ORLEANEAN APARTMENTS", "FULL_ADDRESS": "956 N DONMOOR AVE", "CITY": "BATON ROUGE", "STATE": "LOUISIANA", "ZIP": 70806, "PHONE_NUMBER": null, "LATITUDE": 30.45844, "LONGITUDE": -91.11822 }, "geometry": { "type": "Point", "coordinates": [ -91.118226572778994, 30.458444256115506 ] } },
{ "type": "Feature", "properties": { "ID": 149063, "LANDMARK_NAME": "ASPHODEL APARTMENT", "FULL_ADDRESS": "936 N DONMOOR AVE", "CITY": "BATON ROUGE", "STATE": "LOUISIANA", "ZIP": 70806, "PHONE_NUMBER": null, "LATITUDE": 30.4582, "LONGITUDE": -91.1182 }, "geometry": { "type": "Point", "coordinates": [ -91.118206327475477, 30.4582081739761 ] } },
{ "type": "Feature", "properties": { "ID": 149436, "LANDMARK_NAME": "NORMANDY VILLAGE APARTMENTS", "FULL_ADDRESS": "7878 LASALLE AVE", "CITY": "BATON ROUGE", "STATE": "LOUISIANA", "ZIP": 70806, "PHONE_NUMBER": null, "LATITUDE": 30.43436, "LONGITUDE": -91.10669 }, "geometry": { "type": "Point", "coordinates": [ -91.106692872997982, 30.434360902969324 ] } },
{ "type": "Feature", "properties": { "ID": 149654, "LANDMARK_NAME": "MELROSE EAST APARTMENTS", "FULL_ADDRESS": "10363 WHITE OAK DR", "CITY": "BATON ROUGE", "STATE": "LOUISIANA", "ZIP": 70815, "PHONE_NUMBER": null, "LATITUDE": 30.46612, "LONGITUDE": -91.06934 }, "geometry": { "type": "Point", "coordinates": [ -91.069345517421922, 30.466127211823622 ] } },
{ "type": "Feature", "properties": { "ID": 149689, "LANDMARK_NAME": "WARWICK APARTMENTS ", "FULL_ADDRESS": "8001 JEFFERSON HWY", "CITY": "BATON ROUGE", "STATE": "LOUISIANA", "ZIP": 70809, "PHONE_NUMBER": null, "LATITUDE": 30.42656, "LONGITUDE": -91.10426 }, "geometry": { "type": "Point", "coordinates": [ -91.104270040513583, 30.426565722843176 ] } },
{ "type": "Feature", "properties": { "ID": 150027, "LANDMARK_NAME": "APARTMENTS", "FULL_ADDRESS": "9253 GREAT SMOKY AVE", "CITY": "BATON ROUGE", "STATE": "LOUISIANA", "ZIP": 70814, "PHONE_NUMBER": null, "LATITUDE": 30.47632, "LONGITUDE": -91.08518 }, "geometry": { "type": "Point", "coordinates": [ -91.085187150567521, 30.476327085174692 ] } },
{ "type": "Feature", "properties": { "ID": 150217, "LANDMARK_NAME": "MYRTLE PLACE APARTMENTS", "FULL_ADDRESS": "1718 BOULEVARD DE PROVINCE", "CITY": "BATON ROUGE", "STATE": "LOUISIANA", "ZIP": 70816, "PHONE_NUMBER": null, "LATITUDE": 30.4389, "LONGITUDE": -91.0458 }, "geometry": { "type": "Point", "coordinates": [ -91.045801435624156, 30.438905391000482 ] } },
{ "type": "Feature", "properties": { "ID": 150337, "LANDMARK_NAME": "WILLOW CREEK APARTMENTS", "FULL_ADDRESS": "6665 TITIAN AVE", "CITY": "BATON ROUGE", "STATE": "LOUISIANA", "ZIP": 70806, "PHONE_NUMBER": null, "LATITUDE": 30.45638, "LONGITUDE": -91.12252 }, "geometry": { "type": "Point", "coordinates": [ -91.122525647573838, 30.45638060459045 ] } },
{ "type": "Feature", "properties": { "ID": 150344, "LANDMARK_NAME": "MELROSE PLAZA APARTMENTS", "FULL_ADDRESS": "6750 HARRY DR", "CITY": "BATON ROUGE", "STATE": "LOUISIANA", "ZIP": 70806, "PHONE_NUMBER": null, "LATITUDE": 30.45656, "LONGITUDE": -91.12158 }, "geometry": { "type": "Point", "coordinates": [ -91.121588252723726, 30.456562231693784 ] } },
{ "type": "Feature", "properties": { "ID": 150345, "LANDMARK_NAME": "THE PLAZA APARTMENTS", "FULL_ADDRESS": "6751 TITIAN AVE", "CITY": "BATON ROUGE", "STATE": "LOUISIANA", "ZIP": 70806, "PHONE_NUMBER": null, "LATITUDE": 30.45627, "LONGITUDE": -91.12204 }, "geometry": { "type": "Point", "coordinates": [ -91.122044341309945, 30.456274070725211 ] } },
{ "type": "Feature", "properties": { "ID": 150350, "LANDMARK_NAME": "TITIAN APARTMENTS", "FULL_ADDRESS": "6848 TITIAN AVE", "CITY": "BATON ROUGE", "STATE": "LOUISIANA", "ZIP": 70806, "PHONE_NUMBER": null, "LATITUDE": 30.4557, "LONGITUDE": -91.12087 }, "geometry": { "type": "Point", "coordinates": [ -91.12087108714087, 30.455709474383731 ] } },
{ "type": "Feature", "properties": { "ID": 150654, "LANDMARK_NAME": "APARTMENTS", "FULL_ADDRESS": "1680 COTTONDALE DR", "CITY": "BATON ROUGE", "STATE": "LOUISIANA", "ZIP": 70815, "PHONE_NUMBER": null, "LATITUDE": 30.43724, "LONGITUDE": -91.08288 }, "geometry": { "type": "Point", "coordinates": [ -91.082883356947079, 30.437241743325419 ] } },
{ "type": "Feature", "properties": { "ID": 150993, "LANDMARK_NAME": "APARTMENTS", "FULL_ADDRESS": "3158 N STEVENDALE RD", "CITY": "BATON ROUGE", "STATE": "LOUISIANA", "ZIP": 70819, "PHONE_NUMBER": null, "LATITUDE": 30.48047, "LONGITUDE": -90.99991 }, "geometry": { "type": "Point", "coordinates": [ -90.999915558584462, 30.480478559867517 ] } },
{ "type": "Feature", "properties": { "ID": 150994, "LANDMARK_NAME": "APARTMENTS", "FULL_ADDRESS": "3204 N STEVENDALE RD", "CITY": "BATON ROUGE", "STATE": "LOUISIANA", "ZIP": 70819, "PHONE_NUMBER": null, "LATITUDE": 30.48065, "LONGITUDE": -90.99975 }, "geometry": { "type": "Point", "coordinates": [ -90.999757925123831, 30.480654263472999 ] } },
{ "type": "Feature", "properties": { "ID": 151035, "LANDMARK_NAME": "APARTMENTS", "FULL_ADDRESS": "675 N CARROLLTON AVE", "CITY": "BATON ROUGE", "STATE": "LOUISIANA", "ZIP": 70806, "PHONE_NUMBER": null, "LATITUDE": 30.45552, "LONGITUDE": -91.12377 }, "geometry": { "type": "Point", "coordinates": [ -91.123778568969172, 30.455525910487246 ] } },
{ "type": "Feature", "properties": { "ID": 151036, "LANDMARK_NAME": "GEORGETOWN APARTMENTS 1", "FULL_ADDRESS": "6636 HARRY DR", "CITY": "BATON ROUGE", "STATE": "LOUISIANA", "ZIP": 70806, "PHONE_NUMBER": null, "LATITUDE": 30.45666, "LONGITUDE": -91.12301 }, "geometry": { "type": "Point", "coordinates": [ -91.123019926747929, 30.456662182907454 ] } },
{ "type": "Feature", "properties": { "ID": 151065, "LANDMARK_NAME": "MONET MANOR I APARTMENTS", "FULL_ADDRESS": "969 MONET DR", "CITY": "BATON ROUGE", "STATE": "LOUISIANA", "ZIP": 70806, "PHONE_NUMBER": null, "LATITUDE": 30.45871, "LONGITUDE": -91.11775 }, "geometry": { "type": "Point", "coordinates": [ -91.11775797419881, 30.45871119810511 ] } },
{ "type": "Feature", "properties": { "ID": 151068, "LANDMARK_NAME": "APARTMENTS", "FULL_ADDRESS": "1051 MONET DR", "CITY": "BATON ROUGE", "STATE": "LOUISIANA", "ZIP": 70806, "PHONE_NUMBER": null, "LATITUDE": 30.45963, "LONGITUDE": -91.11773 }, "geometry": { "type": "Point", "coordinates": [ -91.117733649610827, 30.459632279058873 ] } },
{ "type": "Feature", "properties": { "ID": 151069, "LANDMARK_NAME": "APARTMENTS", "FULL_ADDRESS": "1043 MONET DR", "CITY": "BATON ROUGE", "STATE": "LOUISIANA", "ZIP": 70806, "PHONE_NUMBER": null, "LATITUDE": 30.45944, "LONGITUDE": -91.11767 }, "geometry": { "type": "Point", "coordinates": [ -91.117674584773397, 30.459450380927994 ] } },
{ "type": "Feature", "properties": { "ID": 151189, "LANDMARK_NAME": "MELROSE PLACE APARTMENTS", "FULL_ADDRESS": "6776 CEZANNE AVE", "CITY": "BATON ROUGE", "STATE": "LOUISIANA", "ZIP": 70806, "PHONE_NUMBER": null, "LATITUDE": 30.45968, "LONGITUDE": -91.1217 }, "geometry": { "type": "Point", "coordinates": [ -91.121709304487297, 30.459682521493232 ] } },
{ "type": "Feature", "properties": { "ID": 151340, "LANDMARK_NAME": "PIRATE BEND APARTMENTS", "FULL_ADDRESS": "8165 PLANK RD", "CITY": "BATON ROUGE", "STATE": "LOUISIANA", "ZIP": 70811, "PHONE_NUMBER": null, "LATITUDE": 30.52317, "LONGITUDE": -91.14527 }, "geometry": { "type": "Point", "coordinates": [ -91.145276679637746, 30.523178398061226 ] } },
{ "type": "Feature", "properties": { "ID": 151539, "LANDMARK_NAME": "BENT TREE MANOR APARTMENTS", "FULL_ADDRESS": "12778 PLANK RD", "CITY": "BAKER", "STATE": "LOUISIANA", "ZIP": 70714, "PHONE_NUMBER": null, "LATITUDE": 30.5624, "LONGITUDE": -91.12923 }, "geometry": { "type": "Point", "coordinates": [ -91.129240221773912, 30.56240186415528 ] } },
{ "type": "Feature", "properties": { "ID": 151716, "LANDMARK_NAME": "APARTMENTS", "FULL_ADDRESS": "1509 N MARQUE ANN DR", "CITY": "BATON ROUGE", "STATE": "LOUISIANA", "ZIP": 70815, "PHONE_NUMBER": null, "LATITUDE": 30.46682, "LONGITUDE": -91.04325 }, "geometry": { "type": "Point", "coordinates": [ -91.043258628384038, 30.466826059870584 ] } },
{ "type": "Feature", "properties": { "ID": 151717, "LANDMARK_NAME": "APARTMENTS", "FULL_ADDRESS": "1509 N MARQUE ANN DR", "CITY": "BATON ROUGE", "STATE": "LOUISIANA", "ZIP": 70815, "PHONE_NUMBER": null, "LATITUDE": 30.46682, "LONGITUDE": -91.04325 }, "geometry": { "type": "Point", "coordinates": [ -91.043258628384038, 30.466826059870584 ] } },
{ "type": "Feature", "properties": { "ID": 151830, "LANDMARK_NAME": "CHERRY CREEK APARTMENTS", "FULL_ADDRESS": "12647 WARFIELD ST", "CITY": "BATON ROUGE", "STATE": "LOUISIANA", "ZIP": 70815, "PHONE_NUMBER": null, "LATITUDE": 30.46655, "LONGITUDE": -91.042 }, "geometry": { "type": "Point", "coordinates": [ -91.042004476468406, 30.466554588796292 ] } },
{ "type": "Feature", "properties": { "ID": 151909, "LANDMARK_NAME": "BELMONT VICTORIA II APARTMENTS", "FULL_ADDRESS": "12254 LA MARGIE AVE", "CITY": "BATON ROUGE", "STATE": "LOUISIANA", "ZIP": 70815, "PHONE_NUMBER": null, "LATITUDE": 30.46948, "LONGITUDE": -91.04591 }, "geometry": { "type": "Point", "coordinates": [ -91.045920494414659, 30.469488751949832 ] } },
{ "type": "Feature", "properties": { "ID": 152083, "LANDMARK_NAME": "OAK PARK PLAZA APARTMENTS", "FULL_ADDRESS": "947 N BON MARCHE DR", "CITY": "BATON ROUGE", "STATE": "LOUISIANA", "ZIP": 70806, "PHONE_NUMBER": null, "LATITUDE": 30.45981, "LONGITUDE": -91.11649 }, "geometry": { "type": "Point", "coordinates": [ -91.116492245645176, 30.459818903794343 ] } },
{ "type": "Feature", "properties": { "ID": 152295, "LANDMARK_NAME": "MELROSE EAST APARTMENTS", "FULL_ADDRESS": "1171 MONET DR", "CITY": "BATON ROUGE", "STATE": "LOUISIANA", "ZIP": 70806, "PHONE_NUMBER": null, "LATITUDE": 30.46076, "LONGITUDE": -91.11776 }, "geometry": { "type": "Point", "coordinates": [ -91.117767266525533, 30.460768839388962 ] } },
{ "type": "Feature", "properties": { "ID": 152296, "LANDMARK_NAME": "MELROSE EAST APARTMENTS", "FULL_ADDRESS": "1175 MONET DR", "CITY": "BATON ROUGE", "STATE": "LOUISIANA", "ZIP": 70806, "PHONE_NUMBER": null, "LATITUDE": 30.46095, "LONGITUDE": -91.11773 }, "geometry": { "type": "Point", "coordinates": [ -91.117740266679618, 30.460952860467682 ] } },
{ "type": "Feature", "properties": { "ID": 152367, "LANDMARK_NAME": "MURIEL CROSSING APARTMENTS", "FULL_ADDRESS": "11111 N HARRELL'S FERRY RD", "CITY": "BATON ROUGE", "STATE": "LOUISIANA", "ZIP": 70816, "PHONE_NUMBER": null, "LATITUDE": 30.43394, "LONGITUDE": -91.05993 }, "geometry": { "type": "Point", "coordinates": [ -91.059940576771069, 30.433943465841516 ] } },
{ "type": "Feature", "properties": { "ID": 152374, "LANDMARK_NAME": "CANTERBURY HOUSE APARTMENTS", "FULL_ADDRESS": "2001 S SHERWOOD FOREST BLVD", "CITY": "BATON ROUGE", "STATE": "LOUISIANA", "ZIP": 70816, "PHONE_NUMBER": null, "LATITUDE": 30.43418, "LONGITUDE": -91.05592 }, "geometry": { "type": "Point", "coordinates": [ -91.055923126158717, 30.43418318751646 ] } },
{ "type": "Feature", "properties": { "ID": 152788, "LANDMARK_NAME": "FLORIDA EAST APARTMENTS", "FULL_ADDRESS": "13980 FLORIDA BLVD", "CITY": "BATON ROUGE", "STATE": "LOUISIANA", "ZIP": 70819, "PHONE_NUMBER": null, "LATITUDE": 30.46249, "LONGITUDE": -91.03058 }, "geometry": { "type": "Point", "coordinates": [ -91.030586857858026, 30.462496389519853 ] } },
{ "type": "Feature", "properties": { "ID": 152827, "LANDMARK_NAME": "SHERWOOD OAKS APARTMENTS", "FULL_ADDRESS": "10950 DARRYL DR", "CITY": "BATON ROUGE", "STATE": "LOUISIANA", "ZIP": 70815, "PHONE_NUMBER": null, "LATITUDE": 30.47043, "LONGITUDE": -91.06154 }, "geometry": { "type": "Point", "coordinates": [ -91.061547330476529, 30.470436070772902 ] } },
{ "type": "Feature", "properties": { "ID": 153050, "LANDMARK_NAME": "BOSLEY PLACE MONET 3 APARTMENTS", "FULL_ADDRESS": "669 MONET DR", "CITY": "BATON ROUGE", "STATE": "LOUISIANA", "ZIP": 70806, "PHONE_NUMBER": null, "LATITUDE": 30.45587, "LONGITUDE": -91.11779 }, "geometry": { "type": "Point", "coordinates": [ -91.117797802093833, 30.455871211391781 ] } },
{ "type": "Feature", "properties": { "ID": 153051, "LANDMARK_NAME": "JAMESTOWN APARTMENTS", "FULL_ADDRESS": "788 N DONMOOR AVE", "CITY": "BATON ROUGE", "STATE": "LOUISIANA", "ZIP": 70806, "PHONE_NUMBER": null, "LATITUDE": 30.45685, "LONGITUDE": -91.11822 }, "geometry": { "type": "Point", "coordinates": [ -91.118220925741483, 30.456855714152699 ] } },
{ "type": "Feature", "properties": { "ID": 153052, "LANDMARK_NAME": "SEBASTIAN PLACE APARTMENTS", "FULL_ADDRESS": "760 N DONMOOR AVE", "CITY": "BATON ROUGE", "STATE": "LOUISIANA", "ZIP": 70806, "PHONE_NUMBER": null, "LATITUDE": 30.45657, "LONGITUDE": -91.1182 }, "geometry": { "type": "Point", "coordinates": [ -91.118206268469621, 30.456571935523129 ] } },
{ "type": "Feature", "properties": { "ID": 153054, "LANDMARK_NAME": "MONET PLACE APARTMENTS", "FULL_ADDRESS": "644 MONET DR", "CITY": "BATON ROUGE", "STATE": "LOUISIANA", "ZIP": 70806, "PHONE_NUMBER": null, "LATITUDE": 30.45562, "LONGITUDE": -91.11707 }, "geometry": { "type": "Point", "coordinates": [ -91.117080524730383, 30.4556280726806 ] } },
{ "type": "Feature", "properties": { "ID": 153055, "LANDMARK_NAME": "PINEWOOD APARTMENTS", "FULL_ADDRESS": "770 MONET DR", "CITY": "BATON ROUGE", "STATE": "LOUISIANA", "ZIP": 70806, "PHONE_NUMBER": null, "LATITUDE": 30.45677, "LONGITUDE": -91.11701 }, "geometry": { "type": "Point", "coordinates": [ -91.117018831129911, 30.45677320628285 ] } },
{ "type": "Feature", "properties": { "ID": 153153, "LANDMARK_NAME": "LANCER APARTMENTS", "FULL_ADDRESS": "1149 RODIN DR", "CITY": "BATON ROUGE", "STATE": "LOUISIANA", "ZIP": 70806, "PHONE_NUMBER": null, "LATITUDE": 30.46081, "LONGITUDE": -91.12316 }, "geometry": { "type": "Point", "coordinates": [ -91.123167493432447, 30.460818744853093 ] } },
{ "type": "Feature", "properties": { "ID": 153234, "LANDMARK_NAME": "CAPRI APARTMENTS", "FULL_ADDRESS": "6962 TITIAN AVE", "CITY": "BATON ROUGE", "STATE": "LOUISIANA", "ZIP": 70806, "PHONE_NUMBER": null, "LATITUDE": 30.45575, "LONGITUDE": -91.11904 }, "geometry": { "type": "Point", "coordinates": [ -91.119049097570013, 30.455750956157807 ] } },
{ "type": "Feature", "properties": { "ID": 153402, "LANDMARK_NAME": "APARTMENTS", "FULL_ADDRESS": "1511 CRISTY DR", "CITY": "BATON ROUGE", "STATE": "LOUISIANA", "ZIP": 70815, "PHONE_NUMBER": null, "LATITUDE": 30.46604, "LONGITUDE": -91.04607 }, "geometry": { "type": "Point", "coordinates": [ -91.046072843644154, 30.466046272635051 ] } },
{ "type": "Feature", "properties": { "ID": 153437, "LANDMARK_NAME": "TWIN PEAKS APARTMENTS", "FULL_ADDRESS": "694 N DONMOOR AVE", "CITY": "BATON ROUGE", "STATE": "LOUISIANA", "ZIP": 70806, "PHONE_NUMBER": null, "LATITUDE": 30.45597, "LONGITUDE": -91.11818 }, "geometry": { "type": "Point", "coordinates": [ -91.118188228369959, 30.455980121616964 ] } },
{ "type": "Feature", "properties": { "ID": 153440, "LANDMARK_NAME": "SUNLIGHT APARTMENTS", "FULL_ADDRESS": "644 N DONMOOR AVE", "CITY": "BATON ROUGE", "STATE": "LOUISIANA", "ZIP": 70806, "PHONE_NUMBER": null, "LATITUDE": 30.45552, "LONGITUDE": -91.11808 }, "geometry": { "type": "Point", "coordinates": [ -91.118087572578531, 30.455525649846876 ] } },
{ "type": "Feature", "properties": { "ID": 153441, "LANDMARK_NAME": "BOSLEY PLACE MONET 2 APARTMENTS", "FULL_ADDRESS": "653 MONET DR", "CITY": "BATON ROUGE", "STATE": "LOUISIANA", "ZIP": 70806, "PHONE_NUMBER": null, "LATITUDE": 30.45564, "LONGITUDE": -91.11773 }, "geometry": { "type": "Point", "coordinates": [ -91.117732021362883, 30.455644175698207 ] } },
{ "type": "Feature", "properties": { "ID": 153513, "LANDMARK_NAME": "MELROSE EAST APARTMENTS", "FULL_ADDRESS": "1077 MONET DR", "CITY": "BATON ROUGE", "STATE": "LOUISIANA", "ZIP": 70806, "PHONE_NUMBER": null, "LATITUDE": 30.45996, "LONGITUDE": -91.11771 }, "geometry": { "type": "Point", "coordinates": [ -91.117715279711348, 30.459963257136117 ] } },
{ "type": "Feature", "properties": { "ID": 153514, "LANDMARK_NAME": "MELROSE EAST APARTMENTS", "FULL_ADDRESS": "1069 MONET DR", "CITY": "BATON ROUGE", "STATE": "LOUISIANA", "ZIP": 70806, "PHONE_NUMBER": null, "LATITUDE": 30.45978, "LONGITUDE": -91.11772 }, "geometry": { "type": "Point", "coordinates": [ -91.117726102966898, 30.459780596134138 ] } },
{ "type": "Feature", "properties": { "ID": 153593, "LANDMARK_NAME": "CHERRY CREEK APARTMENTS", "FULL_ADDRESS": "12717 WARFIELD ST", "CITY": "BATON ROUGE", "STATE": "LOUISIANA", "ZIP": 70815, "PHONE_NUMBER": null, "LATITUDE": 30.46652, "LONGITUDE": -91.04172 }, "geometry": { "type": "Point", "coordinates": [ -91.041722317021922, 30.466521812578343 ] } },
{ "type": "Feature", "properties": { "ID": 153598, "LANDMARK_NAME": "LITTLE VEGAS APARTMENTS", "FULL_ADDRESS": "1716 N HARCO DR", "CITY": "BATON ROUGE", "STATE": "LOUISIANA", "ZIP": 70815, "PHONE_NUMBER": null, "LATITUDE": 30.46878, "LONGITUDE": -91.04156 }, "geometry": { "type": "Point", "coordinates": [ -91.041565317598355, 30.468787631777133 ] } },
{ "type": "Feature", "properties": { "ID": 154021, "LANDMARK_NAME": "MELROSE MANOR III APARTMENTS", "FULL_ADDRESS": "1111 RODIN DR", "CITY": "BATON ROUGE", "STATE": "LOUISIANA", "ZIP": 70806, "PHONE_NUMBER": null, "LATITUDE": 30.45998, "LONGITUDE": -91.12325 }, "geometry": { "type": "Point", "coordinates": [ -91.123252212692094, 30.459987909160333 ] } },
{ "type": "Feature", "properties": { "ID": 154142, "LANDMARK_NAME": "OLD HAMMOND HIGHWAY PARK II APARTMENTS", "FULL_ADDRESS": "1788 BOULEVARD DE PROVINCE", "CITY": "BATON ROUGE", "STATE": "LOUISIANA", "ZIP": 70816, "PHONE_NUMBER": null, "LATITUDE": 30.43745, "LONGITUDE": -91.04589 }, "geometry": { "type": "Point", "coordinates": [ -91.045900340613358, 30.437459196179041 ] } },
{ "type": "Feature", "properties": { "ID": 154595, "LANDMARK_NAME": "CHERRY CREEK APARTMENTS", "FULL_ADDRESS": "12737 WARFIELD ST", "CITY": "BATON ROUGE", "STATE": "LOUISIANA", "ZIP": 70815, "PHONE_NUMBER": null, "LATITUDE": 30.46653, "LONGITUDE": -91.04143 }, "geometry": { "type": "Point", "coordinates": [ -91.041440158939324, 30.466540337738639 ] } },
{ "type": "Feature", "properties": { "ID": 154868, "LANDMARK_NAME": "ACADIAN PLACE APARTMENTS", "FULL_ADDRESS": "855 S FLANNERY RD", "CITY": "BATON ROUGE", "STATE": "LOUISIANA", "ZIP": 70815, "PHONE_NUMBER": null, "LATITUDE": 30.4502, "LONGITUDE": -91.03419 }, "geometry": { "type": "Point", "coordinates": [ -91.034195636459032, 30.450207848535729 ] } },
{ "type": "Feature", "properties": { "ID": 155002, "LANDMARK_NAME": "APARTMENTS", "FULL_ADDRESS": "4747 WELLS ST", "CITY": "BATON ROUGE", "STATE": "LOUISIANA", "ZIP": 70808, "PHONE_NUMBER": null, "LATITUDE": 30.42936, "LONGITUDE": -91.14001 }, "geometry": { "type": "Point", "coordinates": [ -91.140016362876366, 30.429365525120108 ] } },
{ "type": "Feature", "properties": { "ID": 155726, "LANDMARK_NAME": "APARTMENTS", "FULL_ADDRESS": "1757 BOULEVARD DE PROVINCE", "CITY": "BATON ROUGE", "STATE": "LOUISIANA", "ZIP": 70816, "PHONE_NUMBER": null, "LATITUDE": 30.43859, "LONGITUDE": -91.04367 }, "geometry": { "type": "Point", "coordinates": [ -91.043674061994722, 30.438599530134098 ] } },
{ "type": "Feature", "properties": { "ID": 155975, "LANDMARK_NAME": "MEADOWS AT NICHOLSON APARTMENTS", "FULL_ADDRESS": "11777 NICHOLSON DR", "CITY": "BATON ROUGE", "STATE": "LOUISIANA", "ZIP": 70810, "PHONE_NUMBER": null, "LATITUDE": 30.34642, "LONGITUDE": -91.1388 }, "geometry": { "type": "Point", "coordinates": [ -91.138804054757273, 30.346426100364774 ] } },
{ "type": "Feature", "properties": { "ID": 155976, "LANDMARK_NAME": "MEADOWS AT NICHOLSON APARTMENTS", "FULL_ADDRESS": "11777 NICHOLSON DR", "CITY": "BATON ROUGE", "STATE": "LOUISIANA", "ZIP": 70810, "PHONE_NUMBER": null, "LATITUDE": 30.34642, "LONGITUDE": -91.1388 }, "geometry": { "type": "Point", "coordinates": [ -91.138804054757273, 30.346426100364774 ] } },
{ "type": "Feature", "properties": { "ID": 155998, "LANDMARK_NAME": "CRESTWORTH PLACE APARTMENTS", "FULL_ADDRESS": "9984 AVENUE I", "CITY": "BATON ROUGE", "STATE": "LOUISIANA", "ZIP": 70807, "PHONE_NUMBER": null, "LATITUDE": 30.53521, "LONGITUDE": -91.19767 }, "geometry": { "type": "Point", "coordinates": [ -91.197679456024133, 30.535218746485572 ] } },
{ "type": "Feature", "properties": { "ID": 155999, "LANDMARK_NAME": "CRESTWORTH PLACE APARTMENTS", "FULL_ADDRESS": "10008 AVENUE I", "CITY": "BATON ROUGE", "STATE": "LOUISIANA", "ZIP": 70807, "PHONE_NUMBER": null, "LATITUDE": 30.53545, "LONGITUDE": -91.19768 }, "geometry": { "type": "Point", "coordinates": [ -91.197689271794687, 30.535453192514275 ] } },
{ "type": "Feature", "properties": { "ID": 156000, "LANDMARK_NAME": "CRESTWORTH PLACE APARTMENTS", "FULL_ADDRESS": "10003 AVENUE H", "CITY": "BATON ROUGE", "STATE": "LOUISIANA", "ZIP": 70807, "PHONE_NUMBER": null, "LATITUDE": 30.53534, "LONGITUDE": -91.19729 }, "geometry": { "type": "Point", "coordinates": [ -91.197291980100445, 30.535350052484354 ] } },
{ "type": "Feature", "properties": { "ID": 156001, "LANDMARK_NAME": "CRESTWORTH PLACE APARTMENTS", "FULL_ADDRESS": "9987 AVENUE H", "CITY": "BATON ROUGE", "STATE": "LOUISIANA", "ZIP": 70807, "PHONE_NUMBER": null, "LATITUDE": 30.53523, "LONGITUDE": -91.19728 }, "geometry": { "type": "Point", "coordinates": [ -91.19728757196475, 30.535232361349241 ] } },
{ "type": "Feature", "properties": { "ID": 156002, "LANDMARK_NAME": "CRESTWORTH PLACE APARTMENTS", "FULL_ADDRESS": "9981 AVENUE H", "CITY": "BATON ROUGE", "STATE": "LOUISIANA", "ZIP": 70807, "PHONE_NUMBER": null, "LATITUDE": 30.53511, "LONGITUDE": -91.19728 }, "geometry": { "type": "Point", "coordinates": [ -91.197283527566611, 30.535114641717726 ] } },
{ "type": "Feature", "properties": { "ID": 156022, "LANDMARK_NAME": "PARK FOREST EAST APARTMENTS", "FULL_ADDRESS": "3476 N SHERWOOD FOREST DR", "CITY": "BATON ROUGE", "STATE": "LOUISIANA", "ZIP": 70814, "PHONE_NUMBER": null, "LATITUDE": 30.48316, "LONGITUDE": -91.05769 }, "geometry": { "type": "Point", "coordinates": [ -91.057697886627338, 30.483163534452725 ] } },
{ "type": "Feature", "properties": { "ID": 156023, "LANDMARK_NAME": "PARK FOREST EAST APARTMENTS", "FULL_ADDRESS": "3476 N SHERWOOD FOREST DR", "CITY": "BATON ROUGE", "STATE": "LOUISIANA", "ZIP": 70814, "PHONE_NUMBER": null, "LATITUDE": 30.48316, "LONGITUDE": -91.05769 }, "geometry": { "type": "Point", "coordinates": [ -91.057697886627338, 30.483163534452725 ] } },
{ "type": "Feature", "properties": { "ID": 156024, "LANDMARK_NAME": "PARK FOREST EAST APARTMENTS", "FULL_ADDRESS": "3476 N SHERWOOD FOREST DR", "CITY": "BATON ROUGE", "STATE": "LOUISIANA", "ZIP": 70814, "PHONE_NUMBER": null, "LATITUDE": 30.48316, "LONGITUDE": -91.05769 }, "geometry": { "type": "Point", "coordinates": [ -91.057697886627338, 30.483163534452725 ] } },
{ "type": "Feature", "properties": { "ID": 156025, "LANDMARK_NAME": "PARK FOREST EAST APARTMENTS", "FULL_ADDRESS": "3476 N SHERWOOD FOREST DR", "CITY": "BATON ROUGE", "STATE": "LOUISIANA", "ZIP": 70814, "PHONE_NUMBER": null, "LATITUDE": 30.48316, "LONGITUDE": -91.05769 }, "geometry": { "type": "Point", "coordinates": [ -91.057697886627338, 30.483163534452725 ] } },
{ "type": "Feature", "properties": { "ID": 156026, "LANDMARK_NAME": "PARK FOREST EAST APARTMENTS", "FULL_ADDRESS": "3476 N SHERWOOD FOREST DR", "CITY": "BATON ROUGE", "STATE": "LOUISIANA", "ZIP": 70814, "PHONE_NUMBER": null, "LATITUDE": 30.48316, "LONGITUDE": -91.05769 }, "geometry": { "type": "Point", "coordinates": [ -91.057697886627338, 30.483163534452725 ] } },
{ "type": "Feature", "properties": { "ID": 156027, "LANDMARK_NAME": "PARK FOREST EAST APARTMENTS", "FULL_ADDRESS": "3476 N SHERWOOD FOREST DR", "CITY": "BATON ROUGE", "STATE": "LOUISIANA", "ZIP": 70814, "PHONE_NUMBER": null, "LATITUDE": 30.48316, "LONGITUDE": -91.05769 }, "geometry": { "type": "Point", "coordinates": [ -91.057697886627338, 30.483163534452725 ] } },
{ "type": "Feature", "properties": { "ID": 156245, "LANDMARK_NAME": "OLE TOWNE APARTMENTS", "FULL_ADDRESS": "1617 COLLEGE DR", "CITY": "BATON ROUGE", "STATE": "LOUISIANA", "ZIP": 70808, "PHONE_NUMBER": null, "LATITUDE": 30.43446, "LONGITUDE": -91.13366 }, "geometry": { "type": "Point", "coordinates": [ -91.133669911496028, 30.434462768813567 ] } },
{ "type": "Feature", "properties": { "ID": 156246, "LANDMARK_NAME": "OLE TOWNE APARTMENTS", "FULL_ADDRESS": "1629 COLLEGE DR", "CITY": "BATON ROUGE", "STATE": "LOUISIANA", "ZIP": 70808, "PHONE_NUMBER": null, "LATITUDE": 30.43434, "LONGITUDE": -91.13434 }, "geometry": { "type": "Point", "coordinates": [ -91.13434453556448, 30.434344911895508 ] } },
{ "type": "Feature", "properties": { "ID": 156247, "LANDMARK_NAME": "OLE TOWNE APARTMENTS", "FULL_ADDRESS": "1595 COLLEGE DR", "CITY": "BATON ROUGE", "STATE": "LOUISIANA", "ZIP": 70808, "PHONE_NUMBER": null, "LATITUDE": 30.43465, "LONGITUDE": -91.13365 }, "geometry": { "type": "Point", "coordinates": [ -91.133651905771288, 30.434655887528152 ] } },
{ "type": "Feature", "properties": { "ID": 156248, "LANDMARK_NAME": "OLE TOWNE APARTMENTS", "FULL_ADDRESS": "1587 COLLEGE DR", "CITY": "BATON ROUGE", "STATE": "LOUISIANA", "ZIP": 70808, "PHONE_NUMBER": null, "LATITUDE": 30.43486, "LONGITUDE": -91.13367 }, "geometry": { "type": "Point", "coordinates": [ -91.133680914607112, 30.434867928950215 ] } },
{ "type": "Feature", "properties": { "ID": 156249, "LANDMARK_NAME": "OLE TOWNE APARTMENTS", "FULL_ADDRESS": "1611 COLLEGE DR", "CITY": "BATON ROUGE", "STATE": "LOUISIANA", "ZIP": 70808, "PHONE_NUMBER": null, "LATITUDE": 30.4345, "LONGITUDE": -91.13396 }, "geometry": { "type": "Point", "coordinates": [ -91.13396721921039, 30.43450174624892 ] } },
{ "type": "Feature", "properties": { "ID": 156250, "LANDMARK_NAME": "OLE TOWNE APARTMENTS", "FULL_ADDRESS": "1579 COLLEGE DR", "CITY": "BATON ROUGE", "STATE": "LOUISIANA", "ZIP": 70808, "PHONE_NUMBER": null, "LATITUDE": 30.43489, "LONGITUDE": -91.13385 }, "geometry": { "type": "Point", "coordinates": [ -91.133854500833166, 30.434895946204197 ] } },
{ "type": "Feature", "properties": { "ID": 156251, "LANDMARK_NAME": "OLE TOWNE APARTMENTS", "FULL_ADDRESS": "1607 COLLEGE DR", "CITY": "BATON ROUGE", "STATE": "LOUISIANA", "ZIP": 70808, "PHONE_NUMBER": null, "LATITUDE": 30.43453, "LONGITUDE": -91.1342 }, "geometry": { "type": "Point", "coordinates": [ -91.134204565046261, 30.434539560158971 ] } },
{ "type": "Feature", "properties": { "ID": 156264, "LANDMARK_NAME": "THE PALISADES AT JAGUAR CITY APARTMENTS", "FULL_ADDRESS": "7801 SCENIC HWY", "CITY": "BATON ROUGE", "STATE": "LOUISIANA", "ZIP": 70807, "PHONE_NUMBER": null, "LATITUDE": 30.51947, "LONGITUDE": -91.17968 }, "geometry": { "type": "Point", "coordinates": [ -91.179683728700866, 30.519472052545741 ] } },
{ "type": "Feature", "properties": { "ID": 156265, "LANDMARK_NAME": "THE PALISADES AT JAGUAR CITY APARTMENTS", "FULL_ADDRESS": "7801 SCENIC HWY", "CITY": "BATON ROUGE", "STATE": "LOUISIANA", "ZIP": 70807, "PHONE_NUMBER": null, "LATITUDE": 30.51947, "LONGITUDE": -91.17968 }, "geometry": { "type": "Point", "coordinates": [ -91.179683728700866, 30.519472052545741 ] } },
{ "type": "Feature", "properties": { "ID": 156266, "LANDMARK_NAME": "THE PALISADES AT JAGUAR CITY APARTMENTS", "FULL_ADDRESS": "7801 SCENIC HWY", "CITY": "BATON ROUGE", "STATE": "LOUISIANA", "ZIP": 70807, "PHONE_NUMBER": null, "LATITUDE": 30.51947, "LONGITUDE": -91.17968 }, "geometry": { "type": "Point", "coordinates": [ -91.179683728700866, 30.519472052545741 ] } },
{ "type": "Feature", "properties": { "ID": 156267, "LANDMARK_NAME": "THE PALISADES AT JAGUAR CITY APARTMENTS", "FULL_ADDRESS": "7801 SCENIC HWY", "CITY": "BATON ROUGE", "STATE": "LOUISIANA", "ZIP": 70807, "PHONE_NUMBER": null, "LATITUDE": 30.51947, "LONGITUDE": -91.17968 }, "geometry": { "type": "Point", "coordinates": [ -91.179683728700866, 30.519472052545741 ] } },
{ "type": "Feature", "properties": { "ID": 157408, "LANDMARK_NAME": "APARTMENTS", "FULL_ADDRESS": "1754 CEDAR LAKE DR", "CITY": "BATON ROUGE", "STATE": "LOUISIANA", "ZIP": 70808, "PHONE_NUMBER": null, "LATITUDE": 30.39003, "LONGITUDE": -91.11312 }, "geometry": { "type": "Point", "coordinates": [ -91.113121390247287, 30.390036557516176 ] } },
{ "type": "Feature", "properties": { "ID": 157626, "LANDMARK_NAME": "CHERRY CREEK APARTMENTS", "FULL_ADDRESS": "1616 N HARCO DR", "CITY": "BATON ROUGE", "STATE": "LOUISIANA", "ZIP": 70815, "PHONE_NUMBER": null, "LATITUDE": 30.46761, "LONGITUDE": -91.04169 }, "geometry": { "type": "Point", "coordinates": [ -91.041698529887242, 30.467616743392263 ] } },
{ "type": "Feature", "properties": { "ID": 158814, "LANDMARK_NAME": "MID CITY FLATS APARTMENTS", "FULL_ADDRESS": "4535 NORTH BLVD", "CITY": "BATON ROUGE", "STATE": "LOUISIANA", "ZIP": 70806, "PHONE_NUMBER": null, "LATITUDE": 30.44915, "LONGITUDE": -91.14241 }, "geometry": { "type": "Point", "coordinates": [ -91.142412790484855, 30.449151678619884 ] } },
{ "type": "Feature", "properties": { "ID": 158999, "LANDMARK_NAME": "THE HAVEN AT WINDERMERE APARTMENTS", "FULL_ADDRESS": "8215 YMCA PLAZA DR", "CITY": "BATON ROUGE", "STATE": "LOUISIANA", "ZIP": 70810, "PHONE_NUMBER": null, "LATITUDE": 30.37296, "LONGITUDE": -91.07541 }, "geometry": { "type": "Point", "coordinates": [ -91.075412354268906, 30.372962334473797 ] } },
{ "type": "Feature", "properties": { "ID": 159372, "LANDMARK_NAME": "APARTMENTS", "FULL_ADDRESS": "860 ARLINGTON AVE", "CITY": "BATON ROUGE", "STATE": "LOUISIANA", "ZIP": 70806, "PHONE_NUMBER": null, "LATITUDE": 30.44081, "LONGITUDE": -91.15921 }, "geometry": { "type": "Point", "coordinates": [ -91.159216521269983, 30.440810835480868 ] } },
{ "type": "Feature", "properties": { "ID": 159404, "LANDMARK_NAME": "THE ENCLAVE AT CEDAR LODGE APARTMENTS", "FULL_ADDRESS": "6929 COMMERCE CIR", "CITY": "BATON ROUGE", "STATE": "LOUISIANA", "ZIP": 70809, "PHONE_NUMBER": null, "LATITUDE": 30.42855, "LONGITUDE": -91.12055 }, "geometry": { "type": "Point", "coordinates": [ -91.120552926450912, 30.428557690760222 ] } },
{ "type": "Feature", "properties": { "ID": 159405, "LANDMARK_NAME": "THE ENCLAVE AT CEDAR LODGE APARTMENTS", "FULL_ADDRESS": "6929 COMMERCE CIR", "CITY": "BATON ROUGE", "STATE": "LOUISIANA", "ZIP": 70809, "PHONE_NUMBER": null, "LATITUDE": 30.42855, "LONGITUDE": -91.12055 }, "geometry": { "type": "Point", "coordinates": [ -91.120552926450912, 30.428557690760222 ] } },
{ "type": "Feature", "properties": { "ID": 159406, "LANDMARK_NAME": "THE ENCLAVE AT CEDAR LODGE APARTMENTS", "FULL_ADDRESS": "6929 COMMERCE CIR", "CITY": "BATON ROUGE", "STATE": "LOUISIANA", "ZIP": 70809, "PHONE_NUMBER": null, "LATITUDE": 30.42855, "LONGITUDE": -91.12055 }, "geometry": { "type": "Point", "coordinates": [ -91.120552926450912, 30.428557690760222 ] } },
{ "type": "Feature", "properties": { "ID": 159407, "LANDMARK_NAME": "THE ENCLAVE AT CEDAR LODGE APARTMENTS", "FULL_ADDRESS": "6929 COMMERCE CIR", "CITY": "BATON ROUGE", "STATE": "LOUISIANA", "ZIP": 70809, "PHONE_NUMBER": null, "LATITUDE": 30.42855, "LONGITUDE": -91.12055 }, "geometry": { "type": "Point", "coordinates": [ -91.120552926450912, 30.428557690760222 ] } },
{ "type": "Feature", "properties": { "ID": 159680, "LANDMARK_NAME": "HOOPER SPRINGS APARTMENTS", "FULL_ADDRESS": "8210 CYPRESS RD", "CITY": "BATON ROUGE", "STATE": "LOUISIANA", "ZIP": 70811, "PHONE_NUMBER": null, "LATITUDE": 30.52209, "LONGITUDE": -91.13851 }, "geometry": { "type": "Point", "coordinates": [ -91.138512102762434, 30.52209834602354 ] } },
{ "type": "Feature", "properties": { "ID": 159681, "LANDMARK_NAME": "CYPRESS SPRINGS APARTMENTS", "FULL_ADDRESS": "8280 CYPRESS RD", "CITY": "BATON ROUGE", "STATE": "LOUISIANA", "ZIP": 70811, "PHONE_NUMBER": null, "LATITUDE": 30.52296, "LONGITUDE": -91.13821 }, "geometry": { "type": "Point", "coordinates": [ -91.138217623390418, 30.522960964678777 ] } },
{ "type": "Feature", "properties": { "ID": 159731, "LANDMARK_NAME": "VILLA ROSE APARTMENTS 4", "FULL_ADDRESS": "643 CAROL MARIE DR", "CITY": "BATON ROUGE", "STATE": "LOUISIANA", "ZIP": 70806, "PHONE_NUMBER": null, "LATITUDE": 30.44235, "LONGITUDE": -91.1541 }, "geometry": { "type": "Point", "coordinates": [ -91.154102384278005, 30.442351447386596 ] } },
{ "type": "Feature", "properties": { "ID": 159807, "LANDMARK_NAME": "JONTE' LAKE APARTMENTS", "FULL_ADDRESS": "1147 W CHIMES ST", "CITY": "BATON ROUGE", "STATE": "LOUISIANA", "ZIP": 70802, "PHONE_NUMBER": null, "LATITUDE": 30.41877, "LONGITUDE": -91.18963 }, "geometry": { "type": "Point", "coordinates": [ -91.189633270790097, 30.418772113547501 ] } },
{ "type": "Feature", "properties": { "ID": 160088, "LANDMARK_NAME": "SPIRES OF SHERWOOD APARTMENTS", "FULL_ADDRESS": "11888 OLD HAMMOND HWY", "CITY": "BATON ROUGE", "STATE": "LOUISIANA", "ZIP": 70816, "PHONE_NUMBER": null, "LATITUDE": 30.43822, "LONGITUDE": -91.05142 }, "geometry": { "type": "Point", "coordinates": [ -91.051421804236213, 30.43822666541439 ] } },
{ "type": "Feature", "properties": { "ID": 160364, "LANDMARK_NAME": "APARTMENTS", "FULL_ADDRESS": "376 W ROOSEVELT ST", "CITY": "BATON ROUGE", "STATE": "LOUISIANA", "ZIP": 70802, "PHONE_NUMBER": null, "LATITUDE": 30.42191, "LONGITUDE": -91.1812 }, "geometry": { "type": "Point", "coordinates": [ -91.181203924345482, 30.421913845069788 ] } },
{ "type": "Feature", "properties": { "ID": 160678, "LANDMARK_NAME": "THE PRINCE APARTMENTS", "FULL_ADDRESS": "111 NAPOLEON ST", "CITY": "BATON ROUGE", "STATE": "LOUISIANA", "ZIP": 70802, "PHONE_NUMBER": null, "LATITUDE": 30.44676, "LONGITUDE": -91.1837 }, "geometry": { "type": "Point", "coordinates": [ -91.183709847239214, 30.446767253187403 ] } },
{ "type": "Feature", "properties": { "ID": 160703, "LANDMARK_NAME": "APARTMENTS", "FULL_ADDRESS": "3711 COLE DR", "CITY": "BATON ROUGE", "STATE": "LOUISIANA", "ZIP": 70806, "PHONE_NUMBER": null, "LATITUDE": 30.44357, "LONGITUDE": -91.15134 }, "geometry": { "type": "Point", "coordinates": [ -91.151346330997342, 30.443571725740227 ] } },
{ "type": "Feature", "properties": { "ID": 160907, "LANDMARK_NAME": "SOUTHGATE TOWERS APARTMENTS", "FULL_ADDRESS": "4005 NICHOLSON DR", "CITY": "BATON ROUGE", "STATE": "LOUISIANA", "ZIP": 70808, "PHONE_NUMBER": null, "LATITUDE": 30.40032, "LONGITUDE": -91.17894 }, "geometry": { "type": "Point", "coordinates": [ -91.178948722651512, 30.400327439992083 ] } },
{ "type": "Feature", "properties": { "ID": 160908, "LANDMARK_NAME": "SOUTHGATE TOWERS APARTMENTS", "FULL_ADDRESS": "4005 NICHOLSON DR", "CITY": "BATON ROUGE", "STATE": "LOUISIANA", "ZIP": 70808, "PHONE_NUMBER": null, "LATITUDE": 30.40032, "LONGITUDE": -91.17894 }, "geometry": { "type": "Point", "coordinates": [ -91.178948722651512, 30.400327439992083 ] } },
{ "type": "Feature", "properties": { "ID": 161023, "LANDMARK_NAME": "VENUE AT NORTHGATE APARTMENTS", "FULL_ADDRESS": "262 W STATE ST", "CITY": "BATON ROUGE", "STATE": "LOUISIANA", "ZIP": 70802, "PHONE_NUMBER": null, "LATITUDE": 30.4188, "LONGITUDE": -91.17909 }, "geometry": { "type": "Point", "coordinates": [ -91.179100194289148, 30.418807227577446 ] } },
{ "type": "Feature", "properties": { "ID": 161069, "LANDMARK_NAME": "HIGHLAND CLUB APARTMENTS", "FULL_ADDRESS": "17505 JEFFERSON HWY", "CITY": "BATON ROUGE", "STATE": "LOUISIANA", "ZIP": 70817, "PHONE_NUMBER": null, "LATITUDE": 30.36147, "LONGITUDE": -90.99738 }, "geometry": { "type": "Point", "coordinates": [ -90.997388372010917, 30.361472483126995 ] } },
{ "type": "Feature", "properties": { "ID": 161070, "LANDMARK_NAME": "HIGHLAND CLUB APARTMENTS", "FULL_ADDRESS": "17505 JEFFERSON HWY", "CITY": "BATON ROUGE", "STATE": "LOUISIANA", "ZIP": 70817, "PHONE_NUMBER": null, "LATITUDE": 30.36147, "LONGITUDE": -90.99738 }, "geometry": { "type": "Point", "coordinates": [ -90.997388372010917, 30.361472483126995 ] } },
{ "type": "Feature", "properties": { "ID": 161071, "LANDMARK_NAME": "HIGHLAND CLUB APARTMENTS", "FULL_ADDRESS": "17505 JEFFERSON HWY", "CITY": "BATON ROUGE", "STATE": "LOUISIANA", "ZIP": 70817, "PHONE_NUMBER": null, "LATITUDE": 30.36147, "LONGITUDE": -90.99738 }, "geometry": { "type": "Point", "coordinates": [ -90.997388372010917, 30.361472483126995 ] } },
{ "type": "Feature", "properties": { "ID": 161072, "LANDMARK_NAME": "HIGHLAND CLUB APARTMENTS", "FULL_ADDRESS": "17505 JEFFERSON HWY", "CITY": "BATON ROUGE", "STATE": "LOUISIANA", "ZIP": 70817, "PHONE_NUMBER": null, "LATITUDE": 30.36147, "LONGITUDE": -90.99738 }, "geometry": { "type": "Point", "coordinates": [ -90.997388372010917, 30.361472483126995 ] } },
{ "type": "Feature", "properties": { "ID": 161073, "LANDMARK_NAME": "HIGHLAND CLUB APARTMENTS", "FULL_ADDRESS": "17505 JEFFERSON HWY", "CITY": "BATON ROUGE", "STATE": "LOUISIANA", "ZIP": 70817, "PHONE_NUMBER": null, "LATITUDE": 30.36147, "LONGITUDE": -90.99738 }, "geometry": { "type": "Point", "coordinates": [ -90.997388372010917, 30.361472483126995 ] } },
{ "type": "Feature", "properties": { "ID": 161290, "LANDMARK_NAME": "TIGER MANOR APARTMENTS", "FULL_ADDRESS": "427 E STATE ST", "CITY": "BATON ROUGE", "STATE": "LOUISIANA", "ZIP": 70808, "PHONE_NUMBER": null, "LATITUDE": 30.4211, "LONGITUDE": -91.17524 }, "geometry": { "type": "Point", "coordinates": [ -91.17524665653599, 30.421106070442498 ] } },
{ "type": "Feature", "properties": { "ID": 161408, "LANDMARK_NAME": "PRINCE APARTMENTS", "FULL_ADDRESS": "710 NORTH BLVD", "CITY": "BATON ROUGE", "STATE": "LOUISIANA", "ZIP": 70802, "PHONE_NUMBER": null, "LATITUDE": 30.44691, "LONGITUDE": -91.18363 }, "geometry": { "type": "Point", "coordinates": [ -91.183636337545522, 30.446910690813908 ] } },
{ "type": "Feature", "properties": { "ID": 161532, "LANDMARK_NAME": "ONE LAKESHORE APARTMENTS", "FULL_ADDRESS": "900 STANFORD AVE", "CITY": "BATON ROUGE", "STATE": "LOUISIANA", "ZIP": 70808, "PHONE_NUMBER": null, "LATITUDE": 30.40777, "LONGITUDE": -91.16348 }, "geometry": { "type": "Point", "coordinates": [ -91.163485491272624, 30.407775286655159 ] } },
{ "type": "Feature", "properties": { "ID": 161741, "LANDMARK_NAME": "21 PARKVIEW SOUTH APARTMENTS", "FULL_ADDRESS": "4944 S SHERWOOD FOREST BLVD", "CITY": "BATON ROUGE", "STATE": "LOUISIANA", "ZIP": 70816, "PHONE_NUMBER": null, "LATITUDE": 30.40898, "LONGITUDE": -91.05276 }, "geometry": { "type": "Point", "coordinates": [ -91.052761213684732, 30.408987736879318 ] } },
{ "type": "Feature", "properties": { "ID": 161903, "LANDMARK_NAME": "SPANISH ARMS APARTMENTS", "FULL_ADDRESS": "4343 DENHAM ST", "CITY": "BATON ROUGE", "STATE": "LOUISIANA", "ZIP": 70805, "PHONE_NUMBER": null, "LATITUDE": 30.50503, "LONGITUDE": -91.14999 }, "geometry": { "type": "Point", "coordinates": [ -91.149995734518072, 30.505037724672047 ] } },
{ "type": "Feature", "properties": { "ID": 161979, "LANDMARK_NAME": "TIGER MANOR APARTMENTS", "FULL_ADDRESS": "407 E STATE ST", "CITY": "BATON ROUGE", "STATE": "LOUISIANA", "ZIP": 70802, "PHONE_NUMBER": null, "LATITUDE": 30.41938, "LONGITUDE": -91.17366 }, "geometry": { "type": "Point", "coordinates": [ -91.173662596257628, 30.419383839885278 ] } },
{ "type": "Feature", "properties": { "ID": 162193, "LANDMARK_NAME": "MAISON BOCAGE APARTMENTS AND TOWNHOMES", "FULL_ADDRESS": "7312 N JEFFERSON PLACE CIR", "CITY": "BATON ROUGE", "STATE": "LOUISIANA", "ZIP": 70809, "PHONE_NUMBER": null, "LATITUDE": 30.41914, "LONGITUDE": -91.10542 }, "geometry": { "type": "Point", "coordinates": [ -91.10543007069947, 30.419142006082296 ] } },
{ "type": "Feature", "properties": { "ID": 162396, "LANDMARK_NAME": "THE MILLENNIUM TOWNE CENTER APARTMENTS", "FULL_ADDRESS": "6810 JEFFERSON HWY", "CITY": "BATON ROUGE", "STATE": "LOUISIANA", "ZIP": 70806, "PHONE_NUMBER": null, "LATITUDE": 30.43333, "LONGITUDE": -91.11937 }, "geometry": { "type": "Point", "coordinates": [ -91.119373074518393, 30.433340150888391 ] } },
{ "type": "Feature", "properties": { "ID": 162397, "LANDMARK_NAME": "THE MILLENNIUM TOWNE CENTER APARTMENTS", "FULL_ADDRESS": "6810 JEFFERSON HWY", "CITY": "BATON ROUGE", "STATE": "LOUISIANA", "ZIP": 70806, "PHONE_NUMBER": null, "LATITUDE": 30.43333, "LONGITUDE": -91.11937 }, "geometry": { "type": "Point", "coordinates": [ -91.119373074518393, 30.433340150888391 ] } },
{ "type": "Feature", "properties": { "ID": 162398, "LANDMARK_NAME": "THE MILLENNIUM TOWNE CENTER APARTMENTS", "FULL_ADDRESS": "6810 JEFFERSON HWY", "CITY": "BATON ROUGE", "STATE": "LOUISIANA", "ZIP": 70806, "PHONE_NUMBER": null, "LATITUDE": 30.43333, "LONGITUDE": -91.11937 }, "geometry": { "type": "Point", "coordinates": [ -91.119373074518393, 30.433340150888391 ] } },
{ "type": "Feature", "properties": { "ID": 162399, "LANDMARK_NAME": "THE MILLENNIUM TOWNE CENTER APARTMENTS", "FULL_ADDRESS": "6810 JEFFERSON HWY", "CITY": "BATON ROUGE", "STATE": "LOUISIANA", "ZIP": 70806, "PHONE_NUMBER": null, "LATITUDE": 30.43333, "LONGITUDE": -91.11937 }, "geometry": { "type": "Point", "coordinates": [ -91.119373074518393, 30.433340150888391 ] } },
{ "type": "Feature", "properties": { "ID": 162400, "LANDMARK_NAME": "THE MILLENNIUM TOWNE CENTER APARTMENTS", "FULL_ADDRESS": "6810 JEFFERSON HWY", "CITY": "BATON ROUGE", "STATE": "LOUISIANA", "ZIP": 70806, "PHONE_NUMBER": null, "LATITUDE": 30.43333, "LONGITUDE": -91.11937 }, "geometry": { "type": "Point", "coordinates": [ -91.119373074518393, 30.433340150888391 ] } },
{ "type": "Feature", "properties": { "ID": 162696, "LANDMARK_NAME": "AUDUBON PARK APARTMENTS", "FULL_ADDRESS": "1233 MOUNT PLEASANT-ZACHARY RD", "CITY": "ZACHARY", "STATE": "LOUISIANA", "ZIP": 70791, "PHONE_NUMBER": null, "LATITUDE": 30.65452, "LONGITUDE": -91.21043 }, "geometry": { "type": "Point", "coordinates": [ -91.210433656908805, 30.654529511616719 ] } },
{ "type": "Feature", "properties": { "ID": 163030, "LANDMARK_NAME": "KENMORE PLACE APARTMENTS", "FULL_ADDRESS": "625 KENMORE AVE", "CITY": "BATON ROUGE", "STATE": "LOUISIANA", "ZIP": 70806, "PHONE_NUMBER": null, "LATITUDE": 30.44295, "LONGITUDE": -91.15779 }, "geometry": { "type": "Point", "coordinates": [ -91.157795047672764, 30.442957084125112 ] } },
{ "type": "Feature", "properties": { "ID": 163282, "LANDMARK_NAME": "WEST CHIMES PLACE APARTMENTS", "FULL_ADDRESS": "3187 WYOMING ST", "CITY": "BATON ROUGE", "STATE": "LOUISIANA", "ZIP": 70802, "PHONE_NUMBER": null, "LATITUDE": 30.41977, "LONGITUDE": -91.18826 }, "geometry": { "type": "Point", "coordinates": [ -91.188261646939722, 30.419773021177967 ] } },
{ "type": "Feature", "properties": { "ID": 163294, "LANDMARK_NAME": "GOODWOOD PLACE APARTMENTS", "FULL_ADDRESS": "246 APARTMENT COURT DR", "CITY": "BATON ROUGE", "STATE": "LOUISIANA", "ZIP": 70806, "PHONE_NUMBER": null, "LATITUDE": 30.44865, "LONGITUDE": -91.1236 }, "geometry": { "type": "Point", "coordinates": [ -91.123601797880724, 30.448653496956336 ] } },
{ "type": "Feature", "properties": { "ID": 163295, "LANDMARK_NAME": "GOODWOOD PLACE APARTMENTS", "FULL_ADDRESS": "316 APARTMENT COURT DR", "CITY": "BATON ROUGE", "STATE": "LOUISIANA", "ZIP": 70806, "PHONE_NUMBER": null, "LATITUDE": 30.44748, "LONGITUDE": -91.12353 }, "geometry": { "type": "Point", "coordinates": [ -91.123537329157585, 30.447483786151565 ] } },
{ "type": "Feature", "properties": { "ID": 163296, "LANDMARK_NAME": "GOODWOOD PLACE APARTMENTS", "FULL_ADDRESS": "316 APARTMENT COURT DR", "CITY": "BATON ROUGE", "STATE": "LOUISIANA", "ZIP": 70806, "PHONE_NUMBER": null, "LATITUDE": 30.44748, "LONGITUDE": -91.12353 }, "geometry": { "type": "Point", "coordinates": [ -91.123537329157585, 30.447483786151565 ] } },
{ "type": "Feature", "properties": { "ID": 163297, "LANDMARK_NAME": "GOODWOOD PLACE APARTMENTS", "FULL_ADDRESS": "316 APARTMENT COURT DR", "CITY": "BATON ROUGE", "STATE": "LOUISIANA", "ZIP": 70806, "PHONE_NUMBER": null, "LATITUDE": 30.44748, "LONGITUDE": -91.12353 }, "geometry": { "type": "Point", "coordinates": [ -91.123537329157585, 30.447483786151565 ] } },
{ "type": "Feature", "properties": { "ID": 163298, "LANDMARK_NAME": "GOODWOOD PLACE APARTMENTS", "FULL_ADDRESS": "276 APARTMENT COURT DR", "CITY": "BATON ROUGE", "STATE": "LOUISIANA", "ZIP": 70806, "PHONE_NUMBER": null, "LATITUDE": 30.44806, "LONGITUDE": -91.12356 }, "geometry": { "type": "Point", "coordinates": [ -91.123569562809607, 30.448068641155484 ] } },
{ "type": "Feature", "properties": { "ID": 163299, "LANDMARK_NAME": "GOODWOOD PLACE APARTMENTS", "FULL_ADDRESS": "356 APARTMENT COURT DR", "CITY": "BATON ROUGE", "STATE": "LOUISIANA", "ZIP": 70806, "PHONE_NUMBER": null, "LATITUDE": 30.44693, "LONGITUDE": -91.12353 }, "geometry": { "type": "Point", "coordinates": [ -91.123532914921427, 30.446932806781952 ] } },
{ "type": "Feature", "properties": { "ID": 164541, "LANDMARK_NAME": "THE RESERVE AT CEDAR LODGE APARTMENTS", "FULL_ADDRESS": "6765 CORPORATE BLVD", "CITY": "BATON ROUGE", "STATE": "LOUISIANA", "ZIP": 70809, "PHONE_NUMBER": null, "LATITUDE": 30.42641, "LONGITUDE": -91.12245 }, "geometry": { "type": "Point", "coordinates": [ -91.122451950887054, 30.426417766892694 ] } },
{ "type": "Feature", "properties": { "ID": 164542, "LANDMARK_NAME": "THE RESERVE AT CEDAR LODGE APARTMENTS", "FULL_ADDRESS": "6765 CORPORATE BLVD", "CITY": "BATON ROUGE", "STATE": "LOUISIANA", "ZIP": 70809, "PHONE_NUMBER": null, "LATITUDE": 30.42641, "LONGITUDE": -91.12245 }, "geometry": { "type": "Point", "coordinates": [ -91.122451950887054, 30.426417766892694 ] } },
{ "type": "Feature", "properties": { "ID": 164543, "LANDMARK_NAME": "THE RESERVE AT CEDAR LODGE APARTMENTS", "FULL_ADDRESS": "6765 CORPORATE BLVD", "CITY": "BATON ROUGE", "STATE": "LOUISIANA", "ZIP": 70809, "PHONE_NUMBER": null, "LATITUDE": 30.42641, "LONGITUDE": -91.12245 }, "geometry": { "type": "Point", "coordinates": [ -91.122451950887054, 30.426417766892694 ] } },
{ "type": "Feature", "properties": { "ID": 164545, "LANDMARK_NAME": "GATES AT CITIPLACE APARTMENTS", "FULL_ADDRESS": "2504 GATES CIR", "CITY": "BATON ROUGE", "STATE": "LOUISIANA", "ZIP": 70809, "PHONE_NUMBER": null, "LATITUDE": 30.42294, "LONGITUDE": -91.12479 }, "geometry": { "type": "Point", "coordinates": [ -91.124799655479165, 30.422943444766577 ] } },
{ "type": "Feature", "properties": { "ID": 164604, "LANDMARK_NAME": "PELICAN BAY APARTMENTS", "FULL_ADDRESS": "2121 LOBDELL BLVD", "CITY": "BATON ROUGE", "STATE": "LOUISIANA", "ZIP": 70806, "PHONE_NUMBER": null, "LATITUDE": 30.46912, "LONGITUDE": -91.12274 }, "geometry": { "type": "Point", "coordinates": [ -91.122748662205439, 30.469123456643867 ] } },
{ "type": "Feature", "properties": { "ID": 164681, "LANDMARK_NAME": "CRESTWORTH PLACE APARTMENTS", "FULL_ADDRESS": "10006 AVENUE I", "CITY": "BATON ROUGE", "STATE": "LOUISIANA", "ZIP": 70807, "PHONE_NUMBER": null, "LATITUDE": 30.53544, "LONGITUDE": -91.19773 }, "geometry": { "type": "Point", "coordinates": [ -91.197731569569072, 30.5354490872989 ] } },
{ "type": "Feature", "properties": { "ID": 164682, "LANDMARK_NAME": "CRESTWORTH PLACE APARTMENTS", "FULL_ADDRESS": "10004 AVENUE I", "CITY": "BATON ROUGE", "STATE": "LOUISIANA", "ZIP": 70807, "PHONE_NUMBER": null, "LATITUDE": 30.53532, "LONGITUDE": -91.19772 }, "geometry": { "type": "Point", "coordinates": [ -91.197723100369984, 30.535329520258355 ] } },
{ "type": "Feature", "properties": { "ID": 164811, "LANDMARK_NAME": "MIRAGE VILLAGE APARTMENTS ", "FULL_ADDRESS": "9895 FLORIDA BLVD", "CITY": "BATON ROUGE", "STATE": "LOUISIANA", "ZIP": 70815, "PHONE_NUMBER": null, "LATITUDE": 30.45675, "LONGITUDE": -91.07642 }, "geometry": { "type": "Point", "coordinates": [ -91.076427766986825, 30.456757710323952 ] } },
{ "type": "Feature", "properties": { "ID": 164888, "LANDMARK_NAME": "DALI PLACE APARTMENTS", "FULL_ADDRESS": "1110 N ARDENWOOD DR", "CITY": "BATON ROUGE", "STATE": "LOUISIANA", "ZIP": 70806, "PHONE_NUMBER": null, "LATITUDE": 30.45997, "LONGITUDE": -91.12743 }, "geometry": { "type": "Point", "coordinates": [ -91.127436215881858, 30.459970870035093 ] } },
{ "type": "Feature", "properties": { "ID": 164889, "LANDMARK_NAME": "REDPOINT BATON ROUGE APARTMENTS", "FULL_ADDRESS": "910 BEN HUR RD", "CITY": "BATON ROUGE", "STATE": "LOUISIANA", "ZIP": 70820, "PHONE_NUMBER": null, "LATITUDE": 30.38749, "LONGITUDE": -91.16602 }, "geometry": { "type": "Point", "coordinates": [ -91.166030545912463, 30.387491994401479 ] } },
{ "type": "Feature", "properties": { "ID": 164890, "LANDMARK_NAME": "REDPOINT BATON ROUGE APARTMENTS", "FULL_ADDRESS": "910 BEN HUR RD", "CITY": "BATON ROUGE", "STATE": "LOUISIANA", "ZIP": 70820, "PHONE_NUMBER": null, "LATITUDE": 30.38749, "LONGITUDE": -91.16602 }, "geometry": { "type": "Point", "coordinates": [ -91.166030545912463, 30.387491994401479 ] } },
{ "type": "Feature", "properties": { "ID": 164892, "LANDMARK_NAME": "CLOVERDALE APARTMENTS", "FULL_ADDRESS": "3647 GLADIOLA ST", "CITY": "BATON ROUGE", "STATE": "LOUISIANA", "ZIP": 70808, "PHONE_NUMBER": null, "LATITUDE": 30.4157, "LONGITUDE": -91.155 }, "geometry": { "type": "Point", "coordinates": [ -91.15500429990378, 30.415701909418235 ] } },
{ "type": "Feature", "properties": { "ID": 164992, "LANDMARK_NAME": "EDGEWOOD PLACE APARTMENTS", "FULL_ADDRESS": "11021 PLANK RD", "CITY": "BATON ROUGE", "STATE": "LOUISIANA", "ZIP": 70811, "PHONE_NUMBER": null, "LATITUDE": 30.54565, "LONGITUDE": -91.14133 }, "geometry": { "type": "Point", "coordinates": [ -91.141335561175197, 30.545651210767197 ] } },
{ "type": "Feature", "properties": { "ID": 165206, "LANDMARK_NAME": "CHATEAU DU COURS APARTMENTS", "FULL_ADDRESS": "4707 TIGERLAND AVE", "CITY": "BATON ROUGE", "STATE": "LOUISIANA", "ZIP": 70820, "PHONE_NUMBER": null, "LATITUDE": 30.39275, "LONGITUDE": -91.18264 }, "geometry": { "type": "Point", "coordinates": [ -91.182645554838643, 30.392751013321572 ] } },
{ "type": "Feature", "properties": { "ID": 165594, "LANDMARK_NAME": "ARDENDALE OAKS APARTMENTS", "FULL_ADDRESS": "2136 LOBDELL BLVD", "CITY": "BATON ROUGE", "STATE": "LOUISIANA", "ZIP": 70806, "PHONE_NUMBER": null, "LATITUDE": 30.46806, "LONGITUDE": -91.11799 }, "geometry": { "type": "Point", "coordinates": [ -91.117998753557842, 30.468061251694937 ] } },
{ "type": "Feature", "properties": { "ID": 165595, "LANDMARK_NAME": "ARDENDALE OAKS APARTMENTS", "FULL_ADDRESS": "2136 LOBDELL BLVD", "CITY": "BATON ROUGE", "STATE": "LOUISIANA", "ZIP": 70806, "PHONE_NUMBER": null, "LATITUDE": 30.46806, "LONGITUDE": -91.11799 }, "geometry": { "type": "Point", "coordinates": [ -91.117998753557842, 30.468061251694937 ] } },
{ "type": "Feature", "properties": { "ID": 165596, "LANDMARK_NAME": "ARDENDALE OAKS APARTMENTS", "FULL_ADDRESS": "2136 LOBDELL BLVD", "CITY": "BATON ROUGE", "STATE": "LOUISIANA", "ZIP": 70806, "PHONE_NUMBER": null, "LATITUDE": 30.46806, "LONGITUDE": -91.11799 }, "geometry": { "type": "Point", "coordinates": [ -91.117998753557842, 30.468061251694937 ] } },
{ "type": "Feature", "properties": { "ID": 165597, "LANDMARK_NAME": "ARDENDALE OAKS APARTMENTS", "FULL_ADDRESS": "2136 LOBDELL BLVD", "CITY": "BATON ROUGE", "STATE": "LOUISIANA", "ZIP": 70806, "PHONE_NUMBER": null, "LATITUDE": 30.46806, "LONGITUDE": -91.11799 }, "geometry": { "type": "Point", "coordinates": [ -91.117998753557842, 30.468061251694937 ] } },
{ "type": "Feature", "properties": { "ID": 166262, "LANDMARK_NAME": "HOWELL PLACE APARTMENTS", "FULL_ADDRESS": "4150 72ND AVE", "CITY": "BATON ROUGE", "STATE": "LOUISIANA", "ZIP": 70807, "PHONE_NUMBER": null, "LATITUDE": 30.51503, "LONGITUDE": -91.14965 }, "geometry": { "type": "Point", "coordinates": [ -91.149654226794439, 30.515033653875104 ] } },
{ "type": "Feature", "properties": { "ID": 166901, "LANDMARK_NAME": "WOODCREST APARTMENTS ", "FULL_ADDRESS": "1682 LOBDELL BLVD", "CITY": "BATON ROUGE", "STATE": "LOUISIANA", "ZIP": 70806, "PHONE_NUMBER": null, "LATITUDE": 30.46402, "LONGITUDE": -91.11657 }, "geometry": { "type": "Point", "coordinates": [ -91.11657167061162, 30.464021997980698 ] } },
{ "type": "Feature", "properties": { "ID": 167422, "LANDMARK_NAME": "EDWARD AVENUE APARTMENTS", "FULL_ADDRESS": "2605 EDWARD AVE", "CITY": "BATON ROUGE", "STATE": "LOUISIANA", "ZIP": 70808, "PHONE_NUMBER": null, "LATITUDE": 30.42957, "LONGITUDE": -91.16038 }, "geometry": { "type": "Point", "coordinates": [ -91.160386362393538, 30.429572988641038 ] } },
{ "type": "Feature", "properties": { "ID": 167436, "LANDMARK_NAME": "CROWN EFFICIENCY APARTMENTS", "FULL_ADDRESS": "7221 AIRLINE HWY", "CITY": "BATON ROUGE", "STATE": "LOUISIANA", "ZIP": 70812, "PHONE_NUMBER": null, "LATITUDE": 30.48299, "LONGITUDE": -91.11616 }, "geometry": { "type": "Point", "coordinates": [ -91.116164226413275, 30.482992761490028 ] } },
{ "type": "Feature", "properties": { "ID": 167768, "LANDMARK_NAME": "DREHR PLACE APARTMENTS", "FULL_ADDRESS": "901 SAINT ROSE AVE", "CITY": "BATON ROUGE", "STATE": "LOUISIANA", "ZIP": 70806, "PHONE_NUMBER": null, "LATITUDE": 30.44042, "LONGITUDE": -91.16212 }, "geometry": { "type": "Point", "coordinates": [ -91.162130636319858, 30.440423732299251 ] } },
{ "type": "Feature", "properties": { "ID": 167777, "LANDMARK_NAME": "APARTMENTS", "FULL_ADDRESS": "1037 RITTINER DR", "CITY": "BATON ROUGE", "STATE": "LOUISIANA", "ZIP": 70806, "PHONE_NUMBER": null, "LATITUDE": 30.43896, "LONGITUDE": -91.16097 }, "geometry": { "type": "Point", "coordinates": [ -91.160972655265425, 30.438965710411029 ] } },
{ "type": "Feature", "properties": { "ID": 168764, "LANDMARK_NAME": "THE OLIVER APARTMENTS", "FULL_ADDRESS": "4500 BURBANK DR", "CITY": "BATON ROUGE", "STATE": "LOUISIANA", "ZIP": 70820, "PHONE_NUMBER": null, "LATITUDE": 30.39909, "LONGITUDE": -91.1743 }, "geometry": { "type": "Point", "coordinates": [ -91.173886451307439, 30.399003514192675 ] } },
{ "type": "Feature", "properties": { "ID": 169092, "LANDMARK_NAME": "PARK PLACE ON BARD APARTMENTS", "FULL_ADDRESS": "11354 BARD AVE", "CITY": "BATON ROUGE", "STATE": "LOUISIANA", "ZIP": 70815, "PHONE_NUMBER": null, "LATITUDE": 30.4678, "LONGITUDE": -91.05735 }, "geometry": { "type": "Point", "coordinates": [ -91.057360212583731, 30.467806711070185 ] } },
{ "type": "Feature", "properties": { "ID": 169093, "LANDMARK_NAME": "PARK PLACE ON BARD APARTMENTS", "FULL_ADDRESS": "11356 BARD AVE", "CITY": "BATON ROUGE", "STATE": "LOUISIANA", "ZIP": 70815, "PHONE_NUMBER": null, "LATITUDE": 30.46776, "LONGITUDE": -91.05735 }, "geometry": { "type": "Point", "coordinates": [ -91.057356591756829, 30.467769610167998 ] } },
{ "type": "Feature", "properties": { "ID": 169094, "LANDMARK_NAME": "PARK PLACE ON BARD APARTMENTS", "FULL_ADDRESS": "11358 BARD AVE", "CITY": "BATON ROUGE", "STATE": "LOUISIANA", "ZIP": 70815, "PHONE_NUMBER": null, "LATITUDE": 30.46773, "LONGITUDE": -91.05735 }, "geometry": { "type": "Point", "coordinates": [ -91.057360423327211, 30.467730912803773 ] } },
{ "type": "Feature", "properties": { "ID": 169095, "LANDMARK_NAME": "PARK PLACE ON BARD APARTMENTS", "FULL_ADDRESS": "11362 BARD AVE", "CITY": "BATON ROUGE", "STATE": "LOUISIANA", "ZIP": 70815, "PHONE_NUMBER": null, "LATITUDE": 30.46764, "LONGITUDE": -91.05735 }, "geometry": { "type": "Point", "coordinates": [ -91.057356923570211, 30.46765026806106 ] } },
{ "type": "Feature", "properties": { "ID": 169096, "LANDMARK_NAME": "PARK PLACE ON BARD APARTMENTS", "FULL_ADDRESS": "11364 BARD AVE", "CITY": "BATON ROUGE", "STATE": "LOUISIANA", "ZIP": 70815, "PHONE_NUMBER": null, "LATITUDE": 30.4676, "LONGITUDE": -91.05735 }, "geometry": { "type": "Point", "coordinates": [ -91.057355196112383, 30.467601882532609 ] } },
{ "type": "Feature", "properties": { "ID": 169097, "LANDMARK_NAME": "PARK PLACE ON BARD APARTMENTS", "FULL_ADDRESS": "11366 BARD AVE", "CITY": "BATON ROUGE", "STATE": "LOUISIANA", "ZIP": 70815, "PHONE_NUMBER": null, "LATITUDE": 30.46755, "LONGITUDE": -91.05735 }, "geometry": { "type": "Point", "coordinates": [ -91.057355326149107, 30.46755511288784 ] } },
{ "type": "Feature", "properties": { "ID": 169098, "LANDMARK_NAME": "PARK PLACE ON BARD APARTMENTS", "FULL_ADDRESS": "11368 BARD AVE", "CITY": "BATON ROUGE", "STATE": "LOUISIANA", "ZIP": 70815, "PHONE_NUMBER": null, "LATITUDE": 30.46751, "LONGITUDE": -91.05735 }, "geometry": { "type": "Point", "coordinates": [ -91.057357291253169, 30.467518024538634 ] } },
{ "type": "Feature", "properties": { "ID": 169099, "LANDMARK_NAME": "PARK PLACE ON BARD APARTMENTS", "FULL_ADDRESS": "11370 BARD AVE", "CITY": "BATON ROUGE", "STATE": "LOUISIANA", "ZIP": 70815, "PHONE_NUMBER": null, "LATITUDE": 30.46747, "LONGITUDE": -91.05735 }, "geometry": { "type": "Point", "coordinates": [ -91.057355550346628, 30.467474476812079 ] } },
{ "type": "Feature", "properties": { "ID": 169100, "LANDMARK_NAME": "PARK PLACE ON BARD APARTMENTS", "FULL_ADDRESS": "11372 BARD AVE", "CITY": "BATON ROUGE", "STATE": "LOUISIANA", "ZIP": 70815, "PHONE_NUMBER": null, "LATITUDE": 30.46743, "LONGITUDE": -91.05735 }, "geometry": { "type": "Point", "coordinates": [ -91.057355648994417, 30.467438996577304 ] } },
{ "type": "Feature", "properties": { "ID": 169101, "LANDMARK_NAME": "PARK PLACE ON BARD APARTMENTS", "FULL_ADDRESS": "11376 BARD AVE", "CITY": "BATON ROUGE", "STATE": "LOUISIANA", "ZIP": 70815, "PHONE_NUMBER": null, "LATITUDE": 30.46784, "LONGITUDE": -91.05723 }, "geometry": { "type": "Point", "coordinates": [ -91.057233503849105, 30.467845152023557 ] } },
{ "type": "Feature", "properties": { "ID": 169102, "LANDMARK_NAME": "PARK PLACE ON BARD APARTMENTS", "FULL_ADDRESS": "11378 BARD AVE", "CITY": "BATON ROUGE", "STATE": "LOUISIANA", "ZIP": 70815, "PHONE_NUMBER": null, "LATITUDE": 30.46781, "LONGITUDE": -91.05722 }, "geometry": { "type": "Point", "coordinates": [ -91.057227998655904, 30.467816111740873 ] } },
{ "type": "Feature", "properties": { "ID": 169306, "LANDMARK_NAME": "PARK PLACE ON BARD APARTMENTS", "FULL_ADDRESS": "11380 BARD AVE", "CITY": "BATON ROUGE", "STATE": "LOUISIANA", "ZIP": 70815, "PHONE_NUMBER": null, "LATITUDE": 30.46777, "LONGITUDE": -91.05722 }, "geometry": { "type": "Point", "coordinates": [ -91.05722811080922, 30.467775792804371 ] } },
{ "type": "Feature", "properties": { "ID": 169307, "LANDMARK_NAME": "PARK PLACE ON BARD APARTMENTS", "FULL_ADDRESS": "11382 BARD AVE", "CITY": "BATON ROUGE", "STATE": "LOUISIANA", "ZIP": 70815, "PHONE_NUMBER": null, "LATITUDE": 30.46773, "LONGITUDE": -91.05722 }, "geometry": { "type": "Point", "coordinates": [ -91.057230075965165, 30.467738704459439 ] } },
{ "type": "Feature", "properties": { "ID": 169308, "LANDMARK_NAME": "PARK PLACE ON BARD APARTMENTS", "FULL_ADDRESS": "11384 BARD AVE", "CITY": "BATON ROUGE", "STATE": "LOUISIANA", "ZIP": 70815, "PHONE_NUMBER": null, "LATITUDE": 30.46769, "LONGITUDE": -91.05723 }, "geometry": { "type": "Point", "coordinates": [ -91.057232045608615, 30.467700002310202 ] } },
{ "type": "Feature", "properties": { "ID": 169309, "LANDMARK_NAME": "PARK PLACE ON BARD APARTMENTS", "FULL_ADDRESS": "11388 BARD AVE", "CITY": "BATON ROUGE", "STATE": "LOUISIANA", "ZIP": 70815, "PHONE_NUMBER": null, "LATITUDE": 30.46763, "LONGITUDE": -91.05722 }, "geometry": { "type": "Point", "coordinates": [ -91.057226625660846, 30.467640319597088 ] } },
{ "type": "Feature", "properties": { "ID": 169310, "LANDMARK_NAME": "PARK PLACE ON BARD APARTMENTS", "FULL_ADDRESS": "11390 BARD AVE", "CITY": "BATON ROUGE", "STATE": "LOUISIANA", "ZIP": 70815, "PHONE_NUMBER": null, "LATITUDE": 30.46759, "LONGITUDE": -91.05722 }, "geometry": { "type": "Point", "coordinates": [ -91.057228599787692, 30.467600005446954 ] } },
{ "type": "Feature", "properties": { "ID": 169311, "LANDMARK_NAME": "PARK PLACE ON BARD APARTMENTS", "FULL_ADDRESS": "11392 BARD AVE", "CITY": "BATON ROUGE", "STATE": "LOUISIANA", "ZIP": 70815, "PHONE_NUMBER": null, "LATITUDE": 30.46756, "LONGITUDE": -91.05722 }, "geometry": { "type": "Point", "coordinates": [ -91.057228689507966, 30.46756775101737 ] } },
{ "type": "Feature", "properties": { "ID": 169312, "LANDMARK_NAME": "PARK PLACE ON BARD APARTMENTS", "FULL_ADDRESS": "11394 BARD AVE", "CITY": "BATON ROUGE", "STATE": "LOUISIANA", "ZIP": 70815, "PHONE_NUMBER": null, "LATITUDE": 30.46753, "LONGITUDE": -91.05723 }, "geometry": { "type": "Point", "coordinates": [ -91.057232503179634, 30.467535503458109 ] } },
{ "type": "Feature", "properties": { "ID": 169313, "LANDMARK_NAME": "PARK PLACE ON BARD APARTMENTS", "FULL_ADDRESS": "11396 BARD AVE", "CITY": "BATON ROUGE", "STATE": "LOUISIANA", "ZIP": 70815, "PHONE_NUMBER": null, "LATITUDE": 30.4675, "LONGITUDE": -91.05723 }, "geometry": { "type": "Point", "coordinates": [ -91.057232592898558, 30.467503249027914 ] } },
{ "type": "Feature", "properties": { "ID": 169314, "LANDMARK_NAME": "PARK PLACE ON BARD APARTMENTS", "FULL_ADDRESS": "11398 BARD AVE", "CITY": "BATON ROUGE", "STATE": "LOUISIANA", "ZIP": 70815, "PHONE_NUMBER": null, "LATITUDE": 30.46747, "LONGITUDE": -91.05723 }, "geometry": { "type": "Point", "coordinates": [ -91.057236405522573, 30.46747100236777 ] } },
{ "type": "Feature", "properties": { "ID": 169315, "LANDMARK_NAME": "PARK PLACE ON BARD APARTMENTS", "FULL_ADDRESS": "11402 BARD AVE", "CITY": "BATON ROUGE", "STATE": "LOUISIANA", "ZIP": 70815, "PHONE_NUMBER": null, "LATITUDE": 30.4674, "LONGITUDE": -91.05723 }, "geometry": { "type": "Point", "coordinates": [ -91.057232875514345, 30.467401647029536 ] } },
{ "type": "Feature", "properties": { "ID": 169316, "LANDMARK_NAME": "PARK PLACE ON BARD APARTMENTS", "FULL_ADDRESS": "11404 BARD AVE", "CITY": "BATON ROUGE", "STATE": "LOUISIANA", "ZIP": 70815, "PHONE_NUMBER": null, "LATITUDE": 30.46784, "LONGITUDE": -91.05696 }, "geometry": { "type": "Point", "coordinates": [ -91.056969134216516, 30.467842987060596 ] } },
{ "type": "Feature", "properties": { "ID": 169317, "LANDMARK_NAME": "PARK PLACE ON BARD APARTMENTS", "FULL_ADDRESS": "11406 BARD AVE", "CITY": "BATON ROUGE", "STATE": "LOUISIANA", "ZIP": 70815, "PHONE_NUMBER": null, "LATITUDE": 30.46781, "LONGITUDE": -91.05696 }, "geometry": { "type": "Point", "coordinates": [ -91.056969224021316, 30.467810732633506 ] } },
{ "type": "Feature", "properties": { "ID": 169318, "LANDMARK_NAME": "PARK PLACE ON BARD APARTMENTS", "FULL_ADDRESS": "11408 BARD AVE", "CITY": "BATON ROUGE", "STATE": "LOUISIANA", "ZIP": 70815, "PHONE_NUMBER": null, "LATITUDE": 30.46777, "LONGITUDE": -91.05696 }, "geometry": { "type": "Point", "coordinates": [ -91.056967457379159, 30.46777686141651 ] } },
{ "type": "Feature", "properties": { "ID": 169319, "LANDMARK_NAME": "PARK PLACE ON BARD APARTMENTS", "FULL_ADDRESS": "11410 BARD AVE", "CITY": "BATON ROUGE", "STATE": "LOUISIANA", "ZIP": 70815, "PHONE_NUMBER": null, "LATITUDE": 30.46773, "LONGITUDE": -91.05696 }, "geometry": { "type": "Point", "coordinates": [ -91.056967560656744, 30.467739768283341 ] } },
{ "type": "Feature", "properties": { "ID": 169320, "LANDMARK_NAME": "PARK PLACE ON BARD APARTMENTS", "FULL_ADDRESS": "11412 BARD AVE", "CITY": "BATON ROUGE", "STATE": "LOUISIANA", "ZIP": 70815, "PHONE_NUMBER": null, "LATITUDE": 30.4677, "LONGITUDE": -91.05696 }, "geometry": { "type": "Point", "coordinates": [ -91.056963944467356, 30.46770105536995 ] } },
{ "type": "Feature", "properties": { "ID": 169321, "LANDMARK_NAME": "PARK PLACE ON BARD APARTMENTS", "FULL_ADDRESS": "11416 BARD AVE", "CITY": "BATON ROUGE", "STATE": "LOUISIANA", "ZIP": 70815, "PHONE_NUMBER": null, "LATITUDE": 30.46762, "LONGITUDE": -91.05696 }, "geometry": { "type": "Point", "coordinates": [ -91.056964164494858, 30.467622031298106 ] } },
{ "type": "Feature", "properties": { "ID": 169322, "LANDMARK_NAME": "PARK PLACE ON BARD APARTMENTS", "FULL_ADDRESS": "11418 BARD AVE", "CITY": "BATON ROUGE", "STATE": "LOUISIANA", "ZIP": 70815, "PHONE_NUMBER": null, "LATITUDE": 30.46757, "LONGITUDE": -91.05696 }, "geometry": { "type": "Point", "coordinates": [ -91.056962419268103, 30.467580096469554 ] } },
{ "type": "Feature", "properties": { "ID": 169323, "LANDMARK_NAME": "PARK PLACE ON BARD APARTMENTS", "FULL_ADDRESS": "11420 BARD AVE", "CITY": "BATON ROUGE", "STATE": "LOUISIANA", "ZIP": 70815, "PHONE_NUMBER": null, "LATITUDE": 30.46754, "LONGITUDE": -91.05696 }, "geometry": { "type": "Point", "coordinates": [ -91.056964389010247, 30.467541395224558 ] } },
{ "type": "Feature", "properties": { "ID": 169324, "LANDMARK_NAME": "PARK PLACE ON BARD APARTMENTS", "FULL_ADDRESS": "11422 BARD AVE", "CITY": "BATON ROUGE", "STATE": "LOUISIANA", "ZIP": 70815, "PHONE_NUMBER": null, "LATITUDE": 30.4675, "LONGITUDE": -91.05696 }, "geometry": { "type": "Point", "coordinates": [ -91.056968211745769, 30.467505922770858 ] } },
{ "type": "Feature", "properties": { "ID": 169325, "LANDMARK_NAME": "PARK PLACE ON BARD APARTMENTS", "FULL_ADDRESS": "11428 BARD AVE", "CITY": "BATON ROUGE", "STATE": "LOUISIANA", "ZIP": 70815, "PHONE_NUMBER": null, "LATITUDE": 30.46758, "LONGITUDE": -91.05684 }, "geometry": { "type": "Point", "coordinates": [ -91.056841389891815, 30.467584682288916 ] } },
{ "type": "Feature", "properties": { "ID": 169326, "LANDMARK_NAME": "PARK PLACE ON BARD APARTMENTS", "FULL_ADDRESS": "11430 BARD AVE", "CITY": "BATON ROUGE", "STATE": "LOUISIANA", "ZIP": 70815, "PHONE_NUMBER": null, "LATITUDE": 30.46762, "LONGITUDE": -91.05683 }, "geometry": { "type": "Point", "coordinates": [ -91.056839403173342, 30.467629834239158 ] } },
{ "type": "Feature", "properties": { "ID": 169327, "LANDMARK_NAME": "PARK PLACE ON BARD APARTMENTS", "FULL_ADDRESS": "11432 BARD AVE", "CITY": "BATON ROUGE", "STATE": "LOUISIANA", "ZIP": 70815, "PHONE_NUMBER": null, "LATITUDE": 30.46767, "LONGITUDE": -91.05683 }, "geometry": { "type": "Point", "coordinates": [ -91.05683741091633, 30.467676599990497 ] } },
{ "type": "Feature", "properties": { "ID": 169328, "LANDMARK_NAME": "PARK PLACE ON BARD APARTMENTS", "FULL_ADDRESS": "11436 BARD AVE", "CITY": "BATON ROUGE", "STATE": "LOUISIANA", "ZIP": 70815, "PHONE_NUMBER": null, "LATITUDE": 30.46776, "LONGITUDE": -91.05684 }, "geometry": { "type": "Point", "coordinates": [ -91.056842753220749, 30.467763699341084 ] } },
{ "type": "Feature", "properties": { "ID": 169329, "LANDMARK_NAME": "PARK PLACE ON BARD APARTMENTS", "FULL_ADDRESS": "11438 BARD AVE", "CITY": "BATON ROUGE", "STATE": "LOUISIANA", "ZIP": 70815, "PHONE_NUMBER": null, "LATITUDE": 30.46781, "LONGITUDE": -91.05683 }, "geometry": { "type": "Point", "coordinates": [ -91.056840742996343, 30.467816914893572 ] } },
{ "type": "Feature", "properties": { "ID": 169494, "LANDMARK_NAME": "FAMILY MANOR APARTMENTS", "FULL_ADDRESS": "12753 PLANK RD", "CITY": "BAKER", "STATE": "LOUISIANA", "ZIP": 70714, "PHONE_NUMBER": null, "LATITUDE": 30.5624, "LONGITUDE": -91.13348 }, "geometry": { "type": "Point", "coordinates": [ -91.133485182198399, 30.562405426294731 ] } },
{ "type": "Feature", "properties": { "ID": 169591, "LANDMARK_NAME": "APARTMENTS", "FULL_ADDRESS": "2744 IBERIA ST", "CITY": "BATON ROUGE", "STATE": "LOUISIANA", "ZIP": 70805, "PHONE_NUMBER": null, "LATITUDE": 30.49566, "LONGITUDE": -91.16265 }, "geometry": { "type": "Point", "coordinates": [ -91.162656220869195, 30.495667481346381 ] } },
{ "type": "Feature", "properties": { "ID": 169652, "LANDMARK_NAME": "STUMBERG PLACE APARTMENTS", "FULL_ADDRESS": "4928 STUMBERG LN", "CITY": "BATON ROUGE", "STATE": "LOUISIANA", "ZIP": 70816, "PHONE_NUMBER": null, "LATITUDE": 30.40674, "LONGITUDE": -91.03718 }, "geometry": { "type": "Point", "coordinates": [ -91.037182724874299, 30.406745173729163 ] } },
{ "type": "Feature", "properties": { "ID": 170065, "LANDMARK_NAME": "PROVINCIAL NORTH APARTMENTS", "FULL_ADDRESS": "1205 N FOSTER DR", "CITY": "BATON ROUGE", "STATE": "LOUISIANA", "ZIP": 70806, "PHONE_NUMBER": null, "LATITUDE": 30.4599, "LONGITUDE": -91.13979 }, "geometry": { "type": "Point", "coordinates": [ -91.139796901546376, 30.459908137132164 ] } },
{ "type": "Feature", "properties": { "ID": 170066, "LANDMARK_NAME": "PROVINCIAL NORTH APARTMENTS", "FULL_ADDRESS": "1207 N FOSTER DR", "CITY": "BATON ROUGE", "STATE": "LOUISIANA", "ZIP": 70806, "PHONE_NUMBER": null, "LATITUDE": 30.4599, "LONGITUDE": -91.13987 }, "geometry": { "type": "Point", "coordinates": [ -91.139873706370665, 30.459908249488002 ] } },
{ "type": "Feature", "properties": { "ID": 170067, "LANDMARK_NAME": "PROVINCIAL NORTH APARTMENTS", "FULL_ADDRESS": "1209 N FOSTER DR", "CITY": "BATON ROUGE", "STATE": "LOUISIANA", "ZIP": 70806, "PHONE_NUMBER": null, "LATITUDE": 30.4599, "LONGITUDE": -91.13997 }, "geometry": { "type": "Point", "coordinates": [ -91.139972458091776, 30.459906493209012 ] } },
{ "type": "Feature", "properties": { "ID": 170068, "LANDMARK_NAME": "PROVINCIAL NORTH APARTMENTS", "FULL_ADDRESS": "1211 N FOSTER DR", "CITY": "BATON ROUGE", "STATE": "LOUISIANA", "ZIP": 70806, "PHONE_NUMBER": null, "LATITUDE": 30.4599, "LONGITUDE": -91.14004 }, "geometry": { "type": "Point", "coordinates": [ -91.140042687256312, 30.459902793602176 ] } },
{ "type": "Feature", "properties": { "ID": 170069, "LANDMARK_NAME": "PROVINCIAL NORTH APARTMENTS", "FULL_ADDRESS": "1213 N FOSTER DR", "CITY": "BATON ROUGE", "STATE": "LOUISIANA", "ZIP": 70806, "PHONE_NUMBER": null, "LATITUDE": 30.4599, "LONGITUDE": -91.14009 }, "geometry": { "type": "Point", "coordinates": [ -91.140095352794134, 30.459902870552206 ] } },
{ "type": "Feature", "properties": { "ID": 170070, "LANDMARK_NAME": "PROVINCIAL NORTH APARTMENTS", "FULL_ADDRESS": "1215 N FOSTER DR", "CITY": "BATON ROUGE", "STATE": "LOUISIANA", "ZIP": 70806, "PHONE_NUMBER": null, "LATITUDE": 30.4599, "LONGITUDE": -91.14017 }, "geometry": { "type": "Point", "coordinates": [ -91.14017874437512, 30.459901091678514 ] } },
{ "type": "Feature", "properties": { "ID": 170071, "LANDMARK_NAME": "PROVINCIAL NORTH APARTMENTS", "FULL_ADDRESS": "1217 N FOSTER DR", "CITY": "BATON ROUGE", "STATE": "LOUISIANA", "ZIP": 70806, "PHONE_NUMBER": null, "LATITUDE": 30.45989, "LONGITUDE": -91.14024 }, "geometry": { "type": "Point", "coordinates": [ -91.140242386769316, 30.459899283021869 ] } },
{ "type": "Feature", "properties": { "ID": 170072, "LANDMARK_NAME": "PROVINCIAL NORTH APARTMENTS", "FULL_ADDRESS": "1219 N FOSTER DR", "CITY": "BATON ROUGE", "STATE": "LOUISIANA", "ZIP": 70806, "PHONE_NUMBER": null, "LATITUDE": 30.45989, "LONGITUDE": -91.14028 }, "geometry": { "type": "Point", "coordinates": [ -91.1402884692436, 30.459899350284903 ] } },
{ "type": "Feature", "properties": { "ID": 170073, "LANDMARK_NAME": "PROVINCIAL NORTH APARTMENTS", "FULL_ADDRESS": "1221 N FOSTER DR", "CITY": "BATON ROUGE", "STATE": "LOUISIANA", "ZIP": 70806, "PHONE_NUMBER": null, "LATITUDE": 30.45989, "LONGITUDE": -91.14034 }, "geometry": { "type": "Point", "coordinates": [ -91.140341143211486, 30.459895625799685 ] } },
{ "type": "Feature", "properties": { "ID": 170074, "LANDMARK_NAME": "PROVINCIAL NORTH APARTMENTS", "FULL_ADDRESS": "1223 N FOSTER DR", "CITY": "BATON ROUGE", "STATE": "LOUISIANA", "ZIP": 70806, "PHONE_NUMBER": null, "LATITUDE": 30.45989, "LONGITUDE": -91.14038 }, "geometry": { "type": "Point", "coordinates": [ -91.140389423386921, 30.459893794657152 ] } },
{ "type": "Feature", "properties": { "ID": 170075, "LANDMARK_NAME": "PROVINCIAL NORTH APARTMENTS", "FULL_ADDRESS": "1225 N FOSTER DR", "CITY": "BATON ROUGE", "STATE": "LOUISIANA", "ZIP": 70806, "PHONE_NUMBER": null, "LATITUDE": 30.45988, "LONGITUDE": -91.14045 }, "geometry": { "type": "Point", "coordinates": [ -91.140453069465678, 30.459890085229613 ] } },
{ "type": "Feature", "properties": { "ID": 170076, "LANDMARK_NAME": "PROVINCIAL NORTH APARTMENTS", "FULL_ADDRESS": "1227 N FOSTER DR", "CITY": "BATON ROUGE", "STATE": "LOUISIANA", "ZIP": 70806, "PHONE_NUMBER": null, "LATITUDE": 30.45988, "LONGITUDE": -91.14051 }, "geometry": { "type": "Point", "coordinates": [ -91.140518909544525, 30.459886379871833 ] } },
{ "type": "Feature", "properties": { "ID": 170077, "LANDMARK_NAME": "PROVINCIAL NORTH APARTMENTS", "FULL_ADDRESS": "1229 N FOSTER DR", "CITY": "BATON ROUGE", "STATE": "LOUISIANA", "ZIP": 70806, "PHONE_NUMBER": null, "LATITUDE": 30.45988, "LONGITUDE": -91.14057 }, "geometry": { "type": "Point", "coordinates": [ -91.140580345801609, 30.459890270763346 ] } },
{ "type": "Feature", "properties": { "ID": 170078, "LANDMARK_NAME": "PROVINCIAL NORTH APARTMENTS", "FULL_ADDRESS": "1231 N FOSTER DR", "CITY": "BATON ROUGE", "STATE": "LOUISIANA", "ZIP": 70806, "PHONE_NUMBER": null, "LATITUDE": 30.45988, "LONGITUDE": -91.14062 }, "geometry": { "type": "Point", "coordinates": [ -91.140624240603572, 30.459886533371701 ] } },
{ "type": "Feature", "properties": { "ID": 170079, "LANDMARK_NAME": "PROVINCIAL NORTH APARTMENTS", "FULL_ADDRESS": "1233 N FOSTER DR", "CITY": "BATON ROUGE", "STATE": "LOUISIANA", "ZIP": 70806, "PHONE_NUMBER": null, "LATITUDE": 30.45988, "LONGITUDE": -91.14067 }, "geometry": { "type": "Point", "coordinates": [ -91.140676914553794, 30.459882807850615 ] } },
{ "type": "Feature", "properties": { "ID": 170080, "LANDMARK_NAME": "PROVINCIAL NORTH APARTMENTS", "FULL_ADDRESS": "1235 N FOSTER DR", "CITY": "BATON ROUGE", "STATE": "LOUISIANA", "ZIP": 70806, "PHONE_NUMBER": null, "LATITUDE": 30.45987, "LONGITUDE": -91.14072 }, "geometry": { "type": "Point", "coordinates": [ -91.140725206823419, 30.459875273676523 ] } },
{ "type": "Feature", "properties": { "ID": 170081, "LANDMARK_NAME": "PROVINCIAL NORTH APARTMENTS", "FULL_ADDRESS": "1237 N FOSTER DR", "CITY": "BATON ROUGE", "STATE": "LOUISIANA", "ZIP": 70806, "PHONE_NUMBER": null, "LATITUDE": 30.45987, "LONGITUDE": -91.14077 }, "geometry": { "type": "Point", "coordinates": [ -91.140777879720858, 30.459871549015798 ] } },
{ "type": "Feature", "properties": { "ID": 170082, "LANDMARK_NAME": "PROVINCIAL NORTH APARTMENTS", "FULL_ADDRESS": "1239 N FOSTER DR", "CITY": "BATON ROUGE", "STATE": "LOUISIANA", "ZIP": 70806, "PHONE_NUMBER": null, "LATITUDE": 30.45986, "LONGITUDE": -91.14084 }, "geometry": { "type": "Point", "coordinates": [ -91.140850302836839, 30.459867852174071 ] } },
{ "type": "Feature", "properties": { "ID": 170083, "LANDMARK_NAME": "PROVINCIAL NORTH APARTMENTS", "FULL_ADDRESS": "1241 N FOSTER DR", "CITY": "BATON ROUGE", "STATE": "LOUISIANA", "ZIP": 70806, "PHONE_NUMBER": null, "LATITUDE": 30.45988, "LONGITUDE": -91.14086 }, "geometry": { "type": "Point", "coordinates": [ -91.140867828523881, 30.459883085781399 ] } },
{ "type": "Feature", "properties": { "ID": 170084, "LANDMARK_NAME": "PROVINCIAL NORTH APARTMENTS", "FULL_ADDRESS": "1243 N FOSTER DR", "CITY": "BATON ROUGE", "STATE": "LOUISIANA", "ZIP": 70806, "PHONE_NUMBER": null, "LATITUDE": 30.45992, "LONGITUDE": -91.14088 }, "geometry": { "type": "Point", "coordinates": [ -91.140887505038606, 30.459921135124123 ] } },
{ "type": "Feature", "properties": { "ID": 170085, "LANDMARK_NAME": "PROVINCIAL NORTH APARTMENTS", "FULL_ADDRESS": "1245 N FOSTER DR", "CITY": "BATON ROUGE", "STATE": "LOUISIANA", "ZIP": 70806, "PHONE_NUMBER": null, "LATITUDE": 30.45995, "LONGITUDE": -91.14088 }, "geometry": { "type": "Point", "coordinates": [ -91.140883057014676, 30.459951544862225 ] } },
{ "type": "Feature", "properties": { "ID": 170345, "LANDMARK_NAME": "CRESTWORTH PLACE APARTMENTS", "FULL_ADDRESS": "10037 AVENUE H", "CITY": "BATON ROUGE", "STATE": "LOUISIANA", "ZIP": 70807, "PHONE_NUMBER": null, "LATITUDE": 30.5358, "LONGITUDE": -91.19733 }, "geometry": { "type": "Point", "coordinates": [ -91.197338284679418, 30.535803500825754 ] } },
{ "type": "Feature", "properties": { "ID": 170922, "LANDMARK_NAME": "PROVINCIAL NORTH APARTMENTS", "FULL_ADDRESS": "1247 N FOSTER DR", "CITY": "BATON ROUGE", "STATE": "LOUISIANA", "ZIP": 70806, "PHONE_NUMBER": null, "LATITUDE": 30.45999, "LONGITUDE": -91.14088 }, "geometry": { "type": "Point", "coordinates": [ -91.140885166256567, 30.459995271570286 ] } },
{ "type": "Feature", "properties": { "ID": 170923, "LANDMARK_NAME": "PROVINCIAL NORTH APARTMENTS", "FULL_ADDRESS": "1249 N FOSTER DR", "CITY": "BATON ROUGE", "STATE": "LOUISIANA", "ZIP": 70806, "PHONE_NUMBER": null, "LATITUDE": 30.46003, "LONGITUDE": -91.14088 }, "geometry": { "type": "Point", "coordinates": [ -91.140889485292206, 30.460031397891598 ] } },
{ "type": "Feature", "properties": { "ID": 170924, "LANDMARK_NAME": "PROVINCIAL NORTH APARTMENTS", "FULL_ADDRESS": "1251 N FOSTER DR", "CITY": "BATON ROUGE", "STATE": "LOUISIANA", "ZIP": 70806, "PHONE_NUMBER": null, "LATITUDE": 30.46005, "LONGITUDE": -91.14088 }, "geometry": { "type": "Point", "coordinates": [ -91.140889430010887, 30.460059913345066 ] } },
{ "type": "Feature", "properties": { "ID": 170925, "LANDMARK_NAME": "PROVINCIAL NORTH APARTMENTS", "FULL_ADDRESS": "1253 N FOSTER DR", "CITY": "BATON ROUGE", "STATE": "LOUISIANA", "ZIP": 70806, "PHONE_NUMBER": null, "LATITUDE": 30.46009, "LONGITUDE": -91.14089 }, "geometry": { "type": "Point", "coordinates": [ -91.140891558726068, 30.460094134902125 ] } },
{ "type": "Feature", "properties": { "ID": 170926, "LANDMARK_NAME": "PROVINCIAL NORTH APARTMENTS", "FULL_ADDRESS": "1255 N FOSTER DR", "CITY": "BATON ROUGE", "STATE": "LOUISIANA", "ZIP": 70806, "PHONE_NUMBER": null, "LATITUDE": 30.46013, "LONGITUDE": -91.14089 }, "geometry": { "type": "Point", "coordinates": [ -91.1408914850184, 30.460132155506042 ] } },
{ "type": "Feature", "properties": { "ID": 170927, "LANDMARK_NAME": "PROVINCIAL NORTH APARTMENTS", "FULL_ADDRESS": "1257 N FOSTER DR", "CITY": "BATON ROUGE", "STATE": "LOUISIANA", "ZIP": 70806, "PHONE_NUMBER": null, "LATITUDE": 30.46016, "LONGITUDE": -91.14089 }, "geometry": { "type": "Point", "coordinates": [ -91.140895814078263, 30.460162578012067 ] } },
{ "type": "Feature", "properties": { "ID": 170928, "LANDMARK_NAME": "PROVINCIAL NORTH APARTMENTS", "FULL_ADDRESS": "1259 N FOSTER DR", "CITY": "BATON ROUGE", "STATE": "LOUISIANA", "ZIP": 70806, "PHONE_NUMBER": null, "LATITUDE": 30.46019, "LONGITUDE": -91.14089 }, "geometry": { "type": "Point", "coordinates": [ -91.14089795016875, 30.460192997327248 ] } },
{ "type": "Feature", "properties": { "ID": 170929, "LANDMARK_NAME": "PROVINCIAL NORTH APARTMENTS", "FULL_ADDRESS": "1261 N FOSTER DR", "CITY": "BATON ROUGE", "STATE": "LOUISIANA", "ZIP": 70806, "PHONE_NUMBER": null, "LATITUDE": 30.46021, "LONGITUDE": -91.14089 }, "geometry": { "type": "Point", "coordinates": [ -91.140897898574337, 30.460219612110091 ] } },
{ "type": "Feature", "properties": { "ID": 170930, "LANDMARK_NAME": "PROVINCIAL NORTH APARTMENTS", "FULL_ADDRESS": "1263 N FOSTER DR", "CITY": "BATON ROUGE", "STATE": "LOUISIANA", "ZIP": 70806, "PHONE_NUMBER": null, "LATITUDE": 30.46025, "LONGITUDE": -91.1409 }, "geometry": { "type": "Point", "coordinates": [ -91.14090222131054, 30.460253836857277 ] } },
{ "type": "Feature", "properties": { "ID": 170931, "LANDMARK_NAME": "PROVINCIAL NORTH APARTMENTS", "FULL_ADDRESS": "1265 N FOSTER DR", "CITY": "BATON ROUGE", "STATE": "LOUISIANA", "ZIP": 70806, "PHONE_NUMBER": null, "LATITUDE": 30.46028, "LONGITUDE": -91.1409 }, "geometry": { "type": "Point", "coordinates": [ -91.140902151293076, 30.460289955888125 ] } },
{ "type": "Feature", "properties": { "ID": 170932, "LANDMARK_NAME": "PROVINCIAL NORTH APARTMENTS", "FULL_ADDRESS": "1267 N FOSTER DR", "CITY": "BATON ROUGE", "STATE": "LOUISIANA", "ZIP": 70806, "PHONE_NUMBER": null, "LATITUDE": 30.46032, "LONGITUDE": -91.1409 }, "geometry": { "type": "Point", "coordinates": [ -91.140902081273794, 30.460326075820593 ] } },
{ "type": "Feature", "properties": { "ID": 170933, "LANDMARK_NAME": "PROVINCIAL NORTH APARTMENTS", "FULL_ADDRESS": "1269 N FOSTER DR", "CITY": "BATON ROUGE", "STATE": "LOUISIANA", "ZIP": 70806, "PHONE_NUMBER": null, "LATITUDE": 30.46036, "LONGITUDE": -91.14089 }, "geometry": { "type": "Point", "coordinates": [ -91.140897622180717, 30.460362188465325 ] } },
{ "type": "Feature", "properties": { "ID": 170934, "LANDMARK_NAME": "PROVINCIAL NORTH APARTMENTS", "FULL_ADDRESS": "1273 N FOSTER DR", "CITY": "BATON ROUGE", "STATE": "LOUISIANA", "ZIP": 70806, "PHONE_NUMBER": null, "LATITUDE": 30.46042, "LONGITUDE": -91.1409 }, "geometry": { "type": "Point", "coordinates": [ -91.140901885958883, 30.460426830232809 ] } },
{ "type": "Feature", "properties": { "ID": 171117, "LANDMARK_NAME": "REDBUD APARTMENTS", "FULL_ADDRESS": "4201 GROOM RD", "CITY": "BAKER", "STATE": "LOUISIANA", "ZIP": 70714, "PHONE_NUMBER": null, "LATITUDE": 30.58801, "LONGITUDE": -91.15471 }, "geometry": { "type": "Point", "coordinates": [ -91.154715644955857, 30.588014951879099 ] } },
{ "type": "Feature", "properties": { "ID": 171145, "LANDMARK_NAME": "PROVINCIAL NORTH APARTMENTS", "FULL_ADDRESS": "1275 N FOSTER DR", "CITY": "BATON ROUGE", "STATE": "LOUISIANA", "ZIP": 70806, "PHONE_NUMBER": null, "LATITUDE": 30.46046, "LONGITUDE": -91.1409 }, "geometry": { "type": "Point", "coordinates": [ -91.140910585689355, 30.460466764270837 ] } },
{ "type": "Feature", "properties": { "ID": 171146, "LANDMARK_NAME": "PROVINCIAL NORTH APARTMENTS", "FULL_ADDRESS": "1277 N FOSTER DR", "CITY": "BATON ROUGE", "STATE": "LOUISIANA", "ZIP": 70806, "PHONE_NUMBER": null, "LATITUDE": 30.4605, "LONGITUDE": -91.1409 }, "geometry": { "type": "Point", "coordinates": [ -91.140906126591304, 30.460502877816413 ] } },
{ "type": "Feature", "properties": { "ID": 171147, "LANDMARK_NAME": "PROVINCIAL NORTH APARTMENTS", "FULL_ADDRESS": "1279 N FOSTER DR", "CITY": "BATON ROUGE", "STATE": "LOUISIANA", "ZIP": 70806, "PHONE_NUMBER": null, "LATITUDE": 30.46054, "LONGITUDE": -91.1409 }, "geometry": { "type": "Point", "coordinates": [ -91.140908236896365, 30.460546604518616 ] } },
{ "type": "Feature", "properties": { "ID": 171148, "LANDMARK_NAME": "PROVINCIAL NORTH APARTMENTS", "FULL_ADDRESS": "1281 N FOSTER DR", "CITY": "BATON ROUGE", "STATE": "LOUISIANA", "ZIP": 70806, "PHONE_NUMBER": null, "LATITUDE": 30.46058, "LONGITUDE": -91.14089 }, "geometry": { "type": "Point", "coordinates": [ -91.14089499962509, 30.460582704390472 ] } },
{ "type": "Feature", "properties": { "ID": 171149, "LANDMARK_NAME": "PROVINCIAL NORTH APARTMENTS", "FULL_ADDRESS": "1285 N FOSTER DR", "CITY": "BATON ROUGE", "STATE": "LOUISIANA", "ZIP": 70806, "PHONE_NUMBER": null, "LATITUDE": 30.46059, "LONGITUDE": -91.14077 }, "geometry": { "type": "Point", "coordinates": [ -91.140774284424097, 30.460593934563498 ] } },
{ "type": "Feature", "properties": { "ID": 171150, "LANDMARK_NAME": "PROVINCIAL NORTH APARTMENTS", "FULL_ADDRESS": "1287 N FOSTER DR", "CITY": "BATON ROUGE", "STATE": "LOUISIANA", "ZIP": 70806, "PHONE_NUMBER": null, "LATITUDE": 30.46059, "LONGITUDE": -91.14073 }, "geometry": { "type": "Point", "coordinates": [ -91.140734784735002, 30.460593877055331 ] } },
{ "type": "Feature", "properties": { "ID": 171151, "LANDMARK_NAME": "PROVINCIAL NORTH APARTMENTS", "FULL_ADDRESS": "1289 N FOSTER DR", "CITY": "BATON ROUGE", "STATE": "LOUISIANA", "ZIP": 70806, "PHONE_NUMBER": null, "LATITUDE": 30.4606, "LONGITUDE": -91.14068 }, "geometry": { "type": "Point", "coordinates": [ -91.14068868613893, 30.460601414426769 ] } },
{ "type": "Feature", "properties": { "ID": 171152, "LANDMARK_NAME": "PROVINCIAL NORTH APARTMENTS", "FULL_ADDRESS": "1291 N FOSTER DR", "CITY": "BATON ROUGE", "STATE": "LOUISIANA", "ZIP": 70806, "PHONE_NUMBER": null, "LATITUDE": 30.4606, "LONGITUDE": -91.14062 }, "geometry": { "type": "Point", "coordinates": [ -91.14062504434574, 30.46060322239725 ] } },
{ "type": "Feature", "properties": { "ID": 171153, "LANDMARK_NAME": "PROVINCIAL NORTH APARTMENTS", "FULL_ADDRESS": "1293 N FOSTER DR", "CITY": "BATON ROUGE", "STATE": "LOUISIANA", "ZIP": 70806, "PHONE_NUMBER": null, "LATITUDE": 30.4606, "LONGITUDE": -91.14057 }, "geometry": { "type": "Point", "coordinates": [ -91.140576755405078, 30.460608855864141 ] } },
{ "type": "Feature", "properties": { "ID": 171154, "LANDMARK_NAME": "PROVINCIAL NORTH APARTMENTS", "FULL_ADDRESS": "1297 N FOSTER DR", "CITY": "BATON ROUGE", "STATE": "LOUISIANA", "ZIP": 70806, "PHONE_NUMBER": null, "LATITUDE": 30.4606, "LONGITUDE": -91.14047 }, "geometry": { "type": "Point", "coordinates": [ -91.140480211792365, 30.46060301131233 ] } },
{ "type": "Feature", "properties": { "ID": 171155, "LANDMARK_NAME": "PROVINCIAL NORTH APARTMENTS", "FULL_ADDRESS": "1299 N FOSTER DR", "CITY": "BATON ROUGE", "STATE": "LOUISIANA", "ZIP": 70806, "PHONE_NUMBER": null, "LATITUDE": 30.4606, "LONGITUDE": -91.14043 }, "geometry": { "type": "Point", "coordinates": [ -91.140434125296153, 30.460604845687275 ] } },
{ "type": "Feature", "properties": { "ID": 171156, "LANDMARK_NAME": "PROVINCIAL NORTH APARTMENTS", "FULL_ADDRESS": "1301 N FOSTER DR", "CITY": "BATON ROUGE", "STATE": "LOUISIANA", "ZIP": 70806, "PHONE_NUMBER": null, "LATITUDE": 30.4606, "LONGITUDE": -91.14038 }, "geometry": { "type": "Point", "coordinates": [ -91.140381454649884, 30.460606669539704 ] } },
{ "type": "Feature", "properties": { "ID": 171157, "LANDMARK_NAME": "PROVINCIAL NORTH APARTMENTS", "FULL_ADDRESS": "1303 N FOSTER DR", "CITY": "BATON ROUGE", "STATE": "LOUISIANA", "ZIP": 70806, "PHONE_NUMBER": null, "LATITUDE": 30.4606, "LONGITUDE": -91.14032 }, "geometry": { "type": "Point", "coordinates": [ -91.140322200891006, 30.460608484667425 ] } },
{ "type": "Feature", "properties": { "ID": 171158, "LANDMARK_NAME": "PROVINCIAL NORTH APARTMENTS", "FULL_ADDRESS": "1305 N FOSTER DR", "CITY": "BATON ROUGE", "STATE": "LOUISIANA", "ZIP": 70806, "PHONE_NUMBER": null, "LATITUDE": 30.4606, "LONGITUDE": -91.14026 }, "geometry": { "type": "Point", "coordinates": [ -91.140269538677003, 30.460606506236591 ] } },
{ "type": "Feature", "properties": { "ID": 171159, "LANDMARK_NAME": "PROVINCIAL NORTH APARTMENTS", "FULL_ADDRESS": "1307 N FOSTER DR", "CITY": "BATON ROUGE", "STATE": "LOUISIANA", "ZIP": 70806, "PHONE_NUMBER": null, "LATITUDE": 30.46061, "LONGITUDE": -91.14021 }, "geometry": { "type": "Point", "coordinates": [ -91.140212465187503, 30.460615928097404 ] } },
{ "type": "Feature", "properties": { "ID": 171160, "LANDMARK_NAME": "PROVINCIAL NORTH APARTMENTS", "FULL_ADDRESS": "1309 N FOSTER DR", "CITY": "BATON ROUGE", "STATE": "LOUISIANA", "ZIP": 70806, "PHONE_NUMBER": null, "LATITUDE": 30.46061, "LONGITUDE": -91.14015 }, "geometry": { "type": "Point", "coordinates": [ -91.140159790830808, 30.460619653432701 ] } },
{ "type": "Feature", "properties": { "ID": 171161, "LANDMARK_NAME": "PROVINCIAL NORTH APARTMENTS", "FULL_ADDRESS": "1311 N FOSTER DR", "CITY": "BATON ROUGE", "STATE": "LOUISIANA", "ZIP": 70806, "PHONE_NUMBER": null, "LATITUDE": 30.46062, "LONGITUDE": -91.1401 }, "geometry": { "type": "Point", "coordinates": [ -91.140104922447307, 30.460623375541953 ] } },
{ "type": "Feature", "properties": { "ID": 171162, "LANDMARK_NAME": "PROVINCIAL NORTH APARTMENTS", "FULL_ADDRESS": "1315 N FOSTER DR", "CITY": "BATON ROUGE", "STATE": "LOUISIANA", "ZIP": 70806, "PHONE_NUMBER": null, "LATITUDE": 30.46062, "LONGITUDE": -91.14 }, "geometry": { "type": "Point", "coordinates": [ -91.14000616631202, 30.460627033490635 ] } },
{ "type": "Feature", "properties": { "ID": 171163, "LANDMARK_NAME": "PROVINCIAL NORTH APARTMENTS", "FULL_ADDRESS": "1317 N FOSTER DR", "CITY": "BATON ROUGE", "STATE": "LOUISIANA", "ZIP": 70806, "PHONE_NUMBER": null, "LATITUDE": 30.46062, "LONGITUDE": -91.13993 }, "geometry": { "type": "Point", "coordinates": [ -91.139940333128621, 30.460626937254347 ] } },
{ "type": "Feature", "properties": { "ID": 171164, "LANDMARK_NAME": "PROVINCIAL NORTH APARTMENTS", "FULL_ADDRESS": "1319 N FOSTER DR", "CITY": "BATON ROUGE", "STATE": "LOUISIANA", "ZIP": 70806, "PHONE_NUMBER": null, "LATITUDE": 30.46062, "LONGITUDE": -91.13986 }, "geometry": { "type": "Point", "coordinates": [ -91.139865725477193, 30.460624926575129 ] } },
{ "type": "Feature", "properties": { "ID": 171165, "LANDMARK_NAME": "PROVINCIAL NORTH APARTMENTS", "FULL_ADDRESS": "1323 N FOSTER DR", "CITY": "BATON ROUGE", "STATE": "LOUISIANA", "ZIP": 70806, "PHONE_NUMBER": null, "LATITUDE": 30.46062, "LONGITUDE": -91.13974 }, "geometry": { "type": "Point", "coordinates": [ -91.139747215253124, 30.460630456110476 ] } },
{ "type": "Feature", "properties": { "ID": 171166, "LANDMARK_NAME": "PROVINCIAL NORTH APARTMENTS", "FULL_ADDRESS": "1325 N FOSTER DR", "CITY": "BATON ROUGE", "STATE": "LOUISIANA", "ZIP": 70806, "PHONE_NUMBER": null, "LATITUDE": 30.46034, "LONGITUDE": -91.13972 }, "geometry": { "type": "Point", "coordinates": [ -91.139721441647737, 30.460343363307729 ] } },
{ "type": "Feature", "properties": { "ID": 171167, "LANDMARK_NAME": "PROVINCIAL NORTH APARTMENTS", "FULL_ADDRESS": "1327 N FOSTER DR", "CITY": "BATON ROUGE", "STATE": "LOUISIANA", "ZIP": 70806, "PHONE_NUMBER": null, "LATITUDE": 30.46033, "LONGITUDE": -91.1398 }, "geometry": { "type": "Point", "coordinates": [ -91.139804848430984, 30.460333980189041 ] } },
{ "type": "Feature", "properties": { "ID": 171168, "LANDMARK_NAME": "PROVINCIAL NORTH APARTMENTS", "FULL_ADDRESS": "1329 N FOSTER DR", "CITY": "BATON ROUGE", "STATE": "LOUISIANA", "ZIP": 70806, "PHONE_NUMBER": null, "LATITUDE": 30.46031, "LONGITUDE": -91.1399 }, "geometry": { "type": "Point", "coordinates": [ -91.139905825270034, 30.460317018209516 ] } },
{ "type": "Feature", "properties": { "ID": 171169, "LANDMARK_NAME": "PROVINCIAL NORTH APARTMENTS", "FULL_ADDRESS": "1333 N FOSTER DR", "CITY": "BATON ROUGE", "STATE": "LOUISIANA", "ZIP": 70806, "PHONE_NUMBER": null, "LATITUDE": 30.4603, "LONGITUDE": -91.14003 }, "geometry": { "type": "Point", "coordinates": [ -91.140035315718677, 30.46030770232721 ] } },
{ "type": "Feature", "properties": { "ID": 171170, "LANDMARK_NAME": "PROVINCIAL NORTH APARTMENTS", "FULL_ADDRESS": "1335 N FOSTER DR", "CITY": "BATON ROUGE", "STATE": "LOUISIANA", "ZIP": 70806, "PHONE_NUMBER": null, "LATITUDE": 30.46031, "LONGITUDE": -91.1401 }, "geometry": { "type": "Point", "coordinates": [ -91.140103335304971, 30.460311603961955 ] } },
{ "type": "Feature", "properties": { "ID": 171171, "LANDMARK_NAME": "PROVINCIAL NORTH APARTMENTS", "FULL_ADDRESS": "1337 N FOSTER DR", "CITY": "BATON ROUGE", "STATE": "LOUISIANA", "ZIP": 70806, "PHONE_NUMBER": null, "LATITUDE": 30.46033, "LONGITUDE": -91.14015 }, "geometry": { "type": "Point", "coordinates": [ -91.140158155423904, 30.460332595063388 ] } },
{ "type": "Feature", "properties": { "ID": 171172, "LANDMARK_NAME": "PROVINCIAL NORTH APARTMENTS", "FULL_ADDRESS": "1341 N FOSTER DR", "CITY": "BATON ROUGE", "STATE": "LOUISIANA", "ZIP": 70806, "PHONE_NUMBER": null, "LATITUDE": 30.46033, "LONGITUDE": -91.14028 }, "geometry": { "type": "Point", "coordinates": [ -91.14028543232665, 30.460332780880805 ] } },
{ "type": "Feature", "properties": { "ID": 171173, "LANDMARK_NAME": "PROVINCIAL NORTH APARTMENTS", "FULL_ADDRESS": "1343 N FOSTER DR", "CITY": "BATON ROUGE", "STATE": "LOUISIANA", "ZIP": 70806, "PHONE_NUMBER": null, "LATITUDE": 30.46033, "LONGITUDE": -91.14036 }, "geometry": { "type": "Point", "coordinates": [ -91.140366629207691, 30.460330998685279 ] } },
{ "type": "Feature", "properties": { "ID": 171174, "LANDMARK_NAME": "PROVINCIAL NORTH APARTMENTS", "FULL_ADDRESS": "1345 N FOSTER DR", "CITY": "BATON ROUGE", "STATE": "LOUISIANA", "ZIP": 70806, "PHONE_NUMBER": null, "LATITUDE": 30.46032, "LONGITUDE": -91.14044 }, "geometry": { "type": "Point", "coordinates": [ -91.140443438053126, 30.460329210041028 ] } },
{ "type": "Feature", "properties": { "ID": 171175, "LANDMARK_NAME": "PROVINCIAL NORTH APARTMENTS", "FULL_ADDRESS": "1349 N FOSTER DR", "CITY": "BATON ROUGE", "STATE": "LOUISIANA", "ZIP": 70806, "PHONE_NUMBER": null, "LATITUDE": 30.46029, "LONGITUDE": -91.14058 }, "geometry": { "type": "Point", "coordinates": [ -91.140586142632486, 30.460295199608211 ] } },
{ "type": "Feature", "properties": { "ID": 171176, "LANDMARK_NAME": "PROVINCIAL NORTH APARTMENTS", "FULL_ADDRESS": "1351 N FOSTER DR", "CITY": "BATON ROUGE", "STATE": "LOUISIANA", "ZIP": 70806, "PHONE_NUMBER": null, "LATITUDE": 30.46028, "LONGITUDE": -91.14065 }, "geometry": { "type": "Point", "coordinates": [ -91.140654188061816, 30.460285793568634 ] } },
{ "type": "Feature", "properties": { "ID": 171177, "LANDMARK_NAME": "PROVINCIAL NORTH APARTMENTS", "FULL_ADDRESS": "1353 N FOSTER DR", "CITY": "BATON ROUGE", "STATE": "LOUISIANA", "ZIP": 70806, "PHONE_NUMBER": null, "LATITUDE": 30.46028, "LONGITUDE": -91.14071 }, "geometry": { "type": "Point", "coordinates": [ -91.140715628259457, 30.460287783727612 ] } },
{ "type": "Feature", "properties": { "ID": 171178, "LANDMARK_NAME": "PROVINCIAL NORTH APARTMENTS", "FULL_ADDRESS": "1357 N FOSTER DR", "CITY": "BATON ROUGE", "STATE": "LOUISIANA", "ZIP": 70806, "PHONE_NUMBER": null, "LATITUDE": 30.46013, "LONGITUDE": -91.14066 }, "geometry": { "type": "Point", "coordinates": [ -91.140663250318084, 30.460139426854557 ] } },
{ "type": "Feature", "properties": { "ID": 171179, "LANDMARK_NAME": "PROVINCIAL NORTH APARTMENTS", "FULL_ADDRESS": "1359 N FOSTER DR", "CITY": "BATON ROUGE", "STATE": "LOUISIANA", "ZIP": 70806, "PHONE_NUMBER": null, "LATITUDE": 30.46013, "LONGITUDE": -91.1406 }, "geometry": { "type": "Point", "coordinates": [ -91.14060620192943, 30.460135541493347 ] } },
{ "type": "Feature", "properties": { "ID": 171180, "LANDMARK_NAME": "PROVINCIAL NORTH APARTMENTS", "FULL_ADDRESS": "1361 N FOSTER DR", "CITY": "BATON ROUGE", "STATE": "LOUISIANA", "ZIP": 70806, "PHONE_NUMBER": null, "LATITUDE": 30.46013, "LONGITUDE": -91.14055 }, "geometry": { "type": "Point", "coordinates": [ -91.140553528883757, 30.460139266987504 ] } },
{ "type": "Feature", "properties": { "ID": 171181, "LANDMARK_NAME": "PROVINCIAL NORTH APARTMENTS", "FULL_ADDRESS": "1365 N FOSTER DR", "CITY": "BATON ROUGE", "STATE": "LOUISIANA", "ZIP": 70806, "PHONE_NUMBER": null, "LATITUDE": 30.46014, "LONGITUDE": -91.14042 }, "geometry": { "type": "Point", "coordinates": [ -91.14043063390541, 30.460142890069751 ] } },
{ "type": "Feature", "properties": { "ID": 171182, "LANDMARK_NAME": "PROVINCIAL NORTH APARTMENTS", "FULL_ADDRESS": "1367 N FOSTER DR", "CITY": "BATON ROUGE", "STATE": "LOUISIANA", "ZIP": 70806, "PHONE_NUMBER": null, "LATITUDE": 30.46014, "LONGITUDE": -91.14036 }, "geometry": { "type": "Point", "coordinates": [ -91.140366991360224, 30.460144697914721 ] } },
{ "type": "Feature", "properties": { "ID": 171183, "LANDMARK_NAME": "PROVINCIAL NORTH APARTMENTS", "FULL_ADDRESS": "1369 N FOSTER DR", "CITY": "BATON ROUGE", "STATE": "LOUISIANA", "ZIP": 70806, "PHONE_NUMBER": null, "LATITUDE": 30.46014, "LONGITUDE": -91.14029 }, "geometry": { "type": "Point", "coordinates": [ -91.140294571720361, 30.460146493822243 ] } },
{ "type": "Feature", "properties": { "ID": 171184, "LANDMARK_NAME": "PROVINCIAL NORTH APARTMENTS", "FULL_ADDRESS": "1373 N FOSTER DR", "CITY": "BATON ROUGE", "STATE": "LOUISIANA", "ZIP": 70806, "PHONE_NUMBER": null, "LATITUDE": 30.46015, "LONGITUDE": -91.14019 }, "geometry": { "type": "Point", "coordinates": [ -91.14019361731475, 30.46015204937725 ] } },
{ "type": "Feature", "properties": { "ID": 171185, "LANDMARK_NAME": "PROVINCIAL NORTH APARTMENTS", "FULL_ADDRESS": "1375 N FOSTER DR", "CITY": "BATON ROUGE", "STATE": "LOUISIANA", "ZIP": 70806, "PHONE_NUMBER": null, "LATITUDE": 30.46015, "LONGITUDE": -91.14015 }, "geometry": { "type": "Point", "coordinates": [ -91.140154110402506, 30.460155793936334 ] } },
{ "type": "Feature", "properties": { "ID": 171186, "LANDMARK_NAME": "PROVINCIAL NORTH APARTMENTS", "FULL_ADDRESS": "1377 N FOSTER DR", "CITY": "BATON ROUGE", "STATE": "LOUISIANA", "ZIP": 70806, "PHONE_NUMBER": null, "LATITUDE": 30.46015, "LONGITUDE": -91.14011 }, "geometry": { "type": "Point", "coordinates": [ -91.140116804900629, 30.460155739447835 ] } },
{ "type": "Feature", "properties": { "ID": 171187, "LANDMARK_NAME": "PROVINCIAL NORTH APARTMENTS", "FULL_ADDRESS": "1381 N FOSTER DR", "CITY": "BATON ROUGE", "STATE": "LOUISIANA", "ZIP": 70806, "PHONE_NUMBER": null, "LATITUDE": 30.46015, "LONGITUDE": -91.14004 }, "geometry": { "type": "Point", "coordinates": [ -91.140042191237399, 30.460157531110209 ] } },
{ "type": "Feature", "properties": { "ID": 171188, "LANDMARK_NAME": "PROVINCIAL NORTH APARTMENTS", "FULL_ADDRESS": "1383 N FOSTER DR", "CITY": "BATON ROUGE", "STATE": "LOUISIANA", "ZIP": 70806, "PHONE_NUMBER": null, "LATITUDE": 30.46015, "LONGITUDE": -91.14 }, "geometry": { "type": "Point", "coordinates": [ -91.140004885734982, 30.460157476590158 ] } },
{ "type": "Feature", "properties": { "ID": 171189, "LANDMARK_NAME": "PROVINCIAL NORTH APARTMENTS", "FULL_ADDRESS": "1385 N FOSTER DR", "CITY": "BATON ROUGE", "STATE": "LOUISIANA", "ZIP": 70806, "PHONE_NUMBER": null, "LATITUDE": 30.46015, "LONGITUDE": -91.13997 }, "geometry": { "type": "Point", "coordinates": [ -91.13997196559491, 30.460159330047144 ] } },
{ "type": "Feature", "properties": { "ID": 171190, "LANDMARK_NAME": "PROVINCIAL NORTH APARTMENTS", "FULL_ADDRESS": "1387 N FOSTER DR", "CITY": "BATON ROUGE", "STATE": "LOUISIANA", "ZIP": 70806, "PHONE_NUMBER": null, "LATITUDE": 30.46016, "LONGITUDE": -91.13993 }, "geometry": { "type": "Point", "coordinates": [ -91.139936844035049, 30.460164981626722 ] } },
{ "type": "Feature", "properties": { "ID": 171191, "LANDMARK_NAME": "PROVINCIAL NORTH APARTMENTS", "FULL_ADDRESS": "1391 N FOSTER DR", "CITY": "BATON ROUGE", "STATE": "LOUISIANA", "ZIP": 70806, "PHONE_NUMBER": null, "LATITUDE": 30.46016, "LONGITUDE": -91.13986 }, "geometry": { "type": "Point", "coordinates": [ -91.139862234066015, 30.460164872518202 ] } },
{ "type": "Feature", "properties": { "ID": 171192, "LANDMARK_NAME": "PROVINCIAL NORTH APARTMENTS", "FULL_ADDRESS": "1393 N FOSTER DR", "CITY": "BATON ROUGE", "STATE": "LOUISIANA", "ZIP": 70806, "PHONE_NUMBER": null, "LATITUDE": 30.46016, "LONGITUDE": -91.13982 }, "geometry": { "type": "Point", "coordinates": [ -91.13982492485583, 30.460166718616751 ] } },
{ "type": "Feature", "properties": { "ID": 171193, "LANDMARK_NAME": "PROVINCIAL NORTH APARTMENTS", "FULL_ADDRESS": "1395 N FOSTER DR", "CITY": "BATON ROUGE", "STATE": "LOUISIANA", "ZIP": 70806, "PHONE_NUMBER": null, "LATITUDE": 30.46016, "LONGITUDE": -91.13978 }, "geometry": { "type": "Point", "coordinates": [ -91.139785421631458, 30.460168561494402 ] } },
{ "type": "Feature", "properties": { "ID": 171339, "LANDMARK_NAME": "SYCAMORE SUITES APARTMENTS", "FULL_ADDRESS": "4386 JEFFERSON ST", "CITY": "BAKER", "STATE": "LOUISIANA", "ZIP": 70714, "PHONE_NUMBER": null, "LATITUDE": 30.58984, "LONGITUDE": -91.15376 }, "geometry": { "type": "Point", "coordinates": [ -91.153764537737672, 30.589849029005304 ] } },
{ "type": "Feature", "properties": { "ID": 171448, "LANDMARK_NAME": "SAVOY PLAZA APARTMENTS", "FULL_ADDRESS": "520 WOODDALE BLVD", "CITY": "BATON ROUGE", "STATE": "LOUISIANA", "ZIP": 70806, "PHONE_NUMBER": null, "LATITUDE": 30.45475, "LONGITUDE": -91.10503 }, "geometry": { "type": "Point", "coordinates": [ -91.105036591895924, 30.454756882675682 ] } },
{ "type": "Feature", "properties": { "ID": 171473, "LANDMARK_NAME": "APARTMENTS", "FULL_ADDRESS": "264 SHARP RD", "CITY": "BATON ROUGE", "STATE": "LOUISIANA", "ZIP": 70815, "PHONE_NUMBER": null, "LATITUDE": 30.45494, "LONGITUDE": -91.07406 }, "geometry": { "type": "Point", "coordinates": [ -91.074069755947164, 30.454943664453257 ] } },
{ "type": "Feature", "properties": { "ID": 171839, "LANDMARK_NAME": "MONTE SANO VILLAGE APARTMENTS", "FULL_ADDRESS": "3002 MASON AVE, BLDG 101", "CITY": "BATON ROUGE", "STATE": "LOUISIANA", "ZIP": 70805, "PHONE_NUMBER": null, "LATITUDE": 30.50705, "LONGITUDE": -91.16032 }, "geometry": { "type": "Point", "coordinates": [ -91.160529630997871, 30.506753007216133 ] } },
{ "type": "Feature", "properties": { "ID": 172640, "LANDMARK_NAME": "SIEGEN CALAIS APARTMENTS", "FULL_ADDRESS": "8373 SIEGEN LN", "CITY": "BATON ROUGE", "STATE": "LOUISIANA", "ZIP": 70810, "PHONE_NUMBER": null, "LATITUDE": 30.37189, "LONGITUDE": -91.07108 }, "geometry": { "type": "Point", "coordinates": [ -91.071084476421532, 30.371891863681547 ] } },
{ "type": "Feature", "properties": { "ID": 172641, "LANDMARK_NAME": "SIEGEN CALAIS APARTMENTS", "FULL_ADDRESS": "8375 SIEGEN LN", "CITY": "BATON ROUGE", "STATE": "LOUISIANA", "ZIP": 70810, "PHONE_NUMBER": null, "LATITUDE": 30.37161, "LONGITUDE": -91.07095 }, "geometry": { "type": "Point", "coordinates": [ -91.070954901178467, 30.37161826848665 ] } },
{ "type": "Feature", "properties": { "ID": 172642, "LANDMARK_NAME": "SIEGEN CALAIS APARTMENTS", "FULL_ADDRESS": "8377 SIEGEN LN", "CITY": "BATON ROUGE", "STATE": "LOUISIANA", "ZIP": 70810, "PHONE_NUMBER": null, "LATITUDE": 30.37159, "LONGITUDE": -91.07057 }, "geometry": { "type": "Point", "coordinates": [ -91.07057248473491, 30.371591997292345 ] } },
{ "type": "Feature", "properties": { "ID": 172643, "LANDMARK_NAME": "SIEGEN CALAIS APARTMENTS", "FULL_ADDRESS": "8379 SIEGEN LN", "CITY": "BATON ROUGE", "STATE": "LOUISIANA", "ZIP": 70810, "PHONE_NUMBER": null, "LATITUDE": 30.3719, "LONGITUDE": -91.0707 }, "geometry": { "type": "Point", "coordinates": [ -91.070710359119289, 30.371905698666168 ] } },
{ "type": "Feature", "properties": { "ID": 172644, "LANDMARK_NAME": "SIEGEN CALAIS APARTMENTS", "FULL_ADDRESS": "8381 SIEGEN LN", "CITY": "BATON ROUGE", "STATE": "LOUISIANA", "ZIP": 70810, "PHONE_NUMBER": null, "LATITUDE": 30.37183, "LONGITUDE": -91.07043 }, "geometry": { "type": "Point", "coordinates": [ -91.070433145452, 30.371832257825442 ] } },
{ "type": "Feature", "properties": { "ID": 172663, "LANDMARK_NAME": "BROWNLEE APARTMENTS 1", "FULL_ADDRESS": "2447 BROWNLEE ST", "CITY": "BATON ROUGE", "STATE": "LOUISIANA", "ZIP": 70808, "PHONE_NUMBER": null, "LATITUDE": 30.42606, "LONGITUDE": -91.1396 }, "geometry": { "type": "Point", "coordinates": [ -91.13960288673151, 30.42606600790581 ] } },
{ "type": "Feature", "properties": { "ID": 172679, "LANDMARK_NAME": "MID CITY FLATS APARTMENTS", "FULL_ADDRESS": "4637 NORTH BLVD", "CITY": "BATON ROUGE", "STATE": "LOUISIANA", "ZIP": 70806, "PHONE_NUMBER": null, "LATITUDE": 30.44916, "LONGITUDE": -91.14185 }, "geometry": { "type": "Point", "coordinates": [ -91.141854853615854, 30.449161662704334 ] } },
{ "type": "Feature", "properties": { "ID": 172680, "LANDMARK_NAME": "MID CITY FLATS APARTMENTS", "FULL_ADDRESS": "4515 NORTH BLVD", "CITY": "BATON ROUGE", "STATE": "LOUISIANA", "ZIP": 70806, "PHONE_NUMBER": null, "LATITUDE": 30.44915, "LONGITUDE": -91.14286 }, "geometry": { "type": "Point", "coordinates": [ -91.142861833020717, 30.449155740442212 ] } },
{ "type": "Feature", "properties": { "ID": 172681, "LANDMARK_NAME": "MID CITY FLATS APARTMENTS", "FULL_ADDRESS": "4617 NORTH BLVD", "CITY": "BATON ROUGE", "STATE": "LOUISIANA", "ZIP": 70806, "PHONE_NUMBER": null, "LATITUDE": 30.44917, "LONGITUDE": -91.14231 }, "geometry": { "type": "Point", "coordinates": [ -91.142317105049599, 30.449176878057447 ] } },
{ "type": "Feature", "properties": { "ID": 172746, "LANDMARK_NAME": "THE VILLAS APARTMENTS", "FULL_ADDRESS": "3542 MARIE DR", "CITY": "BATON ROUGE", "STATE": "LOUISIANA", "ZIP": 70806, "PHONE_NUMBER": null, "LATITUDE": 30.44029, "LONGITUDE": -91.15275 }, "geometry": { "type": "Point", "coordinates": [ -91.152754471795333, 30.440298310310631 ] } },
{ "type": "Feature", "properties": { "ID": 172747, "LANDMARK_NAME": "THE VILLAS APARTMENTS", "FULL_ADDRESS": "3544 MARIE DR", "CITY": "BATON ROUGE", "STATE": "LOUISIANA", "ZIP": 70806, "PHONE_NUMBER": null, "LATITUDE": 30.44029, "LONGITUDE": -91.15269 }, "geometry": { "type": "Point", "coordinates": [ -91.152691644614663, 30.440299695800949 ] } },
{ "type": "Feature", "properties": { "ID": 172913, "LANDMARK_NAME": "SIEGEN CALAIS APARTMENTS", "FULL_ADDRESS": "8371 SIEGEN LN", "CITY": "BATON ROUGE", "STATE": "LOUISIANA", "ZIP": 70810, "PHONE_NUMBER": null, "LATITUDE": 30.37202, "LONGITUDE": -91.07135 }, "geometry": { "type": "Point", "coordinates": [ -91.07135312974151, 30.372023598802645 ] } },
{ "type": "Feature", "properties": { "ID": 172976, "LANDMARK_NAME": "APARTMENTS", "FULL_ADDRESS": "727 S FOSTER DR", "CITY": "BATON ROUGE", "STATE": "LOUISIANA", "ZIP": 70806, "PHONE_NUMBER": null, "LATITUDE": 30.44216, "LONGITUDE": -91.13816 }, "geometry": { "type": "Point", "coordinates": [ -91.138161906672295, 30.442166802701003 ] } },
{ "type": "Feature", "properties": { "ID": 173253, "LANDMARK_NAME": "APARTMENTS", "FULL_ADDRESS": "3467 CLAYTON ST", "CITY": "BATON ROUGE", "STATE": "LOUISIANA", "ZIP": 70805, "PHONE_NUMBER": null, "LATITUDE": 30.49114, "LONGITUDE": -91.15546 }, "geometry": { "type": "Point", "coordinates": [ -91.15546805626002, 30.491144614274063 ] } },
{ "type": "Feature", "properties": { "ID": 173299, "LANDMARK_NAME": "THE VILLAS APARTMENTS", "FULL_ADDRESS": "3522 MARIE DR", "CITY": "BATON ROUGE", "STATE": "LOUISIANA", "ZIP": 70806, "PHONE_NUMBER": null, "LATITUDE": 30.44018, "LONGITUDE": -91.15321 }, "geometry": { "type": "Point", "coordinates": [ -91.153218209924418, 30.440190071431019 ] } },
{ "type": "Feature", "properties": { "ID": 173300, "LANDMARK_NAME": "THE VILLAS APARTMENTS", "FULL_ADDRESS": "3534 MARIE DR", "CITY": "BATON ROUGE", "STATE": "LOUISIANA", "ZIP": 70806, "PHONE_NUMBER": null, "LATITUDE": 30.44028, "LONGITUDE": -91.153 }, "geometry": { "type": "Point", "coordinates": [ -91.153002399459709, 30.440283936574847 ] } },
{ "type": "Feature", "properties": { "ID": 173301, "LANDMARK_NAME": "THE VILLAS APARTMENTS", "FULL_ADDRESS": "3536 MARIE DR", "CITY": "BATON ROUGE", "STATE": "LOUISIANA", "ZIP": 70806, "PHONE_NUMBER": null, "LATITUDE": 30.44028, "LONGITUDE": -91.15294 }, "geometry": { "type": "Point", "coordinates": [ -91.152942962976567, 30.440288269397339 ] } },
{ "type": "Feature", "properties": { "ID": 173302, "LANDMARK_NAME": "THE VILLAS APARTMENTS", "FULL_ADDRESS": "3538 MARIE DR", "CITY": "BATON ROUGE", "STATE": "LOUISIANA", "ZIP": 70806, "PHONE_NUMBER": null, "LATITUDE": 30.44029, "LONGITUDE": -91.15288 }, "geometry": { "type": "Point", "coordinates": [ -91.152885227179638, 30.440291132316997 ] } },
{ "type": "Feature", "properties": { "ID": 173303, "LANDMARK_NAME": "THE VILLAS APARTMENTS", "FULL_ADDRESS": "3540 MARIE DR", "CITY": "BATON ROUGE", "STATE": "LOUISIANA", "ZIP": 70806, "PHONE_NUMBER": null, "LATITUDE": 30.44029, "LONGITUDE": -91.15282 }, "geometry": { "type": "Point", "coordinates": [ -91.15282240000532, 30.440292517869452 ] } },
{ "type": "Feature", "properties": { "ID": 173471, "LANDMARK_NAME": "APARTMENTS", "FULL_ADDRESS": "384 W ROOSEVELT ST", "CITY": "BATON ROUGE", "STATE": "LOUISIANA", "ZIP": 70802, "PHONE_NUMBER": null, "LATITUDE": 30.42193, "LONGITUDE": -91.18133 }, "geometry": { "type": "Point", "coordinates": [ -91.181333860167513, 30.421937326953472 ] } },
{ "type": "Feature", "properties": { "ID": 174085, "LANDMARK_NAME": "APARTMENTS", "FULL_ADDRESS": "1530 LA ANNIE DR", "CITY": "BATON ROUGE", "STATE": "LOUISIANA", "ZIP": 70815, "PHONE_NUMBER": null, "LATITUDE": 30.46722, "LONGITUDE": -91.04367 }, "geometry": { "type": "Point", "coordinates": [ -91.043677572500201, 30.467221003809055 ] } },
{ "type": "Feature", "properties": { "ID": 174327, "LANDMARK_NAME": "MID CITY GARDENS APARTMENTS", "FULL_ADDRESS": "151 S 16TH ST", "CITY": "BATON ROUGE", "STATE": "LOUISIANA", "ZIP": 70802, "PHONE_NUMBER": null, "LATITUDE": 30.4469, "LONGITUDE": -91.17254 }, "geometry": { "type": "Point", "coordinates": [ -91.172542759430499, 30.446902706087201 ] } },
{ "type": "Feature", "properties": { "ID": 174407, "LANDMARK_NAME": "LASALLE PLACE APARTMENTS", "FULL_ADDRESS": "7744 LASALLE AVE", "CITY": "BATON ROUGE", "STATE": "LOUISIANA", "ZIP": 70806, "PHONE_NUMBER": null, "LATITUDE": 30.43502, "LONGITUDE": -91.10784 }, "geometry": { "type": "Point", "coordinates": [ -91.107844386267118, 30.435024257409449 ] } },
{ "type": "Feature", "properties": { "ID": 174430, "LANDMARK_NAME": "MID CITY FLATS APARTMENTS", "FULL_ADDRESS": "4525 NORTH BLVD", "CITY": "BATON ROUGE", "STATE": "LOUISIANA", "ZIP": 70806, "PHONE_NUMBER": null, "LATITUDE": 30.44959, "LONGITUDE": -91.14266 }, "geometry": { "type": "Point", "coordinates": [ -91.142663972697491, 30.449595887337356 ] } },
{ "type": "Feature", "properties": { "ID": 174445, "LANDMARK_NAME": "FAIRWAY VIEW APARTMENTS", "FULL_ADDRESS": "2245 COLLEGE DR", "CITY": "BATON ROUGE", "STATE": "LOUISIANA", "ZIP": 70808, "PHONE_NUMBER": null, "LATITUDE": 30.4281, "LONGITUDE": -91.13371 }, "geometry": { "type": "Point", "coordinates": [ -91.133714978310621, 30.428106144009078 ] } },
{ "type": "Feature", "properties": { "ID": 174446, "LANDMARK_NAME": "FAIRWAY VIEW I APARTMENTS", "FULL_ADDRESS": "2225 COLLEGE DR", "CITY": "BATON ROUGE", "STATE": "LOUISIANA", "ZIP": 70808, "PHONE_NUMBER": null, "LATITUDE": 30.43141, "LONGITUDE": -91.13166 }, "geometry": { "type": "Point", "coordinates": [ -91.131670171791228, 30.431415118657309 ] } },
{ "type": "Feature", "properties": { "ID": 174560, "LANDMARK_NAME": "PATRICIAN APARTMENTS", "FULL_ADDRESS": "5208 CLAYCUT RD", "CITY": "BATON ROUGE", "STATE": "LOUISIANA", "ZIP": 70806, "PHONE_NUMBER": null, "LATITUDE": 30.44046, "LONGITUDE": -91.13598 }, "geometry": { "type": "Point", "coordinates": [ -91.135987678633498, 30.440467896064391 ] } },
{ "type": "Feature", "properties": { "ID": 174562, "LANDMARK_NAME": "PATRICIAN APARTMENTS", "FULL_ADDRESS": "5138 CLAYCUT RD", "CITY": "BATON ROUGE", "STATE": "LOUISIANA", "ZIP": 70806, "PHONE_NUMBER": null, "LATITUDE": 30.44102, "LONGITUDE": -91.137 }, "geometry": { "type": "Point", "coordinates": [ -91.137002065316722, 30.441020492846746 ] } },
{ "type": "Feature", "properties": { "ID": 174563, "LANDMARK_NAME": "PATRICIAN APARTMENTS", "FULL_ADDRESS": "5012 CLAYCUT RD", "CITY": "BATON ROUGE", "STATE": "LOUISIANA", "ZIP": 70806, "PHONE_NUMBER": null, "LATITUDE": 30.44119, "LONGITUDE": -91.13729 }, "geometry": { "type": "Point", "coordinates": [ -91.137293000937049, 30.441196902465933 ] } },
{ "type": "Feature", "properties": { "ID": 174829, "LANDMARK_NAME": "APARTMENTS", "FULL_ADDRESS": "11881 PLANK RD", "CITY": "BATON ROUGE", "STATE": "LOUISIANA", "ZIP": 70811, "PHONE_NUMBER": null, "LATITUDE": 30.55368, "LONGITUDE": -91.13536 }, "geometry": { "type": "Point", "coordinates": [ -91.135363050582413, 30.553682413716178 ] } },
{ "type": "Feature", "properties": { "ID": 175034, "LANDMARK_NAME": "THE DISTRICT APARTMENTS", "FULL_ADDRESS": "5500 PERKINS RD", "CITY": "BATON ROUGE", "STATE": "LOUISIANA", "ZIP": 70808, "PHONE_NUMBER": null, "LATITUDE": 30.40938, "LONGITUDE": -91.12989 }, "geometry": { "type": "Point", "coordinates": [ -91.129894961443483, 30.409389595301867 ] } },
{ "type": "Feature", "properties": { "ID": 175044, "LANDMARK_NAME": "EAST LYNN APARTMENTS", "FULL_ADDRESS": "268 EAST DR", "CITY": "BATON ROUGE", "STATE": "LOUISIANA", "ZIP": 70806, "PHONE_NUMBER": null, "LATITUDE": 30.44649, "LONGITUDE": -91.14986 }, "geometry": { "type": "Point", "coordinates": [ -91.149865557234193, 30.446499409589947 ] } },
{ "type": "Feature", "properties": { "ID": 175083, "LANDMARK_NAME": "PATRICIAN APARTMENTS", "FULL_ADDRESS": "5004 CLAYCUT RD", "CITY": "BATON ROUGE", "STATE": "LOUISIANA", "ZIP": 70806, "PHONE_NUMBER": null, "LATITUDE": 30.44105, "LONGITUDE": -91.13745 }, "geometry": { "type": "Point", "coordinates": [ -91.137450942034178, 30.441058206960275 ] } },
{ "type": "Feature", "properties": { "ID": 175084, "LANDMARK_NAME": "PATRICIAN APARTMENTS", "FULL_ADDRESS": "5008 CLAYCUT RD", "CITY": "BATON ROUGE", "STATE": "LOUISIANA", "ZIP": 70806, "PHONE_NUMBER": null, "LATITUDE": 30.44101, "LONGITUDE": -91.13736 }, "geometry": { "type": "Point", "coordinates": [ -91.13736819130348, 30.441011774216051 ] } },
{ "type": "Feature", "properties": { "ID": 175085, "LANDMARK_NAME": "PATRICIAN APARTMENTS", "FULL_ADDRESS": "5010 CLAYCUT RD", "CITY": "BATON ROUGE", "STATE": "LOUISIANA", "ZIP": 70806, "PHONE_NUMBER": null, "LATITUDE": 30.44117, "LONGITUDE": -91.13738 }, "geometry": { "type": "Point", "coordinates": [ -91.137389250336341, 30.44117388958481 ] } },
{ "type": "Feature", "properties": { "ID": 175086, "LANDMARK_NAME": "PATRICIAN APARTMENTS", "FULL_ADDRESS": "5014 CLAYCUT RD", "CITY": "BATON ROUGE", "STATE": "LOUISIANA", "ZIP": 70806, "PHONE_NUMBER": null, "LATITUDE": 30.44126, "LONGITUDE": -91.13734 }, "geometry": { "type": "Point", "coordinates": [ -91.137346314195071, 30.441264130611412 ] } },
{ "type": "Feature", "properties": { "ID": 175087, "LANDMARK_NAME": "PATRICIAN APARTMENTS", "FULL_ADDRESS": "5016 CLAYCUT RD", "CITY": "BATON ROUGE", "STATE": "LOUISIANA", "ZIP": 70806, "PHONE_NUMBER": null, "LATITUDE": 30.44125, "LONGITUDE": -91.13739 }, "geometry": { "type": "Point", "coordinates": [ -91.137391752717832, 30.441259566657308 ] } },
{ "type": "Feature", "properties": { "ID": 175088, "LANDMARK_NAME": "PATRICIAN APARTMENTS", "FULL_ADDRESS": "5102 CLAYCUT RD", "CITY": "BATON ROUGE", "STATE": "LOUISIANA", "ZIP": 70806, "PHONE_NUMBER": null, "LATITUDE": 30.44115, "LONGITUDE": -91.137 }, "geometry": { "type": "Point", "coordinates": [ -91.1370098116261, 30.441157118246689 ] } },
{ "type": "Feature", "properties": { "ID": 175089, "LANDMARK_NAME": "PATRICIAN APARTMENTS", "FULL_ADDRESS": "5104 CLAYCUT RD", "CITY": "BATON ROUGE", "STATE": "LOUISIANA", "ZIP": 70806, "PHONE_NUMBER": null, "LATITUDE": 30.44122, "LONGITUDE": -91.13702 }, "geometry": { "type": "Point", "coordinates": [ -91.13702837614683, 30.441228926216869 ] } },
{ "type": "Feature", "properties": { "ID": 175090, "LANDMARK_NAME": "PATRICIAN APARTMENTS", "FULL_ADDRESS": "5106 CLAYCUT RD", "CITY": "BATON ROUGE", "STATE": "LOUISIANA", "ZIP": 70806, "PHONE_NUMBER": null, "LATITUDE": 30.44126, "LONGITUDE": -91.13695 }, "geometry": { "type": "Point", "coordinates": [ -91.136958826630419, 30.4412635557957 ] } },
{ "type": "Feature", "properties": { "ID": 175091, "LANDMARK_NAME": "PATRICIAN APARTMENTS", "FULL_ADDRESS": "5108 CLAYCUT RD", "CITY": "BATON ROUGE", "STATE": "LOUISIANA", "ZIP": 70806, "PHONE_NUMBER": null, "LATITUDE": 30.44117, "LONGITUDE": -91.13694 }, "geometry": { "type": "Point", "coordinates": [ -91.136945634630294, 30.441177862840842 ] } },
{ "type": "Feature", "properties": { "ID": 175092, "LANDMARK_NAME": "PATRICIAN APARTMENTS", "FULL_ADDRESS": "5110 CLAYCUT RD", "CITY": "BATON ROUGE", "STATE": "LOUISIANA", "ZIP": 70806, "PHONE_NUMBER": null, "LATITUDE": 30.44121, "LONGITUDE": -91.13686 }, "geometry": { "type": "Point", "coordinates": [ -91.136862723668855, 30.441212471625011 ] } },
{ "type": "Feature", "properties": { "ID": 175093, "LANDMARK_NAME": "PATRICIAN APARTMENTS", "FULL_ADDRESS": "5112 CLAYCUT RD", "CITY": "BATON ROUGE", "STATE": "LOUISIANA", "ZIP": 70806, "PHONE_NUMBER": null, "LATITUDE": 30.44128, "LONGITUDE": -91.13687 }, "geometry": { "type": "Point", "coordinates": [ -91.136873276214061, 30.44128195207022 ] } },
{ "type": "Feature", "properties": { "ID": 175094, "LANDMARK_NAME": "PATRICIAN APARTMENTS", "FULL_ADDRESS": "5114 CLAYCUT RD", "CITY": "BATON ROUGE", "STATE": "LOUISIANA", "ZIP": 70806, "PHONE_NUMBER": null, "LATITUDE": 30.44129, "LONGITUDE": -91.13677 }, "geometry": { "type": "Point", "coordinates": [ -91.136777049509817, 30.441293387298217 ] } },
{ "type": "Feature", "properties": { "ID": 175095, "LANDMARK_NAME": "PATRICIAN APARTMENTS", "FULL_ADDRESS": "5116 CLAYCUT RD", "CITY": "BATON ROUGE", "STATE": "LOUISIANA", "ZIP": 70806, "PHONE_NUMBER": null, "LATITUDE": 30.4413, "LONGITUDE": -91.13671 }, "geometry": { "type": "Point", "coordinates": [ -91.136712895305962, 30.441302553599723 ] } },
{ "type": "Feature", "properties": { "ID": 175096, "LANDMARK_NAME": "PATRICIAN APARTMENTS", "FULL_ADDRESS": "5118 CLAYCUT RD", "CITY": "BATON ROUGE", "STATE": "LOUISIANA", "ZIP": 70806, "PHONE_NUMBER": null, "LATITUDE": 30.4413, "LONGITUDE": -91.13661 }, "geometry": { "type": "Point", "coordinates": [ -91.136616677741017, 30.441309356537317 ] } },
{ "type": "Feature", "properties": { "ID": 175097, "LANDMARK_NAME": "PATRICIAN APARTMENTS", "FULL_ADDRESS": "5120 CLAYCUT RD", "CITY": "BATON ROUGE", "STATE": "LOUISIANA", "ZIP": 70806, "PHONE_NUMBER": null, "LATITUDE": 30.44125, "LONGITUDE": -91.13667 }, "geometry": { "type": "Point", "coordinates": [ -91.136675578682159, 30.441253872324715 ] } },
{ "type": "Feature", "properties": { "ID": 175098, "LANDMARK_NAME": "PATRICIAN APARTMENTS", "FULL_ADDRESS": "5122 CLAYCUT RD", "CITY": "BATON ROUGE", "STATE": "LOUISIANA", "ZIP": 70806, "PHONE_NUMBER": null, "LATITUDE": 30.44132, "LONGITUDE": -91.13655 }, "geometry": { "type": "Point", "coordinates": [ -91.136552509743623, 30.441325469668286 ] } },
{ "type": "Feature", "properties": { "ID": 175099, "LANDMARK_NAME": "PATRICIAN APARTMENTS", "FULL_ADDRESS": "5124 CLAYCUT RD", "CITY": "BATON ROUGE", "STATE": "LOUISIANA", "ZIP": 70806, "PHONE_NUMBER": null, "LATITUDE": 30.44125, "LONGITUDE": -91.13655 }, "geometry": { "type": "Point", "coordinates": [ -91.136555329095913, 30.441251378712316 ] } },
{ "type": "Feature", "properties": { "ID": 175100, "LANDMARK_NAME": "PATRICIAN APARTMENTS", "FULL_ADDRESS": "5126 CLAYCUT RD", "CITY": "BATON ROUGE", "STATE": "LOUISIANA", "ZIP": 70806, "PHONE_NUMBER": null, "LATITUDE": 30.4413, "LONGITUDE": -91.13647 }, "geometry": { "type": "Point", "coordinates": [ -91.13648040226245, 30.441302207732392 ] } },
{ "type": "Feature", "properties": { "ID": 175101, "LANDMARK_NAME": "PATRICIAN APARTMENTS", "FULL_ADDRESS": "5128 CLAYCUT RD", "CITY": "BATON ROUGE", "STATE": "LOUISIANA", "ZIP": 70806, "PHONE_NUMBER": null, "LATITUDE": 30.44126, "LONGITUDE": -91.13646 }, "geometry": { "type": "Point", "coordinates": [ -91.136464432573206, 30.441269766767665 ] } },
{ "type": "Feature", "properties": { "ID": 175102, "LANDMARK_NAME": "PATRICIAN APARTMENTS", "FULL_ADDRESS": "5130 CLAYCUT RD", "CITY": "BATON ROUGE", "STATE": "LOUISIANA", "ZIP": 70806, "PHONE_NUMBER": null, "LATITUDE": 30.4412, "LONGITUDE": -91.13646 }, "geometry": { "type": "Point", "coordinates": [ -91.136464565718356, 30.441202617839487 ] } },
{ "type": "Feature", "properties": { "ID": 175103, "LANDMARK_NAME": "PATRICIAN APARTMENTS", "FULL_ADDRESS": "5132 CLAYCUT RD", "CITY": "BATON ROUGE", "STATE": "LOUISIANA", "ZIP": 70806, "PHONE_NUMBER": null, "LATITUDE": 30.44114, "LONGITUDE": -91.13645 }, "geometry": { "type": "Point", "coordinates": [ -91.136459327362658, 30.441149353867829 ] } },
{ "type": "Feature", "properties": { "ID": 175104, "LANDMARK_NAME": "PATRICIAN APARTMENTS", "FULL_ADDRESS": "5134 CLAYCUT RD", "CITY": "BATON ROUGE", "STATE": "LOUISIANA", "ZIP": 70806, "PHONE_NUMBER": null, "LATITUDE": 30.44108, "LONGITUDE": -91.13645 }, "geometry": { "type": "Point", "coordinates": [ -91.13645678801565, 30.4410822009588 ] } },
{ "type": "Feature", "properties": { "ID": 175105, "LANDMARK_NAME": "PATRICIAN APARTMENTS", "FULL_ADDRESS": "5136 CLAYCUT RD", "CITY": "BATON ROUGE", "STATE": "LOUISIANA", "ZIP": 70806, "PHONE_NUMBER": null, "LATITUDE": 30.44101, "LONGITUDE": -91.13644 }, "geometry": { "type": "Point", "coordinates": [ -91.136448903684851, 30.441015040091013 ] } },
{ "type": "Feature", "properties": { "ID": 175106, "LANDMARK_NAME": "PATRICIAN APARTMENTS", "FULL_ADDRESS": "5136 CLAYCUT RD", "CITY": "BATON ROUGE", "STATE": "LOUISIANA", "ZIP": 70806, "PHONE_NUMBER": null, "LATITUDE": 30.44101, "LONGITUDE": -91.13644 }, "geometry": { "type": "Point", "coordinates": [ -91.136448903684851, 30.441015040091013 ] } },
{ "type": "Feature", "properties": { "ID": 175107, "LANDMARK_NAME": "PATRICIAN APARTMENTS", "FULL_ADDRESS": "5140 CLAYCUT RD", "CITY": "BATON ROUGE", "STATE": "LOUISIANA", "ZIP": 70806, "PHONE_NUMBER": null, "LATITUDE": 30.44097, "LONGITUDE": -91.13702 }, "geometry": { "type": "Point", "coordinates": [ -91.137023525592056, 30.440978845840771 ] } },
{ "type": "Feature", "properties": { "ID": 175250, "LANDMARK_NAME": "SIEGEN CALAIS APARTMENTS", "FULL_ADDRESS": "8383 SIEGEN LN", "CITY": "BATON ROUGE", "STATE": "LOUISIANA", "ZIP": 70810, "PHONE_NUMBER": null, "LATITUDE": 30.37204, "LONGITUDE": -91.0703 }, "geometry": { "type": "Point", "coordinates": [ -91.070310686491183, 30.372047039517263 ] } },
{ "type": "Feature", "properties": { "ID": 175251, "LANDMARK_NAME": "SIEGEN CALAIS APARTMENTS", "FULL_ADDRESS": "8385 SIEGEN LN", "CITY": "BATON ROUGE", "STATE": "LOUISIANA", "ZIP": 70810, "PHONE_NUMBER": null, "LATITUDE": 30.37222, "LONGITUDE": -91.07049 }, "geometry": { "type": "Point", "coordinates": [ -91.070490958213711, 30.372222335139838 ] } },
{ "type": "Feature", "properties": { "ID": 175252, "LANDMARK_NAME": "SIEGEN CALAIS APARTMENTS", "FULL_ADDRESS": "8387 SIEGEN LN", "CITY": "BATON ROUGE", "STATE": "LOUISIANA", "ZIP": 70810, "PHONE_NUMBER": null, "LATITUDE": 30.37226, "LONGITUDE": -91.07015 }, "geometry": { "type": "Point", "coordinates": [ -91.07015458174898, 30.372269043950261 ] } },
{ "type": "Feature", "properties": { "ID": 175253, "LANDMARK_NAME": "SIEGEN CALAIS APARTMENTS", "FULL_ADDRESS": "8389 SIEGEN LN", "CITY": "BATON ROUGE", "STATE": "LOUISIANA", "ZIP": 70810, "PHONE_NUMBER": null, "LATITUDE": 30.37258, "LONGITUDE": -91.07012 }, "geometry": { "type": "Point", "coordinates": [ -91.070128522090315, 30.372586063786173 ] } },
{ "type": "Feature", "properties": { "ID": 175254, "LANDMARK_NAME": "SIEGEN CALAIS APARTMENTS", "FULL_ADDRESS": "8391 SIEGEN LN", "CITY": "BATON ROUGE", "STATE": "LOUISIANA", "ZIP": 70810, "PHONE_NUMBER": null, "LATITUDE": 30.37256, "LONGITUDE": -91.07046 }, "geometry": { "type": "Point", "coordinates": [ -91.070464823544043, 30.372568510749236 ] } },
{ "type": "Feature", "properties": { "ID": 175255, "LANDMARK_NAME": "SIEGEN CALAIS APARTMENTS", "FULL_ADDRESS": "8393 SIEGEN LN", "CITY": "BATON ROUGE", "STATE": "LOUISIANA", "ZIP": 70810, "PHONE_NUMBER": null, "LATITUDE": 30.3724, "LONGITUDE": -91.07075 }, "geometry": { "type": "Point", "coordinates": [ -91.070751070564455, 30.372405077233019 ] } },
{ "type": "Feature", "properties": { "ID": 175256, "LANDMARK_NAME": "SIEGEN CALAIS APARTMENTS", "FULL_ADDRESS": "8395 SIEGEN LN", "CITY": "BATON ROUGE", "STATE": "LOUISIANA", "ZIP": 70810, "PHONE_NUMBER": null, "LATITUDE": 30.37277, "LONGITUDE": -91.07061 }, "geometry": { "type": "Point", "coordinates": [ -91.070615597459323, 30.372772903350079 ] } },
{ "type": "Feature", "properties": { "ID": 175257, "LANDMARK_NAME": "SIEGEN CALAIS APARTMENTS", "FULL_ADDRESS": "8397 SIEGEN LN", "CITY": "BATON ROUGE", "STATE": "LOUISIANA", "ZIP": 70810, "PHONE_NUMBER": null, "LATITUDE": 30.37267, "LONGITUDE": -91.07107 }, "geometry": { "type": "Point", "coordinates": [ -91.071074011595371, 30.372671767483851 ] } },
{ "type": "Feature", "properties": { "ID": 175258, "LANDMARK_NAME": "SIEGEN CALAIS APARTMENTS", "FULL_ADDRESS": "8399 SIEGEN LN", "CITY": "BATON ROUGE", "STATE": "LOUISIANA", "ZIP": 70810, "PHONE_NUMBER": null, "LATITUDE": 30.37242, "LONGITUDE": -91.07127 }, "geometry": { "type": "Point", "coordinates": [ -91.071276406919068, 30.372427986901624 ] } },
{ "type": "Feature", "properties": { "ID": 175341, "LANDMARK_NAME": "PATRICIAN APARTMENTS", "FULL_ADDRESS": "5142 CLAYCUT RD", "CITY": "BATON ROUGE", "STATE": "LOUISIANA", "ZIP": 70806, "PHONE_NUMBER": null, "LATITUDE": 30.44092, "LONGITUDE": -91.13705 }, "geometry": { "type": "Point", "coordinates": [ -91.137053018096708, 30.440930264726035 ] } },
{ "type": "Feature", "properties": { "ID": 175342, "LANDMARK_NAME": "PATRICIAN APARTMENTS", "FULL_ADDRESS": "5144 CLAYCUT RD", "CITY": "BATON ROUGE", "STATE": "LOUISIANA", "ZIP": 70806, "PHONE_NUMBER": null, "LATITUDE": 30.44088, "LONGITUDE": -91.13707 }, "geometry": { "type": "Point", "coordinates": [ -91.137074492063022, 30.440881670802423 ] } },
{ "type": "Feature", "properties": { "ID": 175403, "LANDMARK_NAME": "THE ELYSIAN APARTMENTS", "FULL_ADDRESS": "1120 SPANISH TOWN RD", "CITY": "BATON ROUGE", "STATE": "LOUISIANA", "ZIP": 70802, "PHONE_NUMBER": null, "LATITUDE": 30.45464, "LONGITUDE": -91.1776 }, "geometry": { "type": "Point", "coordinates": [ -91.177609946926708, 30.454641365762782 ] } },
{ "type": "Feature", "properties": { "ID": 175515, "LANDMARK_NAME": "APARTMENTS", "FULL_ADDRESS": "1518 LA ANNIE DR", "CITY": "BATON ROUGE", "STATE": "LOUISIANA", "ZIP": 70815, "PHONE_NUMBER": null, "LATITUDE": 30.46689, "LONGITUDE": -91.04368 }, "geometry": { "type": "Point", "coordinates": [ -91.043683111273808, 30.466899212935314 ] } },
{ "type": "Feature", "properties": { "ID": 175619, "LANDMARK_NAME": "BROWNLEE APARTMENTS 2", "FULL_ADDRESS": "2457 BROWNLEE ST", "CITY": "BATON ROUGE", "STATE": "LOUISIANA", "ZIP": 70808, "PHONE_NUMBER": null, "LATITUDE": 30.42598, "LONGITUDE": -91.1397 }, "geometry": { "type": "Point", "coordinates": [ -91.139704272586485, 30.425985320562088 ] } },
{ "type": "Feature", "properties": { "ID": 175623, "LANDMARK_NAME": "SHERWOOD ACRES APARTMENTS", "FULL_ADDRESS": "12531 COURSEY BLVD", "CITY": "BATON ROUGE", "STATE": "LOUISIANA", "ZIP": 70816, "PHONE_NUMBER": null, "LATITUDE": 30.41193, "LONGITUDE": -91.0392 }, "geometry": { "type": "Point", "coordinates": [ -91.039208844520104, 30.411933110387778 ] } },
{ "type": "Feature", "properties": { "ID": 175624, "LANDMARK_NAME": "SHERWOOD ACRES APARTMENTS", "FULL_ADDRESS": "12527 COURSEY BLVD", "CITY": "BATON ROUGE", "STATE": "LOUISIANA", "ZIP": 70816, "PHONE_NUMBER": null, "LATITUDE": 30.41128, "LONGITUDE": -91.0392 }, "geometry": { "type": "Point", "coordinates": [ -91.039203757763204, 30.411284484292533 ] } },
{ "type": "Feature", "properties": { "ID": 175625, "LANDMARK_NAME": "SHERWOOD ACRES APARTMENTS", "FULL_ADDRESS": "12529 COURSEY BLVD", "CITY": "BATON ROUGE", "STATE": "LOUISIANA", "ZIP": 70816, "PHONE_NUMBER": null, "LATITUDE": 30.41166, "LONGITUDE": -91.03928 }, "geometry": { "type": "Point", "coordinates": [ -91.039285024965736, 30.411670374613266 ] } },
{ "type": "Feature", "properties": { "ID": 175626, "LANDMARK_NAME": "SHERWOOD ACRES APARTMENTS", "FULL_ADDRESS": "12529 COURSEY BLVD", "CITY": "BATON ROUGE", "STATE": "LOUISIANA", "ZIP": 70816, "PHONE_NUMBER": null, "LATITUDE": 30.41166, "LONGITUDE": -91.03928 }, "geometry": { "type": "Point", "coordinates": [ -91.039285024965736, 30.411670374613266 ] } },
{ "type": "Feature", "properties": { "ID": 175627, "LANDMARK_NAME": "SHERWOOD ACRES APARTMENTS", "FULL_ADDRESS": "12525 COURSEY BLVD", "CITY": "BATON ROUGE", "STATE": "LOUISIANA", "ZIP": 70816, "PHONE_NUMBER": null, "LATITUDE": 30.41103, "LONGITUDE": -91.03949 }, "geometry": { "type": "Point", "coordinates": [ -91.039492956083521, 30.41103950074346 ] } },
{ "type": "Feature", "properties": { "ID": 175858, "LANDMARK_NAME": "ESTABLISHMENT APARTMENTS (YA TITTLE)", "FULL_ADDRESS": "4727 Y.A. TITTLE AVE", "CITY": "BATON ROUGE", "STATE": "LOUISIANA", "ZIP": 70820, "PHONE_NUMBER": null, "LATITUDE": 30.39272, "LONGITUDE": -91.18154 }, "geometry": { "type": "Point", "coordinates": [ -91.181541624453189, 30.39272850321634 ] } },
{ "type": "Feature", "properties": { "ID": 175862, "LANDMARK_NAME": "ESTABLISHMENT APARTMENTS (ALVIN DARK)", "FULL_ADDRESS": "4732 ALVIN DARK AVE", "CITY": "BATON ROUGE", "STATE": "LOUISIANA", "ZIP": 70820, "PHONE_NUMBER": null, "LATITUDE": 30.39249, "LONGITUDE": -91.18122 }, "geometry": { "type": "Point", "coordinates": [ -91.181230413419158, 30.392492687461402 ] } },
{ "type": "Feature", "properties": { "ID": 175972, "LANDMARK_NAME": "APARTMENTS", "FULL_ADDRESS": "1616 LA ANNIE DR", "CITY": "BATON ROUGE", "STATE": "LOUISIANA", "ZIP": 70815, "PHONE_NUMBER": null, "LATITUDE": 30.46782, "LONGITUDE": -91.04363 }, "geometry": { "type": "Point", "coordinates": [ -91.043636149886012, 30.467822877387967 ] } },
{ "type": "Feature", "properties": { "ID": 176026, "LANDMARK_NAME": "PATRICIAN APARTMENTS", "FULL_ADDRESS": "5226 CLAYCUT RD", "CITY": "BATON ROUGE", "STATE": "LOUISIANA", "ZIP": 70806, "PHONE_NUMBER": null, "LATITUDE": 30.44099, "LONGITUDE": -91.13603 }, "geometry": { "type": "Point", "coordinates": [ -91.136037403547377, 30.440995902582291 ] } },
{ "type": "Feature", "properties": { "ID": 176223, "LANDMARK_NAME": "APARTMENTS", "FULL_ADDRESS": "1614 LA ANNIE DR", "CITY": "BATON ROUGE", "STATE": "LOUISIANA", "ZIP": 70815, "PHONE_NUMBER": null, "LATITUDE": 30.46759, "LONGITUDE": -91.04362 }, "geometry": { "type": "Point", "coordinates": [ -91.043628314253809, 30.467592120945152 ] } },
{ "type": "Feature", "properties": { "ID": 176226, "LANDMARK_NAME": "THE VILLAS APARTMENTS", "FULL_ADDRESS": "655 CAROL MARIE DR", "CITY": "BATON ROUGE", "STATE": "LOUISIANA", "ZIP": 70806, "PHONE_NUMBER": null, "LATITUDE": 30.44218, "LONGITUDE": -91.15396 }, "geometry": { "type": "Point", "coordinates": [ -91.153970200445798, 30.442183152793099 ] } },
{ "type": "Feature", "properties": { "ID": 176227, "LANDMARK_NAME": "THE VILLAS APARTMENTS", "FULL_ADDRESS": "657 CAROL MARIE DR", "CITY": "BATON ROUGE", "STATE": "LOUISIANA", "ZIP": 70806, "PHONE_NUMBER": null, "LATITUDE": 30.44213, "LONGITUDE": -91.15394 }, "geometry": { "type": "Point", "coordinates": [ -91.153944813171591, 30.442137509152815 ] } },
{ "type": "Feature", "properties": { "ID": 176228, "LANDMARK_NAME": "THE VILLAS APARTMENTS", "FULL_ADDRESS": "659 CAROL MARIE DR", "CITY": "BATON ROUGE", "STATE": "LOUISIANA", "ZIP": 70806, "PHONE_NUMBER": null, "LATITUDE": 30.44208, "LONGITUDE": -91.15391 }, "geometry": { "type": "Point", "coordinates": [ -91.153910943662837, 30.442087441019947 ] } },
{ "type": "Feature", "properties": { "ID": 176229, "LANDMARK_NAME": "THE VILLAS APARTMENTS", "FULL_ADDRESS": "661 CAROL MARIE DR", "CITY": "BATON ROUGE", "STATE": "LOUISIANA", "ZIP": 70806, "PHONE_NUMBER": null, "LATITUDE": 30.44203, "LONGITUDE": -91.15387 }, "geometry": { "type": "Point", "coordinates": [ -91.153873683414119, 30.442034426590773 ] } },
{ "type": "Feature", "properties": { "ID": 176230, "LANDMARK_NAME": "THE VILLAS APARTMENTS", "FULL_ADDRESS": "663 CAROL MARIE DR", "CITY": "BATON ROUGE", "STATE": "LOUISIANA", "ZIP": 70806, "PHONE_NUMBER": null, "LATITUDE": 30.44199, "LONGITUDE": -91.15384 }, "geometry": { "type": "Point", "coordinates": [ -91.153844881514146, 30.441999077352747 ] } },
{ "type": "Feature", "properties": { "ID": 176231, "LANDMARK_NAME": "THE VILLAS APARTMENTS", "FULL_ADDRESS": "665 CAROL MARIE DR", "CITY": "BATON ROUGE", "STATE": "LOUISIANA", "ZIP": 70806, "PHONE_NUMBER": null, "LATITUDE": 30.44194, "LONGITUDE": -91.1538 }, "geometry": { "type": "Point", "coordinates": [ -91.153807616014802, 30.441949004582177 ] } },
{ "type": "Feature", "properties": { "ID": 176232, "LANDMARK_NAME": "THE VILLAS APARTMENTS", "FULL_ADDRESS": "3425 VILLA ROSE DR", "CITY": "BATON ROUGE", "STATE": "LOUISIANA", "ZIP": 70806, "PHONE_NUMBER": null, "LATITUDE": 30.44181, "LONGITUDE": -91.15363 }, "geometry": { "type": "Point", "coordinates": [ -91.153636360500613, 30.441816360049103 ] } },
{ "type": "Feature", "properties": { "ID": 176233, "LANDMARK_NAME": "PATRICIAN APARTMENTS", "FULL_ADDRESS": "5228 CLAYCUT RD", "CITY": "BATON ROUGE", "STATE": "LOUISIANA", "ZIP": 70806, "PHONE_NUMBER": null, "LATITUDE": 30.44105, "LONGITUDE": -91.13603 }, "geometry": { "type": "Point", "coordinates": [ -91.136037288517713, 30.441053789872441 ] } },
{ "type": "Feature", "properties": { "ID": 176234, "LANDMARK_NAME": "PATRICIAN APARTMENTS", "FULL_ADDRESS": "5230 CLAYCUT RD", "CITY": "BATON ROUGE", "STATE": "LOUISIANA", "ZIP": 70806, "PHONE_NUMBER": null, "LATITUDE": 30.4411, "LONGITUDE": -91.13604 }, "geometry": { "type": "Point", "coordinates": [ -91.136042536885768, 30.441102422592063 ] } },
{ "type": "Feature", "properties": { "ID": 176235, "LANDMARK_NAME": "PATRICIAN APARTMENTS", "FULL_ADDRESS": "5232 CLAYCUT RD", "CITY": "BATON ROUGE", "STATE": "LOUISIANA", "ZIP": 70806, "PHONE_NUMBER": null, "LATITUDE": 30.44114, "LONGITUDE": -91.13604 }, "geometry": { "type": "Point", "coordinates": [ -91.136050465915645, 30.441146428926409 ] } },
{ "type": "Feature", "properties": { "ID": 176236, "LANDMARK_NAME": "PATRICIAN APARTMENTS", "FULL_ADDRESS": "5234 CLAYCUT RD", "CITY": "BATON ROUGE", "STATE": "LOUISIANA", "ZIP": 70806, "PHONE_NUMBER": null, "LATITUDE": 30.44118, "LONGITUDE": -91.13605 }, "geometry": { "type": "Point", "coordinates": [ -91.136058405195698, 30.441185803989637 ] } },
{ "type": "Feature", "properties": { "ID": 176237, "LANDMARK_NAME": "PATRICIAN APARTMENTS", "FULL_ADDRESS": "5236 CLAYCUT RD", "CITY": "BATON ROUGE", "STATE": "LOUISIANA", "ZIP": 70806, "PHONE_NUMBER": null, "LATITUDE": 30.44123, "LONGITUDE": -91.13606 }, "geometry": { "type": "Point", "coordinates": [ -91.136069002137944, 30.441232129944215 ] } },
{ "type": "Feature", "properties": { "ID": 176238, "LANDMARK_NAME": "PATRICIAN APARTMENTS", "FULL_ADDRESS": "5238 CLAYCUT RD", "CITY": "BATON ROUGE", "STATE": "LOUISIANA", "ZIP": 70806, "PHONE_NUMBER": null, "LATITUDE": 30.44127, "LONGITUDE": -91.13598 }, "geometry": { "type": "Point", "coordinates": [ -91.135988740312953, 30.44127832034518 ] } },
{ "type": "Feature", "properties": { "ID": 176239, "LANDMARK_NAME": "PATRICIAN APARTMENTS", "FULL_ADDRESS": "5240 CLAYCUT RD", "CITY": "BATON ROUGE", "STATE": "LOUISIANA", "ZIP": 70806, "PHONE_NUMBER": null, "LATITUDE": 30.44133, "LONGITUDE": -91.13599 }, "geometry": { "type": "Point", "coordinates": [ -91.135996647363783, 30.441333903958682 ] } },
{ "type": "Feature", "properties": { "ID": 176240, "LANDMARK_NAME": "PATRICIAN APARTMENTS", "FULL_ADDRESS": "5242 CLAYCUT RD", "CITY": "BATON ROUGE", "STATE": "LOUISIANA", "ZIP": 70806, "PHONE_NUMBER": null, "LATITUDE": 30.44126, "LONGITUDE": -91.13613 }, "geometry": { "type": "Point", "coordinates": [ -91.13613574607497, 30.44126464667805 ] } },
{ "type": "Feature", "properties": { "ID": 176241, "LANDMARK_NAME": "PATRICIAN APARTMENTS", "FULL_ADDRESS": "5244 CLAYCUT RD", "CITY": "BATON ROUGE", "STATE": "LOUISIANA", "ZIP": 70806, "PHONE_NUMBER": null, "LATITUDE": 30.44131, "LONGITUDE": -91.13614 }, "geometry": { "type": "Point", "coordinates": [ -91.136140989903325, 30.441315595026616 ] } },
{ "type": "Feature", "properties": { "ID": 176242, "LANDMARK_NAME": "PATRICIAN APARTMENTS", "FULL_ADDRESS": "5002 CLAYCUT RD", "CITY": "BATON ROUGE", "STATE": "LOUISIANA", "ZIP": 70806, "PHONE_NUMBER": null, "LATITUDE": 30.44101, "LONGITUDE": -91.13746 }, "geometry": { "type": "Point", "coordinates": [ -91.137469735244849, 30.441014240289327 ] } },
{ "type": "Feature", "properties": { "ID": 176243, "LANDMARK_NAME": "SIEGEN CALAIS APARTMENTS", "FULL_ADDRESS": "8365 SIEGEN LN", "CITY": "BATON ROUGE", "STATE": "LOUISIANA", "ZIP": 70810, "PHONE_NUMBER": null, "LATITUDE": 30.37227, "LONGITUDE": -91.07148 }, "geometry": { "type": "Point", "coordinates": [ -91.071486976956294, 30.372271690664817 ] } },
{ "type": "Feature", "properties": { "ID": 176244, "LANDMARK_NAME": "SIEGEN CALAIS APARTMENTS", "FULL_ADDRESS": "8367 SIEGEN LN", "CITY": "BATON ROUGE", "STATE": "LOUISIANA", "ZIP": 70810, "PHONE_NUMBER": null, "LATITUDE": 30.372, "LONGITUDE": -91.07176 }, "geometry": { "type": "Point", "coordinates": [ -91.071769288014934, 30.37200620073261 ] } },
{ "type": "Feature", "properties": { "ID": 176245, "LANDMARK_NAME": "SIEGEN CALAIS APARTMENTS", "FULL_ADDRESS": "8369 SIEGEN LN", "CITY": "BATON ROUGE", "STATE": "LOUISIANA", "ZIP": 70810, "PHONE_NUMBER": null, "LATITUDE": 30.37177, "LONGITUDE": -91.07142 }, "geometry": { "type": "Point", "coordinates": [ -91.071425246406235, 30.371772270658756 ] } },
{ "type": "Feature", "properties": { "ID": 176320, "LANDMARK_NAME": "LES CHENES AT HIGHLAND APARTMENTS", "FULL_ADDRESS": "121 CLARA DR", "CITY": "BATON ROUGE", "STATE": "LOUISIANA", "ZIP": 70808, "PHONE_NUMBER": null, "LATITUDE": 30.40042, "LONGITUDE": -91.16732 }, "geometry": { "type": "Point", "coordinates": [ -91.167328041975281, 30.400425390017126 ] } },
{ "type": "Feature", "properties": { "ID": 176431, "LANDMARK_NAME": "THE VILLAS APARTMENTS", "FULL_ADDRESS": "3447 VILLA ROSE DR", "CITY": "BATON ROUGE", "STATE": "LOUISIANA", "ZIP": 70806, "PHONE_NUMBER": null, "LATITUDE": 30.44192, "LONGITUDE": -91.15339 }, "geometry": { "type": "Point", "coordinates": [ -91.153398440334854, 30.441927851282458 ] } },
{ "type": "Feature", "properties": { "ID": 176461, "LANDMARK_NAME": "ALPINE APARTMENTS", "FULL_ADDRESS": "312 EAST DR", "CITY": "BATON ROUGE", "STATE": "LOUISIANA", "ZIP": 70806, "PHONE_NUMBER": null, "LATITUDE": 30.44618, "LONGITUDE": -91.14996 }, "geometry": { "type": "Point", "coordinates": [ -91.149964753007836, 30.446185642341693 ] } },
{ "type": "Feature", "properties": { "ID": 176662, "LANDMARK_NAME": "CRESTWORTH PLACE APARTMENTS", "FULL_ADDRESS": "10002 AVENUE I", "CITY": "BATON ROUGE", "STATE": "LOUISIANA", "ZIP": 70807, "PHONE_NUMBER": null, "LATITUDE": 30.53533, "LONGITUDE": -91.19768 }, "geometry": { "type": "Point", "coordinates": [ -91.1976838635821, 30.535336437607075 ] } },
{ "type": "Feature", "properties": { "ID": 176976, "LANDMARK_NAME": "APARTMENTS", "FULL_ADDRESS": "5905 CARPENTER RD", "CITY": "ZACHARY", "STATE": "LOUISIANA", "ZIP": 70791, "PHONE_NUMBER": null, "LATITUDE": 30.64735, "LONGITUDE": -91.14176 }, "geometry": { "type": "Point", "coordinates": [ -91.141766916136376, 30.647354322401274 ] } },
{ "type": "Feature", "properties": { "ID": 176977, "LANDMARK_NAME": "APARTMENTS", "FULL_ADDRESS": "5920 MAIN ST", "CITY": "ZACHARY", "STATE": "LOUISIANA", "ZIP": 70791, "PHONE_NUMBER": null, "LATITUDE": 30.64784, "LONGITUDE": -91.14109 }, "geometry": { "type": "Point", "coordinates": [ -91.141092112822292, 30.647841607013657 ] } },
{ "type": "Feature", "properties": { "ID": 176994, "LANDMARK_NAME": "ZACHARY PARKSIDE APARTMENTS", "FULL_ADDRESS": "20257 OLD SCENIC HWY", "CITY": "ZACHARY", "STATE": "LOUISIANA", "ZIP": 70791, "PHONE_NUMBER": null, "LATITUDE": 30.65217, "LONGITUDE": -91.19393 }, "geometry": { "type": "Point", "coordinates": [ -91.193939659542906, 30.65217323087154 ] } },
{ "type": "Feature", "properties": { "ID": 177869, "LANDMARK_NAME": "THE BLAKE AT THE GROVE APARTMENTS", "FULL_ADDRESS": "9511 CREEKVIEW DR", "CITY": "BATON ROUGE", "STATE": "LOUISIANA", "ZIP": 70836, "PHONE_NUMBER": null, "LATITUDE": 30.38432, "LONGITUDE": -91.07799 }, "geometry": { "type": "Point", "coordinates": [ -91.077997489001049, 30.384322260543524 ] } },
{ "type": "Feature", "properties": { "ID": 178593, "LANDMARK_NAME": "BRISTOL APARTMENTS", "FULL_ADDRESS": "4980 LOWER ZACHARY RD", "CITY": "ZACHARY", "STATE": "LOUISIANA", "ZIP": 70791, "PHONE_NUMBER": null, "LATITUDE": 30.64026, "LONGITUDE": -91.15184 }, "geometry": { "type": "Point", "coordinates": [ -91.151848732551969, 30.640263913144768 ] } },
{ "type": "Feature", "properties": { "ID": 178689, "LANDMARK_NAME": "GARDEN VIEW APARTMENTS", "FULL_ADDRESS": "4114 FLORIDA ST", "CITY": "ZACHARY", "STATE": "LOUISIANA", "ZIP": 70791, "PHONE_NUMBER": null, "LATITUDE": 30.64474, "LONGITUDE": -91.15632 }, "geometry": { "type": "Point", "coordinates": [ -91.156323000363017, 30.644742085446211 ] } },
{ "type": "Feature", "properties": { "ID": 179344, "LANDMARK_NAME": "APARTMENTS", "FULL_ADDRESS": "4829 DORAL DR", "CITY": "BATON ROUGE", "STATE": "LOUISIANA", "ZIP": 70816, "PHONE_NUMBER": null, "LATITUDE": 30.40704, "LONGITUDE": -91.03707 }, "geometry": { "type": "Point", "coordinates": [ -91.037079354415368, 30.407046926337355 ] } },
{ "type": "Feature", "properties": { "ID": 179547, "LANDMARK_NAME": "APARTMENTS", "FULL_ADDRESS": "4833 DORAL DR", "CITY": "BATON ROUGE", "STATE": "LOUISIANA", "ZIP": 70816, "PHONE_NUMBER": null, "LATITUDE": 30.40707, "LONGITUDE": -91.03731 }, "geometry": { "type": "Point", "coordinates": [ -91.037314142124401, 30.407079122007712 ] } },
{ "type": "Feature", "properties": { "ID": 179807, "LANDMARK_NAME": "PATRICIAN APARTMENTS", "FULL_ADDRESS": "5146 CLAYCUT RD", "CITY": "BATON ROUGE", "STATE": "LOUISIANA", "ZIP": 70806, "PHONE_NUMBER": null, "LATITUDE": 30.44089, "LONGITUDE": -91.13699 }, "geometry": { "type": "Point", "coordinates": [ -91.136991627182439, 30.440893125113941 ] } },
{ "type": "Feature", "properties": { "ID": 179808, "LANDMARK_NAME": "PATRICIAN APARTMENTS", "FULL_ADDRESS": "5148 CLAYCUT RD", "CITY": "BATON ROUGE", "STATE": "LOUISIANA", "ZIP": 70806, "PHONE_NUMBER": null, "LATITUDE": 30.44086, "LONGITUDE": -91.13694 }, "geometry": { "type": "Point", "coordinates": [ -91.136948916258362, 30.440869907071118 ] } },
{ "type": "Feature", "properties": { "ID": 179809, "LANDMARK_NAME": "PATRICIAN APARTMENTS", "FULL_ADDRESS": "5150 CLAYCUT RD", "CITY": "BATON ROUGE", "STATE": "LOUISIANA", "ZIP": 70806, "PHONE_NUMBER": null, "LATITUDE": 30.44084, "LONGITUDE": -91.13689 }, "geometry": { "type": "Point", "coordinates": [ -91.136895510816402, 30.440848988772007 ] } },
{ "type": "Feature", "properties": { "ID": 179810, "LANDMARK_NAME": "PATRICIAN APARTMENTS", "FULL_ADDRESS": "5152 CLAYCUT RD", "CITY": "BATON ROUGE", "STATE": "LOUISIANA", "ZIP": 70806, "PHONE_NUMBER": null, "LATITUDE": 30.44082, "LONGITUDE": -91.13684 }, "geometry": { "type": "Point", "coordinates": [ -91.136847454958485, 30.44082576185453 ] } },
{ "type": "Feature", "properties": { "ID": 179811, "LANDMARK_NAME": "PATRICIAN APARTMENTS", "FULL_ADDRESS": "5154 CLAYCUT RD", "CITY": "BATON ROUGE", "STATE": "LOUISIANA", "ZIP": 70806, "PHONE_NUMBER": null, "LATITUDE": 30.44079, "LONGITUDE": -91.13679 }, "geometry": { "type": "Point", "coordinates": [ -91.136791387282486, 30.440800208271774 ] } },
{ "type": "Feature", "properties": { "ID": 179812, "LANDMARK_NAME": "PATRICIAN APARTMENTS", "FULL_ADDRESS": "5156 CLAYCUT RD", "CITY": "BATON ROUGE", "STATE": "LOUISIANA", "ZIP": 70806, "PHONE_NUMBER": null, "LATITUDE": 30.44076, "LONGITUDE": -91.13669 }, "geometry": { "type": "Point", "coordinates": [ -91.136697920655394, 30.440767652133374 ] } },
{ "type": "Feature", "properties": { "ID": 179813, "LANDMARK_NAME": "PATRICIAN APARTMENTS", "FULL_ADDRESS": "5158 CLAYCUT RD", "CITY": "BATON ROUGE", "STATE": "LOUISIANA", "ZIP": 70806, "PHONE_NUMBER": null, "LATITUDE": 30.44075, "LONGITUDE": -91.13665 }, "geometry": { "type": "Point", "coordinates": [ -91.136652523606301, 30.440751376928681 ] } },
{ "type": "Feature", "properties": { "ID": 179814, "LANDMARK_NAME": "PATRICIAN APARTMENTS", "FULL_ADDRESS": "5160 CLAYCUT RD", "CITY": "BATON ROUGE", "STATE": "LOUISIANA", "ZIP": 70806, "PHONE_NUMBER": null, "LATITUDE": 30.44078, "LONGITUDE": -91.13674 }, "geometry": { "type": "Point", "coordinates": [ -91.136748662692398, 30.440783936169929 ] } },
{ "type": "Feature", "properties": { "ID": 179815, "LANDMARK_NAME": "PATRICIAN APARTMENTS", "FULL_ADDRESS": "5162 CLAYCUT RD", "CITY": "BATON ROUGE", "STATE": "LOUISIANA", "ZIP": 70806, "PHONE_NUMBER": null, "LATITUDE": 30.44069, "LONGITUDE": -91.13656 }, "geometry": { "type": "Point", "coordinates": [ -91.136561765227313, 30.440700300479349 ] } },
{ "type": "Feature", "properties": { "ID": 179816, "LANDMARK_NAME": "PATRICIAN APARTMENTS", "FULL_ADDRESS": "5164 CLAYCUT RD", "CITY": "BATON ROUGE", "STATE": "LOUISIANA", "ZIP": 70806, "PHONE_NUMBER": null, "LATITUDE": 30.44069, "LONGITUDE": -91.13648 }, "geometry": { "type": "Point", "coordinates": [ -91.136489622513551, 30.44069556273325 ] } },
{ "type": "Feature", "properties": { "ID": 179817, "LANDMARK_NAME": "PATRICIAN APARTMENTS", "FULL_ADDRESS": "5166 CLAYCUT RD", "CITY": "BATON ROUGE", "STATE": "LOUISIANA", "ZIP": 70806, "PHONE_NUMBER": null, "LATITUDE": 30.44077, "LONGITUDE": -91.13643 }, "geometry": { "type": "Point", "coordinates": [ -91.136436010629282, 30.440778840657796 ] } },
{ "type": "Feature", "properties": { "ID": 179818, "LANDMARK_NAME": "PATRICIAN APARTMENTS", "FULL_ADDRESS": "5168 CLAYCUT RD", "CITY": "BATON ROUGE", "STATE": "LOUISIANA", "ZIP": 70806, "PHONE_NUMBER": null, "LATITUDE": 30.44074, "LONGITUDE": -91.13645 }, "geometry": { "type": "Point", "coordinates": [ -91.136452108793264, 30.440746447427564 ] } },
{ "type": "Feature", "properties": { "ID": 179819, "LANDMARK_NAME": "PATRICIAN APARTMENTS", "FULL_ADDRESS": "5202 CLAYCUT RD", "CITY": "BATON ROUGE", "STATE": "LOUISIANA", "ZIP": 70806, "PHONE_NUMBER": null, "LATITUDE": 30.44047, "LONGITUDE": -91.13617 }, "geometry": { "type": "Point", "coordinates": [ -91.1361774075433, 30.440470494697053 ] } },
{ "type": "Feature", "properties": { "ID": 179820, "LANDMARK_NAME": "PATRICIAN APARTMENTS", "FULL_ADDRESS": "5204 CLAYCUT RD", "CITY": "BATON ROUGE", "STATE": "LOUISIANA", "ZIP": 70806, "PHONE_NUMBER": null, "LATITUDE": 30.44041, "LONGITUDE": -91.136 }, "geometry": { "type": "Point", "coordinates": [ -91.136009167866789, 30.44041235630192 ] } },
{ "type": "Feature", "properties": { "ID": 179821, "LANDMARK_NAME": "PATRICIAN APARTMENTS", "FULL_ADDRESS": "5206 CLAYCUT RD", "CITY": "BATON ROUGE", "STATE": "LOUISIANA", "ZIP": 70806, "PHONE_NUMBER": null, "LATITUDE": 30.44053, "LONGITUDE": -91.13614 }, "geometry": { "type": "Point", "coordinates": [ -91.136142539677266, 30.440535276208113 ] } },
{ "type": "Feature", "properties": { "ID": 179822, "LANDMARK_NAME": "PATRICIAN APARTMENTS", "FULL_ADDRESS": "5210 CLAYCUT RD", "CITY": "BATON ROUGE", "STATE": "LOUISIANA", "ZIP": 70806, "PHONE_NUMBER": null, "LATITUDE": 30.44067, "LONGITUDE": -91.13593 }, "geometry": { "type": "Point", "coordinates": [ -91.135936499550624, 30.440671582744265 ] } },
{ "type": "Feature", "properties": { "ID": 179823, "LANDMARK_NAME": "PATRICIAN APARTMENTS", "FULL_ADDRESS": "5212 CLAYCUT RD", "CITY": "BATON ROUGE", "STATE": "LOUISIANA", "ZIP": 70806, "PHONE_NUMBER": null, "LATITUDE": 30.44059, "LONGITUDE": -91.13595 }, "geometry": { "type": "Point", "coordinates": [ -91.135952685318159, 30.440595196094154 ] } },
{ "type": "Feature", "properties": { "ID": 179824, "LANDMARK_NAME": "PATRICIAN APARTMENTS", "FULL_ADDRESS": "5214 CLAYCUT RD", "CITY": "BATON ROUGE", "STATE": "LOUISIANA", "ZIP": 70806, "PHONE_NUMBER": null, "LATITUDE": 30.44067, "LONGITUDE": -91.13608 }, "geometry": { "type": "Point", "coordinates": [ -91.13608346762021, 30.44067643332021 ] } },
{ "type": "Feature", "properties": { "ID": 179825, "LANDMARK_NAME": "PATRICIAN APARTMENTS", "FULL_ADDRESS": "5216 CLAYCUT RD", "CITY": "BATON ROUGE", "STATE": "LOUISIANA", "ZIP": 70806, "PHONE_NUMBER": null, "LATITUDE": 30.44061, "LONGITUDE": -91.13607 }, "geometry": { "type": "Point", "coordinates": [ -91.136078247898723, 30.440613906780545 ] } },
{ "type": "Feature", "properties": { "ID": 179826, "LANDMARK_NAME": "PATRICIAN APARTMENTS", "FULL_ADDRESS": "5218 CLAYCUT RD", "CITY": "BATON ROUGE", "STATE": "LOUISIANA", "ZIP": 70806, "PHONE_NUMBER": null, "LATITUDE": 30.44076, "LONGITUDE": -91.13601 }, "geometry": { "type": "Point", "coordinates": [ -91.136011140876477, 30.440764314444248 ] } },
{ "type": "Feature", "properties": { "ID": 179827, "LANDMARK_NAME": "PATRICIAN APARTMENTS", "FULL_ADDRESS": "5220 CLAYCUT RD", "CITY": "BATON ROUGE", "STATE": "LOUISIANA", "ZIP": 70806, "PHONE_NUMBER": null, "LATITUDE": 30.44082, "LONGITUDE": -91.13601 }, "geometry": { "type": "Point", "coordinates": [ -91.136013698321946, 30.440822204823672 ] } },
{ "type": "Feature", "properties": { "ID": 179828, "LANDMARK_NAME": "PATRICIAN APARTMENTS", "FULL_ADDRESS": "5222 CLAYCUT RD", "CITY": "BATON ROUGE", "STATE": "LOUISIANA", "ZIP": 70806, "PHONE_NUMBER": null, "LATITUDE": 30.44087, "LONGITUDE": -91.13601 }, "geometry": { "type": "Point", "coordinates": [ -91.136018927217549, 30.440880100090066 ] } },
{ "type": "Feature", "properties": { "ID": 179829, "LANDMARK_NAME": "PATRICIAN APARTMENTS", "FULL_ADDRESS": "5224 CLAYCUT RD", "CITY": "BATON ROUGE", "STATE": "LOUISIANA", "ZIP": 70806, "PHONE_NUMBER": null, "LATITUDE": 30.44093, "LONGITUDE": -91.13602 }, "geometry": { "type": "Point", "coordinates": [ -91.136024157160307, 30.440937995356883 ] } },
{ "type": "Feature", "properties": { "ID": 179865, "LANDMARK_NAME": "THE VILLAS APARTMENTS", "FULL_ADDRESS": "3332 CAROL DR", "CITY": "BATON ROUGE", "STATE": "LOUISIANA", "ZIP": 70806, "PHONE_NUMBER": null, "LATITUDE": 30.44249, "LONGITUDE": -91.15413 }, "geometry": { "type": "Point", "coordinates": [ -91.154135615559696, 30.442492195365791 ] } },
{ "type": "Feature", "properties": { "ID": 179866, "LANDMARK_NAME": "THE VILLAS APARTMENTS", "FULL_ADDRESS": "3344 CAROL DR", "CITY": "BATON ROUGE", "STATE": "LOUISIANA", "ZIP": 70806, "PHONE_NUMBER": null, "LATITUDE": 30.44258, "LONGITUDE": -91.1539 }, "geometry": { "type": "Point", "coordinates": [ -91.153903784519088, 30.442581985362377 ] } },
{ "type": "Feature", "properties": { "ID": 180082, "LANDMARK_NAME": "TERRACES AT PERKINS ROWE APARTMENTS", "FULL_ADDRESS": "10202 PERKINS ROWE", "CITY": "BATON ROUGE", "STATE": "LOUISIANA", "ZIP": 70810, "PHONE_NUMBER": null, "LATITUDE": 30.37832, "LONGITUDE": -91.09233 }, "geometry": { "type": "Point", "coordinates": [ -91.092331958437356, 30.378328260412925 ] } },
{ "type": "Feature", "properties": { "ID": 180083, "LANDMARK_NAME": "TERRACES AT PERKINS ROWE APARTMENTS", "FULL_ADDRESS": "10202 PERKINS ROWE", "CITY": "BATON ROUGE", "STATE": "LOUISIANA", "ZIP": 70810, "PHONE_NUMBER": null, "LATITUDE": 30.37832, "LONGITUDE": -91.09233 }, "geometry": { "type": "Point", "coordinates": [ -91.092331958437356, 30.378328260412925 ] } },
{ "type": "Feature", "properties": { "ID": 180084, "LANDMARK_NAME": "TERRACES AT PERKINS ROWE APARTMENTS", "FULL_ADDRESS": "10202 PERKINS ROWE", "CITY": "BATON ROUGE", "STATE": "LOUISIANA", "ZIP": 70810, "PHONE_NUMBER": null, "LATITUDE": 30.37832, "LONGITUDE": -91.09233 }, "geometry": { "type": "Point", "coordinates": [ -91.092331958437356, 30.378328260412925 ] } },
{ "type": "Feature", "properties": { "ID": 180085, "LANDMARK_NAME": "TERRACES AT PERKINS ROWE APARTMENTS", "FULL_ADDRESS": "10202 PERKINS ROWE", "CITY": "BATON ROUGE", "STATE": "LOUISIANA", "ZIP": 70810, "PHONE_NUMBER": null, "LATITUDE": 30.37832, "LONGITUDE": -91.09233 }, "geometry": { "type": "Point", "coordinates": [ -91.092331958437356, 30.378328260412925 ] } },
{ "type": "Feature", "properties": { "ID": 180086, "LANDMARK_NAME": "TERRACES AT PERKINS ROWE APARTMENTS", "FULL_ADDRESS": "10202 PERKINS ROWE", "CITY": "BATON ROUGE", "STATE": "LOUISIANA", "ZIP": 70810, "PHONE_NUMBER": null, "LATITUDE": 30.37832, "LONGITUDE": -91.09233 }, "geometry": { "type": "Point", "coordinates": [ -91.092331958437356, 30.378328260412925 ] } },
{ "type": "Feature", "properties": { "ID": 180087, "LANDMARK_NAME": "TERRACES AT PERKINS ROWE APARTMENTS", "FULL_ADDRESS": "10202 PERKINS ROWE", "CITY": "BATON ROUGE", "STATE": "LOUISIANA", "ZIP": 70810, "PHONE_NUMBER": null, "LATITUDE": 30.37832, "LONGITUDE": -91.09233 }, "geometry": { "type": "Point", "coordinates": [ -91.092331958437356, 30.378328260412925 ] } },
{ "type": "Feature", "properties": { "ID": 180088, "LANDMARK_NAME": "TERRACES AT PERKINS ROWE APARTMENTS", "FULL_ADDRESS": "10202 PERKINS ROWE", "CITY": "BATON ROUGE", "STATE": "LOUISIANA", "ZIP": 70810, "PHONE_NUMBER": null, "LATITUDE": 30.37832, "LONGITUDE": -91.09233 }, "geometry": { "type": "Point", "coordinates": [ -91.092331958437356, 30.378328260412925 ] } },
{ "type": "Feature", "properties": { "ID": 180089, "LANDMARK_NAME": "TERRACES AT PERKINS ROWE APARTMENTS", "FULL_ADDRESS": "10202 PERKINS ROWE", "CITY": "BATON ROUGE", "STATE": "LOUISIANA", "ZIP": 70810, "PHONE_NUMBER": null, "LATITUDE": 30.37832, "LONGITUDE": -91.09233 }, "geometry": { "type": "Point", "coordinates": [ -91.092331958437356, 30.378328260412925 ] } },
{ "type": "Feature", "properties": { "ID": 181528, "LANDMARK_NAME": "PARK PLAZA APARTMENTS", "FULL_ADDRESS": "1120 SHERRON AVE", "CITY": "BAKER", "STATE": "LOUISIANA", "ZIP": 70714, "PHONE_NUMBER": null, "LATITUDE": 30.58613, "LONGITUDE": -91.14654 }, "geometry": { "type": "Point", "coordinates": [ -91.146542800562273, 30.586130920293723 ] } },
{ "type": "Feature", "properties": { "ID": 181537, "LANDMARK_NAME": "CHARLESTON OAKS APARTMENTS", "FULL_ADDRESS": "4256 JEFFERSON ST", "CITY": "BAKER", "STATE": "LOUISIANA", "ZIP": 70714, "PHONE_NUMBER": null, "LATITUDE": 30.59037, "LONGITUDE": -91.15493 }, "geometry": { "type": "Point", "coordinates": [ -91.15493975731242, 30.590380394741995 ] } },
{ "type": "Feature", "properties": { "ID": 181748, "LANDMARK_NAME": "CHATEAU BAKER II APARTMENTS", "FULL_ADDRESS": "2929 RAY WEILAND DR", "CITY": "BAKER", "STATE": "LOUISIANA", "ZIP": 70714, "PHONE_NUMBER": null, "LATITUDE": 30.58676, "LONGITUDE": -91.1706 }, "geometry": { "type": "Point", "coordinates": [ -91.170606564824894, 30.586769620366187 ] } },
{ "type": "Feature", "properties": { "ID": 181838, "LANDMARK_NAME": "STONEYBROOK APARTMENTS", "FULL_ADDRESS": "3857 STONEY BROOK RD", "CITY": "ZACHARY", "STATE": "LOUISIANA", "ZIP": 70791, "PHONE_NUMBER": null, "LATITUDE": 30.64253, "LONGITUDE": -91.14802 }, "geometry": { "type": "Point", "coordinates": [ -91.148026339558484, 30.642536401904486 ] } },
{ "type": "Feature", "properties": { "ID": 183148, "LANDMARK_NAME": "CAMELLIA TRACE APARTMENTS", "FULL_ADDRESS": "5350 GROOM RD", "CITY": "BAKER", "STATE": "LOUISIANA", "ZIP": 70714, "PHONE_NUMBER": null, "LATITUDE": 30.58637, "LONGITUDE": -91.14199 }, "geometry": { "type": "Point", "coordinates": [ -91.141994930961602, 30.586379682362271 ] } },
{ "type": "Feature", "properties": { "ID": 183211, "LANDMARK_NAME": "TANGLEWOOD APARTMENTS", "FULL_ADDRESS": "9889 HOOPER RD", "CITY": "CENTRAL", "STATE": "LOUISIANA", "ZIP": 70818, "PHONE_NUMBER": null, "LATITUDE": 30.53841, "LONGITUDE": -91.07692 }, "geometry": { "type": "Point", "coordinates": [ -91.076925104851384, 30.538411596700669 ] } },
{ "type": "Feature", "properties": { "ID": 184248, "LANDMARK_NAME": "ZACHARY PARKSIDE APARTMENTS", "FULL_ADDRESS": "20151 OLD SCENIC HWY", "CITY": "ZACHARY", "STATE": "LOUISIANA", "ZIP": 70791, "PHONE_NUMBER": null, "LATITUDE": 30.6516, "LONGITUDE": -91.1939 }, "geometry": { "type": "Point", "coordinates": [ -91.193909046675884, 30.651604520229846 ] } },
{ "type": "Feature", "properties": { "ID": 184610, "LANDMARK_NAME": "CHATEAU BAKER APARTMENTS", "FULL_ADDRESS": "3204 SINGLETARY DR", "CITY": "BAKER", "STATE": "LOUISIANA", "ZIP": 70714, "PHONE_NUMBER": null, "LATITUDE": 30.59912, "LONGITUDE": -91.16387 }, "geometry": { "type": "Point", "coordinates": [ -91.163880711913052, 30.599121219021217 ] } },
{ "type": "Feature", "properties": { "ID": 184611, "LANDMARK_NAME": "BAKER PLAZA APARTMENTS", "FULL_ADDRESS": "2290 MANHATTAN ST", "CITY": "BAKER", "STATE": "LOUISIANA", "ZIP": 70714, "PHONE_NUMBER": null, "LATITUDE": 30.5985, "LONGITUDE": -91.16362 }, "geometry": { "type": "Point", "coordinates": [ -91.163626466137046, 30.598502531158889 ] } },
{ "type": "Feature", "properties": { "ID": 185504, "LANDMARK_NAME": "COVENTRY TERRACE APARTMENTS", "FULL_ADDRESS": "429 E STATE ST", "CITY": "BATON ROUGE", "STATE": "LOUISIANA", "ZIP": 70808, "PHONE_NUMBER": null, "LATITUDE": 30.42004, "LONGITUDE": -91.17321 }, "geometry": { "type": "Point", "coordinates": [ -91.173220287699664, 30.420045218965882 ] } },
{ "type": "Feature", "properties": { "ID": 186796, "LANDMARK_NAME": "THE EXCHANGE AT BATON ROUGE APARTMENTS", "FULL_ADDRESS": "449 BEN HUR RD, BLDG 2", "CITY": "BATON ROUGE", "STATE": "LOUISIANA", "ZIP": 70820, "PHONE_NUMBER": null, "LATITUDE": 30.38618, "LONGITUDE": -91.15627 }, "geometry": { "type": "Point", "coordinates": [ -91.156276594978891, 30.386185373063551 ] } },
{ "type": "Feature", "properties": { "ID": 186797, "LANDMARK_NAME": "THE EXCHANGE AT BATON ROUGE APARTMENTS", "FULL_ADDRESS": "449 BEN HUR RD, BLDG 3", "CITY": "BATON ROUGE", "STATE": "LOUISIANA", "ZIP": 70820, "PHONE_NUMBER": null, "LATITUDE": 30.3855, "LONGITUDE": -91.15553 }, "geometry": { "type": "Point", "coordinates": [ -91.155533313553661, 30.38550724746317 ] } },
{ "type": "Feature", "properties": { "ID": 186798, "LANDMARK_NAME": "THE EXCHANGE AT BATON ROUGE APARTMENTS", "FULL_ADDRESS": "449 BEN HUR RD, BLDG 4", "CITY": "BATON ROUGE", "STATE": "LOUISIANA", "ZIP": 70820, "PHONE_NUMBER": null, "LATITUDE": 30.38516, "LONGITUDE": -91.15505 }, "geometry": { "type": "Point", "coordinates": [ -91.155054354422546, 30.385162099386573 ] } },
{ "type": "Feature", "properties": { "ID": 186800, "LANDMARK_NAME": "THE EXCHANGE AT BATON ROUGE APARTMENTS", "FULL_ADDRESS": "449 BEN HUR RD, BLDG 6", "CITY": "BATON ROUGE", "STATE": "LOUISIANA", "ZIP": 70820, "PHONE_NUMBER": null, "LATITUDE": 30.38432, "LONGITUDE": -91.15423 }, "geometry": { "type": "Point", "coordinates": [ -91.154233722922342, 30.384329430408204 ] } },
{ "type": "Feature", "properties": { "ID": 187146, "LANDMARK_NAME": "GATES AT CITIPLACE APARTMENTS", "FULL_ADDRESS": "2508 GATES CIR", "CITY": "BATON ROUGE", "STATE": "LOUISIANA", "ZIP": 70809, "PHONE_NUMBER": null, "LATITUDE": 30.42236, "LONGITUDE": -91.12442 }, "geometry": { "type": "Point", "coordinates": [ -91.124426670224821, 30.422367577566433 ] } },
{ "type": "Feature", "properties": { "ID": 187147, "LANDMARK_NAME": "GATES AT CITIPLACE APARTMENTS", "FULL_ADDRESS": "2512 GATES CIR", "CITY": "BATON ROUGE", "STATE": "LOUISIANA", "ZIP": 70809, "PHONE_NUMBER": null, "LATITUDE": 30.42185, "LONGITUDE": -91.12401 }, "geometry": { "type": "Point", "coordinates": [ -91.124015935986108, 30.421856375964705 ] } },
{ "type": "Feature", "properties": { "ID": 187148, "LANDMARK_NAME": "GATES AT CITIPLACE APARTMENTS", "FULL_ADDRESS": "2514 GATES CIR", "CITY": "BATON ROUGE", "STATE": "LOUISIANA", "ZIP": 70809, "PHONE_NUMBER": null, "LATITUDE": 30.4216, "LONGITUDE": -91.12318 }, "geometry": { "type": "Point", "coordinates": [ -91.123187125270533, 30.421607219339041 ] } },
{ "type": "Feature", "properties": { "ID": 187149, "LANDMARK_NAME": "GATES AT CITIPLACE APARTMENTS", "FULL_ADDRESS": "2516 GATES CIR", "CITY": "BATON ROUGE", "STATE": "LOUISIANA", "ZIP": 70809, "PHONE_NUMBER": null, "LATITUDE": 30.42175, "LONGITUDE": -91.12245 }, "geometry": { "type": "Point", "coordinates": [ -91.122460427956057, 30.421754767702637 ] } },
{ "type": "Feature", "properties": { "ID": 187150, "LANDMARK_NAME": "GATES AT CITIPLACE APARTMENTS", "FULL_ADDRESS": "2518 GATES CIR", "CITY": "BATON ROUGE", "STATE": "LOUISIANA", "ZIP": 70809, "PHONE_NUMBER": null, "LATITUDE": 30.42209, "LONGITUDE": -91.12176 }, "geometry": { "type": "Point", "coordinates": [ -91.121761924750317, 30.422090715537855 ] } },
{ "type": "Feature", "properties": { "ID": 187151, "LANDMARK_NAME": "GATES AT CITIPLACE APARTMENTS", "FULL_ADDRESS": "2524 GATES CIR", "CITY": "BATON ROUGE", "STATE": "LOUISIANA", "ZIP": 70809, "PHONE_NUMBER": null, "LATITUDE": 30.42315, "LONGITUDE": -91.12234 }, "geometry": { "type": "Point", "coordinates": [ -91.122343066983106, 30.423152403784794 ] } },
{ "type": "Feature", "properties": { "ID": 187152, "LANDMARK_NAME": "GATES AT CITIPLACE APARTMENTS", "FULL_ADDRESS": "2528 GATES CIR", "CITY": "BATON ROUGE", "STATE": "LOUISIANA", "ZIP": 70809, "PHONE_NUMBER": null, "LATITUDE": 30.42368, "LONGITUDE": -91.12263 }, "geometry": { "type": "Point", "coordinates": [ -91.12263364275934, 30.423683246831416 ] } },
{ "type": "Feature", "properties": { "ID": 187153, "LANDMARK_NAME": "GATES AT CITIPLACE APARTMENTS", "FULL_ADDRESS": "2530 GATES CIR", "CITY": "BATON ROUGE", "STATE": "LOUISIANA", "ZIP": 70809, "PHONE_NUMBER": null, "LATITUDE": 30.42346, "LONGITUDE": -91.12335 }, "geometry": { "type": "Point", "coordinates": [ -91.123354791326932, 30.423461337930714 ] } },
{ "type": "Feature", "properties": { "ID": 187154, "LANDMARK_NAME": "GATES AT CITIPLACE APARTMENTS", "FULL_ADDRESS": "2526 GATES CIR", "CITY": "BATON ROUGE", "STATE": "LOUISIANA", "ZIP": 70809, "PHONE_NUMBER": null, "LATITUDE": 30.42297, "LONGITUDE": -91.12293 }, "geometry": { "type": "Point", "coordinates": [ -91.122938286835307, 30.422974906986472 ] } },
{ "type": "Feature", "properties": { "ID": 187155, "LANDMARK_NAME": "GATES AT CITIPLACE APARTMENTS", "FULL_ADDRESS": "2522 GATES CIR", "CITY": "BATON ROUGE", "STATE": "LOUISIANA", "ZIP": 70809, "PHONE_NUMBER": null, "LATITUDE": 30.42243, "LONGITUDE": -91.1229 }, "geometry": { "type": "Point", "coordinates": [ -91.122910833811389, 30.422434569581107 ] } },
{ "type": "Feature", "properties": { "ID": 187156, "LANDMARK_NAME": "GATES AT CITIPLACE APARTMENTS", "FULL_ADDRESS": "2506 GATES CIR", "CITY": "BATON ROUGE", "STATE": "LOUISIANA", "ZIP": 70809, "PHONE_NUMBER": null, "LATITUDE": 30.42271, "LONGITUDE": -91.12377 }, "geometry": { "type": "Point", "coordinates": [ -91.123773905534165, 30.422713522154162 ] } },
{ "type": "Feature", "properties": { "ID": 187157, "LANDMARK_NAME": "GATES AT CITIPLACE APARTMENTS", "FULL_ADDRESS": "2502 GATES CIR", "CITY": "BATON ROUGE", "STATE": "LOUISIANA", "ZIP": 70809, "PHONE_NUMBER": null, "LATITUDE": 30.42325, "LONGITUDE": -91.12399 }, "geometry": { "type": "Point", "coordinates": [ -91.123995831280709, 30.423254167367176 ] } },
{ "type": "Feature", "properties": { "ID": 187158, "LANDMARK_NAME": "GATES AT CITIPLACE APARTMENTS", "FULL_ADDRESS": "2500 GATES CIR", "CITY": "BATON ROUGE", "STATE": "LOUISIANA", "ZIP": 70809, "PHONE_NUMBER": null, "LATITUDE": 30.42344, "LONGITUDE": -91.12373 }, "geometry": { "type": "Point", "coordinates": [ -91.123738039612888, 30.423447075111852 ] } },
{ "type": "Feature", "properties": { "ID": 187555, "LANDMARK_NAME": "ZACHARY PARKSIDE APARTMENTS", "FULL_ADDRESS": "20051 OLD SCENIC HWY", "CITY": "ZACHARY", "STATE": "LOUISIANA", "ZIP": 70791, "PHONE_NUMBER": null, "LATITUDE": 30.65096, "LONGITUDE": -91.19553 }, "geometry": { "type": "Point", "coordinates": [ -91.195535782947374, 30.650965405721568 ] } },
{ "type": "Feature", "properties": { "ID": 187611, "LANDMARK_NAME": "THE EXCHANGE AT BATON ROUGE APARTMENTS", "FULL_ADDRESS": "449 BEN HUR RD, BLDG 5", "CITY": "BATON ROUGE", "STATE": "LOUISIANA", "ZIP": 70820, "PHONE_NUMBER": null, "LATITUDE": 30.38458, "LONGITUDE": -91.15401 }, "geometry": { "type": "Point", "coordinates": [ -91.154014031649282, 30.384582559967466 ] } },
{ "type": "Feature", "properties": { "ID": 188575, "LANDMARK_NAME": "THE EXCHANGE AT BATON ROUGE APARTMENTS", "FULL_ADDRESS": "449 BEN HUR RD, BLDG 1", "CITY": "BATON ROUGE", "STATE": "LOUISIANA", "ZIP": 70820, "PHONE_NUMBER": null, "LATITUDE": 30.3866, "LONGITUDE": -91.15814 }, "geometry": { "type": "Point", "coordinates": [ -91.158148505800881, 30.3866076067116 ] } },
{ "type": "Feature", "properties": { "ID": 188800, "LANDMARK_NAME": "GATES AT CITIPLACE APARTMENTS", "FULL_ADDRESS": "2520 GATES CIR", "CITY": "BATON ROUGE", "STATE": "LOUISIANA", "ZIP": 70809, "PHONE_NUMBER": null, "LATITUDE": 30.42257, "LONGITUDE": -91.12209 }, "geometry": { "type": "Point", "coordinates": [ -91.122098346261197, 30.422577022408714 ] } },
{ "type": "Feature", "properties": { "ID": 188801, "LANDMARK_NAME": "GATES AT CITIPLACE APARTMENTS", "FULL_ADDRESS": "2510 GATES CIR", "CITY": "BATON ROUGE", "STATE": "LOUISIANA", "ZIP": 70809, "PHONE_NUMBER": null, "LATITUDE": 30.42235, "LONGITUDE": -91.1234 }, "geometry": { "type": "Point", "coordinates": [ -91.123408605262426, 30.422356052098344 ] } },
{ "type": "Feature", "properties": { "ID": 189466, "LANDMARK_NAME": "THE ADDISON APARTMENTS", "FULL_ADDRESS": "10231 THE GROVE BLVD", "CITY": "BATON ROUGE", "STATE": "LOUISIANA", "ZIP": 70836, "PHONE_NUMBER": null, "LATITUDE": 30.38698, "LONGITUDE": -91.07922 }, "geometry": { "type": "Point", "coordinates": [ -91.079230079766958, 30.386982734458996 ] } },
{ "type": "Feature", "properties": { "ID": 189467, "LANDMARK_NAME": "THE ADDISON APARTMENTS", "FULL_ADDRESS": "10231 THE GROVE BLVD", "CITY": "BATON ROUGE", "STATE": "LOUISIANA", "ZIP": 70836, "PHONE_NUMBER": null, "LATITUDE": 30.38698, "LONGITUDE": -91.07922 }, "geometry": { "type": "Point", "coordinates": [ -91.079230079766958, 30.386982734458996 ] } },
{ "type": "Feature", "properties": { "ID": 189468, "LANDMARK_NAME": "THE ADDISON APARTMENTS", "FULL_ADDRESS": "10231 THE GROVE BLVD", "CITY": "BATON ROUGE", "STATE": "LOUISIANA", "ZIP": 70836, "PHONE_NUMBER": null, "LATITUDE": 30.38698, "LONGITUDE": -91.07922 }, "geometry": { "type": "Point", "coordinates": [ -91.079230079766958, 30.386982734458996 ] } },
{ "type": "Feature", "properties": { "ID": 189469, "LANDMARK_NAME": "THE ADDISON APARTMENTS", "FULL_ADDRESS": "10231 THE GROVE BLVD", "CITY": "BATON ROUGE", "STATE": "LOUISIANA", "ZIP": 70836, "PHONE_NUMBER": null, "LATITUDE": 30.38698, "LONGITUDE": -91.07922 }, "geometry": { "type": "Point", "coordinates": [ -91.079230079766958, 30.386982734458996 ] } },
{ "type": "Feature", "properties": { "ID": 191647, "LANDMARK_NAME": "THE RESERVE AT SHOE CREEK APARTMENTS", "FULL_ADDRESS": "14150 GRAND SETTLEMENT BLVD", "CITY": "CENTRAL", "STATE": "LOUISIANA", "ZIP": 70818, "PHONE_NUMBER": null, "LATITUDE": 30.54027, "LONGITUDE": -91.03173 }, "geometry": { "type": "Point", "coordinates": [ -91.031738792495958, 30.540271239326813 ] } },
{ "type": "Feature", "properties": { "ID": 191648, "LANDMARK_NAME": "THE RESERVE AT SHOE CREEK APARTMENTS", "FULL_ADDRESS": "14150 GRAND SETTLEMENT BLVD", "CITY": "CENTRAL", "STATE": "LOUISIANA", "ZIP": 70818, "PHONE_NUMBER": null, "LATITUDE": 30.54027, "LONGITUDE": -91.03173 }, "geometry": { "type": "Point", "coordinates": [ -91.031738792495958, 30.540271239326813 ] } },
{ "type": "Feature", "properties": { "ID": 192272, "LANDMARK_NAME": "COBBLESTONE AT ESSEN APARTMENTS", "FULL_ADDRESS": "5423 ESSEN LN", "CITY": "BATON ROUGE", "STATE": "LOUISIANA", "ZIP": 70809, "PHONE_NUMBER": null, "LATITUDE": 30.39892, "LONGITUDE": -91.1068 }, "geometry": { "type": "Point", "coordinates": [ -91.106806048920589, 30.398925900926027 ] } },
{ "type": "Feature", "properties": { "ID": 194148, "LANDMARK_NAME": "COTTAGES AT SOUTHFORK APARTMENTS", "FULL_ADDRESS": "11510 SOUTHFORK AVE, BLDG 1", "CITY": "BATON ROUGE", "STATE": "LOUISIANA", "ZIP": 70816, "PHONE_NUMBER": null, "LATITUDE": 30.42103, "LONGITUDE": -91.05672 }, "geometry": { "type": "Point", "coordinates": [ -91.056730380485689, 30.421033668664617 ] } },
{ "type": "Feature", "properties": { "ID": 194149, "LANDMARK_NAME": "COTTAGES AT SOUTHFORK APARTMENTS", "FULL_ADDRESS": "11510 SOUTHFORK AVE, BLDG 2", "CITY": "BATON ROUGE", "STATE": "LOUISIANA", "ZIP": 70816, "PHONE_NUMBER": null, "LATITUDE": 30.42062, "LONGITUDE": -91.05663 }, "geometry": { "type": "Point", "coordinates": [ -91.056634322052147, 30.420628636827846 ] } },
{ "type": "Feature", "properties": { "ID": 194150, "LANDMARK_NAME": "COTTAGES AT SOUTHFORK APARTMENTS", "FULL_ADDRESS": "11510 SOUTHFORK AVE, BLDG 4", "CITY": "BATON ROUGE", "STATE": "LOUISIANA", "ZIP": 70816, "PHONE_NUMBER": null, "LATITUDE": 30.4199, "LONGITUDE": -91.05719 }, "geometry": { "type": "Point", "coordinates": [ -91.057197508253537, 30.419904377658941 ] } },
{ "type": "Feature", "properties": { "ID": 194151, "LANDMARK_NAME": "COTTAGES AT SOUTHFORK APARTMENTS", "FULL_ADDRESS": "11510 SOUTHFORK AVE, BLDG 9A", "CITY": "BATON ROUGE", "STATE": "LOUISIANA", "ZIP": 70816, "PHONE_NUMBER": null, "LATITUDE": 30.42023, "LONGITUDE": -91.05541 }, "geometry": { "type": "Point", "coordinates": [ -91.055412753278262, 30.420237545492022 ] } },
{ "type": "Feature", "properties": { "ID": 194152, "LANDMARK_NAME": "COTTAGES AT SOUTHFORK APARTMENTS", "FULL_ADDRESS": "11510 SOUTHFORK AVE, BLDG 9B", "CITY": "BATON ROUGE", "STATE": "LOUISIANA", "ZIP": 70816, "PHONE_NUMBER": null, "LATITUDE": 30.41986, "LONGITUDE": -91.05525 }, "geometry": { "type": "Point", "coordinates": [ -91.055257037119361, 30.41986770749449 ] } },
{ "type": "Feature", "properties": { "ID": 195210, "LANDMARK_NAME": "PROVINCIAL NORTH APARTMENTS", "FULL_ADDRESS": "1313 N FOSTER DR", "CITY": "BATON ROUGE", "STATE": "LOUISIANA", "ZIP": 70806, "PHONE_NUMBER": null, "LATITUDE": 30.46062, "LONGITUDE": -91.14006 }, "geometry": { "type": "Point", "coordinates": [ -91.140063225023511, 30.460625215297178 ] } },
{ "type": "Feature", "properties": { "ID": 195211, "LANDMARK_NAME": "PROVINCIAL NORTH APARTMENTS", "FULL_ADDRESS": "1321 N FOSTER DR", "CITY": "BATON ROUGE", "STATE": "LOUISIANA", "ZIP": 70806, "PHONE_NUMBER": null, "LATITUDE": 30.46062, "LONGITUDE": -91.1398 }, "geometry": { "type": "Point", "coordinates": [ -91.139806469033857, 30.460628642142364 ] } },
{ "type": "Feature", "properties": { "ID": 195212, "LANDMARK_NAME": "PROVINCIAL NORTH APARTMENTS", "FULL_ADDRESS": "1331 N FOSTER DR", "CITY": "BATON ROUGE", "STATE": "LOUISIANA", "ZIP": 70806, "PHONE_NUMBER": null, "LATITUDE": 30.4603, "LONGITUDE": -91.13996 }, "geometry": { "type": "Point", "coordinates": [ -91.139969479042918, 30.460309507676673 ] } },
{ "type": "Feature", "properties": { "ID": 195213, "LANDMARK_NAME": "PROVINCIAL NORTH APARTMENTS", "FULL_ADDRESS": "1339 N FOSTER DR", "CITY": "BATON ROUGE", "STATE": "LOUISIANA", "ZIP": 70806, "PHONE_NUMBER": null, "LATITUDE": 30.46033, "LONGITUDE": -91.14022 }, "geometry": { "type": "Point", "coordinates": [ -91.140223988412302, 30.460332691191269 ] } },
{ "type": "Feature", "properties": { "ID": 195214, "LANDMARK_NAME": "PROVINCIAL NORTH APARTMENTS", "FULL_ADDRESS": "1347 N FOSTER DR", "CITY": "BATON ROUGE", "STATE": "LOUISIANA", "ZIP": 70806, "PHONE_NUMBER": null, "LATITUDE": 30.4603, "LONGITUDE": -91.14051 }, "geometry": { "type": "Point", "coordinates": [ -91.140511516753961, 30.460302694443499 ] } },
{ "type": "Feature", "properties": { "ID": 195215, "LANDMARK_NAME": "PROVINCIAL NORTH APARTMENTS", "FULL_ADDRESS": "1355 N FOSTER DR", "CITY": "BATON ROUGE", "STATE": "LOUISIANA", "ZIP": 70806, "PHONE_NUMBER": null, "LATITUDE": 30.46013, "LONGITUDE": -91.14071 }, "geometry": { "type": "Point", "coordinates": [ -91.140715927047808, 30.460133800647384 ] } },
{ "type": "Feature", "properties": { "ID": 195216, "LANDMARK_NAME": "PROVINCIAL NORTH APARTMENTS", "FULL_ADDRESS": "1363 N FOSTER DR", "CITY": "BATON ROUGE", "STATE": "LOUISIANA", "ZIP": 70806, "PHONE_NUMBER": null, "LATITUDE": 30.46013, "LONGITUDE": -91.14049 }, "geometry": { "type": "Point", "coordinates": [ -91.140494279101077, 30.460139180621141 ] } },
{ "type": "Feature", "properties": { "ID": 195217, "LANDMARK_NAME": "PROVINCIAL NORTH APARTMENTS", "FULL_ADDRESS": "1371 N FOSTER DR", "CITY": "BATON ROUGE", "STATE": "LOUISIANA", "ZIP": 70806, "PHONE_NUMBER": null, "LATITUDE": 30.46014, "LONGITUDE": -91.14023 }, "geometry": { "type": "Point", "coordinates": [ -91.140237513290046, 30.460148311213658 ] } },
{ "type": "Feature", "properties": { "ID": 195218, "LANDMARK_NAME": "PROVINCIAL NORTH APARTMENTS", "FULL_ADDRESS": "1379 N FOSTER DR", "CITY": "BATON ROUGE", "STATE": "LOUISIANA", "ZIP": 70806, "PHONE_NUMBER": null, "LATITUDE": 30.46015, "LONGITUDE": -91.14007 }, "geometry": { "type": "Point", "coordinates": [ -91.140077305386328, 30.460155681743338 ] } },
{ "type": "Feature", "properties": { "ID": 195219, "LANDMARK_NAME": "PROVINCIAL NORTH APARTMENTS", "FULL_ADDRESS": "1389 N FOSTER DR", "CITY": "BATON ROUGE", "STATE": "LOUISIANA", "ZIP": 70806, "PHONE_NUMBER": null, "LATITUDE": 30.46016, "LONGITUDE": -91.1399 }, "geometry": { "type": "Point", "coordinates": [ -91.139903927596592, 30.460164933495395 ] } },
{ "type": "Feature", "properties": { "ID": 195220, "LANDMARK_NAME": "PROVINCIAL NORTH APARTMENTS", "FULL_ADDRESS": "1397 N FOSTER DR", "CITY": "BATON ROUGE", "STATE": "LOUISIANA", "ZIP": 70806, "PHONE_NUMBER": null, "LATITUDE": 30.46017, "LONGITUDE": -91.13973 }, "geometry": { "type": "Point", "coordinates": [ -91.139732747496126, 30.460172286660079 ] } },
{ "type": "Feature", "properties": { "ID": 195221, "LANDMARK_NAME": "COTTAGES AT SOUTHFORK APARTMENTS", "FULL_ADDRESS": "3614 S COTTAGES AVE", "CITY": "BATON ROUGE", "STATE": "LOUISIANA", "ZIP": 70816, "PHONE_NUMBER": null, "LATITUDE": 30.4204, "LONGITUDE": -91.05635 }, "geometry": { "type": "Point", "coordinates": [ -91.05635972987487, 30.420404698617034 ] } },
{ "type": "Feature", "properties": { "ID": 195222, "LANDMARK_NAME": "COTTAGES AT SOUTHFORK APARTMENTS", "FULL_ADDRESS": "3629 S COTTAGES AVE", "CITY": "BATON ROUGE", "STATE": "LOUISIANA", "ZIP": 70816, "PHONE_NUMBER": null, "LATITUDE": 30.42026, "LONGITUDE": -91.05591 }, "geometry": { "type": "Point", "coordinates": [ -91.055914619436251, 30.420265745986882 ] } },
{ "type": "Feature", "properties": { "ID": 195223, "LANDMARK_NAME": "COTTAGES AT SOUTHFORK APARTMENTS", "FULL_ADDRESS": "11565 COTTAGEVIEW LN", "CITY": "BATON ROUGE", "STATE": "LOUISIANA", "ZIP": 70816, "PHONE_NUMBER": null, "LATITUDE": 30.42101, "LONGITUDE": -91.05555 }, "geometry": { "type": "Point", "coordinates": [ -91.055552072938724, 30.421012454814687 ] } },
{ "type": "Feature", "properties": { "ID": 195224, "LANDMARK_NAME": "PARK PLACE ON BARD APARTMENTS", "FULL_ADDRESS": "11424 BARD AVE", "CITY": "BATON ROUGE", "STATE": "LOUISIANA", "ZIP": 70815, "PHONE_NUMBER": null, "LATITUDE": 30.4675, "LONGITUDE": -91.05683 }, "geometry": { "type": "Point", "coordinates": [ -91.056839749084062, 30.467505654324885 ] } },
{ "type": "Feature", "properties": { "ID": 195225, "LANDMARK_NAME": "PARK PLACE ON BARD APARTMENTS", "FULL_ADDRESS": "11434 BARD AVE", "CITY": "BATON ROUGE", "STATE": "LOUISIANA", "ZIP": 70815, "PHONE_NUMBER": null, "LATITUDE": 30.46771, "LONGITUDE": -91.05684 }, "geometry": { "type": "Point", "coordinates": [ -91.056841012535656, 30.467720151610933 ] } },
{ "type": "Feature", "properties": { "ID": 197845, "LANDMARK_NAME": "RELLIM PLACE APARTMENTS", "FULL_ADDRESS": "12556 BROGDON LN", "CITY": "BATON ROUGE", "STATE": "LOUISIANA", "ZIP": 70816, "PHONE_NUMBER": null, "LATITUDE": 30.4043, "LONGITUDE": -91.0407 }, "geometry": { "type": "Point", "coordinates": [ -91.040705491048442, 30.404307530982052 ] } },
{ "type": "Feature", "properties": { "ID": 197855, "LANDMARK_NAME": "STEELE MANOR APARTMENTS", "FULL_ADDRESS": "584 STEELE BLVD", "CITY": "BATON ROUGE", "STATE": "LOUISIANA", "ZIP": 70806, "PHONE_NUMBER": null, "LATITUDE": 30.44336, "LONGITUDE": -91.15091 }, "geometry": { "type": "Point", "coordinates": [ -91.150914275257009, 30.443362072428641 ] } },
{ "type": "Feature", "properties": { "ID": 197868, "LANDMARK_NAME": "NEW BEGINNINGS APARTMENTS", "FULL_ADDRESS": "4254 MOHICAN-PRESCOTT XOVR", "CITY": "BATON ROUGE", "STATE": "LOUISIANA", "ZIP": 70805, "PHONE_NUMBER": null, "LATITUDE": 30.48574, "LONGITUDE": -91.1472 }, "geometry": { "type": "Point", "coordinates": [ -91.147202716768433, 30.485745893256389 ] } },
{ "type": "Feature", "properties": { "ID": 197869, "LANDMARK_NAME": "NEW BEGINNINGS APARTMENTS", "FULL_ADDRESS": "4262 MOHICAN-PRESCOTT XOVR", "CITY": "BATON ROUGE", "STATE": "LOUISIANA", "ZIP": 70805, "PHONE_NUMBER": null, "LATITUDE": 30.4854, "LONGITUDE": -91.14716 }, "geometry": { "type": "Point", "coordinates": [ -91.147162411515637, 30.485408707060984 ] } },
{ "type": "Feature", "properties": { "ID": 198093, "LANDMARK_NAME": "MAISON BOCAGE APARTMENTS AND TOWNHOMES", "FULL_ADDRESS": "7925 JEFFERSON PLACE BLVD", "CITY": "BATON ROUGE", "STATE": "LOUISIANA", "ZIP": 70809, "PHONE_NUMBER": null, "LATITUDE": 30.4209, "LONGITUDE": -91.10417 }, "geometry": { "type": "Point", "coordinates": [ -91.104171967905529, 30.420904638780549 ] } },
{ "type": "Feature", "properties": { "ID": 198777, "LANDMARK_NAME": "ARDENWOOD VILLAGE APARTMENTS (EBRHA)", "FULL_ADDRESS": "1957 N ARDENWOOD DR", "CITY": "BATON ROUGE", "STATE": "LOUISIANA", "ZIP": 70806, "PHONE_NUMBER": null, "LATITUDE": 30.46607, "LONGITUDE": -91.13003 }, "geometry": { "type": "Point", "coordinates": [ -91.130031563393189, 30.466071875886929 ] } },
{ "type": "Feature", "properties": { "ID": 198778, "LANDMARK_NAME": "ARDENWOOD VILLAGE APARTMENTS (EBRHA)", "FULL_ADDRESS": "1957 N ARDENWOOD DR", "CITY": "BATON ROUGE", "STATE": "LOUISIANA", "ZIP": 70806, "PHONE_NUMBER": null, "LATITUDE": 30.46607, "LONGITUDE": -91.13003 }, "geometry": { "type": "Point", "coordinates": [ -91.130031563393189, 30.466071875886929 ] } },
{ "type": "Feature", "properties": { "ID": 198812, "LANDMARK_NAME": "TOWNE OAKS APARTMENTS", "FULL_ADDRESS": "1331 N SHERWOOD FOREST DR", "CITY": "BATON ROUGE", "STATE": "LOUISIANA", "ZIP": 70815, "PHONE_NUMBER": null, "LATITUDE": 30.46305, "LONGITUDE": -91.05854 }, "geometry": { "type": "Point", "coordinates": [ -91.058545494941967, 30.463060002653524 ] } },
{ "type": "Feature", "properties": { "ID": 199070, "LANDMARK_NAME": "VILLAGE GREEN APARTMENTS 11", "FULL_ADDRESS": "1930 BRADFIELD AVE", "CITY": "BATON ROUGE", "STATE": "LOUISIANA", "ZIP": 70807, "PHONE_NUMBER": null, "LATITUDE": 30.55665, "LONGITUDE": -91.17352 }, "geometry": { "type": "Point", "coordinates": [ -91.173525043156687, 30.556651939086169 ] } },
{ "type": "Feature", "properties": { "ID": 199255, "LANDMARK_NAME": "GREENWOOD FOREST APARTMENTS", "FULL_ADDRESS": "5153 BAKER BLVD", "CITY": "BAKER", "STATE": "LOUISIANA", "ZIP": 70714, "PHONE_NUMBER": null, "LATITUDE": 30.59478, "LONGITUDE": -91.14609 }, "geometry": { "type": "Point", "coordinates": [ -91.146092989850871, 30.594781394247416 ] } },
{ "type": "Feature", "properties": { "ID": 199307, "LANDMARK_NAME": "THE VILLAS APARTMENTS", "FULL_ADDRESS": "748 S ACADIAN THWY", "CITY": "BATON ROUGE", "STATE": "LOUISIANA", "ZIP": 70806, "PHONE_NUMBER": null, "LATITUDE": 30.44106, "LONGITUDE": -91.15287 }, "geometry": { "type": "Point", "coordinates": [ -91.152872871962686, 30.441061868079721 ] } },
{ "type": "Feature", "properties": { "ID": 199309, "LANDMARK_NAME": "THE VILLAS APARTMENTS", "FULL_ADDRESS": "764 S ACADIAN THWY", "CITY": "BATON ROUGE", "STATE": "LOUISIANA", "ZIP": 70806, "PHONE_NUMBER": null, "LATITUDE": 30.44072, "LONGITUDE": -91.15271 }, "geometry": { "type": "Point", "coordinates": [ -91.152713946637647, 30.440722179034601 ] } },
{ "type": "Feature", "properties": { "ID": 199346, "LANDMARK_NAME": "VILLAGE GREEN APARTMENTS 14", "FULL_ADDRESS": "1940 BRADFIELD AVE", "CITY": "BATON ROUGE", "STATE": "LOUISIANA", "ZIP": 70807, "PHONE_NUMBER": null, "LATITUDE": 30.55661, "LONGITUDE": -91.17334 }, "geometry": { "type": "Point", "coordinates": [ -91.17334426492846, 30.556614823354206 ] } },
{ "type": "Feature", "properties": { "ID": 199600, "LANDMARK_NAME": "TIGERLAND APARTMENTS", "FULL_ADDRESS": "4639 EARL GROS AVE", "CITY": "BATON ROUGE", "STATE": "LOUISIANA", "ZIP": 70820, "PHONE_NUMBER": null, "LATITUDE": 30.39266, "LONGITUDE": -91.17931 }, "geometry": { "type": "Point", "coordinates": [ -91.179318618458467, 30.392661221854045 ] } },
{ "type": "Feature", "properties": { "ID": 199613, "LANDMARK_NAME": "VILLAGE FOUR APARTMENTS 3", "FULL_ADDRESS": "4738 TIGERLAND AVE", "CITY": "BATON ROUGE", "STATE": "LOUISIANA", "ZIP": 70820, "PHONE_NUMBER": null, "LATITUDE": 30.39249, "LONGITUDE": -91.18333 }, "geometry": { "type": "Point", "coordinates": [ -91.183331484460098, 30.392499442923217 ] } },
{ "type": "Feature", "properties": { "ID": 199614, "LANDMARK_NAME": "VILLAGE FOUR APARTMENTS 1", "FULL_ADDRESS": "4718 TIGERLAND AVE", "CITY": "BATON ROUGE", "STATE": "LOUISIANA", "ZIP": 70820, "PHONE_NUMBER": null, "LATITUDE": 30.39276, "LONGITUDE": -91.18328 }, "geometry": { "type": "Point", "coordinates": [ -91.183287967720034, 30.392762121799493 ] } },
{ "type": "Feature", "properties": { "ID": 199732, "LANDMARK_NAME": "APARTMENTS", "FULL_ADDRESS": "9116 GREAT SMOKY AVE, BLDG A", "CITY": "BATON ROUGE", "STATE": "LOUISIANA", "ZIP": 70814, "PHONE_NUMBER": null, "LATITUDE": 30.47583, "LONGITUDE": -91.08721 }, "geometry": { "type": "Point", "coordinates": [ -91.087212194770117, 30.475839183333179 ] } },
{ "type": "Feature", "properties": { "ID": 199752, "LANDMARK_NAME": "MAISON BOCAGE APARTMENTS AND TOWNHOMES", "FULL_ADDRESS": "7596 N JEFFERSON PLACE CIR", "CITY": "BATON ROUGE", "STATE": "LOUISIANA", "ZIP": 70809, "PHONE_NUMBER": null, "LATITUDE": 30.42006, "LONGITUDE": -91.10619 }, "geometry": { "type": "Point", "coordinates": [ -91.106198384555285, 30.420061491558254 ] } },
{ "type": "Feature", "properties": { "ID": 200297, "LANDMARK_NAME": "APARTMENTS", "FULL_ADDRESS": "3515 O'NEAL LN", "CITY": "BATON ROUGE", "STATE": "LOUISIANA", "ZIP": 70816, "PHONE_NUMBER": null, "LATITUDE": 30.42057, "LONGITUDE": -91.00702 }, "geometry": { "type": "Point", "coordinates": [ -91.007022925056702, 30.420575915783839 ] } },
{ "type": "Feature", "properties": { "ID": 200316, "LANDMARK_NAME": "TAPESTRY BOCAGE APARTMENTS", "FULL_ADDRESS": "7857 JEFFERSON HWY", "CITY": "BATON ROUGE", "STATE": "LOUISIANA", "ZIP": 70809, "PHONE_NUMBER": null, "LATITUDE": 30.42781, "LONGITUDE": -91.10519 }, "geometry": { "type": "Point", "coordinates": [ -91.105194076001823, 30.427816557024762 ] } },
{ "type": "Feature", "properties": { "ID": 200852, "LANDMARK_NAME": "CHALET SOUTH APARTMENTS 1", "FULL_ADDRESS": "431 WEST DR", "CITY": "BATON ROUGE", "STATE": "LOUISIANA", "ZIP": 70806, "PHONE_NUMBER": null, "LATITUDE": 30.44513, "LONGITUDE": -91.15141 }, "geometry": { "type": "Point", "coordinates": [ -91.151412169510238, 30.445137218780314 ] } },
{ "type": "Feature", "properties": { "ID": 200881, "LANDMARK_NAME": "KENILWORTH RIDGE APARTMENTS", "FULL_ADDRESS": "998 S KENILWORTH PKWY", "CITY": "BATON ROUGE", "STATE": "LOUISIANA", "ZIP": 70820, "PHONE_NUMBER": null, "LATITUDE": 30.37353, "LONGITUDE": -91.14575 }, "geometry": { "type": "Point", "coordinates": [ -91.145754643243833, 30.373536170764101 ] } },
{ "type": "Feature", "properties": { "ID": 200882, "LANDMARK_NAME": "DALI PLACE APARTMENTS", "FULL_ADDRESS": "1054 N ARDENWOOD DR", "CITY": "BATON ROUGE", "STATE": "LOUISIANA", "ZIP": 70806, "PHONE_NUMBER": null, "LATITUDE": 30.45925, "LONGITUDE": -91.12724 }, "geometry": { "type": "Point", "coordinates": [ -91.127245931010975, 30.459257205207734 ] } },
{ "type": "Feature", "properties": { "ID": 200884, "LANDMARK_NAME": "DALI PLACE APARTMENTS", "FULL_ADDRESS": "1118 N ARDENWOOD DR", "CITY": "BATON ROUGE", "STATE": "LOUISIANA", "ZIP": 70806, "PHONE_NUMBER": null, "LATITUDE": 30.45985, "LONGITUDE": -91.12705 }, "geometry": { "type": "Point", "coordinates": [ -91.127055747629711, 30.4598530109064 ] } },
{ "type": "Feature", "properties": { "ID": 201200, "LANDMARK_NAME": "CHERRY CREEK APARTMENTS", "FULL_ADDRESS": "1638 N MARQUE ANN DR", "CITY": "BATON ROUGE", "STATE": "LOUISIANA", "ZIP": 70815, "PHONE_NUMBER": null, "LATITUDE": 30.46793, "LONGITUDE": -91.04265 }, "geometry": { "type": "Point", "coordinates": [ -91.042653923684085, 30.467938375936196 ] } },
{ "type": "Feature", "properties": { "ID": 201367, "LANDMARK_NAME": "LA MAISON RIDGE APARTMENTS", "FULL_ADDRESS": "8500 BLUEBONNET BLVD", "CITY": "BATON ROUGE", "STATE": "LOUISIANA", "ZIP": 70810, "PHONE_NUMBER": null, "LATITUDE": 30.37176, "LONGITUDE": -91.10095 }, "geometry": { "type": "Point", "coordinates": [ -91.100956173780602, 30.371769864277223 ] } },
{ "type": "Feature", "properties": { "ID": 201626, "LANDMARK_NAME": "THE VILLAS APARTMENTS", "FULL_ADDRESS": "656 CAROL MARIE DR", "CITY": "BATON ROUGE", "STATE": "LOUISIANA", "ZIP": 70806, "PHONE_NUMBER": null, "LATITUDE": 30.44195, "LONGITUDE": -91.15433 }, "geometry": { "type": "Point", "coordinates": [ -91.154331047956774, 30.441959988803585 ] } },
{ "type": "Feature", "properties": { "ID": 201627, "LANDMARK_NAME": "THE VILLAS APARTMENTS", "FULL_ADDRESS": "708 CAROL MARIE DR", "CITY": "BATON ROUGE", "STATE": "LOUISIANA", "ZIP": 70806, "PHONE_NUMBER": null, "LATITUDE": 30.44148, "LONGITUDE": -91.1539 }, "geometry": { "type": "Point", "coordinates": [ -91.153905761987602, 30.441487764878133 ] } },
{ "type": "Feature", "properties": { "ID": 201918, "LANDMARK_NAME": "ROSENWALD PLACE APARTMENTS", "FULL_ADDRESS": "1152 ROSENWALD RD", "CITY": "BATON ROUGE", "STATE": "LOUISIANA", "ZIP": 70807, "PHONE_NUMBER": null, "LATITUDE": 30.53124, "LONGITUDE": -91.18173 }, "geometry": { "type": "Point", "coordinates": [ -91.181731198815655, 30.531247765657959 ] } },
{ "type": "Feature", "properties": { "ID": 202009, "LANDMARK_NAME": "SCOTT SCHOOL APARTMENTS", "FULL_ADDRESS": "928 N 19TH ST", "CITY": "BATON ROUGE", "STATE": "LOUISIANA", "ZIP": 70802, "PHONE_NUMBER": null, "LATITUDE": 30.45712, "LONGITUDE": -91.1694 }, "geometry": { "type": "Point", "coordinates": [ -91.169407793317006, 30.457125475700316 ] } },
{ "type": "Feature", "properties": { "ID": 202266, "LANDMARK_NAME": "COTTAGES AT SOUTHFORK APARTMENTS", "FULL_ADDRESS": "3653 S COTTAGES AVE", "CITY": "BATON ROUGE", "STATE": "LOUISIANA", "ZIP": 70816, "PHONE_NUMBER": null, "LATITUDE": 30.41999, "LONGITUDE": -91.05591 }, "geometry": { "type": "Point", "coordinates": [ -91.055915803872864, 30.419990792049795 ] } },
{ "type": "Feature", "properties": { "ID": 202267, "LANDMARK_NAME": "COTTAGES AT SOUTHFORK APARTMENTS", "FULL_ADDRESS": "3661 S COTTAGES AVE", "CITY": "BATON ROUGE", "STATE": "LOUISIANA", "ZIP": 70816, "PHONE_NUMBER": null, "LATITUDE": 30.41992, "LONGITUDE": -91.05591 }, "geometry": { "type": "Point", "coordinates": [ -91.055916099981005, 30.419922053562207 ] } },
{ "type": "Feature", "properties": { "ID": 202268, "LANDMARK_NAME": "COTTAGES AT SOUTHFORK APARTMENTS", "FULL_ADDRESS": "3669 S COTTAGES AVE", "CITY": "BATON ROUGE", "STATE": "LOUISIANA", "ZIP": 70816, "PHONE_NUMBER": null, "LATITUDE": 30.41985, "LONGITUDE": -91.05591 }, "geometry": { "type": "Point", "coordinates": [ -91.055916396088662, 30.419853315073311 ] } },
{ "type": "Feature", "properties": { "ID": 202269, "LANDMARK_NAME": "COTTAGES AT SOUTHFORK APARTMENTS", "FULL_ADDRESS": "3683 S COTTAGES AVE", "CITY": "BATON ROUGE", "STATE": "LOUISIANA", "ZIP": 70816, "PHONE_NUMBER": null, "LATITUDE": 30.41971, "LONGITUDE": -91.05591 }, "geometry": { "type": "Point", "coordinates": [ -91.055916988302897, 30.419715838091445 ] } },
{ "type": "Feature", "properties": { "ID": 202270, "LANDMARK_NAME": "COTTAGES AT SOUTHFORK APARTMENTS", "FULL_ADDRESS": "11515 COTTAGECREEK RD", "CITY": "BATON ROUGE", "STATE": "LOUISIANA", "ZIP": 70816, "PHONE_NUMBER": null, "LATITUDE": 30.41947, "LONGITUDE": -91.05589 }, "geometry": { "type": "Point", "coordinates": [ -91.055891848840801, 30.419474476765849 ] } },
{ "type": "Feature", "properties": { "ID": 202271, "LANDMARK_NAME": "COTTAGES AT SOUTHFORK APARTMENTS", "FULL_ADDRESS": "11523 COTTAGECREEK RD", "CITY": "BATON ROUGE", "STATE": "LOUISIANA", "ZIP": 70816, "PHONE_NUMBER": null, "LATITUDE": 30.41947, "LONGITUDE": -91.05581 }, "geometry": { "type": "Point", "coordinates": [ -91.055812535146828, 30.419474129894468 ] } },
{ "type": "Feature", "properties": { "ID": 202272, "LANDMARK_NAME": "COTTAGES AT SOUTHFORK APARTMENTS", "FULL_ADDRESS": "11531 COTTAGECREEK RD", "CITY": "BATON ROUGE", "STATE": "LOUISIANA", "ZIP": 70816, "PHONE_NUMBER": null, "LATITUDE": 30.41947, "LONGITUDE": -91.05573 }, "geometry": { "type": "Point", "coordinates": [ -91.055733220949037, 30.4194739633921 ] } },
{ "type": "Feature", "properties": { "ID": 202273, "LANDMARK_NAME": "COTTAGES AT SOUTHFORK APARTMENTS", "FULL_ADDRESS": "11539 COTTAGECREEK RD", "CITY": "BATON ROUGE", "STATE": "LOUISIANA", "ZIP": 70816, "PHONE_NUMBER": null, "LATITUDE": 30.41947, "LONGITUDE": -91.05565 }, "geometry": { "type": "Point", "coordinates": [ -91.055653907003773, 30.419473706633859 ] } },
{ "type": "Feature", "properties": { "ID": 202274, "LANDMARK_NAME": "COTTAGES AT SOUTHFORK APARTMENTS", "FULL_ADDRESS": "11547 COTTAGECREEK RD", "CITY": "BATON ROUGE", "STATE": "LOUISIANA", "ZIP": 70816, "PHONE_NUMBER": null, "LATITUDE": 30.41947, "LONGITUDE": -91.05557 }, "geometry": { "type": "Point", "coordinates": [ -91.055574593311192, 30.419473359619737 ] } },
{ "type": "Feature", "properties": { "ID": 202275, "LANDMARK_NAME": "COTTAGES AT SOUTHFORK APARTMENTS", "FULL_ADDRESS": "11563 COTTAGECREEK RD", "CITY": "BATON ROUGE", "STATE": "LOUISIANA", "ZIP": 70816, "PHONE_NUMBER": null, "LATITUDE": 30.41947, "LONGITUDE": -91.05533 }, "geometry": { "type": "Point", "coordinates": [ -91.055336651226781, 30.419472679125082 ] } },
{ "type": "Feature", "properties": { "ID": 202276, "LANDMARK_NAME": "COTTAGES AT SOUTHFORK APARTMENTS", "FULL_ADDRESS": "11571 COTTAGECREEK RD", "CITY": "BATON ROUGE", "STATE": "LOUISIANA", "ZIP": 70816, "PHONE_NUMBER": null, "LATITUDE": 30.41947, "LONGITUDE": -91.05525 }, "geometry": { "type": "Point", "coordinates": [ -91.055257337283535, 30.419472422128962 ] } },
{ "type": "Feature", "properties": { "ID": 202277, "LANDMARK_NAME": "COTTAGES AT SOUTHFORK APARTMENTS", "FULL_ADDRESS": "11579 COTTAGECREEK RD", "CITY": "BATON ROUGE", "STATE": "LOUISIANA", "ZIP": 70816, "PHONE_NUMBER": null, "LATITUDE": 30.41947, "LONGITUDE": -91.05517 }, "geometry": { "type": "Point", "coordinates": [ -91.055178023340687, 30.419472165085242 ] } },
{ "type": "Feature", "properties": { "ID": 202278, "LANDMARK_NAME": "COTTAGES AT SOUTHFORK APARTMENTS", "FULL_ADDRESS": "11587 COTTAGECREEK RD", "CITY": "BATON ROUGE", "STATE": "LOUISIANA", "ZIP": 70816, "PHONE_NUMBER": null, "LATITUDE": 30.41947, "LONGITUDE": -91.05509 }, "geometry": { "type": "Point", "coordinates": [ -91.055098709398322, 30.419471907993952 ] } },
{ "type": "Feature", "properties": { "ID": 202279, "LANDMARK_NAME": "COTTAGES AT SOUTHFORK APARTMENTS", "FULL_ADDRESS": "11564 COTTAGEVIEW LN", "CITY": "BATON ROUGE", "STATE": "LOUISIANA", "ZIP": 70816, "PHONE_NUMBER": null, "LATITUDE": 30.42064, "LONGITUDE": -91.05549 }, "geometry": { "type": "Point", "coordinates": [ -91.055494191853484, 30.420643108649937 ] } },
{ "type": "Feature", "properties": { "ID": 202280, "LANDMARK_NAME": "COTTAGES AT SOUTHFORK APARTMENTS", "FULL_ADDRESS": "11548 COTTAGEVIEW LN", "CITY": "BATON ROUGE", "STATE": "LOUISIANA", "ZIP": 70816, "PHONE_NUMBER": null, "LATITUDE": 30.42064, "LONGITUDE": -91.05565 }, "geometry": { "type": "Point", "coordinates": [ -91.055653550228229, 30.420643623840505 ] } },
{ "type": "Feature", "properties": { "ID": 202281, "LANDMARK_NAME": "COTTAGES AT SOUTHFORK APARTMENTS", "FULL_ADDRESS": "11540 COTTAGEVIEW LN", "CITY": "BATON ROUGE", "STATE": "LOUISIANA", "ZIP": 70816, "PHONE_NUMBER": null, "LATITUDE": 30.42064, "LONGITUDE": -91.05573 }, "geometry": { "type": "Point", "coordinates": [ -91.055733697812684, 30.420643882347164 ] } },
{ "type": "Feature", "properties": { "ID": 202282, "LANDMARK_NAME": "COTTAGES AT SOUTHFORK APARTMENTS", "FULL_ADDRESS": "11532 COTTAGEVIEW LN", "CITY": "BATON ROUGE", "STATE": "LOUISIANA", "ZIP": 70816, "PHONE_NUMBER": null, "LATITUDE": 30.42064, "LONGITUDE": -91.05584 }, "geometry": { "type": "Point", "coordinates": [ -91.055843197989731, 30.420644292620132 ] } },
{ "type": "Feature", "properties": { "ID": 202283, "LANDMARK_NAME": "COTTAGES AT SOUTHFORK APARTMENTS", "FULL_ADDRESS": "11524 COTTAGEVIEW LN", "CITY": "BATON ROUGE", "STATE": "LOUISIANA", "ZIP": 70816, "PHONE_NUMBER": null, "LATITUDE": 30.42064, "LONGITUDE": -91.05592 }, "geometry": { "type": "Point", "coordinates": [ -91.05592324148715, 30.420644550793504 ] } },
{ "type": "Feature", "properties": { "ID": 202284, "LANDMARK_NAME": "COTTAGES AT SOUTHFORK APARTMENTS", "FULL_ADDRESS": "11516 COTTAGEVIEW LN", "CITY": "BATON ROUGE", "STATE": "LOUISIANA", "ZIP": 70816, "PHONE_NUMBER": null, "LATITUDE": 30.42064, "LONGITUDE": -91.056 }, "geometry": { "type": "Point", "coordinates": [ -91.056002556368185, 30.420644807390058 ] } },
{ "type": "Feature", "properties": { "ID": 202285, "LANDMARK_NAME": "COTTAGES AT SOUTHFORK APARTMENTS", "FULL_ADDRESS": "11508 COTTAGEVIEW LN", "CITY": "BATON ROUGE", "STATE": "LOUISIANA", "ZIP": 70816, "PHONE_NUMBER": null, "LATITUDE": 30.42064, "LONGITUDE": -91.05608 }, "geometry": { "type": "Point", "coordinates": [ -91.056081871249702, 30.420645063939105 ] } },
{ "type": "Feature", "properties": { "ID": 202286, "LANDMARK_NAME": "COTTAGES AT SOUTHFORK APARTMENTS", "FULL_ADDRESS": "11517 COTTAGEVIEW LN", "CITY": "BATON ROUGE", "STATE": "LOUISIANA", "ZIP": 70816, "PHONE_NUMBER": null, "LATITUDE": 30.42101, "LONGITUDE": -91.05605 }, "geometry": { "type": "Point", "coordinates": [ -91.056053361579771, 30.421014048280622 ] } },
{ "type": "Feature", "properties": { "ID": 202287, "LANDMARK_NAME": "COTTAGES AT SOUTHFORK APARTMENTS", "FULL_ADDRESS": "11525 COTTAGEVIEW LN", "CITY": "BATON ROUGE", "STATE": "LOUISIANA", "ZIP": 70816, "PHONE_NUMBER": null, "LATITUDE": 30.42101, "LONGITUDE": -91.05597 }, "geometry": { "type": "Point", "coordinates": [ -91.055974046403691, 30.421013791714479 ] } },
{ "type": "Feature", "properties": { "ID": 202288, "LANDMARK_NAME": "COTTAGES AT SOUTHFORK APARTMENTS", "FULL_ADDRESS": "11533 COTTAGEVIEW LN", "CITY": "BATON ROUGE", "STATE": "LOUISIANA", "ZIP": 70816, "PHONE_NUMBER": null, "LATITUDE": 30.42101, "LONGITUDE": -91.05589 }, "geometry": { "type": "Point", "coordinates": [ -91.055894731227951, 30.421013535100819 ] } },
{ "type": "Feature", "properties": { "ID": 202289, "LANDMARK_NAME": "COTTAGES AT SOUTHFORK APARTMENTS", "FULL_ADDRESS": "11541 COTTAGEVIEW LN", "CITY": "BATON ROUGE", "STATE": "LOUISIANA", "ZIP": 70816, "PHONE_NUMBER": null, "LATITUDE": 30.42101, "LONGITUDE": -91.05578 }, "geometry": { "type": "Point", "coordinates": [ -91.055790018461806, 30.421013225129634 ] } },
{ "type": "Feature", "properties": { "ID": 202290, "LANDMARK_NAME": "COTTAGES AT SOUTHFORK APARTMENTS", "FULL_ADDRESS": "11549 COTTAGEVIEW LN", "CITY": "BATON ROUGE", "STATE": "LOUISIANA", "ZIP": 70816, "PHONE_NUMBER": null, "LATITUDE": 30.42101, "LONGITUDE": -91.0557 }, "geometry": { "type": "Point", "coordinates": [ -91.055710703287048, 30.421012968405549 ] } },
{ "type": "Feature", "properties": { "ID": 202621, "LANDMARK_NAME": "IVY PARK APARTMENTS", "FULL_ADDRESS": "6444 JONES CREEK RD, BLDG 22", "CITY": "BATON ROUGE", "STATE": "LOUISIANA", "ZIP": 70817, "PHONE_NUMBER": null, "LATITUDE": 30.39524, "LONGITUDE": -91.01843 }, "geometry": { "type": "Point", "coordinates": [ -91.018432190892199, 30.395247869195956 ] } },
{ "type": "Feature", "properties": { "ID": 202830, "LANDMARK_NAME": "RIVER HOUSE APARTMENTS", "FULL_ADDRESS": "102 RIVER HOUSE PL", "CITY": "BATON ROUGE", "STATE": "LOUISIANA", "ZIP": 70802, "PHONE_NUMBER": null, "LATITUDE": 30.43373, "LONGITUDE": -91.18769 }, "geometry": { "type": "Point", "coordinates": [ -91.187697892627639, 30.433740124675907 ] } },
{ "type": "Feature", "properties": { "ID": 203098, "LANDMARK_NAME": "IVY PARK APARTMENTS", "FULL_ADDRESS": "6444 JONES CREEK RD, BLDG 1", "CITY": "BATON ROUGE", "STATE": "LOUISIANA", "ZIP": 70817, "PHONE_NUMBER": null, "LATITUDE": 30.39375, "LONGITUDE": -91.01865 }, "geometry": { "type": "Point", "coordinates": [ -91.018656965928812, 30.393755954806274 ] } },
{ "type": "Feature", "properties": { "ID": 203099, "LANDMARK_NAME": "IVY PARK APARTMENTS", "FULL_ADDRESS": "6444 JONES CREEK RD, BLDG 2", "CITY": "BATON ROUGE", "STATE": "LOUISIANA", "ZIP": 70817, "PHONE_NUMBER": null, "LATITUDE": 30.39355, "LONGITUDE": -91.01924 }, "geometry": { "type": "Point", "coordinates": [ -91.019244623520365, 30.393551844348192 ] } },
{ "type": "Feature", "properties": { "ID": 203100, "LANDMARK_NAME": "IVY PARK APARTMENTS", "FULL_ADDRESS": "6444 JONES CREEK RD, BLDG 3", "CITY": "BATON ROUGE", "STATE": "LOUISIANA", "ZIP": 70817, "PHONE_NUMBER": null, "LATITUDE": 30.39412, "LONGITUDE": -91.01938 }, "geometry": { "type": "Point", "coordinates": [ -91.019389565357443, 30.394124675496247 ] } },
{ "type": "Feature", "properties": { "ID": 203101, "LANDMARK_NAME": "IVY PARK APARTMENTS", "FULL_ADDRESS": "6444 JONES CREEK RD, BLDG 4", "CITY": "BATON ROUGE", "STATE": "LOUISIANA", "ZIP": 70817, "PHONE_NUMBER": null, "LATITUDE": 30.39447, "LONGITUDE": -91.01963 }, "geometry": { "type": "Point", "coordinates": [ -91.019631174163123, 30.39447265499107 ] } },
{ "type": "Feature", "properties": { "ID": 203102, "LANDMARK_NAME": "IVY PARK APARTMENTS", "FULL_ADDRESS": "6444 JONES CREEK RD, BLDG 5", "CITY": "BATON ROUGE", "STATE": "LOUISIANA", "ZIP": 70817, "PHONE_NUMBER": null, "LATITUDE": 30.39488, "LONGITUDE": -91.01982 }, "geometry": { "type": "Point", "coordinates": [ -91.019827413291409, 30.394889029702938 ] } },
{ "type": "Feature", "properties": { "ID": 203103, "LANDMARK_NAME": "IVY PARK APARTMENTS", "FULL_ADDRESS": "6444 JONES CREEK RD, BLDG 6", "CITY": "BATON ROUGE", "STATE": "LOUISIANA", "ZIP": 70817, "PHONE_NUMBER": null, "LATITUDE": 30.39489, "LONGITUDE": -91.019 }, "geometry": { "type": "Point", "coordinates": [ -91.019003305367463, 30.394896858486732 ] } },
{ "type": "Feature", "properties": { "ID": 203104, "LANDMARK_NAME": "IVY PARK APARTMENTS", "FULL_ADDRESS": "6444 JONES CREEK RD, BLDG 7", "CITY": "BATON ROUGE", "STATE": "LOUISIANA", "ZIP": 70817, "PHONE_NUMBER": null, "LATITUDE": 30.39451, "LONGITUDE": -91.01911 }, "geometry": { "type": "Point", "coordinates": [ -91.019111739347821, 30.394520351769593 ] } },
{ "type": "Feature", "properties": { "ID": 203105, "LANDMARK_NAME": "IVY PARK APARTMENTS", "FULL_ADDRESS": "6444 JONES CREEK RD, BLDG 8", "CITY": "BATON ROUGE", "STATE": "LOUISIANA", "ZIP": 70817, "PHONE_NUMBER": null, "LATITUDE": 30.39572, "LONGITUDE": -91.01901 }, "geometry": { "type": "Point", "coordinates": [ -91.019011961828127, 30.395728696311835 ] } },
{ "type": "Feature", "properties": { "ID": 203308, "LANDMARK_NAME": "IVY PARK APARTMENTS", "FULL_ADDRESS": "6444 JONES CREEK RD, BLDG 9", "CITY": "BATON ROUGE", "STATE": "LOUISIANA", "ZIP": 70817, "PHONE_NUMBER": null, "LATITUDE": 30.39412, "LONGITUDE": -91.01864 }, "geometry": { "type": "Point", "coordinates": [ -91.018650143686614, 30.394127810209422 ] } },
{ "type": "Feature", "properties": { "ID": 203309, "LANDMARK_NAME": "IVY PARK APARTMENTS", "FULL_ADDRESS": "6444 JONES CREEK RD, BLDG 10", "CITY": "BATON ROUGE", "STATE": "LOUISIANA", "ZIP": 70817, "PHONE_NUMBER": null, "LATITUDE": 30.39403, "LONGITUDE": -91.01981 }, "geometry": { "type": "Point", "coordinates": [ -91.019818811848936, 30.394037619126628 ] } },
{ "type": "Feature", "properties": { "ID": 203310, "LANDMARK_NAME": "IVY PARK APARTMENTS", "FULL_ADDRESS": "6444 JONES CREEK RD, BLDG 11", "CITY": "BATON ROUGE", "STATE": "LOUISIANA", "ZIP": 70817, "PHONE_NUMBER": null, "LATITUDE": 30.3942, "LONGITUDE": -91.02022 }, "geometry": { "type": "Point", "coordinates": [ -91.020224662262919, 30.394209837574081 ] } },
{ "type": "Feature", "properties": { "ID": 203311, "LANDMARK_NAME": "IVY PARK APARTMENTS", "FULL_ADDRESS": "6444 JONES CREEK RD, BLDG 12", "CITY": "BATON ROUGE", "STATE": "LOUISIANA", "ZIP": 70817, "PHONE_NUMBER": null, "LATITUDE": 30.39462, "LONGITUDE": -91.02 }, "geometry": { "type": "Point", "coordinates": [ -91.020003206792367, 30.394630114941275 ] } },
{ "type": "Feature", "properties": { "ID": 203312, "LANDMARK_NAME": "IVY PARK APARTMENTS", "FULL_ADDRESS": "6444 JONES CREEK RD, BLDG 13", "CITY": "BATON ROUGE", "STATE": "LOUISIANA", "ZIP": 70817, "PHONE_NUMBER": null, "LATITUDE": 30.39282, "LONGITUDE": -91.02062 }, "geometry": { "type": "Point", "coordinates": [ -91.020629769057962, 30.3928260639466 ] } },
{ "type": "Feature", "properties": { "ID": 203313, "LANDMARK_NAME": "IVY PARK APARTMENTS", "FULL_ADDRESS": "6444 JONES CREEK RD, BLDG 14", "CITY": "BATON ROUGE", "STATE": "LOUISIANA", "ZIP": 70817, "PHONE_NUMBER": null, "LATITUDE": 30.39326, "LONGITUDE": -91.02057 }, "geometry": { "type": "Point", "coordinates": [ -91.020571955379438, 30.393261409241276 ] } },
{ "type": "Feature", "properties": { "ID": 203314, "LANDMARK_NAME": "IVY PARK APARTMENTS", "FULL_ADDRESS": "6444 JONES CREEK RD, BLDG 15", "CITY": "BATON ROUGE", "STATE": "LOUISIANA", "ZIP": 70817, "PHONE_NUMBER": null, "LATITUDE": 30.3937, "LONGITUDE": -91.0205 }, "geometry": { "type": "Point", "coordinates": [ -91.020502837383063, 30.39370161977007 ] } },
{ "type": "Feature", "properties": { "ID": 203315, "LANDMARK_NAME": "IVY PARK APARTMENTS", "FULL_ADDRESS": "6444 JONES CREEK RD, BLDG 16", "CITY": "BATON ROUGE", "STATE": "LOUISIANA", "ZIP": 70817, "PHONE_NUMBER": null, "LATITUDE": 30.39524, "LONGITUDE": -91.01909 }, "geometry": { "type": "Point", "coordinates": [ -91.019098160028605, 30.395244489822613 ] } },
{ "type": "Feature", "properties": { "ID": 203316, "LANDMARK_NAME": "IVY PARK APARTMENTS", "FULL_ADDRESS": "6444 JONES CREEK RD, BLDG 17", "CITY": "BATON ROUGE", "STATE": "LOUISIANA", "ZIP": 70817, "PHONE_NUMBER": null, "LATITUDE": 30.39549, "LONGITUDE": -91.01917 }, "geometry": { "type": "Point", "coordinates": [ -91.019176377484087, 30.395499114323339 ] } },
{ "type": "Feature", "properties": { "ID": 203317, "LANDMARK_NAME": "IVY PARK APARTMENTS", "FULL_ADDRESS": "6444 JONES CREEK RD, BLDG 18", "CITY": "BATON ROUGE", "STATE": "LOUISIANA", "ZIP": 70817, "PHONE_NUMBER": null, "LATITUDE": 30.39545, "LONGITUDE": -91.01888 }, "geometry": { "type": "Point", "coordinates": [ -91.018882992350697, 30.395459272117815 ] } },
{ "type": "Feature", "properties": { "ID": 203318, "LANDMARK_NAME": "IVY PARK APARTMENTS", "FULL_ADDRESS": "6444 JONES CREEK RD, BLDG 19", "CITY": "BATON ROUGE", "STATE": "LOUISIANA", "ZIP": 70817, "PHONE_NUMBER": null, "LATITUDE": 30.39408, "LONGITUDE": -91.01889 }, "geometry": { "type": "Point", "coordinates": [ -91.018892973510816, 30.394089243465203 ] } },
{ "type": "Feature", "properties": { "ID": 203319, "LANDMARK_NAME": "IVY PARK APARTMENTS", "FULL_ADDRESS": "6444 JONES CREEK RD, BLDG 20", "CITY": "BATON ROUGE", "STATE": "LOUISIANA", "ZIP": 70817, "PHONE_NUMBER": null, "LATITUDE": 30.39608, "LONGITUDE": -91.01894 }, "geometry": { "type": "Point", "coordinates": [ -91.018943098469322, 30.39608572510005 ] } },
{ "type": "Feature", "properties": { "ID": 203320, "LANDMARK_NAME": "IVY PARK APARTMENTS", "FULL_ADDRESS": "6444 JONES CREEK RD, BLDG 21", "CITY": "BATON ROUGE", "STATE": "LOUISIANA", "ZIP": 70817, "PHONE_NUMBER": null, "LATITUDE": 30.39477, "LONGITUDE": -91.01929 }, "geometry": { "type": "Point", "coordinates": [ -91.019291554053808, 30.394775217727911 ] } },
{ "type": "Feature", "properties": { "ID": 203869, "LANDMARK_NAME": "APARTMENTS", "FULL_ADDRESS": "7946 BLES AVE", "CITY": "BATON ROUGE", "STATE": "LOUISIANA", "ZIP": 70810, "PHONE_NUMBER": null, "LATITUDE": 30.39093, "LONGITUDE": -91.10721 }, "geometry": { "type": "Point", "coordinates": [ -91.107219998060728, 30.390933384621938 ] } },
{ "type": "Feature", "properties": { "ID": 205335, "LANDMARK_NAME": "COTTAGES AT SOUTHFORK APARTMENTS", "FULL_ADDRESS": "3615 COTTAGEWOOD DR", "CITY": "BATON ROUGE", "STATE": "LOUISIANA", "ZIP": 70816, "PHONE_NUMBER": null, "LATITUDE": 30.4204, "LONGITUDE": -91.05674 }, "geometry": { "type": "Point", "coordinates": [ -91.056742043296353, 30.420405949984982 ] } },
{ "type": "Feature", "properties": { "ID": 205337, "LANDMARK_NAME": "COTTAGES AT SOUTHFORK APARTMENTS", "FULL_ADDRESS": "3623 COTTAGEWOOD DR", "CITY": "BATON ROUGE", "STATE": "LOUISIANA", "ZIP": 70816, "PHONE_NUMBER": null, "LATITUDE": 30.42033, "LONGITUDE": -91.05674 }, "geometry": { "type": "Point", "coordinates": [ -91.056742338833828, 30.420337211503515 ] } },
{ "type": "Feature", "properties": { "ID": 205338, "LANDMARK_NAME": "COTTAGES AT SOUTHFORK APARTMENTS", "FULL_ADDRESS": "3631 COTTAGEWOOD DR", "CITY": "BATON ROUGE", "STATE": "LOUISIANA", "ZIP": 70816, "PHONE_NUMBER": null, "LATITUDE": 30.42026, "LONGITUDE": -91.05674 }, "geometry": { "type": "Point", "coordinates": [ -91.056742634370892, 30.420268473020762 ] } },
{ "type": "Feature", "properties": { "ID": 205339, "LANDMARK_NAME": "COTTAGES AT SOUTHFORK APARTMENTS", "FULL_ADDRESS": "3639 COTTAGEWOOD DR", "CITY": "BATON ROUGE", "STATE": "LOUISIANA", "ZIP": 70816, "PHONE_NUMBER": null, "LATITUDE": 30.42019, "LONGITUDE": -91.05674 }, "geometry": { "type": "Point", "coordinates": [ -91.056742929907557, 30.420199734536695 ] } },
{ "type": "Feature", "properties": { "ID": 205340, "LANDMARK_NAME": "COTTAGES AT SOUTHFORK APARTMENTS", "FULL_ADDRESS": "3647 COTTAGEWOOD DR", "CITY": "BATON ROUGE", "STATE": "LOUISIANA", "ZIP": 70816, "PHONE_NUMBER": null, "LATITUDE": 30.42013, "LONGITUDE": -91.05674 }, "geometry": { "type": "Point", "coordinates": [ -91.056743225443796, 30.420130996051302 ] } },
{ "type": "Feature", "properties": { "ID": 205341, "LANDMARK_NAME": "COTTAGES AT SOUTHFORK APARTMENTS", "FULL_ADDRESS": "3655 COTTAGEWOOD DR", "CITY": "BATON ROUGE", "STATE": "LOUISIANA", "ZIP": 70816, "PHONE_NUMBER": null, "LATITUDE": 30.41999, "LONGITUDE": -91.05674 }, "geometry": { "type": "Point", "coordinates": [ -91.056743816515038, 30.41999351907646 ] } },
{ "type": "Feature", "properties": { "ID": 205342, "LANDMARK_NAME": "COTTAGES AT SOUTHFORK APARTMENTS", "FULL_ADDRESS": "3663 COTTAGEWOOD DR", "CITY": "BATON ROUGE", "STATE": "LOUISIANA", "ZIP": 70816, "PHONE_NUMBER": null, "LATITUDE": 30.41992, "LONGITUDE": -91.05674 }, "geometry": { "type": "Point", "coordinates": [ -91.056744112050069, 30.419924780587099 ] } },
{ "type": "Feature", "properties": { "ID": 205343, "LANDMARK_NAME": "COTTAGES AT SOUTHFORK APARTMENTS", "FULL_ADDRESS": "3671 COTTAGEWOOD DR", "CITY": "BATON ROUGE", "STATE": "LOUISIANA", "ZIP": 70816, "PHONE_NUMBER": null, "LATITUDE": 30.41985, "LONGITUDE": -91.05674 }, "geometry": { "type": "Point", "coordinates": [ -91.056744407584688, 30.419856042096328 ] } },
{ "type": "Feature", "properties": { "ID": 205344, "LANDMARK_NAME": "COTTAGES AT SOUTHFORK APARTMENTS", "FULL_ADDRESS": "3679 COTTAGEWOOD DR", "CITY": "BATON ROUGE", "STATE": "LOUISIANA", "ZIP": 70816, "PHONE_NUMBER": null, "LATITUDE": 30.41978, "LONGITUDE": -91.05674 }, "geometry": { "type": "Point", "coordinates": [ -91.056744703118866, 30.41978730360432 ] } },
{ "type": "Feature", "properties": { "ID": 205345, "LANDMARK_NAME": "COTTAGES AT SOUTHFORK APARTMENTS", "FULL_ADDRESS": "3687 COTTAGEWOOD DR", "CITY": "BATON ROUGE", "STATE": "LOUISIANA", "ZIP": 70816, "PHONE_NUMBER": null, "LATITUDE": 30.41971, "LONGITUDE": -91.05674 }, "geometry": { "type": "Point", "coordinates": [ -91.056744998652647, 30.41971856511093 ] } },
{ "type": "Feature", "properties": { "ID": 205346, "LANDMARK_NAME": "COTTAGES AT SOUTHFORK APARTMENTS", "FULL_ADDRESS": "11419 COTTAGECREEK RD", "CITY": "BATON ROUGE", "STATE": "LOUISIANA", "ZIP": 70816, "PHONE_NUMBER": null, "LATITUDE": 30.41947, "LONGITUDE": -91.0568 }, "geometry": { "type": "Point", "coordinates": [ -91.056802397821599, 30.419477466810374 ] } },
{ "type": "Feature", "properties": { "ID": 205347, "LANDMARK_NAME": "COTTAGES AT SOUTHFORK APARTMENTS", "FULL_ADDRESS": "11427 COTTAGECREEK RD", "CITY": "BATON ROUGE", "STATE": "LOUISIANA", "ZIP": 70816, "PHONE_NUMBER": null, "LATITUDE": 30.41947, "LONGITUDE": -91.05672 }, "geometry": { "type": "Point", "coordinates": [ -91.056723083870779, 30.419477210693501 ] } },
{ "type": "Feature", "properties": { "ID": 205348, "LANDMARK_NAME": "COTTAGES AT SOUTHFORK APARTMENTS", "FULL_ADDRESS": "11435 COTTAGECREEK RD", "CITY": "BATON ROUGE", "STATE": "LOUISIANA", "ZIP": 70816, "PHONE_NUMBER": null, "LATITUDE": 30.41947, "LONGITUDE": -91.05664 }, "geometry": { "type": "Point", "coordinates": [ -91.056643769920342, 30.419476954529038 ] } },
{ "type": "Feature", "properties": { "ID": 205349, "LANDMARK_NAME": "COTTAGES AT SOUTHFORK APARTMENTS", "FULL_ADDRESS": "11443 COTTAGECREEK RD", "CITY": "BATON ROUGE", "STATE": "LOUISIANA", "ZIP": 70816, "PHONE_NUMBER": null, "LATITUDE": 30.41947, "LONGITUDE": -91.05656 }, "geometry": { "type": "Point", "coordinates": [ -91.05656445597036, 30.419476698317023 ] } },
{ "type": "Feature", "properties": { "ID": 205350, "LANDMARK_NAME": "COTTAGES AT SOUTHFORK APARTMENTS", "FULL_ADDRESS": "11451 COTTAGECREEK RD", "CITY": "BATON ROUGE", "STATE": "LOUISIANA", "ZIP": 70816, "PHONE_NUMBER": null, "LATITUDE": 30.41947, "LONGITUDE": -91.05646 }, "geometry": { "type": "Point", "coordinates": [ -91.056466094373604, 30.419476311963546 ] } },
{ "type": "Feature", "properties": { "ID": 205351, "LANDMARK_NAME": "COTTAGES AT SOUTHFORK APARTMENTS", "FULL_ADDRESS": "11459 COTTAGECREEK RD", "CITY": "BATON ROUGE", "STATE": "LOUISIANA", "ZIP": 70816, "PHONE_NUMBER": null, "LATITUDE": 30.41947, "LONGITUDE": -91.05638 }, "geometry": { "type": "Point", "coordinates": [ -91.056386780424546, 30.419476055644967 ] } },
{ "type": "Feature", "properties": { "ID": 205352, "LANDMARK_NAME": "COTTAGES AT SOUTHFORK APARTMENTS", "FULL_ADDRESS": "11467 COTTAGECREEK RD", "CITY": "BATON ROUGE", "STATE": "LOUISIANA", "ZIP": 70816, "PHONE_NUMBER": null, "LATITUDE": 30.41947, "LONGITUDE": -91.0563 }, "geometry": { "type": "Point", "coordinates": [ -91.056307466475928, 30.419475799278761 ] } },
{ "type": "Feature", "properties": { "ID": 205353, "LANDMARK_NAME": "COTTAGES AT SOUTHFORK APARTMENTS", "FULL_ADDRESS": "11475 COTTAGECREEK RD", "CITY": "BATON ROUGE", "STATE": "LOUISIANA", "ZIP": 70816, "PHONE_NUMBER": null, "LATITUDE": 30.41947, "LONGITUDE": -91.05622 }, "geometry": { "type": "Point", "coordinates": [ -91.056228152527694, 30.419475542864994 ] } },
{ "type": "Feature", "properties": { "ID": 205354, "LANDMARK_NAME": "COTTAGES AT SOUTHFORK APARTMENTS", "FULL_ADDRESS": "3684 S COTTAGES AVE", "CITY": "BATON ROUGE", "STATE": "LOUISIANA", "ZIP": 70816, "PHONE_NUMBER": null, "LATITUDE": 30.41971, "LONGITUDE": -91.05636 }, "geometry": { "type": "Point", "coordinates": [ -91.056362687877382, 30.419717313751327 ] } },
{ "type": "Feature", "properties": { "ID": 205355, "LANDMARK_NAME": "COTTAGES AT SOUTHFORK APARTMENTS", "FULL_ADDRESS": "3678 S COTTAGES AVE", "CITY": "BATON ROUGE", "STATE": "LOUISIANA", "ZIP": 70816, "PHONE_NUMBER": null, "LATITUDE": 30.41978, "LONGITUDE": -91.05636 }, "geometry": { "type": "Point", "coordinates": [ -91.056362392078967, 30.419786052243882 ] } },
{ "type": "Feature", "properties": { "ID": 205356, "LANDMARK_NAME": "COTTAGES AT SOUTHFORK APARTMENTS", "FULL_ADDRESS": "3670 S COTTAGES AVE", "CITY": "BATON ROUGE", "STATE": "LOUISIANA", "ZIP": 70816, "PHONE_NUMBER": null, "LATITUDE": 30.41985, "LONGITUDE": -91.05636 }, "geometry": { "type": "Point", "coordinates": [ -91.056362096280154, 30.419854790735055 ] } },
{ "type": "Feature", "properties": { "ID": 205357, "LANDMARK_NAME": "COTTAGES AT SOUTHFORK APARTMENTS", "FULL_ADDRESS": "3662 S COTTAGES AVE", "CITY": "BATON ROUGE", "STATE": "LOUISIANA", "ZIP": 70816, "PHONE_NUMBER": null, "LATITUDE": 30.41992, "LONGITUDE": -91.05636 }, "geometry": { "type": "Point", "coordinates": [ -91.056361800480914, 30.419923529224992 ] } },
{ "type": "Feature", "properties": { "ID": 205561, "LANDMARK_NAME": "COTTAGES AT SOUTHFORK APARTMENTS", "FULL_ADDRESS": "3646 S COTTAGES AVE", "CITY": "BATON ROUGE", "STATE": "LOUISIANA", "ZIP": 70816, "PHONE_NUMBER": null, "LATITUDE": 30.42012, "LONGITUDE": -91.05636 }, "geometry": { "type": "Point", "coordinates": [ -91.056360913080795, 30.42012974468668 ] } },
{ "type": "Feature", "properties": { "ID": 205562, "LANDMARK_NAME": "COTTAGES AT SOUTHFORK APARTMENTS", "FULL_ADDRESS": "3638 S COTTAGES AVE", "CITY": "BATON ROUGE", "STATE": "LOUISIANA", "ZIP": 70816, "PHONE_NUMBER": null, "LATITUDE": 30.42019, "LONGITUDE": -91.05635 }, "geometry": { "type": "Point", "coordinates": [ -91.05636061727995, 30.420198483171227 ] } },
{ "type": "Feature", "properties": { "ID": 205563, "LANDMARK_NAME": "COTTAGES AT SOUTHFORK APARTMENTS", "FULL_ADDRESS": "3630 S COTTAGES AVE", "CITY": "BATON ROUGE", "STATE": "LOUISIANA", "ZIP": 70816, "PHONE_NUMBER": null, "LATITUDE": 30.42026, "LONGITUDE": -91.05635 }, "geometry": { "type": "Point", "coordinates": [ -91.05636032147865, 30.420267221654505 ] } },
{ "type": "Feature", "properties": { "ID": 205564, "LANDMARK_NAME": "COTTAGES AT SOUTHFORK APARTMENTS", "FULL_ADDRESS": "3622 S COTTAGES AVE", "CITY": "BATON ROUGE", "STATE": "LOUISIANA", "ZIP": 70816, "PHONE_NUMBER": null, "LATITUDE": 30.42033, "LONGITUDE": -91.05635 }, "geometry": { "type": "Point", "coordinates": [ -91.056360025676966, 30.420335960136399 ] } },
{ "type": "Feature", "properties": { "ID": 205565, "LANDMARK_NAME": "COTTAGES AT SOUTHFORK APARTMENTS", "FULL_ADDRESS": "3613 S COTTAGES AVE", "CITY": "BATON ROUGE", "STATE": "LOUISIANA", "ZIP": 70816, "PHONE_NUMBER": null, "LATITUDE": 30.4204, "LONGITUDE": -91.05591 }, "geometry": { "type": "Point", "coordinates": [ -91.055914027215479, 30.420403222947456 ] } },
{ "type": "Feature", "properties": { "ID": 205566, "LANDMARK_NAME": "COTTAGES AT SOUTHFORK APARTMENTS", "FULL_ADDRESS": "3621 S COTTAGES AVE", "CITY": "BATON ROUGE", "STATE": "LOUISIANA", "ZIP": 70816, "PHONE_NUMBER": null, "LATITUDE": 30.42033, "LONGITUDE": -91.05591 }, "geometry": { "type": "Point", "coordinates": [ -91.055914323326078, 30.42033448446784 ] } },
{ "type": "Feature", "properties": { "ID": 205567, "LANDMARK_NAME": "COTTAGES AT SOUTHFORK APARTMENTS", "FULL_ADDRESS": "3637 S COTTAGES AVE", "CITY": "BATON ROUGE", "STATE": "LOUISIANA", "ZIP": 70816, "PHONE_NUMBER": null, "LATITUDE": 30.42019, "LONGITUDE": -91.05591 }, "geometry": { "type": "Point", "coordinates": [ -91.055914915546026, 30.420197007504594 ] } },
{ "type": "Feature", "properties": { "ID": 205568, "LANDMARK_NAME": "COTTAGES AT SOUTHFORK APARTMENTS", "FULL_ADDRESS": "3645 S COTTAGES AVE", "CITY": "BATON ROUGE", "STATE": "LOUISIANA", "ZIP": 70816, "PHONE_NUMBER": null, "LATITUDE": 30.42012, "LONGITUDE": -91.05591 }, "geometry": { "type": "Point", "coordinates": [ -91.055915211655403, 30.420128269021017 ] } },
{ "type": "Feature", "properties": { "ID": 205619, "LANDMARK_NAME": "COTTAGES AT SOUTHFORK APARTMENTS", "FULL_ADDRESS": "3654 S COTTAGES AVE", "CITY": "BATON ROUGE", "STATE": "LOUISIANA", "ZIP": 70816, "PHONE_NUMBER": null, "LATITUDE": 30.41999, "LONGITUDE": -91.05636 }, "geometry": { "type": "Point", "coordinates": [ -91.056361504681277, 30.419992267713532 ] } },
{ "type": "Feature", "properties": { "ID": 205755, "LANDMARK_NAME": "APARTMENTS", "FULL_ADDRESS": "5958 HOOPER RD", "CITY": "BATON ROUGE", "STATE": "LOUISIANA", "ZIP": 70811, "PHONE_NUMBER": null, "LATITUDE": 30.52559, "LONGITUDE": -91.13124 }, "geometry": { "type": "Point", "coordinates": [ -91.131247430924105, 30.52559279716106 ] } },
{ "type": "Feature", "properties": { "ID": 205886, "LANDMARK_NAME": "THE VILLAS APARTMENTS", "FULL_ADDRESS": "744 CAROL MARIE DR, APT 1", "CITY": "BATON ROUGE", "STATE": "LOUISIANA", "ZIP": 70806, "PHONE_NUMBER": null, "LATITUDE": 30.44087, "LONGITUDE": -91.15357 }, "geometry": { "type": "Point", "coordinates": [ -91.1535746640551, 30.440879865575784 ] } }
]
}
