{
"type": "FeatureCollection",
"name": "Public_Facility",
"crs": { "type": "name", "properties": { "name": "urn:ogc:def:crs:OGC:1.3:CRS84" } },
"features": [
{ "type": "Feature", "properties": { "ID": 1, "DESCRIPTION": "Brooks Park", "FACILITY_TYPE": "BREC PARK", "AGENCY": "BREC", "OWNER": "BREC", "FULL_ADDRESS": "1650 EDDIE ROBINSON SR DR", "CITY": "BATON ROUGE", "STATE": "LOUISIANA", "ZIP": 70802, "PHONE_NUMBER": "225-387-1482", "WEBSITE": "http://brec.org/index.cfm/park/CityBrooksCommunityPark", "ADDRESS_ID": 37909 }, "geometry": { "type": "Point", "coordinates": [ -91.172233652887101, 30.43356411730332 ] } },
{ "type": "Feature", "properties": { "ID": 2, "DESCRIPTION": "Edward Avenue Park", "FACILITY_TYPE": "BREC PARK", "AGENCY": "BREC", "OWNER": "BREC", "FULL_ADDRESS": "3000 EDWARD AVE", "CITY": "BATON ROUGE", "STATE": "LOUISIANA", "ZIP": 70808, "PHONE_NUMBER": "225-272-9200", "WEBSITE": "http://www.brec.org/index.cfm/park/EdwardsAvenue", "ADDRESS_ID": 130163 }, "geometry": { "type": "Point", "coordinates": [ -91.156952992364651, 30.429526705054201 ] } },
{ "type": "Feature", "properties": { "ID": 3, "DESCRIPTION": "Samuel D'Agostino Park", "FACILITY_TYPE": "BREC PARK", "AGENCY": "BREC", "OWNER": "BREC", "FULL_ADDRESS": "10300 EL SCOTT AVE", "CITY": "BATON ROUGE", "STATE": "LOUISIANA", "ZIP": 70811, "PHONE_NUMBER": "225-272-9200", "WEBSITE": "http://www.brec.org/index.cfm/park/SamuelDAgostino", "ADDRESS_ID": 2645 }, "geometry": { "type": "Point", "coordinates": [ -91.074726545582806, 30.500082976647391 ] } },
{ "type": "Feature", "properties": { "ID": 4, "DESCRIPTION": "Greater King David Baptist Church Senior Center", "FACILITY_TYPE": "SENIOR CENTER", "AGENCY": "COUNCIL ON AGING", "OWNER": "CITY/PARISH", "FULL_ADDRESS": "131 ELMER AVE", "CITY": "BATON ROUGE", "STATE": "LOUISIANA", "ZIP": 70807, "PHONE_NUMBER": null, "WEBSITE": "http://www.ebrcoa.org/", "ADDRESS_ID": 21315 }, "geometry": { "type": "Point", "coordinates": [ -91.200739919982951, 30.538129510211093 ] } },
{ "type": "Feature", "properties": { "ID": 5, "DESCRIPTION": "EMS Carpenter Station", "FACILITY_TYPE": "EMS", "AGENCY": "EMERGENCY MEDICAL SERVICES", "OWNER": "CITY/PARISH", "FULL_ADDRESS": "5650 CARPENTER RD", "CITY": "ZACHARY", "STATE": "LOUISIANA", "ZIP": 70791, "PHONE_NUMBER": "225-389-5155", "WEBSITE": null, "ADDRESS_ID": 197655 }, "geometry": { "type": "Point", "coordinates": [ -91.144166838804253, 30.646929708803214 ] } },
{ "type": "Feature", "properties": { "ID": 6, "DESCRIPTION": "Public Safety Retirement Systems", "FACILITY_TYPE": "STATE OFFICES", "AGENCY": "STATE OF LOUISIANA", "OWNER": "STATE", "FULL_ADDRESS": "3100 BRENTWOOD DR", "CITY": "BATON ROUGE", "STATE": "LOUISIANA", "ZIP": 70809, "PHONE_NUMBER": null, "WEBSITE": null, "ADDRESS_ID": 143096 }, "geometry": { "type": "Point", "coordinates": [ -91.098726841873358, 30.421403768835919 ] } },
{ "type": "Feature", "properties": { "ID": 7, "DESCRIPTION": "EBRSO Zachary-Plains Substation", "FACILITY_TYPE": "POLICE PROTECTION", "AGENCY": "EBR SHERIFFS OFFICE", "OWNER": "CITY/PARISH", "FULL_ADDRESS": "23060 BRIAN RD", "CITY": "ZACHARY", "STATE": "LOUISIANA", "ZIP": 70791, "PHONE_NUMBER": "225-389-5037", "WEBSITE": null, "ADDRESS_ID": 175511 }, "geometry": { "type": "Point", "coordinates": [ -91.205014979556779, 30.691111240516875 ] } },
{ "type": "Feature", "properties": { "ID": 8, "DESCRIPTION": "Zachary FD Station 84", "FACILITY_TYPE": "FIRE PROTECTION", "AGENCY": "CITY OF ZACHARY", "OWNER": "ZACHARY", "FULL_ADDRESS": "23105 BRIAN RD", "CITY": "ZACHARY", "STATE": "LOUISIANA", "ZIP": 70791, "PHONE_NUMBER": null, "WEBSITE": null, "ADDRESS_ID": 269864 }, "geometry": { "type": "Point", "coordinates": [ -91.204796376769863, 30.691353542403295 ] } },
{ "type": "Feature", "properties": { "ID": 9, "DESCRIPTION": "LA Property Assistance Agency", "FACILITY_TYPE": "STATE OFFICES", "AGENCY": "STATE OF LOUISIANA", "OWNER": "STATE", "FULL_ADDRESS": "1059 BRICKYARD LN", "CITY": "BATON ROUGE", "STATE": "LOUISIANA", "ZIP": 70802, "PHONE_NUMBER": null, "WEBSITE": null, "ADDRESS_ID": 141965 }, "geometry": { "type": "Point", "coordinates": [ -91.188340105437192, 30.438472439009871 ] } },
{ "type": "Feature", "properties": { "ID": 10, "DESCRIPTION": "EBR Parish Prison", "FACILITY_TYPE": "POLICE PROTECTION", "AGENCY": "EBR SHERIFFS OFFICE", "OWNER": "CITY/PARISH", "FULL_ADDRESS": "2867 BRIGADIER GENERAL ISAAC SMITH AVE", "CITY": "BATON ROUGE", "STATE": "LOUISIANA", "ZIP": 70807, "PHONE_NUMBER": "225-355-3311", "WEBSITE": null, "ADDRESS_ID": 65432 }, "geometry": { "type": "Point", "coordinates": [ -91.164560212263012, 30.534274386880274 ] } },
{ "type": "Feature", "properties": { "ID": 11, "DESCRIPTION": "BRFD Station 15", "FACILITY_TYPE": "FIRE PROTECTION", "AGENCY": "BATON ROUGE FIRE DEPARTMENT", "OWNER": "CITY/PARISH", "FULL_ADDRESS": "3150 BRIGHTSIDE DR", "CITY": "BATON ROUGE", "STATE": "LOUISIANA", "ZIP": 70820, "PHONE_NUMBER": null, "WEBSITE": null, "ADDRESS_ID": 69443 }, "geometry": { "type": "Point", "coordinates": [ -91.193008958608345, 30.390820775283846 ] } },
{ "type": "Feature", "properties": { "ID": 12, "DESCRIPTION": "Brookfield Avenue Park", "FACILITY_TYPE": "BREC PARK", "AGENCY": "BREC", "OWNER": "BREC", "FULL_ADDRESS": "17650 BROOKFIELD AVE", "CITY": "BATON ROUGE", "STATE": "LOUISIANA", "ZIP": 70817, "PHONE_NUMBER": "225-272-9200", "WEBSITE": "http://www.brec.org/index.cfm/park/BrookfieldAvenue", "ADDRESS_ID": 130109 }, "geometry": { "type": "Point", "coordinates": [ -90.999305676410273, 30.358930292266322 ] } },
{ "type": "Feature", "properties": { "ID": 13, "DESCRIPTION": "East Brookstown Park", "FACILITY_TYPE": "BREC PARK", "AGENCY": "BREC", "OWNER": "BREC", "FULL_ADDRESS": "4300 E BROOKSTOWN DR", "CITY": "BATON ROUGE", "STATE": "LOUISIANA", "ZIP": 70805, "PHONE_NUMBER": "225-272-9200", "WEBSITE": "http://www.brec.org/index.cfm/park/EastBrookstown", "ADDRESS_ID": 82148 }, "geometry": { "type": "Point", "coordinates": [ -91.128231913659945, 30.496088243772839 ] } },
{ "type": "Feature", "properties": { "ID": 14, "DESCRIPTION": "West Brookstown Park", "FACILITY_TYPE": "BREC PARK", "AGENCY": "BREC", "OWNER": "BREC", "FULL_ADDRESS": "4550 W BROOKSTOWN DR", "CITY": "BATON ROUGE", "STATE": "LOUISIANA", "ZIP": 70805, "PHONE_NUMBER": "225-272-9200", "WEBSITE": "http://www.brec.org/index.cfm/park/WestBrookstown", "ADDRESS_ID": 143495 }, "geometry": { "type": "Point", "coordinates": [ -91.130647712293054, 30.491986192515451 ] } },
{ "type": "Feature", "properties": { "ID": 15, "DESCRIPTION": "Burbank Soccer Complex", "FACILITY_TYPE": "BREC PARK", "AGENCY": "BREC", "OWNER": "BREC", "FULL_ADDRESS": "12400 BURBANK DR", "CITY": "BATON ROUGE", "STATE": "LOUISIANA", "ZIP": 70810, "PHONE_NUMBER": "225-272-9200", "WEBSITE": "http://www.brec.org/index.cfm/park/BurbankSoccerComplex", "ADDRESS_ID": 17626 }, "geometry": { "type": "Point", "coordinates": [ -91.095785847857258, 30.345979095512966 ] } },
{ "type": "Feature", "properties": { "ID": 16, "DESCRIPTION": "EBRSO Traffic Section", "FACILITY_TYPE": "POLICE PROTECTION", "AGENCY": "EBR SHERIFFS OFFICE", "OWNER": "CITY/PARISH", "FULL_ADDRESS": "9313 BURBANK DR", "CITY": "BATON ROUGE", "STATE": "LOUISIANA", "ZIP": 70820, "PHONE_NUMBER": "225-389-4851", "WEBSITE": null, "ADDRESS_ID": 124120 }, "geometry": { "type": "Point", "coordinates": [ -91.125777752000289, 30.361693569402888 ] } },
{ "type": "Feature", "properties": { "ID": 17, "DESCRIPTION": "Burbank Conservation Area", "FACILITY_TYPE": "BREC PARK", "AGENCY": "BREC", "OWNER": "BREC", "FULL_ADDRESS": "8858 BURBANK DR", "CITY": "BATON ROUGE", "STATE": "LOUISIANA", "ZIP": 70820, "PHONE_NUMBER": "225-272-9200", "WEBSITE": "http://www.brec.org/index.cfm/park/BurbankConservation", "ADDRESS_ID": 228900 }, "geometry": { "type": "Point", "coordinates": [ -91.130932713631111, 30.36053429211529 ] } },
{ "type": "Feature", "properties": { "ID": 18, "DESCRIPTION": "Cadillac Street Park", "FACILITY_TYPE": "BREC PARK", "AGENCY": "BREC", "OWNER": "BREC", "FULL_ADDRESS": "6117 CADILLAC ST", "CITY": "BATON ROUGE", "STATE": "LOUISIANA", "ZIP": 70811, "PHONE_NUMBER": "225-355-3505", "WEBSITE": "http://brec.org/index.cfm/park/CadillacStreet", "ADDRESS_ID": 100384 }, "geometry": { "type": "Point", "coordinates": [ -91.128920494970529, 30.518805746497531 ] } },
{ "type": "Feature", "properties": { "ID": 19, "DESCRIPTION": "Zion Terrace", "FACILITY_TYPE": "PUBLIC HOUSING", "AGENCY": "EBRP HOUSING AUTHORITY", "OWNER": "CITY/PARISH", "FULL_ADDRESS": "5958 CADILLAC ST", "CITY": "BATON ROUGE", "STATE": "LOUISIANA", "ZIP": 70811, "PHONE_NUMBER": null, "WEBSITE": null, "ADDRESS_ID": 142294 }, "geometry": { "type": "Point", "coordinates": [ -91.129283040723351, 30.517508040424527 ] } },
{ "type": "Feature", "properties": { "ID": 20, "DESCRIPTION": "Jefferson Terrace Park", "FACILITY_TYPE": "BREC PARK", "AGENCY": "BREC", "OWNER": "BREC", "FULL_ADDRESS": "10282 CAL RD", "CITY": "BATON ROUGE", "STATE": "LOUISIANA", "ZIP": 70809, "PHONE_NUMBER": "225-272-9200", "WEBSITE": "http://www.brec.org/index.cfm/park/JeffersonTerrace", "ADDRESS_ID": 1714 }, "geometry": { "type": "Point", "coordinates": [ -91.070384089302209, 30.399535987085105 ] } },
{ "type": "Feature", "properties": { "ID": 21, "DESCRIPTION": "Governor's Mansion", "FACILITY_TYPE": "SPECIAL FACILITY", "AGENCY": "STATE OF LOUISIANA", "OWNER": "STATE", "FULL_ADDRESS": "1001 CAPITOL ACCESS RD", "CITY": "BATON ROUGE", "STATE": "LOUISIANA", "ZIP": 70802, "PHONE_NUMBER": null, "WEBSITE": null, "ADDRESS_ID": 81 }, "geometry": { "type": "Point", "coordinates": [ -91.180566036620021, 30.458924430905302 ] } },
{ "type": "Feature", "properties": { "ID": 22, "DESCRIPTION": "Department of Transportation and Development", "FACILITY_TYPE": "STATE OFFICES", "AGENCY": "STATE OF LOUISIANA", "OWNER": "STATE", "FULL_ADDRESS": "1201 CAPITOL ACCESS RD", "CITY": "BATON ROUGE", "STATE": "LOUISIANA", "ZIP": 70802, "PHONE_NUMBER": null, "WEBSITE": null, "ADDRESS_ID": 14380 }, "geometry": { "type": "Point", "coordinates": [ -91.177704477962493, 30.459193805213047 ] } },
{ "type": "Feature", "properties": { "ID": 23, "DESCRIPTION": "Old Arsenal Museum", "FACILITY_TYPE": "SPECIAL FACILITY", "AGENCY": "STATE OF LOUISIANA", "OWNER": "STATE", "FULL_ADDRESS": "900 CAPITOL LAKE DR", "CITY": "BATON ROUGE", "STATE": "LOUISIANA", "ZIP": 70802, "PHONE_NUMBER": null, "WEBSITE": null, "ADDRESS_ID": 153916 }, "geometry": { "type": "Point", "coordinates": [ -91.184885061000799, 30.457678848193844 ] } },
{ "type": "Feature", "properties": { "ID": 24, "DESCRIPTION": "EBR Assessor Coursey Branch Office", "FACILITY_TYPE": "MUNICIPAL OFFICES", "AGENCY": "EBRP ASSESSOR", "OWNER": "CITY/PARISH", "FULL_ADDRESS": "10500 COURSEY BLVD", "CITY": "BATON ROUGE", "STATE": "LOUISIANA", "ZIP": 70816, "PHONE_NUMBER": "225-389-3901", "WEBSITE": "https://ebrpa.org", "ADDRESS_ID": 135291 }, "geometry": { "type": "Point", "coordinates": [ -91.063918311886113, 30.416352929312104 ] } },
{ "type": "Feature", "properties": { "ID": 25, "DESCRIPTION": "BRFD Station 19", "FACILITY_TYPE": "FIRE PROTECTION", "AGENCY": "BATON ROUGE FIRE DEPARTMENT", "OWNER": "CITY/PARISH", "FULL_ADDRESS": "11010 COURSEY BLVD", "CITY": "BATON ROUGE", "STATE": "LOUISIANA", "ZIP": 70816, "PHONE_NUMBER": null, "WEBSITE": null, "ADDRESS_ID": 8280 }, "geometry": { "type": "Point", "coordinates": [ -91.05821961480423, 30.414447460858408 ] } },
{ "type": "Feature", "properties": { "ID": 26, "DESCRIPTION": "EMS Coursey Station", "FACILITY_TYPE": "EMS", "AGENCY": "EMERGENCY MEDICAL SERVICES", "OWNER": "CITY/PARISH", "FULL_ADDRESS": "11010 COURSEY BLVD", "CITY": "BATON ROUGE", "STATE": "LOUISIANA", "ZIP": 70816, "PHONE_NUMBER": "225-389-5155", "WEBSITE": null, "ADDRESS_ID": 8280 }, "geometry": { "type": "Point", "coordinates": [ -91.058381298511222, 30.414457120297541 ] } },
{ "type": "Feature", "properties": { "ID": 27, "DESCRIPTION": "EBR Registrar of Voters Coursey Branch", "FACILITY_TYPE": "MUNICIPAL OFFICES", "AGENCY": "REGISTRAR OF VOTERS", "OWNER": "CITY/PARISH", "FULL_ADDRESS": "11010 COURSEY BLVD", "CITY": "BATON ROUGE", "STATE": "LOUISIANA", "ZIP": 70816, "PHONE_NUMBER": null, "WEBSITE": null, "ADDRESS_ID": 8280 }, "geometry": { "type": "Point", "coordinates": [ -91.058261790625934, 30.414321706240369 ] } },
{ "type": "Feature", "properties": { "ID": 28, "DESCRIPTION": "Labelle Aire Head Start", "FACILITY_TYPE": "HEAD START", "AGENCY": "HEAD START", "OWNER": "CITY/PARISH", "FULL_ADDRESS": "1919 N CRISTY DR", "CITY": "BATON ROUGE", "STATE": "LOUISIANA", "ZIP": 70815, "PHONE_NUMBER": null, "WEBSITE": null, "ADDRESS_ID": 139377 }, "geometry": { "type": "Point", "coordinates": [ -91.047774811435602, 30.470774511911873 ] } },
{ "type": "Feature", "properties": { "ID": 29, "DESCRIPTION": "Cunard Avenue Park", "FACILITY_TYPE": "BREC PARK", "AGENCY": "BREC", "OWNER": "BREC", "FULL_ADDRESS": "2290 CUNARD AVE", "CITY": "BATON ROUGE", "STATE": "LOUISIANA", "ZIP": 70807, "PHONE_NUMBER": "225-272-9200", "WEBSITE": "http://www.brec.org/index.cfm/park/CunardAvenue", "ADDRESS_ID": 57313 }, "geometry": { "type": "Point", "coordinates": [ -91.169605083162836, 30.552886449699663 ] } },
{ "type": "Feature", "properties": { "ID": 30, "DESCRIPTION": "City Community Park", "FACILITY_TYPE": "BREC PARK", "AGENCY": "BREC", "OWNER": "BREC", "FULL_ADDRESS": "1515 DALRYMPLE DR", "CITY": "BATON ROUGE", "STATE": "LOUISIANA", "ZIP": 70808, "PHONE_NUMBER": "225-387-1482", "WEBSITE": "http://brec.org/index.cfm/park/CityBrooksCommunityPark", "ADDRESS_ID": 28075 }, "geometry": { "type": "Point", "coordinates": [ -91.16699746039987, 30.433174883445837 ] } },
{ "type": "Feature", "properties": { "ID": 31, "DESCRIPTION": "Dayton Street Park", "FACILITY_TYPE": "BREC PARK", "AGENCY": "BREC", "OWNER": "BREC", "FULL_ADDRESS": "2404 DAYTON ST", "CITY": "BATON ROUGE", "STATE": "LOUISIANA", "ZIP": 70805, "PHONE_NUMBER": "225-272-9200", "WEBSITE": "http://www.brec.org/index.cfm/park/DaytonStreet", "ADDRESS_ID": 214239 }, "geometry": { "type": "Point", "coordinates": [ -91.166188810912359, 30.487753759696396 ] } },
{ "type": "Feature", "properties": { "ID": 32, "DESCRIPTION": "Saia Park", "FACILITY_TYPE": "BREC PARK", "AGENCY": "BREC", "OWNER": "BREC", "FULL_ADDRESS": "855 N DONMOOR AVE", "CITY": "BATON ROUGE", "STATE": "LOUISIANA", "ZIP": 70806, "PHONE_NUMBER": "225-927-5092", "WEBSITE": "http://www.brec.org/index.cfm/park/Saia", "ADDRESS_ID": 118699 }, "geometry": { "type": "Point", "coordinates": [ -91.119500629527238, 30.457628736955002 ] } },
{ "type": "Feature", "properties": { "ID": 33, "DESCRIPTION": "Central FD Station 33", "FACILITY_TYPE": "FIRE PROTECTION", "AGENCY": "CENTRAL VOLUNTEER FIRE DEPARTMENT", "OWNER": "CITY/PARISH", "FULL_ADDRESS": "7019 DONNYBROOK AVE", "CITY": "GREENWELL SPRINGS", "STATE": "LOUISIANA", "ZIP": 70739, "PHONE_NUMBER": null, "WEBSITE": null, "ADDRESS_ID": 202916 }, "geometry": { "type": "Point", "coordinates": [ -91.004423165387706, 30.517987491113445 ] } },
{ "type": "Feature", "properties": { "ID": 34, "DESCRIPTION": "Dover Street Park", "FACILITY_TYPE": "BREC PARK", "AGENCY": "BREC", "OWNER": "BREC", "FULL_ADDRESS": "7300 DOVER ST", "CITY": "BATON ROUGE", "STATE": "LOUISIANA", "ZIP": 70812, "PHONE_NUMBER": "225-272-9200", "WEBSITE": "http://www.brec.org/index.cfm/park/DoverStreet", "ADDRESS_ID": 110015 }, "geometry": { "type": "Point", "coordinates": [ -91.116317410263505, 30.500075760390356 ] } },
{ "type": "Feature", "properties": { "ID": 35, "DESCRIPTION": "Droze Road Park", "FACILITY_TYPE": "BREC PARK", "AGENCY": "BREC", "OWNER": "BREC", "FULL_ADDRESS": "7700 DROZE RD", "CITY": "GREENWELL SPRINGS", "STATE": "LOUISIANA", "ZIP": 70739, "PHONE_NUMBER": "225-272-9200", "WEBSITE": "http://www.brec.org/index.cfm/park/DrozeRoad", "ADDRESS_ID": 113029 }, "geometry": { "type": "Point", "coordinates": [ -91.004711881941986, 30.520954490323675 ] } },
{ "type": "Feature", "properties": { "ID": 36, "DESCRIPTION": "Drusilla Lane Park", "FACILITY_TYPE": "BREC PARK", "AGENCY": "BREC", "OWNER": "BREC", "FULL_ADDRESS": "2546 DRUSILLA LN", "CITY": "BATON ROUGE", "STATE": "LOUISIANA", "ZIP": 70809, "PHONE_NUMBER": "225-927-6882", "WEBSITE": "http://www.brec.org/index.cfm/park/DrusillaLane", "ADDRESS_ID": 61300 }, "geometry": { "type": "Point", "coordinates": [ -91.085182201079178, 30.427839611933759 ] } },
{ "type": "Feature", "properties": { "ID": 37, "DESCRIPTION": "Duane Street Apartments", "FACILITY_TYPE": "PUBLIC HOUSING", "AGENCY": "EBRP HOUSING AUTHORITY", "OWNER": "CITY/PARISH", "FULL_ADDRESS": "1701 DUANE ST", "CITY": "BATON ROUGE", "STATE": "LOUISIANA", "ZIP": 70802, "PHONE_NUMBER": null, "WEBSITE": null, "ADDRESS_ID": 39958 }, "geometry": { "type": "Point", "coordinates": [ -91.185791664023881, 30.430822391777781 ] } },
{ "type": "Feature", "properties": { "ID": 38, "DESCRIPTION": "Duchess Drive Park", "FACILITY_TYPE": "BREC PARK", "AGENCY": "BREC", "OWNER": "BREC", "FULL_ADDRESS": "1701 DUCHESS DR", "CITY": "BATON ROUGE", "STATE": "LOUISIANA", "ZIP": 70815, "PHONE_NUMBER": "225-272-9200", "WEBSITE": "http://www.brec.org/index.cfm/park/DuchessDrive", "ADDRESS_ID": 39959 }, "geometry": { "type": "Point", "coordinates": [ -91.039144081153268, 30.469263847809412 ] } },
{ "type": "Feature", "properties": { "ID": 39, "DESCRIPTION": "Pride VFD Station 10", "FACILITY_TYPE": "FIRE PROTECTION", "AGENCY": "PRIDE VOLUNTEER FIRE DEPARTMENT", "OWNER": "CITY/PARISH", "FULL_ADDRESS": "20920 CARSON RD", "CITY": "PRIDE", "STATE": "LOUISIANA", "ZIP": 70770, "PHONE_NUMBER": null, "WEBSITE": null, "ADDRESS_ID": 52960 }, "geometry": { "type": "Point", "coordinates": [ -90.970709376998144, 30.667413844894192 ] } },
{ "type": "Feature", "properties": { "ID": 40, "DESCRIPTION": "Sandy Creek Community Park", "FACILITY_TYPE": "BREC PARK", "AGENCY": "BREC", "OWNER": "BREC", "FULL_ADDRESS": "21572 CARSON RD", "CITY": "GREENWELL SPRINGS", "STATE": "LOUISIANA", "ZIP": 70739, "PHONE_NUMBER": "225-273-6405", "WEBSITE": "http://www.brec.org/index.cfm/park/SandyCreek", "ADDRESS_ID": 150718 }, "geometry": { "type": "Point", "coordinates": [ -90.957746682306961, 30.662471350495064 ] } },
{ "type": "Feature", "properties": { "ID": 41, "DESCRIPTION": "EMS Castille Station ", "FACILITY_TYPE": "EMS", "AGENCY": "EMERGENCY MEDICAL SERVICES", "OWNER": "CITY/PARISH", "FULL_ADDRESS": "9020 CASTILLE RD", "CITY": "BATON ROUGE", "STATE": "LOUISIANA", "ZIP": 70809, "PHONE_NUMBER": "225-389-5155", "WEBSITE": null, "ADDRESS_ID": 150750 }, "geometry": { "type": "Point", "coordinates": [ -91.031686322451392, 30.367006853939397 ] } },
{ "type": "Feature", "properties": { "ID": 42, "DESCRIPTION": "Cedar Ridge Avenue Park", "FACILITY_TYPE": "BREC PARK", "AGENCY": "BREC", "OWNER": "BREC", "FULL_ADDRESS": "13300 CEDAR RIDGE AVE", "CITY": "BATON ROUGE", "STATE": "LOUISIANA", "ZIP": 70817, "PHONE_NUMBER": "225-751-2563", "WEBSITE": "http://brec.org/index.cfm/park/CedarRidge", "ADDRESS_ID": 22342 }, "geometry": { "type": "Point", "coordinates": [ -91.033131745239061, 30.399438786792903 ] } },
{ "type": "Feature", "properties": { "ID": 43, "DESCRIPTION": "Kolby Park", "FACILITY_TYPE": "BREC PARK", "AGENCY": "BREC", "OWNER": "BREC", "FULL_ADDRESS": "10620 CENTRAL PINE DR", "CITY": "CENTRAL", "STATE": "LOUISIANA", "ZIP": 70818, "PHONE_NUMBER": "225-272-9200", "WEBSITE": "http://www.brec.org/index.cfm/park/Kolby", "ADDRESS_ID": 150839 }, "geometry": { "type": "Point", "coordinates": [ -91.021072064211197, 30.545120011971424 ] } },
{ "type": "Feature", "properties": { "ID": 44, "DESCRIPTION": "Jewel J. Newman Community Center", "FACILITY_TYPE": "COMMUNITY CENTER", "AGENCY": "COMMUNITY DEVELOPMENT", "OWNER": "CITY/PARISH", "FULL_ADDRESS": "2013 CENTRAL RD", "CITY": "BATON ROUGE", "STATE": "LOUISIANA", "ZIP": 70807, "PHONE_NUMBER": null, "WEBSITE": null, "ADDRESS_ID": 51324 }, "geometry": { "type": "Point", "coordinates": [ -91.172610299809378, 30.535772716696659 ] } },
{ "type": "Feature", "properties": { "ID": 45, "DESCRIPTION": "Jewel J. Newman Senior Center", "FACILITY_TYPE": "SENIOR CENTER", "AGENCY": "COUNCIL ON AGING", "OWNER": "CITY/PARISH", "FULL_ADDRESS": "2013 CENTRAL RD", "CITY": "BATON ROUGE", "STATE": "LOUISIANA", "ZIP": 70807, "PHONE_NUMBER": null, "WEBSITE": "http://www.ebrcoa.org/", "ADDRESS_ID": 51324 }, "geometry": { "type": "Point", "coordinates": [ -91.172319366767525, 30.535902009209099 ] } },
{ "type": "Feature", "properties": { "ID": 46, "DESCRIPTION": "Chamberlain Street Park", "FACILITY_TYPE": "BREC PARK", "AGENCY": "BREC", "OWNER": "BREC", "FULL_ADDRESS": "16900 CHAMBERLAIN AVE", "CITY": "BAKER", "STATE": "LOUISIANA", "ZIP": 70714, "PHONE_NUMBER": "225-272-9200", "WEBSITE": "http://www.brec.org/index.cfm/park/ChamberlainStreet", "ADDRESS_ID": 161237 }, "geometry": { "type": "Point", "coordinates": [ -91.182967500151548, 30.60039606021585 ] } },
{ "type": "Feature", "properties": { "ID": 47, "DESCRIPTION": "Wenonah Street Park", "FACILITY_TYPE": "BREC PARK", "AGENCY": "BREC", "OWNER": "BREC", "FULL_ADDRESS": "2521 CHIPPEWA ST", "CITY": "BATON ROUGE", "STATE": "LOUISIANA", "ZIP": 70805, "PHONE_NUMBER": "225-272-9200", "WEBSITE": "http://www.brec.org/index.cfm/park/WenonahStreet", "ADDRESS_ID": 150339 }, "geometry": { "type": "Point", "coordinates": [ -91.163651867420015, 30.473460763708669 ] } },
{ "type": "Feature", "properties": { "ID": 48, "DESCRIPTION": "Central Garage", "FACILITY_TYPE": "PUBLIC WORKS", "AGENCY": "DEPARTMENT OF FLEET MANAGEMENT", "OWNER": "CITY/PARISH", "FULL_ADDRESS": "333 CHIPPEWA ST", "CITY": "BATON ROUGE", "STATE": "LOUISIANA", "ZIP": 70805, "PHONE_NUMBER": null, "WEBSITE": null, "ADDRESS_ID": 70425 }, "geometry": { "type": "Point", "coordinates": [ -91.187353112360341, 30.471668112782055 ] } },
{ "type": "Feature", "properties": { "ID": 49, "DESCRIPTION": "Department of Environmental Services", "FACILITY_TYPE": "PUBLIC WORKS", "AGENCY": "DEPARTMENT OF ENVIRONMENTAL SERVICES", "OWNER": "CITY/PARISH", "FULL_ADDRESS": "345 CHIPPEWA ST", "CITY": "BATON ROUGE", "STATE": "LOUISIANA", "ZIP": 70805, "PHONE_NUMBER": null, "WEBSITE": null, "ADDRESS_ID": 144066 }, "geometry": { "type": "Point", "coordinates": [ -91.186160781159273, 30.471755264252199 ] } },
{ "type": "Feature", "properties": { "ID": 50, "DESCRIPTION": "BRFD Station 2", "FACILITY_TYPE": "FIRE PROTECTION", "AGENCY": "BATON ROUGE FIRE DEPARTMENT", "OWNER": "CITY/PARISH", "FULL_ADDRESS": "3333 CHOCTAW DR", "CITY": "BATON ROUGE", "STATE": "LOUISIANA", "ZIP": 70805, "PHONE_NUMBER": null, "WEBSITE": null, "ADDRESS_ID": 151038 }, "geometry": { "type": "Point", "coordinates": [ -91.156000084152851, 30.470540360127075 ] } },
{ "type": "Feature", "properties": { "ID": 51, "DESCRIPTION": "Church Street Park", "FACILITY_TYPE": "BREC PARK", "AGENCY": "BREC", "OWNER": "BREC", "FULL_ADDRESS": "3210 CHURCH ST", "CITY": "ZACHARY", "STATE": "LOUISIANA", "ZIP": 70791, "PHONE_NUMBER": "225-654-9861", "WEBSITE": "http://brec.org/index.cfm/park/ChurchStreet", "ADDRESS_ID": 161231 }, "geometry": { "type": "Point", "coordinates": [ -91.169683822535362, 30.650083244822749 ] } },
{ "type": "Feature", "properties": { "ID": 52, "DESCRIPTION": "EBRP Library Zachary Branch", "FACILITY_TYPE": "LIBRARY", "AGENCY": "EBR PARISH LIBRARY", "OWNER": "CITY/PARISH", "FULL_ADDRESS": "1900 CHURCH ST", "CITY": "ZACHARY", "STATE": "LOUISIANA", "ZIP": 70791, "PHONE_NUMBER": "225-658-1880", "WEBSITE": "https://www.ebrpl.com/locations/zachary-branch-library/", "ADDRESS_ID": 144559 }, "geometry": { "type": "Point", "coordinates": [ -91.184212781505593, 30.652510079361484 ] } },
{ "type": "Feature", "properties": { "ID": 53, "DESCRIPTION": "Zachary Community School System", "FACILITY_TYPE": "MUNICIPAL OFFICES", "AGENCY": "ZACHARY SCHOOL SYSTEM", "OWNER": "SCHOOL BOARD", "FULL_ADDRESS": "3755 CHURCH ST", "CITY": "ZACHARY", "STATE": "LOUISIANA", "ZIP": 70791, "PHONE_NUMBER": "225-658-4969", "WEBSITE": "https://zacharyschools.org", "ADDRESS_ID": 193144 }, "geometry": { "type": "Point", "coordinates": [ -91.164519427119203, 30.651693315324557 ] } },
{ "type": "Feature", "properties": { "ID": 54, "DESCRIPTION": "BRFD Station 7", "FACILITY_TYPE": "FIRE PROTECTION", "AGENCY": "BATON ROUGE FIRE DEPARTMENT", "OWNER": "CITY/PARISH", "FULL_ADDRESS": "5758 CLAYCUT RD", "CITY": "BATON ROUGE", "STATE": "LOUISIANA", "ZIP": 70806, "PHONE_NUMBER": null, "WEBSITE": null, "ADDRESS_ID": 159183 }, "geometry": { "type": "Point", "coordinates": [ -91.13032796758128, 30.441161445347042 ] } },
{ "type": "Feature", "properties": { "ID": 55, "DESCRIPTION": "EMS Claycut Station", "FACILITY_TYPE": "EMS", "AGENCY": "EMERGENCY MEDICAL SERVICES", "OWNER": "CITY/PARISH", "FULL_ADDRESS": "5758 CLAYCUT RD", "CITY": "BATON ROUGE", "STATE": "LOUISIANA", "ZIP": 70806, "PHONE_NUMBER": "225-389-5155", "WEBSITE": null, "ADDRESS_ID": 159183 }, "geometry": { "type": "Point", "coordinates": [ -91.130410874113792, 30.441331311823983 ] } },
{ "type": "Feature", "properties": { "ID": 56, "DESCRIPTION": "Children's Behavioral Health", "FACILITY_TYPE": "HEALTH CARE", "AGENCY": "CAPITAL AREA HUMAN SERVICES DISTRICT", "OWNER": "STATE", "FULL_ADDRESS": "422 COLONIAL DR", "CITY": "BATON ROUGE", "STATE": "LOUISIANA", "ZIP": 70806, "PHONE_NUMBER": "225-922-0445", "WEBSITE": "http://www.cahsd.org", "ADDRESS_ID": 81295 }, "geometry": { "type": "Point", "coordinates": [ -91.098900103778661, 30.446928170522124 ] } },
{ "type": "Feature", "properties": { "ID": 57, "DESCRIPTION": "Congress Park", "FACILITY_TYPE": "BREC PARK", "AGENCY": "BREC", "OWNER": "BREC", "FULL_ADDRESS": "5100 CONGRESS BLVD", "CITY": "BATON ROUGE", "STATE": "LOUISIANA", "ZIP": 70808, "PHONE_NUMBER": "225-272-9200", "WEBSITE": "http://www.brec.org/index.cfm/park/Congress", "ADDRESS_ID": 151276 }, "geometry": { "type": "Point", "coordinates": [ -91.13368651241376, 30.419386498134319 ] } },
{ "type": "Feature", "properties": { "ID": 58, "DESCRIPTION": "EMS Airline Station (future)", "FACILITY_TYPE": "EMS", "AGENCY": "EMERGENCY MEDICAL SERVICES", "OWNER": "CITY/PARISH", "FULL_ADDRESS": "8850 CONNELL'S VILLAGE LN", "CITY": "BATON ROUGE", "STATE": "LOUISIANA", "ZIP": 70815, "PHONE_NUMBER": "225-389-5155", "WEBSITE": null, "ADDRESS_ID": 243564 }, "geometry": { "type": "Point", "coordinates": [ -91.092487035269883, 30.447095884378118 ] } },
{ "type": "Feature", "properties": { "ID": 59, "DESCRIPTION": "Convention Street Park", "FACILITY_TYPE": "BREC PARK", "AGENCY": "BREC", "OWNER": "BREC", "FULL_ADDRESS": "717 CONVENTION ST", "CITY": "BATON ROUGE", "STATE": "LOUISIANA", "ZIP": 70801, "PHONE_NUMBER": "225-272-9200", "WEBSITE": "http://www.brec.org/index.cfm/park/ConventionStreet", "ADDRESS_ID": 109085 }, "geometry": { "type": "Point", "coordinates": [ -91.183712849412188, 30.448761429454052 ] } },
{ "type": "Feature", "properties": { "ID": 60, "DESCRIPTION": "Webb Memorial Park And Golf Course", "FACILITY_TYPE": "BREC PARK", "AGENCY": "BREC", "OWNER": "BREC", "FULL_ADDRESS": "1351 COUNTRY CLUB DR", "CITY": "BATON ROUGE", "STATE": "LOUISIANA", "ZIP": 70806, "PHONE_NUMBER": "225-383-4919", "WEBSITE": "http://golf.brec.org/courses/webb-memorial/", "ADDRESS_ID": 23583 }, "geometry": { "type": "Point", "coordinates": [ -91.1389815380263, 30.437763600987115 ] } },
{ "type": "Feature", "properties": { "ID": 61, "DESCRIPTION": "Louisiana State Library", "FACILITY_TYPE": "LIBRARY", "AGENCY": "STATE OF LOUISIANA", "OWNER": "STATE", "FULL_ADDRESS": "701 N 4TH ST", "CITY": "BATON ROUGE", "STATE": "LOUISIANA", "ZIP": 70802, "PHONE_NUMBER": null, "WEBSITE": null, "ADDRESS_ID": 107754 }, "geometry": { "type": "Point", "coordinates": [ -91.187987220135525, 30.453843465564077 ] } },
{ "type": "Feature", "properties": { "ID": 62, "DESCRIPTION": "Louisiana State Museum", "FACILITY_TYPE": "SPECIAL FACILITY", "AGENCY": "STATE OF LOUISIANA", "OWNER": "STATE", "FULL_ADDRESS": "660 N 4TH ST", "CITY": "BATON ROUGE", "STATE": "LOUISIANA", "ZIP": 70802, "PHONE_NUMBER": null, "WEBSITE": null, "ADDRESS_ID": 139117 }, "geometry": { "type": "Point", "coordinates": [ -91.186396009971986, 30.453910287829498 ] } },
{ "type": "Feature", "properties": { "ID": 63, "DESCRIPTION": "Iberville Building", "FACILITY_TYPE": "STATE OFFICES", "AGENCY": "STATE OF LOUISIANA", "OWNER": "STATE", "FULL_ADDRESS": "627 N 4TH ST", "CITY": "BATON ROUGE", "STATE": "LOUISIANA", "ZIP": 70802, "PHONE_NUMBER": null, "WEBSITE": null, "ADDRESS_ID": 102019 }, "geometry": { "type": "Point", "coordinates": [ -91.187822382735121, 30.452890015710924 ] } },
{ "type": "Feature", "properties": { "ID": 64, "DESCRIPTION": "Bienville Building", "FACILITY_TYPE": "STATE OFFICES", "AGENCY": "STATE OF LOUISIANA", "OWNER": "STATE", "FULL_ADDRESS": "628 N 4TH ST", "CITY": "BATON ROUGE", "STATE": "LOUISIANA", "ZIP": 70802, "PHONE_NUMBER": null, "WEBSITE": null, "ADDRESS_ID": 102152 }, "geometry": { "type": "Point", "coordinates": [ -91.186421179255234, 30.452950189589231 ] } },
{ "type": "Feature", "properties": { "ID": 65, "DESCRIPTION": "Galvez Building", "FACILITY_TYPE": "STATE OFFICES", "AGENCY": "STATE OF LOUISIANA", "OWNER": "STATE", "FULL_ADDRESS": "602 N 5TH ST", "CITY": "BATON ROUGE", "STATE": "LOUISIANA", "ZIP": 70802, "PHONE_NUMBER": null, "WEBSITE": null, "ADDRESS_ID": 139122 }, "geometry": { "type": "Point", "coordinates": [ -91.185320380569706, 30.452983278220277 ] } },
{ "type": "Feature", "properties": { "ID": 66, "DESCRIPTION": "Seventh Street Park", "FACILITY_TYPE": "BREC PARK", "AGENCY": "BREC", "OWNER": "BREC", "FULL_ADDRESS": "639 N 7TH ST", "CITY": "BATON ROUGE", "STATE": "LOUISIANA", "ZIP": 70802, "PHONE_NUMBER": "225-272-9200", "WEBSITE": "http://www.brec.org/index.cfm/park/SeventhStreet", "ADDRESS_ID": 147551 }, "geometry": { "type": "Point", "coordinates": [ -91.183939097215287, 30.453282023266706 ] } },
{ "type": "Feature", "properties": { "ID": 67, "DESCRIPTION": "Department of Development Permits-Inspections", "FACILITY_TYPE": "PUBLIC WORKS", "AGENCY": "DEPARTMENT OF DEVELOPMENT", "OWNER": "CITY/PARISH", "FULL_ADDRESS": "300 N 10TH ST", "CITY": "BATON ROUGE", "STATE": "LOUISIANA", "ZIP": 70802, "PHONE_NUMBER": null, "WEBSITE": null, "ADDRESS_ID": 136099 }, "geometry": { "type": "Point", "coordinates": [ -91.179399720149803, 30.449964392821339 ] } },
{ "type": "Feature", "properties": { "ID": 68, "DESCRIPTION": "Expressway Park", "FACILITY_TYPE": "BREC PARK", "AGENCY": "BREC", "OWNER": "BREC", "FULL_ADDRESS": "935 S 11TH ST", "CITY": "BATON ROUGE", "STATE": "LOUISIANA", "ZIP": 70802, "PHONE_NUMBER": "225-343-7110", "WEBSITE": "http://brec.org/index.cfm/park/Expressway", "ADDRESS_ID": 124653 }, "geometry": { "type": "Point", "coordinates": [ -91.179019536193394, 30.439017599634614 ] } },
{ "type": "Feature", "properties": { "ID": 69, "DESCRIPTION": "EBRP Health Unit", "FACILITY_TYPE": "HEALTH CARE", "AGENCY": "STATE OF LOUISIANA", "OWNER": "STATE", "FULL_ADDRESS": "353 N 12TH ST", "CITY": "BATON ROUGE", "STATE": "LOUISIANA", "ZIP": 70802, "PHONE_NUMBER": null, "WEBSITE": null, "ADDRESS_ID": 136098 }, "geometry": { "type": "Point", "coordinates": [ -91.177770613837353, 30.450146075907544 ] } },
{ "type": "Feature", "properties": { "ID": 70, "DESCRIPTION": "North 14th Street Park", "FACILITY_TYPE": "BREC PARK", "AGENCY": "BREC", "OWNER": "BREC", "FULL_ADDRESS": "100 N 14TH ST", "CITY": "BATON ROUGE", "STATE": "LOUISIANA", "ZIP": 70802, "PHONE_NUMBER": "225-343-0228", "WEBSITE": "http://www.brec.org/index.cfm/park/North14thStreet", "ADDRESS_ID": 10 }, "geometry": { "type": "Point", "coordinates": [ -91.17467953286976, 30.447867600395028 ] } },
{ "type": "Feature", "properties": { "ID": 71, "DESCRIPTION": "Capitol Square", "FACILITY_TYPE": "PUBLIC HOUSING", "AGENCY": "EBRP HOUSING AUTHORITY", "OWNER": "CITY/PARISH", "FULL_ADDRESS": "700 N 17TH ST", "CITY": "BATON ROUGE", "STATE": "LOUISIANA", "ZIP": 70802, "PHONE_NUMBER": null, "WEBSITE": null, "ADDRESS_ID": 107707 }, "geometry": { "type": "Point", "coordinates": [ -91.171263086575948, 30.453815286070192 ] } },
{ "type": "Feature", "properties": { "ID": 72, "DESCRIPTION": "LA State Property Control", "FACILITY_TYPE": "STATE OFFICES", "AGENCY": "STATE OF LOUISIANA", "OWNER": "STATE", "FULL_ADDRESS": "1502 N 17TH ST", "CITY": "BATON ROUGE", "STATE": "LOUISIANA", "ZIP": 70802, "PHONE_NUMBER": null, "WEBSITE": null, "ADDRESS_ID": 143818 }, "geometry": { "type": "Point", "coordinates": [ -91.171893972987888, 30.461654728330224 ] } },
{ "type": "Feature", "properties": { "ID": 73, "DESCRIPTION": "LADOTD Bridge Maintenance Unit", "FACILITY_TYPE": "STATE OFFICES", "AGENCY": "STATE OF LOUISIANA", "OWNER": "STATE", "FULL_ADDRESS": "1375 N 17TH ST", "CITY": "BATON ROUGE", "STATE": "LOUISIANA", "ZIP": 70802, "PHONE_NUMBER": null, "WEBSITE": null, "ADDRESS_ID": 143484 }, "geometry": { "type": "Point", "coordinates": [ -91.173225098356838, 30.461415993643332 ] } },
{ "type": "Feature", "properties": { "ID": 74, "DESCRIPTION": "Magnolia Cemetery", "FACILITY_TYPE": "BREC PARK", "AGENCY": "BREC", "OWNER": "BREC", "FULL_ADDRESS": "422 N 19TH ST", "CITY": "BATON ROUGE", "STATE": "LOUISIANA", "ZIP": 70802, "PHONE_NUMBER": "225-272-9200", "WEBSITE": "http://www.brec.org/index.cfm/park/MagnoliaCemetary", "ADDRESS_ID": 81290 }, "geometry": { "type": "Point", "coordinates": [ -91.167681391334625, 30.450975956803195 ] } },
{ "type": "Feature", "properties": { "ID": 75, "DESCRIPTION": "LWC Workforce Development Center", "FACILITY_TYPE": "STATE OFFICES", "AGENCY": "STATE OF LOUISIANA", "OWNER": "STATE", "FULL_ADDRESS": "950 N 22ND ST", "CITY": "BATON ROUGE", "STATE": "LOUISIANA", "ZIP": 70802, "PHONE_NUMBER": null, "WEBSITE": null, "ADDRESS_ID": 126096 }, "geometry": { "type": "Point", "coordinates": [ -91.16580243676411, 30.456998733214665 ] } },
{ "type": "Feature", "properties": { "ID": 76, "DESCRIPTION": "Louisiana Workforce Commission", "FACILITY_TYPE": "STATE OFFICES", "AGENCY": "STATE OF LOUISIANA", "OWNER": "STATE", "FULL_ADDRESS": "1001 N 23RD ST", "CITY": "BATON ROUGE", "STATE": "LOUISIANA", "ZIP": 70802, "PHONE_NUMBER": null, "WEBSITE": null, "ADDRESS_ID": 75 }, "geometry": { "type": "Point", "coordinates": [ -91.165588952137327, 30.45831067742747 ] } },
{ "type": "Feature", "properties": { "ID": 77, "DESCRIPTION": "New Horizon Head Start", "FACILITY_TYPE": "HEAD START", "AGENCY": "HEAD START", "OWNER": "CITY/PARISH", "FULL_ADDRESS": "1111 N 28TH ST", "CITY": "BATON ROUGE", "STATE": "LOUISIANA", "ZIP": 70802, "PHONE_NUMBER": null, "WEBSITE": null, "ADDRESS_ID": 142079 }, "geometry": { "type": "Point", "coordinates": [ -91.161047289266889, 30.459141501165632 ] } },
{ "type": "Feature", "properties": { "ID": 78, "DESCRIPTION": "Mary J. Lands Park", "FACILITY_TYPE": "BREC PARK", "AGENCY": "BREC", "OWNER": "BREC", "FULL_ADDRESS": "802 N 30TH ST", "CITY": "BATON ROUGE", "STATE": "LOUISIANA", "ZIP": 70802, "PHONE_NUMBER": "225-272-9200", "WEBSITE": "http://www.brec.org/index.cfm/park/MaryJLands", "ADDRESS_ID": 114855 }, "geometry": { "type": "Point", "coordinates": [ -91.158409899709255, 30.45580010212716 ] } },
{ "type": "Feature", "properties": { "ID": 79, "DESCRIPTION": "39th Street Park", "FACILITY_TYPE": "BREC PARK", "AGENCY": "BREC", "OWNER": "BREC", "FULL_ADDRESS": "3451 39TH ST", "CITY": "ZACHARY", "STATE": "LOUISIANA", "ZIP": 70791, "PHONE_NUMBER": "225-272-9200", "WEBSITE": "http://www.brec.org/index.cfm/park/ThirtyNinthStreet", "ADDRESS_ID": 161232 }, "geometry": { "type": "Point", "coordinates": [ -91.167521341066617, 30.639120762944358 ] } },
{ "type": "Feature", "properties": { "ID": 80, "DESCRIPTION": "48th Street Park", "FACILITY_TYPE": "BREC PARK", "AGENCY": "BREC", "OWNER": "BREC", "FULL_ADDRESS": "628 N 48TH ST", "CITY": "BATON ROUGE", "STATE": "LOUISIANA", "ZIP": 70806, "PHONE_NUMBER": "225-927-2538", "WEBSITE": "http://www.brec.org/index.cfm/park/FortyEigthStreet", "ADDRESS_ID": 102308 }, "geometry": { "type": "Point", "coordinates": [ -91.141319443620361, 30.455416869188991 ] } },
{ "type": "Feature", "properties": { "ID": 81, "DESCRIPTION": "Capital Area Head Start", "FACILITY_TYPE": "HEAD START", "AGENCY": "HEAD START", "OWNER": "CITY/PARISH", "FULL_ADDRESS": "3250 N ACADIAN THWY", "CITY": "BATON ROUGE", "STATE": "LOUISIANA", "ZIP": 70805, "PHONE_NUMBER": null, "WEBSITE": null, "ADDRESS_ID": 70772 }, "geometry": { "type": "Point", "coordinates": [ -91.15605211201057, 30.477280511992277 ] } },
{ "type": "Feature", "properties": { "ID": 82, "DESCRIPTION": "Baton Rouge Community College - Acadian Campus", "FACILITY_TYPE": "UNIVERSITY", "AGENCY": "STATE OF LOUISIANA", "OWNER": "STATE", "FULL_ADDRESS": "3250 N ACADIAN THWY", "CITY": "BATON ROUGE", "STATE": "LOUISIANA", "ZIP": 70805, "PHONE_NUMBER": null, "WEBSITE": null, "ADDRESS_ID": 70772 }, "geometry": { "type": "Point", "coordinates": [ -91.155413252765911, 30.477320150152149 ] } },
{ "type": "Feature", "properties": { "ID": 83, "DESCRIPTION": "Acadian Thruway Park", "FACILITY_TYPE": "BREC PARK", "AGENCY": "BREC", "OWNER": "BREC", "FULL_ADDRESS": "2751 N ACADIAN THWY W", "CITY": "BATON ROUGE", "STATE": "LOUISIANA", "ZIP": 70805, "PHONE_NUMBER": "225-272-9200", "WEBSITE": "http://www.brec.org/index.cfm/park/AcadianThruway", "ADDRESS_ID": 130065 }, "geometry": { "type": "Point", "coordinates": [ -91.156951252615485, 30.472873341620272 ] } },
{ "type": "Feature", "properties": { "ID": 84, "DESCRIPTION": "Fairfax Park", "FACILITY_TYPE": "BREC PARK", "AGENCY": "BREC", "OWNER": "BREC", "FULL_ADDRESS": "5300 S AFTON PKWY", "CITY": "BATON ROUGE", "STATE": "LOUISIANA", "ZIP": 70806, "PHONE_NUMBER": "225-272-9200", "WEBSITE": "http://www.brec.org/index.cfm/park/Fairfax", "ADDRESS_ID": 143471 }, "geometry": { "type": "Point", "coordinates": [ -91.134818245191596, 30.452983108458952 ] } },
{ "type": "Feature", "properties": { "ID": 85, "DESCRIPTION": "EBRSO Kleinpeter Substation", "FACILITY_TYPE": "POLICE PROTECTION", "AGENCY": "EBR SHERIFFS OFFICE", "OWNER": "CITY/PARISH", "FULL_ADDRESS": "14431 AIRLINE HWY", "CITY": "BATON ROUGE", "STATE": "LOUISIANA", "ZIP": 70817, "PHONE_NUMBER": "225-389-5114", "WEBSITE": null, "ADDRESS_ID": 28174 }, "geometry": { "type": "Point", "coordinates": [ -91.022144175665289, 30.36534395128831 ] } },
{ "type": "Feature", "properties": { "ID": 86, "DESCRIPTION": "BRPD Headquarters / District 3 Station", "FACILITY_TYPE": "POLICE PROTECTION", "AGENCY": "BATON ROUGE POLICE DEPARTMENT", "OWNER": "CITY/PARISH", "FULL_ADDRESS": "9000 AIRLINE HWY", "CITY": "BATON ROUGE", "STATE": "LOUISIANA", "ZIP": 70815, "PHONE_NUMBER": "225-389-2000", "WEBSITE": "https://www.brla.gov/203/Police-Department", "ADDRESS_ID": 139586 }, "geometry": { "type": "Point", "coordinates": [ -91.09146560460259, 30.445428770424034 ] } },
{ "type": "Feature", "properties": { "ID": 87, "DESCRIPTION": "Airline Highway Park", "FACILITY_TYPE": "BREC PARK", "AGENCY": "BREC", "OWNER": "BREC", "FULL_ADDRESS": "16072 AIRLINE HWY", "CITY": "BATON ROUGE", "STATE": "LOUISIANA", "ZIP": 70817, "PHONE_NUMBER": "225-272-9200", "WEBSITE": "http://www.brec.org/index.cfm/park/AirlineHighway", "ADDRESS_ID": 40787 }, "geometry": { "type": "Point", "coordinates": [ -90.999524346390444, 30.346561898898369 ] } },
{ "type": "Feature", "properties": { "ID": 88, "DESCRIPTION": "St George FD Station 60", "FACILITY_TYPE": "FIRE PROTECTION", "AGENCY": "ST GEORGE VOLUNTEER FIRE DEPARTMENT", "OWNER": "CITY/PARISH", "FULL_ADDRESS": "14100 AIRLINE HWY", "CITY": "BATON ROUGE", "STATE": "LOUISIANA", "ZIP": 70809, "PHONE_NUMBER": null, "WEBSITE": null, "ADDRESS_ID": 26272 }, "geometry": { "type": "Point", "coordinates": [ -91.026959944966904, 30.366116913993121 ] } },
{ "type": "Feature", "properties": { "ID": 89, "DESCRIPTION": "LADOTD District 61", "FACILITY_TYPE": "STATE OFFICES", "AGENCY": "STATE OF LOUISIANA", "OWNER": "STATE", "FULL_ADDRESS": "8100 AIRLINE HWY", "CITY": "BATON ROUGE", "STATE": "LOUISIANA", "ZIP": 70806, "PHONE_NUMBER": null, "WEBSITE": null, "ADDRESS_ID": 138602 }, "geometry": { "type": "Point", "coordinates": [ -91.106293690695423, 30.463618497423035 ] } },
{ "type": "Feature", "properties": { "ID": 90, "DESCRIPTION": "BRPD Training", "FACILITY_TYPE": "POLICE PROTECTION", "AGENCY": "BATON ROUGE POLICE DEPARTMENT", "OWNER": "CITY/PARISH", "FULL_ADDRESS": "9050 AIRLINE HWY, STE 110", "CITY": "BATON ROUGE", "STATE": "LOUISIANA", "ZIP": 70815, "PHONE_NUMBER": "225-389-3886", "WEBSITE": "http://www.lsp.org/academy.html", "ADDRESS_ID": 121936 }, "geometry": { "type": "Point", "coordinates": [ -91.091057693270855, 30.444777540429296 ] } },
{ "type": "Feature", "properties": { "ID": 91, "DESCRIPTION": "BRPD S-3 Building", "FACILITY_TYPE": "POLICE PROTECTION", "AGENCY": "BATON ROUGE POLICE DEPARTMENT", "OWNER": "CITY/PARISH", "FULL_ADDRESS": "9048 AIRLINE HWY", "CITY": "BATON ROUGE", "STATE": "LOUISIANA", "ZIP": 70815, "PHONE_NUMBER": "225-389-3414", "WEBSITE": "https://www.ebrda.org/child_support.php", "ADDRESS_ID": 213203 }, "geometry": { "type": "Point", "coordinates": [ -91.093180007002275, 30.445278530992518 ] } },
{ "type": "Feature", "properties": { "ID": 92, "DESCRIPTION": "LSU Health System North BR Clinic", "FACILITY_TYPE": "HEALTH CARE", "AGENCY": "STATE OF LOUISIANA", "OWNER": "STATE", "FULL_ADDRESS": "5439 AIRLINE HWY", "CITY": "BATON ROUGE", "STATE": "LOUISIANA", "ZIP": 70811, "PHONE_NUMBER": null, "WEBSITE": null, "ADDRESS_ID": 147793 }, "geometry": { "type": "Point", "coordinates": [ -91.136436679017109, 30.507973934737908 ] } },
{ "type": "Feature", "properties": { "ID": 93, "DESCRIPTION": "19th Judicial District Court Branch Office", "FACILITY_TYPE": "STATE OFFICES", "AGENCY": "STATE OF LOUISIANA", "OWNER": "STATE", "FULL_ADDRESS": "9050 AIRLINE HWY, STE 100", "CITY": "BATON ROUGE", "STATE": "LOUISIANA", "ZIP": 70815, "PHONE_NUMBER": null, "WEBSITE": null, "ADDRESS_ID": 229201 }, "geometry": { "type": "Point", "coordinates": [ -91.090874445517287, 30.444302580943567 ] } },
{ "type": "Feature", "properties": { "ID": 94, "DESCRIPTION": "St George FD HQ", "FACILITY_TYPE": "FIRE PROTECTION", "AGENCY": "ST GEORGE VOLUNTEER FIRE DEPARTMENT", "OWNER": "CITY/PARISH", "FULL_ADDRESS": "14100 AIRLINE HWY", "CITY": "BATON ROUGE", "STATE": "LOUISIANA", "ZIP": 70809, "PHONE_NUMBER": null, "WEBSITE": null, "ADDRESS_ID": 26272 }, "geometry": { "type": "Point", "coordinates": [ -91.026605026688713, 30.365766669595004 ] } },
{ "type": "Feature", "properties": { "ID": 95, "DESCRIPTION": "LSP Crime/Photo Lab", "FACILITY_TYPE": "PUBLIC SAFETY", "AGENCY": "STATE OF LOUISIANA", "OWNER": "STATE", "FULL_ADDRESS": "376 E AIRPORT AVE", "CITY": "BATON ROUGE", "STATE": "LOUISIANA", "ZIP": 70806, "PHONE_NUMBER": null, "WEBSITE": null, "ADDRESS_ID": 133316 }, "geometry": { "type": "Point", "coordinates": [ -91.103986435702012, 30.448175890047921 ] } },
{ "type": "Feature", "properties": { "ID": 96, "DESCRIPTION": "DPS Support, Warehouse, Supply", "FACILITY_TYPE": "STATE OFFICES", "AGENCY": "STATE OF LOUISIANA", "OWNER": "STATE", "FULL_ADDRESS": "290 E AIRPORT AVE", "CITY": "BATON ROUGE", "STATE": "LOUISIANA", "ZIP": 70806, "PHONE_NUMBER": null, "WEBSITE": null, "ADDRESS_ID": 133311 }, "geometry": { "type": "Point", "coordinates": [ -91.106214246691025, 30.450442422664313 ] } },
{ "type": "Feature", "properties": { "ID": 97, "DESCRIPTION": "Baker Recreation Center", "FACILITY_TYPE": "BREC PARK", "AGENCY": "BREC", "OWNER": "BREC", "FULL_ADDRESS": "1420 ALABAMA AVE", "CITY": "BAKER", "STATE": "LOUISIANA", "ZIP": 70714, "PHONE_NUMBER": "225-778-0779", "WEBSITE": "http://brec.org/index.cfm/park/BakerRecreationCenter", "ADDRESS_ID": 161239 }, "geometry": { "type": "Point", "coordinates": [ -91.164734405574649, 30.590107184313922 ] } },
{ "type": "Feature", "properties": { "ID": 98, "DESCRIPTION": "Baker Police Headquarters", "FACILITY_TYPE": "POLICE PROTECTION", "AGENCY": "BAKER POLICE DEPARTMENT", "OWNER": "BAKER", "FULL_ADDRESS": "1320 ALABAMA AVE", "CITY": "BAKER", "STATE": "LOUISIANA", "ZIP": 70714, "PHONE_NUMBER": "225-775-6000", "WEBSITE": "https://cityofbakerla.com/wp/police-department/", "ADDRESS_ID": 144556 }, "geometry": { "type": "Point", "coordinates": [ -91.164959416555973, 30.589346069908821 ] } },
{ "type": "Feature", "properties": { "ID": 99, "DESCRIPTION": "Alaska Street Park", "FACILITY_TYPE": "BREC PARK", "AGENCY": "BREC", "OWNER": "BREC", "FULL_ADDRESS": "3014 ALASKA ST", "CITY": "BATON ROUGE", "STATE": "LOUISIANA", "ZIP": 70802, "PHONE_NUMBER": "225-346-1311", "WEBSITE": "http://www.brec.org/index.cfm/park/AlaskaStreet", "ADDRESS_ID": 67091 }, "geometry": { "type": "Point", "coordinates": [ -91.18496441216594, 30.42080866374608 ] } },
{ "type": "Feature", "properties": { "ID": 100, "DESCRIPTION": "Alexander Street Park", "FACILITY_TYPE": "BREC PARK", "AGENCY": "BREC", "OWNER": "BREC", "FULL_ADDRESS": "6000 ALEXANDER AVE", "CITY": "BATON ROUGE", "STATE": "LOUISIANA", "ZIP": 70805, "PHONE_NUMBER": "225-272-9200", "WEBSITE": "http://www.brec.org/index.cfm/park/AlexanderStreet", "ADDRESS_ID": 143464 }, "geometry": { "type": "Point", "coordinates": [ -91.160607403877279, 30.504743922455255 ] } },
{ "type": "Feature", "properties": { "ID": 101, "DESCRIPTION": "Sharlo Terrace Apartments", "FACILITY_TYPE": "PUBLIC HOUSING", "AGENCY": "EBRP HOUSING AUTHORITY", "OWNER": "CITY/PARISH", "FULL_ADDRESS": "4915 ALVIN DARK AVE", "CITY": "BATON ROUGE", "STATE": "LOUISIANA", "ZIP": 70820, "PHONE_NUMBER": null, "WEBSITE": null, "ADDRESS_ID": 87776 }, "geometry": { "type": "Point", "coordinates": [ -91.179658763169073, 30.390753446958506 ] } },
{ "type": "Feature", "properties": { "ID": 102, "DESCRIPTION": "Sharlo Terrace Senior Center", "FACILITY_TYPE": "SENIOR CENTER", "AGENCY": "COUNCIL ON AGING", "OWNER": "CITY/PARISH", "FULL_ADDRESS": "4915 ALVIN DARK AVE", "CITY": "BATON ROUGE", "STATE": "LOUISIANA", "ZIP": 70820, "PHONE_NUMBER": null, "WEBSITE": "http://www.ebrcoa.org/", "ADDRESS_ID": 87776 }, "geometry": { "type": "Point", "coordinates": [ -91.180629494943688, 30.390376372000713 ] } },
{ "type": "Feature", "properties": { "ID": 103, "DESCRIPTION": "College Town Park", "FACILITY_TYPE": "BREC PARK", "AGENCY": "BREC", "OWNER": "BREC", "FULL_ADDRESS": "251 AMHERST AVE", "CITY": "BATON ROUGE", "STATE": "LOUISIANA", "ZIP": 70808, "PHONE_NUMBER": "225-272-9200", "WEBSITE": "http://www.brec.org/index.cfm/park/CollegeTown", "ADDRESS_ID": 51218 }, "geometry": { "type": "Point", "coordinates": [ -91.171564445660692, 30.405177650422146 ] } },
{ "type": "Feature", "properties": { "ID": 104, "DESCRIPTION": "Department of Veterans Affairs Clinic", "FACILITY_TYPE": "HEALTH CARE", "AGENCY": "US FEDERAL GOVERNMENT", "OWNER": "FEDERAL", "FULL_ADDRESS": "7850 ANSELMO LN", "CITY": "BATON ROUGE", "STATE": "LOUISIANA", "ZIP": 70810, "PHONE_NUMBER": null, "WEBSITE": null, "ADDRESS_ID": 114027 }, "geometry": { "type": "Point", "coordinates": [ -91.106477516292173, 30.395025856888836 ] } },
{ "type": "Feature", "properties": { "ID": 105, "DESCRIPTION": "Ben Burge Park", "FACILITY_TYPE": "BREC PARK", "AGENCY": "BREC", "OWNER": "BREC", "FULL_ADDRESS": "9350 ANTIGUA DR", "CITY": "BATON ROUGE", "STATE": "LOUISIANA", "ZIP": 70810, "PHONE_NUMBER": "225-766-8616", "WEBSITE": "http://www.brec.org/index.cfm/park/BenBurge", "ADDRESS_ID": 124680 }, "geometry": { "type": "Point", "coordinates": [ -91.124390771822377, 30.346352453783453 ] } },
{ "type": "Feature", "properties": { "ID": 106, "DESCRIPTION": "Ben Burge Park Senior Center", "FACILITY_TYPE": "SENIOR CENTER", "AGENCY": "COUNCIL ON AGING", "OWNER": "CITY/PARISH", "FULL_ADDRESS": "9350 ANTIGUA DR", "CITY": "BATON ROUGE", "STATE": "LOUISIANA", "ZIP": 70810, "PHONE_NUMBER": null, "WEBSITE": "http://www.ebrcoa.org/", "ADDRESS_ID": 124680 }, "geometry": { "type": "Point", "coordinates": [ -91.124964948253606, 30.346888453923796 ] } },
{ "type": "Feature", "properties": { "ID": 107, "DESCRIPTION": "Antioch Boulevard Park", "FACILITY_TYPE": "BREC PARK", "AGENCY": "BREC", "OWNER": "BREC", "FULL_ADDRESS": "6229 ANTIOCH BLVD", "CITY": "BATON ROUGE", "STATE": "LOUISIANA", "ZIP": 70817, "PHONE_NUMBER": "225-752-8316", "WEBSITE": "http://brec.org/index.cfm/park/Antioch", "ADDRESS_ID": 101720 }, "geometry": { "type": "Point", "coordinates": [ -90.99726254664094, 30.393679709541818 ] } },
{ "type": "Feature", "properties": { "ID": 108, "DESCRIPTION": "Antioch Rd Park Senior Center", "FACILITY_TYPE": "SENIOR CENTER", "AGENCY": "COUNCIL ON AGING", "OWNER": "CITY/PARISH", "FULL_ADDRESS": "6229 ANTIOCH BLVD", "CITY": "BATON ROUGE", "STATE": "LOUISIANA", "ZIP": 70817, "PHONE_NUMBER": null, "WEBSITE": "http://www.ebrcoa.org/", "ADDRESS_ID": 101720 }, "geometry": { "type": "Point", "coordinates": [ -91.001190348719206, 30.393719975947366 ] } },
{ "type": "Feature", "properties": { "ID": 109, "DESCRIPTION": "Claycut Bayou Park", "FACILITY_TYPE": "BREC PARK", "AGENCY": "BREC", "OWNER": "BREC", "FULL_ADDRESS": "6998 ANTIOCH RD", "CITY": "BATON ROUGE", "STATE": "LOUISIANA", "ZIP": 70817, "PHONE_NUMBER": "225-272-9200", "WEBSITE": "http://www.brec.org/index.cfm/park/Louisiana", "ADDRESS_ID": 107696 }, "geometry": { "type": "Point", "coordinates": [ -91.008004331885545, 30.388460141092228 ] } },
{ "type": "Feature", "properties": { "ID": 110, "DESCRIPTION": "St George FD Station 63", "FACILITY_TYPE": "FIRE PROTECTION", "AGENCY": "ST GEORGE VOLUNTEER FIRE DEPARTMENT", "OWNER": "CITY/PARISH", "FULL_ADDRESS": "7027 ANTIOCH RD", "CITY": "BATON ROUGE", "STATE": "LOUISIANA", "ZIP": 70817, "PHONE_NUMBER": null, "WEBSITE": null, "ADDRESS_ID": 107951 }, "geometry": { "type": "Point", "coordinates": [ -91.007061486397262, 30.388391741161563 ] } },
{ "type": "Feature", "properties": { "ID": 111, "DESCRIPTION": "Secretary of State", "FACILITY_TYPE": "STATE OFFICES", "AGENCY": "STATE OF LOUISIANA", "OWNER": "STATE", "FULL_ADDRESS": "8585 ARCHIVES AVE", "CITY": "BATON ROUGE", "STATE": "LOUISIANA", "ZIP": 70809, "PHONE_NUMBER": null, "WEBSITE": null, "ADDRESS_ID": 147833 }, "geometry": { "type": "Point", "coordinates": [ -91.095144554689313, 30.413598155901312 ] } },
{ "type": "Feature", "properties": { "ID": 112, "DESCRIPTION": "Ardenwood Village", "FACILITY_TYPE": "PUBLIC HOUSING", "AGENCY": "EBRP HOUSING AUTHORITY", "OWNER": "CITY/PARISH", "FULL_ADDRESS": "1957 N ARDENWOOD DR", "CITY": "BATON ROUGE", "STATE": "LOUISIANA", "ZIP": 70806, "PHONE_NUMBER": null, "WEBSITE": null, "ADDRESS_ID": 50304 }, "geometry": { "type": "Point", "coordinates": [ -91.129404150852153, 30.466039547695846 ] } },
{ "type": "Feature", "properties": { "ID": 113, "DESCRIPTION": "DCFS Child Welfare", "FACILITY_TYPE": "STATE OFFICES", "AGENCY": "STATE OF LOUISIANA", "OWNER": "STATE", "FULL_ADDRESS": "160 S ARDENWOOD DR", "CITY": "BATON ROUGE", "STATE": "LOUISIANA", "ZIP": 70806, "PHONE_NUMBER": null, "WEBSITE": null, "ADDRESS_ID": 137275 }, "geometry": { "type": "Point", "coordinates": [ -91.127817521031076, 30.449623134319797 ] } },
{ "type": "Feature", "properties": { "ID": 114, "DESCRIPTION": "Avenue F Park", "FACILITY_TYPE": "BREC PARK", "AGENCY": "BREC", "OWNER": "BREC", "FULL_ADDRESS": "4790 AVENUE F", "CITY": "ZACHARY", "STATE": "LOUISIANA", "ZIP": 70791, "PHONE_NUMBER": "225-272-9200", "WEBSITE": "http://www.brec.org/index.cfm/park/AvenueF", "ADDRESS_ID": 161235 }, "geometry": { "type": "Point", "coordinates": [ -91.150905859588477, 30.658644558216992 ] } },
{ "type": "Feature", "properties": { "ID": 115, "DESCRIPTION": "Wood Plaza", "FACILITY_TYPE": "PUBLIC HOUSING", "AGENCY": "EBRP HOUSING AUTHORITY", "OWNER": "CITY/PARISH", "FULL_ADDRESS": "9990 AVENUE J", "CITY": "BATON ROUGE", "STATE": "LOUISIANA", "ZIP": 70807, "PHONE_NUMBER": null, "WEBSITE": null, "ADDRESS_ID": 129795 }, "geometry": { "type": "Point", "coordinates": [ -91.198418986377533, 30.53547255394075 ] } },
{ "type": "Feature", "properties": { "ID": 116, "DESCRIPTION": "Wesley Chapel Apartments", "FACILITY_TYPE": "PUBLIC HOUSING", "AGENCY": "EBRP HOUSING AUTHORITY", "OWNER": "CITY/PARISH", "FULL_ADDRESS": "10008 AVENUE L", "CITY": "BATON ROUGE", "STATE": "LOUISIANA", "ZIP": 70807, "PHONE_NUMBER": null, "WEBSITE": null, "ADDRESS_ID": 67 }, "geometry": { "type": "Point", "coordinates": [ -91.200115130431314, 30.535190717984314 ] } },
{ "type": "Feature", "properties": { "ID": 117, "DESCRIPTION": "Baringer Road Park", "FACILITY_TYPE": "BREC PARK", "AGENCY": "BREC", "OWNER": "BREC", "FULL_ADDRESS": "7401 BARINGER RD", "CITY": "BATON ROUGE", "STATE": "LOUISIANA", "ZIP": 70817, "PHONE_NUMBER": "225-751-3733", "WEBSITE": "http://www.brec.org/index.cfm/park/baringer", "ADDRESS_ID": 110814 }, "geometry": { "type": "Point", "coordinates": [ -91.018358548782473, 30.384512489837199 ] } },
{ "type": "Feature", "properties": { "ID": 118, "DESCRIPTION": "Central FD Station 34", "FACILITY_TYPE": "FIRE PROTECTION", "AGENCY": "CENTRAL VOLUNTEER FIRE DEPARTMENT", "OWNER": "CITY/PARISH", "FULL_ADDRESS": "15341 E BEAVER DR", "CITY": "PRIDE", "STATE": "LOUISIANA", "ZIP": 70770, "PHONE_NUMBER": null, "WEBSITE": null, "ADDRESS_ID": 32277 }, "geometry": { "type": "Point", "coordinates": [ -91.02233533596106, 30.587836812236159 ] } },
{ "type": "Feature", "properties": { "ID": 119, "DESCRIPTION": "LSU Central Agriculture Research Station", "FACILITY_TYPE": "UNIVERSITY", "AGENCY": "STATE OF LOUISIANA", "OWNER": "STATE", "FULL_ADDRESS": "2310 BEN HUR RD", "CITY": "BATON ROUGE", "STATE": "LOUISIANA", "ZIP": 70820, "PHONE_NUMBER": null, "WEBSITE": null, "ADDRESS_ID": 135025 }, "geometry": { "type": "Point", "coordinates": [ -91.171731711986766, 30.369232234729093 ] } },
{ "type": "Feature", "properties": { "ID": 120, "DESCRIPTION": "US Post Office - Southeast", "FACILITY_TYPE": "POSTAL", "AGENCY": "US POSTAL SERVICE", "OWNER": "FEDERAL", "FULL_ADDRESS": "4535 BENNINGTON AVE", "CITY": "BATON ROUGE", "STATE": "LOUISIANA", "ZIP": 70808, "PHONE_NUMBER": null, "WEBSITE": null, "ADDRESS_ID": 84471 }, "geometry": { "type": "Point", "coordinates": [ -91.139640111211463, 30.421043993967984 ] } },
{ "type": "Feature", "properties": { "ID": 121, "DESCRIPTION": "Bishop Ott Senior Center", "FACILITY_TYPE": "SENIOR CENTER", "AGENCY": "COUNCIL ON AGING", "OWNER": "CITY/PARISH", "FULL_ADDRESS": "7545 BISHOP OTT DR", "CITY": "BATON ROUGE", "STATE": "LOUISIANA", "ZIP": 70806, "PHONE_NUMBER": null, "WEBSITE": "http://www.ebrcoa.org/", "ADDRESS_ID": 112047 }, "geometry": { "type": "Point", "coordinates": [ -91.111252590334459, 30.458517558454471 ] } },
{ "type": "Feature", "properties": { "ID": 122, "DESCRIPTION": "Blackwater Conservation Area", "FACILITY_TYPE": "BREC PARK", "AGENCY": "BREC", "OWNER": "BREC", "FULL_ADDRESS": "9385 BLACKWATER RD", "CITY": "BAKER", "STATE": "LOUISIANA", "ZIP": 70714, "PHONE_NUMBER": "225-273-6405", "WEBSITE": "http://www.brec.org/index.cfm/park/BlackwaterConservationArea", "ADDRESS_ID": 125016 }, "geometry": { "type": "Point", "coordinates": [ -91.089333345066066, 30.533696825447461 ] } },
{ "type": "Feature", "properties": { "ID": 123, "DESCRIPTION": "BRPD Air Support", "FACILITY_TYPE": "POLICE PROTECTION", "AGENCY": "BATON ROUGE POLICE DEPARTMENT", "OWNER": "CITY/PARISH", "FULL_ADDRESS": "4475 BLANCHE NOYES AVE", "CITY": "BATON ROUGE", "STATE": "LOUISIANA", "ZIP": 70807, "PHONE_NUMBER": "225-389-7918", "WEBSITE": "https://www.brla.gov/291/Special-Operations", "ADDRESS_ID": 220079 }, "geometry": { "type": "Point", "coordinates": [ -91.144273024346148, 30.532285065938559 ] } },
{ "type": "Feature", "properties": { "ID": 124, "DESCRIPTION": "Civil Air Patrol", "FACILITY_TYPE": "PUBLIC SAFETY", "AGENCY": "STATE OF LOUISIANA", "OWNER": "STATE", "FULL_ADDRESS": "9163 BLANCHE NOYES AVE", "CITY": "BATON ROUGE", "STATE": "LOUISIANA", "ZIP": 70807, "PHONE_NUMBER": null, "WEBSITE": null, "ADDRESS_ID": 159438 }, "geometry": { "type": "Point", "coordinates": [ -91.143222680435926, 30.530616695253773 ] } },
{ "type": "Feature", "properties": { "ID": 125, "DESCRIPTION": "Blueberry Street Park", "FACILITY_TYPE": "BREC PARK", "AGENCY": "BREC", "OWNER": "BREC", "FULL_ADDRESS": "6050 BLUEBERRY ST", "CITY": "BATON ROUGE", "STATE": "LOUISIANA", "ZIP": 70806, "PHONE_NUMBER": "225-925-5998", "WEBSITE": "http://www.brec.org/index.cfm/park/BlueberryStreet", "ADDRESS_ID": 168668 }, "geometry": { "type": "Point", "coordinates": [ -91.128614438503035, 30.465953130523435 ] } },
{ "type": "Feature", "properties": { "ID": 126, "DESCRIPTION": "EBRP Library Bluebonnet Regional Branch", "FACILITY_TYPE": "LIBRARY", "AGENCY": "EBR PARISH LIBRARY", "OWNER": "CITY/PARISH", "FULL_ADDRESS": "9200 BLUEBONNET BLVD", "CITY": "BATON ROUGE", "STATE": "LOUISIANA", "ZIP": 70810, "PHONE_NUMBER": "225-763-2280", "WEBSITE": "https://www.ebrpl.com/locations/bluebonnet-regional-branch-library/", "ADDRESS_ID": 123212 }, "geometry": { "type": "Point", "coordinates": [ -91.105274129145201, 30.365212564126772 ] } },
{ "type": "Feature", "properties": { "ID": 127, "DESCRIPTION": "US Post Office - General Mail Facility", "FACILITY_TYPE": "POSTAL", "AGENCY": "US POSTAL SERVICE", "OWNER": "FEDERAL", "FULL_ADDRESS": "8101 BLUEBONNET BLVD", "CITY": "BATON ROUGE", "STATE": "LOUISIANA", "ZIP": 70810, "PHONE_NUMBER": null, "WEBSITE": null, "ADDRESS_ID": 115395 }, "geometry": { "type": "Point", "coordinates": [ -91.097702409452467, 30.375842776936242 ] } },
{ "type": "Feature", "properties": { "ID": 128, "DESCRIPTION": "Boulevard De Province Park", "FACILITY_TYPE": "BREC PARK", "AGENCY": "BREC", "OWNER": "BREC", "FULL_ADDRESS": "1717 BOULEVARD DE PROVINCE", "CITY": "BATON ROUGE", "STATE": "LOUISIANA", "ZIP": 70816, "PHONE_NUMBER": "225-272-9200", "WEBSITE": "http://www.brec.org/index.cfm/park/BoulevarddeProvince", "ADDRESS_ID": 149686 }, "geometry": { "type": "Point", "coordinates": [ -91.044330812087949, 30.439314142430899 ] } },
{ "type": "Feature", "properties": { "ID": 129, "DESCRIPTION": "Hartley/Vey Park at Gardere (Gardere Lane Park)", "FACILITY_TYPE": "BREC PARK", "AGENCY": "BREC", "OWNER": "BREC", "FULL_ADDRESS": "1702 GARDERE LN", "CITY": "BATON ROUGE", "STATE": "LOUISIANA", "ZIP": 70820, "PHONE_NUMBER": "225-272-9200", "WEBSITE": "http://www.brec.org/index.cfm/park/HartleyVeyGardere", "ADDRESS_ID": 40009 }, "geometry": { "type": "Point", "coordinates": [ -91.12981387277749, 30.354490006030076 ] } },
{ "type": "Feature", "properties": { "ID": 130, "DESCRIPTION": "South Wastewater Treatment Facility", "FACILITY_TYPE": "PUBLIC WORKS", "AGENCY": "DEPARTMENT OF ENVIRONMENTAL SERVICES", "OWNER": "CITY/PARISH", "FULL_ADDRESS": "2850 GARDERE LN", "CITY": "BATON ROUGE", "STATE": "LOUISIANA", "ZIP": 70820, "PHONE_NUMBER": null, "WEBSITE": null, "ADDRESS_ID": 65202 }, "geometry": { "type": "Point", "coordinates": [ -91.136647483426714, 30.3513187666879 ] } },
{ "type": "Feature", "properties": { "ID": 131, "DESCRIPTION": "Gayosa Street Park", "FACILITY_TYPE": "BREC PARK", "AGENCY": "BREC", "OWNER": "BREC", "FULL_ADDRESS": "2129 GAYOSA ST", "CITY": "BATON ROUGE", "STATE": "LOUISIANA", "ZIP": 70802, "PHONE_NUMBER": "225-272-9200", "WEBSITE": "http://www.brec.org/index.cfm/park/Gayosa", "ADDRESS_ID": 53780 }, "geometry": { "type": "Point", "coordinates": [ -91.166676604729417, 30.454510411419133 ] } },
{ "type": "Feature", "properties": { "ID": 132, "DESCRIPTION": "North 18th Street Park", "FACILITY_TYPE": "BREC PARK", "AGENCY": "BREC", "OWNER": "BREC", "FULL_ADDRESS": "1801 GAYOSA ST", "CITY": "BATON ROUGE", "STATE": "LOUISIANA", "ZIP": 70802, "PHONE_NUMBER": "225-272-9200", "WEBSITE": "http://www.brec.org/index.cfm/park/North18thStreet", "ADDRESS_ID": 44779 }, "geometry": { "type": "Point", "coordinates": [ -91.170528308553699, 30.454341476575848 ] } },
{ "type": "Feature", "properties": { "ID": 133, "DESCRIPTION": "Building Maintenance For Parish Prison", "FACILITY_TYPE": "PUBLIC WORKS", "AGENCY": "DEPARTMENT OF BUILDINGS AND GROUNDS", "OWNER": "CITY/PARISH", "FULL_ADDRESS": "2859 LIEUTENANT GENERAL BENJAMIN DAVIS, JR. AVE", "CITY": "BATON ROUGE", "STATE": "LOUISIANA", "ZIP": 70807, "PHONE_NUMBER": null, "WEBSITE": null, "ADDRESS_ID": 163709 }, "geometry": { "type": "Point", "coordinates": [ -91.163355411578749, 30.535803522417165 ] } },
{ "type": "Feature", "properties": { "ID": 134, "DESCRIPTION": "BRPD K9/SRT", "FACILITY_TYPE": "POLICE PROTECTION", "AGENCY": "BATON ROUGE POLICE DEPARTMENT", "OWNER": "CITY/PARISH", "FULL_ADDRESS": "2727 LIEUTENANT GENERAL BENJAMIN DAVIS, JR. AVE", "CITY": "BATON ROUGE", "STATE": "LOUISIANA", "ZIP": 70807, "PHONE_NUMBER": "225-389-5208", "WEBSITE": null, "ADDRESS_ID": 154921 }, "geometry": { "type": "Point", "coordinates": [ -91.166462528981157, 30.535640854318775 ] } },
{ "type": "Feature", "properties": { "ID": 135, "DESCRIPTION": "EBRSO Training Facility", "FACILITY_TYPE": "POLICE PROTECTION", "AGENCY": "EBR SHERIFFS OFFICE", "OWNER": "CITY/PARISH", "FULL_ADDRESS": "2829 LIEUTENANT GENERAL BENJAMIN DAVIS, JR. AVE", "CITY": "BATON ROUGE", "STATE": "LOUISIANA", "ZIP": 70807, "PHONE_NUMBER": "225-389-5000", "WEBSITE": "https://www.ebrso.org/SHERIFF", "ADDRESS_ID": 139851 }, "geometry": { "type": "Point", "coordinates": [ -91.164424954918005, 30.535924127800328 ] } },
{ "type": "Feature", "properties": { "ID": 136, "DESCRIPTION": "EBRSO Special Ops & Fleet Services", "FACILITY_TYPE": "POLICE PROTECTION", "AGENCY": "EBR SHERIFFS OFFICE", "OWNER": "CITY/PARISH", "FULL_ADDRESS": "8686 GENERAL CHENNAULT DR", "CITY": "BATON ROUGE", "STATE": "LOUISIANA", "ZIP": 70807, "PHONE_NUMBER": "225-907-0963", "WEBSITE": null, "ADDRESS_ID": 144601 }, "geometry": { "type": "Point", "coordinates": [ -91.159758566486616, 30.52757092691262 ] } },
{ "type": "Feature", "properties": { "ID": 137, "DESCRIPTION": "Gentilly Court Park", "FACILITY_TYPE": "BREC PARK", "AGENCY": "BREC", "OWNER": "BREC", "FULL_ADDRESS": "13750 GENTILLY CT", "CITY": "BATON ROUGE", "STATE": "LOUISIANA", "ZIP": 70810, "PHONE_NUMBER": "225-272-9200", "WEBSITE": "http://www.brec.org/index.cfm/park/GentillyCourt", "ADDRESS_ID": 28263 }, "geometry": { "type": "Point", "coordinates": [ -91.062943995905258, 30.37069039071833 ] } },
{ "type": "Feature", "properties": { "ID": 138, "DESCRIPTION": "Kerr Warren Park", "FACILITY_TYPE": "BREC PARK", "AGENCY": "BREC", "OWNER": "BREC", "FULL_ADDRESS": "4100 GERONIMO ST", "CITY": "BATON ROUGE", "STATE": "LOUISIANA", "ZIP": 70805, "PHONE_NUMBER": "225-356-5118", "WEBSITE": "http://brec.org/index.cfm/park/KerrWarren", "ADDRESS_ID": 80093 }, "geometry": { "type": "Point", "coordinates": [ -91.162114104002612, 30.487193554429542 ] } },
{ "type": "Feature", "properties": { "ID": 139, "DESCRIPTION": "LSU Rural Life Museum", "FACILITY_TYPE": "SPECIAL FACILITY", "AGENCY": "STATE OF LOUISIANA", "OWNER": "STATE", "FULL_ADDRESS": "4560 ESSEN LN", "CITY": "BATON ROUGE", "STATE": "LOUISIANA", "ZIP": 70809, "PHONE_NUMBER": null, "WEBSITE": null, "ADDRESS_ID": 152865 }, "geometry": { "type": "Point", "coordinates": [ -91.115313298726178, 30.411732775609565 ] } },
{ "type": "Feature", "properties": { "ID": 140, "DESCRIPTION": "Louisiana State Archives", "FACILITY_TYPE": "SPECIAL FACILITY", "AGENCY": "STATE OF LOUISIANA", "OWNER": "STATE", "FULL_ADDRESS": "3851 ESSEN LN", "CITY": "BATON ROUGE", "STATE": "LOUISIANA", "ZIP": 70809, "PHONE_NUMBER": null, "WEBSITE": null, "ADDRESS_ID": 77493 }, "geometry": { "type": "Point", "coordinates": [ -91.097961771657012, 30.414676319886336 ] } },
{ "type": "Feature", "properties": { "ID": 141, "DESCRIPTION": "Southeastern La. Univ. School Of Nursing", "FACILITY_TYPE": "UNIVERSITY", "AGENCY": "STATE OF LOUISIANA", "OWNER": "STATE", "FULL_ADDRESS": "4849 ESSEN LN", "CITY": "BATON ROUGE", "STATE": "LOUISIANA", "ZIP": 70809, "PHONE_NUMBER": null, "WEBSITE": null, "ADDRESS_ID": 87347 }, "geometry": { "type": "Point", "coordinates": [ -91.102618451033834, 30.402262157214427 ] } },
{ "type": "Feature", "properties": { "ID": 142, "DESCRIPTION": "BRFD Station 3", "FACILITY_TYPE": "FIRE PROTECTION", "AGENCY": "BATON ROUGE FIRE DEPARTMENT", "OWNER": "CITY/PARISH", "FULL_ADDRESS": "3142 EVANGELINE ST", "CITY": "BATON ROUGE", "STATE": "LOUISIANA", "ZIP": 70805, "PHONE_NUMBER": null, "WEBSITE": null, "ADDRESS_ID": 69269 }, "geometry": { "type": "Point", "coordinates": [ -91.158432520497598, 30.492303458808557 ] } },
{ "type": "Feature", "properties": { "ID": 143, "DESCRIPTION": "Evangeline Street Park", "FACILITY_TYPE": "BREC PARK", "AGENCY": "BREC", "OWNER": "BREC", "FULL_ADDRESS": "4201 EVANGELINE ST", "CITY": "BATON ROUGE", "STATE": "LOUISIANA", "ZIP": 70805, "PHONE_NUMBER": "225-272-9200", "WEBSITE": "http://www.brec.org/index.cfm/park/EvangelineStreet", "ADDRESS_ID": 81108 }, "geometry": { "type": "Point", "coordinates": [ -91.148002249004875, 30.493666594801464 ] } },
{ "type": "Feature", "properties": { "ID": 144, "DESCRIPTION": "EMS Evangeline Station", "FACILITY_TYPE": "EMS", "AGENCY": "EMERGENCY MEDICAL SERVICES", "OWNER": "CITY/PARISH", "FULL_ADDRESS": "3142 EVANGELINE ST", "CITY": "BATON ROUGE", "STATE": "LOUISIANA", "ZIP": 70805, "PHONE_NUMBER": "225-389-5155", "WEBSITE": null, "ADDRESS_ID": 69269 }, "geometry": { "type": "Point", "coordinates": [ -91.158429710959084, 30.49233787437872 ] } },
{ "type": "Feature", "properties": { "ID": 145, "DESCRIPTION": "BRPD Evidence/Crime Scene", "FACILITY_TYPE": "POLICE PROTECTION", "AGENCY": "BATON ROUGE POLICE DEPARTMENT", "OWNER": "CITY/PARISH", "FULL_ADDRESS": "2905 EVANGELINE ST", "CITY": "BATON ROUGE", "STATE": "LOUISIANA", "ZIP": 70805, "PHONE_NUMBER": "225-389-3848", "WEBSITE": "https://www.brla.gov/237/Criminal-Investigations-Bureau", "ADDRESS_ID": 65666 }, "geometry": { "type": "Point", "coordinates": [ -91.161750290772758, 30.492752536368631 ] } },
{ "type": "Feature", "properties": { "ID": 146, "DESCRIPTION": "Child Development And Learning Center", "FACILITY_TYPE": "HEAD START", "AGENCY": "HEAD START", "OWNER": "CITY/PARISH", "FULL_ADDRESS": "7315 EXCHANGE PL", "CITY": "BATON ROUGE", "STATE": "LOUISIANA", "ZIP": 70806, "PHONE_NUMBER": null, "WEBSITE": null, "ADDRESS_ID": 110138 }, "geometry": { "type": "Point", "coordinates": [ -91.114506574172978, 30.464300683177285 ] } },
{ "type": "Feature", "properties": { "ID": 147, "DESCRIPTION": "Belfair Park", "FACILITY_TYPE": "BREC PARK", "AGENCY": "BREC", "OWNER": "BREC", "FULL_ADDRESS": "4390 FAIRFIELDS AVE", "CITY": "BATON ROUGE", "STATE": "LOUISIANA", "ZIP": 70802, "PHONE_NUMBER": "225-355-7091", "WEBSITE": "http://brec.org/index.cfm/park/Belfair", "ADDRESS_ID": 83137 }, "geometry": { "type": "Point", "coordinates": [ -91.145930247979692, 30.467202847234827 ] } },
{ "type": "Feature", "properties": { "ID": 148, "DESCRIPTION": "Fiesta Park", "FACILITY_TYPE": "BREC PARK", "AGENCY": "BREC", "OWNER": "BREC", "FULL_ADDRESS": "1000 FIESTA CT", "CITY": "BATON ROUGE", "STATE": "LOUISIANA", "ZIP": 70815, "PHONE_NUMBER": "225-272-9200", "WEBSITE": "http://www.brec.org/index.cfm/park/Fiesta", "ADDRESS_ID": 20 }, "geometry": { "type": "Point", "coordinates": [ -91.074584609500633, 30.45963928169656 ] } },
{ "type": "Feature", "properties": { "ID": 149, "DESCRIPTION": "BRFD Station 18", "FACILITY_TYPE": "FIRE PROTECTION", "AGENCY": "BATON ROUGE FIRE DEPARTMENT", "OWNER": "CITY/PARISH", "FULL_ADDRESS": "1993 N FLANNERY RD", "CITY": "BATON ROUGE", "STATE": "LOUISIANA", "ZIP": 70815, "PHONE_NUMBER": null, "WEBSITE": null, "ADDRESS_ID": 50990 }, "geometry": { "type": "Point", "coordinates": [ -91.036014672791566, 30.468862255449078 ] } },
{ "type": "Feature", "properties": { "ID": 150, "DESCRIPTION": "Flannery Road Park", "FACILITY_TYPE": "BREC PARK", "AGENCY": "BREC", "OWNER": "BREC", "FULL_ADDRESS": "801 S FLANNERY RD", "CITY": "BATON ROUGE", "STATE": "LOUISIANA", "ZIP": 70815, "PHONE_NUMBER": "225-272-4615", "WEBSITE": "http://brec.org/index.cfm/park/FlanneryRoad", "ADDRESS_ID": 114778 }, "geometry": { "type": "Point", "coordinates": [ -91.03637705222954, 30.450832774258107 ] } },
{ "type": "Feature", "properties": { "ID": 151, "DESCRIPTION": "Zachary FD Station 82", "FACILITY_TYPE": "FIRE PROTECTION", "AGENCY": "CITY OF ZACHARY", "OWNER": "ZACHARY", "FULL_ADDRESS": "2250 FLONACHER RD", "CITY": "ZACHARY", "STATE": "LOUISIANA", "ZIP": 70791, "PHONE_NUMBER": null, "WEBSITE": null, "ADDRESS_ID": 175510 }, "geometry": { "type": "Point", "coordinates": [ -91.192651798169877, 30.664253953266243 ] } },
{ "type": "Feature", "properties": { "ID": 152, "DESCRIPTION": "Flonacher Road Park", "FACILITY_TYPE": "BREC PARK", "AGENCY": "BREC", "OWNER": "BREC", "FULL_ADDRESS": "864 FLONACHER RD", "CITY": "ZACHARY", "STATE": "LOUISIANA", "ZIP": 70791, "PHONE_NUMBER": "225-654-2617", "WEBSITE": "http://brec.org/index.cfm/park/Flanacher", "ADDRESS_ID": 153295 }, "geometry": { "type": "Point", "coordinates": [ -91.227038842473817, 30.662424334900049 ] } },
{ "type": "Feature", "properties": { "ID": 153, "DESCRIPTION": "Flonacher Rd Park Senior Center", "FACILITY_TYPE": "SENIOR CENTER", "AGENCY": "COUNCIL ON AGING", "OWNER": "CITY/PARISH", "FULL_ADDRESS": "864 FLONACHER RD", "CITY": "ZACHARY", "STATE": "LOUISIANA", "ZIP": 70791, "PHONE_NUMBER": null, "WEBSITE": "http://www.ebrcoa.org/", "ADDRESS_ID": 153295 }, "geometry": { "type": "Point", "coordinates": [ -91.226584142238494, 30.662739647199039 ] } },
{ "type": "Feature", "properties": { "ID": 154, "DESCRIPTION": "Florida Blvd Senior Center", "FACILITY_TYPE": "SENIOR CENTER", "AGENCY": "COUNCIL ON AGING", "OWNER": "CITY/PARISH", "FULL_ADDRESS": "5790 FLORIDA BLVD", "CITY": "BATON ROUGE", "STATE": "LOUISIANA", "ZIP": 70806, "PHONE_NUMBER": null, "WEBSITE": "http://www.ebrcoa.org/", "ADDRESS_ID": 97359 }, "geometry": { "type": "Point", "coordinates": [ -91.130093982592172, 30.45042846600575 ] } },
{ "type": "Feature", "properties": { "ID": 155, "DESCRIPTION": "Milton J. Womack Park", "FACILITY_TYPE": "BREC PARK", "AGENCY": "BREC", "OWNER": "BREC", "FULL_ADDRESS": "6201 FLORIDA BLVD", "CITY": "BATON ROUGE", "STATE": "LOUISIANA", "ZIP": 70806, "PHONE_NUMBER": "225-272-9200", "WEBSITE": "http://www.brec.org/index.cfm/park/MiltonJWomack", "ADDRESS_ID": 137715 }, "geometry": { "type": "Point", "coordinates": [ -91.125730052250603, 30.452492218657262 ] } },
{ "type": "Feature", "properties": { "ID": 156, "DESCRIPTION": "Department of Agriculture and Forestry", "FACILITY_TYPE": "STATE OFFICES", "AGENCY": "STATE OF LOUISIANA", "OWNER": "STATE", "FULL_ADDRESS": "5825 FLORIDA BLVD", "CITY": "BATON ROUGE", "STATE": "LOUISIANA", "ZIP": 70806, "PHONE_NUMBER": null, "WEBSITE": null, "ADDRESS_ID": 97679 }, "geometry": { "type": "Point", "coordinates": [ -91.130239957035712, 30.452492543476424 ] } },
{ "type": "Feature", "properties": { "ID": 157, "DESCRIPTION": "LADOTD Environmental Section", "FACILITY_TYPE": "STATE OFFICES", "AGENCY": "STATE OF LOUISIANA", "OWNER": "STATE", "FULL_ADDRESS": "5040 FLORIDA BLVD", "CITY": "BATON ROUGE", "STATE": "LOUISIANA", "ZIP": 70806, "PHONE_NUMBER": null, "WEBSITE": null, "ADDRESS_ID": 88879 }, "geometry": { "type": "Point", "coordinates": [ -91.138271520088082, 30.450027633556779 ] } },
{ "type": "Feature", "properties": { "ID": 158, "DESCRIPTION": "Capital Area Human Services District", "FACILITY_TYPE": "HEALTH CARE", "AGENCY": "CAPITAL AREA HUMAN SERVICES DISTRICT", "OWNER": "STATE", "FULL_ADDRESS": "7389 FLORIDA BLVD, STE 100", "CITY": "BATON ROUGE", "STATE": "LOUISIANA", "ZIP": 70806, "PHONE_NUMBER": "225-922-2700", "WEBSITE": "http://www.cahsd.org", "ADDRESS_ID": 218845 }, "geometry": { "type": "Point", "coordinates": [ -91.113875937933429, 30.454238240874577 ] } },
{ "type": "Feature", "properties": { "ID": 159, "DESCRIPTION": "EBR Council on Aging", "FACILITY_TYPE": "MUNICIPAL OFFICES", "AGENCY": "COUNCIL ON AGING", "OWNER": "CITY/PARISH", "FULL_ADDRESS": "5790 FLORIDA BLVD", "CITY": "BATON ROUGE", "STATE": "LOUISIANA", "ZIP": 70806, "PHONE_NUMBER": null, "WEBSITE": null, "ADDRESS_ID": 97359 }, "geometry": { "type": "Point", "coordinates": [ -91.130126792596869, 30.450405176930477 ] } },
{ "type": "Feature", "properties": { "ID": 160, "DESCRIPTION": "LADOTD Materials and Testing Lab", "FACILITY_TYPE": "STATE OFFICES", "AGENCY": "STATE OF LOUISIANA", "OWNER": "STATE", "FULL_ADDRESS": "5080 FLORIDA BLVD", "CITY": "BATON ROUGE", "STATE": "LOUISIANA", "ZIP": 70806, "PHONE_NUMBER": null, "WEBSITE": null, "ADDRESS_ID": 136907 }, "geometry": { "type": "Point", "coordinates": [ -91.137366368567513, 30.450014041657621 ] } },
{ "type": "Feature", "properties": { "ID": 161, "DESCRIPTION": "Human Resources", "FACILITY_TYPE": "MUNICIPAL OFFICES", "AGENCY": "HUMAN RESOURCES", "OWNER": "CITY/PARISH", "FULL_ADDRESS": "1755 FLORIDA ST", "CITY": "BATON ROUGE", "STATE": "LOUISIANA", "ZIP": 70802, "PHONE_NUMBER": null, "WEBSITE": null, "ADDRESS_ID": 42728 }, "geometry": { "type": "Point", "coordinates": [ -91.170117337462429, 30.45012013177573 ] } },
{ "type": "Feature", "properties": { "ID": 162, "DESCRIPTION": "Downtown Development District", "FACILITY_TYPE": "MUNICIPAL OFFICES", "AGENCY": "DOWNTOWN DEVELOPMENT DISTRICT", "OWNER": "CITY/PARISH", "FULL_ADDRESS": "247 FLORIDA ST", "CITY": "BATON ROUGE", "STATE": "LOUISIANA", "ZIP": 70801, "PHONE_NUMBER": null, "WEBSITE": null, "ADDRESS_ID": 142357 }, "geometry": { "type": "Point", "coordinates": [ -91.188659563361597, 30.449436299789895 ] } },
{ "type": "Feature", "properties": { "ID": 163, "DESCRIPTION": "Capital Area Transit System", "FACILITY_TYPE": "MUNICIPAL OFFICES", "AGENCY": "CAPITAL AREA TRANSIT SYSTEM", "OWNER": "CITY/PARISH", "FULL_ADDRESS": "2250 FLORIDA ST", "CITY": "BATON ROUGE", "STATE": "LOUISIANA", "ZIP": 70802, "PHONE_NUMBER": null, "WEBSITE": null, "ADDRESS_ID": 55816 }, "geometry": { "type": "Point", "coordinates": [ -91.164699322967351, 30.449632943446947 ] } },
{ "type": "Feature", "properties": { "ID": 164, "DESCRIPTION": "EMS Florida Station", "FACILITY_TYPE": "EMS", "AGENCY": "EMERGENCY MEDICAL SERVICES", "OWNER": "CITY/PARISH", "FULL_ADDRESS": "3024 FLORIDA ST", "CITY": "BATON ROUGE", "STATE": "LOUISIANA", "ZIP": 70806, "PHONE_NUMBER": "225-389-5155", "WEBSITE": null, "ADDRESS_ID": 160948 }, "geometry": { "type": "Point", "coordinates": [ -91.157884314578467, 30.449658583001359 ] } },
{ "type": "Feature", "properties": { "ID": 165, "DESCRIPTION": "BRFD Station 1", "FACILITY_TYPE": "FIRE PROTECTION", "AGENCY": "BATON ROUGE FIRE DEPARTMENT", "OWNER": "CITY/PARISH", "FULL_ADDRESS": "3024 FLORIDA ST", "CITY": "BATON ROUGE", "STATE": "LOUISIANA", "ZIP": 70806, "PHONE_NUMBER": null, "WEBSITE": null, "ADDRESS_ID": 160948 }, "geometry": { "type": "Point", "coordinates": [ -91.157662458791535, 30.449648678663884 ] } },
{ "type": "Feature", "properties": { "ID": 166, "DESCRIPTION": "Baton Rouge Area Drug and Alcohol Center", "FACILITY_TYPE": "HEALTH CARE", "AGENCY": null, "OWNER": "CITY/PARISH", "FULL_ADDRESS": "1819 FLORIDA ST", "CITY": "BATON ROUGE", "STATE": "LOUISIANA", "ZIP": 70802, "PHONE_NUMBER": null, "WEBSITE": null, "ADDRESS_ID": 139124 }, "geometry": { "type": "Point", "coordinates": [ -91.169548281932762, 30.450200425933208 ] } },
{ "type": "Feature", "properties": { "ID": 167, "DESCRIPTION": "Capital Area Transit System Transfer Terminal", "FACILITY_TYPE": "SPECIAL FACILITY", "AGENCY": "CAPITAL AREA TRANSIT SYSTEM", "OWNER": "CITY/PARISH", "FULL_ADDRESS": "2222 FLORIDA ST", "CITY": "BATON ROUGE", "STATE": "LOUISIANA", "ZIP": 70802, "PHONE_NUMBER": null, "WEBSITE": null, "ADDRESS_ID": 154917 }, "geometry": { "type": "Point", "coordinates": [ -91.165385454215922, 30.449531934833349 ] } },
{ "type": "Feature", "properties": { "ID": 168, "DESCRIPTION": "Federal Building", "FACILITY_TYPE": "COURTHOUSE", "AGENCY": "US FEDERAL GOVERNMENT", "OWNER": "FEDERAL", "FULL_ADDRESS": "707 FLORIDA ST", "CITY": "BATON ROUGE", "STATE": "LOUISIANA", "ZIP": 70801, "PHONE_NUMBER": null, "WEBSITE": null, "ADDRESS_ID": 108330 }, "geometry": { "type": "Point", "coordinates": [ -91.183032016293836, 30.44970050165275 ] } },
{ "type": "Feature", "properties": { "ID": 169, "DESCRIPTION": "Russell B. Long Federal Building and Courthouse", "FACILITY_TYPE": "COURTHOUSE", "AGENCY": "US FEDERAL GOVERNMENT", "OWNER": "FEDERAL", "FULL_ADDRESS": "777 FLORIDA ST", "CITY": "BATON ROUGE", "STATE": "LOUISIANA", "ZIP": 70801, "PHONE_NUMBER": null, "WEBSITE": null, "ADDRESS_ID": 140405 }, "geometry": { "type": "Point", "coordinates": [ -91.18227359392165, 30.45003790980541 ] } },
{ "type": "Feature", "properties": { "ID": 170, "DESCRIPTION": "US Post Office - BR Main", "FACILITY_TYPE": "POSTAL", "AGENCY": "US POSTAL SERVICE", "OWNER": "FEDERAL", "FULL_ADDRESS": "750 FLORIDA ST", "CITY": "BATON ROUGE", "STATE": "LOUISIANA", "ZIP": 70801, "PHONE_NUMBER": null, "WEBSITE": null, "ADDRESS_ID": 111572 }, "geometry": { "type": "Point", "coordinates": [ -91.182539598627173, 30.449319756516246 ] } },
{ "type": "Feature", "properties": { "ID": 171, "DESCRIPTION": "Memorial Sports Complex", "FACILITY_TYPE": "BREC PARK", "AGENCY": "BREC", "OWNER": "BREC", "FULL_ADDRESS": "1702 FOSS ST", "CITY": "BATON ROUGE", "STATE": "LOUISIANA", "ZIP": 70802, "PHONE_NUMBER": "225-273-6400", "WEBSITE": "http://www.brec.org/index.cfm/park/MemorialStadium", "ADDRESS_ID": 40007 }, "geometry": { "type": "Point", "coordinates": [ -91.172442467983075, 30.458768799834804 ] } },
{ "type": "Feature", "properties": { "ID": 172, "DESCRIPTION": "Goldsby Field Park", "FACILITY_TYPE": "BREC PARK", "AGENCY": "BREC", "OWNER": "BREC", "FULL_ADDRESS": "1502 FOSS ST", "CITY": "BATON ROUGE", "STATE": "LOUISIANA", "ZIP": 70802, "PHONE_NUMBER": "225-272-9200", "WEBSITE": "http://www.brec.org/index.cfm/park/GoldsbyField", "ADDRESS_ID": 30497 }, "geometry": { "type": "Point", "coordinates": [ -91.168998316315992, 30.460735031635426 ] } },
{ "type": "Feature", "properties": { "ID": 173, "DESCRIPTION": "L.C. Saurage Army Reserve Center", "FACILITY_TYPE": "MILITARY", "AGENCY": "US FEDERAL GOVERNMENT", "OWNER": "FEDERAL", "FULL_ADDRESS": "1735 FOSS ST", "CITY": "BATON ROUGE", "STATE": "LOUISIANA", "ZIP": 70802, "PHONE_NUMBER": null, "WEBSITE": null, "ADDRESS_ID": 41530 }, "geometry": { "type": "Point", "coordinates": [ -91.171181880950414, 30.460383067230357 ] } },
{ "type": "Feature", "properties": { "ID": 174, "DESCRIPTION": "LA Federal Property Assistance Agency", "FACILITY_TYPE": "STATE OFFICES", "AGENCY": "STATE OF LOUISIANA", "OWNER": "STATE", "FULL_ADDRESS": "1635 FOSS ST", "CITY": "BATON ROUGE", "STATE": "LOUISIANA", "ZIP": 70802, "PHONE_NUMBER": null, "WEBSITE": null, "ADDRESS_ID": 142545 }, "geometry": { "type": "Point", "coordinates": [ -91.17248510321825, 30.460158925654884 ] } },
{ "type": "Feature", "properties": { "ID": 175, "DESCRIPTION": "LSU Health System Mid City Clinic", "FACILITY_TYPE": "HEALTH CARE", "AGENCY": "STATE OF LOUISIANA", "OWNER": "STATE", "FULL_ADDRESS": "1401 N FOSTER DR", "CITY": "BATON ROUGE", "STATE": "LOUISIANA", "ZIP": 70806, "PHONE_NUMBER": null, "WEBSITE": null, "ADDRESS_ID": 25904 }, "geometry": { "type": "Point", "coordinates": [ -91.140375372933264, 30.461409934134672 ] } },
{ "type": "Feature", "properties": { "ID": 176, "DESCRIPTION": "East Baton Rouge Parish School System", "FACILITY_TYPE": "MUNICIPAL OFFICES", "AGENCY": "EBRP SCHOOL SYSTEM", "OWNER": "SCHOOL BOARD", "FULL_ADDRESS": "1050 S FOSTER DR", "CITY": "BATON ROUGE", "STATE": "LOUISIANA", "ZIP": 70806, "PHONE_NUMBER": "225-922-5400", "WEBSITE": "https://ebrschools.org", "ADDRESS_ID": 4402 }, "geometry": { "type": "Point", "coordinates": [ -91.134279753734106, 30.438662663113494 ] } },
{ "type": "Feature", "properties": { "ID": 177, "DESCRIPTION": "Department of Veterans Affairs Outpatient Clinic", "FACILITY_TYPE": "HEALTH CARE", "AGENCY": "US FEDERAL GOVERNMENT", "OWNER": "FEDERAL", "FULL_ADDRESS": "216 S FOSTER DR", "CITY": "BATON ROUGE", "STATE": "LOUISIANA", "ZIP": 70806, "PHONE_NUMBER": null, "WEBSITE": null, "ADDRESS_ID": 54694 }, "geometry": { "type": "Point", "coordinates": [ -91.140233249153269, 30.447236811437321 ] } },
{ "type": "Feature", "properties": { "ID": 178, "DESCRIPTION": "LA Community & Technical College System", "FACILITY_TYPE": "UNIVERSITY", "AGENCY": "STATE OF LOUISIANA", "OWNER": "STATE", "FULL_ADDRESS": "265 S FOSTER DR", "CITY": "BATON ROUGE", "STATE": "LOUISIANA", "ZIP": 70806, "PHONE_NUMBER": null, "WEBSITE": null, "ADDRESS_ID": 133020 }, "geometry": { "type": "Point", "coordinates": [ -91.138202981687243, 30.446642503819447 ] } },
{ "type": "Feature", "properties": { "ID": 179, "DESCRIPTION": "Cohn Arboretum", "FACILITY_TYPE": "BREC PARK", "AGENCY": "BREC", "OWNER": "BREC", "FULL_ADDRESS": "12206 FOSTER RD", "CITY": "BATON ROUGE", "STATE": "LOUISIANA", "ZIP": 70811, "PHONE_NUMBER": "225-775-1006", "WEBSITE": "http://brec.org/index.cfm/park/CohnArboretum", "ADDRESS_ID": 15851 }, "geometry": { "type": "Point", "coordinates": [ -91.119223675203244, 30.558214327344324 ] } },
{ "type": "Feature", "properties": { "ID": 180, "DESCRIPTION": "Cohn Nature Preserve", "FACILITY_TYPE": "BREC PARK", "AGENCY": "BREC", "OWNER": "BREC", "FULL_ADDRESS": "11332 FOSTER RD", "CITY": "BATON ROUGE", "STATE": "LOUISIANA", "ZIP": 70811, "PHONE_NUMBER": "225-775-1006", "WEBSITE": "http://www.brec.org/index.cfm/park/CohnNaturePreserve", "ADDRESS_ID": 138009 }, "geometry": { "type": "Point", "coordinates": [ -91.11192293068369, 30.551579187637408 ] } },
{ "type": "Feature", "properties": { "ID": 181, "DESCRIPTION": "Foster Road Baptist Church Senior Center", "FACILITY_TYPE": "SENIOR CENTER", "AGENCY": "COUNCIL ON AGING", "OWNER": "CITY/PARISH", "FULL_ADDRESS": "11333 FOSTER RD", "CITY": "BATON ROUGE", "STATE": "LOUISIANA", "ZIP": 70811, "PHONE_NUMBER": null, "WEBSITE": "http://www.ebrcoa.org/", "ADDRESS_ID": 10509 }, "geometry": { "type": "Point", "coordinates": [ -91.116405804034585, 30.550834524912482 ] } },
{ "type": "Feature", "properties": { "ID": 182, "DESCRIPTION": "Frenchtown Road Conservation Area", "FACILITY_TYPE": "BREC PARK", "AGENCY": "BREC", "OWNER": "BREC", "FULL_ADDRESS": "17819 FRENCHTOWN RD", "CITY": "BATON ROUGE", "STATE": "LOUISIANA", "ZIP": 70819, "PHONE_NUMBER": "225-272-9200", "WEBSITE": "http://www.brec.org/index.cfm/park/FrenchtownRoadConservationArea", "ADDRESS_ID": 44188 }, "geometry": { "type": "Point", "coordinates": [ -90.981072545225828, 30.473485455395362 ] } },
{ "type": "Feature", "properties": { "ID": 183, "DESCRIPTION": "Shaw Center", "FACILITY_TYPE": "SPECIAL FACILITY", "AGENCY": "STATE OF LOUISIANA", "OWNER": "STATE", "FULL_ADDRESS": "100 LAFAYETTE ST", "CITY": "BATON ROUGE", "STATE": "LOUISIANA", "ZIP": 70801, "PHONE_NUMBER": null, "WEBSITE": null, "ADDRESS_ID": 136159 }, "geometry": { "type": "Point", "coordinates": [ -91.188996076462743, 30.447659906070502 ] } },
{ "type": "Feature", "properties": { "ID": 184, "DESCRIPTION": "Lafitte Street Park", "FACILITY_TYPE": "BREC PARK", "AGENCY": "BREC", "OWNER": "BREC", "FULL_ADDRESS": "400 LAFITTE DR", "CITY": "BATON ROUGE", "STATE": "LOUISIANA", "ZIP": 70819, "PHONE_NUMBER": "225-272-9200", "WEBSITE": "http://www.brec.org/index.cfm/park/LafitteStreet", "ADDRESS_ID": 78919 }, "geometry": { "type": "Point", "coordinates": [ -91.029391911684527, 30.45801741384993 ] } },
{ "type": "Feature", "properties": { "ID": 185, "DESCRIPTION": "Louisiana State University", "FACILITY_TYPE": "UNIVERSITY", "AGENCY": "STATE OF LOUISIANA", "OWNER": "STATE", "FULL_ADDRESS": "3810 W LAKESHORE DR", "CITY": "BATON ROUGE", "STATE": "LOUISIANA", "ZIP": 70808, "PHONE_NUMBER": null, "WEBSITE": null, "ADDRESS_ID": 76829 }, "geometry": { "type": "Point", "coordinates": [ -91.178902358885466, 30.41448868607543 ] } },
{ "type": "Feature", "properties": { "ID": 186, "DESCRIPTION": "EBRP Library South Branch", "FACILITY_TYPE": "LIBRARY", "AGENCY": "EBR PARISH LIBRARY", "OWNER": "CITY/PARISH", "FULL_ADDRESS": "2210 GLASGOW AVE", "CITY": "BATON ROUGE", "STATE": "LOUISIANA", "ZIP": 70808, "PHONE_NUMBER": "225-964-5415", "WEBSITE": "https://www.ebrpl.com/locations/south-branch-library/", "ADDRESS_ID": 238748 }, "geometry": { "type": "Point", "coordinates": [ -91.1402469797696, 30.413472762096408 ] } },
{ "type": "Feature", "properties": { "ID": 187, "DESCRIPTION": "EBRP Main Library", "FACILITY_TYPE": "LIBRARY", "AGENCY": "EBR PARISH LIBRARY", "OWNER": "CITY/PARISH", "FULL_ADDRESS": "7711 GOODWOOD BLVD", "CITY": "BATON ROUGE", "STATE": "LOUISIANA", "ZIP": 70806, "PHONE_NUMBER": "225-231-3750", "WEBSITE": "https://www.ebrpl.com/locations/main-library/", "ADDRESS_ID": 113073 }, "geometry": { "type": "Point", "coordinates": [ -91.107048544055502, 30.443843189551792 ] } },
{ "type": "Feature", "properties": { "ID": 188, "DESCRIPTION": "BRFD Station 12", "FACILITY_TYPE": "FIRE PROTECTION", "AGENCY": "BATON ROUGE FIRE DEPARTMENT", "OWNER": "CITY/PARISH", "FULL_ADDRESS": "555 GOVERNMENT ST", "CITY": "BATON ROUGE", "STATE": "LOUISIANA", "ZIP": 70802, "PHONE_NUMBER": null, "WEBSITE": null, "ADDRESS_ID": 94969 }, "geometry": { "type": "Point", "coordinates": [ -91.184534339301237, 30.443661038501912 ] } },
{ "type": "Feature", "properties": { "ID": 189, "DESCRIPTION": "City-Parish Employees Federal Credit Union", "FACILITY_TYPE": "MUNICIPAL OFFICES", "AGENCY": "C-P EMPLOYEES FEDERAL CREDIT UNION", "OWNER": "CITY/PARISH", "FULL_ADDRESS": "433 GOVERNMENT ST", "CITY": "BATON ROUGE", "STATE": "LOUISIANA", "ZIP": 70802, "PHONE_NUMBER": null, "WEBSITE": null, "ADDRESS_ID": 82506 }, "geometry": { "type": "Point", "coordinates": [ -91.185544328189863, 30.443697663358961 ] } },
{ "type": "Feature", "properties": { "ID": 190, "DESCRIPTION": "US Post Office - Audubon", "FACILITY_TYPE": "POSTAL", "AGENCY": "US POSTAL SERVICE", "OWNER": "FEDERAL", "FULL_ADDRESS": "4500 GOVERNMENT ST", "CITY": "BATON ROUGE", "STATE": "LOUISIANA", "ZIP": 70806, "PHONE_NUMBER": null, "WEBSITE": null, "ADDRESS_ID": 84117 }, "geometry": { "type": "Point", "coordinates": [ -91.143860464458641, 30.444108719642681 ] } },
{ "type": "Feature", "properties": { "ID": 191, "DESCRIPTION": "Homewood Aquatic Center Senior Center", "FACILITY_TYPE": "SENIOR CENTER", "AGENCY": "COUNCIL ON AGING", "OWNER": "CITY/PARISH", "FULL_ADDRESS": "3653 GRANADA DR", "CITY": "BATON ROUGE", "STATE": "LOUISIANA", "ZIP": 70810, "PHONE_NUMBER": null, "WEBSITE": "http://www.ebrcoa.org/", "ADDRESS_ID": 75406 }, "geometry": { "type": "Point", "coordinates": [ -91.104755020795508, 30.394350952517208 ] } },
{ "type": "Feature", "properties": { "ID": 192, "DESCRIPTION": "Corporate Parkway", "FACILITY_TYPE": "BREC PARK", "AGENCY": "BREC", "OWNER": "BREC", "FULL_ADDRESS": "333 E GRANT ST", "CITY": "BATON ROUGE", "STATE": "LOUISIANA", "ZIP": 70802, "PHONE_NUMBER": "225-272-9200", "WEBSITE": "http://www.brec.org/index.cfm/park/CorporateParkway", "ADDRESS_ID": 71550 }, "geometry": { "type": "Point", "coordinates": [ -91.177542223060684, 30.423485740332964 ] } },
{ "type": "Feature", "properties": { "ID": 193, "DESCRIPTION": "Red Oaks Park", "FACILITY_TYPE": "BREC PARK", "AGENCY": "BREC", "OWNER": "BREC", "FULL_ADDRESS": "2100 GREEN OAK DR", "CITY": "BATON ROUGE", "STATE": "LOUISIANA", "ZIP": 70815, "PHONE_NUMBER": "225-275-7320", "WEBSITE": "http://www.brec.org/index.cfm/park/RedOaks", "ADDRESS_ID": 53014 }, "geometry": { "type": "Point", "coordinates": [ -91.062840805771046, 30.4681151740376 ] } },
{ "type": "Feature", "properties": { "ID": 194, "DESCRIPTION": "Monte Sano Park", "FACILITY_TYPE": "BREC PARK", "AGENCY": "BREC", "OWNER": "BREC", "FULL_ADDRESS": "2727 GREENWELL ST", "CITY": "BATON ROUGE", "STATE": "LOUISIANA", "ZIP": 70805, "PHONE_NUMBER": "225-357-9989", "WEBSITE": "http://www.brec.org/index.cfm/park/MonteSano", "ADDRESS_ID": 63065 }, "geometry": { "type": "Point", "coordinates": [ -91.166681804867068, 30.502862142404499 ] } },
{ "type": "Feature", "properties": { "ID": 195, "DESCRIPTION": "EBRSO Glen Oaks Substation (u/c)", "FACILITY_TYPE": "POLICE PROTECTION", "AGENCY": "EBR SHERIFFS OFFICE", "OWNER": "CITY/PARISH", "FULL_ADDRESS": "7284 GREENWELL ST", "CITY": "BATON ROUGE", "STATE": "LOUISIANA", "ZIP": 70812, "PHONE_NUMBER": null, "WEBSITE": null, "ADDRESS_ID": 166960 }, "geometry": { "type": "Point", "coordinates": [ -91.11731506505896, 30.500734009130475 ] } },
{ "type": "Feature", "properties": { "ID": 196, "DESCRIPTION": "EBRP Library Eden Park Branch", "FACILITY_TYPE": "LIBRARY", "AGENCY": "EBR PARISH LIBRARY", "OWNER": "CITY/PARISH", "FULL_ADDRESS": "5131 GREENWELL SPRINGS RD", "CITY": "BATON ROUGE", "STATE": "LOUISIANA", "ZIP": 70806, "PHONE_NUMBER": "225-231-3280", "WEBSITE": "https://www.ebrpl.com/locations/eden-park-branch-library/", "ADDRESS_ID": 133974 }, "geometry": { "type": "Point", "coordinates": [ -91.138239565707849, 30.464556765199301 ] } },
{ "type": "Feature", "properties": { "ID": 197, "DESCRIPTION": "EBRP Library Greenwell Springs Regional Branch", "FACILITY_TYPE": "LIBRARY", "AGENCY": "EBR PARISH LIBRARY", "OWNER": "CITY/PARISH", "FULL_ADDRESS": "11300 GREENWELL SPRINGS RD", "CITY": "BATON ROUGE", "STATE": "LOUISIANA", "ZIP": 70814, "PHONE_NUMBER": "225-274-4480", "WEBSITE": "https://www.ebrpl.com/locations/greenwell-springs-roadregional-branch-library/", "ADDRESS_ID": 10307 }, "geometry": { "type": "Point", "coordinates": [ -91.05733205710068, 30.492825660647831 ] } },
{ "type": "Feature", "properties": { "ID": 198, "DESCRIPTION": "BRFD Station 6", "FACILITY_TYPE": "FIRE PROTECTION", "AGENCY": "BATON ROUGE FIRE DEPARTMENT", "OWNER": "CITY/PARISH", "FULL_ADDRESS": "5321 GREENWELL SPRINGS RD", "CITY": "BATON ROUGE", "STATE": "LOUISIANA", "ZIP": 70806, "PHONE_NUMBER": null, "WEBSITE": null, "ADDRESS_ID": 92337 }, "geometry": { "type": "Point", "coordinates": [ -91.137271808428579, 30.464267344134143 ] } },
{ "type": "Feature", "properties": { "ID": 199, "DESCRIPTION": "Kinchloe Lloyd Baker Park", "FACILITY_TYPE": "BREC PARK", "AGENCY": "BREC", "OWNER": "BREC", "FULL_ADDRESS": "20821 GREENWELL SPRINGS RD", "CITY": "GREENWELL SPRINGS", "STATE": "LOUISIANA", "ZIP": 70739, "PHONE_NUMBER": "225-272-9200", "WEBSITE": "http://www.brec.org/index.cfm/park/KinchloeLloydBaker", "ADDRESS_ID": 52886 }, "geometry": { "type": "Point", "coordinates": [ -90.986917424325284, 30.551665642148652 ] } },
{ "type": "Feature", "properties": { "ID": 200, "DESCRIPTION": "Pride VFD Station 12", "FACILITY_TYPE": "FIRE PROTECTION", "AGENCY": "PRIDE VOLUNTEER FIRE DEPARTMENT", "OWNER": "CITY/PARISH", "FULL_ADDRESS": "38260 GREENWELL SPRINGS RD", "CITY": "CLINTON", "STATE": "LOUISIANA", "ZIP": 70722, "PHONE_NUMBER": null, "WEBSITE": null, "ADDRESS_ID": 138940 }, "geometry": { "type": "Point", "coordinates": [ -90.881603822736537, 30.691851277532457 ] } },
{ "type": "Feature", "properties": { "ID": 201, "DESCRIPTION": "US Post Office - Greenwell Springs", "FACILITY_TYPE": "POSTAL", "AGENCY": "US POSTAL SERVICE", "OWNER": "FEDERAL", "FULL_ADDRESS": "22801 GREENWELL SPRINGS RD", "CITY": "GREENWELL SPRINGS", "STATE": "LOUISIANA", "ZIP": 70739, "PHONE_NUMBER": null, "WEBSITE": null, "ADDRESS_ID": 202245 }, "geometry": { "type": "Point", "coordinates": [ -90.993412932068679, 30.573048577910917 ] } },
{ "type": "Feature", "properties": { "ID": 202, "DESCRIPTION": "EBRP Library Baker Branch", "FACILITY_TYPE": "LIBRARY", "AGENCY": "EBR PARISH LIBRARY", "OWNER": "CITY/PARISH", "FULL_ADDRESS": "3501 GROOM RD", "CITY": "BAKER", "STATE": "LOUISIANA", "ZIP": 70714, "PHONE_NUMBER": "225-778-5980", "WEBSITE": "https://www.ebrpl.com/locations/baker-branch-library/", "ADDRESS_ID": 144555 }, "geometry": { "type": "Point", "coordinates": [ -91.163365214988659, 30.588936594172509 ] } },
{ "type": "Feature", "properties": { "ID": 203, "DESCRIPTION": "Baker FD Station 21", "FACILITY_TYPE": "FIRE PROTECTION", "AGENCY": "BAKER FIRE DEPARTMENT", "OWNER": "BAKER", "FULL_ADDRESS": "3701 GROOM RD", "CITY": "BAKER", "STATE": "LOUISIANA", "ZIP": 70714, "PHONE_NUMBER": null, "WEBSITE": null, "ADDRESS_ID": 144557 }, "geometry": { "type": "Point", "coordinates": [ -91.161062878071576, 30.58806498327969 ] } },
{ "type": "Feature", "properties": { "ID": 204, "DESCRIPTION": "Baker City Hall", "FACILITY_TYPE": "MUNICIPAL OFFICES", "AGENCY": "CITY OF BAKER", "OWNER": "BAKER", "FULL_ADDRESS": "3325 GROOM RD", "CITY": "BAKER", "STATE": "LOUISIANA", "ZIP": 70714, "PHONE_NUMBER": null, "WEBSITE": null, "ADDRESS_ID": 189665 }, "geometry": { "type": "Point", "coordinates": [ -91.165030352361555, 30.588529422709506 ] } },
{ "type": "Feature", "properties": { "ID": 205, "DESCRIPTION": "Baker Playground", "FACILITY_TYPE": "BREC PARK", "AGENCY": "BREC", "OWNER": "BREC", "FULL_ADDRESS": "3439 GROOM RD", "CITY": "BAKER", "STATE": "LOUISIANA", "ZIP": 70714, "PHONE_NUMBER": "225-272-9200", "WEBSITE": null, "ADDRESS_ID": 189686 }, "geometry": { "type": "Point", "coordinates": [ -91.164026311379757, 30.589523486964996 ] } },
{ "type": "Feature", "properties": { "ID": 206, "DESCRIPTION": "BRPD District 2 Station", "FACILITY_TYPE": "POLICE PROTECTION", "AGENCY": "BATON ROUGE POLICE DEPARTMENT", "OWNER": "CITY/PARISH", "FULL_ADDRESS": "2265 HIGHLAND RD", "CITY": "BATON ROUGE", "STATE": "LOUISIANA", "ZIP": 70802, "PHONE_NUMBER": "225-389-3863", "WEBSITE": "http://brgov.com/", "ADDRESS_ID": 56915 }, "geometry": { "type": "Point", "coordinates": [ -91.179858081881477, 30.426097383120549 ] } },
{ "type": "Feature", "properties": { "ID": 207, "DESCRIPTION": "BRFD Station 11", "FACILITY_TYPE": "FIRE PROTECTION", "AGENCY": "BATON ROUGE FIRE DEPARTMENT", "OWNER": "CITY/PARISH", "FULL_ADDRESS": "3186 HIGHLAND RD", "CITY": "BATON ROUGE", "STATE": "LOUISIANA", "ZIP": 70802, "PHONE_NUMBER": null, "WEBSITE": null, "ADDRESS_ID": 142215 }, "geometry": { "type": "Point", "coordinates": [ -91.177499121758345, 30.419631285183883 ] } },
{ "type": "Feature", "properties": { "ID": 208, "DESCRIPTION": "Highland Road Community Park", "FACILITY_TYPE": "BREC PARK", "AGENCY": "BREC", "OWNER": "BREC", "FULL_ADDRESS": "14024 HIGHLAND RD", "CITY": "BATON ROUGE", "STATE": "LOUISIANA", "ZIP": 70810, "PHONE_NUMBER": "225-767-4003", "WEBSITE": "http://brec.org/index.cfm/park/HighlandRoadCommunityPark", "ADDRESS_ID": 25999 }, "geometry": { "type": "Point", "coordinates": [ -91.072842710051319, 30.350419822919612 ] } },
{ "type": "Feature", "properties": { "ID": 209, "DESCRIPTION": "Louisiana State Police Troop A", "FACILITY_TYPE": "POLICE PROTECTION", "AGENCY": "LOUISIANA STATE POLICE", "OWNER": "STATE", "FULL_ADDRESS": "17801 HIGHLAND RD", "CITY": "BATON ROUGE", "STATE": "LOUISIANA", "ZIP": 70810, "PHONE_NUMBER": "225-754-8500", "WEBSITE": "http://www.lsp.org/troopa.html", "ADDRESS_ID": 155931 }, "geometry": { "type": "Point", "coordinates": [ -91.031136246296697, 30.34628498988441 ] } },
{ "type": "Feature", "properties": { "ID": 210, "DESCRIPTION": "Highland Rd Park Senior Center", "FACILITY_TYPE": "SENIOR CENTER", "AGENCY": "COUNCIL ON AGING", "OWNER": "CITY/PARISH", "FULL_ADDRESS": "14024 HIGHLAND RD", "CITY": "BATON ROUGE", "STATE": "LOUISIANA", "ZIP": 70810, "PHONE_NUMBER": null, "WEBSITE": "http://www.ebrcoa.org/", "ADDRESS_ID": 25999 }, "geometry": { "type": "Point", "coordinates": [ -91.076089532456777, 30.347569257747189 ] } },
{ "type": "Feature", "properties": { "ID": 211, "DESCRIPTION": "St George FD Station 68", "FACILITY_TYPE": "FIRE PROTECTION", "AGENCY": "ST GEORGE VOLUNTEER FIRE DEPARTMENT", "OWNER": "CITY/PARISH", "FULL_ADDRESS": "326 HIGHLANDIA DR", "CITY": "BATON ROUGE", "STATE": "LOUISIANA", "ZIP": 70810, "PHONE_NUMBER": null, "WEBSITE": null, "ADDRESS_ID": 70887 }, "geometry": { "type": "Point", "coordinates": [ -91.029483571876838, 30.342217403307618 ] } },
{ "type": "Feature", "properties": { "ID": 212, "DESCRIPTION": "St George FD Station 64", "FACILITY_TYPE": "FIRE PROTECTION", "AGENCY": "ST GEORGE VOLUNTEER FIRE DEPARTMENT", "OWNER": "CITY/PARISH", "FULL_ADDRESS": "17575 HOO SHOO TOO RD", "CITY": "BATON ROUGE", "STATE": "LOUISIANA", "ZIP": 70817, "PHONE_NUMBER": null, "WEBSITE": null, "ADDRESS_ID": 138987 }, "geometry": { "type": "Point", "coordinates": [ -90.991217559184051, 30.356683039187608 ] } },
{ "type": "Feature", "properties": { "ID": 213, "DESCRIPTION": "Comite River Park", "FACILITY_TYPE": "BREC PARK", "AGENCY": "BREC", "OWNER": "BREC", "FULL_ADDRESS": "8900 HOOPER RD", "CITY": "BATON ROUGE", "STATE": "LOUISIANA", "ZIP": 70811, "PHONE_NUMBER": "225-272-9200", "WEBSITE": "http://www.brec.org/index.cfm/park/Comite", "ADDRESS_ID": 120728 }, "geometry": { "type": "Point", "coordinates": [ -91.097665858621411, 30.525945979249169 ] } },
{ "type": "Feature", "properties": { "ID": 214, "DESCRIPTION": "Central City Hall", "FACILITY_TYPE": "MUNICIPAL OFFICES", "AGENCY": "CITY OF CENTRAL", "OWNER": "CENTRAL", "FULL_ADDRESS": "13421 HOOPER RD, STE 9", "CITY": "CENTRAL", "STATE": "LOUISIANA", "ZIP": 70818, "PHONE_NUMBER": null, "WEBSITE": null, "ADDRESS_ID": 201800 }, "geometry": { "type": "Point", "coordinates": [ -91.040396188846884, 30.553941498339867 ] } },
{ "type": "Feature", "properties": { "ID": 215, "DESCRIPTION": "Jacob Kornmeyer Park", "FACILITY_TYPE": "BREC PARK", "AGENCY": "BREC", "OWNER": "BREC", "FULL_ADDRESS": "15352 HOOPER RD", "CITY": "GREENWELL SPRINGS", "STATE": "LOUISIANA", "ZIP": 70739, "PHONE_NUMBER": "225-272-9200", "WEBSITE": "http://www.brec.org/index.cfm/park/JacobKornmeyer", "ADDRESS_ID": 199302 }, "geometry": { "type": "Point", "coordinates": [ -91.017694010338957, 30.560251342424674 ] } },
{ "type": "Feature", "properties": { "ID": 216, "DESCRIPTION": "Central Police Department", "FACILITY_TYPE": "POLICE PROTECTION", "AGENCY": "CITY OF CENTRAL", "OWNER": "CENTRAL", "FULL_ADDRESS": "13505 HOOPER RD", "CITY": "CENTRAL", "STATE": "LOUISIANA", "ZIP": 70818, "PHONE_NUMBER": "225-367-1254", "WEBSITE": "https://www.centralgov.com/police-department", "ADDRESS_ID": 202772 }, "geometry": { "type": "Point", "coordinates": [ -91.03904192442576, 30.55463752578639 ] } },
{ "type": "Feature", "properties": { "ID": 217, "DESCRIPTION": "US Post Office - Central", "FACILITY_TYPE": "POSTAL", "AGENCY": "US POSTAL SERVICE", "OWNER": "FEDERAL", "FULL_ADDRESS": "13515 HOOPER RD", "CITY": "CENTRAL", "STATE": "LOUISIANA", "ZIP": 70818, "PHONE_NUMBER": null, "WEBSITE": null, "ADDRESS_ID": 260714 }, "geometry": { "type": "Point", "coordinates": [ -91.038839828008705, 30.554232770489197 ] } },
{ "type": "Feature", "properties": { "ID": 218, "DESCRIPTION": "North Baton Rouge Behavioral Health", "FACILITY_TYPE": "HEALTH CARE", "AGENCY": "CAPITAL AREA HUMAN SERVICES DISTRICT", "OWNER": "STATE", "FULL_ADDRESS": "7855 HOWELL BLVD", "CITY": "BATON ROUGE", "STATE": "LOUISIANA", "ZIP": 70807, "PHONE_NUMBER": "225-359-9315", "WEBSITE": "http://www.cahsd.org", "ADDRESS_ID": 114054 }, "geometry": { "type": "Point", "coordinates": [ -91.156357339676376, 30.518441794052425 ] } },
{ "type": "Feature", "properties": { "ID": 219, "DESCRIPTION": "Hunters Point Drive Park", "FACILITY_TYPE": "BREC PARK", "AGENCY": "BREC", "OWNER": "BREC", "FULL_ADDRESS": "4366 HUNTERS POINT DR", "CITY": "ZACHARY", "STATE": "LOUISIANA", "ZIP": 70791, "PHONE_NUMBER": "225-272-9200", "WEBSITE": "http://www.brec.org/index.cfm/park/HuntersPoint", "ADDRESS_ID": 161233 }, "geometry": { "type": "Point", "coordinates": [ -91.160314263368846, 30.638771856811836 ] } },
{ "type": "Feature", "properties": { "ID": 220, "DESCRIPTION": "Independence Community Park", "FACILITY_TYPE": "BREC PARK", "AGENCY": "BREC", "OWNER": "BREC", "FULL_ADDRESS": "7505 INDEPENDENCE BLVD", "CITY": "BATON ROUGE", "STATE": "LOUISIANA", "ZIP": 70806, "PHONE_NUMBER": "225-928-7860", "WEBSITE": "http://brec.org/index.cfm/park/independenceCommunityPark", "ADDRESS_ID": 111587 }, "geometry": { "type": "Point", "coordinates": [ -91.10392451393075, 30.443949426341987 ] } },
{ "type": "Feature", "properties": { "ID": 221, "DESCRIPTION": "LA Office of Motor Vehicles - EBR Office", "FACILITY_TYPE": "STATE OFFICES", "AGENCY": "STATE OF LOUISIANA", "OWNER": "STATE", "FULL_ADDRESS": "7701 INDEPENDENCE BLVD", "CITY": "BAKER", "STATE": "LOUISIANA", "ZIP": 70714, "PHONE_NUMBER": null, "WEBSITE": null, "ADDRESS_ID": 133304 }, "geometry": { "type": "Point", "coordinates": [ -91.107975061691945, 30.445837522127409 ] } },
{ "type": "Feature", "properties": { "ID": 222, "DESCRIPTION": "BRPD VCU", "FACILITY_TYPE": "POLICE PROTECTION", "AGENCY": "BATON ROUGE POLICE DEPARTMENT", "OWNER": "CITY/PARISH", "FULL_ADDRESS": "7919 INDEPENDENCE BLVD", "CITY": "BATON ROUGE", "STATE": "LOUISIANA", "ZIP": 70806, "PHONE_NUMBER": null, "WEBSITE": null, "ADDRESS_ID": 133312 }, "geometry": { "type": "Point", "coordinates": [ -91.106044378424755, 30.449158048656003 ] } },
{ "type": "Feature", "properties": { "ID": 223, "DESCRIPTION": "Department of Public Safety & La State Police", "FACILITY_TYPE": "PUBLIC SAFETY", "AGENCY": "STATE OF LOUISIANA", "OWNER": "STATE", "FULL_ADDRESS": "7919 INDEPENDENCE BLVD", "CITY": "BATON ROUGE", "STATE": "LOUISIANA", "ZIP": 70806, "PHONE_NUMBER": null, "WEBSITE": null, "ADDRESS_ID": 133312 }, "geometry": { "type": "Point", "coordinates": [ -91.105885138286368, 30.449166794795882 ] } },
{ "type": "Feature", "properties": { "ID": 224, "DESCRIPTION": "LA State Fire Marshal", "FACILITY_TYPE": "PUBLIC SAFETY", "AGENCY": "STATE OF LOUISIANA", "OWNER": "STATE", "FULL_ADDRESS": "8181 INDEPENDENCE BLVD", "CITY": "BATON ROUGE", "STATE": "LOUISIANA", "ZIP": 70806, "PHONE_NUMBER": null, "WEBSITE": null, "ADDRESS_ID": 133317 }, "geometry": { "type": "Point", "coordinates": [ -91.103320111807591, 30.449409544829258 ] } },
{ "type": "Feature", "properties": { "ID": 225, "DESCRIPTION": "DPS Data Processing Center", "FACILITY_TYPE": "STATE OFFICES", "AGENCY": "STATE OF LOUISIANA", "OWNER": "STATE", "FULL_ADDRESS": "8001 INDEPENDENCE BLVD", "CITY": "BATON ROUGE", "STATE": "LOUISIANA", "ZIP": 70806, "PHONE_NUMBER": null, "WEBSITE": null, "ADDRESS_ID": 133313 }, "geometry": { "type": "Point", "coordinates": [ -91.103566299678391, 30.446567178562809 ] } },
{ "type": "Feature", "properties": { "ID": 226, "DESCRIPTION": "Gov. Office of Homeland Security and Emer. Prep.", "FACILITY_TYPE": "PUBLIC SAFETY", "AGENCY": "STATE OF LOUISIANA", "OWNER": "STATE", "FULL_ADDRESS": "7667 INDEPENDENCE BLVD", "CITY": "BATON ROUGE", "STATE": "LOUISIANA", "ZIP": 70806, "PHONE_NUMBER": null, "WEBSITE": null, "ADDRESS_ID": 133309 }, "geometry": { "type": "Point", "coordinates": [ -91.108788653716019, 30.449662138368854 ] } },
{ "type": "Feature", "properties": { "ID": 227, "DESCRIPTION": "LSP Training Academy", "FACILITY_TYPE": "PUBLIC SAFETY", "AGENCY": "STATE OF LOUISIANA", "OWNER": "STATE", "FULL_ADDRESS": "7901 INDEPENDENCE BLVD", "CITY": "BATON ROUGE", "STATE": "LOUISIANA", "ZIP": 70806, "PHONE_NUMBER": null, "WEBSITE": null, "ADDRESS_ID": 133308 }, "geometry": { "type": "Point", "coordinates": [ -91.106682327614863, 30.447953349606259 ] } },
{ "type": "Feature", "properties": { "ID": 228, "DESCRIPTION": "Industriplex Park", "FACILITY_TYPE": "BREC PARK", "AGENCY": "BREC", "OWNER": "BREC", "FULL_ADDRESS": "10777 INDUSTRIPLEX BLVD", "CITY": "BATON ROUGE", "STATE": "LOUISIANA", "ZIP": 70809, "PHONE_NUMBER": "225-272-9200", "WEBSITE": "http://www.brec.org/index.cfm/park/Industriplex", "ADDRESS_ID": 130220 }, "geometry": { "type": "Point", "coordinates": [ -91.067058874378773, 30.389835508346287 ] } },
{ "type": "Feature", "properties": { "ID": 229, "DESCRIPTION": "EBRSO Property Crimes Complex", "FACILITY_TYPE": "PUBLIC SAFETY", "AGENCY": "EBR SHERIFFS OFFICE", "OWNER": "CITY/PARISH", "FULL_ADDRESS": "11130 INDUSTRIPLEX BLVD", "CITY": "BATON ROUGE", "STATE": "LOUISIANA", "ZIP": 70809, "PHONE_NUMBER": null, "WEBSITE": null, "ADDRESS_ID": 9204 }, "geometry": { "type": "Point", "coordinates": [ -91.058541779457883, 30.388180874205407 ] } },
{ "type": "Feature", "properties": { "ID": 230, "DESCRIPTION": "Joint Emergency Services Training Center", "FACILITY_TYPE": "STATE OFFICES", "AGENCY": "STATE OF LOUISIANA", "OWNER": "STATE", "FULL_ADDRESS": "1400 W IRENE RD", "CITY": "ZACHARY", "STATE": "LOUISIANA", "ZIP": 70791, "PHONE_NUMBER": null, "WEBSITE": null, "ADDRESS_ID": 25880 }, "geometry": { "type": "Point", "coordinates": [ -91.260248315895879, 30.59533104244553 ] } },
{ "type": "Feature", "properties": { "ID": 231, "DESCRIPTION": "BRPD Pistol Range & EBRSO Training Facility", "FACILITY_TYPE": "POLICE PROTECTION", "AGENCY": "BATON ROUGE POLICE DEPARTMENT", "OWNER": "CITY/PARISH", "FULL_ADDRESS": "999 W IRENE RD", "CITY": "ZACHARY", "STATE": "LOUISIANA", "ZIP": 70791, "PHONE_NUMBER": "225-389-8268", "WEBSITE": "https://www.ebrso.org/WHO-WE-ARE/Divisions/Pistol-Range", "ADDRESS_ID": 129788 }, "geometry": { "type": "Point", "coordinates": [ -91.232615022532144, 30.608578610806582 ] } },
{ "type": "Feature", "properties": { "ID": 232, "DESCRIPTION": "Irene Road Facility", "FACILITY_TYPE": "PUBLIC WORKS", "AGENCY": "DEPARTMENT OF ENVIRONMENTAL SERVICES", "OWNER": "CITY/PARISH", "FULL_ADDRESS": "801 W IRENE RD", "CITY": "ZACHARY", "STATE": "LOUISIANA", "ZIP": 70791, "PHONE_NUMBER": null, "WEBSITE": null, "ADDRESS_ID": 144838 }, "geometry": { "type": "Point", "coordinates": [ -91.242742637244802, 30.609130477114924 ] } },
{ "type": "Feature", "properties": { "ID": 233, "DESCRIPTION": "Baton Rouge Metropolitan Airport", "FACILITY_TYPE": "SPECIAL FACILITY", "AGENCY": "BATON ROUGE METROPOLITAN AIRPORT AUTHORITY", "OWNER": "CITY/PARISH", "FULL_ADDRESS": "9430 JACKIE COCHRAN DR", "CITY": "BATON ROUGE", "STATE": "LOUISIANA", "ZIP": 70807, "PHONE_NUMBER": null, "WEBSITE": null, "ADDRESS_ID": 138274 }, "geometry": { "type": "Point", "coordinates": [ -91.156518745556596, 30.532729121220751 ] } },
{ "type": "Feature", "properties": { "ID": 234, "DESCRIPTION": "Chaneyville Community Center", "FACILITY_TYPE": "COMMUNITY CENTER", "AGENCY": "COMMUNITY DEVELOPMENT", "OWNER": "CITY/PARISH", "FULL_ADDRESS": "13211 JACKSON RD", "CITY": "ZACHARY", "STATE": "LOUISIANA", "ZIP": 70791, "PHONE_NUMBER": null, "WEBSITE": null, "ADDRESS_ID": 21863 }, "geometry": { "type": "Point", "coordinates": [ -91.023766389660508, 30.686199616668059 ] } },
{ "type": "Feature", "properties": { "ID": 235, "DESCRIPTION": "EBRSO Pride-Chaneyville Substation", "FACILITY_TYPE": "POLICE PROTECTION", "AGENCY": "EBR SHERIFFS OFFICE", "OWNER": "CITY/PARISH", "FULL_ADDRESS": "12828 JACKSON RD", "CITY": "ZACHARY", "STATE": "LOUISIANA", "ZIP": 70791, "PHONE_NUMBER": "225-389-8985", "WEBSITE": null, "ADDRESS_ID": 20573 }, "geometry": { "type": "Point", "coordinates": [ -91.030910836019629, 30.684573455797395 ] } },
{ "type": "Feature", "properties": { "ID": 236, "DESCRIPTION": "Chaneyville Senior Center", "FACILITY_TYPE": "SENIOR CENTER", "AGENCY": "COUNCIL ON AGING", "OWNER": "CITY/PARISH", "FULL_ADDRESS": "13211 JACKSON RD", "CITY": "ZACHARY", "STATE": "LOUISIANA", "ZIP": 70791, "PHONE_NUMBER": null, "WEBSITE": "http://www.ebrcoa.org/", "ADDRESS_ID": 21863 }, "geometry": { "type": "Point", "coordinates": [ -91.02378087509274, 30.686267997700241 ] } },
{ "type": "Feature", "properties": { "ID": 237, "DESCRIPTION": "Lafitte Hill Park", "FACILITY_TYPE": "BREC PARK", "AGENCY": "BREC", "OWNER": "BREC", "FULL_ADDRESS": "624 JEAN LAFITTE AVE", "CITY": "BATON ROUGE", "STATE": "LOUISIANA", "ZIP": 70810, "PHONE_NUMBER": "225-767-4003", "WEBSITE": "http://brec.org/", "ADDRESS_ID": 101217 }, "geometry": { "type": "Point", "coordinates": [ -91.062276107319093, 30.345222908793705 ] } },
{ "type": "Feature", "properties": { "ID": 238, "DESCRIPTION": "Jefferson Highway Park", "FACILITY_TYPE": "BREC PARK", "AGENCY": "BREC", "OWNER": "BREC", "FULL_ADDRESS": "8133 JEFFERSON HWY", "CITY": "BATON ROUGE", "STATE": "LOUISIANA", "ZIP": 70809, "PHONE_NUMBER": "225-926-9834", "WEBSITE": "http://www.brec.org/index.cfm/park/JeffersonHighway", "ADDRESS_ID": 115658 }, "geometry": { "type": "Point", "coordinates": [ -91.101558693735569, 30.424479120156953 ] } },
{ "type": "Feature", "properties": { "ID": 239, "DESCRIPTION": "Manchac Park", "FACILITY_TYPE": "BREC PARK", "AGENCY": "BREC", "OWNER": "BREC", "FULL_ADDRESS": "19010 JEFFERSON HWY", "CITY": "BATON ROUGE", "STATE": "LOUISIANA", "ZIP": 70817, "PHONE_NUMBER": "225-272-9200", "WEBSITE": "http://www.brec.org/index.cfm/park/Manchac", "ADDRESS_ID": 48315 }, "geometry": { "type": "Point", "coordinates": [ -90.989162527372201, 30.345896577018408 ] } },
{ "type": "Feature", "properties": { "ID": 240, "DESCRIPTION": "St George FD Station 62", "FACILITY_TYPE": "FIRE PROTECTION", "AGENCY": "ST GEORGE VOLUNTEER FIRE DEPARTMENT", "OWNER": "CITY/PARISH", "FULL_ADDRESS": "9214 JEFFERSON HWY", "CITY": "BATON ROUGE", "STATE": "LOUISIANA", "ZIP": 70809, "PHONE_NUMBER": null, "WEBSITE": null, "ADDRESS_ID": 121559 }, "geometry": { "type": "Point", "coordinates": [ -91.083968580260887, 30.413657322379379 ] } },
{ "type": "Feature", "properties": { "ID": 241, "DESCRIPTION": "LA State Troopers Association", "FACILITY_TYPE": "STATE OFFICES", "AGENCY": "STATE OF LOUISIANA", "OWNER": "STATE", "FULL_ADDRESS": "8120 JEFFERSON HWY", "CITY": "BATON ROUGE", "STATE": "LOUISIANA", "ZIP": 70809, "PHONE_NUMBER": null, "WEBSITE": null, "ADDRESS_ID": 115540 }, "geometry": { "type": "Point", "coordinates": [ -91.103610589787976, 30.423102151819375 ] } },
{ "type": "Feature", "properties": { "ID": 242, "DESCRIPTION": "LA State Police Retirement System", "FACILITY_TYPE": "STATE OFFICES", "AGENCY": "STATE OF LOUISIANA", "OWNER": "STATE", "FULL_ADDRESS": "9224 JEFFERSON HWY", "CITY": "BATON ROUGE", "STATE": "LOUISIANA", "ZIP": 70809, "PHONE_NUMBER": null, "WEBSITE": null, "ADDRESS_ID": 123425 }, "geometry": { "type": "Point", "coordinates": [ -91.082342174709098, 30.412655507432081 ] } },
{ "type": "Feature", "properties": { "ID": 243, "DESCRIPTION": "LA Clerk of Courts Retirement System", "FACILITY_TYPE": "STATE OFFICES", "AGENCY": "STATE OF LOUISIANA", "OWNER": "STATE", "FULL_ADDRESS": "10202 JEFFERSON HWY", "CITY": "BATON ROUGE", "STATE": "LOUISIANA", "ZIP": 70809, "PHONE_NUMBER": null, "WEBSITE": null, "ADDRESS_ID": 1421 }, "geometry": { "type": "Point", "coordinates": [ -91.07032650377657, 30.408903106384194 ] } },
{ "type": "Feature", "properties": { "ID": 244, "DESCRIPTION": "Center for Advanced Microstructures and Devices", "FACILITY_TYPE": "UNIVERSITY", "AGENCY": "STATE OF LOUISIANA", "OWNER": "STATE", "FULL_ADDRESS": "6980 JEFFERSON HWY", "CITY": "BATON ROUGE", "STATE": "LOUISIANA", "ZIP": 70809, "PHONE_NUMBER": null, "WEBSITE": null, "ADDRESS_ID": 107656 }, "geometry": { "type": "Point", "coordinates": [ -91.118228244217121, 30.431887888123459 ] } },
{ "type": "Feature", "properties": { "ID": 245, "DESCRIPTION": "Baker Park", "FACILITY_TYPE": "BREC PARK", "AGENCY": "BREC", "OWNER": "BREC", "FULL_ADDRESS": "4331 JEFFERSON ST", "CITY": "BAKER", "STATE": "LOUISIANA", "ZIP": 70714, "PHONE_NUMBER": "225-778-0779", "WEBSITE": "http://www.brec.org/index.cfm/park/BakerPark", "ADDRESS_ID": 161246 }, "geometry": { "type": "Point", "coordinates": [ -91.153948033161669, 30.591815346051245 ] } },
{ "type": "Feature", "properties": { "ID": 246, "DESCRIPTION": "Baker Senior Center", "FACILITY_TYPE": "SENIOR CENTER", "AGENCY": "COUNCIL ON AGING", "OWNER": "CITY/PARISH", "FULL_ADDRESS": "3334 JEFFERSON ST", "CITY": "BAKER", "STATE": "LOUISIANA", "ZIP": 70714, "PHONE_NUMBER": null, "WEBSITE": "http://www.ebrcoa.org/", "ADDRESS_ID": 189692 }, "geometry": { "type": "Point", "coordinates": [ -91.164498187181124, 30.590332261534869 ] } },
{ "type": "Feature", "properties": { "ID": 247, "DESCRIPTION": "Jefferson Street Park", "FACILITY_TYPE": "BREC PARK", "AGENCY": "BREC", "OWNER": "BREC", "FULL_ADDRESS": "3503 JEFFERSON ST", "CITY": "BAKER", "STATE": "LOUISIANA", "ZIP": 70714, "PHONE_NUMBER": "225-272-9200", "WEBSITE": "http://www.brec.org/index.cfm/park/JeffersonStreet", "ADDRESS_ID": 161240 }, "geometry": { "type": "Point", "coordinates": [ -91.161537992449269, 30.591790655894492 ] } },
{ "type": "Feature", "properties": { "ID": 248, "DESCRIPTION": "EBRSO Central Substation", "FACILITY_TYPE": "POLICE PROTECTION", "AGENCY": "EBR SHERIFFS OFFICE", "OWNER": "CITY/PARISH", "FULL_ADDRESS": "13016 GURNEY RD", "CITY": "CENTRAL", "STATE": "LOUISIANA", "ZIP": 70818, "PHONE_NUMBER": "225-389-5176", "WEBSITE": null, "ADDRESS_ID": 143079 }, "geometry": { "type": "Point", "coordinates": [ -91.043065796869485, 30.560511991296408 ] } },
{ "type": "Feature", "properties": { "ID": 249, "DESCRIPTION": "Dr. Martin Luther King, Jr. Community Center", "FACILITY_TYPE": "COMMUNITY CENTER", "AGENCY": "COMMUNITY DEVELOPMENT", "OWNER": "CITY/PARISH", "FULL_ADDRESS": "4142 GUS YOUNG AVE", "CITY": "BATON ROUGE", "STATE": "LOUISIANA", "ZIP": 70802, "PHONE_NUMBER": null, "WEBSITE": null, "ADDRESS_ID": 134594 }, "geometry": { "type": "Point", "coordinates": [ -91.14904718839054, 30.4617599912199 ] } },
{ "type": "Feature", "properties": { "ID": 250, "DESCRIPTION": "Gus Young Park", "FACILITY_TYPE": "BREC PARK", "AGENCY": "BREC", "OWNER": "BREC", "FULL_ADDRESS": "4201 GUS YOUNG AVE", "CITY": "BATON ROUGE", "STATE": "LOUISIANA", "ZIP": 70802, "PHONE_NUMBER": "225-926-5848", "WEBSITE": "http://brec.org/index.cfm/park/GusYoung", "ADDRESS_ID": 81109 }, "geometry": { "type": "Point", "coordinates": [ -91.147019050142745, 30.46293358926243 ] } },
{ "type": "Feature", "properties": { "ID": 251, "DESCRIPTION": "Pearl George Senior Center", "FACILITY_TYPE": "SENIOR CENTER", "AGENCY": "COUNCIL ON AGING", "OWNER": "CITY/PARISH", "FULL_ADDRESS": "4142 GUS YOUNG AVE", "CITY": "BATON ROUGE", "STATE": "LOUISIANA", "ZIP": 70802, "PHONE_NUMBER": null, "WEBSITE": "http://www.ebrcoa.org/", "ADDRESS_ID": 134594 }, "geometry": { "type": "Point", "coordinates": [ -91.14838930831435, 30.461735527942881 ] } },
{ "type": "Feature", "properties": { "ID": 252, "DESCRIPTION": "Hooper Road Park", "FACILITY_TYPE": "BREC PARK", "AGENCY": "BREC", "OWNER": "BREC", "FULL_ADDRESS": "6261 GUYNELL DR", "CITY": "BATON ROUGE", "STATE": "LOUISIANA", "ZIP": 70811, "PHONE_NUMBER": "225-357-7903", "WEBSITE": "http://brec.org/index.cfm/park/HooperRoad", "ADDRESS_ID": 102184 }, "geometry": { "type": "Point", "coordinates": [ -91.118794495890342, 30.532712313300916 ] } },
{ "type": "Feature", "properties": { "ID": 253, "DESCRIPTION": "Hamilton Avenue Park", "FACILITY_TYPE": "BREC PARK", "AGENCY": "BREC", "OWNER": "BREC", "FULL_ADDRESS": "16200 HAMILTON AVE", "CITY": "BATON ROUGE", "STATE": "LOUISIANA", "ZIP": 70819, "PHONE_NUMBER": "225-272-1917", "WEBSITE": "http://www.brec.org/index.cfm/park/HamiltonAvenue", "ADDRESS_ID": 36196 }, "geometry": { "type": "Point", "coordinates": [ -91.009088387999938, 30.482260857443375 ] } },
{ "type": "Feature", "properties": { "ID": 254, "DESCRIPTION": "Scotlandville Parkway", "FACILITY_TYPE": "BREC PARK", "AGENCY": "BREC", "OWNER": "BREC", "FULL_ADDRESS": "3200 HARDING BLVD", "CITY": "BATON ROUGE", "STATE": "LOUISIANA", "ZIP": 70807, "PHONE_NUMBER": "225-272-9200", "WEBSITE": "http://www.brec.org/index.cfm/park/ScotlandvilleParkway", "ADDRESS_ID": 130204 }, "geometry": { "type": "Point", "coordinates": [ -91.156574767578959, 30.512350852425506 ] } },
{ "type": "Feature", "properties": { "ID": 255, "DESCRIPTION": "BRFD Station 14", "FACILITY_TYPE": "FIRE PROTECTION", "AGENCY": "BATON ROUGE FIRE DEPARTMENT", "OWNER": "CITY/PARISH", "FULL_ADDRESS": "4121 HARDING BLVD", "CITY": "BATON ROUGE", "STATE": "LOUISIANA", "ZIP": 70811, "PHONE_NUMBER": null, "WEBSITE": null, "ADDRESS_ID": 80324 }, "geometry": { "type": "Point", "coordinates": [ -91.149123402556015, 30.522073564070329 ] } },
{ "type": "Feature", "properties": { "ID": 256, "DESCRIPTION": "EMS HQ and EMS Harding Station", "FACILITY_TYPE": "EMS", "AGENCY": "EMERGENCY MEDICAL SERVICES", "OWNER": "CITY/PARISH", "FULL_ADDRESS": "3801 HARDING BLVD", "CITY": "BATON ROUGE", "STATE": "LOUISIANA", "ZIP": 70807, "PHONE_NUMBER": "225-389-5155", "WEBSITE": null, "ADDRESS_ID": 166620 }, "geometry": { "type": "Point", "coordinates": [ -91.152809880208679, 30.523500679022021 ] } },
{ "type": "Feature", "properties": { "ID": 257, "DESCRIPTION": "ATM-EOC (Communications)", "FACILITY_TYPE": "PUBLIC SAFETY", "AGENCY": "EBR COMMUNICATIONS DISTRICT", "OWNER": "CITY/PARISH", "FULL_ADDRESS": "3773 HARDING BLVD", "CITY": "BATON ROUGE", "STATE": "LOUISIANA", "ZIP": 70807, "PHONE_NUMBER": null, "WEBSITE": null, "ADDRESS_ID": 76623 }, "geometry": { "type": "Point", "coordinates": [ -91.15381107084383, 30.522455507124398 ] } },
{ "type": "Feature", "properties": { "ID": 258, "DESCRIPTION": "Mayor-President Satellite Office", "FACILITY_TYPE": "MUNICIPAL OFFICES", "AGENCY": "OFFICE OF THE MAYOR-PRESIDENT", "OWNER": "CITY/PARISH", "FULL_ADDRESS": "3773 HARDING BLVD", "CITY": "BATON ROUGE", "STATE": "LOUISIANA", "ZIP": 70807, "PHONE_NUMBER": null, "WEBSITE": null, "ADDRESS_ID": 76623 }, "geometry": { "type": "Point", "coordinates": [ -91.153657124896199, 30.522540889207452 ] } },
{ "type": "Feature", "properties": { "ID": 259, "DESCRIPTION": "First Responder Safe Room and Training Center", "FACILITY_TYPE": "PUBLIC SAFETY", "AGENCY": "MOHSEP", "OWNER": "CITY/PARISH", "FULL_ADDRESS": "3785 HARDING BLVD", "CITY": "BATON ROUGE", "STATE": "LOUISIANA", "ZIP": 70807, "PHONE_NUMBER": null, "WEBSITE": null, "ADDRESS_ID": 169636 }, "geometry": { "type": "Point", "coordinates": [ -91.153305896049162, 30.522986186966612 ] } },
{ "type": "Feature", "properties": { "ID": 260, "DESCRIPTION": "Southern University", "FACILITY_TYPE": "UNIVERSITY", "AGENCY": "STATE OF LOUISIANA", "OWNER": "STATE", "FULL_ADDRESS": "803 HARDING BLVD", "CITY": "BATON ROUGE", "STATE": "LOUISIANA", "ZIP": 70813, "PHONE_NUMBER": null, "WEBSITE": null, "ADDRESS_ID": 130280 }, "geometry": { "type": "Point", "coordinates": [ -91.194405450797575, 30.524498943269293 ] } },
{ "type": "Feature", "properties": { "ID": 261, "DESCRIPTION": "Traffic Engineering Division", "FACILITY_TYPE": "PUBLIC WORKS", "AGENCY": "DEPARTMENT OF TRANSPORTATION AND DRAINAGE", "OWNER": "CITY/PARISH", "FULL_ADDRESS": "3773 HARDING BLVD", "CITY": "BATON ROUGE", "STATE": "LOUISIANA", "ZIP": 70807, "PHONE_NUMBER": null, "WEBSITE": null, "ADDRESS_ID": 76623 }, "geometry": { "type": "Point", "coordinates": [ -91.15402130228162, 30.522369840301312 ] } },
{ "type": "Feature", "properties": { "ID": 262, "DESCRIPTION": "Harding Street Park", "FACILITY_TYPE": "BREC PARK", "AGENCY": "BREC", "OWNER": "BREC", "FULL_ADDRESS": "4037 HARDING ST", "CITY": "BAKER", "STATE": "LOUISIANA", "ZIP": 70714, "PHONE_NUMBER": "225-272-9200", "WEBSITE": "http://www.brec.org/index.cfm/park/HardingStreet", "ADDRESS_ID": 161241 }, "geometry": { "type": "Point", "coordinates": [ -91.157224480655103, 30.585162527250443 ] } },
{ "type": "Feature", "properties": { "ID": 263, "DESCRIPTION": "Baker Heights Head Start", "FACILITY_TYPE": "HEAD START", "AGENCY": "HEAD START", "OWNER": "CITY/PARISH", "FULL_ADDRESS": "3750 HARDING ST", "CITY": "BAKER", "STATE": "LOUISIANA", "ZIP": 70714, "PHONE_NUMBER": null, "WEBSITE": null, "ADDRESS_ID": 187704 }, "geometry": { "type": "Point", "coordinates": [ -91.160183499175076, 30.583601666237374 ] } },
{ "type": "Feature", "properties": { "ID": 264, "DESCRIPTION": "Capital Region Planning Commission", "FACILITY_TYPE": "MUNICIPAL OFFICES", "AGENCY": "CAPITAL REGION PLANNING COMMISSION", "OWNER": "CITY/PARISH", "FULL_ADDRESS": "14734 S HARRELL'S FERRY RD", "CITY": "BATON ROUGE", "STATE": "LOUISIANA", "ZIP": 70816, "PHONE_NUMBER": null, "WEBSITE": null, "ADDRESS_ID": 29522 }, "geometry": { "type": "Point", "coordinates": [ -91.022294854946992, 30.4285009675536 ] } },
{ "type": "Feature", "properties": { "ID": 265, "DESCRIPTION": "Forest Community Park", "FACILITY_TYPE": "BREC PARK", "AGENCY": "BREC", "OWNER": "BREC", "FULL_ADDRESS": "13900 S HARRELL'S FERRY RD", "CITY": "BATON ROUGE", "STATE": "LOUISIANA", "ZIP": 70816, "PHONE_NUMBER": "225-752-1853", "WEBSITE": "http://brec.org/index.cfm/park/forestcommunitypark", "ADDRESS_ID": 25514 }, "geometry": { "type": "Point", "coordinates": [ -91.028356828572484, 30.427507064860304 ] } },
{ "type": "Feature", "properties": { "ID": 266, "DESCRIPTION": "South Harrell's Ferry Road Park", "FACILITY_TYPE": "BREC PARK", "AGENCY": "BREC", "OWNER": "BREC", "FULL_ADDRESS": "15750 S HARRELL'S FERRY RD", "CITY": "BATON ROUGE", "STATE": "LOUISIANA", "ZIP": 70816, "PHONE_NUMBER": "225-272-9200", "WEBSITE": "http://www.brec.org/index.cfm/park/SouthHarrellsFerry", "ADDRESS_ID": 130206 }, "geometry": { "type": "Point", "coordinates": [ -91.011166121753035, 30.422749639826321 ] } },
{ "type": "Feature", "properties": { "ID": 267, "DESCRIPTION": "Eastside FD Station 92", "FACILITY_TYPE": "FIRE PROTECTION", "AGENCY": "EASTSIDE VOLUNTEER FIRE DEPARTMENT", "OWNER": "CITY/PARISH", "FULL_ADDRESS": "17505 S HARRELL'S FERRY RD", "CITY": "BATON ROUGE", "STATE": "LOUISIANA", "ZIP": 70816, "PHONE_NUMBER": null, "WEBSITE": null, "ADDRESS_ID": 140854 }, "geometry": { "type": "Point", "coordinates": [ -90.992407720708997, 30.423119914680957 ] } },
{ "type": "Feature", "properties": { "ID": 268, "DESCRIPTION": "Little Farms Park", "FACILITY_TYPE": "BREC PARK", "AGENCY": "BREC", "OWNER": "BREC", "FULL_ADDRESS": "3754 LITTLE FARMS DR", "CITY": "ZACHARY", "STATE": "LOUISIANA", "ZIP": 70791, "PHONE_NUMBER": "225-272-9200", "WEBSITE": "http://www.brec.org/index.cfm/park/LittleFarms", "ADDRESS_ID": 161236 }, "geometry": { "type": "Point", "coordinates": [ -91.111166384421168, 30.640719543018214 ] } },
{ "type": "Feature", "properties": { "ID": 269, "DESCRIPTION": "Liberty Lagoon", "FACILITY_TYPE": "BREC PARK", "AGENCY": "BREC", "OWNER": "BREC", "FULL_ADDRESS": "111 LOBDELL AVE", "CITY": "BATON ROUGE", "STATE": "LOUISIANA", "ZIP": 70806, "PHONE_NUMBER": "225-923-3202", "WEBSITE": "http://www.libertylagoon.com/", "ADDRESS_ID": 158936 }, "geometry": { "type": "Point", "coordinates": [ -91.111170989426327, 30.449398455954601 ] } },
{ "type": "Feature", "properties": { "ID": 270, "DESCRIPTION": "Longfellow Park", "FACILITY_TYPE": "BREC PARK", "AGENCY": "BREC", "OWNER": "BREC", "FULL_ADDRESS": "5201 LONGFELLOW DR", "CITY": "BAKER", "STATE": "LOUISIANA", "ZIP": 70714, "PHONE_NUMBER": "225-272-9200", "WEBSITE": "http://brec.org/index.cfm/park/Longfellow", "ADDRESS_ID": 90706 }, "geometry": { "type": "Point", "coordinates": [ -91.158560111095312, 30.497760280056202 ] } },
{ "type": "Feature", "properties": { "ID": 271, "DESCRIPTION": "US Post Office - Istrouma", "FACILITY_TYPE": "POSTAL", "AGENCY": "US POSTAL SERVICE", "OWNER": "FEDERAL", "FULL_ADDRESS": "5200 LONGFELLOW DR", "CITY": "BATON ROUGE", "STATE": "LOUISIANA", "ZIP": 70805, "PHONE_NUMBER": null, "WEBSITE": null, "ADDRESS_ID": 90701 }, "geometry": { "type": "Point", "coordinates": [ -91.156678793860948, 30.498165082636344 ] } },
{ "type": "Feature", "properties": { "ID": 272, "DESCRIPTION": "Longridge Park", "FACILITY_TYPE": "BREC PARK", "AGENCY": "BREC", "OWNER": "BREC", "FULL_ADDRESS": "12127 LONGRIDGE AVE", "CITY": "BATON ROUGE", "STATE": "LOUISIANA", "ZIP": 70816, "PHONE_NUMBER": "225-272-9200", "WEBSITE": "http://www.brec.org/index.cfm/park/Longridge", "ADDRESS_ID": 136618 }, "geometry": { "type": "Point", "coordinates": [ -91.046315988433562, 30.422321533114324 ] } },
{ "type": "Feature", "properties": { "ID": 273, "DESCRIPTION": "EBRP Library Delmont Gardens Branch", "FACILITY_TYPE": "LIBRARY", "AGENCY": "EBR PARISH LIBRARY", "OWNER": "CITY/PARISH", "FULL_ADDRESS": "3351 LORRAINE ST", "CITY": "BATON ROUGE", "STATE": "LOUISIANA", "ZIP": 70805, "PHONE_NUMBER": "225-354-7080", "WEBSITE": "https://www.ebrpl.com/locations/delmont-gardens-branch-library/", "ADDRESS_ID": 136619 }, "geometry": { "type": "Point", "coordinates": [ -91.157004602359336, 30.496914923569115 ] } },
{ "type": "Feature", "properties": { "ID": 274, "DESCRIPTION": "Central FD Station 35", "FACILITY_TYPE": "FIRE PROTECTION", "AGENCY": "CENTRAL VOLUNTEER FIRE DEPARTMENT", "OWNER": "CITY/PARISH", "FULL_ADDRESS": "10626 LOVETT RD", "CITY": "CENTRAL", "STATE": "LOUISIANA", "ZIP": 70818, "PHONE_NUMBER": null, "WEBSITE": null, "ADDRESS_ID": 143067 }, "geometry": { "type": "Point", "coordinates": [ -91.066028104188703, 30.534967971672888 ] } },
{ "type": "Feature", "properties": { "ID": 275, "DESCRIPTION": "Central Community Sports Park", "FACILITY_TYPE": "BREC PARK", "AGENCY": "BREC", "OWNER": "BREC", "FULL_ADDRESS": "10501 LOVETT RD", "CITY": "CENTRAL", "STATE": "LOUISIANA", "ZIP": 70818, "PHONE_NUMBER": "225-272-9200", "WEBSITE": "http://www.brec.org/index.cfm/park/CentralSportsPark", "ADDRESS_ID": 9851 }, "geometry": { "type": "Point", "coordinates": [ -91.062874933635257, 30.539509818786101 ] } },
{ "type": "Feature", "properties": { "ID": 276, "DESCRIPTION": "Lovett Road Park", "FACILITY_TYPE": "BREC PARK", "AGENCY": "BREC", "OWNER": "BREC", "FULL_ADDRESS": "13443 LOVETT RD", "CITY": "CENTRAL", "STATE": "LOUISIANA", "ZIP": 70818, "PHONE_NUMBER": "225-261-0126", "WEBSITE": "http://brec.org/index.cfm/park/LovettRoad", "ADDRESS_ID": 23293 }, "geometry": { "type": "Point", "coordinates": [ -91.034957878704461, 30.524411094691331 ] } },
{ "type": "Feature", "properties": { "ID": 277, "DESCRIPTION": "Madison Avenue Park", "FACILITY_TYPE": "BREC PARK", "AGENCY": "BREC", "OWNER": "BREC", "FULL_ADDRESS": "1820 MADISON AVE", "CITY": "BATON ROUGE", "STATE": "LOUISIANA", "ZIP": 70802, "PHONE_NUMBER": "225-272-9200", "WEBSITE": "http://www.brec.org/index.cfm/park/MadisonAvenue", "ADDRESS_ID": 45566 }, "geometry": { "type": "Point", "coordinates": [ -91.17005363821599, 30.467057817106294 ] } },
{ "type": "Feature", "properties": { "ID": 278, "DESCRIPTION": "South Magnolia Park", "FACILITY_TYPE": "BREC PARK", "AGENCY": "BREC", "OWNER": "BREC", "FULL_ADDRESS": "2409 S MAGNOLIA DR", "CITY": "BAKER", "STATE": "LOUISIANA", "ZIP": 70714, "PHONE_NUMBER": "225-272-9200", "WEBSITE": "http://www.brec.org/index.cfm/park/SouthMagnolia", "ADDRESS_ID": 161238 }, "geometry": { "type": "Point", "coordinates": [ -91.17687433346984, 30.577746724363038 ] } },
{ "type": "Feature", "properties": { "ID": 279, "DESCRIPTION": "National Guard Baker Armory", "FACILITY_TYPE": "MILITARY", "AGENCY": "STATE OF LOUISIANA", "OWNER": "STATE", "FULL_ADDRESS": "2900 S MAGNOLIA DR", "CITY": "BAKER", "STATE": "LOUISIANA", "ZIP": 70714, "PHONE_NUMBER": null, "WEBSITE": null, "ADDRESS_ID": 175949 }, "geometry": { "type": "Point", "coordinates": [ -91.172333284386994, 30.57471831253223 ] } },
{ "type": "Feature", "properties": { "ID": 280, "DESCRIPTION": "Lotus Center", "FACILITY_TYPE": "SENIOR CENTER", "AGENCY": "COUNCIL ON AGING", "OWNER": "CITY/PARISH", "FULL_ADDRESS": "1701 MAIN ST", "CITY": "BATON ROUGE", "STATE": "LOUISIANA", "ZIP": 70802, "PHONE_NUMBER": null, "WEBSITE": "http://www.ebrcoa.org/", "ADDRESS_ID": 39963 }, "geometry": { "type": "Point", "coordinates": [ -91.171459560917427, 30.452206137825815 ] } },
{ "type": "Feature", "properties": { "ID": 281, "DESCRIPTION": "Federal Emergency Management Agency", "FACILITY_TYPE": "PUBLIC SAFETY", "AGENCY": "US FEDERAL GOVERNMENT", "OWNER": "FEDERAL", "FULL_ADDRESS": "1500 MAIN ST", "CITY": "BATON ROUGE", "STATE": "LOUISIANA", "ZIP": 70802, "PHONE_NUMBER": null, "WEBSITE": null, "ADDRESS_ID": 30387 }, "geometry": { "type": "Point", "coordinates": [ -91.172598444372483, 30.451389198536106 ] } },
{ "type": "Feature", "properties": { "ID": 282, "DESCRIPTION": "Maplewood Park", "FACILITY_TYPE": "BREC PARK", "AGENCY": "BREC", "OWNER": "BREC", "FULL_ADDRESS": "7950 MAPLEWOOD DR", "CITY": "BATON ROUGE", "STATE": "LOUISIANA", "ZIP": 70812, "PHONE_NUMBER": "225-357-7357", "WEBSITE": "http://www.brec.org/index.cfm/park/Maplewood", "ADDRESS_ID": 116180 }, "geometry": { "type": "Point", "coordinates": [ -91.110731117689511, 30.508168684650556 ] } },
{ "type": "Feature", "properties": { "ID": 283, "DESCRIPTION": "Children's World Early Head Start", "FACILITY_TYPE": "HEAD START", "AGENCY": "HEAD START", "OWNER": "CITY/PARISH", "FULL_ADDRESS": "7200 MAPLEWOOD DR", "CITY": "BATON ROUGE", "STATE": "LOUISIANA", "ZIP": 70812, "PHONE_NUMBER": null, "WEBSITE": null, "ADDRESS_ID": 142076 }, "geometry": { "type": "Point", "coordinates": [ -91.120277664118291, 30.505830558157758 ] } },
{ "type": "Feature", "properties": { "ID": 284, "DESCRIPTION": "US Post Office - Broadview", "FACILITY_TYPE": "POSTAL", "AGENCY": "US POSTAL SERVICE", "OWNER": "FEDERAL", "FULL_ADDRESS": "235 MARILYN DR", "CITY": "BATON ROUGE", "STATE": "LOUISIANA", "ZIP": 70815, "PHONE_NUMBER": null, "WEBSITE": null, "ADDRESS_ID": 58588 }, "geometry": { "type": "Point", "coordinates": [ -91.076420658026223, 30.454357420841539 ] } },
{ "type": "Feature", "properties": { "ID": 285, "DESCRIPTION": "Mary Ruth Park", "FACILITY_TYPE": "BREC PARK", "AGENCY": "BREC", "OWNER": "BREC", "FULL_ADDRESS": "8808 MARY RUTH AVE", "CITY": "BATON ROUGE", "STATE": "LOUISIANA", "ZIP": 70810, "PHONE_NUMBER": "225-272-9200", "WEBSITE": "http://www.brec.org/index.cfm/park/MaryRuth", "ADDRESS_ID": 120203 }, "geometry": { "type": "Point", "coordinates": [ -91.111723272213538, 30.385943009621723 ] } },
{ "type": "Feature", "properties": { "ID": 286, "DESCRIPTION": "Monte Sano Village", "FACILITY_TYPE": "PUBLIC HOUSING", "AGENCY": "EBRP HOUSING AUTHORITY", "OWNER": "CITY/PARISH", "FULL_ADDRESS": "3002 MASON AVE", "CITY": "BATON ROUGE", "STATE": "LOUISIANA", "ZIP": 70805, "PHONE_NUMBER": null, "WEBSITE": null, "ADDRESS_ID": 66865 }, "geometry": { "type": "Point", "coordinates": [ -91.16103297994087, 30.506554768462451 ] } },
{ "type": "Feature", "properties": { "ID": 287, "DESCRIPTION": "Department of Corrections", "FACILITY_TYPE": "STATE OFFICES", "AGENCY": "STATE OF LOUISIANA", "OWNER": "STATE", "FULL_ADDRESS": "504 MAYFLOWER ST", "CITY": "BATON ROUGE", "STATE": "LOUISIANA", "ZIP": 70802, "PHONE_NUMBER": null, "WEBSITE": null, "ADDRESS_ID": 142261 }, "geometry": { "type": "Point", "coordinates": [ -91.1845825341601, 30.440657618499312 ] } },
{ "type": "Feature", "properties": { "ID": 288, "DESCRIPTION": "Baker Public Works and Utilities Central Garage", "FACILITY_TYPE": "PUBLIC WORKS", "AGENCY": "BAKER PUBLIC WORKS DEPARTMENT", "OWNER": "BAKER", "FULL_ADDRESS": "1507 MISSISSIPPI AVE", "CITY": "BAKER", "STATE": "LOUISIANA", "ZIP": 70714, "PHONE_NUMBER": "225-775-5584", "WEBSITE": "https://cityofbakerla.com/wp/public-works/", "ADDRESS_ID": 189957 }, "geometry": { "type": "Point", "coordinates": [ -91.166339682606321, 30.591252124047728 ] } },
{ "type": "Feature", "properties": { "ID": 289, "DESCRIPTION": "Buchanan Park", "FACILITY_TYPE": "BREC PARK", "AGENCY": "BREC", "OWNER": "BREC", "FULL_ADDRESS": "2300 MISSOURI ST", "CITY": "BATON ROUGE", "STATE": "LOUISIANA", "ZIP": 70802, "PHONE_NUMBER": "225-272-9200", "WEBSITE": "http://www.brec.org/index.cfm/park/Buchanan", "ADDRESS_ID": 57410 }, "geometry": { "type": "Point", "coordinates": [ -91.172371561330678, 30.425404949322555 ] } },
{ "type": "Feature", "properties": { "ID": 290, "DESCRIPTION": "Central FD Station 32", "FACILITY_TYPE": "FIRE PROTECTION", "AGENCY": "CENTRAL VOLUNTEER FIRE DEPARTMENT", "OWNER": "CITY/PARISH", "FULL_ADDRESS": "4864 MONTICELLO BLVD", "CITY": "BATON ROUGE", "STATE": "LOUISIANA", "ZIP": 70814, "PHONE_NUMBER": null, "WEBSITE": null, "ADDRESS_ID": 138483 }, "geometry": { "type": "Point", "coordinates": [ -91.050694525504525, 30.495574168157763 ] } },
{ "type": "Feature", "properties": { "ID": 291, "DESCRIPTION": "Zachary Youth Park", "FACILITY_TYPE": "SPECIAL FACILITY", "AGENCY": "CITY OF ZACHARY", "OWNER": "ZACHARY", "FULL_ADDRESS": "1650 MOUNT PLEASANT-ZACHARY RD", "CITY": "ZACHARY", "STATE": "LOUISIANA", "ZIP": 70791, "PHONE_NUMBER": null, "WEBSITE": null, "ADDRESS_ID": 192110 }, "geometry": { "type": "Point", "coordinates": [ -91.197962344164722, 30.653371550954521 ] } },
{ "type": "Feature", "properties": { "ID": 292, "DESCRIPTION": "Myrtle Street Park", "FACILITY_TYPE": "BREC PARK", "AGENCY": "BREC", "OWNER": "BREC", "FULL_ADDRESS": "5530 MYRTLE ST", "CITY": "BAKER", "STATE": "LOUISIANA", "ZIP": 70714, "PHONE_NUMBER": "225-272-9200", "WEBSITE": "http://www.brec.org/index.cfm/park/MyrtleStreet", "ADDRESS_ID": 161242 }, "geometry": { "type": "Point", "coordinates": [ -91.141804584636319, 30.578957779874294 ] } },
{ "type": "Feature", "properties": { "ID": 293, "DESCRIPTION": "Nairn Park", "FACILITY_TYPE": "BREC PARK", "AGENCY": "BREC", "OWNER": "BREC", "FULL_ADDRESS": "2800 NAIRN DR", "CITY": "BATON ROUGE", "STATE": "LOUISIANA", "ZIP": 70808, "PHONE_NUMBER": "225-923-2720", "WEBSITE": "http://www.brec.org/index.cfm/park/NairnDrive", "ADDRESS_ID": 65630 }, "geometry": { "type": "Point", "coordinates": [ -91.14523151294307, 30.422464292612737 ] } },
{ "type": "Feature", "properties": { "ID": 294, "DESCRIPTION": "Freeman-Matthews Head Start", "FACILITY_TYPE": "HEAD START", "AGENCY": "HEAD START", "OWNER": "CITY/PARISH", "FULL_ADDRESS": "1383 NAPOLEON ST", "CITY": "BATON ROUGE", "STATE": "LOUISIANA", "ZIP": 70802, "PHONE_NUMBER": null, "WEBSITE": null, "ADDRESS_ID": 136647 }, "geometry": { "type": "Point", "coordinates": [ -91.182412211995086, 30.435407670778705 ] } },
{ "type": "Feature", "properties": { "ID": 295, "DESCRIPTION": "Magnolia Mound Plantation", "FACILITY_TYPE": "BREC PARK", "AGENCY": "BREC", "OWNER": "BREC", "FULL_ADDRESS": "2161 NICHOLSON DR", "CITY": "BATON ROUGE", "STATE": "LOUISIANA", "ZIP": 70802, "PHONE_NUMBER": "225-343-4955", "WEBSITE": "http://www.brec.org/index.cfm/park/MagnoliaMoundPlantation", "ADDRESS_ID": 54732 }, "geometry": { "type": "Point", "coordinates": [ -91.186902240932582, 30.426007213146331 ] } },
{ "type": "Feature", "properties": { "ID": 296, "DESCRIPTION": "North Boulevard Park", "FACILITY_TYPE": "BREC PARK", "AGENCY": "BREC", "OWNER": "BREC", "FULL_ADDRESS": "1640 NORTH BLVD", "CITY": "BATON ROUGE", "STATE": "LOUISIANA", "ZIP": 70802, "PHONE_NUMBER": "225-272-9200", "WEBSITE": "http://www.brec.org/index.cfm/park/NorthBoulevard", "ADDRESS_ID": 37283 }, "geometry": { "type": "Point", "coordinates": [ -91.172207499728287, 30.447419022619972 ] } },
{ "type": "Feature", "properties": { "ID": 297, "DESCRIPTION": "19th Judicial District Court", "FACILITY_TYPE": "COURTHOUSE", "AGENCY": "STATE OF LOUISIANA", "OWNER": "STATE", "FULL_ADDRESS": "300 NORTH BLVD", "CITY": "BATON ROUGE", "STATE": "LOUISIANA", "ZIP": 70802, "PHONE_NUMBER": null, "WEBSITE": null, "ADDRESS_ID": 155393 }, "geometry": { "type": "Point", "coordinates": [ -91.187161990672465, 30.446650385681558 ] } },
{ "type": "Feature", "properties": { "ID": 298, "DESCRIPTION": "EBRP Library River Center Branch", "FACILITY_TYPE": "LIBRARY", "AGENCY": "EBR PARISH LIBRARY", "OWNER": "CITY/PARISH", "FULL_ADDRESS": "250 NORTH BLVD", "CITY": "BATON ROUGE", "STATE": "LOUISIANA", "ZIP": 70802, "PHONE_NUMBER": "225-389-4967", "WEBSITE": "https://www.ebrpl.com/locations/river-center-branch-library/", "ADDRESS_ID": 14322 }, "geometry": { "type": "Point", "coordinates": [ -91.187958486869775, 30.446498045428903 ] } },
{ "type": "Feature", "properties": { "ID": 299, "DESCRIPTION": "EBRP Housing Authority", "FACILITY_TYPE": "MUNICIPAL OFFICES", "AGENCY": "EBRP HOUSING AUTHORITY", "OWNER": "CITY/PARISH", "FULL_ADDRESS": "4731 NORTH BLVD", "CITY": "BATON ROUGE", "STATE": "LOUISIANA", "ZIP": 70806, "PHONE_NUMBER": null, "WEBSITE": null, "ADDRESS_ID": 86262 }, "geometry": { "type": "Point", "coordinates": [ -91.140991695546518, 30.448952328531419 ] } },
{ "type": "Feature", "properties": { "ID": 300, "DESCRIPTION": "EBRP Library Recycled Reads", "FACILITY_TYPE": "LIBRARY", "AGENCY": "EBR PARISH LIBRARY", "OWNER": "CITY/PARISH", "FULL_ADDRESS": "3434 NORTH BLVD", "CITY": "BATON ROUGE", "STATE": "LOUISIANA", "ZIP": 70806, "PHONE_NUMBER": "225-231-3750", "WEBSITE": "https://www.ebrpl.com/locations/recycled-reads/", "ADDRESS_ID": 72890 }, "geometry": { "type": "Point", "coordinates": [ -91.1543080182485, 30.447763536920668 ] } },
{ "type": "Feature", "properties": { "ID": 301, "DESCRIPTION": "Old State Capitol", "FACILITY_TYPE": "SPECIAL FACILITY", "AGENCY": "STATE OF LOUISIANA", "OWNER": "STATE", "FULL_ADDRESS": "100 NORTH BLVD", "CITY": "BATON ROUGE", "STATE": "LOUISIANA", "ZIP": 70802, "PHONE_NUMBER": null, "WEBSITE": null, "ADDRESS_ID": 13 }, "geometry": { "type": "Point", "coordinates": [ -91.189335716634233, 30.446472823514618 ] } },
{ "type": "Feature", "properties": { "ID": 302, "DESCRIPTION": "Old Governor's Mansion", "FACILITY_TYPE": "SPECIAL FACILITY", "AGENCY": "STATE OF LOUISIANA", "OWNER": "STATE", "FULL_ADDRESS": "502 NORTH BLVD", "CITY": "BATON ROUGE", "STATE": "LOUISIANA", "ZIP": 70802, "PHONE_NUMBER": null, "WEBSITE": null, "ADDRESS_ID": 88586 }, "geometry": { "type": "Point", "coordinates": [ -91.185066380336366, 30.446749828234989 ] } },
{ "type": "Feature", "properties": { "ID": 303, "DESCRIPTION": "EBR Redevelopment Authority", "FACILITY_TYPE": "MUNICIPAL OFFICES", "AGENCY": "COMMUNITY DEVELOPMENT", "OWNER": "CITY/PARISH", "FULL_ADDRESS": "801 NORTH BLVD", "CITY": "BATON ROUGE", "STATE": "LOUISIANA", "ZIP": 70802, "PHONE_NUMBER": null, "WEBSITE": null, "ADDRESS_ID": 114780 }, "geometry": { "type": "Point", "coordinates": [ -91.182341152843989, 30.447596637977686 ] } },
{ "type": "Feature", "properties": { "ID": 304, "DESCRIPTION": "DCFS Office of Economic Stability", "FACILITY_TYPE": "STATE OFFICES", "AGENCY": "STATE OF LOUISIANA", "OWNER": "STATE", "FULL_ADDRESS": "1919 NORTH BLVD", "CITY": "BATON ROUGE", "STATE": "LOUISIANA", "ZIP": 70806, "PHONE_NUMBER": null, "WEBSITE": null, "ADDRESS_ID": 48885 }, "geometry": { "type": "Point", "coordinates": [ -91.168779094801522, 30.448348693250288 ] } },
{ "type": "Feature", "properties": { "ID": 305, "DESCRIPTION": "North Street Park", "FACILITY_TYPE": "BREC PARK", "AGENCY": "BREC", "OWNER": "BREC", "FULL_ADDRESS": "4100 NORTH ST", "CITY": "BATON ROUGE", "STATE": "LOUISIANA", "ZIP": 70806, "PHONE_NUMBER": "225-383-0563", "WEBSITE": "http://www.brec.org/index.cfm/park/NorthStreet", "ADDRESS_ID": 80096 }, "geometry": { "type": "Point", "coordinates": [ -91.146292316628461, 30.452779596274265 ] } },
{ "type": "Feature", "properties": { "ID": 306, "DESCRIPTION": "Turner Plaza", "FACILITY_TYPE": "PUBLIC HOUSING", "AGENCY": "EBRP HOUSING AUTHORITY", "OWNER": "CITY/PARISH", "FULL_ADDRESS": "4546 NORTH ST", "CITY": "BATON ROUGE", "STATE": "LOUISIANA", "ZIP": 70806, "PHONE_NUMBER": null, "WEBSITE": null, "ADDRESS_ID": 142189 }, "geometry": { "type": "Point", "coordinates": [ -91.143098589955528, 30.452966404516427 ] } },
{ "type": "Feature", "properties": { "ID": 307, "DESCRIPTION": "Turner Plaza Senior Center", "FACILITY_TYPE": "SENIOR CENTER", "AGENCY": "COUNCIL ON AGING", "OWNER": "CITY/PARISH", "FULL_ADDRESS": "4546 NORTH ST", "CITY": "BATON ROUGE", "STATE": "LOUISIANA", "ZIP": 70806, "PHONE_NUMBER": null, "WEBSITE": "http://www.ebrcoa.org/", "ADDRESS_ID": 142189 }, "geometry": { "type": "Point", "coordinates": [ -91.143292356560792, 30.452724927926557 ] } },
{ "type": "Feature", "properties": { "ID": 308, "DESCRIPTION": "Catholic-Presbyterian Apts Senior Center", "FACILITY_TYPE": "SENIOR CENTER", "AGENCY": "COUNCIL ON AGING", "OWNER": "CITY/PARISH", "FULL_ADDRESS": "655 NORTH ST", "CITY": "BATON ROUGE", "STATE": "LOUISIANA", "ZIP": 70802, "PHONE_NUMBER": null, "WEBSITE": "http://www.ebrcoa.org/", "ADDRESS_ID": 104788 }, "geometry": { "type": "Point", "coordinates": [ -91.183876459822145, 30.452925343175497 ] } },
{ "type": "Feature", "properties": { "ID": 309, "DESCRIPTION": "Railey Roshto Park", "FACILITY_TYPE": "BREC PARK", "AGENCY": "BREC", "OWNER": "BREC", "FULL_ADDRESS": "11207 NORWAY PINE DR", "CITY": "GREENWELL SPRINGS", "STATE": "LOUISIANA", "ZIP": 70739, "PHONE_NUMBER": "225-272-9200", "WEBSITE": "http://www.brec.org/index.cfm/park/RaileyRoshto", "ADDRESS_ID": 12100 }, "geometry": { "type": "Point", "coordinates": [ -91.004724833728687, 30.553067714077869 ] } },
{ "type": "Feature", "properties": { "ID": 310, "DESCRIPTION": "Central Senior Center", "FACILITY_TYPE": "SENIOR CENTER", "AGENCY": "COUNCIL ON AGING", "OWNER": "CITY/PARISH", "FULL_ADDRESS": "6923 OAK CLUSTER DR", "CITY": "GREENWELL SPRINGS", "STATE": "LOUISIANA", "ZIP": 70739, "PHONE_NUMBER": null, "WEBSITE": "http://www.ebrcoa.org/", "ADDRESS_ID": 202924 }, "geometry": { "type": "Point", "coordinates": [ -91.008868333291403, 30.517613410419933 ] } },
{ "type": "Feature", "properties": { "ID": 311, "DESCRIPTION": "Bluebonnet Swamp Nature Center", "FACILITY_TYPE": "BREC PARK", "AGENCY": "BREC", "OWNER": "BREC", "FULL_ADDRESS": "10503 N OAK HILLS PKWY", "CITY": "BATON ROUGE", "STATE": "LOUISIANA", "ZIP": 70810, "PHONE_NUMBER": "225-757-8905", "WEBSITE": "http://brec.org/index.cfm/park/BluebonnetSwamp", "ADDRESS_ID": 4436 }, "geometry": { "type": "Point", "coordinates": [ -91.10807720509203, 30.368194929804737 ] } },
{ "type": "Feature", "properties": { "ID": 312, "DESCRIPTION": "Thomas Maher Park", "FACILITY_TYPE": "BREC PARK", "AGENCY": "BREC", "OWNER": "BREC", "FULL_ADDRESS": "8200 OAK VIEW DR", "CITY": "BATON ROUGE", "STATE": "LOUISIANA", "ZIP": 70814, "PHONE_NUMBER": "225-272-9200", "WEBSITE": "http://www.brec.org/index.cfm/park/ThomasMaher", "ADDRESS_ID": 116181 }, "geometry": { "type": "Point", "coordinates": [ -91.103914678234688, 30.482879230196879 ] } },
{ "type": "Feature", "properties": { "ID": 313, "DESCRIPTION": "Cortana Place Park", "FACILITY_TYPE": "BREC PARK", "AGENCY": "BREC", "OWNER": "BREC", "FULL_ADDRESS": "1901 OAK VILLA BLVD", "CITY": "BATON ROUGE", "STATE": "LOUISIANA", "ZIP": 70815, "PHONE_NUMBER": "225-272-9200", "WEBSITE": "http://www.brec.org/index.cfm/park/map/42", "ADDRESS_ID": 124041 }, "geometry": { "type": "Point", "coordinates": [ -91.091907554307625, 30.467633290360595 ] } },
{ "type": "Feature", "properties": { "ID": 314, "DESCRIPTION": "Hartley/Vey Sports Park", "FACILITY_TYPE": "BREC PARK", "AGENCY": "BREC", "OWNER": "BREC", "FULL_ADDRESS": "2615 OAK VILLA BLVD", "CITY": "BATON ROUGE", "STATE": "LOUISIANA", "ZIP": 70814, "PHONE_NUMBER": "225-382-3596", "WEBSITE": "http://www.brec.org/index.cfm/park/HartleyVeyOakVilla", "ADDRESS_ID": 137992 }, "geometry": { "type": "Point", "coordinates": [ -91.091701604998946, 30.474018824560332 ] } },
{ "type": "Feature", "properties": { "ID": 315, "DESCRIPTION": "Municipal Employees Retirement System of La.", "FACILITY_TYPE": "STATE OFFICES", "AGENCY": "STATE OF LOUISIANA", "OWNER": "STATE", "FULL_ADDRESS": "7937 OFFICE PARK BLVD", "CITY": "BATON ROUGE", "STATE": "LOUISIANA", "ZIP": 70809, "PHONE_NUMBER": null, "WEBSITE": null, "ADDRESS_ID": 114397 }, "geometry": { "type": "Point", "coordinates": [ -91.102793851597809, 30.420872911697586 ] } },
{ "type": "Feature", "properties": { "ID": 316, "DESCRIPTION": "Municipal Police Employees Retirement System", "FACILITY_TYPE": "STATE OFFICES", "AGENCY": "STATE OF LOUISIANA", "OWNER": "STATE", "FULL_ADDRESS": "7722 OFFICE PARK BLVD", "CITY": "BATON ROUGE", "STATE": "LOUISIANA", "ZIP": 70809, "PHONE_NUMBER": null, "WEBSITE": null, "ADDRESS_ID": 135027 }, "geometry": { "type": "Point", "coordinates": [ -91.104145461725153, 30.418662597514114 ] } },
{ "type": "Feature", "properties": { "ID": 317, "DESCRIPTION": "Meadow Park", "FACILITY_TYPE": "BREC PARK", "AGENCY": "BREC", "OWNER": "BREC", "FULL_ADDRESS": "6951 MEADOW PARK AVE", "CITY": "BATON ROUGE", "STATE": "LOUISIANA", "ZIP": 70810, "PHONE_NUMBER": "225-272-9200", "WEBSITE": "http://www.brec.org/index.cfm/park/Meadow", "ADDRESS_ID": 116991 }, "geometry": { "type": "Point", "coordinates": [ -91.068422109544088, 30.371400118820404 ] } },
{ "type": "Feature", "properties": { "ID": 318, "DESCRIPTION": "Leeward Drive Park", "FACILITY_TYPE": "BREC PARK", "AGENCY": "BREC", "OWNER": "BREC", "FULL_ADDRESS": "5800 MENLO DR", "CITY": "BATON ROUGE", "STATE": "LOUISIANA", "ZIP": 70808, "PHONE_NUMBER": "225-272-9200", "WEBSITE": "http://www.brec.org/index.cfm/park/LeewardDrive", "ADDRESS_ID": 143477 }, "geometry": { "type": "Point", "coordinates": [ -91.152702805213281, 30.39324193015544 ] } },
{ "type": "Feature", "properties": { "ID": 319, "DESCRIPTION": "BRFD Station 10", "FACILITY_TYPE": "FIRE PROTECTION", "AGENCY": "BATON ROUGE FIRE DEPARTMENT", "OWNER": "CITY/PARISH", "FULL_ADDRESS": "7380 MENLO DR", "CITY": "BATON ROUGE", "STATE": "LOUISIANA", "ZIP": 70808, "PHONE_NUMBER": null, "WEBSITE": null, "ADDRESS_ID": 110747 }, "geometry": { "type": "Point", "coordinates": [ -91.138068596681464, 30.38046992693203 ] } },
{ "type": "Feature", "properties": { "ID": 320, "DESCRIPTION": "BRFD Administration And Training Center", "FACILITY_TYPE": "FIRE PROTECTION", "AGENCY": "BATON ROUGE FIRE DEPARTMENT", "OWNER": "CITY/PARISH", "FULL_ADDRESS": "8011 MERLE GUSTAFSON DR", "CITY": "BATON ROUGE", "STATE": "LOUISIANA", "ZIP": 70807, "PHONE_NUMBER": null, "WEBSITE": null, "ADDRESS_ID": 114792 }, "geometry": { "type": "Point", "coordinates": [ -91.150266600659009, 30.522253025442694 ] } },
{ "type": "Feature", "properties": { "ID": 321, "DESCRIPTION": "Bird Station Park", "FACILITY_TYPE": "BREC PARK", "AGENCY": "BREC", "OWNER": "BREC", "FULL_ADDRESS": "2623 MICHELLI DR", "CITY": "BATON ROUGE", "STATE": "LOUISIANA", "ZIP": 70805, "PHONE_NUMBER": "225-272-9200", "WEBSITE": "http://www.brec.org/index.cfm/park/BirdStation", "ADDRESS_ID": 62173 }, "geometry": { "type": "Point", "coordinates": [ -91.126021344339449, 30.472738854430762 ] } },
{ "type": "Feature", "properties": { "ID": 322, "DESCRIPTION": "District 6 FD Station 52 ", "FACILITY_TYPE": "FIRE PROTECTION", "AGENCY": "HOOPER ROAD VOLUNTEER FIRE DEPARTMENT", "OWNER": "CITY/PARISH", "FULL_ADDRESS": "6324 MICKENS RD", "CITY": "BATON ROUGE", "STATE": "LOUISIANA", "ZIP": 70811, "PHONE_NUMBER": null, "WEBSITE": null, "ADDRESS_ID": 102718 }, "geometry": { "type": "Point", "coordinates": [ -91.125882666037839, 30.523840158603946 ] } },
{ "type": "Feature", "properties": { "ID": 323, "DESCRIPTION": "Mills Avenue Park", "FACILITY_TYPE": "BREC PARK", "AGENCY": "BREC", "OWNER": "BREC", "FULL_ADDRESS": "401 MILLS AVE", "CITY": "BATON ROUGE", "STATE": "LOUISIANA", "ZIP": 70807, "PHONE_NUMBER": "225-778-1288", "WEBSITE": "http://www.brec.org/index.cfm/park/MillsAvenue", "ADDRESS_ID": 248221 }, "geometry": { "type": "Point", "coordinates": [ -91.194586607770631, 30.533606164258561 ] } },
{ "type": "Feature", "properties": { "ID": 324, "DESCRIPTION": "US Post Office - Woodlawn", "FACILITY_TYPE": "POSTAL", "AGENCY": "US POSTAL SERVICE", "OWNER": "FEDERAL", "FULL_ADDRESS": "4700 MILLWOOD DR", "CITY": "BATON ROUGE", "STATE": "LOUISIANA", "ZIP": 70817, "PHONE_NUMBER": null, "WEBSITE": null, "ADDRESS_ID": 85942 }, "geometry": { "type": "Point", "coordinates": [ -91.032992979057241, 30.408021311346548 ] } },
{ "type": "Feature", "properties": { "ID": 325, "DESCRIPTION": "Camelot Park", "FACILITY_TYPE": "BREC PARK", "AGENCY": "BREC", "OWNER": "BREC", "FULL_ADDRESS": "3166 LANCELOT DR", "CITY": "BATON ROUGE", "STATE": "LOUISIANA", "ZIP": 70816, "PHONE_NUMBER": "225-272-9200", "WEBSITE": "http://www.brec.org/index.cfm/park/Camelot", "ADDRESS_ID": 69697 }, "geometry": { "type": "Point", "coordinates": [ -91.04284090068596, 30.423944352524693 ] } },
{ "type": "Feature", "properties": { "ID": 326, "DESCRIPTION": "Lanier Drive Park", "FACILITY_TYPE": "BREC PARK", "AGENCY": "BREC", "OWNER": "BREC", "FULL_ADDRESS": "3901 LANIER DR", "CITY": "BATON ROUGE", "STATE": "LOUISIANA", "ZIP": 70812, "PHONE_NUMBER": "225-272-9200", "WEBSITE": "http://www.brec.org/index.cfm/park/LanierDrive", "ADDRESS_ID": 77853 }, "geometry": { "type": "Point", "coordinates": [ -91.108675148932718, 30.48698711668693 ] } },
{ "type": "Feature", "properties": { "ID": 327, "DESCRIPTION": "Sports Academy", "FACILITY_TYPE": "BREC PARK", "AGENCY": "BREC", "OWNER": "BREC", "FULL_ADDRESS": "1002 LAUREL ST", "CITY": "BATON ROUGE", "STATE": "LOUISIANA", "ZIP": 70802, "PHONE_NUMBER": "225-344-9688", "WEBSITE": "http://www.brec.org/index.cfm/park/SportsAcademy", "ADDRESS_ID": 142368 }, "geometry": { "type": "Point", "coordinates": [ -91.179335873841467, 30.450370735503959 ] } },
{ "type": "Feature", "properties": { "ID": 328, "DESCRIPTION": "Public Works And Planning Center", "FACILITY_TYPE": "MUNICIPAL OFFICES", "AGENCY": "PLANNING COMMISSION", "OWNER": "CITY/PARISH", "FULL_ADDRESS": "1100 LAUREL ST", "CITY": "BATON ROUGE", "STATE": "LOUISIANA", "ZIP": 70802, "PHONE_NUMBER": null, "WEBSITE": null, "ADDRESS_ID": 142369 }, "geometry": { "type": "Point", "coordinates": [ -91.178728271097981, 30.450415488683664 ] } },
{ "type": "Feature", "properties": { "ID": 329, "DESCRIPTION": "LA Lottery Corporation", "FACILITY_TYPE": "STATE OFFICES", "AGENCY": "STATE OF LOUISIANA", "OWNER": "STATE", "FULL_ADDRESS": "555 LAUREL ST", "CITY": "BATON ROUGE", "STATE": "LOUISIANA", "ZIP": 70801, "PHONE_NUMBER": null, "WEBSITE": null, "ADDRESS_ID": 94976 }, "geometry": { "type": "Point", "coordinates": [ -91.184912774834174, 30.450642431622185 ] } },
{ "type": "Feature", "properties": { "ID": 330, "DESCRIPTION": "Baker FD Station 22", "FACILITY_TYPE": "FIRE PROTECTION", "AGENCY": "BAKER FIRE DEPARTMENT", "OWNER": "BAKER", "FULL_ADDRESS": "6252 LAVEY LN", "CITY": "BAKER", "STATE": "LOUISIANA", "ZIP": 70714, "PHONE_NUMBER": null, "WEBSITE": null, "ADDRESS_ID": 175509 }, "geometry": { "type": "Point", "coordinates": [ -91.130403696608653, 30.575362796600892 ] } },
{ "type": "Feature", "properties": { "ID": 331, "DESCRIPTION": "EMS Lavey Station", "FACILITY_TYPE": "EMS", "AGENCY": "EMERGENCY MEDICAL SERVICES", "OWNER": "CITY/PARISH", "FULL_ADDRESS": "6252 LAVEY LN", "CITY": "BAKER", "STATE": "LOUISIANA", "ZIP": 70714, "PHONE_NUMBER": "225-389-5155", "WEBSITE": null, "ADDRESS_ID": 175509 }, "geometry": { "type": "Point", "coordinates": [ -91.130339722168486, 30.575358614099134 ] } },
{ "type": "Feature", "properties": { "ID": 332, "DESCRIPTION": "Dumas Memorial Golf Course", "FACILITY_TYPE": "BREC PARK", "AGENCY": "BREC", "OWNER": "BREC", "FULL_ADDRESS": "3400 LAVEY LN", "CITY": "BAKER", "STATE": "LOUISIANA", "ZIP": 70714, "PHONE_NUMBER": "225-775-9166", "WEBSITE": "http://www.brec.org/index.cfm/park/DumasMemorialGolf", "ADDRESS_ID": 161247 }, "geometry": { "type": "Point", "coordinates": [ -91.15956552389838, 30.570381119705306 ] } },
{ "type": "Feature", "properties": { "ID": 333, "DESCRIPTION": "Le Brent Avenue Park", "FACILITY_TYPE": "BREC PARK", "AGENCY": "BREC", "OWNER": "BREC", "FULL_ADDRESS": "6401 LEBRENT AVE", "CITY": "BAKER", "STATE": "LOUISIANA", "ZIP": 70714, "PHONE_NUMBER": "225-272-9200", "WEBSITE": "http://www.brec.org/index.cfm/park/LebrentAvenue", "ADDRESS_ID": 142281 }, "geometry": { "type": "Point", "coordinates": [ -91.127385783275031, 30.566211958156345 ] } },
{ "type": "Feature", "properties": { "ID": 334, "DESCRIPTION": "DEQ Lab", "FACILITY_TYPE": "STATE OFFICES", "AGENCY": "STATE OF LOUISIANA", "OWNER": "STATE", "FULL_ADDRESS": "1209 LEESVILLE AVE", "CITY": "BATON ROUGE", "STATE": "LOUISIANA", "ZIP": 70802, "PHONE_NUMBER": null, "WEBSITE": null, "ADDRESS_ID": 138345 }, "geometry": { "type": "Point", "coordinates": [ -91.177020647041147, 30.461870432718953 ] } },
{ "type": "Feature", "properties": { "ID": 335, "DESCRIPTION": "Pride VFD Station 11", "FACILITY_TYPE": "FIRE PROTECTION", "AGENCY": "PRIDE VOLUNTEER FIRE DEPARTMENT", "OWNER": "CITY/PARISH", "FULL_ADDRESS": "16929 LIBERTY RD", "CITY": "GREENWELL SPRINGS", "STATE": "LOUISIANA", "ZIP": 70739, "PHONE_NUMBER": null, "WEBSITE": null, "ADDRESS_ID": 39793 }, "geometry": { "type": "Point", "coordinates": [ -90.996518467009864, 30.603584077217999 ] } },
{ "type": "Feature", "properties": { "ID": 336, "DESCRIPTION": "Ligon Road Park", "FACILITY_TYPE": "BREC PARK", "AGENCY": "BREC", "OWNER": "BREC", "FULL_ADDRESS": "21600 LIGON RD", "CITY": "ZACHARY", "STATE": "LOUISIANA", "ZIP": 70791, "PHONE_NUMBER": "225-272-9200", "WEBSITE": "http://www.brec.org/index.cfm/park/LigonRoad", "ADDRESS_ID": 54717 }, "geometry": { "type": "Point", "coordinates": [ -91.221973104739462, 30.672361367260567 ] } },
{ "type": "Feature", "properties": { "ID": 337, "DESCRIPTION": "EBR Sheriff's Office", "FACILITY_TYPE": "POLICE PROTECTION", "AGENCY": "EBR SHERIFFS OFFICE", "OWNER": "CITY/PARISH", "FULL_ADDRESS": "8900 JIMMY WEDELL DR", "CITY": "BATON ROUGE", "STATE": "LOUISIANA", "ZIP": 70807, "PHONE_NUMBER": "225-389-5000", "WEBSITE": "https://www.ebrso.org/SHERIFF", "ADDRESS_ID": 155682 }, "geometry": { "type": "Point", "coordinates": [ -91.156964482315061, 30.528720292909391 ] } },
{ "type": "Feature", "properties": { "ID": 338, "DESCRIPTION": "EBRP Library Jones Creek Regional Branch", "FACILITY_TYPE": "LIBRARY", "AGENCY": "EBR PARISH LIBRARY", "OWNER": "CITY/PARISH", "FULL_ADDRESS": "6222 JONES CREEK RD", "CITY": "BATON ROUGE", "STATE": "LOUISIANA", "ZIP": 70817, "PHONE_NUMBER": "225-756-1180", "WEBSITE": "https://www.ebrpl.com/locations/jones-creek-regional-branch-library/", "ADDRESS_ID": 101619 }, "geometry": { "type": "Point", "coordinates": [ -91.018636233685896, 30.396405157333891 ] } },
{ "type": "Feature", "properties": { "ID": 339, "DESCRIPTION": "EBRP Library Central Branch", "FACILITY_TYPE": "LIBRARY", "AGENCY": "EBR PARISH LIBRARY", "OWNER": "CITY/PARISH", "FULL_ADDRESS": "11260 JOOR RD", "CITY": "CENTRAL", "STATE": "LOUISIANA", "ZIP": 70818, "PHONE_NUMBER": "225-262-2680", "WEBSITE": "https://www.ebrpl.com/locations/central-branch-library/", "ADDRESS_ID": 10177 }, "geometry": { "type": "Point", "coordinates": [ -91.051699780938918, 30.550620514411772 ] } },
{ "type": "Feature", "properties": { "ID": 340, "DESCRIPTION": "Baton Rouge Community College - Frazier Campus", "FACILITY_TYPE": "UNIVERSITY", "AGENCY": "STATE OF LOUISIANA", "OWNER": "STATE", "FULL_ADDRESS": "555 JULIA ST", "CITY": "BATON ROUGE", "STATE": "LOUISIANA", "ZIP": 70802, "PHONE_NUMBER": null, "WEBSITE": null, "ADDRESS_ID": 94974 }, "geometry": { "type": "Point", "coordinates": [ -91.185147766883333, 30.437641048401236 ] } },
{ "type": "Feature", "properties": { "ID": 341, "DESCRIPTION": "Kathy Drive Park", "FACILITY_TYPE": "BREC PARK", "AGENCY": "BREC", "OWNER": "BREC", "FULL_ADDRESS": "1801 KATHY DR", "CITY": "BATON ROUGE", "STATE": "LOUISIANA", "ZIP": 70816, "PHONE_NUMBER": "225-275-9819", "WEBSITE": "http://brec.org/index.cfm/park/KathyDrive", "ADDRESS_ID": 44780 }, "geometry": { "type": "Point", "coordinates": [ -91.013113290611614, 30.442265175950386 ] } },
{ "type": "Feature", "properties": { "ID": 342, "DESCRIPTION": "Kendalwood Road Park", "FACILITY_TYPE": "BREC PARK", "AGENCY": "BREC", "OWNER": "BREC", "FULL_ADDRESS": "24700 KENDALWOOD RD", "CITY": "BATON ROUGE", "STATE": "LOUISIANA", "ZIP": 70817, "PHONE_NUMBER": "225-272-9200", "WEBSITE": "http://www.brec.org/index.cfm/park/Kendalwood", "ADDRESS_ID": 62665 }, "geometry": { "type": "Point", "coordinates": [ -90.913302596073052, 30.345588617761571 ] } },
{ "type": "Feature", "properties": { "ID": 343, "DESCRIPTION": "Brownsfield VFD Station 72", "FACILITY_TYPE": "FIRE PROTECTION", "AGENCY": "BROWNSFIELD VOLUNTEER FIRE DEPARTMENT", "OWNER": "CITY/PARISH", "FULL_ADDRESS": "6850 KENT DR", "CITY": "BAKER", "STATE": "LOUISIANA", "ZIP": 70714, "PHONE_NUMBER": null, "WEBSITE": null, "ADDRESS_ID": 139463 }, "geometry": { "type": "Point", "coordinates": [ -91.1228360542395, 30.588634156319561 ] } },
{ "type": "Feature", "properties": { "ID": 344, "DESCRIPTION": "Kernan Avenue Park", "FACILITY_TYPE": "BREC PARK", "AGENCY": "BREC", "OWNER": "BREC", "FULL_ADDRESS": "333 KERNAN AVE", "CITY": "BATON ROUGE", "STATE": "LOUISIANA", "ZIP": 70802, "PHONE_NUMBER": "225-381-0067", "WEBSITE": "http://brec.org/index.cfm/park/KernanAvenue", "ADDRESS_ID": 71555 }, "geometry": { "type": "Point", "coordinates": [ -91.156412444207547, 30.451344826323535 ] } },
{ "type": "Feature", "properties": { "ID": 345, "DESCRIPTION": "Pinehurst Park", "FACILITY_TYPE": "BREC PARK", "AGENCY": "BREC", "OWNER": "BREC", "FULL_ADDRESS": "13888 PINEHURST AVE", "CITY": "BATON ROUGE", "STATE": "LOUISIANA", "ZIP": 70817, "PHONE_NUMBER": "225-272-9200", "WEBSITE": "http://www.brec.org/index.cfm/park-map/pinehurst", "ADDRESS_ID": 130311 }, "geometry": { "type": "Point", "coordinates": [ -91.032302487422697, 30.381399935262934 ] } },
{ "type": "Feature", "properties": { "ID": 346, "DESCRIPTION": "Brownsfield VFD Station 71", "FACILITY_TYPE": "FIRE PROTECTION", "AGENCY": "BROWNSFIELD VOLUNTEER FIRE DEPARTMENT", "OWNER": "CITY/PARISH", "FULL_ADDRESS": "11420 PLANK RD", "CITY": "BATON ROUGE", "STATE": "LOUISIANA", "ZIP": 70811, "PHONE_NUMBER": null, "WEBSITE": null, "ADDRESS_ID": 10950 }, "geometry": { "type": "Point", "coordinates": [ -91.135848789866188, 30.549042733082111 ] } },
{ "type": "Feature", "properties": { "ID": 347, "DESCRIPTION": "Human Development and Services", "FACILITY_TYPE": "MUNICIPAL OFFICES", "AGENCY": "HUMAN DEVELOPMENT AND SERVICES", "OWNER": "CITY/PARISH", "FULL_ADDRESS": "4523 PLANK RD", "CITY": "BATON ROUGE", "STATE": "LOUISIANA", "ZIP": 70805, "PHONE_NUMBER": null, "WEBSITE": null, "ADDRESS_ID": 139434 }, "geometry": { "type": "Point", "coordinates": [ -91.157773571629875, 30.490815607957312 ] } },
{ "type": "Feature", "properties": { "ID": 348, "DESCRIPTION": "BRPD District 1 Station", "FACILITY_TYPE": "POLICE PROTECTION", "AGENCY": "BATON ROUGE POLICE DEPARTMENT", "OWNER": "CITY/PARISH", "FULL_ADDRESS": "4545 PLANK RD", "CITY": "BATON ROUGE", "STATE": "LOUISIANA", "ZIP": 70805, "PHONE_NUMBER": "225-389-3866", "WEBSITE": "https://www.brla.gov/203/Police-Department", "ADDRESS_ID": 83755 }, "geometry": { "type": "Point", "coordinates": [ -91.157431110649298, 30.490914248883058 ] } },
{ "type": "Feature", "properties": { "ID": 349, "DESCRIPTION": "Plank Road Park", "FACILITY_TYPE": "BREC PARK", "AGENCY": "BREC", "OWNER": "BREC", "FULL_ADDRESS": "19550 PLANK RD", "CITY": "ZACHARY", "STATE": "LOUISIANA", "ZIP": 70791, "PHONE_NUMBER": "225-654-8401", "WEBSITE": "http://www.brec.org/index.cfm/park/PlankRoad", "ADDRESS_ID": 50259 }, "geometry": { "type": "Point", "coordinates": [ -91.101845451958141, 30.639324320966065 ] } },
{ "type": "Feature", "properties": { "ID": 350, "DESCRIPTION": "Brown Heights Park", "FACILITY_TYPE": "BREC PARK", "AGENCY": "BREC", "OWNER": "BREC", "FULL_ADDRESS": "15206 PLANK RD", "CITY": "BAKER", "STATE": "LOUISIANA", "ZIP": 70714, "PHONE_NUMBER": "225-272-9200", "WEBSITE": "http://www.brec.org/index.cfm/park/BrownHeights", "ADDRESS_ID": 143687 }, "geometry": { "type": "Point", "coordinates": [ -91.123970404098003, 30.58580659268905 ] } },
{ "type": "Feature", "properties": { "ID": 351, "DESCRIPTION": "Department of Maintenance", "FACILITY_TYPE": "PUBLIC WORKS", "AGENCY": "DEPARTMENT OF MAINTENANCE", "OWNER": "CITY/PARISH", "FULL_ADDRESS": "4445 PLANK RD", "CITY": "BATON ROUGE", "STATE": "LOUISIANA", "ZIP": 70805, "PHONE_NUMBER": null, "WEBSITE": null, "ADDRESS_ID": 217345 }, "geometry": { "type": "Point", "coordinates": [ -91.160294661324059, 30.490969383086099 ] } },
{ "type": "Feature", "properties": { "ID": 352, "DESCRIPTION": "City of Baker School District", "FACILITY_TYPE": "MUNICIPAL OFFICES", "AGENCY": "BAKER SCHOOL SYSTEM", "OWNER": "SCHOOL BOARD", "FULL_ADDRESS": "14750 PLANK RD", "CITY": "BAKER", "STATE": "LOUISIANA", "ZIP": 70714, "PHONE_NUMBER": "225-774-5795", "WEBSITE": "https://bakerschools.org", "ADDRESS_ID": 191552 }, "geometry": { "type": "Point", "coordinates": [ -91.126009415569143, 30.58058144557533 ] } },
{ "type": "Feature", "properties": { "ID": 353, "DESCRIPTION": "US Post Office - Scotlandville", "FACILITY_TYPE": "POSTAL", "AGENCY": "US POSTAL SERVICE", "OWNER": "FEDERAL", "FULL_ADDRESS": "7980 PLANK RD", "CITY": "BATON ROUGE", "STATE": "LOUISIANA", "ZIP": 70811, "PHONE_NUMBER": null, "WEBSITE": null, "ADDRESS_ID": 114689 }, "geometry": { "type": "Point", "coordinates": [ -91.144651221835289, 30.521170461173469 ] } },
{ "type": "Feature", "properties": { "ID": 354, "DESCRIPTION": "East Polk Street Park", "FACILITY_TYPE": "BREC PARK", "AGENCY": "BREC", "OWNER": "BREC", "FULL_ADDRESS": "1700 E POLK ST", "CITY": "BATON ROUGE", "STATE": "LOUISIANA", "ZIP": 70802, "PHONE_NUMBER": "225-272-9200", "WEBSITE": "http://www.brec.org/index.cfm/park/EastPolkStreet", "ADDRESS_ID": 39932 }, "geometry": { "type": "Point", "coordinates": [ -91.170466389392089, 30.427329690261768 ] } },
{ "type": "Feature", "properties": { "ID": 355, "DESCRIPTION": "Beaver Creek Park And Golf Course", "FACILITY_TYPE": "BREC PARK", "AGENCY": "BREC", "OWNER": "BREC", "FULL_ADDRESS": "1100 PORT HUDSON-PLAINS RD", "CITY": "ZACHARY", "STATE": "LOUISIANA", "ZIP": 70791, "PHONE_NUMBER": "225-658-6338", "WEBSITE": "http://golf.brec.org/courses/beaver-creek/", "ADDRESS_ID": 8230 }, "geometry": { "type": "Point", "coordinates": [ -91.226157823555468, 30.679324265276726 ] } },
{ "type": "Feature", "properties": { "ID": 356, "DESCRIPTION": "EBRP Library Pride-Chaneyville Branch", "FACILITY_TYPE": "LIBRARY", "AGENCY": "EBR PARISH LIBRARY", "OWNER": "CITY/PARISH", "FULL_ADDRESS": "13600 PORT HUDSON-PRIDE RD", "CITY": "PRIDE", "STATE": "LOUISIANA", "ZIP": 70770, "PHONE_NUMBER": "225-658-1580", "WEBSITE": "https://www.ebrpl.com/locations/pride-chaneyville-branch-library/", "ADDRESS_ID": 140266 }, "geometry": { "type": "Point", "coordinates": [ -91.017407564294331, 30.704856379632872 ] } },
{ "type": "Feature", "properties": { "ID": 357, "DESCRIPTION": "Doyle's Bayou Park", "FACILITY_TYPE": "BREC PARK", "AGENCY": "BREC", "OWNER": "BREC", "FULL_ADDRESS": "7801 PORT HUDSON-PRIDE RD", "CITY": "SLAUGHTER", "STATE": "LOUISIANA", "ZIP": 70777, "PHONE_NUMBER": "225-272-9200", "WEBSITE": "http://www.brec.org/index.cfm/park/DoylesBayou", "ADDRESS_ID": 113622 }, "geometry": { "type": "Point", "coordinates": [ -91.112118445677581, 30.682984000087767 ] } },
{ "type": "Feature", "properties": { "ID": 358, "DESCRIPTION": "Pride Park", "FACILITY_TYPE": "BREC PARK", "AGENCY": "BREC", "OWNER": "BREC", "FULL_ADDRESS": "16440 PORT HUDSON-PRIDE RD", "CITY": "PRIDE", "STATE": "LOUISIANA", "ZIP": 70770, "PHONE_NUMBER": "225-272-9200", "WEBSITE": "http://www.brec.org/index.cfm/park/Pride", "ADDRESS_ID": 35215 }, "geometry": { "type": "Point", "coordinates": [ -90.981966958688957, 30.69118308393416 ] } },
{ "type": "Feature", "properties": { "ID": 359, "DESCRIPTION": "Pride VFD Station 13", "FACILITY_TYPE": "FIRE PROTECTION", "AGENCY": "PRIDE VOLUNTEER FIRE DEPARTMENT", "OWNER": "CITY/PARISH", "FULL_ADDRESS": "13467 PORT HUDSON-PRIDE RD", "CITY": "PRIDE", "STATE": "LOUISIANA", "ZIP": 70770, "PHONE_NUMBER": null, "WEBSITE": null, "ADDRESS_ID": 162528 }, "geometry": { "type": "Point", "coordinates": [ -91.017856591324986, 30.705828198418281 ] } },
{ "type": "Feature", "properties": { "ID": 360, "DESCRIPTION": "US Post Office - Pride", "FACILITY_TYPE": "POSTAL", "AGENCY": "US POSTAL SERVICE", "OWNER": "FEDERAL", "FULL_ADDRESS": "16524 PORT HUDSON-PRIDE RD", "CITY": "PRIDE", "STATE": "LOUISIANA", "ZIP": 70770, "PHONE_NUMBER": null, "WEBSITE": null, "ADDRESS_ID": 38061 }, "geometry": { "type": "Point", "coordinates": [ -90.979981433934469, 30.693179808019114 ] } },
{ "type": "Feature", "properties": { "ID": 361, "DESCRIPTION": "BRFD Station 4", "FACILITY_TYPE": "FIRE PROTECTION", "AGENCY": "BATON ROUGE FIRE DEPARTMENT", "OWNER": "CITY/PARISH", "FULL_ADDRESS": "6241 PRESCOTT RD", "CITY": "BATON ROUGE", "STATE": "LOUISIANA", "ZIP": 70805, "PHONE_NUMBER": null, "WEBSITE": null, "ADDRESS_ID": 101937 }, "geometry": { "type": "Point", "coordinates": [ -91.127930130342833, 30.488760190718999 ] } },
{ "type": "Feature", "properties": { "ID": 362, "DESCRIPTION": "District 6 FD Station 51", "FACILITY_TYPE": "FIRE PROTECTION", "AGENCY": "HOOPER ROAD VOLUNTEER FIRE DEPARTMENT", "OWNER": "CITY/PARISH", "FULL_ADDRESS": "7878 PRESCOTT RD", "CITY": "BATON ROUGE", "STATE": "LOUISIANA", "ZIP": 70812, "PHONE_NUMBER": null, "WEBSITE": null, "ADDRESS_ID": 114145 }, "geometry": { "type": "Point", "coordinates": [ -91.107700619092753, 30.488833229176205 ] } },
{ "type": "Feature", "properties": { "ID": 363, "DESCRIPTION": "Baywood Park", "FACILITY_TYPE": "BREC PARK", "AGENCY": "BREC", "OWNER": "BREC", "FULL_ADDRESS": "20001 PRIDE-BAYWOOD RD", "CITY": "GREENWELL SPRINGS", "STATE": "LOUISIANA", "ZIP": 70739, "PHONE_NUMBER": "225-272-9200", "WEBSITE": "http://www.brec.org/index.cfm/park/Baywood", "ADDRESS_ID": 51061 }, "geometry": { "type": "Point", "coordinates": [ -90.915385187772728, 30.712964848344669 ] } },
{ "type": "Feature", "properties": { "ID": 364, "DESCRIPTION": "Animal Control Center", "FACILITY_TYPE": "MUNICIPAL OFFICES", "AGENCY": null, "OWNER": "CITY/PARISH", "FULL_ADDRESS": "2680 PROGRESS RD", "CITY": "BATON ROUGE", "STATE": "LOUISIANA", "ZIP": 70807, "PHONE_NUMBER": null, "WEBSITE": null, "ADDRESS_ID": 62957 }, "geometry": { "type": "Point", "coordinates": [ -91.165245483579398, 30.537185481931878 ] } },
{ "type": "Feature", "properties": { "ID": 365, "DESCRIPTION": "Progress Road Head Start", "FACILITY_TYPE": "HEAD START", "AGENCY": "HEAD START", "OWNER": "CITY/PARISH", "FULL_ADDRESS": "1881 PROGRESS RD", "CITY": "BATON ROUGE", "STATE": "LOUISIANA", "ZIP": 70807, "PHONE_NUMBER": null, "WEBSITE": null, "ADDRESS_ID": 47925 }, "geometry": { "type": "Point", "coordinates": [ -91.173481326495093, 30.538152703562051 ] } },
{ "type": "Feature", "properties": { "ID": 366, "DESCRIPTION": "Department of Wildlife and Fisheries", "FACILITY_TYPE": "STATE OFFICES", "AGENCY": "STATE OF LOUISIANA", "OWNER": "STATE", "FULL_ADDRESS": "2000 QUAIL DR", "CITY": "BATON ROUGE", "STATE": "LOUISIANA", "ZIP": 70808, "PHONE_NUMBER": null, "WEBSITE": null, "ADDRESS_ID": 51055 }, "geometry": { "type": "Point", "coordinates": [ -91.128599691889022, 30.398848820612347 ] } },
{ "type": "Feature", "properties": { "ID": 367, "DESCRIPTION": "Louisiana Housing Corporation", "FACILITY_TYPE": "STATE OFFICES", "AGENCY": "STATE OF LOUISIANA", "OWNER": "STATE", "FULL_ADDRESS": "2415 QUAIL DR", "CITY": "BATON ROUGE", "STATE": "LOUISIANA", "ZIP": 70808, "PHONE_NUMBER": null, "WEBSITE": null, "ADDRESS_ID": 59422 }, "geometry": { "type": "Point", "coordinates": [ -91.126354527524896, 30.403371663529317 ] } },
{ "type": "Feature", "properties": { "ID": 368, "DESCRIPTION": "Quarterhorse Drive Park", "FACILITY_TYPE": "BREC PARK", "AGENCY": "BREC", "OWNER": "BREC", "FULL_ADDRESS": "23400 QUARTER HORSE DR", "CITY": "ZACHARY", "STATE": "LOUISIANA", "ZIP": 70791, "PHONE_NUMBER": "225-272-9200", "WEBSITE": "http://www.brec.org/index.cfm/park/QuarterhorseDrive", "ADDRESS_ID": 159590 }, "geometry": { "type": "Point", "coordinates": [ -91.172173492994474, 30.693414683211056 ] } },
{ "type": "Feature", "properties": { "ID": 369, "DESCRIPTION": "Palomino Drive Park", "FACILITY_TYPE": "BREC PARK", "AGENCY": "BREC", "OWNER": "BREC", "FULL_ADDRESS": "14100 PALOMINO DR", "CITY": "GREENWELL SPRINGS", "STATE": "LOUISIANA", "ZIP": 70739, "PHONE_NUMBER": "225-272-9200", "WEBSITE": "http://www.brec.org/index.cfm/park/PalominoDrive", "ADDRESS_ID": 142413 }, "geometry": { "type": "Point", "coordinates": [ -91.010317641597197, 30.578631667372665 ] } },
{ "type": "Feature", "properties": { "ID": 370, "DESCRIPTION": "Wastewater Engineering and Technology", "FACILITY_TYPE": "PUBLIC WORKS", "AGENCY": "DEPARTMENT OF ENVIRONMENTAL SERVICES", "OWNER": "CITY/PARISH", "FULL_ADDRESS": "8080 PARIS AVE", "CITY": "BATON ROUGE", "STATE": "LOUISIANA", "ZIP": 70814, "PHONE_NUMBER": null, "WEBSITE": null, "ADDRESS_ID": 174884 }, "geometry": { "type": "Point", "coordinates": [ -91.104992149343957, 30.472715473375512 ] } },
{ "type": "Feature", "properties": { "ID": 371, "DESCRIPTION": "James Watson Park", "FACILITY_TYPE": "BREC PARK", "AGENCY": "BREC", "OWNER": "BREC", "FULL_ADDRESS": "10555 N PARK AVE", "CITY": "BATON ROUGE", "STATE": "LOUISIANA", "ZIP": 70811, "PHONE_NUMBER": "225-272-9200", "WEBSITE": "http://www.brec.org/index.cfm/park/JamesWatson", "ADDRESS_ID": 6979 }, "geometry": { "type": "Point", "coordinates": [ -91.118393824532433, 30.543956068490111 ] } },
{ "type": "Feature", "properties": { "ID": 372, "DESCRIPTION": "Parklawn Park", "FACILITY_TYPE": "BREC PARK", "AGENCY": "BREC", "OWNER": "BREC", "FULL_ADDRESS": "12228 PARKLAWN AVE", "CITY": "BATON ROUGE", "STATE": "LOUISIANA", "ZIP": 70816, "PHONE_NUMBER": "225-751-0823", "WEBSITE": "http://www.brec.org/index.cfm/park/Parklawn", "ADDRESS_ID": 16385 }, "geometry": { "type": "Point", "coordinates": [ -91.045779451787993, 30.404507056356071 ] } },
{ "type": "Feature", "properties": { "ID": 373, "DESCRIPTION": "Parkview Park", "FACILITY_TYPE": "BREC PARK", "AGENCY": "BREC", "OWNER": "BREC", "FULL_ADDRESS": "9000 N PARKVIEW DR", "CITY": "BATON ROUGE", "STATE": "LOUISIANA", "ZIP": 70815, "PHONE_NUMBER": "225-272-9200", "WEBSITE": "http://www.brec.org/index.cfm/park/Parkview", "ADDRESS_ID": 121408 }, "geometry": { "type": "Point", "coordinates": [ -91.089305951762782, 30.446222609731358 ] } },
{ "type": "Feature", "properties": { "ID": 374, "DESCRIPTION": "Charlie Thomas Memorial Head Start", "FACILITY_TYPE": "HEAD START", "AGENCY": "HEAD START", "OWNER": "CITY/PARISH", "FULL_ADDRESS": "8686 PECAN TREE DR", "CITY": "BATON ROUGE", "STATE": "LOUISIANA", "ZIP": 70810, "PHONE_NUMBER": null, "WEBSITE": null, "ADDRESS_ID": 138685 }, "geometry": { "type": "Point", "coordinates": [ -91.119383425961189, 30.35052054434086 ] } },
{ "type": "Feature", "properties": { "ID": 375, "DESCRIPTION": "Fortune Addition Park", "FACILITY_TYPE": "BREC PARK", "AGENCY": "BREC", "OWNER": "BREC", "FULL_ADDRESS": "5900 PEERLESS ST", "CITY": "BATON ROUGE", "STATE": "LOUISIANA", "ZIP": 70811, "PHONE_NUMBER": "225-272-9200", "WEBSITE": "http://www.brec.org/index.cfm/park/FortuneAddition", "ADDRESS_ID": 98343 }, "geometry": { "type": "Point", "coordinates": [ -91.131414441580475, 30.515520405511218 ] } },
{ "type": "Feature", "properties": { "ID": 376, "DESCRIPTION": "Perkins Road Community Park and Olympia Field", "FACILITY_TYPE": "BREC PARK", "AGENCY": "BREC", "OWNER": "BREC", "FULL_ADDRESS": "7122 PERKINS RD", "CITY": "BATON ROUGE", "STATE": "LOUISIANA", "ZIP": 70808, "PHONE_NUMBER": "225-766-5209", "WEBSITE": "http://www.brec.org/index.cfm/park/PerkinsRoadCommunityPark", "ADDRESS_ID": 108627 }, "geometry": { "type": "Point", "coordinates": [ -91.118033380036991, 30.396094381524797 ] } },
{ "type": "Feature", "properties": { "ID": 377, "DESCRIPTION": "BRFD Station 9", "FACILITY_TYPE": "FIRE PROTECTION", "AGENCY": "BATON ROUGE FIRE DEPARTMENT", "OWNER": "CITY/PARISH", "FULL_ADDRESS": "4025 PERKINS RD", "CITY": "BATON ROUGE", "STATE": "LOUISIANA", "ZIP": 70808, "PHONE_NUMBER": null, "WEBSITE": null, "ADDRESS_ID": 79295 }, "geometry": { "type": "Point", "coordinates": [ -91.148370780871161, 30.41926993672276 ] } },
{ "type": "Feature", "properties": { "ID": 378, "DESCRIPTION": "EMS Perkins Station", "FACILITY_TYPE": "EMS", "AGENCY": "EMERGENCY MEDICAL SERVICES", "OWNER": "CITY/PARISH", "FULL_ADDRESS": "4025 PERKINS RD", "CITY": "BATON ROUGE", "STATE": "LOUISIANA", "ZIP": 70808, "PHONE_NUMBER": "225-389-5155", "WEBSITE": null, "ADDRESS_ID": 79295 }, "geometry": { "type": "Point", "coordinates": [ -91.148333188333368, 30.419272408166663 ] } },
{ "type": "Feature", "properties": { "ID": 379, "DESCRIPTION": "St George FD Station 61", "FACILITY_TYPE": "FIRE PROTECTION", "AGENCY": "ST GEORGE VOLUNTEER FIRE DEPARTMENT", "OWNER": "CITY/PARISH", "FULL_ADDRESS": "13686 PERKINS RD", "CITY": "BATON ROUGE", "STATE": "LOUISIANA", "ZIP": 70810, "PHONE_NUMBER": null, "WEBSITE": null, "ADDRESS_ID": 24614 }, "geometry": { "type": "Point", "coordinates": [ -91.068290439395639, 30.365611090529335 ] } },
{ "type": "Feature", "properties": { "ID": 380, "DESCRIPTION": "LSU Health System Perkins Surgical Center", "FACILITY_TYPE": "HEALTH CARE", "AGENCY": "STATE OF LOUISIANA", "OWNER": "STATE", "FULL_ADDRESS": "9032 PERKINS RD", "CITY": "BATON ROUGE", "STATE": "LOUISIANA", "ZIP": 70810, "PHONE_NUMBER": null, "WEBSITE": null, "ADDRESS_ID": 121756 }, "geometry": { "type": "Point", "coordinates": [ -91.103514203857628, 30.382578793459079 ] } },
{ "type": "Feature", "properties": { "ID": 381, "DESCRIPTION": "LA Public Broadcasting", "FACILITY_TYPE": "STATE OFFICES", "AGENCY": "STATE OF LOUISIANA", "OWNER": "STATE", "FULL_ADDRESS": "7733 PERKINS RD", "CITY": "BATON ROUGE", "STATE": "LOUISIANA", "ZIP": 70810, "PHONE_NUMBER": null, "WEBSITE": null, "ADDRESS_ID": 143532 }, "geometry": { "type": "Point", "coordinates": [ -91.105918781789313, 30.393797615661363 ] } },
{ "type": "Feature", "properties": { "ID": 382, "DESCRIPTION": "Perkins Rd Park Senior Center", "FACILITY_TYPE": "SENIOR CENTER", "AGENCY": "COUNCIL ON AGING", "OWNER": "CITY/PARISH", "FULL_ADDRESS": "7122 PERKINS RD", "CITY": "BATON ROUGE", "STATE": "LOUISIANA", "ZIP": 70808, "PHONE_NUMBER": null, "WEBSITE": "http://www.ebrcoa.org/", "ADDRESS_ID": 108627 }, "geometry": { "type": "Point", "coordinates": [ -91.11602238925073, 30.398125427159812 ] } },
{ "type": "Feature", "properties": { "ID": 383, "DESCRIPTION": "Pennington Biomedical Research Center", "FACILITY_TYPE": "UNIVERSITY", "AGENCY": "STATE OF LOUISIANA", "OWNER": "STATE", "FULL_ADDRESS": "6400 PERKINS RD", "CITY": "BATON ROUGE", "STATE": "LOUISIANA", "ZIP": 70808, "PHONE_NUMBER": null, "WEBSITE": null, "ADDRESS_ID": 103451 }, "geometry": { "type": "Point", "coordinates": [ -91.123139793929298, 30.401049333087844 ] } },
{ "type": "Feature", "properties": { "ID": 384, "DESCRIPTION": "US Post Office - Commerce Park", "FACILITY_TYPE": "POSTAL", "AGENCY": "US POSTAL SERVICE", "OWNER": "FEDERAL", "FULL_ADDRESS": "10380 PERKINS RD", "CITY": "BATON ROUGE", "STATE": "LOUISIANA", "ZIP": 70810, "PHONE_NUMBER": null, "WEBSITE": null, "ADDRESS_ID": 3467 }, "geometry": { "type": "Point", "coordinates": [ -91.094025719737189, 30.376815480952622 ] } },
{ "type": "Feature", "properties": { "ID": 385, "DESCRIPTION": "T.D. Bickham, Jr. Park", "FACILITY_TYPE": "BREC PARK", "AGENCY": "BREC", "OWNER": "BREC", "FULL_ADDRESS": "6850 PETTIT RD", "CITY": "BAKER", "STATE": "LOUISIANA", "ZIP": 70714, "PHONE_NUMBER": "225-774-9513", "WEBSITE": "http://www.brec.org/index.cfm/park/TDBickham", "ADDRESS_ID": 106868 }, "geometry": { "type": "Point", "coordinates": [ -91.118414286233261, 30.575956293387591 ] } },
{ "type": "Feature", "properties": { "ID": 386, "DESCRIPTION": "Milford Wampold Memorial Park", "FACILITY_TYPE": "BREC PARK", "AGENCY": "BREC", "OWNER": "BREC", "FULL_ADDRESS": "901 STANFORD AVE", "CITY": "BATON ROUGE", "STATE": "LOUISIANA", "ZIP": 70808, "PHONE_NUMBER": "225-272-9200", "WEBSITE": "http://www.brec.org/index.cfm/park/MilfordWampoldMemorialPark", "ADDRESS_ID": 121518 }, "geometry": { "type": "Point", "coordinates": [ -91.164185821514977, 30.408341189299211 ] } },
{ "type": "Feature", "properties": { "ID": 387, "DESCRIPTION": "Anna T. Jordan Community Park", "FACILITY_TYPE": "BREC PARK", "AGENCY": "BREC", "OWNER": "BREC", "FULL_ADDRESS": "1750 STILT ST", "CITY": "BATON ROUGE", "STATE": "LOUISIANA", "ZIP": 70807, "PHONE_NUMBER": "225-775-1707", "WEBSITE": "http://brec.org/index.cfm/park/AnnaTJordanCommunityPark", "ADDRESS_ID": 42306 }, "geometry": { "type": "Point", "coordinates": [ -91.173501662969045, 30.527403411759646 ] } },
{ "type": "Feature", "properties": { "ID": 388, "DESCRIPTION": "Leo And Murlin Willie Park", "FACILITY_TYPE": "BREC PARK", "AGENCY": "BREC", "OWNER": "BREC", "FULL_ADDRESS": "4101 STUMBERG LN", "CITY": "BATON ROUGE", "STATE": "LOUISIANA", "ZIP": 70817, "PHONE_NUMBER": "225-272-9200", "WEBSITE": "http://www.brec.org/index.cfm/park/LeoMurlinWillie", "ADDRESS_ID": 153709 }, "geometry": { "type": "Point", "coordinates": [ -91.035009432628144, 30.414259132352267 ] } },
{ "type": "Feature", "properties": { "ID": 389, "DESCRIPTION": "Sugarland Park", "FACILITY_TYPE": "BREC PARK", "AGENCY": "BREC", "OWNER": "BREC", "FULL_ADDRESS": "4700 SUGAR LAND DR", "CITY": "BATON ROUGE", "STATE": "LOUISIANA", "ZIP": 70814, "PHONE_NUMBER": "225-272-9200", "WEBSITE": "http://www.brec.org/index.cfm/park/Sugarland", "ADDRESS_ID": 85943 }, "geometry": { "type": "Point", "coordinates": [ -91.040180257899934, 30.492840992888564 ] } },
{ "type": "Feature", "properties": { "ID": 390, "DESCRIPTION": "EMS Sullivan Station", "FACILITY_TYPE": "EMS", "AGENCY": "EMERGENCY MEDICAL SERVICES", "OWNER": "CITY/PARISH", "FULL_ADDRESS": "11644 SULLIVAN RD", "CITY": "CENTRAL", "STATE": "LOUISIANA", "ZIP": 70818, "PHONE_NUMBER": "225-389-5155", "WEBSITE": null, "ADDRESS_ID": 217341 }, "geometry": { "type": "Point", "coordinates": [ -91.036998523783311, 30.555094180899083 ] } },
{ "type": "Feature", "properties": { "ID": 391, "DESCRIPTION": "Jackson Community Park", "FACILITY_TYPE": "BREC PARK", "AGENCY": "BREC", "OWNER": "BREC", "FULL_ADDRESS": "12250 SULLIVAN RD", "CITY": "CENTRAL", "STATE": "LOUISIANA", "ZIP": 70818, "PHONE_NUMBER": "225-261-2161", "WEBSITE": "http://www.brec.org/index.cfm/park/JacksonCommunityPark", "ADDRESS_ID": 16445 }, "geometry": { "type": "Point", "coordinates": [ -91.039152872085552, 30.559226444025668 ] } },
{ "type": "Feature", "properties": { "ID": 392, "DESCRIPTION": "Central FD Station 31", "FACILITY_TYPE": "FIRE PROTECTION", "AGENCY": "CENTRAL VOLUNTEER FIRE DEPARTMENT", "OWNER": "CITY/PARISH", "FULL_ADDRESS": "11646 SULLIVAN RD", "CITY": "CENTRAL", "STATE": "LOUISIANA", "ZIP": 70818, "PHONE_NUMBER": null, "WEBSITE": null, "ADDRESS_ID": 12463 }, "geometry": { "type": "Point", "coordinates": [ -91.037120551263044, 30.555263999974297 ] } },
{ "type": "Feature", "properties": { "ID": 393, "DESCRIPTION": "Central Community School System", "FACILITY_TYPE": "MUNICIPAL OFFICES", "AGENCY": "CENTRAL SCHOOL SYSTEM", "OWNER": "SCHOOL BOARD", "FULL_ADDRESS": "11576 SULLIVAN RD", "CITY": "CENTRAL", "STATE": "LOUISIANA", "ZIP": 70818, "PHONE_NUMBER": "225-262-1919", "WEBSITE": "https://centralcss.org", "ADDRESS_ID": 203033 }, "geometry": { "type": "Point", "coordinates": [ -91.035841159950891, 30.554189951342583 ] } },
{ "type": "Feature", "properties": { "ID": 394, "DESCRIPTION": "Central Municipal Services Center", "FACILITY_TYPE": "MUNICIPAL OFFICES", "AGENCY": "CITY OF CENTRAL", "OWNER": "CENTRAL", "FULL_ADDRESS": "6703 SULLIVAN RD", "CITY": "GREENWELL SPRINGS", "STATE": "LOUISIANA", "ZIP": 70739, "PHONE_NUMBER": null, "WEBSITE": null, "ADDRESS_ID": 202761 }, "geometry": { "type": "Point", "coordinates": [ -91.030483296422773, 30.514566408953499 ] } },
{ "type": "Feature", "properties": { "ID": 395, "DESCRIPTION": "Willow Creek Townhomes", "FACILITY_TYPE": "PUBLIC HOUSING", "AGENCY": "EBRP HOUSING AUTHORITY", "OWNER": "CITY/PARISH", "FULL_ADDRESS": "5876 QUIDA MAE DR", "CITY": "BATON ROUGE", "STATE": "LOUISIANA", "ZIP": 70812, "PHONE_NUMBER": null, "WEBSITE": null, "ADDRESS_ID": 98249 }, "geometry": { "type": "Point", "coordinates": [ -91.129876418555995, 30.504737778208586 ] } },
{ "type": "Feature", "properties": { "ID": 396, "DESCRIPTION": "US Post Office - Baker", "FACILITY_TYPE": "POSTAL", "AGENCY": "US POSTAL SERVICE", "OWNER": "FEDERAL", "FULL_ADDRESS": "3009 RAY WEILAND DR", "CITY": "BAKER", "STATE": "LOUISIANA", "ZIP": 70714, "PHONE_NUMBER": null, "WEBSITE": null, "ADDRESS_ID": 188997 }, "geometry": { "type": "Point", "coordinates": [ -91.169819835674176, 30.586481799023627 ] } },
{ "type": "Feature", "properties": { "ID": 397, "DESCRIPTION": "Reames Road Park", "FACILITY_TYPE": "BREC PARK", "AGENCY": "BREC", "OWNER": "BREC", "FULL_ADDRESS": "23223 REAMES RD", "CITY": "ZACHARY", "STATE": "LOUISIANA", "ZIP": 70791, "PHONE_NUMBER": "225-654-8190", "WEBSITE": "http://www.brec.org/index.cfm/park/ReamesRoad", "ADDRESS_ID": 57879 }, "geometry": { "type": "Point", "coordinates": [ -91.028825946610155, 30.691520666396876 ] } },
{ "type": "Feature", "properties": { "ID": 398, "DESCRIPTION": "Chaneyville VFD Station 40", "FACILITY_TYPE": "FIRE PROTECTION", "AGENCY": "CHANEYVILLE VOLUNTEER FIRE DEPARTMENT", "OWNER": "CITY/PARISH", "FULL_ADDRESS": "22790 REAMES RD", "CITY": "ZACHARY", "STATE": "LOUISIANA", "ZIP": 70791, "PHONE_NUMBER": null, "WEBSITE": null, "ADDRESS_ID": 57157 }, "geometry": { "type": "Point", "coordinates": [ -91.027050459190903, 30.685152577648857 ] } },
{ "type": "Feature", "properties": { "ID": 399, "DESCRIPTION": "Erich Sternberg Family Park", "FACILITY_TYPE": "BREC PARK", "AGENCY": "BREC", "OWNER": "BREC", "FULL_ADDRESS": "8715 ROUND OAK DR", "CITY": "BATON ROUGE", "STATE": "LOUISIANA", "ZIP": 70817, "PHONE_NUMBER": "225-272-9200", "WEBSITE": "http://www.brec.org/index.cfm/park/ErichSternberg", "ADDRESS_ID": 142292 }, "geometry": { "type": "Point", "coordinates": [ -90.997438228691578, 30.369687198815797 ] } },
{ "type": "Feature", "properties": { "ID": 400, "DESCRIPTION": "Rue Lebouef Park", "FACILITY_TYPE": "BREC PARK", "AGENCY": "BREC", "OWNER": "BREC", "FULL_ADDRESS": "11550 RUE LEBOUEF", "CITY": "BATON ROUGE", "STATE": "LOUISIANA", "ZIP": 70810, "PHONE_NUMBER": "225-272-9200", "WEBSITE": "http://www.brec.org/index.cfm/park/RueLeBouef", "ADDRESS_ID": 130333 }, "geometry": { "type": "Point", "coordinates": [ -91.091754035092848, 30.368881249855779 ] } },
{ "type": "Feature", "properties": { "ID": 401, "DESCRIPTION": "Mayfair Park", "FACILITY_TYPE": "BREC PARK", "AGENCY": "BREC", "OWNER": "BREC", "FULL_ADDRESS": "650 S SABINE DR", "CITY": "BATON ROUGE", "STATE": "LOUISIANA", "ZIP": 70810, "PHONE_NUMBER": "225-767-0710", "WEBSITE": "http://www.brec.org/index.cfm/park/Mayfair", "ADDRESS_ID": 104303 }, "geometry": { "type": "Point", "coordinates": [ -91.110366879387485, 30.37612749986954 ] } },
{ "type": "Feature", "properties": { "ID": 402, "DESCRIPTION": "North Landfill", "FACILITY_TYPE": "PUBLIC WORKS", "AGENCY": "DEPARTMENT OF ENVIRONMENTAL SERVICES", "OWNER": "CITY/PARISH", "FULL_ADDRESS": "16001 SAMUELS RD", "CITY": "ZACHARY", "STATE": "LOUISIANA", "ZIP": 70791, "PHONE_NUMBER": null, "WEBSITE": null, "ADDRESS_ID": 35261 }, "geometry": { "type": "Point", "coordinates": [ -91.233566180167145, 30.599878909429702 ] } },
{ "type": "Feature", "properties": { "ID": 403, "DESCRIPTION": "EBRP Library Scotlandville Branch", "FACILITY_TYPE": "LIBRARY", "AGENCY": "EBR PARISH LIBRARY", "OWNER": "CITY/PARISH", "FULL_ADDRESS": "7373 SCENIC HWY", "CITY": "BATON ROUGE", "STATE": "LOUISIANA", "ZIP": 70807, "PHONE_NUMBER": "225-354-7580", "WEBSITE": "https://www.ebrpl.com/locations/scotlandville-branch-library/", "ADDRESS_ID": 138927 }, "geometry": { "type": "Point", "coordinates": [ -91.177153154199303, 30.515103584297968 ] } },
{ "type": "Feature", "properties": { "ID": 404, "DESCRIPTION": "BRPD District 4 Station", "FACILITY_TYPE": "POLICE PROTECTION", "AGENCY": "BATON ROUGE POLICE DEPARTMENT", "OWNER": "CITY/PARISH", "FULL_ADDRESS": "8227 SCENIC HWY", "CITY": "BATON ROUGE", "STATE": "LOUISIANA", "ZIP": 70807, "PHONE_NUMBER": "225-389-2000", "WEBSITE": "https://www.brla.gov/203/Police-Department", "ADDRESS_ID": 116025 }, "geometry": { "type": "Point", "coordinates": [ -91.180506890387008, 30.521855079905613 ] } },
{ "type": "Feature", "properties": { "ID": 405, "DESCRIPTION": "Pawnee Street Park", "FACILITY_TYPE": "BREC PARK", "AGENCY": "BREC", "OWNER": "BREC", "FULL_ADDRESS": "2100 SCENIC HWY", "CITY": "BATON ROUGE", "STATE": "LOUISIANA", "ZIP": 70802, "PHONE_NUMBER": "225-272-9200", "WEBSITE": "http://www.brec.org/index.cfm/park/PawneeStreet", "ADDRESS_ID": 53016 }, "geometry": { "type": "Point", "coordinates": [ -91.167704277233057, 30.466815103401792 ] } },
{ "type": "Feature", "properties": { "ID": 406, "DESCRIPTION": "Southern Univ. Research Farm & Livestock Arena", "FACILITY_TYPE": "UNIVERSITY", "AGENCY": "STATE OF LOUISIANA", "OWNER": "STATE", "FULL_ADDRESS": "14600 SCENIC HWY", "CITY": "BATON ROUGE", "STATE": "LOUISIANA", "ZIP": 70807, "PHONE_NUMBER": null, "WEBSITE": null, "ADDRESS_ID": 143081 }, "geometry": { "type": "Point", "coordinates": [ -91.195397348870102, 30.580886102354459 ] } },
{ "type": "Feature", "properties": { "ID": 407, "DESCRIPTION": "Discovery Head Start", "FACILITY_TYPE": "HEAD START", "AGENCY": "HEAD START", "OWNER": "CITY/PARISH", "FULL_ADDRESS": "9700 SCENIC HWY", "CITY": "BATON ROUGE", "STATE": "LOUISIANA", "ZIP": 70807, "PHONE_NUMBER": null, "WEBSITE": null, "ADDRESS_ID": 127755 }, "geometry": { "type": "Point", "coordinates": [ -91.186165478612509, 30.533347864327666 ] } },
{ "type": "Feature", "properties": { "ID": 408, "DESCRIPTION": "Scotland Villa Apartments", "FACILITY_TYPE": "PUBLIC HOUSING", "AGENCY": "EBRP HOUSING AUTHORITY", "OWNER": "CITY/PARISH", "FULL_ADDRESS": "10666 SCOTLAND AVE", "CITY": "BATON ROUGE", "STATE": "LOUISIANA", "ZIP": 70807, "PHONE_NUMBER": null, "WEBSITE": null, "ADDRESS_ID": 5952 }, "geometry": { "type": "Point", "coordinates": [ -91.175500971129466, 30.541801921466604 ] } },
{ "type": "Feature", "properties": { "ID": 409, "DESCRIPTION": "Clifford T. Seymour, Sr. Park", "FACILITY_TYPE": "BREC PARK", "AGENCY": "BREC", "OWNER": "BREC", "FULL_ADDRESS": "12000 SCOTLAND-ZACHARY HWY", "CITY": "BATON ROUGE", "STATE": "LOUISIANA", "ZIP": 70807, "PHONE_NUMBER": "225-272-9200", "WEBSITE": "http://www.brec.org/index.cfm/park/CliffordTSeymour", "ADDRESS_ID": 130403 }, "geometry": { "type": "Point", "coordinates": [ -91.172845978350608, 30.554864170606177 ] } },
{ "type": "Feature", "properties": { "ID": 410, "DESCRIPTION": "Greenwood Community Park", "FACILITY_TYPE": "BREC PARK", "AGENCY": "BREC", "OWNER": "BREC", "FULL_ADDRESS": "13350 SCOTLAND-ZACHARY HWY", "CITY": "BAKER", "STATE": "LOUISIANA", "ZIP": 70714, "PHONE_NUMBER": "225-620-0500", "WEBSITE": "http://brec.org/index.cfm/park/GreenwoodCommunityPark", "ADDRESS_ID": 179550 }, "geometry": { "type": "Point", "coordinates": [ -91.162601827054232, 30.568557045174252 ] } },
{ "type": "Feature", "properties": { "ID": 411, "DESCRIPTION": "St George FD Station 65", "FACILITY_TYPE": "FIRE PROTECTION", "AGENCY": "ST GEORGE VOLUNTEER FIRE DEPARTMENT", "OWNER": "CITY/PARISH", "FULL_ADDRESS": "1506 SEABORD DR", "CITY": "BATON ROUGE", "STATE": "LOUISIANA", "ZIP": 70820, "PHONE_NUMBER": null, "WEBSITE": null, "ADDRESS_ID": 30795 }, "geometry": { "type": "Point", "coordinates": [ -91.125687240236118, 30.355873140058012 ] } },
{ "type": "Feature", "properties": { "ID": 412, "DESCRIPTION": "Goodwood Park", "FACILITY_TYPE": "BREC PARK", "AGENCY": "BREC", "OWNER": "BREC", "FULL_ADDRESS": "6025 SEVENOAKS AVE", "CITY": "BATON ROUGE", "STATE": "LOUISIANA", "ZIP": 70806, "PHONE_NUMBER": "225-272-9200", "WEBSITE": "http://brec.org/index.cfm/park/Goodwood", "ADDRESS_ID": 99583 }, "geometry": { "type": "Point", "coordinates": [ -91.128661746284777, 30.443073964751477 ] } },
{ "type": "Feature", "properties": { "ID": 413, "DESCRIPTION": "Greenwell Springs Park", "FACILITY_TYPE": "BREC PARK", "AGENCY": "BREC", "OWNER": "BREC", "FULL_ADDRESS": "7550 SHADY PARK DR", "CITY": "GREENWELL SPRINGS", "STATE": "LOUISIANA", "ZIP": 70739, "PHONE_NUMBER": "225-272-9200", "WEBSITE": "http://www.brec.org/index.cfm/park/GreenwellSprings", "ADDRESS_ID": 112105 }, "geometry": { "type": "Point", "coordinates": [ -91.008264618275248, 30.521396579856503 ] } },
{ "type": "Feature", "properties": { "ID": 414, "DESCRIPTION": "BRFD Station 13", "FACILITY_TYPE": "FIRE PROTECTION", "AGENCY": "BATON ROUGE FIRE DEPARTMENT", "OWNER": "CITY/PARISH", "FULL_ADDRESS": "835 SHARP RD", "CITY": "BATON ROUGE", "STATE": "LOUISIANA", "ZIP": 70815, "PHONE_NUMBER": null, "WEBSITE": null, "ADDRESS_ID": 117359 }, "geometry": { "type": "Point", "coordinates": [ -91.068838183186415, 30.447413899458766 ] } },
{ "type": "Feature", "properties": { "ID": 415, "DESCRIPTION": "Sharp Road Park", "FACILITY_TYPE": "BREC PARK", "AGENCY": "BREC", "OWNER": "BREC", "FULL_ADDRESS": "501 SHARP RD", "CITY": "BATON ROUGE", "STATE": "LOUISIANA", "ZIP": 70815, "PHONE_NUMBER": "225-273-3924", "WEBSITE": "http://www.brec.org/index.cfm/park/SharpRoad", "ADDRESS_ID": 88455 }, "geometry": { "type": "Point", "coordinates": [ -91.069318734336733, 30.449611398468072 ] } },
{ "type": "Feature", "properties": { "ID": 416, "DESCRIPTION": "Dumas House Senior Center", "FACILITY_TYPE": "SENIOR CENTER", "AGENCY": "COUNCIL ON AGING", "OWNER": "CITY/PARISH", "FULL_ADDRESS": "1313 N SHERWOOD FOREST DR", "CITY": "BATON ROUGE", "STATE": "LOUISIANA", "ZIP": 70815, "PHONE_NUMBER": null, "WEBSITE": "http://www.ebrcoa.org/", "ADDRESS_ID": 138852 }, "geometry": { "type": "Point", "coordinates": [ -91.059519186569787, 30.460893276003404 ] } },
{ "type": "Feature", "properties": { "ID": 417, "DESCRIPTION": "North Sherwood Forest Community Park", "FACILITY_TYPE": "BREC PARK", "AGENCY": "BREC", "OWNER": "BREC", "FULL_ADDRESS": "3140 N SHERWOOD FOREST DR", "CITY": "BATON ROUGE", "STATE": "LOUISIANA", "ZIP": 70814, "PHONE_NUMBER": "225-275-0568", "WEBSITE": "http://www.brec.org/index.cfm/park/NorthSherwoodForestCommunityPark", "ADDRESS_ID": 69249 }, "geometry": { "type": "Point", "coordinates": [ -91.055739581440648, 30.478737802989329 ] } },
{ "type": "Feature", "properties": { "ID": 418, "DESCRIPTION": "Cedarcrest Park", "FACILITY_TYPE": "BREC PARK", "AGENCY": "BREC", "OWNER": "BREC", "FULL_ADDRESS": "2490 SILVEREST AVE", "CITY": "BATON ROUGE", "STATE": "LOUISIANA", "ZIP": 70816, "PHONE_NUMBER": "225-927-8092", "WEBSITE": "http://www.brec.org/index.cfm/park/Cedarcrest", "ADDRESS_ID": 60449 }, "geometry": { "type": "Point", "coordinates": [ -91.072664375555277, 30.428198818232399 ] } },
{ "type": "Feature", "properties": { "ID": 419, "DESCRIPTION": "Wray Park", "FACILITY_TYPE": "BREC PARK", "AGENCY": "BREC", "OWNER": "BREC", "FULL_ADDRESS": "9801 RIDGEWOOD DR", "CITY": "BATON ROUGE", "STATE": "LOUISIANA", "ZIP": 70814, "PHONE_NUMBER": "225-272-9200", "WEBSITE": "http://www.brec.org/index.cfm/park/Wray", "ADDRESS_ID": 173134 }, "geometry": { "type": "Point", "coordinates": [ -91.073733564949094, 30.494693126100373 ] } },
{ "type": "Feature", "properties": { "ID": 420, "DESCRIPTION": "Charles R. Kelly Community Center", "FACILITY_TYPE": "COMMUNITY CENTER", "AGENCY": "COMMUNITY DEVELOPMENT", "OWNER": "CITY/PARISH", "FULL_ADDRESS": "3535 RILEY ST", "CITY": "BATON ROUGE", "STATE": "LOUISIANA", "ZIP": 70805, "PHONE_NUMBER": null, "WEBSITE": null, "ADDRESS_ID": 142081 }, "geometry": { "type": "Point", "coordinates": [ -91.155203029478486, 30.498891337417401 ] } },
{ "type": "Feature", "properties": { "ID": 421, "DESCRIPTION": "Charles Kelly Senior Center", "FACILITY_TYPE": "SENIOR CENTER", "AGENCY": "COUNCIL ON AGING", "OWNER": "CITY/PARISH", "FULL_ADDRESS": "3535 RILEY ST", "CITY": "BATON ROUGE", "STATE": "LOUISIANA", "ZIP": 70805, "PHONE_NUMBER": null, "WEBSITE": "http://www.ebrcoa.org/", "ADDRESS_ID": 142081 }, "geometry": { "type": "Point", "coordinates": [ -91.155052421033602, 30.499021577790469 ] } },
{ "type": "Feature", "properties": { "ID": 422, "DESCRIPTION": "Rio Drive Park", "FACILITY_TYPE": "BREC PARK", "AGENCY": "BREC", "OWNER": "BREC", "FULL_ADDRESS": "6900 RIO DR", "CITY": "BATON ROUGE", "STATE": "LOUISIANA", "ZIP": 70812, "PHONE_NUMBER": "225-272-9200", "WEBSITE": "http://www.brec.org/index.cfm/park/RioDrive", "ADDRESS_ID": 107141 }, "geometry": { "type": "Point", "coordinates": [ -91.121390559713021, 30.502601429344086 ] } },
{ "type": "Feature", "properties": { "ID": 423, "DESCRIPTION": "Rita Street Park", "FACILITY_TYPE": "BREC PARK", "AGENCY": "BREC", "OWNER": "BREC", "FULL_ADDRESS": "2315 RITA ST", "CITY": "ZACHARY", "STATE": "LOUISIANA", "ZIP": 70791, "PHONE_NUMBER": "225-272-9200", "WEBSITE": "http://www.brec.org/index.cfm/park/RitaStreet", "ADDRESS_ID": 161230 }, "geometry": { "type": "Point", "coordinates": [ -91.181138983365159, 30.66400660394034 ] } },
{ "type": "Feature", "properties": { "ID": 424, "DESCRIPTION": "Farr Park Equestrian Center", "FACILITY_TYPE": "BREC PARK", "AGENCY": "BREC", "OWNER": "BREC", "FULL_ADDRESS": "6400 RIVER RD", "CITY": "BATON ROUGE", "STATE": "LOUISIANA", "ZIP": 70820, "PHONE_NUMBER": "225-769-7805", "WEBSITE": "http://brec.org/index.cfm/park/FarrPark", "ADDRESS_ID": 103452 }, "geometry": { "type": "Point", "coordinates": [ -91.211468165830752, 30.383464295623931 ] } },
{ "type": "Feature", "properties": { "ID": 425, "DESCRIPTION": "BRPD Mounted Patrol", "FACILITY_TYPE": "POLICE PROTECTION", "AGENCY": "BATON ROUGE POLICE DEPARTMENT", "OWNER": "CITY/PARISH", "FULL_ADDRESS": "6402 RIVER RD", "CITY": "BATON ROUGE", "STATE": "LOUISIANA", "ZIP": 70820, "PHONE_NUMBER": "225-389-7626", "WEBSITE": "https://www.brla.gov/291/Special-Operations", "ADDRESS_ID": 220101 }, "geometry": { "type": "Point", "coordinates": [ -91.204900963558501, 30.387127723016544 ] } },
{ "type": "Feature", "properties": { "ID": 426, "DESCRIPTION": "River Bend Park", "FACILITY_TYPE": "BREC PARK", "AGENCY": "BREC", "OWNER": "BREC", "FULL_ADDRESS": "5800 RIVERBEND LAKES DR", "CITY": "BATON ROUGE", "STATE": "LOUISIANA", "ZIP": 70820, "PHONE_NUMBER": "225-272-9200", "WEBSITE": "http://www.brec.org/index.cfm/park/RiverBend", "ADDRESS_ID": 130328 }, "geometry": { "type": "Point", "coordinates": [ -91.200807577203705, 30.386165362059803 ] } },
{ "type": "Feature", "properties": { "ID": 427, "DESCRIPTION": "Rollins Road Park", "FACILITY_TYPE": "BREC PARK", "AGENCY": "BREC", "OWNER": "BREC", "FULL_ADDRESS": "5794 ROLLINS RD", "CITY": "ZACHARY", "STATE": "LOUISIANA", "ZIP": 70791, "PHONE_NUMBER": "225-272-9200", "WEBSITE": "http://www.brec.org/index.cfm/park/RollinsRoad", "ADDRESS_ID": 161234 }, "geometry": { "type": "Point", "coordinates": [ -91.155845079691474, 30.659861141778151 ] } },
{ "type": "Feature", "properties": { "ID": 428, "DESCRIPTION": "Zachary Rural Program", "FACILITY_TYPE": "COMMUNITY CENTER", "AGENCY": "COMMUNITY DEVELOPMENT", "OWNER": "CITY/PARISH", "FULL_ADDRESS": "5746 ROLLINS RD", "CITY": "ZACHARY", "STATE": "LOUISIANA", "ZIP": 70791, "PHONE_NUMBER": null, "WEBSITE": null, "ADDRESS_ID": 196359 }, "geometry": { "type": "Point", "coordinates": [ -91.157054319258833, 30.658404139191784 ] } },
{ "type": "Feature", "properties": { "ID": 429, "DESCRIPTION": "Roosevelt Street Park", "FACILITY_TYPE": "BREC PARK", "AGENCY": "BREC", "OWNER": "BREC", "FULL_ADDRESS": "1011 W ROOSEVELT ST", "CITY": "BATON ROUGE", "STATE": "LOUISIANA", "ZIP": 70802, "PHONE_NUMBER": "225-272-9200", "WEBSITE": "http://www.brec.org/index.cfm/park/RooseveltStreet", "ADDRESS_ID": 873 }, "geometry": { "type": "Point", "coordinates": [ -91.190058637535742, 30.421005418744649 ] } },
{ "type": "Feature", "properties": { "ID": 430, "DESCRIPTION": "Roosevelt Terrace", "FACILITY_TYPE": "PUBLIC HOUSING", "AGENCY": "EBRP HOUSING AUTHORITY", "OWNER": "CITY/PARISH", "FULL_ADDRESS": "1255 W ROOSEVELT ST", "CITY": "BATON ROUGE", "STATE": "LOUISIANA", "ZIP": 70802, "PHONE_NUMBER": null, "WEBSITE": null, "ADDRESS_ID": 19090 }, "geometry": { "type": "Point", "coordinates": [ -91.191628228320141, 30.420803046718447 ] } },
{ "type": "Feature", "properties": { "ID": 431, "DESCRIPTION": "EBRP Library Fairwood Branch", "FACILITY_TYPE": "LIBRARY", "AGENCY": "EBR PARISH LIBRARY", "OWNER": "CITY/PARISH", "FULL_ADDRESS": "12910 OLD HAMMOND HWY", "CITY": "BATON ROUGE", "STATE": "LOUISIANA", "ZIP": 70816, "PHONE_NUMBER": "225-924-9380", "WEBSITE": "https://www.ebrpl.com/locations/fairwood-branch-library/", "ADDRESS_ID": 142476 }, "geometry": { "type": "Point", "coordinates": [ -91.03508203660725, 30.444343895355555 ] } },
{ "type": "Feature", "properties": { "ID": 432, "DESCRIPTION": "BRFD Station 17", "FACILITY_TYPE": "FIRE PROTECTION", "AGENCY": "BATON ROUGE FIRE DEPARTMENT", "OWNER": "CITY/PARISH", "FULL_ADDRESS": "14350 OLD HAMMOND HWY", "CITY": "BATON ROUGE", "STATE": "LOUISIANA", "ZIP": 70816, "PHONE_NUMBER": null, "WEBSITE": null, "ADDRESS_ID": 28337 }, "geometry": { "type": "Point", "coordinates": [ -91.026068981234133, 30.45031187973807 ] } },
{ "type": "Feature", "properties": { "ID": 433, "DESCRIPTION": "Old Hammond Highway Park", "FACILITY_TYPE": "BREC PARK", "AGENCY": "BREC", "OWNER": "BREC", "FULL_ADDRESS": "8900 OLD HAMMOND HWY", "CITY": "BATON ROUGE", "STATE": "LOUISIANA", "ZIP": 70806, "PHONE_NUMBER": "225-272-9200", "WEBSITE": "http://www.brec.org/index.cfm/park/OldHammondHighway", "ADDRESS_ID": 120729 }, "geometry": { "type": "Point", "coordinates": [ -91.088743366829931, 30.431886695487481 ] } },
{ "type": "Feature", "properties": { "ID": 434, "DESCRIPTION": "Jones Creek Park", "FACILITY_TYPE": "BREC PARK", "AGENCY": "BREC", "OWNER": "BREC", "FULL_ADDRESS": "12300 OLD HAMMOND HWY", "CITY": "BATON ROUGE", "STATE": "LOUISIANA", "ZIP": 70816, "PHONE_NUMBER": "225-272-9200", "WEBSITE": "http://www.brec.org/index.cfm/park/JonesCreek", "ADDRESS_ID": 142786 }, "geometry": { "type": "Point", "coordinates": [ -91.042058095845576, 30.438541407382164 ] } },
{ "type": "Feature", "properties": { "ID": 435, "DESCRIPTION": "Eastside FD Station 91", "FACILITY_TYPE": "FIRE PROTECTION", "AGENCY": "EASTSIDE VOLUNTEER FIRE DEPARTMENT", "OWNER": "CITY/PARISH", "FULL_ADDRESS": "15094 OLD HAMMOND HWY", "CITY": "BATON ROUGE", "STATE": "LOUISIANA", "ZIP": 70816, "PHONE_NUMBER": null, "WEBSITE": null, "ADDRESS_ID": 30879 }, "geometry": { "type": "Point", "coordinates": [ -91.018642263899665, 30.453907151680493 ] } },
{ "type": "Feature", "properties": { "ID": 436, "DESCRIPTION": "EMS Old Hammond Station", "FACILITY_TYPE": "EMS", "AGENCY": "EMERGENCY MEDICAL SERVICES", "OWNER": "CITY/PARISH", "FULL_ADDRESS": "14523 OLD HAMMOND HWY", "CITY": "BATON ROUGE", "STATE": "LOUISIANA", "ZIP": 70819, "PHONE_NUMBER": "225-389-5155", "WEBSITE": null, "ADDRESS_ID": 138964 }, "geometry": { "type": "Point", "coordinates": [ -91.024420546490859, 30.452119263480917 ] } },
{ "type": "Feature", "properties": { "ID": 437, "DESCRIPTION": "US Post Office - Old Hammond", "FACILITY_TYPE": "POSTAL", "AGENCY": "US POSTAL SERVICE", "OWNER": "FEDERAL", "FULL_ADDRESS": "10936 OLD HAMMOND HWY", "CITY": "BATON ROUGE", "STATE": "LOUISIANA", "ZIP": 70816, "PHONE_NUMBER": null, "WEBSITE": null, "ADDRESS_ID": 142299 }, "geometry": { "type": "Point", "coordinates": [ -91.063070757213168, 30.434900260424371 ] } },
{ "type": "Feature", "properties": { "ID": 438, "DESCRIPTION": "Alsen/St Irma Lee VFD Station 25", "FACILITY_TYPE": "FIRE PROTECTION", "AGENCY": "ALSEN/ST IRMA LEE VOLUNTEER FIRE DEPARTMENT", "OWNER": "CITY/PARISH", "FULL_ADDRESS": "674 OLD RAFE MAYER RD", "CITY": "BATON ROUGE", "STATE": "LOUISIANA", "ZIP": 70807, "PHONE_NUMBER": null, "WEBSITE": null, "ADDRESS_ID": 106048 }, "geometry": { "type": "Point", "coordinates": [ -91.197533859507303, 30.570183832945432 ] } },
{ "type": "Feature", "properties": { "ID": 439, "DESCRIPTION": "Alsen Park", "FACILITY_TYPE": "BREC PARK", "AGENCY": "BREC", "OWNER": "BREC", "FULL_ADDRESS": "601 OLD RAFE MAYER RD", "CITY": "BATON ROUGE", "STATE": "LOUISIANA", "ZIP": 70807, "PHONE_NUMBER": "225-774-8078", "WEBSITE": "http://brec.org/index.cfm/park/Alsen", "ADDRESS_ID": 99348 }, "geometry": { "type": "Point", "coordinates": [ -91.197990298965081, 30.571910047790954 ] } },
{ "type": "Feature", "properties": { "ID": 440, "DESCRIPTION": "Zachary Police Headquarters", "FACILITY_TYPE": "POLICE PROTECTION", "AGENCY": "CITY OF ZACHARY", "OWNER": "ZACHARY", "FULL_ADDRESS": "5160 OLD SLAUGHTER RD", "CITY": "ZACHARY", "STATE": "LOUISIANA", "ZIP": 70791, "PHONE_NUMBER": "225-654-9393", "WEBSITE": "http://www.zacharypd.org/", "ADDRESS_ID": 198478 }, "geometry": { "type": "Point", "coordinates": [ -91.146108645161135, 30.652822354385115 ] } },
{ "type": "Feature", "properties": { "ID": 441, "DESCRIPTION": "Wonderland Head Start", "FACILITY_TYPE": "HEAD START", "AGENCY": "HEAD START", "OWNER": "CITY/PARISH", "FULL_ADDRESS": "1500 OLEANDER ST", "CITY": "BATON ROUGE", "STATE": "LOUISIANA", "ZIP": 70802, "PHONE_NUMBER": null, "WEBSITE": null, "ADDRESS_ID": 30392 }, "geometry": { "type": "Point", "coordinates": [ -91.172483678386669, 30.441371817063573 ] } },
{ "type": "Feature", "properties": { "ID": 442, "DESCRIPTION": "Tristian Avenue Park", "FACILITY_TYPE": "BREC PARK", "AGENCY": "BREC", "OWNER": "BREC", "FULL_ADDRESS": "5209 TRISTIAN AVE", "CITY": "BAKER", "STATE": "LOUISIANA", "ZIP": 70714, "PHONE_NUMBER": "225-272-9200", "WEBSITE": "http://www.brec.org/index.cfm/park/TristianAvenue", "ADDRESS_ID": 161243 }, "geometry": { "type": "Point", "coordinates": [ -91.142848845164849, 30.599215210710167 ] } },
{ "type": "Feature", "properties": { "ID": 443, "DESCRIPTION": "Warren O. Watson Park", "FACILITY_TYPE": "BREC PARK", "AGENCY": "BREC", "OWNER": "BREC", "FULL_ADDRESS": "2700 TROTTER DR", "CITY": "BAKER", "STATE": "LOUISIANA", "ZIP": 70714, "PHONE_NUMBER": "225-272-9200", "WEBSITE": "http://www.brec.org/index.cfm/park/WarrenOWatson", "ADDRESS_ID": 161244 }, "geometry": { "type": "Point", "coordinates": [ -91.153233562805383, 30.605075848028903 ] } },
{ "type": "Feature", "properties": { "ID": 444, "DESCRIPTION": "LSU Aquaculture Research Station", "FACILITY_TYPE": "UNIVERSITY", "AGENCY": "STATE OF LOUISIANA", "OWNER": "STATE", "FULL_ADDRESS": "709 AQUACULTURE RD", "CITY": "BATON ROUGE", "STATE": "LOUISIANA", "ZIP": 70820, "PHONE_NUMBER": null, "WEBSITE": null, "ADDRESS_ID": 232901 }, "geometry": { "type": "Point", "coordinates": [ -91.181300934134882, 30.368125302599527 ] } },
{ "type": "Feature", "properties": { "ID": 445, "DESCRIPTION": "Tuscarora Street Park", "FACILITY_TYPE": "BREC PARK", "AGENCY": "BREC", "OWNER": "BREC", "FULL_ADDRESS": "4200 TUSCARORA ST", "CITY": "BATON ROUGE", "STATE": "LOUISIANA", "ZIP": 70805, "PHONE_NUMBER": "225-272-9200", "WEBSITE": "http://www.brec.org/index.cfm/park/TuscaroraStreet", "ADDRESS_ID": 81107 }, "geometry": { "type": "Point", "coordinates": [ -91.165406882897614, 30.487799207183848 ] } },
{ "type": "Feature", "properties": { "ID": 446, "DESCRIPTION": "LA State Employees Retirement System", "FACILITY_TYPE": "STATE OFFICES", "AGENCY": "STATE OF LOUISIANA", "OWNER": "STATE", "FULL_ADDRESS": "8401 UNITED PLAZA BLVD", "CITY": "BATON ROUGE", "STATE": "LOUISIANA", "ZIP": 70809, "PHONE_NUMBER": null, "WEBSITE": null, "ADDRESS_ID": 135737 }, "geometry": { "type": "Point", "coordinates": [ -91.097537035249857, 30.413015378580237 ] } },
{ "type": "Feature", "properties": { "ID": 447, "DESCRIPTION": "LA School Employees Retirement System", "FACILITY_TYPE": "STATE OFFICES", "AGENCY": "STATE OF LOUISIANA", "OWNER": "STATE", "FULL_ADDRESS": "8660 UNITED PLAZA BLVD", "CITY": "BATON ROUGE", "STATE": "LOUISIANA", "ZIP": 70809, "PHONE_NUMBER": null, "WEBSITE": null, "ADDRESS_ID": 119456 }, "geometry": { "type": "Point", "coordinates": [ -91.097441131874973, 30.409202733542131 ] } },
{ "type": "Feature", "properties": { "ID": 448, "DESCRIPTION": "South Maintenance Lot", "FACILITY_TYPE": "PUBLIC WORKS", "AGENCY": "DEPARTMENT OF MAINTENANCE", "OWNER": "CITY/PARISH", "FULL_ADDRESS": "3055 VALLEY ST", "CITY": "BATON ROUGE", "STATE": "LOUISIANA", "ZIP": 70808, "PHONE_NUMBER": null, "WEBSITE": null, "ADDRESS_ID": 142887 }, "geometry": { "type": "Point", "coordinates": [ -91.146898962536795, 30.420646443697429 ] } },
{ "type": "Feature", "properties": { "ID": 449, "DESCRIPTION": "Business Operations Warehouse", "FACILITY_TYPE": "PUBLIC WORKS", "AGENCY": "OFFICE OF BUSINESS OPERATIONS", "OWNER": "CITY/PARISH", "FULL_ADDRESS": "2931 VALLEY ST", "CITY": "BATON ROUGE", "STATE": "LOUISIANA", "ZIP": 70808, "PHONE_NUMBER": null, "WEBSITE": null, "ADDRESS_ID": 66101 }, "geometry": { "type": "Point", "coordinates": [ -91.146140592931474, 30.421853126787965 ] } },
{ "type": "Feature", "properties": { "ID": 450, "DESCRIPTION": "Mosquito Abatement and Rodent Control", "FACILITY_TYPE": "MUNICIPAL OFFICES", "AGENCY": "MARC", "OWNER": "CITY/PARISH", "FULL_ADDRESS": "10550 VETERANS MEMORIAL BLVD", "CITY": "BATON ROUGE", "STATE": "LOUISIANA", "ZIP": 70807, "PHONE_NUMBER": null, "WEBSITE": null, "ADDRESS_ID": 173014 }, "geometry": { "type": "Point", "coordinates": [ -91.164276774536575, 30.539837639642229 ] } },
{ "type": "Feature", "properties": { "ID": 451, "DESCRIPTION": "Juvenile Services and Court", "FACILITY_TYPE": "COURTHOUSE", "AGENCY": "STATE OF LOUISIANA", "OWNER": "STATE", "FULL_ADDRESS": "8333 VETERANS MEMORIAL BLVD", "CITY": "BATON ROUGE", "STATE": "LOUISIANA", "ZIP": 70807, "PHONE_NUMBER": null, "WEBSITE": null, "ADDRESS_ID": 117210 }, "geometry": { "type": "Point", "coordinates": [ -91.161938089785863, 30.524875414063448 ] } },
{ "type": "Feature", "properties": { "ID": 452, "DESCRIPTION": "DHH Office of Public Health", "FACILITY_TYPE": "STATE OFFICES", "AGENCY": "STATE OF LOUISIANA", "OWNER": "STATE", "FULL_ADDRESS": "8453 VETERANS MEMORIAL BLVD", "CITY": "BATON ROUGE", "STATE": "LOUISIANA", "ZIP": 70807, "PHONE_NUMBER": null, "WEBSITE": null, "ADDRESS_ID": 118068 }, "geometry": { "type": "Point", "coordinates": [ -91.161802675818365, 30.526981181511633 ] } },
{ "type": "Feature", "properties": { "ID": 453, "DESCRIPTION": "Creative Head Start", "FACILITY_TYPE": "HEAD START", "AGENCY": "HEAD START", "OWNER": "CITY/PARISH", "FULL_ADDRESS": "3165 VICTORIA DR", "CITY": "BATON ROUGE", "STATE": "LOUISIANA", "ZIP": 70805, "PHONE_NUMBER": null, "WEBSITE": null, "ADDRESS_ID": 142077 }, "geometry": { "type": "Point", "coordinates": [ -91.117951755260634, 30.478364547878449 ] } },
{ "type": "Feature", "properties": { "ID": 454, "DESCRIPTION": "EBR Assessor Central Branch Office", "FACILITY_TYPE": "MUNICIPAL OFFICES", "AGENCY": "EBRP ASSESSOR", "OWNER": "CITY/PARISH", "FULL_ADDRESS": "14790 WAX RD, STE 109", "CITY": "CENTRAL", "STATE": "LOUISIANA", "ZIP": 70818, "PHONE_NUMBER": "225-389-3922", "WEBSITE": "https://ebrpa.org", "ADDRESS_ID": 226191 }, "geometry": { "type": "Point", "coordinates": [ -91.02350320719394, 30.542639621860744 ] } },
{ "type": "Feature", "properties": { "ID": 455, "DESCRIPTION": "LWC Business And Career Solutions Center", "FACILITY_TYPE": "STATE OFFICES", "AGENCY": "STATE OF LOUISIANA", "OWNER": "STATE", "FULL_ADDRESS": "1991 WOODDALE BLVD", "CITY": "BATON ROUGE", "STATE": "LOUISIANA", "ZIP": 70806, "PHONE_NUMBER": null, "WEBSITE": null, "ADDRESS_ID": 50970 }, "geometry": { "type": "Point", "coordinates": [ -91.115095564001521, 30.466562525586202 ] } },
{ "type": "Feature", "properties": { "ID": 456, "DESCRIPTION": "DHH EBR Medicaid Office", "FACILITY_TYPE": "STATE OFFICES", "AGENCY": "STATE OF LOUISIANA", "OWNER": "STATE", "FULL_ADDRESS": "2521 WOODDALE BLVD", "CITY": "BATON ROUGE", "STATE": "LOUISIANA", "ZIP": 70805, "PHONE_NUMBER": null, "WEBSITE": null, "ADDRESS_ID": 60854 }, "geometry": { "type": "Point", "coordinates": [ -91.117005380124382, 30.472735389286012 ] } },
{ "type": "Feature", "properties": { "ID": 457, "DESCRIPTION": "DPS&C Probation and Parole District Office", "FACILITY_TYPE": "STATE OFFICES", "AGENCY": "STATE OF LOUISIANA", "OWNER": "STATE", "FULL_ADDRESS": "2751 WOODDALE BLVD", "CITY": "BATON ROUGE", "STATE": "LOUISIANA", "ZIP": 70805, "PHONE_NUMBER": null, "WEBSITE": null, "ADDRESS_ID": 63939 }, "geometry": { "type": "Point", "coordinates": [ -91.116661775815302, 30.474598523340934 ] } },
{ "type": "Feature", "properties": { "ID": 458, "DESCRIPTION": "BR Behavioral Health Addiction Recovery Services", "FACILITY_TYPE": "HEALTH CARE", "AGENCY": "CAPITAL AREA HUMAN SERVICES DISTRICT", "OWNER": "STATE", "FULL_ADDRESS": "2751 WOODDALE BLVD", "CITY": "BATON ROUGE", "STATE": "LOUISIANA", "ZIP": 70805, "PHONE_NUMBER": "225-925-1906", "WEBSITE": "http://www.cahsd.org", "ADDRESS_ID": 63939 }, "geometry": { "type": "Point", "coordinates": [ -91.117054272219747, 30.474075518633661 ] } },
{ "type": "Feature", "properties": { "ID": 459, "DESCRIPTION": "BRFD Station 8", "FACILITY_TYPE": "FIRE PROTECTION", "AGENCY": "BATON ROUGE FIRE DEPARTMENT", "OWNER": "CITY/PARISH", "FULL_ADDRESS": "150 S WOODDALE DR", "CITY": "BATON ROUGE", "STATE": "LOUISIANA", "ZIP": 70806, "PHONE_NUMBER": null, "WEBSITE": null, "ADDRESS_ID": 165335 }, "geometry": { "type": "Point", "coordinates": [ -91.103729084575235, 30.450194485508167 ] } },
{ "type": "Feature", "properties": { "ID": 460, "DESCRIPTION": "Woodlawn Acres Park", "FACILITY_TYPE": "BREC PARK", "AGENCY": "BREC", "OWNER": "BREC", "FULL_ADDRESS": "16600 WOODLAWN ACRES AVE", "CITY": "BATON ROUGE", "STATE": "LOUISIANA", "ZIP": 70817, "PHONE_NUMBER": "225-272-9200", "WEBSITE": "http://www.brec.org/index.cfm/park/WoodlawnAcres", "ADDRESS_ID": 102428 }, "geometry": { "type": "Point", "coordinates": [ -90.997890118055594, 30.383035745695228 ] } },
{ "type": "Feature", "properties": { "ID": 461, "DESCRIPTION": "North Wastewater Treatment Facility", "FACILITY_TYPE": "PUBLIC WORKS", "AGENCY": "DEPARTMENT OF ENVIRONMENTAL SERVICES", "OWNER": "CITY/PARISH", "FULL_ADDRESS": "50 WOODPECKER ST", "CITY": "BATON ROUGE", "STATE": "LOUISIANA", "ZIP": 70807, "PHONE_NUMBER": null, "WEBSITE": null, "ADDRESS_ID": 88389 }, "geometry": { "type": "Point", "coordinates": [ -91.203249880188011, 30.533939502634478 ] } },
{ "type": "Feature", "properties": { "ID": 462, "DESCRIPTION": "EMS YMCA Plaza Station", "FACILITY_TYPE": "EMS", "AGENCY": "EMERGENCY MEDICAL SERVICES", "OWNER": "CITY/PARISH", "FULL_ADDRESS": "8140 YMCA PLAZA DR", "CITY": "BATON ROUGE", "STATE": "LOUISIANA", "ZIP": 70810, "PHONE_NUMBER": "225-389-5155", "WEBSITE": null, "ADDRESS_ID": 115743 }, "geometry": { "type": "Point", "coordinates": [ -91.076074869286089, 30.373804688959464 ] } },
{ "type": "Feature", "properties": { "ID": 463, "DESCRIPTION": "Yatasi Drive Park", "FACILITY_TYPE": "BREC PARK", "AGENCY": "BREC", "OWNER": "BREC", "FULL_ADDRESS": "16941 YATASI DR", "CITY": "GREENWELL SPRINGS", "STATE": "LOUISIANA", "ZIP": 70739, "PHONE_NUMBER": "225-272-9200", "WEBSITE": "http://www.brec.org/index.cfm/park/YatasiDrive", "ADDRESS_ID": 161245 }, "geometry": { "type": "Point", "coordinates": [ -91.005400679683689, 30.603271246932959 ] } },
{ "type": "Feature", "properties": { "ID": 464, "DESCRIPTION": "Chaneyville VFD Station 42", "FACILITY_TYPE": "FIRE PROTECTION", "AGENCY": "CHANEYVILLE VOLUNTEER FIRE DEPARTMENT", "OWNER": "CITY/PARISH", "FULL_ADDRESS": "8801 ZACHARY-DEERFORD RD", "CITY": "ZACHARY", "STATE": "LOUISIANA", "ZIP": 70791, "PHONE_NUMBER": null, "WEBSITE": null, "ADDRESS_ID": 159827 }, "geometry": { "type": "Point", "coordinates": [ -91.092646951859706, 30.642661710914798 ] } },
{ "type": "Feature", "properties": { "ID": 465, "DESCRIPTION": "Zachary Senior Center", "FACILITY_TYPE": "SENIOR CENTER", "AGENCY": "COUNCIL ON AGING", "OWNER": "CITY/PARISH", "FULL_ADDRESS": "3541 HIGHWAY 19", "CITY": "ZACHARY", "STATE": "LOUISIANA", "ZIP": 70791, "PHONE_NUMBER": null, "WEBSITE": "http://www.ebrcoa.org/", "ADDRESS_ID": 198755 }, "geometry": { "type": "Point", "coordinates": [ -91.154672485877967, 30.640284500717687 ] } },
{ "type": "Feature", "properties": { "ID": 466, "DESCRIPTION": "EBRSO Scotlandville Substation", "FACILITY_TYPE": "POLICE PROTECTION", "AGENCY": "EBR SHERIFFS OFFICE", "OWNER": "CITY/PARISH", "FULL_ADDRESS": "1270 ROSENWALD RD", "CITY": "BATON ROUGE", "STATE": "LOUISIANA", "ZIP": 70807, "PHONE_NUMBER": "225-389-5105", "WEBSITE": null, "ADDRESS_ID": 19987 }, "geometry": { "type": "Point", "coordinates": [ -91.180716046882722, 30.531143810707473 ] } },
{ "type": "Feature", "properties": { "ID": 467, "DESCRIPTION": "BRFD Station 16", "FACILITY_TYPE": "FIRE PROTECTION", "AGENCY": "BATON ROUGE FIRE DEPARTMENT", "OWNER": "CITY/PARISH", "FULL_ADDRESS": "1200 ROSENWALD RD", "CITY": "BATON ROUGE", "STATE": "LOUISIANA", "ZIP": 70807, "PHONE_NUMBER": null, "WEBSITE": null, "ADDRESS_ID": 14335 }, "geometry": { "type": "Point", "coordinates": [ -91.180956195933462, 30.53180892627525 ] } },
{ "type": "Feature", "properties": { "ID": 468, "DESCRIPTION": "Kelly Terrace", "FACILITY_TYPE": "PUBLIC HOUSING", "AGENCY": "EBRP HOUSING AUTHORITY", "OWNER": "CITY/PARISH", "FULL_ADDRESS": "999 ROSENWALD RD", "CITY": "BATON ROUGE", "STATE": "LOUISIANA", "ZIP": 70807, "PHONE_NUMBER": null, "WEBSITE": null, "ADDRESS_ID": 129791 }, "geometry": { "type": "Point", "coordinates": [ -91.183084893750404, 30.531652531849144 ] } },
{ "type": "Feature", "properties": { "ID": 469, "DESCRIPTION": "Department of Veterans Affairs Outpatient Clinic", "FACILITY_TYPE": "HEALTH CARE", "AGENCY": "US FEDERAL GOVERNMENT", "OWNER": "FEDERAL", "FULL_ADDRESS": "7968 ESSEN PARK AVE", "CITY": "BATON ROUGE", "STATE": "LOUISIANA", "ZIP": 70809, "PHONE_NUMBER": null, "WEBSITE": null, "ADDRESS_ID": 114632 }, "geometry": { "type": "Point", "coordinates": [ -91.100599001537518, 30.403903419646657 ] } },
{ "type": "Feature", "properties": { "ID": 470, "DESCRIPTION": "St George FD Station 66", "FACILITY_TYPE": "FIRE PROTECTION", "AGENCY": "ST GEORGE VOLUNTEER FIRE DEPARTMENT", "OWNER": "CITY/PARISH", "FULL_ADDRESS": "16415 GEORGE O'NEAL RD", "CITY": "BATON ROUGE", "STATE": "LOUISIANA", "ZIP": 70817, "PHONE_NUMBER": null, "WEBSITE": null, "ADDRESS_ID": 37387 }, "geometry": { "type": "Point", "coordinates": [ -91.003863851984718, 30.407554661309366 ] } },
{ "type": "Feature", "properties": { "ID": 471, "DESCRIPTION": "Howell Community Park", "FACILITY_TYPE": "BREC PARK", "AGENCY": "BREC", "OWNER": "BREC", "FULL_ADDRESS": "5509 WINBOURNE AVE", "CITY": "BATON ROUGE", "STATE": "LOUISIANA", "ZIP": 70805, "PHONE_NUMBER": "225-357-7906", "WEBSITE": "http://brec.org/index.cfm/park/HowellCommunityPark", "ADDRESS_ID": 94357 }, "geometry": { "type": "Point", "coordinates": [ -91.133679836813144, 30.480913076367358 ] } },
{ "type": "Feature", "properties": { "ID": 472, "DESCRIPTION": "Clarksdale Apartments", "FACILITY_TYPE": "PUBLIC HOUSING", "AGENCY": "EBRP HOUSING AUTHORITY", "OWNER": "CITY/PARISH", "FULL_ADDRESS": "801 SWAN AVE", "CITY": "BATON ROUGE", "STATE": "LOUISIANA", "ZIP": 70807, "PHONE_NUMBER": null, "WEBSITE": null, "ADDRESS_ID": 177430 }, "geometry": { "type": "Point", "coordinates": [ -91.185327767221281, 30.524639421985583 ] } },
{ "type": "Feature", "properties": { "ID": 473, "DESCRIPTION": "EBRP Coroner", "FACILITY_TYPE": "MUNICIPAL OFFICES", "AGENCY": null, "OWNER": "CITY/PARISH", "FULL_ADDRESS": "4030 T.B. HERNDON AVE", "CITY": "BATON ROUGE", "STATE": "LOUISIANA", "ZIP": 70807, "PHONE_NUMBER": null, "WEBSITE": null, "ADDRESS_ID": 154919 }, "geometry": { "type": "Point", "coordinates": [ -91.154148250584527, 30.523737622865099 ] } },
{ "type": "Feature", "properties": { "ID": 474, "DESCRIPTION": "Tams Drive Park", "FACILITY_TYPE": "BREC PARK", "AGENCY": "BREC", "OWNER": "BREC", "FULL_ADDRESS": "11600 TAMS DR", "CITY": "BATON ROUGE", "STATE": "LOUISIANA", "ZIP": 70815, "PHONE_NUMBER": "225-272-9200", "WEBSITE": "http://www.brec.org/index.cfm/park/TamsDrive", "ADDRESS_ID": 12098 }, "geometry": { "type": "Point", "coordinates": [ -91.054968039225116, 30.466749488780501 ] } },
{ "type": "Feature", "properties": { "ID": 475, "DESCRIPTION": "Terrace Street Park", "FACILITY_TYPE": "BREC PARK", "AGENCY": "BREC", "OWNER": "BREC", "FULL_ADDRESS": "701 TERRACE ST", "CITY": "BATON ROUGE", "STATE": "LOUISIANA", "ZIP": 70802, "PHONE_NUMBER": "225-344-7046", "WEBSITE": "http://www.brec.org/index.cfm/park/TerraceStreet", "ADDRESS_ID": 107714 }, "geometry": { "type": "Point", "coordinates": [ -91.183055180020872, 30.436492371923745 ] } },
{ "type": "Feature", "properties": { "ID": 476, "DESCRIPTION": "EBRP Library Carver Branch", "FACILITY_TYPE": "LIBRARY", "AGENCY": "EBR PARISH LIBRARY", "OWNER": "CITY/PARISH", "FULL_ADDRESS": "720 TERRACE ST", "CITY": "BATON ROUGE", "STATE": "LOUISIANA", "ZIP": 70802, "PHONE_NUMBER": "225-389-7480", "WEBSITE": "https://www.ebrpl.com/locations/carver-branch-library/", "ADDRESS_ID": 136646 }, "geometry": { "type": "Point", "coordinates": [ -91.182742843213802, 30.436030164154424 ] } },
{ "type": "Feature", "properties": { "ID": 477, "DESCRIPTION": "Visit Baton Rouge", "FACILITY_TYPE": "MUNICIPAL OFFICES", "AGENCY": "VISIT BATON ROUGE", "OWNER": "CITY/PARISH", "FULL_ADDRESS": "359 3RD ST", "CITY": "BATON ROUGE", "STATE": "LOUISIANA", "ZIP": 70801, "PHONE_NUMBER": null, "WEBSITE": null, "ADDRESS_ID": 74683 }, "geometry": { "type": "Point", "coordinates": [ -91.188470030964339, 30.450206908429916 ] } },
{ "type": "Feature", "properties": { "ID": 478, "DESCRIPTION": "BRPD Downtown District Station", "FACILITY_TYPE": "POLICE PROTECTION", "AGENCY": "BATON ROUGE POLICE DEPARTMENT", "OWNER": "CITY/PARISH", "FULL_ADDRESS": "201 3RD ST", "CITY": "BATON ROUGE", "STATE": "LOUISIANA", "ZIP": 70801, "PHONE_NUMBER": "225-389-3854", "WEBSITE": "https://www.brla.gov/1654/Uniform-Patrol-Bureau", "ADDRESS_ID": 142435 }, "geometry": { "type": "Point", "coordinates": [ -91.188367116483235, 30.448541011094758 ] } },
{ "type": "Feature", "properties": { "ID": 479, "DESCRIPTION": "J.S. Clark Park And Golf Course", "FACILITY_TYPE": "BREC PARK", "AGENCY": "BREC", "OWNER": "BREC", "FULL_ADDRESS": "2301 THOMAS RD", "CITY": "BAKER", "STATE": "LOUISIANA", "ZIP": 70714, "PHONE_NUMBER": "225-775-9008", "WEBSITE": "http://golf.brec.org/courses/dumas-memorial/", "ADDRESS_ID": 60123 }, "geometry": { "type": "Point", "coordinates": [ -91.168677400792319, 30.560954317508603 ] } },
{ "type": "Feature", "properties": { "ID": 480, "DESCRIPTION": "Baton Rouge Zoo", "FACILITY_TYPE": "BREC PARK", "AGENCY": "BREC", "OWNER": "BREC", "FULL_ADDRESS": "3601 THOMAS RD", "CITY": "BAKER", "STATE": "LOUISIANA", "ZIP": 70714, "PHONE_NUMBER": "225-775-3877", "WEBSITE": "http://www.brzoo.org/", "ADDRESS_ID": 139916 }, "geometry": { "type": "Point", "coordinates": [ -91.160605258635343, 30.563218956263537 ] } },
{ "type": "Feature", "properties": { "ID": 481, "DESCRIPTION": "Woodlawn Walking Trail", "FACILITY_TYPE": "BREC PARK", "AGENCY": "BREC", "OWNER": "BREC", "FULL_ADDRESS": "14939 TIGER BEND RD", "CITY": "BATON ROUGE", "STATE": "LOUISIANA", "ZIP": 70817, "PHONE_NUMBER": "225-272-9200", "WEBSITE": "http://www.brec.org/index.cfm/park/WoodlawnWalkingTrail", "ADDRESS_ID": 30249 }, "geometry": { "type": "Point", "coordinates": [ -91.017417985018326, 30.392224549181073 ] } },
{ "type": "Feature", "properties": { "ID": 482, "DESCRIPTION": "Spain Street Park", "FACILITY_TYPE": "BREC PARK", "AGENCY": "BREC", "OWNER": "BREC", "FULL_ADDRESS": "2101 SPAIN ST", "CITY": "BATON ROUGE", "STATE": "LOUISIANA", "ZIP": 70806, "PHONE_NUMBER": "225-272-9200", "WEBSITE": "http://www.brec.org/index.cfm/park/SpainStreet", "ADDRESS_ID": 53021 }, "geometry": { "type": "Point", "coordinates": [ -91.1663563342196, 30.445157567060914 ] } },
{ "type": "Feature", "properties": { "ID": 483, "DESCRIPTION": "Spanish Town Park", "FACILITY_TYPE": "BREC PARK", "AGENCY": "BREC", "OWNER": "BREC", "FULL_ADDRESS": "1300 SPANISH TOWN RD", "CITY": "BATON ROUGE", "STATE": "LOUISIANA", "ZIP": 70802, "PHONE_NUMBER": "225-272-9200", "WEBSITE": "http://www.brec.org/index.cfm/park/SpanishTown", "ADDRESS_ID": 21044 }, "geometry": { "type": "Point", "coordinates": [ -91.176314690947308, 30.454463946501519 ] } },
{ "type": "Feature", "properties": { "ID": 484, "DESCRIPTION": "City-Parish Employees Retirement System", "FACILITY_TYPE": "MUNICIPAL OFFICES", "AGENCY": "RETIREMENT SYSTEM", "OWNER": "CITY/PARISH", "FULL_ADDRESS": "209 SAINT FERDINAND ST", "CITY": "BATON ROUGE", "STATE": "LOUISIANA", "ZIP": 70802, "PHONE_NUMBER": null, "WEBSITE": null, "ADDRESS_ID": 52940 }, "geometry": { "type": "Point", "coordinates": [ -91.186298573082325, 30.445546796152222 ] } },
{ "type": "Feature", "properties": { "ID": 485, "DESCRIPTION": "Women's Community Rehabilitation Center", "FACILITY_TYPE": "PUBLIC SAFETY", "AGENCY": "STATE OF LOUISIANA", "OWNER": "STATE", "FULL_ADDRESS": "855 SAINT FERDINAND ST", "CITY": "BATON ROUGE", "STATE": "LOUISIANA", "ZIP": 70802, "PHONE_NUMBER": null, "WEBSITE": null, "ADDRESS_ID": 144074 }, "geometry": { "type": "Point", "coordinates": [ -91.186137324578524, 30.439786998101258 ] } },
{ "type": "Feature", "properties": { "ID": 486, "DESCRIPTION": "River Center Performing Arts Theater", "FACILITY_TYPE": "SPECIAL FACILITY", "AGENCY": null, "OWNER": "CITY/PARISH", "FULL_ADDRESS": "240 SAINT LOUIS ST", "CITY": "BATON ROUGE", "STATE": "LOUISIANA", "ZIP": 70802, "PHONE_NUMBER": null, "WEBSITE": null, "ADDRESS_ID": 53004 }, "geometry": { "type": "Point", "coordinates": [ -91.187900174299145, 30.445021476533878 ] } },
{ "type": "Feature", "properties": { "ID": 487, "DESCRIPTION": "City Hall", "FACILITY_TYPE": "MUNICIPAL OFFICES", "AGENCY": null, "OWNER": "CITY/PARISH", "FULL_ADDRESS": "222 SAINT LOUIS ST", "CITY": "BATON ROUGE", "STATE": "LOUISIANA", "ZIP": 70802, "PHONE_NUMBER": null, "WEBSITE": null, "ADDRESS_ID": 55737 }, "geometry": { "type": "Point", "coordinates": [ -91.187877810385487, 30.446095406514797 ] } },
{ "type": "Feature", "properties": { "ID": 488, "DESCRIPTION": "Baton Rouge City Court and Constable", "FACILITY_TYPE": "COURTHOUSE", "AGENCY": "CITY COURT", "OWNER": "CITY/PARISH", "FULL_ADDRESS": "233 SAINT LOUIS ST", "CITY": "BATON ROUGE", "STATE": "LOUISIANA", "ZIP": 70802, "PHONE_NUMBER": null, "WEBSITE": null, "ADDRESS_ID": 58068 }, "geometry": { "type": "Point", "coordinates": [ -91.187033193437074, 30.445619406452739 ] } },
{ "type": "Feature", "properties": { "ID": 489, "DESCRIPTION": "Cooperative Extension", "FACILITY_TYPE": "MUNICIPAL OFFICES", "AGENCY": "STATE OF LOUISIANA", "OWNER": "CITY/PARISH", "FULL_ADDRESS": "805 SAINT LOUIS ST", "CITY": "BATON ROUGE", "STATE": "LOUISIANA", "ZIP": 70802, "PHONE_NUMBER": null, "WEBSITE": null, "ADDRESS_ID": 115126 }, "geometry": { "type": "Point", "coordinates": [ -91.187108573928526, 30.440720968908828 ] } },
{ "type": "Feature", "properties": { "ID": 490, "DESCRIPTION": "Santa Maria Playground", "FACILITY_TYPE": "BREC PARK", "AGENCY": "BREC", "OWNER": "BREC", "FULL_ADDRESS": "18460 SANTA MARIA PKWY", "CITY": "BATON ROUGE", "STATE": "LOUISIANA", "ZIP": 70809, "PHONE_NUMBER": "225-753-9372", "WEBSITE": "http://www.brec.org/index.cfm/park/SantaMariaPark", "ADDRESS_ID": 171827 }, "geometry": { "type": "Point", "coordinates": [ -91.011441219093868, 30.342093333599145 ] } },
{ "type": "Feature", "properties": { "ID": 491, "DESCRIPTION": "Santa Maria Golf Course", "FACILITY_TYPE": "BREC PARK", "AGENCY": "BREC", "OWNER": "BREC", "FULL_ADDRESS": "18460 SANTA MARIA PKWY", "CITY": "BATON ROUGE", "STATE": "LOUISIANA", "ZIP": 70810, "PHONE_NUMBER": "225-752-9667", "WEBSITE": "http://golf.brec.org/courses/santamaria/", "ADDRESS_ID": 134704 }, "geometry": { "type": "Point", "coordinates": [ -91.005732302395685, 30.341710862324614 ] } },
{ "type": "Feature", "properties": { "ID": 492, "DESCRIPTION": "EBRSO Gardere Substation", "FACILITY_TYPE": "POLICE PROTECTION", "AGENCY": "EBR SHERIFFS OFFICE", "OWNER": "CITY/PARISH", "FULL_ADDRESS": "3777 L'AUBERGE CROSSING DR", "CITY": "BATON ROUGE", "STATE": "LOUISIANA", "ZIP": 70820, "PHONE_NUMBER": "225-389-5511", "WEBSITE": null, "ADDRESS_ID": 175205 }, "geometry": { "type": "Point", "coordinates": [ -91.147013042117862, 30.343962726423637 ] } },
{ "type": "Feature", "properties": { "ID": 493, "DESCRIPTION": "Raising Cane's River Center", "FACILITY_TYPE": "SPECIAL FACILITY", "AGENCY": null, "OWNER": "CITY/PARISH", "FULL_ADDRESS": "275 S RIVER RD", "CITY": "BATON ROUGE", "STATE": "LOUISIANA", "ZIP": 70802, "PHONE_NUMBER": null, "WEBSITE": null, "ADDRESS_ID": 63902 }, "geometry": { "type": "Point", "coordinates": [ -91.189197307205731, 30.44423837764845 ] } },
{ "type": "Feature", "properties": { "ID": 494, "DESCRIPTION": "Central Wastewater Treatment Facility", "FACILITY_TYPE": "PUBLIC WORKS", "AGENCY": "DEPARTMENT OF ENVIRONMENTAL SERVICES", "OWNER": "CITY/PARISH", "FULL_ADDRESS": "2443 S RIVER RD, STE B", "CITY": "BATON ROUGE", "STATE": "LOUISIANA", "ZIP": 70802, "PHONE_NUMBER": null, "WEBSITE": null, "ADDRESS_ID": 59926 }, "geometry": { "type": "Point", "coordinates": [ -91.190605073834135, 30.424708431483133 ] } },
{ "type": "Feature", "properties": { "ID": 495, "DESCRIPTION": "Louisiana Arts and Sciences Museum", "FACILITY_TYPE": "SPECIAL FACILITY", "AGENCY": "STATE OF LOUISIANA", "OWNER": "STATE", "FULL_ADDRESS": "100 S RIVER RD, STE A", "CITY": "BATON ROUGE", "STATE": "LOUISIANA", "ZIP": 70802, "PHONE_NUMBER": null, "WEBSITE": null, "ADDRESS_ID": 14 }, "geometry": { "type": "Point", "coordinates": [ -91.190412688954964, 30.446268961735139 ] } },
{ "type": "Feature", "properties": { "ID": 496, "DESCRIPTION": "USS Kidd", "FACILITY_TYPE": "SPECIAL FACILITY", "AGENCY": "STATE OF LOUISIANA", "OWNER": "STATE", "FULL_ADDRESS": "305 S RIVER RD", "CITY": "BATON ROUGE", "STATE": "LOUISIANA", "ZIP": 70802, "PHONE_NUMBER": null, "WEBSITE": null, "ADDRESS_ID": 67898 }, "geometry": { "type": "Point", "coordinates": [ -91.190280489518187, 30.443234858527713 ] } },
{ "type": "Feature", "properties": { "ID": 497, "DESCRIPTION": "North Maintenance Lot", "FACILITY_TYPE": "PUBLIC WORKS", "AGENCY": "DEPARTMENT OF MAINTENANCE", "OWNER": "CITY/PARISH", "FULL_ADDRESS": "3207 MAIN ST", "CITY": "BAKER", "STATE": "LOUISIANA", "ZIP": 70714, "PHONE_NUMBER": null, "WEBSITE": null, "ADDRESS_ID": 144064 }, "geometry": { "type": "Point", "coordinates": [ -91.164661020043809, 30.613593111208324 ] } },
{ "type": "Feature", "properties": { "ID": 498, "DESCRIPTION": "EBR Registrar of Voters Baker Branch", "FACILITY_TYPE": "MUNICIPAL OFFICES", "AGENCY": "REGISTRAR OF VOTERS", "OWNER": "CITY/PARISH", "FULL_ADDRESS": "2250 MAIN ST", "CITY": "BAKER", "STATE": "LOUISIANA", "ZIP": 70714, "PHONE_NUMBER": null, "WEBSITE": null, "ADDRESS_ID": 182171 }, "geometry": { "type": "Point", "coordinates": [ -91.16530449542249, 30.599346366144342 ] } },
{ "type": "Feature", "properties": { "ID": 499, "DESCRIPTION": "Baker Heritage Museum", "FACILITY_TYPE": "SPECIAL FACILITY", "AGENCY": "CITY OF BAKER", "OWNER": "BAKER", "FULL_ADDRESS": "1606 MAIN ST", "CITY": "BAKER", "STATE": "LOUISIANA", "ZIP": 70714, "PHONE_NUMBER": null, "WEBSITE": null, "ADDRESS_ID": 189947 }, "geometry": { "type": "Point", "coordinates": [ -91.167001526161584, 30.591594235117434 ] } },
{ "type": "Feature", "properties": { "ID": 500, "DESCRIPTION": "Autumn Place Townhomes", "FACILITY_TYPE": "PUBLIC HOUSING", "AGENCY": "EBRP HOUSING AUTHORITY", "OWNER": "CITY/PARISH", "FULL_ADDRESS": "5656 AUTUMN BLOSSOM AVE", "CITY": "BATON ROUGE", "STATE": "LOUISIANA", "ZIP": 70805, "PHONE_NUMBER": null, "WEBSITE": null, "ADDRESS_ID": 96125 }, "geometry": { "type": "Point", "coordinates": [ -91.134937278826243, 30.500945847079585 ] } },
{ "type": "Feature", "properties": { "ID": 501, "DESCRIPTION": "Louisiana Economic Development", "FACILITY_TYPE": "STATE OFFICES", "AGENCY": "STATE OF LOUISIANA", "OWNER": "STATE", "FULL_ADDRESS": "702 N RIVER RD", "CITY": "BATON ROUGE", "STATE": "LOUISIANA", "ZIP": 70802, "PHONE_NUMBER": null, "WEBSITE": null, "ADDRESS_ID": 142437 }, "geometry": { "type": "Point", "coordinates": [ -91.189696711567507, 30.45409222354272 ] } },
{ "type": "Feature", "properties": { "ID": 502, "DESCRIPTION": "Capitol Complex Central Plant South", "FACILITY_TYPE": "STATE OFFICES", "AGENCY": "STATE OF LOUISIANA", "OWNER": "STATE", "FULL_ADDRESS": "602 N RIVER RD", "CITY": "BATON ROUGE", "STATE": "LOUISIANA", "ZIP": 70802, "PHONE_NUMBER": null, "WEBSITE": null, "ADDRESS_ID": 142438 }, "geometry": { "type": "Point", "coordinates": [ -91.189932857032034, 30.45343590816675 ] } },
{ "type": "Feature", "properties": { "ID": 503, "DESCRIPTION": "East Maintenance Lot", "FACILITY_TYPE": "PUBLIC WORKS", "AGENCY": "DEPARTMENT OF MAINTENANCE", "OWNER": "CITY/PARISH", "FULL_ADDRESS": "1505 CENTRAL THWY", "CITY": "BATON ROUGE", "STATE": "LOUISIANA", "ZIP": 70819, "PHONE_NUMBER": null, "WEBSITE": null, "ADDRESS_ID": 142117 }, "geometry": { "type": "Point", "coordinates": [ -91.012265609006405, 30.468761148844152 ] } },
{ "type": "Feature", "properties": { "ID": 504, "DESCRIPTION": "LSU Burden Research Center", "FACILITY_TYPE": "UNIVERSITY", "AGENCY": "STATE OF LOUISIANA", "OWNER": "STATE", "FULL_ADDRESS": "276 CONFERENCE CENTER LN", "CITY": "BATON ROUGE", "STATE": "LOUISIANA", "ZIP": 70809, "PHONE_NUMBER": null, "WEBSITE": null, "ADDRESS_ID": 232972 }, "geometry": { "type": "Point", "coordinates": [ -91.106879869942603, 30.408399044565108 ] } },
{ "type": "Feature", "properties": { "ID": 505, "DESCRIPTION": "DOTD Permit and Weight Enforcement", "FACILITY_TYPE": "STATE OFFICES", "AGENCY": "STATE OF LOUISIANA", "OWNER": "STATE", "FULL_ADDRESS": "1404 E HIGHWAY DR", "CITY": "BATON ROUGE", "STATE": "LOUISIANA", "ZIP": 70802, "PHONE_NUMBER": null, "WEBSITE": null, "ADDRESS_ID": 138346 }, "geometry": { "type": "Point", "coordinates": [ -91.176670608045157, 30.461478624309549 ] } },
{ "type": "Feature", "properties": { "ID": 506, "DESCRIPTION": "Baton Rouge Community College", "FACILITY_TYPE": "UNIVERSITY", "AGENCY": "STATE OF LOUISIANA", "OWNER": "STATE", "FULL_ADDRESS": "201 COMMUNITY COLLEGE DR", "CITY": "BATON ROUGE", "STATE": "LOUISIANA", "ZIP": 70806, "PHONE_NUMBER": null, "WEBSITE": null, "ADDRESS_ID": 153378 }, "geometry": { "type": "Point", "coordinates": [ -91.136973718476924, 30.44868398674409 ] } },
{ "type": "Feature", "properties": { "ID": 507, "DESCRIPTION": "Zachary FD Station 81", "FACILITY_TYPE": "FIRE PROTECTION", "AGENCY": "CITY OF ZACHARY", "OWNER": "ZACHARY", "FULL_ADDRESS": "4525 MAIN ST", "CITY": "ZACHARY", "STATE": "LOUISIANA", "ZIP": 70791, "PHONE_NUMBER": null, "WEBSITE": null, "ADDRESS_ID": 144558 }, "geometry": { "type": "Point", "coordinates": [ -91.156080312457902, 30.648803624437996 ] } },
{ "type": "Feature", "properties": { "ID": 508, "DESCRIPTION": "Zachary FD Station 83", "FACILITY_TYPE": "FIRE PROTECTION", "AGENCY": "CITY OF ZACHARY", "OWNER": "ZACHARY", "FULL_ADDRESS": "9366 MAIN ST", "CITY": "ZACHARY", "STATE": "LOUISIANA", "ZIP": 70791, "PHONE_NUMBER": null, "WEBSITE": null, "ADDRESS_ID": 196860 }, "geometry": { "type": "Point", "coordinates": [ -91.10845816922712, 30.648480214739585 ] } },
{ "type": "Feature", "properties": { "ID": 509, "DESCRIPTION": "Zachary City Hall", "FACILITY_TYPE": "MUNICIPAL OFFICES", "AGENCY": "CITY OF ZACHARY", "OWNER": "ZACHARY", "FULL_ADDRESS": "4700 MAIN ST", "CITY": "ZACHARY", "STATE": "LOUISIANA", "ZIP": 70791, "PHONE_NUMBER": null, "WEBSITE": null, "ADDRESS_ID": 198562 }, "geometry": { "type": "Point", "coordinates": [ -91.154663605800963, 30.648139627585881 ] } },
{ "type": "Feature", "properties": { "ID": 510, "DESCRIPTION": "Zachary City Court", "FACILITY_TYPE": "MUNICIPAL OFFICES", "AGENCY": "CITY OF ZACHARY", "OWNER": "ZACHARY", "FULL_ADDRESS": "4510 MAIN ST", "CITY": "ZACHARY", "STATE": "LOUISIANA", "ZIP": 70791, "PHONE_NUMBER": null, "WEBSITE": null, "ADDRESS_ID": 175529 }, "geometry": { "type": "Point", "coordinates": [ -91.156307409292197, 30.648286696291997 ] } },
{ "type": "Feature", "properties": { "ID": 511, "DESCRIPTION": "Zachary City Hall Annex", "FACILITY_TYPE": "MUNICIPAL OFFICES", "AGENCY": "CITY OF ZACHARY", "OWNER": "ZACHARY", "FULL_ADDRESS": "4650 MAIN ST", "CITY": "ZACHARY", "STATE": "LOUISIANA", "ZIP": 70791, "PHONE_NUMBER": null, "WEBSITE": null, "ADDRESS_ID": 194723 }, "geometry": { "type": "Point", "coordinates": [ -91.1553494800647, 30.648154131292806 ] } },
{ "type": "Feature", "properties": { "ID": 512, "DESCRIPTION": "US Post Office - Zachary", "FACILITY_TYPE": "POSTAL", "AGENCY": "US POSTAL SERVICE", "OWNER": "FEDERAL", "FULL_ADDRESS": "6001 MAIN ST", "CITY": "ZACHARY", "STATE": "LOUISIANA", "ZIP": 70791, "PHONE_NUMBER": null, "WEBSITE": null, "ADDRESS_ID": 198717 }, "geometry": { "type": "Point", "coordinates": [ -91.140348961031549, 30.650197489978154 ] } },
{ "type": "Feature", "properties": { "ID": 513, "DESCRIPTION": "BRFD Station 5", "FACILITY_TYPE": "FIRE PROTECTION", "AGENCY": "BATON ROUGE FIRE DEPARTMENT", "OWNER": "CITY/PARISH", "FULL_ADDRESS": "3215 MONTERREY DR", "CITY": "BATON ROUGE", "STATE": "LOUISIANA", "ZIP": 70814, "PHONE_NUMBER": null, "WEBSITE": null, "ADDRESS_ID": 70128 }, "geometry": { "type": "Point", "coordinates": [ -91.084004648105235, 30.479735846456354 ] } },
{ "type": "Feature", "properties": { "ID": 514, "DESCRIPTION": "Saint George City Hall", "FACILITY_TYPE": "MUNICIPAL OFFICES", "AGENCY": "CITY OF SAINT GEORGE", "OWNER": "SAINT GEORGE", "FULL_ADDRESS": "11207 PROVERBS AVE", "CITY": "BATON ROUGE", "STATE": "LOUISIANA", "ZIP": 70816, "PHONE_NUMBER": null, "WEBSITE": null, "ADDRESS_ID": 139678 }, "geometry": { "type": "Point", "coordinates": [ -91.057543424677561, 30.412936701011787 ] } },
{ "type": "Feature", "properties": { "ID": 515, "DESCRIPTION": "Louisiana State Capitol Annex", "FACILITY_TYPE": "SPECIAL FACILITY", "AGENCY": "STATE OF LOUISIANA", "OWNER": "STATE", "FULL_ADDRESS": "1051 N 3RD ST", "CITY": "BATON ROUGE", "STATE": "LOUISIANA", "ZIP": 70802, "PHONE_NUMBER": null, "WEBSITE": null, "ADDRESS_ID": 4489 }, "geometry": { "type": "Point", "coordinates": [ -91.18912592046641, 30.456811963435385 ] } },
{ "type": "Feature", "properties": { "ID": 516, "DESCRIPTION": "Louisiana State Capitol", "FACILITY_TYPE": "SPECIAL FACILITY", "AGENCY": "STATE OF LOUISIANA", "OWNER": "STATE", "FULL_ADDRESS": "900 N 3RD ST", "CITY": "BATON ROUGE", "STATE": "LOUISIANA", "ZIP": 70802, "PHONE_NUMBER": null, "WEBSITE": null, "ADDRESS_ID": 121405 }, "geometry": { "type": "Point", "coordinates": [ -91.187368649133347, 30.457082951918551 ] } },
{ "type": "Feature", "properties": { "ID": 517, "DESCRIPTION": "Pentagon Barracks", "FACILITY_TYPE": "SPECIAL FACILITY", "AGENCY": "STATE OF LOUISIANA", "OWNER": "STATE", "FULL_ADDRESS": "859 N 3RD ST", "CITY": "BATON ROUGE", "STATE": "LOUISIANA", "ZIP": 70802, "PHONE_NUMBER": null, "WEBSITE": null, "ADDRESS_ID": 139118 }, "geometry": { "type": "Point", "coordinates": [ -91.189346329486924, 30.455525173654109 ] } },
{ "type": "Feature", "properties": { "ID": 518, "DESCRIPTION": "LaSalle Building", "FACILITY_TYPE": "STATE OFFICES", "AGENCY": "STATE OF LOUISIANA", "OWNER": "STATE", "FULL_ADDRESS": "617 N 3RD ST", "CITY": "BATON ROUGE", "STATE": "LOUISIANA", "ZIP": 70802, "PHONE_NUMBER": null, "WEBSITE": null, "ADDRESS_ID": 139120 }, "geometry": { "type": "Point", "coordinates": [ -91.188990163269864, 30.452870661185845 ] } },
{ "type": "Feature", "properties": { "ID": 519, "DESCRIPTION": "Claiborne Building", "FACILITY_TYPE": "STATE OFFICES", "AGENCY": "STATE OF LOUISIANA", "OWNER": "STATE", "FULL_ADDRESS": "1201 N 3RD ST", "CITY": "BATON ROUGE", "STATE": "LOUISIANA", "ZIP": 70802, "PHONE_NUMBER": null, "WEBSITE": null, "ADDRESS_ID": 138344 }, "geometry": { "type": "Point", "coordinates": [ -91.188698830389242, 30.459845032325649 ] } },
{ "type": "Feature", "properties": { "ID": 520, "DESCRIPTION": "Louisiana 1st Circuit Court of Appeals", "FACILITY_TYPE": "COURTHOUSE", "AGENCY": "STATE OF LOUISIANA", "OWNER": "STATE", "FULL_ADDRESS": "1600 N 3RD ST", "CITY": "BATON ROUGE", "STATE": "LOUISIANA", "ZIP": 70802, "PHONE_NUMBER": null, "WEBSITE": null, "ADDRESS_ID": 40019 }, "geometry": { "type": "Point", "coordinates": [ -91.186963400434124, 30.461015846933972 ] } },
{ "type": "Feature", "properties": { "ID": 521, "DESCRIPTION": "Poydras Building", "FACILITY_TYPE": "STATE OFFICES", "AGENCY": "STATE OF LOUISIANA", "OWNER": "STATE", "FULL_ADDRESS": "1702 N 3RD ST", "CITY": "BATON ROUGE", "STATE": "LOUISIANA", "ZIP": 70802, "PHONE_NUMBER": null, "WEBSITE": null, "ADDRESS_ID": 139121 }, "geometry": { "type": "Point", "coordinates": [ -91.186098646526034, 30.462263049170151 ] } },
{ "type": "Feature", "properties": { "ID": 522, "DESCRIPTION": "Livingston Building", "FACILITY_TYPE": "STATE OFFICES", "AGENCY": "STATE OF LOUISIANA", "OWNER": "STATE", "FULL_ADDRESS": "1885 N 3RD ST", "CITY": "BATON ROUGE", "STATE": "LOUISIANA", "ZIP": 70802, "PHONE_NUMBER": null, "WEBSITE": null, "ADDRESS_ID": 48048 }, "geometry": { "type": "Point", "coordinates": [ -91.186634818740089, 30.463724405589257 ] } },
{ "type": "Feature", "properties": { "ID": 523, "DESCRIPTION": "LA Office of State Buildings", "FACILITY_TYPE": "STATE OFFICES", "AGENCY": "STATE OF LOUISIANA", "OWNER": "STATE", "FULL_ADDRESS": "1928 N 3RD ST", "CITY": "BATON ROUGE", "STATE": "LOUISIANA", "ZIP": 70802, "PHONE_NUMBER": null, "WEBSITE": null, "ADDRESS_ID": 142300 }, "geometry": { "type": "Point", "coordinates": [ -91.187598593932933, 30.463844689126848 ] } },
{ "type": "Feature", "properties": { "ID": 524, "DESCRIPTION": "LA Office of Information Technology", "FACILITY_TYPE": "STATE OFFICES", "AGENCY": "STATE OF LOUISIANA", "OWNER": "STATE", "FULL_ADDRESS": "1800 N 3RD ST", "CITY": "BATON ROUGE", "STATE": "LOUISIANA", "ZIP": 70802, "PHONE_NUMBER": null, "WEBSITE": null, "ADDRESS_ID": 142439 }, "geometry": { "type": "Point", "coordinates": [ -91.187558391073921, 30.462881705151759 ] } },
{ "type": "Feature", "properties": { "ID": 525, "DESCRIPTION": "Capitol Complex Central Plant North", "FACILITY_TYPE": "STATE OFFICES", "AGENCY": "STATE OF LOUISIANA", "OWNER": "STATE", "FULL_ADDRESS": "1835 N 3RD ST", "CITY": "BATON ROUGE", "STATE": "LOUISIANA", "ZIP": 70802, "PHONE_NUMBER": null, "WEBSITE": null, "ADDRESS_ID": 142436 }, "geometry": { "type": "Point", "coordinates": [ -91.189004184621709, 30.462779652992605 ] } },
{ "type": "Feature", "properties": { "ID": 526, "DESCRIPTION": "Zachary Community Park", "FACILITY_TYPE": "BREC PARK", "AGENCY": "BREC", "OWNER": "BREC", "FULL_ADDRESS": "20055 OLD SCENIC HWY", "CITY": "ZACHARY", "STATE": "LOUISIANA", "ZIP": 70791, "PHONE_NUMBER": "225-654-4261", "WEBSITE": "http://www.brec.org/index.cfm/park/ZacharyCommunityPark", "ADDRESS_ID": 161229 }, "geometry": { "type": "Point", "coordinates": [ -91.198390517041815, 30.650154772184099 ] } },
{ "type": "Feature", "properties": { "ID": 527, "DESCRIPTION": "Louisiana Correctional Institute for Women", "FACILITY_TYPE": "PUBLIC SAFETY", "AGENCY": "STATE OF LOUISIANA", "OWNER": "STATE", "FULL_ADDRESS": "15200 OLD SCENIC HWY", "CITY": "BAKER", "STATE": "LOUISIANA", "ZIP": 70714, "PHONE_NUMBER": "225-319-2701", "WEBSITE": "https://doc.louisiana.gov/location/louisiana-correctional-institute-for-women/", "ADDRESS_ID": 31398 }, "geometry": { "type": "Point", "coordinates": [ -91.206334246508234, 30.584095902347467 ] } },
{ "type": "Feature", "properties": { "ID": 528, "DESCRIPTION": "Dr. Leo S. Butler Community Center", "FACILITY_TYPE": "COMMUNITY CENTER", "AGENCY": "COMMUNITY DEVELOPMENT", "OWNER": "CITY/PARISH", "FULL_ADDRESS": "950 LORRI BURGESS AVE", "CITY": "BATON ROUGE", "STATE": "LOUISIANA", "ZIP": 70802, "PHONE_NUMBER": null, "WEBSITE": null, "ADDRESS_ID": 126114 }, "geometry": { "type": "Point", "coordinates": [ -91.175792731324947, 30.430942813940469 ] } },
{ "type": "Feature", "properties": { "ID": 529, "DESCRIPTION": "Leo S. Butler Senior Center", "FACILITY_TYPE": "SENIOR CENTER", "AGENCY": "COUNCIL ON AGING", "OWNER": "CITY/PARISH", "FULL_ADDRESS": "950 LORRI BURGESS AVE", "CITY": "BATON ROUGE", "STATE": "LOUISIANA", "ZIP": 70802, "PHONE_NUMBER": null, "WEBSITE": "http://www.ebrcoa.org/", "ADDRESS_ID": 126114 }, "geometry": { "type": "Point", "coordinates": [ -91.175953634196574, 30.431004737817045 ] } },
{ "type": "Feature", "properties": { "ID": 530, "DESCRIPTION": "Armed Forces Reserve Center & BR Armory", "FACILITY_TYPE": "MILITARY", "AGENCY": "STATE OF LOUISIANA", "OWNER": "STATE", "FULL_ADDRESS": "8110 INNOVATION PARK DR", "CITY": "BATON ROUGE", "STATE": "LOUISIANA", "ZIP": 70820, "PHONE_NUMBER": null, "WEBSITE": null, "ADDRESS_ID": 177413 }, "geometry": { "type": "Point", "coordinates": [ -91.137897980434317, 30.359084582100841 ] } },
{ "type": "Feature", "properties": { "ID": 531, "DESCRIPTION": "LSU South Campus", "FACILITY_TYPE": "UNIVERSITY", "AGENCY": "STATE OF LOUISIANA", "OWNER": "STATE", "FULL_ADDRESS": "8000 INNOVATION PARK DR", "CITY": "BATON ROUGE", "STATE": "LOUISIANA", "ZIP": 70820, "PHONE_NUMBER": null, "WEBSITE": null, "ADDRESS_ID": 114737 }, "geometry": { "type": "Point", "coordinates": [ -91.140201442179318, 30.360088937157006 ] } }
]
}
