{
"type": "FeatureCollection",
"name": "Aviation",
"crs": { "type": "name", "properties": { "name": "urn:ogc:def:crs:OGC:1.3:CRS84" } },
"features": [
{ "type": "Feature", "properties": { "ID": 1, "FAA_ID": "3LA5", "NAME": "Lane Regional Medical Center", "TYPE": "Heliport", "OWNER": "Lane Regional Medical Center", "OWNERSHIP": "Private" }, "geometry": { "type": "Polygon", "coordinates": [ [ [ -91.138372611213754, 30.646997731982196 ], [ -91.138313571379072, 30.646891989465164 ], [ -91.138189425938236, 30.646939832186479 ], [ -91.138244759982811, 30.647047170391396 ], [ -91.138372611213754, 30.646997731982196 ] ] ] } },
{ "type": "Feature", "properties": { "ID": 2, "FAA_ID": "6LA2", "NAME": "Capozzoli", "TYPE": "Airstrip - Private Use", "OWNER": "Woodlake Property Development LLC", "OWNERSHIP": "Private" }, "geometry": { "type": "Polygon", "coordinates": [ [ [ -90.921224145422343, 30.354064601140006 ], [ -90.921212372408036, 30.353963042163045 ], [ -90.922586029882495, 30.346143752766537 ], [ -90.922635133204935, 30.346063532906893 ], [ -90.92268703376935, 30.345896605575945 ], [ -90.922706952499794, 30.345797259563799 ], [ -90.922553393345737, 30.345779862242761 ], [ -90.922504534904164, 30.345800860272242 ], [ -90.922470246230958, 30.345836709912557 ], [ -90.922454093401115, 30.345943372880843 ], [ -90.922439006618418, 30.346042999099971 ], [ -90.92250078443162, 30.346118106873341 ], [ -90.922507864415607, 30.34617523510321 ], [ -90.922500867697551, 30.346218234930031 ], [ -90.921166413799497, 30.35387195195057 ], [ -90.92101193753129, 30.354072399953488 ], [ -90.921224145422343, 30.354064601140006 ] ] ] } },
{ "type": "Feature", "properties": { "ID": 3, "FAA_ID": "LS32", "NAME": "Andre Smith Aviation", "TYPE": "Heliport", "OWNER": "20269 Highland Rd Investments LLC", "OWNERSHIP": "Private" }, "geometry": { "type": "Polygon", "coordinates": [ [ [ -91.007330818447215, 30.361610898218139 ], [ -91.007270039292621, 30.361540624151431 ], [ -91.007189364028989, 30.361593331610855 ], [ -91.007251228112935, 30.361662669301445 ], [ -91.007330818447215, 30.361610898218139 ] ] ] } },
{ "type": "Feature", "properties": { "ID": 4, "FAA_ID": "LS25", "NAME": "Annison Private Airport", "TYPE": "Airstrip - Private Use", "OWNER": "J. Carruth Annison", "OWNERSHIP": "Private" }, "geometry": { "type": "Polygon", "coordinates": [ [ [ -91.061850270918512, 30.701063147366483 ], [ -91.06163355163082, 30.701011950338277 ], [ -91.059785750439701, 30.707771933220883 ], [ -91.060005782764037, 30.707805952262831 ], [ -91.061850270918512, 30.701063147366483 ] ] ] } },
{ "type": "Feature", "properties": { "ID": 5, "FAA_ID": "4LA8", "NAME": "Overton", "TYPE": "Airstrip - Private Use", "OWNER": "Thomas Overton Sr.", "OWNERSHIP": "Private" }, "geometry": { "type": "Polygon", "coordinates": [ [ [ -90.878576501096276, 30.710348879378003 ], [ -90.878712388423168, 30.710174265655372 ], [ -90.871118499968517, 30.705559467882839 ], [ -90.870974197849577, 30.705726750260425 ], [ -90.878576501096276, 30.710348879378003 ] ] ] } },
{ "type": "Feature", "properties": { "ID": 6, "FAA_ID": "27LS", "NAME": "LA DOTD Headquarters", "TYPE": "Heliport", "OWNER": "State of Louisiana", "OWNERSHIP": "Public" }, "geometry": { "type": "Polygon", "coordinates": [ [ [ -91.179035924572446, 30.459034319235961 ], [ -91.179028024441536, 30.458888208867535 ], [ -91.17885936091912, 30.458897693080807 ], [ -91.178868277096043, 30.459043805547754 ], [ -91.179035924572446, 30.459034319235961 ] ] ] } },
{ "type": "Feature", "properties": { "ID": 7, "FAA_ID": "27LA", "NAME": "Baton Rouge General Hospital", "TYPE": "Heliport", "OWNER": "Baton Rouge General Hospital", "OWNERSHIP": "Private" }, "geometry": { "type": "Polygon", "coordinates": [ [ [ -91.153172991499204, 30.44880421649362 ], [ -91.15316815630824, 30.448694604588873 ], [ -91.153041331559606, 30.448697892138505 ], [ -91.153047125575725, 30.448806909982718 ], [ -91.153172991499204, 30.44880421649362 ] ] ] } },
{ "type": "Feature", "properties": { "ID": 8, "FAA_ID": "LA28", "NAME": "Louisiana State Police Headquarters", "TYPE": "Heliport", "OWNER": "State of Louisiana", "OWNERSHIP": "Public" }, "geometry": { "type": "Polygon", "coordinates": [ [ [ -91.105173384946255, 30.449840567947373 ], [ -91.105164852066224, 30.449703434434245 ], [ -91.105010500505017, 30.449711684594426 ], [ -91.105017072243214, 30.449846260043024 ], [ -91.105173384946255, 30.449840567947373 ] ] ] } },
{ "type": "Feature", "properties": { "ID": 9, "FAA_ID": "04LS", "NAME": "Louisiana National Guard", "TYPE": "Heliport", "OWNER": "State of Louisiana", "OWNERSHIP": "Public" }, "geometry": { "type": "Polygon", "coordinates": [ [ [ -91.105267642684652, 30.446134618809349 ], [ -91.105260312559409, 30.44596665050917 ], [ -91.105062592494505, 30.445972158480249 ], [ -91.105070882546826, 30.446141800003566 ], [ -91.105267642684652, 30.446134618809349 ] ] ] } },
{ "type": "Feature", "properties": { "ID": 10, "FAA_ID": "49LA", "NAME": "Baton Rouge Police", "TYPE": "Heliport", "OWNER": "City of Baton Rouge-Parish of East Baton Rouge", "OWNERSHIP": "Private" }, "geometry": { "type": "Polygon", "coordinates": [ [ [ -91.092086124074626, 30.44480813999364 ], [ -91.091984094102685, 30.444660957926263 ], [ -91.091799304770632, 30.444760164312779 ], [ -91.091900153936038, 30.444904769824021 ], [ -91.092086124074626, 30.44480813999364 ] ] ] } },
{ "type": "Feature", "properties": { "ID": 11, "FAA_ID": "LA99", "NAME": "Medical Center of Baton Rouge", "TYPE": "Heliport", "OWNER": "Ochsner Medical Center of BR", "OWNERSHIP": "Private" }, "geometry": { "type": "Polygon", "coordinates": [ [ [ -90.999373628885891, 30.441975426813745 ], [ -90.999377105126243, 30.441977603298909 ], [ -90.99938174203038, 30.441980141744217 ], [ -90.999384133719346, 30.441981304254785 ], [ -90.999386571462651, 30.441982393812918 ], [ -90.999389052143087, 30.441983408606433 ], [ -90.999391572643404, 30.441984346823332 ], [ -90.999394128796141, 30.441985209355249 ], [ -90.999396717487087, 30.441985993487922 ], [ -90.999399337678156, 30.441986698316814 ], [ -90.999401984166894, 30.441987322926597 ], [ -90.999404653829941, 30.441987867309365 ], [ -90.999407343547048, 30.441988330555194 ], [ -90.999410051239025, 30.441988711756778 ], [ -90.999412772741437, 30.441989010903537 ], [ -90.999415503889892, 30.441989227985065 ], [ -90.999418242608229, 30.441989361191816 ], [ -90.999420984728999, 30.441989411415431 ], [ -90.999423728169972, 30.441989378650593 ], [ -90.999426467725613, 30.441989262884249 ], [ -90.999429200272658, 30.441989064108423 ], [ -90.999431924769937, 30.44198878232055 ], [ -90.999434634967827, 30.441988418406893 ], [ -90.999437328784154, 30.441987972362266 ], [ -90.999440004133547, 30.441987445083385 ], [ -90.999442655810583, 30.44198683655717 ], [ -90.999445280685933, 30.441986148579879 ], [ -90.999447876677181, 30.44198538114626 ], [ -90.999450440655167, 30.441984536052605 ], [ -90.999452968455316, 30.441983613288365 ], [ -90.99945545694834, 30.441982614649778 ], [ -90.999457904048924, 30.44198154103373 ], [ -90.999460306627753, 30.441980394236502 ], [ -90.999462661558439, 30.441979175152209 ], [ -90.999464964673507, 30.441977884672443 ], [ -90.999467215960905, 30.441976526405568 ], [ -90.99946940917394, 30.44197510033576 ], [ -90.99947154430653, 30.441973608267169 ], [ -90.999473618229402, 30.441972051996128 ], [ -90.999475627807001, 30.441970435122968 ], [ -90.999477570960224, 30.441968756740486 ], [ -90.999479445591604, 30.441967021353676 ], [ -90.999481247530767, 30.44196523075621 ], [ -90.999482977815759, 30.441963385852812 ], [ -90.999484631228881, 30.441961490238707 ], [ -90.999486207767163, 30.441959544815873 ], [ -90.99948770429512, 30.441957553184817 ], [ -90.999489119762615, 30.441955518049035 ], [ -90.999490453125432, 30.441953440308147 ], [ -90.999491700207088, 30.441951323559799 ], [ -90.999492862039546, 30.441949170512906 ], [ -90.999493935490435, 30.441946983865762 ], [ -90.999494920553715, 30.44194476542258 ], [ -90.999495815134978, 30.441942518786423 ], [ -90.999496619225241, 30.441940246663442 ], [ -90.999497330736091, 30.441937950852594 ], [ -90.999497948611392, 30.441935635861633 ], [ -90.999498472848089, 30.441933302592648 ], [ -90.999498902389874, 30.44193095555331 ], [ -90.999499237230722, 30.441928596547861 ], [ -90.999499477358498, 30.441926229184585 ], [ -90.999499620681917, 30.441923856164429 ], [ -90.999499668235984, 30.441921479294166 ], [ -90.999499620005622, 30.441919103084246 ], [ -90.999499475981622, 30.441916730240788 ], [ -90.999499236158059, 30.441914362567999 ], [ -90.999498900522696, 30.441912003674258 ], [ -90.999498470107611, 30.441909656268287 ], [ -90.999497944900611, 30.441907323958468 ], [ -90.999497325936815, 30.441905008551533 ], [ -90.999496614248216, 30.441902712756416 ], [ -90.999495809819578, 30.44190044108344 ], [ -90.99949491473015, 30.441898194439929 ], [ -90.999493928967809, 30.441895976434143 ], [ -90.999492854605663, 30.441893789777719 ], [ -90.999491692675647, 30.441891637179328 ], [ -90.999490444212881, 30.441889520445859 ], [ -90.999489111287417, 30.441887443190851 ], [ -90.999487694931304, 30.441885408123056 ], [ -90.999486197220591, 30.441883417052114 ], [ -90.99948462023147, 30.441881471787219 ], [ -90.999482966031024, 30.441879576844038 ], [ -90.999481236701428, 30.441877732227898 ], [ -90.999479433271588, 30.441875941549664 ], [ -90.999477557817741, 30.441874206618763 ], [ -90.999475614498124, 30.441872529249896 ], [ -90.999473604344871, 30.441870912151884 ], [ -90.999471530475105, 30.44186935713677 ], [ -90.999469394968074, 30.441867865111828 ], [ -90.99946720093493, 30.441866439693278 ], [ -90.999464949416705, 30.441865080883741 ], [ -90.999462645609938, 30.441863791402628 ], [ -90.999460290549507, 30.441862573056685 ], [ -90.999457888396904, 30.441861426758475 ], [ -90.999455441231277, 30.441860353415422 ], [ -90.999452951128717, 30.441859354836801 ], [ -90.999450423288664, 30.441858432839989 ], [ -90.999447859790322, 30.441857588332248 ], [ -90.999445263756982, 30.441856821321561 ], [ -90.999442638305837, 30.441856133619897 ], [ -90.999439985516076, 30.441855526134585 ], [ -90.999437311634367, 30.441854998881425 ], [ -90.999434616654526, 30.441854553664559 ], [ -90.99943190578216, 30.441854190497068 ], [ -90.999429182140489, 30.441853909386943 ], [ -90.99942644884986, 30.4418537112441 ], [ -90.999423709033465, 30.441853596076374 ], [ -90.999420966855766, 30.441853563894306 ], [ -90.999418224398966, 30.441853614703209 ], [ -90.999415485827484, 30.441853748513601 ], [ -90.999412754264554, 30.441853965333301 ], [ -90.999410033874625, 30.441854265172843 ], [ -90.999407325701853, 30.441854647132754 ], [ -90.999404635995816, 30.441855110326792 ], [ -90.999401965794561, 30.441855655659563 ], [ -90.999399320309735, 30.441856281340247 ], [ -90.999396700585407, 30.441856986469219 ], [ -90.999394111827172, 30.441857771059713 ], [ -90.999391555082056, 30.441858633310204 ], [ -90.999389035555708, 30.441859573233749 ], [ -90.999386555339342, 30.441860588129519 ], [ -90.999384117556232, 30.44186167800526 ], [ -90.999381726376896, 30.441862841067469 ], [ -90.999379381807415, 30.441864075511958 ], [ -90.999377090097454, 30.441865380452338 ], [ -90.999374851252966, 30.441866754084632 ], [ -90.99937266944454, 30.441868194615008 ], [ -90.999370547798506, 30.441869701149482 ], [ -90.999368488409118, 30.441871270084803 ], [ -90.999366492317549, 30.441872901423782 ], [ -90.99936456474147, 30.441874591571118 ], [ -90.999362705683808, 30.441876339624834 ], [ -90.999360919321205, 30.441878141987132 ], [ -90.999359205653661, 30.441879998657996 ], [ -90.999357568860688, 30.441881905137592 ], [ -90.999356008945398, 30.441883860523863 ], [ -90.999354530081249, 30.441885862120994 ], [ -90.999353132277406, 30.441887907222881 ], [ -90.999351818666184, 30.441889993131063 ], [ -90.999350589253751, 30.441892118041544 ], [ -90.999349447175575, 30.441894278353796 ], [ -90.999348392437611, 30.441896472263718 ], [ -90.999347427131269, 30.441898697070343 ], [ -90.999346551268644, 30.441900949165316 ], [ -90.999345767979179, 30.441903226752419 ], [ -90.999345077271883, 30.441905527125435 ], [ -90.999344479158992, 30.44190784667607 ], [ -90.999343975731762, 30.441910182703303 ], [ -90.99934356699633, 30.441912533402981 ], [ -90.999343252967833, 30.441914894264766 ], [ -90.999343033652309, 30.441917263484552 ], [ -90.999342911144197, 30.441919637459225 ], [ -90.999342884408406, 30.441922014381984 ], [ -90.999342953460143, 30.4419243897425 ], [ -90.999343119346563, 30.441926761739243 ], [ -90.999343379994571, 30.441929127660718 ], [ -90.999343736454421, 30.441931484803277 ], [ -90.999344187700146, 30.441933828654026 ], [ -90.999344732693743, 30.441936158308181 ], [ -90.999345371450332, 30.441938469255341 ], [ -90.999346103975952, 30.441940759691409 ], [ -90.999346928197582, 30.441943026904859 ], [ -90.999347843086241, 30.441945267284758 ], [ -90.999348848651081, 30.441947478124913 ], [ -90.999349941774796, 30.441949657613272 ], [ -90.999351123507608, 30.441951803046173 ], [ -90.999352389697279, 30.441953910804848 ], [ -90.999353741390962, 30.441955979087759 ], [ -90.999355175474477, 30.441958005180815 ], [ -90.999356689874688, 30.441959986372549 ], [ -90.99935828459769, 30.441961920858663 ], [ -90.999359955491201, 30.441963805020524 ], [ -90.999361701517145, 30.441965637953317 ], [ -90.999363520602486, 30.441967416945477 ], [ -90.999365410674045, 30.441969139285675 ], [ -90.999367368611573, 30.441970804063896 ], [ -90.999369393386104, 30.44197240766918 ], [ -90.999371480836274, 30.441973949188935 ], [ -90.999373628885891, 30.441975426813745 ] ] ] } },
{ "type": "Feature", "properties": { "ID": 12, "FAA_ID": "29LA", "NAME": "Our Lady of the Lake RMC", "TYPE": "Heliport", "OWNER": "Our Lady of the Lake RMC", "OWNERSHIP": "Private" }, "geometry": { "type": "Polygon", "coordinates": [ [ [ -91.106218107301103, 30.404487114909024 ], [ -91.106300339204935, 30.404358865145266 ], [ -91.105816577076197, 30.404131299163115 ], [ -91.105732231021477, 30.404265008960753 ], [ -91.106218107301103, 30.404487114909024 ] ] ] } },
{ "type": "Feature", "properties": { "ID": 13, "FAA_ID": "LA00", "NAME": "Baton Rouge General Medical Center", "TYPE": "Heliport", "OWNER": "Baton Rouge General Hospital", "OWNERSHIP": "Private" }, "geometry": { "type": "Polygon", "coordinates": [ [ [ -91.09485124691534, 30.395372505683511 ], [ -91.094851468039096, 30.395378360669191 ], [ -91.094851755527543, 30.395381279460324 ], [ -91.094852160631689, 30.395384187638481 ], [ -91.094852682317537, 30.395387082495599 ], [ -91.094853320595774, 30.395389959521214 ], [ -91.094854073393961, 30.395392815103168 ], [ -91.094854941759166, 30.395395646537068 ], [ -91.094855922580436, 30.395398449306892 ], [ -91.094857015862019, 30.395401221608399 ], [ -91.094858220574167, 30.395403958929244 ], [ -91.094859534644314, 30.395406657657421 ], [ -91.094860957038421, 30.395409315084688 ], [ -91.094862484641041, 30.39541192849914 ], [ -91.094864116422443, 30.395414493388515 ], [ -91.094865851346299, 30.395417007946655 ], [ -91.094867686301669, 30.395419467657561 ], [ -91.094869618168815, 30.395421871613468 ], [ -91.094871646960698, 30.39542421440181 ], [ -91.094873767476443, 30.395426495111195 ], [ -91.094875979724776, 30.395428710133118 ], [ -91.094878279549633, 30.395430856753965 ], [ -91.094880663835738, 30.395432932261734 ], [ -91.094883130506091, 30.395434934848474 ], [ -91.09488567644533, 30.395436861802331 ], [ -91.094888298540411, 30.395438709509278 ], [ -91.094890992628706, 30.395440477961838 ], [ -91.094893756639877, 30.395442162645718 ], [ -91.094896587452098, 30.395443763555406 ], [ -91.094899480909277, 30.395445277977007 ], [ -91.094902432855562, 30.395446703196836 ], [ -91.094905440171175, 30.395448038307112 ], [ -91.094908500777066, 30.395449282401984 ], [ -91.094911608435993, 30.395450432763887 ], [ -91.094914761071109, 30.395451487585046 ], [ -91.094917953477065, 30.395452447757972 ], [ -91.094921183581349, 30.395453309670664 ], [ -91.09492444617868, 30.395454074215742 ], [ -91.094927737113025, 30.395454738679504 ], [ -91.094931053260424, 30.395455303958325 ], [ -91.094934389422065, 30.39545576823879 ], [ -91.094937743516738, 30.395456131516941 ], [ -91.094941109302866, 30.395456392879584 ], [ -91.09494448365858, 30.395456552321036 ], [ -91.094947862423552, 30.395456608931699 ], [ -91.094951241431048, 30.395456564508216 ], [ -91.094954616522813, 30.395456417238918 ], [ -91.094957983534272, 30.395456168018438 ], [ -91.09496133830288, 30.395455816839267 ], [ -91.094964677704681, 30.395455364597762 ], [ -91.094967995495878, 30.395454811282747 ], [ -91.094971290631605, 30.395454158696523 ], [ -91.09497455687027, 30.395453405925775 ], [ -91.09497779004289, 30.395452555669134 ], [ -91.094980988070333, 30.395451607020927 ], [ -91.094984144700319, 30.395450563578134 ], [ -91.094987258894335, 30.395449424436915 ], [ -91.094990324404364, 30.395448191390038 ], [ -91.094993338102029, 30.395446867138222 ], [ -91.094996297903947, 30.395445452579867 ], [ -91.094999197564221, 30.395443948605735 ], [ -91.095002036035723, 30.395442357920246 ], [ -91.095004808108897, 30.395440683220265 ], [ -91.095007511702519, 30.395438924502084 ], [ -91.0950101416026, 30.395437086266796 ], [ -91.09501269676862, 30.395435168512435 ], [ -91.095015173029381, 30.39543317483993 ], [ -91.09501756829718, 30.395431107951733 ], [ -91.095019878405196, 30.395428969644605 ], [ -91.095022100225052, 30.395426762619213 ], [ -91.095024232709761, 30.395424489579845 ], [ -91.095026271688113, 30.395422154127449 ], [ -91.095028216117299, 30.395419757162166 ], [ -91.095030062862591, 30.39541730409093 ], [ -91.09503180879986, 30.395414795810314 ], [ -91.095033453918347, 30.395412236830595 ], [ -91.095034994051261, 30.395409628948613 ], [ -91.095036428147139, 30.395406976672842 ], [ -91.09503775515897, 30.395404282707712 ], [ -91.095038972998935, 30.395401549755722 ], [ -91.095040079577146, 30.395398781421537 ], [ -91.095041074882886, 30.39539598221554 ], [ -91.095041955789853, 30.39539315393629 ], [ -91.095042723327992, 30.395390301096171 ], [ -91.095043374368871, 30.395387426395772 ], [ -91.095043909944465, 30.395384533445348 ], [ -91.095044329003429, 30.395381626753473 ], [ -91.095044630498592, 30.395378709024541 ], [ -91.095044814421314, 30.395375783866925 ], [ -91.095044880762956, 30.395372854889008 ], [ -91.095044658587213, 30.3953669999017 ], [ -91.095044371093152, 30.395364081110984 ], [ -91.095043965983407, 30.395361172933374 ], [ -91.095043444292173, 30.395358278076991 ], [ -91.095042807049239, 30.395355401054182 ], [ -91.095042053205262, 30.395352545471404 ], [ -91.095041185875772, 30.395349714040517 ], [ -91.095040204009152, 30.395346911270199 ], [ -91.095039110723036, 30.395344138970191 ], [ -91.095037906006624, 30.395341401650906 ], [ -91.095036591932427, 30.395338702924466 ], [ -91.095035170575315, 30.395336045500898 ], [ -91.095033642969284, 30.395333432088414 ], [ -91.095032010144251, 30.395330867199224 ], [ -91.095030276258299, 30.395328352645059 ], [ -91.09502844130057, 30.395325892936349 ], [ -91.095026508388713, 30.395323489882948 ], [ -91.095024480637974, 30.39532114619664 ], [ -91.09502235908036, 30.395318865487759 ], [ -91.095020147871878, 30.395316650470072 ], [ -91.095017848046595, 30.395314503851679 ], [ -91.095015462719886, 30.395312428344393 ], [ -91.095012996049903, 30.395310425760027 ], [ -91.095010450109186, 30.395308499710726 ], [ -91.095007829058105, 30.395306651105898 ], [ -91.095005133930727, 30.395304882653818 ], [ -91.095002369921488, 30.395303197972165 ], [ -91.094999539111598, 30.395301597064666 ], [ -91.094996646697666, 30.395300082647083 ], [ -91.094993693713803, 30.395298657427407 ], [ -91.09499068640153, 30.395297322319113 ], [ -91.094987626839881, 30.39529607822794 ], [ -91.094984518144287, 30.395294927865873 ], [ -91.094981366554038, 30.395293873048264 ], [ -91.094978173111954, 30.39529291287495 ], [ -91.094974944053007, 30.395292050965477 ], [ -91.094971681460592, 30.395291286421607 ], [ -91.094968389490717, 30.395290621957017 ], [ -91.094965074389251, 30.395290056680963 ], [ -91.094961737192392, 30.395289592399418 ], [ -91.094958384143894, 30.395289229123708 ], [ -91.094955018363365, 30.395288967761537 ], [ -91.094951644013335, 30.395288808320313 ], [ -91.094948265254033, 30.395288751709792 ], [ -91.094944886252293, 30.395288796133201 ], [ -91.094941511166212, 30.395288943402203 ], [ -91.09493814416038, 30.395289192622268 ], [ -91.094934788356653, 30.395289543799016 ], [ -91.094931450000928, 30.395289996041672 ], [ -91.094928131174385, 30.395290549353891 ], [ -91.094924837084463, 30.395291201940953 ], [ -91.094921570850744, 30.395291954710544 ], [ -91.09491833664228, 30.395292804963926 ], [ -91.09491513965996, 30.395293753612545 ], [ -91.094911981993633, 30.395294797051861 ], [ -91.0949088688442, 30.395295936193257 ], [ -91.094905802297234, 30.395297169236393 ], [ -91.094902788602965, 30.395298493486219 ], [ -91.094899829844692, 30.395299908044446 ], [ -91.094896929146529, 30.395301412014593 ], [ -91.094894090677343, 30.395303002697926 ], [ -91.094891318606116, 30.395304677395604 ], [ -91.094888616054746, 30.395306436113337 ], [ -91.094885985113052, 30.395308275246538 ], [ -91.094883429950073, 30.395310192096382 ], [ -91.094880953689724, 30.395312185766521 ], [ -91.094878559462572, 30.395314252654149 ], [ -91.094876249354172, 30.395316390958858 ], [ -91.09487402649286, 30.395318597979987 ], [ -91.094871895047646, 30.395320871018885 ], [ -91.094869855024982, 30.395323207369241 ], [ -91.094867911636641, 30.395325603431996 ], [ -91.094866064889047, 30.395328056501011 ], [ -91.094864317908517, 30.395330564777652 ], [ -91.094862673827635, 30.395333123757194 ], [ -91.094861133691367, 30.395335731637196 ], [ -91.09485969855119, 30.395338383909291 ], [ -91.094858371535466, 30.395341077872679 ], [ -91.094857153691279, 30.395343810823039 ], [ -91.09485604710855, 30.395346579155738 ], [ -91.094855052838724, 30.395349378362255 ], [ -91.09485417088618, 30.395352206638421 ], [ -91.094853404383556, 30.395355059479346 ], [ -91.094852752296802, 30.395357934176936 ], [ -91.094852216715722, 30.395360827126613 ], [ -91.094851797651287, 30.395363733817884 ], [ -91.094851496150497, 30.395366651546393 ], [ -91.09485131222209, 30.395369576703736 ], [ -91.09485124691534, 30.395372505683511 ] ] ] } },
{ "type": "Feature", "properties": { "ID": 14, "FAA_ID": "LA05", "NAME": "Baton Rouge", "TYPE": "Heliport", "OWNER": "Baton Rouge Helicopters Inc", "OWNERSHIP": "Private" }, "geometry": { "type": "Polygon", "coordinates": [ [ [ -91.050017899044462, 30.365690868474303 ], [ -91.050018177645853, 30.365698236534449 ], [ -91.050018541687237, 30.365701908867969 ], [ -91.050019055571184, 30.365705567991231 ], [ -91.050019717229944, 30.365709209389316 ], [ -91.050020526676505, 30.365712828551686 ], [ -91.05002148392623, 30.365716420065766 ], [ -91.050022585868447, 30.36571998031658 ], [ -91.050023832516132, 30.365723504793458 ], [ -91.050025221801505, 30.365726988981624 ], [ -91.050026751659445, 30.365730427463983 ], [ -91.05002842001447, 30.365733818431785 ], [ -91.050030225844253, 30.365737155568276 ], [ -91.050032167078498, 30.365740435260562 ], [ -91.050034239568873, 30.365743652989153 ], [ -91.050036442282789, 30.36574680604561 ], [ -91.050038772112202, 30.365749889912728 ], [ -91.050041224908725, 30.365752900071101 ], [ -91.050043799639852, 30.365755833812187 ], [ -91.050046492157136, 30.365758686616619 ], [ -91.050049299349979, 30.365761454869268 ], [ -91.050052217064874, 30.36576413585497 ], [ -91.05005524219122, 30.365766725958562 ], [ -91.050058370578057, 30.365769221562854 ], [ -91.050061598071864, 30.365771619952497 ], [ -91.050064922599745, 30.365773918416863 ], [ -91.050068336889865, 30.365776113331872 ], [ -91.050071839907034, 30.365778202891125 ], [ -91.050075425419692, 30.365780183472758 ], [ -91.050079088231456, 30.365782053261619 ], [ -91.050082826269431, 30.365783809546777 ], [ -91.050086633296857, 30.365785450510757 ], [ -91.050090504117435, 30.365786974338175 ], [ -91.050094434577574, 30.365788378313759 ], [ -91.050098419480847, 30.365789660622276 ], [ -91.050102454666103, 30.365790821254688 ], [ -91.050106534942046, 30.365791856591617 ], [ -91.050110654064156, 30.365792767521558 ], [ -91.050114807879083, 30.365793551329503 ], [ -91.050118991187745, 30.365794207102077 ], [ -91.05012319774832, 30.365794734825975 ], [ -91.050127424442394, 30.3657951335924 ], [ -91.05013166398787, 30.365795403385668 ], [ -91.050135912228654, 30.365795542392757 ], [ -91.050140162920201, 30.365795551502362 ], [ -91.050144411901428, 30.365795430705475 ], [ -91.050148652932975, 30.365795179086813 ], [ -91.050152881848433, 30.365794798441446 ], [ -91.050157091365719, 30.365794288753943 ], [ -91.050161278361244, 30.365793650919624 ], [ -91.050165436593218, 30.365792884925082 ], [ -91.050169560857441, 30.365791991661364 ], [ -91.050173646985073, 30.365790973825742 ], [ -91.050177688736767, 30.365789830502873 ], [ -91.050181680900693, 30.365788565289847 ], [ -91.050185619315627, 30.365787178177943 ], [ -91.050189499815176, 30.365785670962264 ], [ -91.05019331510951, 30.365784046333548 ], [ -91.050197063112847, 30.365782306091571 ], [ -91.05020073653786, 30.365780452024914 ], [ -91.050204333296278, 30.365778486835467 ], [ -91.050207848181373, 30.365776412316137 ], [ -91.050211274941049, 30.365774232062094 ], [ -91.050214612529828, 30.365771947875199 ], [ -91.050217853655312, 30.365769563348344 ], [ -91.050220996229172, 30.365767081183229 ], [ -91.050224036082426, 30.36576450407739 ], [ -91.050226969043621, 30.365761835630178 ], [ -91.050229791981494, 30.365759079443357 ], [ -91.050232500727191, 30.365756238214303 ], [ -91.050235092149492, 30.365753315544669 ], [ -91.050237562074301, 30.365750315936118 ], [ -91.050239909453651, 30.365747242092667 ], [ -91.050242130113418, 30.365744098515879 ], [ -91.050244220919865, 30.365740889709532 ], [ -91.050246180825013, 30.365737618377743 ], [ -91.050248005654765, 30.365734289022068 ], [ -91.050249693318293, 30.365730905246469 ], [ -91.050251243797547, 30.365727473365546 ], [ -91.050252651885884, 30.365723995172381 ], [ -91.05025391860822, 30.365720476081826 ], [ -91.05025504083082, 30.365716920597627 ], [ -91.050256018540821, 30.365713333230282 ], [ -91.050256848607049, 30.365709717581531 ], [ -91.050257531014125, 30.365706079063919 ], [ -91.050258065749148, 30.365702422187969 ], [ -91.050258450718758, 30.365698751459622 ], [ -91.050258685912652, 30.365695070487295 ], [ -91.050258772355704, 30.365691384685789 ], [ -91.050258492693658, 30.365684017526021 ], [ -91.050258128643478, 30.365680345193134 ], [ -91.05025761475342, 30.36567668516869 ], [ -91.050256953083533, 30.36567304467383 ], [ -91.050256143628729, 30.365669425512905 ], [ -91.05025518637099, 30.365665834000431 ], [ -91.050254084421027, 30.365662273751578 ], [ -91.050252837765939, 30.36565874927679 ], [ -91.050251449513823, 30.365655265093217 ], [ -91.050249918611556, 30.365651825709083 ], [ -91.050248250247776, 30.365648435646026 ], [ -91.050246444412309, 30.365645098512491 ], [ -91.050244503172834, 30.365641818823278 ], [ -91.050242430680328, 30.36563860019578 ], [ -91.050240227962291, 30.365635447142669 ], [ -91.050237898126724, 30.365632364181124 ], [ -91.050235445327218, 30.365629354026289 ], [ -91.050232870593703, 30.365626420288844 ], [ -91.050230178074671, 30.365623567488129 ], [ -91.050227370880677, 30.365620799239196 ], [ -91.050224453165256, 30.365618118257284 ], [ -91.050221428039038, 30.36561552815736 ], [ -91.05021829965294, 30.365613032556908 ], [ -91.050215072160512, 30.36561063417092 ], [ -91.050211747634592, 30.365608335710302 ], [ -91.050208333347072, 30.365606140798878 ], [ -91.050204830333129, 30.365604051243171 ], [ -91.050201244824223, 30.365602070664902 ], [ -91.050197582016807, 30.365600200879374 ], [ -91.050193843983706, 30.365598444597339 ], [ -91.050190038001958, 30.365596803638656 ], [ -91.050186166146986, 30.365595279811849 ], [ -91.0501822356932, 30.365593875838886 ], [ -91.050178250799249, 30.365592592630787 ], [ -91.050174215618597, 30.365591432902633 ], [ -91.050170135352744, 30.365590396665763 ], [ -91.050166016235892, 30.365589486639639 ], [ -91.050161862429107, 30.36558870283331 ], [ -91.050157679131374, 30.365588046159903 ], [ -91.050153472579382, 30.365587518437085 ], [ -91.050149245894033, 30.365587119671524 ], [ -91.050145006354825, 30.365586850780854 ], [ -91.050140758122964, 30.365586711774082 ], [ -91.050136507440342, 30.365586702664523 ], [ -91.050132258467997, 30.365586823461065 ], [ -91.050128017447889, 30.365587074177213 ], [ -91.050123788541185, 30.365587454821725 ], [ -91.050119579032497, 30.365587964508205 ], [ -91.050115392042798, 30.365588603243392 ], [ -91.050111233818981, 30.36558936923635 ], [ -91.050107109565204, 30.365590261596232 ], [ -91.050103023442574, 30.365591280331884 ], [ -91.050098981700685, 30.365592422750538 ], [ -91.050094989541023, 30.365593688863143 ], [ -91.050091051132483, 30.36559507597245 ], [ -91.050087171679166, 30.365596583187564 ], [ -91.050083355349997, 30.365598207811036 ], [ -91.05007960735162, 30.365599948049862 ], [ -91.050075933930998, 30.365601802113236 ], [ -91.050072337176459, 30.365603767299337 ], [ -91.050068822294648, 30.36560584181511 ], [ -91.050065395537644, 30.36560802206558 ], [ -91.050062057950939, 30.365610306248747 ], [ -91.050058816826933, 30.365612690771965 ], [ -91.050055674253898, 30.365615172933261 ], [ -91.050052634400842, 30.365617750035369 ], [ -91.050049701439221, 30.365620418478834 ], [ -91.050046878500282, 30.365623174661891 ], [ -91.050044169752908, 30.365626015887251 ], [ -91.05004157832829, 30.365628938553215 ], [ -91.050039108400611, 30.365631938158234 ], [ -91.050036761020351, 30.365635011096121 ], [ -91.050034540356521, 30.365638154669558 ], [ -91.050032449542869, 30.365641364374735 ], [ -91.05003048963259, 30.365644635703426 ], [ -91.050028664797196, 30.365647965056159 ], [ -91.05002697713013, 30.365651347926949 ], [ -91.050025427682044, 30.365654780709647 ], [ -91.050024018546424, 30.365658258898186 ], [ -91.050022751816726, 30.365661777986613 ], [ -91.050021629586482, 30.365665333468851 ], [ -91.050020651868465, 30.365668920834473 ], [ -91.050019821793953, 30.365672536481778 ], [ -91.050019139381021, 30.365676174096158 ], [ -91.050018604634744, 30.365679831873315 ], [ -91.05001821965638, 30.365683502600962 ], [ -91.050017984453589, 30.365687183572838 ], [ -91.050017899044462, 30.365690868474303 ] ] ] } },
{ "type": "Feature", "properties": { "ID": 15, "FAA_ID": "96LA", "NAME": "Louisiana State Police Troop A", "TYPE": "Heliport", "OWNER": "State of Louisiana", "OWNERSHIP": "Public" }, "geometry": { "type": "Polygon", "coordinates": [ [ [ -91.031449936135687, 30.347437134750979 ], [ -91.031433331071284, 30.347357544575924 ], [ -91.031341895236025, 30.347371893796907 ], [ -91.031358501266965, 30.347451484887632 ], [ -91.031449936135687, 30.347437134750979 ] ] ] } },
{ "type": "Feature", "properties": { "ID": 16, "FAA_ID": "LS00", "NAME": "Whitehead", "TYPE": "Ultralight", "OWNER": "W.B. Whitehead Jr.", "OWNERSHIP": "Private" }, "geometry": { "type": "Polygon", "coordinates": [ [ [ -91.116253049696184, 30.675167613891091 ], [ -91.116260620291357, 30.674671662305926 ], [ -91.113145289097048, 30.674674930409928 ], [ -91.113163600004398, 30.675187737456731 ], [ -91.116253049696184, 30.675167613891091 ] ] ] } },
{ "type": "Feature", "properties": { "ID": 17, "FAA_ID": "LS54", "NAME": "Brian's", "TYPE": "Ultralight", "OWNER": "Ronald Brian", "OWNERSHIP": "Private" }, "geometry": { "type": "Polygon", "coordinates": [ [ [ -91.194961416192399, 30.693987368249864 ], [ -91.194888228345278, 30.693848929499822 ], [ -91.190572770299227, 30.695884971562851 ], [ -91.190655038455432, 30.696006177823726 ], [ -91.194961416192399, 30.693987368249864 ] ] ] } },
{ "type": "Feature", "properties": { "ID": 18, "FAA_ID": "1LA0", "NAME": "Woman's Hospital", "TYPE": "Heliport", "OWNER": "Woman's Hospital Foundation", "OWNERSHIP": "Private" }, "geometry": { "type": "Polygon", "coordinates": [ [ [ -91.039021333775636, 30.384884719835533 ], [ -91.039022479457529, 30.384887503552036 ], [ -91.039025881559184, 30.384894654834447 ], [ -91.039027796158507, 30.384898148409182 ], [ -91.039029850362112, 30.384901582756441 ], [ -91.039032042107792, 30.384904951556781 ], [ -91.039034368279317, 30.384908252999121 ], [ -91.039036826811767, 30.384911481666332 ], [ -91.03903941251599, 30.384914633036232 ], [ -91.039042124356769, 30.38491770530246 ], [ -91.039044959228619, 30.384920693045405 ], [ -91.039047911939775, 30.384923592645169 ], [ -91.039050979376739, 30.384926401388487 ], [ -91.039054158428584, 30.384929115660054 ], [ -91.039057444944035, 30.384931731842247 ], [ -91.039060835812279, 30.384934246319677 ], [ -91.039064324795618, 30.384936657274373 ], [ -91.039067908783139, 30.384938961090882 ], [ -91.039071584664072, 30.384941154153999 ], [ -91.039075345157542, 30.384943235545286 ], [ -91.039079188195899, 30.384945200749765 ], [ -91.039083108579192, 30.384947048853707 ], [ -91.039087100072493, 30.38494877713692 ], [ -91.039091158521714, 30.384950382883879 ], [ -91.039095279767452, 30.384951865183215 ], [ -91.039099458615325, 30.384953221317037 ], [ -91.0391036898653, 30.384954450371673 ], [ -91.039107967279719, 30.384955550529156 ], [ -91.039112286701908, 30.384956519975873 ], [ -91.039116641888782, 30.384957358697971 ], [ -91.039121028683681, 30.384958064882053 ], [ -91.039125441889325, 30.38495863671227 ], [ -91.039129874219554, 30.384959075074608 ], [ -91.039134322555455, 30.38495937905989 ], [ -91.039138779613467, 30.384959548652066 ], [ -91.039143241236928, 30.384959582037506 ], [ -91.039147702217889, 30.384959481008945 ], [ -91.039152155278174, 30.384959243745964 ], [ -91.039156596247679, 30.384958872945582 ], [ -91.039161019926553, 30.384958367694058 ], [ -91.039165420071782, 30.384957727977532 ], [ -91.039169792515878, 30.384956955590951 ], [ -91.039174131013169, 30.384956051422517 ], [ -91.039178430358433, 30.384955016362717 ], [ -91.039182684303213, 30.384953852201896 ], [ -91.039186889726111, 30.384952558933016 ], [ -91.039191040375982, 30.384951139248528 ], [ -91.039195131044877, 30.384949594941066 ], [ -91.039199157565491, 30.38494792780547 ], [ -91.039203113689425, 30.384946139632127 ], [ -91.039206995249302, 30.38494423221589 ], [ -91.039210798072347, 30.384942209155934 ], [ -91.039214516953393, 30.384940071342687 ], [ -91.039218146679218, 30.384937822373008 ], [ -91.039221684120335, 30.38493546494626 ], [ -91.039225125106583, 30.384933001759425 ], [ -91.039228463387019, 30.384930435504874 ], [ -91.039231696867176, 30.384927770688464 ], [ -91.039234821382422, 30.384925008203059 ], [ -91.039237831714217, 30.384922153449583 ], [ -91.039240725773467, 30.384919209129642 ], [ -91.039243499387553, 30.384916178842499 ], [ -91.039246148380997, 30.384913067089226 ], [ -91.039248670667561, 30.38490987566944 ], [ -91.039251063107002, 30.384906610890788 ], [ -91.039253322569749, 30.384903275452704 ], [ -91.039255445923686, 30.384899872956559 ], [ -91.039257431071718, 30.38489640881021 ], [ -91.039259274881701, 30.384892886615187 ], [ -91.039260976302444, 30.384889309977488 ], [ -91.039262532193746, 30.384885685204853 ], [ -91.039263941509802, 30.384882014099098 ], [ -91.039265201107725, 30.384878303870011 ], [ -91.039266310979542, 30.384874557223945 ], [ -91.039267269030873, 30.384870778666652 ], [ -91.039268074202496, 30.384866974510462 ], [ -91.039268725446036, 30.384863147459445 ], [ -91.039269221704814, 30.384859302923687 ], [ -91.039269562963014, 30.384855446315818 ], [ -91.039269748169346, 30.384851581241854 ], [ -91.039269778348384, 30.384847713116731 ], [ -91.039269652446194, 30.384843846448504 ], [ -91.03926937044956, 30.384839985747625 ], [ -91.039268933382886, 30.384836136429026 ], [ -91.039268340194994, 30.38483230209869 ], [ -91.039267593991482, 30.384828488176137 ], [ -91.039266694756336, 30.384824700073924 ], [ -91.039265642481496, 30.384820940498347 ], [ -91.039264440269875, 30.384817215770937 ], [ -91.039263088110729, 30.384813529499979 ], [ -91.039261588071795, 30.384809886200717 ], [ -91.039259942220738, 30.384806290388116 ], [ -91.039258152622523, 30.384802747479373 ], [ -91.039256220309682, 30.384799260183101 ], [ -91.039254149428245, 30.384795833921103 ], [ -91.039251942048523, 30.384792472306376 ], [ -91.039249600238151, 30.384789179853875 ], [ -91.039247127108069, 30.384785960179066 ], [ -91.039244525769021, 30.384782816897157 ], [ -91.039241799326518, 30.384779755427729 ], [ -91.039238950896802, 30.384776777581727 ], [ -91.039235984625833, 30.384773888781176 ], [ -91.039232903629781, 30.384771090836981 ], [ -91.03922971101683, 30.384768388266675 ], [ -91.039226411981431, 30.384765783788076 ], [ -91.039223010675002, 30.384763281018817 ], [ -91.039219509170479, 30.384760882669713 ], [ -91.039215913702904, 30.384758591461008 ], [ -91.039212228423565, 30.38475641101024 ], [ -91.039208457486538, 30.384754344033031 ], [ -91.039204605048454, 30.384752392342715 ], [ -91.039200677344255, 30.384750558659555 ], [ -91.039196676449706, 30.384748844792302 ], [ -91.039192610683429, 30.38474725256366 ], [ -91.039188482115719, 30.384745785586635 ], [ -91.039184296989646, 30.384744443875103 ], [ -91.039180060499746, 30.384743230146903 ], [ -91.039175777845699, 30.384742145315709 ], [ -91.039171454224757, 30.3847411911973 ], [ -91.039167093796294, 30.384740368702985 ], [ -91.0391627038438, 30.384739677849002 ], [ -91.039158288521207, 30.384739121350908 ], [ -91.0391538540716, 30.384738699222524 ], [ -91.039149404659597, 30.38473841057105 ], [ -91.03914494652021, 30.38473825811672 ], [ -91.039140483820816, 30.3847382400645 ], [ -91.03913602488268, 30.384738357335095 ], [ -91.039131571786839, 30.384738609933095 ], [ -91.039127132859974, 30.384738996974992 ], [ -91.039122712264117, 30.384739518470013 ], [ -91.039118314163957, 30.384740173525326 ], [ -91.039113945845585, 30.384740961255016 ], [ -91.039109612514238, 30.384741880768665 ], [ -91.039105318334549, 30.384742931173445 ], [ -91.03910106955496, 30.384744110678994 ], [ -91.039096870340103, 30.384745418392548 ], [ -91.039092725895117, 30.384746853423639 ], [ -91.039088642473686, 30.384748412177668 ], [ -91.039084625281092, 30.3847500937643 ], [ -91.039080677444119, 30.384751896386202 ], [ -91.03907680417332, 30.384753817348681 ], [ -91.039073011719722, 30.384755853959465 ], [ -91.039069303207455, 30.384758005323324 ], [ -91.03906568281198, 30.384760266939143 ], [ -91.039062156781569, 30.384762637016593 ], [ -91.039058728245848, 30.384765112856346 ], [ -91.039055401380054, 30.384767689957346 ], [ -91.039052181389536, 30.384770367428921 ], [ -91.039049070368563, 30.384773140765368 ], [ -91.039046073530372, 30.384776006369918 ], [ -91.039043192966645, 30.384778960638762 ], [ -91.03904043388799, 30.384782000877248 ], [ -91.039037799429252, 30.38478512258197 ], [ -91.039035292722602, 30.384788322151437 ], [ -91.039032915859792, 30.384791595981884 ], [ -91.039030671975681, 30.384794939569876 ], [ -91.039028565243001, 30.384798349316377 ], [ -91.039026596715658, 30.384801820713111 ], [ -91.039024768487963, 30.384805349254385 ], [ -91.039023084732705, 30.384808931341063 ], [ -91.039021546503747, 30.38481256246504 ], [ -91.039020154854938, 30.384816238118095 ], [ -91.039018911883375, 30.384819952892403 ], [ -91.039017820718598, 30.384823704088607 ], [ -91.039016880338821, 30.38482748538982 ], [ -91.039016093876299, 30.384831293194551 ], [ -91.039015460306516, 30.384835122087985 ], [ -91.039014981723867, 30.384838967564264 ], [ -91.039014659179642, 30.384842826017387 ], [ -91.039014491651997, 30.384846691130384 ], [ -91.039014480189479, 30.384850560199261 ], [ -91.039014624813504, 30.384854426007394 ], [ -91.039014925532086, 30.384858285848352 ], [ -91.039015380282947, 30.38486213340299 ], [ -91.039015991157811, 30.384865965067512 ], [ -91.039016756089083, 30.384869776326862 ], [ -91.039017673011742, 30.384873561763893 ], [ -91.039018742977049, 30.384877317772382 ], [ -91.039019963922684, 30.384881038033299 ], [ -91.039021333775636, 30.384884719835533 ] ] ] } },
{ "type": "Feature", "properties": { "ID": 19, "FAA_ID": "BTR", "NAME": "Baton Rouge Metropolitan, Ryan Field", "TYPE": "Airport - Public Use", "OWNER": "City of Baton Rouge-Parish of East Baton Rouge", "OWNERSHIP": "Public" }, "geometry": { "type": "Polygon", "coordinates": [ [ [ -91.14343911728686, 30.539109255236113 ], [ -91.144074971448092, 30.538523565127075 ], [ -91.144190102042415, 30.538422450582914 ], [ -91.149021378749694, 30.534004461421929 ], [ -91.149350524320752, 30.533842686348795 ], [ -91.149617058940137, 30.533960611553855 ], [ -91.149761716942535, 30.534024612847993 ], [ -91.15005626248896, 30.53426549644286 ], [ -91.154977022454304, 30.538289485455337 ], [ -91.159250688042803, 30.541783890960733 ], [ -91.159271147514772, 30.541799413338534 ], [ -91.159281835593148, 30.541806699746608 ], [ -91.15929281188545, 30.541813657283132 ], [ -91.159304063900109, 30.541820277813198 ], [ -91.159315576017249, 30.541826554099757 ], [ -91.159327335748486, 30.541832476203709 ], [ -91.159339327469311, 30.541838039594172 ], [ -91.159351536605229, 30.541843235231475 ], [ -91.159363948575503, 30.541848057683996 ], [ -91.159376548800935, 30.541852500618184 ], [ -91.159389320616384, 30.541856558599846 ], [ -91.15940224839737, 30.541860227097949 ], [ -91.159415317561411, 30.541863501583215 ], [ -91.159428510398101, 30.541866378423983 ], [ -91.15944181232507, 30.541868853090911 ], [ -91.159455205630266, 30.541870922854489 ], [ -91.159468674685897, 30.541872584987953 ], [ -91.159482202818879, 30.54187383856743 ], [ -91.159495773359382, 30.541874680864801 ], [ -91.159509369634335, 30.541875110956116 ], [ -91.159522974968993, 30.541875128819473 ], [ -91.15953657268885, 30.541874734432977 ], [ -91.159550146119145, 30.541873927774756 ], [ -91.15956367858368, 30.541872709724963 ], [ -91.159577153403092, 30.54187108296788 ], [ -91.159590553901111, 30.541869048383706 ], [ -91.15960386339836, 30.541866608656687 ], [ -91.15961706729982, 30.541863766473966 ], [ -91.159630146838609, 30.541860526321084 ], [ -91.159643088460243, 30.541856891788608 ], [ -91.159655874440091, 30.541852867363517 ], [ -91.159668489137815, 30.541848457535696 ], [ -91.159680918995718, 30.541843667699659 ], [ -91.159693146286074, 30.541838504146629 ], [ -91.159705157451299, 30.541832972271109 ], [ -91.159716937885278, 30.541827081074622 ], [ -91.15972847194773, 30.541820835046959 ], [ -91.159739746073214, 30.54181424409294 ], [ -91.159750747743246, 30.541807315412768 ], [ -91.159761461311135, 30.541800057104378 ], [ -91.159771874255284, 30.541792478171956 ], [ -91.159781975094532, 30.54178458852309 ], [ -91.160744524239462, 30.540900105072694 ], [ -91.161477173927238, 30.540229254487684 ], [ -91.161506146621093, 30.540200290159113 ], [ -91.161519671733018, 30.540185122536919 ], [ -91.161532529569911, 30.540169527375749 ], [ -91.161544703421796, 30.540153525401351 ], [ -91.161556175531913, 30.54013714004434 ], [ -91.161566929188766, 30.540120392932486 ], [ -91.161576950801148, 30.540103309305788 ], [ -91.16158622469662, 30.540085912597522 ], [ -91.161594738329271, 30.540068226244962 ], [ -91.161602480190695, 30.540050276392837 ], [ -91.16160943877388, 30.540032088283937 ], [ -91.161630994923442, 30.539946880257194 ], [ -91.161634930494259, 30.539911095465296 ], [ -91.161635804674248, 30.53989313489879 ], [ -91.161635948342848, 30.53987515895183 ], [ -91.161635362503645, 30.539857190177099 ], [ -91.161634046078902, 30.539839249320412 ], [ -91.161632001111187, 30.539821360739918 ], [ -91.161629229649208, 30.539803545185428 ], [ -91.161625736864963, 30.53978582521496 ], [ -91.161621525847778, 30.539768222481765 ], [ -91.161616601771186, 30.539750758641805 ], [ -91.161610970850845, 30.539733455352362 ], [ -91.161604640343057, 30.539716335174084 ], [ -91.161597617508605, 30.539699417961486 ], [ -91.161589911691109, 30.539682724473842 ], [ -91.16158153223256, 30.539666276372504 ], [ -91.161572489520225, 30.53965009351592 ], [ -91.161562794981805, 30.539634196666068 ], [ -91.161552459007638, 30.539618603877425 ], [ -91.16154149719236, 30.539603336819319 ], [ -91.161529920971532, 30.539588411743484 ], [ -91.161517744899172, 30.53957384941577 ], [ -91.161504985621349, 30.539559666094732 ], [ -91.161491656653084, 30.53954588074081 ], [ -91.16147777672623, 30.539532508713094 ], [ -91.161463360397875, 30.539519568973436 ], [ -91.161448428487091, 30.539507075079605 ], [ -91.161432997636751, 30.539495045094007 ], [ -91.161343046606106, 30.539420157890927 ], [ -91.158990746219843, 30.537490164379221 ], [ -91.157371258056529, 30.536158529678268 ], [ -91.157364426339655, 30.536152501182823 ], [ -91.157361199373568, 30.53614933338568 ], [ -91.157358103882899, 30.536146069243308 ], [ -91.157355144029594, 30.5361427123695 ], [ -91.157352322931942, 30.536139267278696 ], [ -91.157349644751889, 30.536135737584612 ], [ -91.15734711156567, 30.536132127800336 ], [ -91.157344727531992, 30.536128443343685 ], [ -91.157342495770749, 30.53612468782708 ], [ -91.157340418356497, 30.536120866665602 ], [ -91.157338498407555, 30.536116984373756 ], [ -91.157336737998463, 30.536113046366477 ], [ -91.15733514024906, 30.53610905625623 ], [ -91.157333706191835, 30.536105019456766 ], [ -91.157332437901374, 30.536100941383076 ], [ -91.157331336410152, 30.53609682744905 ], [ -91.157330403794305, 30.53609268216746 ], [ -91.157329641086335, 30.536088510952247 ], [ -91.15732904931869, 30.536084319217021 ], [ -91.157328629525438, 30.536080111473439 ], [ -91.157328381695393, 30.536075894035918 ], [ -91.157328305820471, 30.536071671414586 ], [ -91.157328402933118, 30.536067449023346 ], [ -91.15732867198173, 30.536063232273001 ], [ -91.157329112956575, 30.536059026575899 ], [ -91.157329725848129, 30.536054837344324 ], [ -91.15733050960614, 30.536050669087231 ], [ -91.157331462136881, 30.536046527214111 ], [ -91.157332584472826, 30.536042417138646 ], [ -91.157333873478009, 30.53603834426908 ], [ -91.157335327060295, 30.536034313112818 ], [ -91.157336945210048, 30.536030329082212 ], [ -91.157338724792922, 30.536026396683305 ], [ -91.157340664755651, 30.536022522229139 ], [ -91.157342760925005, 30.53601870842035 ], [ -91.157343833152339, 30.53601699684301 ], [ -91.15734442132505, 30.536016166832052 ], [ -91.157345042811087, 30.536015355808647 ], [ -91.157345696568456, 30.536014563771197 ], [ -91.157346382595506, 30.536013791621887 ], [ -91.157347098803186, 30.536013042064141 ], [ -91.157347846235311, 30.536012314197151 ], [ -91.157348621763916, 30.536011608918965 ], [ -91.157349426426293, 30.536010928936967 ], [ -91.157350257097775, 30.536010273345081 ], [ -91.157351114818894, 30.536009643046661 ], [ -91.157351997502218, 30.536009039843123 ], [ -91.157352905147746, 30.536008463734433 ], [ -91.157353834627642, 30.536007915618427 ], [ -91.157354785940299, 30.536007396397213 ], [ -91.157355758041945, 30.536006906971494 ], [ -91.157356748848485, 30.536006447338405 ], [ -91.157357758359879, 30.536006017497986 ], [ -91.157358784488736, 30.53600561925165 ], [ -91.157359826192987, 30.536005252597846 ], [ -91.15736088243051, 30.536004917535337 ], [ -91.157361951113955, 30.536004615865448 ], [ -91.157363032246494, 30.536004345783986 ], [ -91.1573641237391, 30.536004109994408 ], [ -91.157365223510922, 30.536003906689793 ], [ -91.157366330516524, 30.536003737672871 ], [ -91.157367444757625, 30.53600360204161 ], [ -91.157368563106189, 30.536003500693891 ], [ -91.157369685562372, 30.536003433629784 ], [ -91.157370808999815, 30.536003400845011 ], [ -91.157371934460684, 30.536003402341038 ], [ -91.157373057776496, 30.536003438112264 ], [ -91.157374179989461, 30.536003508160153 ], [ -91.157375297973232, 30.536003612480474 ], [ -91.157376411727782, 30.536003751073316 ], [ -91.157377518128541, 30.536003923032403 ], [ -91.157378617173805, 30.536004129259755 ], [ -91.157379707824731, 30.536004367949957 ], [ -91.157380787993915, 30.536004640904359 ], [ -91.15738185560194, 30.536004945413929 ], [ -91.157382910645723, 30.53600528328284 ], [ -91.157383951044139, 30.536005652704265 ], [ -91.157384975755178, 30.536006053676697 ], [ -91.157385983736759, 30.536006486198861 ], [ -91.157386972907801, 30.536006948463807 ], [ -91.157387943268432, 30.536007440471579 ], [ -91.157388892734346, 30.536007962219404 ], [ -91.157389821307262, 30.536008512805214 ], [ -91.157390725862371, 30.536009091322775 ], [ -91.15739160640139, 30.536009696870074 ], [ -91.157392461882125, 30.536010329445773 ], [ -91.157393290223695, 30.536010987242896 ], [ -91.157394092469701, 30.536011669360875 ], [ -91.157394866534403, 30.536012376698832 ], [ -91.157395610338369, 30.536013106548072 ], [ -91.157396324925372, 30.536013858007721 ], [ -91.157397007167503, 30.536014631975767 ], [ -91.157397658111634, 30.536015425747461 ], [ -91.157398276717245, 30.536016238419283 ], [ -91.157398861942283, 30.536017069989978 ], [ -91.157399412746258, 30.536017919555935 ], [ -91.157399928091834, 30.536018784409755 ], [ -91.158994507920724, 30.537327301535374 ], [ -91.158988273310385, 30.537270196861915 ], [ -91.158983410680506, 30.537241824441118 ], [ -91.158977394148565, 30.537213617380178 ], [ -91.158970227818941, 30.537185612668704 ], [ -91.158961924139192, 30.537157843698839 ], [ -91.158952491383644, 30.537130346563565 ], [ -91.158941940955984, 30.537103155555698 ], [ -91.158930287387861, 30.537076304070141 ], [ -91.158917545209192, 30.537049826403848 ], [ -91.158903728954641, 30.537023754147622 ], [ -91.158888857322466, 30.53699812160384 ], [ -91.158872949015716, 30.536972960368708 ], [ -91.15885602273876, 30.536948301136452 ], [ -91.15883809928026, 30.536924174603861 ], [ -91.158819202553403, 30.536900612374009 ], [ -91.158799356477786, 30.536877642441851 ], [ -91.158778583929163, 30.53685529370274 ], [ -91.158756911951542, 30.536833595057793 ], [ -91.158734367593794, 30.536812572701823 ], [ -91.158710978945052, 30.536792253733026 ], [ -91.158686775141291, 30.536772662544994 ], [ -91.156479112900342, 30.534974000220007 ], [ -91.156458055034832, 30.534952047625374 ], [ -91.156448232980892, 30.534940587416415 ], [ -91.156438901249899, 30.534928823869286 ], [ -91.156430072316269, 30.534916774139614 ], [ -91.156421756573309, 30.534904453576498 ], [ -91.156413965454789, 30.534891878432209 ], [ -91.156406710394549, 30.534879064959178 ], [ -91.156399999696916, 30.534866031209681 ], [ -91.156393843751943, 30.534852794336761 ], [ -91.156388248781312, 30.534839371487777 ], [ -91.156383224129868, 30.534825781618583 ], [ -91.156378776020816, 30.534812040974511 ], [ -91.156374909627431, 30.534798170309795 ], [ -91.156371631172846, 30.534784185869803 ], [ -91.156368943749456, 30.534770106601904 ], [ -91.156366851488187, 30.534755953258902 ], [ -91.156365358528191, 30.534741742083362 ], [ -91.156306977017124, 30.534155444198532 ], [ -91.156190612771709, 30.529745130343507 ], [ -91.156176064061953, 30.528862871027215 ], [ -91.156156830795609, 30.528862089360469 ], [ -91.156148408840977, 30.528410168112938 ], [ -91.156135058314575, 30.527696296219048 ], [ -91.156130232257382, 30.52767033575703 ], [ -91.156128664475176, 30.527657256529096 ], [ -91.156127661536161, 30.527644135660573 ], [ -91.156127226533826, 30.527630991196727 ], [ -91.156127359434151, 30.527617842080776 ], [ -91.156128060203059, 30.527604707255932 ], [ -91.156129327769321, 30.527591602957685 ], [ -91.156131160011668, 30.527578549930531 ], [ -91.156133555857167, 30.527565565312155 ], [ -91.156136510065082, 30.527552666234591 ], [ -91.156144433915159, 30.527526175290568 ], [ -91.156149281672427, 30.527513149753126 ], [ -91.156154712641325, 30.527500298191125 ], [ -91.156160716369399, 30.527487638631701 ], [ -91.156167285526962, 30.527475190910334 ], [ -91.156174408618043, 30.527462973954588 ], [ -91.156182075190202, 30.527451005791669 ], [ -91.156443818522177, 30.527198117572471 ], [ -91.156474518617642, 30.527220578338611 ], [ -91.157123350043591, 30.526603605348548 ], [ -91.158439585624947, 30.525394693530121 ], [ -91.157234239040349, 30.524388571299557 ], [ -91.156645878004184, 30.523922370080403 ], [ -91.15661903771452, 30.523910790603974 ], [ -91.156605282521809, 30.523905617875524 ], [ -91.156591326524136, 30.523900865236865 ], [ -91.15657718742348, 30.523896539025905 ], [ -91.156562880841136, 30.523892643773799 ], [ -91.156548426566232, 30.523889184017225 ], [ -91.15653384126044, 30.523886165190738 ], [ -91.156519142632177, 30.523883590024095 ], [ -91.156504348389817, 30.523881461247125 ], [ -91.15648947728053, 30.523879783395145 ], [ -91.156474548059535, 30.523878556493141 ], [ -91.156459577393278, 30.523877783269644 ], [ -91.156444585078816, 30.523877463750974 ], [ -91.156429589868125, 30.523877599766397 ], [ -91.156414608435796, 30.523878189534038 ], [ -91.156399660578884, 30.52387923308039 ], [ -91.156384762971811, 30.523880728623638 ], [ -91.156369936455405, 30.523882675289617 ], [ -91.156355196663782, 30.523885070392954 ], [ -91.156340563400462, 30.523887910352112 ], [ -91.156326053341601, 30.523891192483113 ], [ -91.156311685250401, 30.523894912300847 ], [ -91.15629747684828, 30.523899065318783 ], [ -91.156283444816083, 30.523903646146906 ], [ -91.156269605834765, 30.523908649395231 ], [ -91.156255978669307, 30.523914069676586 ], [ -91.156242578961937, 30.523919899795537 ], [ -91.156229422356503, 30.523926131654481 ], [ -91.15621652657758, 30.523932758962772 ], [ -91.156203907270665, 30.523939772720961 ], [ -91.156191577995827, 30.523947164828602 ], [ -91.156179556482414, 30.523954926289029 ], [ -91.156167855251709, 30.523963047196371 ], [ -91.156156489950988, 30.52397151764902 ], [ -91.156145474143415, 30.52398032774262 ], [ -91.154970760799856, 30.525059393507526 ], [ -91.154076376066769, 30.52587556009497 ], [ -91.153855215807809, 30.525927434536889 ], [ -91.153040862835851, 30.525961970830366 ], [ -91.153176382518112, 30.525837195043074 ], [ -91.153389144623446, 30.525830635131328 ], [ -91.153413828706746, 30.525678167633021 ], [ -91.151502542523872, 30.525727002023903 ], [ -91.151497788830184, 30.525579283458441 ], [ -91.14578681797083, 30.525717328177521 ], [ -91.145789611739545, 30.525846192061294 ], [ -91.145813108398727, 30.52587055115605 ], [ -91.146900054593857, 30.526792563802211 ], [ -91.146925822389548, 30.526816857333923 ], [ -91.146937933589186, 30.526829590700448 ], [ -91.146949507470282, 30.526842692250948 ], [ -91.146960529475336, 30.526856145727951 ], [ -91.146970986092114, 30.526869933071442 ], [ -91.146980863805013, 30.526884038025493 ], [ -91.146990149105292, 30.526898440725908 ], [ -91.146998829522559, 30.526913123114099 ], [ -91.147006894672316, 30.526928066232379 ], [ -91.147014334171558, 30.526943250220917 ], [ -91.147021138676052, 30.526958657025528 ], [ -91.147027298848187, 30.526974264983757 ], [ -91.14703280638895, 30.526990054238777 ], [ -91.147037654039707, 30.527006005837222 ], [ -91.147041836632425, 30.527022097220406 ], [ -91.147045348994126, 30.527038308535861 ], [ -91.147052053569951, 30.527155210239659 ], [ -91.1470511738612, 30.527164780737575 ], [ -91.147050443857935, 30.527169539869494 ], [ -91.147049521130242, 30.527174274374683 ], [ -91.147048406733674, 30.527178977038023 ], [ -91.147047102760595, 30.527183643352267 ], [ -91.147045610263234, 30.527188267906439 ], [ -91.147043931339127, 30.527192843487168 ], [ -91.147042067038669, 30.527197365585543 ], [ -91.147040021541727, 30.527201827893052 ], [ -91.147037795900417, 30.527206224998778 ], [ -91.147035393249212, 30.527210552396856 ], [ -91.1470328156839, 30.527214803775877 ], [ -91.147030068423064, 30.527218974632866 ], [ -91.147027153562476, 30.527223058656325 ], [ -91.147024075276875, 30.527227052243852 ], [ -91.147020835662161, 30.527230949084103 ], [ -91.147017440977109, 30.527234745577584 ], [ -91.147013894356121, 30.52723843721833 ], [ -91.14701019997915, 30.527242017697944 ], [ -91.147006363061209, 30.527245484317437 ], [ -91.147002387780503, 30.527248831670462 ], [ -91.146998278311827, 30.527252056154559 ], [ -91.146994041955878, 30.527255154171844 ], [ -91.146989681847302, 30.527258121216352 ], [ -91.146985204243066, 30.527260954590744 ], [ -91.146980614361681, 30.527263649792101 ], [ -91.146975918461948, 30.527266203220929 ], [ -91.146971121757289, 30.527268613080466 ], [ -91.146966229466216, 30.527270874867718 ], [ -91.146961248884423, 30.527272987690949 ], [ -91.146956186272433, 30.527274947048692 ], [ -91.146951046843625, 30.527276751144139 ], [ -91.146945837893753, 30.527278399085443 ], [ -91.146940564641298, 30.527279886369776 ], [ -91.146935234380322, 30.527281213007239 ], [ -91.146929854408242, 30.527282377204109 ], [ -91.146924429938423, 30.52728337716351 ], [ -91.146918968268423, 30.527284211091711 ], [ -91.146913475651871, 30.527284878095394 ], [ -91.146907960423121, 30.527285379088397 ], [ -91.146902427797286, 30.527285711371789 ], [ -91.146896885068472, 30.527285874955979 ], [ -91.146891339528963, 30.527285870753225 ], [ -91.146885796390507, 30.527285697868752 ], [ -91.146880265031186, 30.527285356315836 ], [ -91.146874749617282, 30.527284847002381 ], [ -91.146726336754654, 30.527270539592639 ], [ -91.146691939992792, 30.527267877834369 ], [ -91.146674847845219, 30.527265743819157 ], [ -91.146657854648083, 30.52726307772723 ], [ -91.146640984362506, 30.527259882298495 ], [ -91.146624257818672, 30.527256162974687 ], [ -91.146607697932339, 30.527251924298614 ], [ -91.146591324493244, 30.527247170808522 ], [ -91.14657515937013, 30.527241909751684 ], [ -91.146559224433275, 30.527236147473523 ], [ -91.146543539467359, 30.527229891218475 ], [ -91.146528125297237, 30.527223149134542 ], [ -91.146513002744484, 30.527215931173892 ], [ -91.146498189507952, 30.527208245480011 ], [ -91.146483707451097, 30.52720010200661 ], [ -91.146469573223968, 30.527191512503979 ], [ -91.146455805563946, 30.527182486921291 ], [ -91.146060457516199, 30.526899616513528 ], [ -91.146022315020517, 30.526880892649618 ], [ -91.146002695576868, 30.526872416209599 ], [ -91.145982743641682, 30.526864542772717 ], [ -91.145962483160218, 30.526857283197604 ], [ -91.145941940163326, 30.52685064744351 ], [ -91.145921138604677, 30.526844641858592 ], [ -91.145900106602468, 30.526839274601144 ], [ -91.145878868108696, 30.526834552921407 ], [ -91.145857451246542, 30.526830482271482 ], [ -91.145835882055451, 30.526827068100499 ], [ -91.145814186577979, 30.526824314053506 ], [ -91.145792392940891, 30.526822223778552 ], [ -91.145770527190194, 30.526820799116638 ], [ -91.145748617452568, 30.526820043715691 ], [ -91.145726690821164, 30.526819956712266 ], [ -91.14570477438582, 30.5268205390466 ], [ -91.145682894197591, 30.526821789853667 ], [ -91.145661079433793, 30.526823708272758 ], [ -91.145639356150653, 30.526826290732654 ], [ -91.145617751444789, 30.526829534565668 ], [ -91.145596292416244, 30.526833435299967 ], [ -91.145575005123092, 30.526837988462265 ], [ -91.145553917709066, 30.526843188680257 ], [ -91.14553305415167, 30.526849029673734 ], [ -91.145512441557855, 30.52685550336259 ], [ -91.145492104950577, 30.526862601664 ], [ -91.145472070394817, 30.526870316496588 ], [ -91.14545236291697, 30.526878637973329 ], [ -91.145433005461285, 30.526887555302242 ], [ -91.145414024096169, 30.526897058597836 ], [ -91.145395440727299, 30.526907135262615 ], [ -91.145377280388004, 30.526917771801369 ], [ -91.145359562898392, 30.526928956515658 ], [ -91.145342313293526, 30.526940675008372 ], [ -91.145325551398685, 30.526952912874808 ], [ -91.14530929704253, 30.526965653906284 ], [ -91.145293573176247, 30.526978883702679 ], [ -91.144971022860503, 30.527275151620898 ], [ -91.14426608367512, 30.526694724992037 ], [ -91.143810044989792, 30.527106950154444 ], [ -91.144540481154337, 30.527690764845762 ], [ -91.144013379339256, 30.528187414714143 ], [ -91.143994070269372, 30.528208994983345 ], [ -91.143985088573757, 30.528220214556708 ], [ -91.143976571101845, 30.528231702704588 ], [ -91.143968528304868, 30.528243443205106 ], [ -91.143960969585095, 30.528255423442808 ], [ -91.143953905393772, 30.528267627195898 ], [ -91.143947343052702, 30.52828004004181 ], [ -91.143941291971132, 30.528292645757244 ], [ -91.143935760516257, 30.528305428116973 ], [ -91.143930753925986, 30.52831837269585 ], [ -91.143926278486973, 30.528331461461601 ], [ -91.143922341520977, 30.52834467999196 ], [ -91.143918946188819, 30.528358010250297 ], [ -91.143863454797142, 30.528595809715991 ], [ -91.144104616280842, 30.52877556670839 ], [ -91.144223729382603, 30.528742337357073 ], [ -91.144234752816018, 30.528739653247577 ], [ -91.144240341150862, 30.528738568839348 ], [ -91.144245969794014, 30.528737657683504 ], [ -91.144251633532164, 30.528736921576645 ], [ -91.144257324027279, 30.528736361409035 ], [ -91.144263032943456, 30.528735977168665 ], [ -91.14426875506706, 30.528735770652268 ], [ -91.144274481021739, 30.528735740944278 ], [ -91.144280205597454, 30.528735888037374 ], [ -91.144285920456383, 30.528736212821695 ], [ -91.144291617264088, 30.528736714383207 ], [ -91.144297290814009, 30.528737390910401 ], [ -91.144302931724567, 30.528738244194038 ], [ -91.144308534792586, 30.528739270618352 ], [ -91.144314090641643, 30.528740469268008 ], [ -91.144319594061685, 30.528741840135559 ], [ -91.144325037763821, 30.528743380504388 ], [ -91.144330414459077, 30.52874508765797 ], [ -91.144335716855068, 30.528746960683762 ], [ -91.144340938706577, 30.52874899596474 ], [ -91.144346072721262, 30.528751192588363 ], [ -91.144351112655656, 30.528753546035428 ], [ -91.144356052262722, 30.52875605359089 ], [ -91.144360885293921, 30.528758713441782 ], [ -91.14436560550746, 30.528761520166775 ], [ -91.144472729976741, 30.528848746854074 ], [ -91.144480239779753, 30.528858073115707 ], [ -91.144483704682131, 30.528862903164281 ], [ -91.144486970363673, 30.528867835763052 ], [ -91.144490033708493, 30.528872865495263 ], [ -91.144492888478212, 30.528877985135583 ], [ -91.144495533641134, 30.528883189270196 ], [ -91.144497965042845, 30.528888470676751 ], [ -91.144500179567615, 30.528893823938429 ], [ -91.144502174104829, 30.528899240932304 ], [ -91.144503946582347, 30.528904715341067 ], [ -91.144505494929902, 30.528910239945237 ], [ -91.144506817073733, 30.528915809329568 ], [ -91.14450791094518, 30.528921415372601 ], [ -91.14450877551424, 30.528927051758465 ], [ -91.144509409754235, 30.528932710367197 ], [ -91.144509812635235, 30.528938384882892 ], [ -91.144509983127151, 30.528944068989741 ], [ -91.144509923331157, 30.528949753670052 ], [ -91.144509630131438, 30.528955433507171 ], [ -91.144509106667741, 30.528961101289024 ], [ -91.14450835191353, 30.528966748895662 ], [ -91.144507367964763, 30.528972370015715 ], [ -91.144506154833422, 30.528977958334696 ], [ -91.144504714620723, 30.528983504835107 ], [ -91.144503048377217, 30.528989005008107 ], [ -91.144501160288044, 30.528994449839118 ], [ -91.144499050363592, 30.528999833915694 ], [ -91.144496721741859, 30.529005150928125 ], [ -91.144494178606379, 30.52901039276362 ], [ -91.144491423053083, 30.529015553110831 ], [ -91.144488459260415, 30.52902062656344 ], [ -91.144485289324365, 30.529025606809977 ], [ -91.14448191951081, 30.529030486642839 ], [ -91.144478351915822, 30.529035259750689 ], [ -91.144474591757955, 30.529039921630641 ], [ -91.144470644261162, 30.529044465073646 ], [ -91.144415733387575, 30.529097765958941 ], [ -91.144574946269088, 30.529229721428191 ], [ -91.1445727991658, 30.529226167868813 ], [ -91.144571835638516, 30.52922434343693 ], [ -91.144570948232101, 30.529222491149874 ], [ -91.144570135901034, 30.529220612810221 ], [ -91.144569401766304, 30.52921871112855 ], [ -91.144568745824429, 30.529216787909029 ], [ -91.14456816911229, 30.529214845859268 ], [ -91.144567671626461, 30.529212886783398 ], [ -91.144567255444073, 30.529210914292538 ], [ -91.144566919519704, 30.529208930189519 ], [ -91.14456666489194, 30.529206936279728 ], [ -91.144566492594208, 30.52920493707499 ], [ -91.14456640158447, 30.529202932573863 ], [ -91.144566392896166, 30.529200927288123 ], [ -91.144566465483848, 30.529198923020211 ], [ -91.144566620384396, 30.52919692247804 ], [ -91.144566857594313, 30.529194927465479 ], [ -91.144567176066445, 30.529192940687413 ], [ -91.144567575793971, 30.529190965751919 ], [ -91.144568055733075, 30.529189003559608 ], [ -91.144568614834967, 30.529187057717266 ], [ -91.144569254138119, 30.529185130030381 ], [ -91.144569971553366, 30.529183223202253 ], [ -91.144570767075606, 30.529181339938983 ], [ -91.144571638617307, 30.52917948204167 ], [ -91.14457258513302, 30.529177651313027 ], [ -91.144573606615879, 30.529175851361224 ], [ -91.144574700978424, 30.529174083987392 ], [ -91.144575867175192, 30.52917235099418 ], [ -91.144577103116944, 30.529170655084787 ], [ -91.144578407758274, 30.529168998061738 ], [ -91.14457977901165, 30.52916738172631 ], [ -91.144581215830001, 30.529165808783073 ], [ -91.144582716127474, 30.529164280131187 ], [ -91.14462780797885, 30.529129045115212 ], [ -91.144638594342155, 30.529123917863089 ], [ -91.144644138138588, 30.529121605674423 ], [ -91.144649772264529, 30.529119465005113 ], [ -91.144655491504793, 30.529117498554037 ], [ -91.144661287518105, 30.52911570901534 ], [ -91.144667154047227, 30.529114099086279 ], [ -91.144673081712199, 30.529112669655568 ], [ -91.144679064257616, 30.529111422518369 ], [ -91.14468509438413, 30.529110360370524 ], [ -91.144691163753947, 30.529109484102111 ], [ -91.144697266113212, 30.529108794606291 ], [ -91.144703392082079, 30.529108292771781 ], [ -91.14470953540679, 30.529107979491712 ], [ -91.144715686709063, 30.529107854752674 ], [ -91.144721840778985, 30.529107918547297 ], [ -91.144727987194543, 30.529108171762768 ], [ -91.144734119705461, 30.529108613488159 ], [ -91.144740229977245, 30.529109242809419 ], [ -91.144746310717565, 30.529110058814279 ], [ -91.144752354632288, 30.529111061492227 ], [ -91.144758353388639, 30.529112249027325 ], [ -91.14476429969433, 30.529113620507115 ], [ -91.144770186262008, 30.529115172313034 ], [ -91.144776004753894, 30.529116905335183 ], [ -91.144781749968445, 30.529118815055998 ], [ -91.144787412530931, 30.529120899657915 ], [ -91.144792986192712, 30.52912315732797 ], [ -91.144798464710263, 30.529125583546982 ], [ -91.144803839749088, 30.529128177401081 ], [ -91.144809105065676, 30.529130934371057 ], [ -91.144814253371081, 30.529133851740383 ], [ -91.144819280507477, 30.529136924090757 ], [ -91.144824178142159, 30.529140149606295 ], [ -91.144828940031573, 30.52914352376775 ], [ -91.144833560975869, 30.5291470411555 ], [ -91.14531516225928, 30.529545232977956 ], [ -91.145321314369298, 30.529554042186483 ], [ -91.145324119241607, 30.529558581714042 ], [ -91.145326739520115, 30.529563203066576 ], [ -91.145329172088893, 30.529567900827246 ], [ -91.145331412791862, 30.529572668675854 ], [ -91.145333459553484, 30.529577502099134 ], [ -91.145335310301604, 30.529582394779759 ], [ -91.145336961922126, 30.529587340398933 ], [ -91.145338412342923, 30.529592332639275 ], [ -91.145339661574226, 30.529597366088527 ], [ -91.145340705461564, 30.529602433524246 ], [ -91.145341545055501, 30.52960753043774 ], [ -91.145342178287379, 30.529612648707467 ], [ -91.145342604123641, 30.529617783821781 ], [ -91.145342821535877, 30.529622928562663 ], [ -91.145342831579825, 30.529628075715241 ], [ -91.145342634262221, 30.529633221671222 ], [ -91.145342228558135, 30.529638357408651 ], [ -91.145341616561879, 30.529643477518043 ], [ -91.145340797241602, 30.529648576585728 ], [ -91.145339773737021, 30.529653647399627 ], [ -91.145338545016358, 30.529658684545904 ], [ -91.145337114217654, 30.529663681714709 ], [ -91.145335481354522, 30.5296686316895 ], [ -91.145333650603632, 30.529673529965962 ], [ -91.145331623020596, 30.529678369329083 ], [ -91.145329401741805, 30.529683144371003 ], [ -91.145326987821164, 30.529687848778782 ], [ -91.14532438647737, 30.529692478049625 ], [ -91.145321598764397, 30.529697025870536 ], [ -91.145318629904281, 30.529701485934549 ], [ -91.14531548198967, 30.529705853734328 ], [ -91.145312160240877, 30.529710123864891 ], [ -91.145308667794325, 30.529714290918356 ], [ -91.145305009870327, 30.52971834948989 ], [ -91.145301189605235, 30.529722294171464 ], [ -91.145262171764827, 30.529750909724559 ], [ -91.145390547207086, 30.529859026804282 ], [ -91.145423729898909, 30.529825344194563 ], [ -91.145432821500407, 30.529818256106886 ], [ -91.145437579469458, 30.529814926151573 ], [ -91.145442471579614, 30.529811744323826 ], [ -91.145447490529818, 30.529808714221542 ], [ -91.145452630059424, 30.529805840346135 ], [ -91.145457883907682, 30.529803127198893 ], [ -91.145463246862818, 30.529800575674546 ], [ -91.145468710578356, 30.529798191173555 ], [ -91.145474267754921, 30.529795976391693 ], [ -91.145479913179088, 30.529793933125678 ], [ -91.145485638507793, 30.529792064971964 ], [ -91.145491436443393, 30.5297903737242 ], [ -91.145497300730355, 30.529788861177632 ], [ -91.145503223027404, 30.529787530026631 ], [ -91.14550919603866, 30.529786381162925 ], [ -91.145515212464773, 30.529785417282145 ], [ -91.145521263969655, 30.529784638372675 ], [ -91.145527344297633, 30.529784046229572 ], [ -91.145533445112619, 30.529783640841099 ], [ -91.145539558076692, 30.529783423097488 ], [ -91.145545676935953, 30.529783393891925 ], [ -91.145551793357711, 30.529783551408403 ], [ -91.145557897960259, 30.52978389743776 ], [ -91.145563985535276, 30.529784431070645 ], [ -91.145570047748237, 30.529785151393021 ], [ -91.14557607626638, 30.529786056589067 ], [ -91.14558206379553, 30.529787146648449 ], [ -91.145588003043216, 30.529788420658647 ], [ -91.145593885678451, 30.529789875901841 ], [ -91.145599705452383, 30.52979151056498 ], [ -91.145605455072641, 30.529793323735674 ], [ -91.145611126209857, 30.529795311793883 ], [ -91.145616712615251, 30.529797472926646 ], [ -91.145622205959498, 30.529799803513953 ], [ -91.145627601034136, 30.52980230264637 ], [ -91.145632890555333, 30.529804964901263 ], [ -91.145638067232198, 30.529807788464094 ], [ -91.145643124819443, 30.529810769717905 ], [ -91.145648058117217, 30.529813903242907 ], [ -91.145652858792701, 30.529817187223216 ], [ -91.145657521646029, 30.529820616239185 ], [ -91.146578330102201, 30.530578870699749 ], [ -91.146585786105348, 30.53058595244292 ], [ -91.146589291838566, 30.530589660332289 ], [ -91.146592643150271, 30.530593474446466 ], [ -91.146595836926238, 30.530597388466674 ], [ -91.146598866922716, 30.530601397873721 ], [ -91.146601731064138, 30.530605498154475 ], [ -91.146604425192578, 30.530609683890734 ], [ -91.146606946190261, 30.530613950567851 ], [ -91.146609289902756, 30.530618290963481 ], [ -91.146611454252664, 30.530622701466488 ], [ -91.14661343716952, 30.530627174857514 ], [ -91.146615234491932, 30.530631707522478 ], [ -91.146616845193151, 30.530636291341395 ], [ -91.146618266153837, 30.530640922701661 ], [ -91.146619497387476, 30.530645594386836 ], [ -91.14662053577824, 30.530650300980216 ], [ -91.146621380295798, 30.530655036165907 ], [ -91.146622029908443, 30.530659794530166 ], [ -91.146622484626164, 30.530664570660612 ], [ -91.146622742378597, 30.530669357337985 ], [ -91.146622804219504, 30.530674148249251 ], [ -91.14662266911543, 30.530678938882687 ], [ -91.146622338121858, 30.530683722023397 ], [ -91.146621811250725, 30.530688491356923 ], [ -91.146621088510472, 30.530693242373058 ], [ -91.146620170956695, 30.530697967856767 ], [ -91.146619060683591, 30.530702662398678 ], [ -91.146617758745094, 30.530707319685927 ], [ -91.146616267237093, 30.530711933407002 ], [ -91.146614586168141, 30.530716499051639 ], [ -91.146612719718163, 30.530721010311328 ], [ -91.146610668941108, 30.530725460873182 ], [ -91.146608436971576, 30.530729846231335 ], [ -91.146606026949186, 30.530734159173758 ], [ -91.146603440964824, 30.53073839609506 ], [ -91.146600683198514, 30.530742550686814 ], [ -91.146597756784814, 30.530746618443128 ], [ -91.146594665903834, 30.530750593055512 ], [ -91.146591412648021, 30.530754470016628 ], [ -91.146588003278211, 30.53075824482497 ], [ -91.146584440928862, 30.530761912974679 ], [ -91.146122959918813, 30.531180238523287 ], [ -91.146114064465721, 30.531186053228716 ], [ -91.146109443110973, 30.531188751960528 ], [ -91.146104713655902, 30.531191306210179 ], [ -91.14609988235803, 30.531193713280345 ], [ -91.146094955474567, 30.531195970473746 ], [ -91.146089939264712, 30.531198074190943 ], [ -91.146084839985818, 30.531200021734634 ], [ -91.1460796628498, 30.531201812210107 ], [ -91.146074416201543, 30.531203441118905 ], [ -91.146069105253019, 30.531204907566302 ], [ -91.146063738343983, 30.531206209759986 ], [ -91.146058320686336, 30.531207346805299 ], [ -91.146052859581232, 30.531208315104308 ], [ -91.146047362321326, 30.531209115569379 ], [ -91.14604183620601, 30.531209745504665 ], [ -91.146036287485899, 30.531210205821058 ], [ -91.146030723460498, 30.531210493822801 ], [ -91.14602515037852, 30.531210611322678 ], [ -91.146019576579889, 30.531210556528539 ], [ -91.146014008313443, 30.531210331253259 ], [ -91.146008452876842, 30.531209933703032 ], [ -91.146002917561106, 30.531209365692352 ], [ -91.145997408618513, 30.531208627230054 ], [ -91.145991934381968, 30.531207720132002 ], [ -91.145986500060005, 30.531206645307726 ], [ -91.145981113987361, 30.531205403670931 ], [ -91.145975781370851, 30.531203997033252 ], [ -91.145970510545069, 30.531202426308514 ], [ -91.145965307755546, 30.531200695113732 ], [ -91.145960179252882, 30.531198804359892 ], [ -91.14595513128242, 30.531196757664031 ], [ -91.145950170093144, 30.531194556839075 ], [ -91.145945304017928, 30.531192203701032 ], [ -91.145940536174436, 30.531189702764557 ], [ -91.145935874893922, 30.531187056747637 ], [ -91.145931325379777, 30.531184269265914 ], [ -91.145926892837082, 30.531181343032863 ], [ -91.145922583509588, 30.53117828256763 ], [ -91.145918402602462, 30.53117509058383 ], [ -91.145914355315597, 30.531171772501157 ], [ -91.145910446852483, 30.53116833193517 ], [ -91.145906682414733, 30.531164773403528 ], [ -91.145903067205808, 30.531161100521953 ], [ -91.14589960433986, 30.531157319609115 ], [ -91.145785380993232, 30.531262913148559 ], [ -91.145794522446153, 30.531269197198469 ], [ -91.145798894794254, 30.531272545513172 ], [ -91.145803127258148, 30.531276026231858 ], [ -91.145807213594026, 30.531279634835411 ], [ -91.1458111506861, 30.531283365907136 ], [ -91.14581493124679, 30.531287215828499 ], [ -91.14581855320057, 30.531291180086264 ], [ -91.145822009266809, 30.531295251453624 ], [ -91.145825297366457, 30.531299427221601 ], [ -91.145828411257469, 30.531303701968948 ], [ -91.14583134886945, 30.531308068476257 ], [ -91.145834106040951, 30.531312523129511 ], [ -91.145836678617499, 30.531317058706328 ], [ -91.145839063479684, 30.531321671594103 ], [ -91.145841258558818, 30.531326353671311 ], [ -91.145843259695212, 30.531331100421902 ], [ -91.145845065856975, 30.531335906432048 ], [ -91.145846673931629, 30.531340764480859 ], [ -91.145848081846992, 30.531345668251056 ], [ -91.145849287529174, 30.531350612327287 ], [ -91.145850290990083, 30.531355590395275 ], [ -91.145851089115482, 30.531360596136235 ], [ -91.145851681915588, 30.531365624137713 ], [ -91.145852069405677, 30.53137066628134 ], [ -91.145852248469836, 30.531375717150318 ], [ -91.145852222246106, 30.531380770434673 ], [ -91.145851987620318, 30.531385819815643 ], [ -91.145851546690011, 30.531390858079757 ], [ -91.145850900505863, 30.531395880718197 ], [ -91.14585004804114, 30.531400879610906 ], [ -91.145848991390011, 30.531405849348641 ], [ -91.145847732648619, 30.531410783619908 ], [ -91.145846271827025, 30.531415677012387 ], [ -91.145844612066796, 30.531420521412016 ], [ -91.145842754418467, 30.531425312309981 ], [ -91.145840702021687, 30.531430042494247 ], [ -91.145838456969102, 30.531434707457539 ], [ -91.145836022400488, 30.531439299987785 ], [ -91.145833401450531, 30.531443815579173 ], [ -91.14583059621684, 30.531448247018208 ], [ -91.145827612958527, 30.531452590705495 ], [ -91.145824451689251, 30.531456839424639 ], [ -91.145821119711826, 30.531460988675576 ], [ -91.145817620162561, 30.53146503305053 ], [ -91.145813956177875, 30.531468967141464 ], [ -91.145810134018546, 30.53147278644709 ], [ -91.145806157863007, 30.531476485560848 ], [ -91.145802031886191, 30.53148006088054 ], [ -91.145797762348906, 30.531483507904586 ], [ -91.145371177528105, 30.531874703021476 ], [ -91.145361207124651, 30.531880775038946 ], [ -91.145356042608981, 30.531883578513241 ], [ -91.145350766896343, 30.531886222165433 ], [ -91.145345386244031, 30.531888703298218 ], [ -91.145339907953399, 30.53189101831364 ], [ -91.145334338283433, 30.531893163612434 ], [ -91.145328685572395, 30.531895138304368 ], [ -91.145322955039063, 30.5318969378866 ], [ -91.145317153979548, 30.531898561467351 ], [ -91.145311291775741, 30.531900007255903 ], [ -91.145305372602635, 30.531901271649858 ], [ -91.145299406880909, 30.53190235466403 ], [ -91.145293399822407, 30.531903255403918 ], [ -91.145287359768787, 30.531903971174938 ], [ -91.145281295056421, 30.531904501989114 ], [ -91.145275211941112, 30.531904846051177 ], [ -91.145269118755863, 30.531905005177055 ], [ -91.145263022800194, 30.531904976670933 ], [ -91.145256931365083, 30.531904762347342 ], [ -91.145250852786916, 30.5319043622181 ], [ -91.145244794360053, 30.531903776293518 ], [ -91.145238763379012, 30.531903004584034 ], [ -91.145232768175006, 30.531902049807655 ], [ -91.145226816042396, 30.531900911974677 ], [ -91.145220913230133, 30.531899592898238 ], [ -91.145215068071181, 30.531898094394112 ], [ -91.145209287858279, 30.531896417374927 ], [ -91.145203579878938, 30.531894565459123 ], [ -91.145197950383718, 30.531892539557735 ], [ -91.145192407704016, 30.531890342388742 ], [ -91.145186958085176, 30.531887977569276 ], [ -91.145181608816571, 30.531885447815892 ], [ -91.145176365103268, 30.531882755842123 ], [ -91.14517123527483, 30.531879905268095 ], [ -91.145166224534648, 30.531876899709388 ], [ -91.145161340172038, 30.531873741882627 ], [ -91.14515658738695, 30.531870437207491 ], [ -91.14515197242487, 30.531866989301122 ], [ -91.145147500487397, 30.531863402681246 ], [ -91.14514317886217, 30.531859680966395 ], [ -91.145139010664934, 30.531855829573388 ], [ -91.145135003179888, 30.531851853924895 ], [ -91.145131159526272, 30.531847757633692 ], [ -91.145127486988144, 30.53184354612242 ], [ -91.145123987639366, 30.531839224806308 ], [ -91.145120666679873, 30.531834799105251 ], [ -91.145117528265928, 30.531830275339516 ], [ -91.145114576557063, 30.531825658025213 ], [ -91.145111815711203, 30.531820952580723 ], [ -91.144989429924806, 30.531935599475176 ], [ -91.145000354799421, 30.531941094110486 ], [ -91.145005643789247, 30.531944087442447 ], [ -91.145010808473984, 30.531947239359294 ], [ -91.145015841566106, 30.531950546242502 ], [ -91.145020737863902, 30.531954003574352 ], [ -91.145025491121999, 30.531957607737684 ], [ -91.145030095094896, 30.531961355115495 ], [ -91.145034544584334, 30.531965239385968 ], [ -91.145038833346618, 30.531969256029978 ], [ -91.145042956180049, 30.531973400529889 ], [ -91.145046908924868, 30.531977668369382 ], [ -91.145050686382959, 30.531982053226827 ], [ -91.145054283352479, 30.531986550584492 ], [ -91.145057696719306, 30.531991154123592 ], [ -91.145060920241406, 30.531995858422903 ], [ -91.145063950802921, 30.532000658065705 ], [ -91.145066785287824, 30.53200554763513 ], [ -91.145069419543432, 30.532010519006924 ], [ -91.145071851494052, 30.532015567667766 ], [ -91.145074075941494, 30.532020687295947 ], [ -91.145076092897668, 30.532025871577012 ], [ -91.145077897164271, 30.532031114189227 ], [ -91.145079487712906, 30.532036407914706 ], [ -91.145080863513513, 30.532041746437553 ], [ -91.145082021451856, 30.532047123439025 ], [ -91.145082960497831, 30.532052532603185 ], [ -91.145083679621365, 30.532057967614183 ], [ -91.145084177795752, 30.532063420352138 ], [ -91.145084455032958, 30.532068884502582 ], [ -91.145084510301118, 30.532074354651741 ], [ -91.145084343615665, 30.532079822681133 ], [ -91.145083956030589, 30.532085282277883 ], [ -91.145083346515705, 30.532090727126111 ], [ -91.145082516128568, 30.532096149108732 ], [ -91.14508146696167, 30.532101543718618 ], [ -91.145080200074275, 30.532106901936483 ], [ -91.145078716516878, 30.532112219253715 ], [ -91.14507701838896, 30.532117487554736 ], [ -91.145075106742866, 30.532122701428609 ], [ -91.145072985758731, 30.532127854566994 ], [ -91.145070656493957, 30.532132938852762 ], [ -91.145068123125327, 30.532137949781621 ], [ -91.145065387748915, 30.532142881042219 ], [ -91.14506245454659, 30.532147725423901 ], [ -91.145059326652998, 30.532152478420929 ], [ -91.145056007208055, 30.532157132821251 ], [ -91.145052501430527, 30.532161684122055 ], [ -91.145048813502299, 30.532166125112777 ], [ -91.14504494759845, 30.532170452191057 ], [ -91.143803761872903, 30.533276692000602 ], [ -91.143424897706282, 30.533548149601707 ], [ -91.1430714229339, 30.533954717360718 ], [ -91.142329539929761, 30.534640339922912 ], [ -91.142284796057439, 30.534645214109997 ], [ -91.14210183978949, 30.5346138921532 ], [ -91.141870565039994, 30.534830047626464 ], [ -91.141879949188166, 30.534843449510419 ], [ -91.141884222986548, 30.534850358222084 ], [ -91.141888211009814, 30.534857393710105 ], [ -91.141891908063158, 30.53486454784861 ], [ -91.141895309997409, 30.534871810708903 ], [ -91.141898410577397, 30.534879173261519 ], [ -91.141901208776659, 30.534886627386417 ], [ -91.141903698365311, 30.534894161347914 ], [ -91.141905878315072, 30.534901767928062 ], [ -91.14190774447674, 30.534909437198326 ], [ -91.141909294786942, 30.534917158331019 ], [ -91.141910528221018, 30.534924922304143 ], [ -91.141911442713763, 30.534932719192103 ], [ -91.141912036200154, 30.534940539069243 ], [ -91.141912308697513, 30.534948372915157 ], [ -91.141912260226647, 30.534956209905094 ], [ -91.141911889764557, 30.534964040115039 ], [ -91.14191119941276, 30.534971854527381 ], [ -91.141910188149922, 30.534979642316092 ], [ -91.141908859119681, 30.53498739446507 ], [ -91.141907212342858, 30.53499510014969 ], [ -91.141905250961258, 30.535002751255988 ], [ -91.141902977079894, 30.535010336962291 ], [ -91.141900393842334, 30.535017848252611 ], [ -91.141897503351828, 30.535025275207321 ], [ -91.141894310836207, 30.535032608813509 ], [ -91.141890819440718, 30.535039839152951 ], [ -91.141887033349377, 30.535046958113231 ], [ -91.141882958832028, 30.535053956682866 ], [ -91.141499678113135, 30.535392014547426 ], [ -91.141200008329946, 30.535667045156401 ], [ -91.141190581000444, 30.535679169532148 ], [ -91.141186244167713, 30.535685440641526 ], [ -91.141182165522778, 30.535691841119508 ], [ -91.141178351337544, 30.535698361052553 ], [ -91.141174805792545, 30.53570499413237 ], [ -91.141171533071983, 30.535711732246543 ], [ -91.141168537363427, 30.535718565478646 ], [ -91.141165821808926, 30.53572548571459 ], [ -91.141163391633043, 30.53573248574564 ], [ -91.141161247898808, 30.535739554748719 ], [ -91.141159393746619, 30.535746685511949 ], [ -91.141157832321952, 30.535753868117162 ], [ -91.141156565724756, 30.5357610944491 ], [ -91.141155593974432, 30.535768354585052 ], [ -91.141154919172607, 30.535775639507637 ], [ -91.14115454237718, 30.535782941099747 ], [ -91.141154463605744, 30.535790250341023 ], [ -91.141154683921357, 30.535797556408244 ], [ -91.141155202297796, 30.535804851181418 ], [ -91.1411560177105, 30.535812125638515 ], [ -91.141157129134868, 30.535819370757537 ], [ -91.141158535546353, 30.535826577516307 ], [ -91.141160235920509, 30.535833736892908 ], [ -91.141162227148413, 30.535840839862182 ], [ -91.141164507165328, 30.535847876498586 ], [ -91.141167072857201, 30.53585484048309 ], [ -91.141169922162689, 30.535861720086057 ], [ -91.141173048841409, 30.535868508983992 ], [ -91.141176451868887, 30.535875198154752 ], [ -91.14118012500829, 30.53588177947092 ], [ -91.141184065150895, 30.535888243907277 ], [ -91.141188267102038, 30.53589458333785 ], [ -91.141192724623096, 30.535900790537074 ], [ -91.141197432517615, 30.535906858280921 ], [ -91.141202384550624, 30.535912777539753 ], [ -91.141207576567709, 30.535918541091146 ], [ -91.141212999200548, 30.535924143509074 ], [ -91.141218648298249, 30.535929575766957 ], [ -91.14122451553456, 30.535934832440343 ], [ -91.141230592588485, 30.535939905398617 ], [ -91.141664674749492, 30.536289668840805 ], [ -91.143684685365486, 30.534449867190535 ], [ -91.14369391485539, 30.534442891284368 ], [ -91.143698734480239, 30.53443961741177 ], [ -91.143703684083263, 30.534436490760292 ], [ -91.143708756361349, 30.534433515829729 ], [ -91.143713946097122, 30.534430696220831 ], [ -91.143719244947221, 30.534428035529885 ], [ -91.143724649781916, 30.534425535556409 ], [ -91.143730151212154, 30.53442320169939 ], [ -91.143735742983864, 30.534421034851814 ], [ -91.143741419879674, 30.534419038614519 ], [ -91.143747173559632, 30.534417214779605 ], [ -91.143752996724018, 30.534415566042767 ], [ -91.143758883115282, 30.534414095101251 ], [ -91.143764825438865, 30.53441280194459 ], [ -91.143770816393371, 30.534411690170469 ], [ -91.143776847642215, 30.534410759767063 ], [ -91.143782913971648, 30.534410012530856 ], [ -91.143789006002933, 30.53440944844856 ], [ -91.143795117480266, 30.534409069315299 ], [ -91.143801240067134, 30.534408875119116 ], [ -91.14380736646882, 30.534408865849567 ], [ -91.143813490431384, 30.53440904239968 ], [ -91.143819603621594, 30.534409402953511 ], [ -91.143825697699484, 30.534409949303228 ], [ -91.143831766417719, 30.534410678733682 ], [ -91.143837801439801, 30.534411591232949 ], [ -91.143843796514972, 30.53441268589005 ], [ -91.143849744352195, 30.534413960890387 ], [ -91.143855636616621, 30.534415415320041 ], [ -91.143861466018905, 30.53441704646249 ], [ -91.143867227350384, 30.534418853408045 ], [ -91.143872911239399, 30.534420832535194 ], [ -91.143878511435105, 30.534422982932952 ], [ -91.143884022734099, 30.534425300985578 ], [ -91.143889436803207, 30.534427784877114 ], [ -91.143894746356565, 30.5344304300869 ], [ -91.143899947229258, 30.534433234804773 ], [ -91.143905031093439, 30.534436194508647 ], [ -91.143909992743744, 30.534439306484831 ], [ -91.143914824894367, 30.534442566212697 ], [ -91.144928588121346, 30.535274816173427 ], [ -91.144998290732303, 30.53534977063709 ], [ -91.145007840653207, 30.535359536346295 ], [ -91.145012309877956, 30.535364632101807 ], [ -91.145016569390364, 30.535369861063096 ], [ -91.145020612949793, 30.535375216906829 ], [ -91.145024436401613, 30.535380692410733 ], [ -91.14502803246144, 30.535386282152082 ], [ -91.145031400102638, 30.535391978010999 ], [ -91.145034532042501, 30.535397773662631 ], [ -91.145037426213975, 30.535403660083652 ], [ -91.145040079499353, 30.535409632759279 ], [ -91.145042486706927, 30.535415681759524 ], [ -91.145044645764472, 30.535421800767132 ], [ -91.145046553559453, 30.535427982561085 ], [ -91.145048209066829, 30.535434218119622 ], [ -91.145049608131941, 30.535440500220197 ], [ -91.145050750768362, 30.535446821646477 ], [ -91.14505163595112, 30.535453173376407 ], [ -91.14505226056589, 30.535459549091239 ], [ -91.145052624631504, 30.53546593886832 ], [ -91.145052728159797, 30.535472336393408 ], [ -91.14505257116619, 30.535478733547905 ], [ -91.145052152625681, 30.535485121309797 ], [ -91.145051474636091, 30.535491492465692 ], [ -91.14505053721274, 30.535497838897015 ], [ -91.14504934141307, 30.535504152486883 ], [ -91.145047888292893, 30.535510426020252 ], [ -91.145046180993816, 30.535516651383126 ], [ -91.145044221615294, 30.535522820459995 ], [ -91.145042011213192, 30.535528926035827 ], [ -91.145039552929049, 30.53553495999666 ], [ -91.145036849902823, 30.535540915130515 ], [ -91.145033906316598, 30.535546784226796 ], [ -91.145030725311912, 30.53555255917157 ], [ -91.145027311069114, 30.535558233656207 ], [ -91.145023666728136, 30.535563800468957 ], [ -91.145019798555182, 30.535569252402038 ], [ -91.145015709690256, 30.535574582243555 ], [ -91.145011406396051, 30.535579784590094 ], [ -91.145006893898426, 30.535584851330519 ], [ -91.145002177416458, 30.535589777961999 ], [ -91.144997263216283, 30.535594557276955 ], [ -91.14499215756247, 30.535599182969854 ], [ -91.144986865673985, 30.535603650537922 ], [ -91.144981394859144, 30.535607952774985 ], [ -91.140852292556772, 30.539379792573275 ], [ -91.141657757024277, 30.540022618682723 ], [ -91.141691498692467, 30.540044547760964 ], [ -91.141709014039094, 30.54005473205072 ], [ -91.141726930609835, 30.540064378392444 ], [ -91.141745227582632, 30.540073475931216 ], [ -91.14176388101086, 30.540082012905554 ], [ -91.141782867986478, 30.540089979359468 ], [ -91.141802166643458, 30.54009736533866 ], [ -91.141821751989511, 30.540104160884223 ], [ -91.141841600069156, 30.540110358744911 ], [ -91.141861686928479, 30.540115950767586 ], [ -91.141881987568212, 30.540120930601489 ], [ -91.141902478030985, 30.540125291897599 ], [ -91.141923131231394, 30.54012902920427 ], [ -91.141943924252431, 30.540132137076039 ], [ -91.141964830001669, 30.54013461366948 ], [ -91.141985822434052, 30.540136454436659 ], [ -91.142006876541373, 30.540137657537343 ], [ -91.142027967315357, 30.540138221131201 ], [ -91.14204906766011, 30.540138145179117 ], [ -91.142070151521835, 30.540137429643369 ], [ -91.142091193888817, 30.540136074487904 ], [ -91.142112168700223, 30.540134083283249 ], [ -91.14213304886016, 30.540131455990348 ], [ -91.142153811430788, 30.540128197988427 ], [ -91.142174428267111, 30.540124312845119 ], [ -91.14219487539259, 30.540119804134019 ], [ -91.142215127783544, 30.540114678133609 ], [ -91.14223516041433, 30.540108942024155 ], [ -91.142254948263002, 30.540102601182056 ], [ -91.142274468384812, 30.540095664594741 ], [ -91.142293694710517, 30.540088140343393 ], [ -91.142312604295356, 30.540080037415262 ], [ -91.142331175235213, 30.540071365701763 ], [ -91.142349383538104, 30.540062136894939 ], [ -91.14236720729815, 30.540052361788028 ], [ -91.142384624607701, 30.540042052076377 ], [ -91.142401613557553, 30.540031220357164 ], [ -91.142581659672075, 30.53989356302829 ], [ -91.142596494475782, 30.539880022918911 ], [ -91.142604312435054, 30.539873598025412 ], [ -91.142612385252932, 30.539867414347057 ], [ -91.142620702495933, 30.539861478183266 ], [ -91.142629254769361, 30.539855797638875 ], [ -91.142638031639692, 30.539850379013163 ], [ -91.142647021629685, 30.539845229506064 ], [ -91.142656214307493, 30.539840354514769 ], [ -91.142665598195975, 30.539835761239196 ], [ -91.142675161821273, 30.539831455075088 ], [ -91.142684893711305, 30.539827440516127 ], [ -91.142694781350102, 30.539823722956594 ], [ -91.14270481326389, 30.539820307792311 ], [ -91.142714976941946, 30.539817197711297 ], [ -91.142725260913963, 30.539814396305331 ], [ -91.142735650579766, 30.5398119089656 ], [ -91.142746134472461, 30.539809737479771 ], [ -91.142756700083169, 30.53980788363382 ], [ -91.142767334897627, 30.539806351920021 ], [ -91.142778024326162, 30.539805142317423 ], [ -91.142788755859726, 30.539804256612058 ], [ -91.142799516989442, 30.539803696590017 ], [ -91.142810293123787, 30.539803463132365 ], [ -91.142821072801084, 30.539803555320514 ], [ -91.142831842473782, 30.539803973135033 ], [ -91.142842588592515, 30.539804717458402 ], [ -91.142853297613058, 30.539805786467092 ], [ -91.142863958073889, 30.539807179242523 ], [ -91.142874554348239, 30.539808893056168 ], [ -91.142885076016597, 30.539810926990889 ], [ -91.142895508496167, 30.539813277417483 ], [ -91.142905839284879, 30.539815942513943 ], [ -91.142916056926296, 30.539818918655588 ], [ -91.142926147879706, 30.539822202214733 ], [ -91.142936099646477, 30.539825789565221 ], [ -91.14294590077364, 30.539829675278355 ], [ -91.142955538762607, 30.539833855727796 ], [ -91.142965002160324, 30.539838325484954 ], [ -91.14297427951557, 30.539843078218958 ], [ -91.142983358333069, 30.539848108499598 ], [ -91.143130569254623, 30.539961263600084 ], [ -91.143238156564891, 30.539868204355372 ], [ -91.143934477405196, 30.54044257692561 ], [ -91.144370658395317, 30.540047364443332 ], [ -91.143909703695556, 30.539666021626854 ], [ -91.143414360020429, 30.539715794488902 ], [ -91.14359782716042, 30.539557101158739 ], [ -91.143456770797755, 30.539441402576863 ], [ -91.143443179556613, 30.539431475818521 ], [ -91.143436694030555, 30.539426209342306 ], [ -91.14343042459727, 30.539420749234022 ], [ -91.143424380623756, 30.539415101821596 ], [ -91.143418569389397, 30.539409275233886 ], [ -91.143412998177013, 30.539403275795873 ], [ -91.143407672183358, 30.539397110731343 ], [ -91.14340259973001, 30.539390788170891 ], [ -91.14339778705579, 30.539384315339817 ], [ -91.143393238313635, 30.539377700362618 ], [ -91.143388960782929, 30.53937095136833 ], [ -91.143384959656984, 30.539364077384885 ], [ -91.143381239090445, 30.539357085634798 ], [ -91.143377803234486, 30.53934998514449 ], [ -91.143374658324547, 30.539342784943493 ], [ -91.143371806427623, 30.539335494055429 ], [ -91.143369250654359, 30.539328120603177 ], [ -91.143366996196505, 30.539320674516805 ], [ -91.143365044078706, 30.539313164818406 ], [ -91.14336339741179, 30.539305599630943 ], [ -91.143362058259228, 30.539297989781932 ], [ -91.143361028687863, 30.539290344295065 ], [ -91.143360308682162, 30.539282671288639 ], [ -91.143359900305512, 30.539274981590413 ], [ -91.143359802498466, 30.539267284219353 ], [ -91.143360017326145, 30.539259589100993 ], [ -91.143360543729216, 30.539251905254396 ], [ -91.143361380648031, 30.539244241698597 ], [ -91.143362528065339, 30.539236607454082 ], [ -91.143363983874337, 30.539229014244547 ], [ -91.143365745978571, 30.539221468381378 ], [ -91.14336781227135, 30.539213981588155 ], [ -91.143370180652695, 30.539206561980428 ], [ -91.143372847978952, 30.539199218574172 ], [ -91.143375811104704, 30.53919196128744 ], [ -91.143379066889608, 30.539184797332279 ], [ -91.143382610102321, 30.539177737525616 ], [ -91.143386437602558, 30.539170789079538 ], [ -91.143390544162386, 30.539163961006881 ], [ -91.143394924555551, 30.539157261418787 ], [ -91.143399573554163, 30.5391506993282 ], [ -91.143404484891533, 30.539144281942466 ], [ -91.143409653339845, 30.539138018274713 ], [ -91.143415072634113, 30.539131914630261 ], [ -91.143420735462215, 30.539125980019204 ], [ -91.143426635561013, 30.539120219844744 ], [ -91.143432765618371, 30.539114643116939 ], [ -91.14343911728686, 30.539109255236113 ] ], [ [ -91.155231073663344, 30.525305476444839 ], [ -91.155676057153414, 30.525660230630095 ], [ -91.155682903970501, 30.525666676004832 ], [ -91.155686127044476, 30.525670051322003 ], [ -91.155689211363452, 30.525673522071038 ], [ -91.155692151722391, 30.525677085538813 ], [ -91.155694945004981, 30.52568073630874 ], [ -91.155697589135286, 30.525684469867851 ], [ -91.155700078911536, 30.525688281698823 ], [ -91.155702413301299, 30.525692166387877 ], [ -91.155704587101241, 30.525696120319882 ], [ -91.155706599278957, 30.525700138081017 ], [ -91.155708446716574, 30.525704215156917 ], [ -91.155710127341393, 30.525708345230392 ], [ -91.155711639077538, 30.525712523788364 ], [ -91.155712979849099, 30.525716746317695 ], [ -91.155714147581733, 30.525721007403344 ], [ -91.155715142286795, 30.525725300730848 ], [ -91.155715960844717, 30.525729622687809 ], [ -91.155716603268374, 30.525733966057864 ], [ -91.155717069565824, 30.525738326330618 ], [ -91.155717357662809, 30.52574269809104 ], [ -91.155717467567371, 30.525747076828782 ], [ -91.155717399292413, 30.525751455327473 ], [ -91.155717152845938, 30.525755829076662 ], [ -91.155716729279661, 30.525760192665661 ], [ -91.155716128603217, 30.525764540681919 ], [ -91.155715350826242, 30.525768867713204 ], [ -91.15571439804242, 30.525773168349954 ], [ -91.155713271301792, 30.525777438083267 ], [ -91.155711970617261, 30.525781669696734 ], [ -91.155710499121227, 30.525785859586222 ], [ -91.155708858908895, 30.525790001440253 ], [ -91.155707049986773, 30.525794091650525 ], [ -91.155705076534062, 30.525798123908281 ], [ -91.155702940644417, 30.525802092803904 ], [ -91.155700644408228, 30.525805994732018 ], [ -91.155698189919207, 30.525809824283037 ], [ -91.155695582395296, 30.525813576953681 ], [ -91.155692823930153, 30.525817247334455 ], [ -91.155689917657853, 30.525820830919198 ], [ -91.155686866710738, 30.525824324103876 ], [ -91.155683676306808, 30.525827722385227 ], [ -91.155680349580194, 30.525831021257105 ], [ -91.15567689070518, 30.525834217116902 ], [ -91.155673304899878, 30.525837305461309 ], [ -91.150760990061883, 30.530299206569591 ], [ -91.150746700626414, 30.530314489353533 ], [ -91.150739095947543, 30.530321793643154 ], [ -91.150731197850817, 30.530328860286559 ], [ -91.15072301573106, 30.530335680276192 ], [ -91.150714561065683, 30.530342245509242 ], [ -91.150705842205809, 30.530348547878646 ], [ -91.150696871670945, 30.530354579283134 ], [ -91.150687659896306, 30.530360331618571 ], [ -91.150678219397932, 30.530365798587717 ], [ -91.150668560609603, 30.530370972988553 ], [ -91.150658697089412, 30.530375848525306 ], [ -91.150648640313037, 30.530380417997296 ], [ -91.150638402791657, 30.530384677813576 ], [ -91.150627997042989, 30.530388620774847 ], [ -91.150617437663954, 30.530392242390956 ], [ -91.150606736123649, 30.53039553906958 ], [ -91.150595907020616, 30.530398505418344 ], [ -91.150584963908031, 30.53040113784779 ], [ -91.150573919295425, 30.530403433668962 ], [ -91.150562787776309, 30.530405390195785 ], [ -91.150551583946012, 30.530407003840235 ], [ -91.150540320310654, 30.530408273717487 ], [ -91.150529012504222, 30.530409198044964 ], [ -91.150517673034557, 30.530409775035857 ], [ -91.150506318574344, 30.530410004713165 ], [ -91.150494960586101, 30.530409887092709 ], [ -91.150483614703703, 30.530409420391987 ], [ -91.150472295510866, 30.53040860733735 ], [ -91.150461016554146, 30.530407447947461 ], [ -91.150449791378364, 30.530405943143105 ], [ -91.1504386356076, 30.530404096554136 ], [ -91.150427561746298, 30.530401908197838 ], [ -91.150416584374753, 30.530399382604699 ], [ -91.150405717034559, 30.530396522499522 ], [ -91.150394973265549, 30.53039333150943 ], [ -91.150384367649707, 30.530389813262712 ], [ -91.150373911641182, 30.530385972285501 ], [ -91.150363618776424, 30.530381814009019 ], [ -91.150353502593731, 30.530377342962201 ], [ -91.150343575587613, 30.530372564574712 ], [ -91.150333850252466, 30.530367484276177 ], [ -91.150324339077841, 30.530362110202532 ], [ -91.150315052472479, 30.530356448682468 ], [ -91.150306003972872, 30.530350505147162 ], [ -91.149297716301774, 30.529557211114074 ], [ -91.149289306606562, 30.529551879088395 ], [ -91.149285268833211, 30.529549024777779 ], [ -91.149281350078581, 30.529546047952703 ], [ -91.149277555541147, 30.529542954934861 ], [ -91.149273888345249, 30.529539746630636 ], [ -91.149270354731343, 30.529536429363215 ], [ -91.149266957818867, 30.529533006745073 ], [ -91.1492637017692, 30.529529482390203 ], [ -91.149260591784014, 30.529525860816278 ], [ -91.149257630981083, 30.529522146537794 ], [ -91.149254823520138, 30.529518344070883 ], [ -91.149252171475155, 30.529514458830779 ], [ -91.149249680049536, 30.529510494433005 ], [ -91.149247351315623, 30.529506457194778 ], [ -91.149245188391106, 30.529502351630693 ], [ -91.14924319335158, 30.529498182254112 ], [ -91.149241369313145, 30.529493954481492 ], [ -91.14923971834979, 30.529489673728254 ], [ -91.1492382435775, 30.52948534541099 ], [ -91.149236944986157, 30.529480974942043 ], [ -91.149235824649779, 30.52947656773663 ], [ -91.149234884642382, 30.529472129210003 ], [ -91.149234125995875, 30.52946766477589 ], [ -91.14923354974394, 30.529463178946191 ], [ -91.149233155871485, 30.529458679839216 ], [ -91.14923294541542, 30.529454170162641 ], [ -91.149232919402721, 30.529449658036476 ], [ -91.149233075742572, 30.529445147065886 ], [ -91.149233416507371, 30.529440643568297 ], [ -91.14923393960126, 30.529436153855158 ], [ -91.149234645015881, 30.529431682436737 ], [ -91.149235532739425, 30.529427235627381 ], [ -91.149236599635771, 30.529422818835119 ], [ -91.149237846738643, 30.529418436571635 ], [ -91.149239270908438, 30.529414096049013 ], [ -91.149240871096453, 30.529409800873982 ], [ -91.1492426441649, 30.529405557356689 ], [ -91.149244589061638, 30.529401370907941 ], [ -91.149246703696022, 30.529397245133023 ], [ -91.149248984926757, 30.529393188146056 ], [ -91.149251429624442, 30.529389201746913 ], [ -91.149254034649644, 30.529385293147577 ], [ -91.149256796869565, 30.529381465951946 ], [ -91.149259714190109, 30.529377725569407 ], [ -91.149262780350782, 30.52937407650154 ], [ -91.149265994301089, 30.529370523257221 ], [ -91.149269350822621, 30.529367070339422 ], [ -91.149272844696881, 30.529363722251098 ], [ -91.149276473834732, 30.529360481695626 ], [ -91.149280231974089, 30.52935735407657 ], [ -91.149284114938382, 30.529354343898365 ], [ -91.149990876268546, 30.528701008440567 ], [ -91.149606495367806, 30.528390912815286 ], [ -91.14959791676678, 30.528380615648345 ], [ -91.149593951367891, 30.528375275376039 ], [ -91.149590208140467, 30.528369815438406 ], [ -91.149586692279513, 30.528364243961104 ], [ -91.149583407941293, 30.528358567264338 ], [ -91.149580359280506, 30.52835279257048 ], [ -91.14957755045009, 30.528346928003621 ], [ -91.149574985604744, 30.528340980786176 ], [ -91.14957266681678, 30.528334957235376 ], [ -91.149570598237446, 30.528328866377542 ], [ -91.149568780895308, 30.528322715430644 ], [ -91.149567218943432, 30.528316512518938 ], [ -91.149565913410356, 30.528310264860277 ], [ -91.149564865321338, 30.528303981476743 ], [ -91.149564076747012, 30.528297669587616 ], [ -91.149563548714227, 30.528291337312918 ], [ -91.14956328225, 30.528284992772498 ], [ -91.14956327734086, 30.528278643182869 ], [ -91.149563533968418, 30.528272298466611 ], [ -91.149564051077164, 30.528265965838717 ], [ -91.149564828653794, 30.528259652515665 ], [ -91.149565866681442, 30.528253367517976 ], [ -91.149567162018997, 30.528247118959747 ], [ -91.149568714653128, 30.528240914057463 ], [ -91.149570521442612, 30.528234760925276 ], [ -91.149572580288392, 30.528228667678807 ], [ -91.149574889093032, 30.528222641531539 ], [ -91.149577444715447, 30.528216690597631 ], [ -91.149640493892349, 30.528158717176542 ], [ -91.149654892652478, 30.528142842903907 ], [ -91.149661584137633, 30.528134576713189 ], [ -91.1496679258819, 30.528126107073941 ], [ -91.149673908490556, 30.528117442993661 ], [ -91.149679524644554, 30.528108597993182 ], [ -91.149684765989576, 30.528099581983518 ], [ -91.149689627292091, 30.528090407586266 ], [ -91.149694101236591, 30.5280810865181 ], [ -91.149698181547535, 30.528071631399143 ], [ -91.149701862991805, 30.528062054850942 ], [ -91.149705142421595, 30.528052368595961 ], [ -91.149708013561664, 30.528042585254308 ], [ -91.149710473259304, 30.528032719254579 ], [ -91.149712517324986, 30.528022782317599 ], [ -91.149714145733725, 30.528012787974461 ], [ -91.149715353252219, 30.528002748846522 ], [ -91.149716140897581, 30.527992678466227 ], [ -91.14967896131887, 30.52754724674374 ], [ -91.14967981968546, 30.527536686642925 ], [ -91.14968056819454, 30.527531433195268 ], [ -91.14968152818534, 30.527526204396555 ], [ -91.149682698599051, 30.527521009265907 ], [ -91.149684078386997, 30.527515851410111 ], [ -91.149685665450107, 30.527510738944756 ], [ -91.149687457692664, 30.527505678181313 ], [ -91.149689454062539, 30.527500674530671 ], [ -91.149691650380149, 30.527495734301468 ], [ -91.149694045593293, 30.527490862904568 ], [ -91.149696635520684, 30.527486067550544 ], [ -91.149699418068209, 30.527481353648938 ], [ -91.149702388015825, 30.527476726604782 ], [ -91.149705544311459, 30.527472191828959 ], [ -91.14970888173346, 30.527467755628635 ], [ -91.149712395061755, 30.527463423408843 ], [ -91.149716082202247, 30.527459200579059 ], [ -91.149719937938329, 30.527455090740286 ], [ -91.14972395600455, 30.52745110110024 ], [ -91.149728133268155, 30.527447235262802 ], [ -91.149732464510905, 30.527443497730999 ], [ -91.149736944512753, 30.527439893909914 ], [ -91.149741565971198, 30.527436428299737 ], [ -91.149746324713377, 30.527433103600817 ], [ -91.149751215517483, 30.527429926120288 ], [ -91.149756231086258, 30.527426897652173 ], [ -91.149761366201218, 30.527424022699417 ], [ -91.149766614602186, 30.52742130576372 ], [ -91.149771968991715, 30.527418748638969 ], [ -91.149777423109441, 30.52741635582689 ], [ -91.149782971742084, 30.527414129124178 ], [ -91.1497886055066, 30.527412071224113 ], [ -91.149794319186341, 30.527410185727661 ], [ -91.149800106525959, 30.527408474430278 ], [ -91.149805958144128, 30.527406939122958 ], [ -91.149811868827513, 30.527405581602725 ], [ -91.149817830236785, 30.52740440366199 ], [ -91.149823836116653, 30.527403407096287 ], [ -91.149829879171392, 30.52740259279744 ], [ -91.149835950021384, 30.527401961654665 ], [ -91.152624905581533, 30.52732441043436 ], [ -91.152653009383798, 30.527322752930935 ], [ -91.152666991617849, 30.527321270992076 ], [ -91.152680903785566, 30.527319355066343 ], [ -91.152694727125706, 30.527317007834327 ], [ -91.152708443917547, 30.527314232880048 ], [ -91.152722037482292, 30.52731103378915 ], [ -91.15273548905725, 30.527307414144175 ], [ -91.152748781961876, 30.527303378432695 ], [ -91.152761899512655, 30.527298932946511 ], [ -91.152774823987102, 30.527294082171693 ], [ -91.15278753869994, 30.527288833302016 ], [ -91.152800028007903, 30.527283193532678 ], [ -91.152812275229067, 30.52727716825332 ], [ -91.152824265758795, 30.527270766464714 ], [ -91.152835981866673, 30.527263997163274 ], [ -91.152847409993356, 30.527256867547049 ], [ -91.152858535534421, 30.527249386616774 ], [ -91.152869343880482, 30.527241566079393 ], [ -91.152879820428666, 30.527233414033613 ], [ -91.152889952653609, 30.527224942189072 ], [ -91.152899726991322, 30.527216160450109 ], [ -91.154685133620447, 30.525574574306596 ], [ -91.155080103788791, 30.525303165108497 ], [ -91.155088779657419, 30.525298930803714 ], [ -91.155093240703977, 30.525297015426911 ], [ -91.155097778610553, 30.525295237266349 ], [ -91.15510238607682, 30.525293599920374 ], [ -91.155107057889737, 30.525292105186058 ], [ -91.155111787795732, 30.525290753957108 ], [ -91.155116569538094, 30.525289548931202 ], [ -91.155121397905347, 30.525288491003405 ], [ -91.155126265600373, 30.525287581967991 ], [ -91.155131168455284, 30.525286821819364 ], [ -91.155136099171401, 30.525286213253857 ], [ -91.155141051496784, 30.525285756263045 ], [ -91.155146020221636, 30.52528545083992 ], [ -91.155150997008448, 30.525285297875296 ], [ -91.155155977687741, 30.525285298265672 ], [ -91.155160954967329, 30.52528545109908 ], [ -91.155165922596851, 30.525285755465141 ], [ -91.155170875363297, 30.525286213160904 ], [ -91.155175805977635, 30.525286821470406 ], [ -91.155180709229995, 30.525287580386617 ], [ -91.155185577826586, 30.52528848989979 ], [ -91.155190405520273, 30.525289547295262 ], [ -91.155195188143253, 30.525290752567408 ], [ -91.155199917364541, 30.525292102998982 ], [ -91.155204589016222, 30.525293598584231 ], [ -91.155209196852937, 30.525295235706579 ], [ -91.155213734626003, 30.525297012553555 ], [ -91.155218196085215, 30.525298928214678 ], [ -91.155222577069125, 30.52530097907605 ], [ -91.15522687133074, 30.525303162423135 ], [ -91.155231073663344, 30.525305476444839 ] ], [ [ -91.144145607916869, 30.52824908080056 ], [ -91.144532063498019, 30.527873785762392 ], [ -91.147276435362571, 30.530125764632846 ], [ -91.146890005025966, 30.530488492777597 ], [ -91.14688255663728, 30.530495092559402 ], [ -91.146878637905814, 30.530498219883196 ], [ -91.14687459435703, 30.530501226155458 ], [ -91.146870432248321, 30.530504108678809 ], [ -91.14686615679652, 30.530506863852249 ], [ -91.146861772178383, 30.530509487171557 ], [ -91.146857283609123, 30.530511975937792 ], [ -91.146852698386368, 30.530514328357068 ], [ -91.146848020686789, 30.530516539925035 ], [ -91.146843255725713, 30.530518607942827 ], [ -91.146838410799006, 30.530520531518729 ], [ -91.146833491123687, 30.530522307051804 ], [ -91.146828502957078, 30.530523931844662 ], [ -91.146823451509405, 30.530525405904637 ], [ -91.146818344081652, 30.530526725633845 ], [ -91.146813186929506, 30.530527889236915 ], [ -91.146807985263138, 30.530528896721233 ], [ -91.146802746380217, 30.530529746292945 ], [ -91.146797476534701, 30.5305304370588 ], [ -91.146792181982207, 30.530530967223516 ], [ -91.146786868974999, 30.530531336795853 ], [ -91.146781543765272, 30.530531545784644 ], [ -91.146776213648991, 30.530531593298122 ], [ -91.146770885920532, 30.530531479346596 ], [ -91.146765564747881, 30.530531203935872 ], [ -91.146760258465889, 30.530530767979791 ], [ -91.146754973324917, 30.530530172389273 ], [ -91.146749715578963, 30.530529416270998 ], [ -91.146744491476838, 30.530528501437953 ], [ -91.146739307267438, 30.530527429702989 ], [ -91.146734169202986, 30.530526201074981 ], [ -91.146729084572684, 30.530524818270376 ], [ -91.14672405858667, 30.530523281296485 ], [ -91.146719097488756, 30.530521594672503 ], [ -91.146714207532796, 30.530519757505051 ], [ -91.146709394962585, 30.530517774313356 ], [ -91.146704666026949, 30.530515646910253 ], [ -91.146700024890734, 30.530513377105805 ], [ -91.146695478841309, 30.53051096851847 ], [ -91.146691033083741, 30.530508423861818 ], [ -91.146686691781227, 30.530505745847911 ], [ -91.146682462221094, 30.530502938095218 ], [ -91.146678348564819, 30.530500004217831 ], [ -91.146674356015723, 30.530496947831324 ], [ -91.146670488736902, 30.530493771647819 ], [ -91.144188793223563, 30.52845453019874 ], [ -91.144159111153044, 30.528425688692543 ], [ -91.144145239512142, 30.528410557598924 ], [ -91.144132041865959, 30.528394981850774 ], [ -91.144119535887313, 30.528378983122913 ], [ -91.144115895492405, 30.528371120997782 ], [ -91.144114320321378, 30.528367110002232 ], [ -91.144112911960249, 30.52836305324027 ], [ -91.144111671440783, 30.528358956125597 ], [ -91.144110599796306, 30.528354823170069 ], [ -91.144109700144256, 30.528350658888304 ], [ -91.144108972470875, 30.528346470496842 ], [ -91.144108418853207, 30.528342261606888 ], [ -91.144108038237221, 30.528338038531327 ], [ -91.144107831654608, 30.528333806683978 ], [ -91.144107800138727, 30.528329570576567 ], [ -91.144107942635486, 30.528325336522055 ], [ -91.144108260176566, 30.528321109934236 ], [ -91.144108751711315, 30.52831689532189 ], [ -91.144109417227668, 30.528312698999407 ], [ -91.14411025463302, 30.528308525474085 ], [ -91.14411126391694, 30.528304380158222 ], [ -91.144112442983428, 30.528300269363221 ], [ -91.144113791823798, 30.52829619759941 ], [ -91.144115306261384, 30.528292169371049 ], [ -91.144116986284146, 30.528288190992551 ], [ -91.144118829797705, 30.528284267873268 ], [ -91.144120833670911, 30.528280402714831 ], [ -91.144122994763876, 30.528276602729221 ], [ -91.14412531202592, 30.528272872425266 ], [ -91.144127781282222, 30.528269215405185 ], [ -91.144130400438328, 30.52826563707837 ], [ -91.144133164275672, 30.52826214194754 ], [ -91.144136071743503, 30.528258734521582 ], [ -91.14413911658292, 30.528255418399677 ], [ -91.144142296697922, 30.528252199893313 ], [ -91.144145607916869, 30.52824908080056 ] ], [ [ -91.154604108841028, 30.528887213358569 ], [ -91.155625215841596, 30.527980825268457 ], [ -91.155636896834878, 30.527975565717892 ], [ -91.155642892620179, 30.527973210376171 ], [ -91.155648981849922, 30.527971042787584 ], [ -91.155655157226818, 30.527969064746419 ], [ -91.155661409367994, 30.52796727894631 ], [ -91.155667733057015, 30.527965688988335 ], [ -91.155674116830127, 30.527964295759265 ], [ -91.155680555474135, 30.527963101056198 ], [ -91.155687038565702, 30.527962106669289 ], [ -91.155693558809276, 30.52796131349071 ], [ -91.155700107865528, 30.527960723313459 ], [ -91.155706676356473, 30.527960336124824 ], [ -91.155713256984768, 30.527960153719246 ], [ -91.155719841417664, 30.527960174281404 ], [ -91.155726420275542, 30.527960398700756 ], [ -91.15573298626272, 30.527960827869578 ], [ -91.155739530006016, 30.527961459069036 ], [ -91.155746043167838, 30.527962293190182 ], [ -91.155752518455671, 30.527963329321015 ], [ -91.155758945456, 30.527964563839507 ], [ -91.15576531791514, 30.527965997639107 ], [ -91.155771627501949, 30.527967628002664 ], [ -91.15577786484161, 30.52796945311341 ], [ -91.15578402368692, 30.527971470256862 ], [ -91.155790094664695, 30.527973676714172 ], [ -91.155796070485678, 30.527976069769572 ], [ -91.155801943862372, 30.527978645804964 ], [ -91.155807706461971, 30.527981403005001 ], [ -91.155813350998386, 30.527984336849787 ], [ -91.155818871226145, 30.527987443722665 ], [ -91.155829376391111, 30.527994070794239 ], [ -91.155834419625961, 30.527997621741122 ], [ -91.155839314624671, 30.528001324034701 ], [ -91.155844056183682, 30.528005174059789 ], [ -91.155848635976611, 30.528009166392881 ], [ -91.155853050885469, 30.528013296519553 ], [ -91.155857294667896, 30.528017559019066 ], [ -91.155861362123588, 30.528021948472105 ], [ -91.15586524700845, 30.528026460360064 ], [ -91.155868946209424, 30.528031087462338 ], [ -91.155872453482417, 30.528035825260247 ], [ -91.155875764670768, 30.528040667433821 ], [ -91.155878876659671, 30.528045607664545 ], [ -91.155881785290816, 30.52805064053446 ], [ -91.155884486408937, 30.528055758821598 ], [ -91.155886977941393, 30.528060956208776 ], [ -91.155889254687736, 30.528066227276625 ], [ -91.155891314578412, 30.528071563904 ], [ -91.155893155539118, 30.528076960675662 ], [ -91.155894775497003, 30.528082411274493 ], [ -91.155896171342278, 30.528087906675712 ], [ -91.155897343084476, 30.528093441467046 ], [ -91.155898287608821, 30.528099009329907 ], [ -91.155899003887853, 30.528104602144456 ], [ -91.155899490890803, 30.528110213594797 ], [ -91.155899749672528, 30.528115836465929 ], [ -91.155899778161881, 30.528121463538653 ], [ -91.155899577413749, 30.528127087597955 ], [ -91.155899147437751, 30.52813270323141 ], [ -91.155898487208006, 30.528138301417115 ], [ -91.155910266774768, 30.528635469004961 ], [ -91.155260341984729, 30.52864136800153 ], [ -91.154803328561485, 30.529056923737514 ], [ -91.154795321882133, 30.529062009561613 ], [ -91.154791168304627, 30.529064366447045 ], [ -91.154786921175656, 30.529066595114038 ], [ -91.154782585710223, 30.529068692863458 ], [ -91.154778168165237, 30.529070656997462 ], [ -91.154773673755798, 30.529072484817082 ], [ -91.154769106653163, 30.529074174523689 ], [ -91.154764474156408, 30.52907572342097 ], [ -91.154759780435228, 30.529077130612542 ], [ -91.15475503383233, 30.529078392501429 ], [ -91.154750237472172, 30.529079509993768 ], [ -91.154745399695813, 30.529080480394786 ], [ -91.154740524674523, 30.529081301905947 ], [ -91.154735619702635, 30.529081974537064 ], [ -91.154730689993329, 30.529082496491039 ], [ -91.154725742840853, 30.529082867777749 ], [ -91.154720782413349, 30.529083088402853 ], [ -91.154715817048611, 30.52908315747543 ], [ -91.154710851956736, 30.529083075002589 ], [ -91.154705892349511, 30.529082840089327 ], [ -91.154700946559842, 30.529082454550956 ], [ -91.154696018755857, 30.529081918393072 ], [ -91.154691116230083, 30.529081232527655 ], [ -91.154686244192646, 30.529080396961739 ], [ -91.154681409934497, 30.529079413509212 ], [ -91.15467661762203, 30.52907828307783 ], [ -91.154671875588249, 30.529077007482883 ], [ -91.154667187999664, 30.529075587632097 ], [ -91.15466256110507, 30.52907402533808 ], [ -91.154658000111425, 30.529072322411871 ], [ -91.154653512306311, 30.529070482471585 ], [ -91.154649101856251, 30.529068506425023 ], [ -91.154644775010112, 30.529066396084573 ], [ -91.154640535927854, 30.529064155966257 ], [ -91.154636390858386, 30.529061787882508 ], [ -91.154632345006945, 30.52905929454673 ], [ -91.154628403578783, 30.529056678671964 ], [ -91.154624570733816, 30.529053944774194 ], [ -91.154620851677237, 30.529051095566651 ], [ -91.154617251612748, 30.529048134664485 ], [ -91.154613773659875, 30.529045065680286 ], [ -91.154610423022177, 30.529041892229227 ], [ -91.154607202817644, 30.529038618825826 ], [ -91.154604119291875, 30.529035249086803 ], [ -91.154601174522369, 30.529031786623118 ], [ -91.154598371623862, 30.529028237753479 ], [ -91.154595715803154, 30.529024604289006 ], [ -91.154593210173275, 30.529020893450355 ], [ -91.154590855772994, 30.529017107043046 ], [ -91.154588657799465, 30.529013252290564 ], [ -91.154586618331763, 30.5290093319019 ], [ -91.15458474048458, 30.529005352195682 ], [ -91.154583024249746, 30.529001317682226 ], [ -91.154581474829243, 30.528997232878744 ], [ -91.154580092211674, 30.52899310409974 ], [ -91.154578878474567, 30.528988934956185 ], [ -91.154577834648492, 30.52898473176387 ], [ -91.154576963851454, 30.528980499037377 ], [ -91.154576265031537, 30.528976242187507 ], [ -91.154575740261464, 30.528971967531589 ], [ -91.154575390576696, 30.528967678679162 ], [ -91.154575214923852, 30.528963381943242 ], [ -91.154575214335111, 30.528959082737565 ], [ -91.154575389842748, 30.52895478647585 ], [ -91.154575739354641, 30.528950497665626 ], [ -91.154576262859266, 30.528946222621158 ], [ -91.154576961390575, 30.528941965854212 ], [ -91.154577831811054, 30.52893773367499 ], [ -91.154578874114264, 30.528933529691599 ], [ -91.15458008724508, 30.528929361119147 ], [ -91.154581469112969, 30.528925231562951 ], [ -91.154583018664539, 30.528921147336089 ], [ -91.154584733809159, 30.528917112043899 ], [ -91.15458661245151, 30.52891313199796 ], [ -91.15458865145726, 30.528909211704317 ], [ -91.154590848732695, 30.528905356572487 ], [ -91.154593201145232, 30.528901570206475 ], [ -91.154595706601057, 30.528897858015775 ], [ -91.154598361964332, 30.528894225408454 ], [ -91.154601164104179, 30.52889067508648 ], [ -91.154604108841028, 30.528887213358569 ] ], [ [ -91.153956698040218, 30.52960230851129 ], [ -91.153965344708382, 30.529600050652814 ], [ -91.153969731242157, 30.529599122967706 ], [ -91.153974154002114, 30.529598330640081 ], [ -91.153978606734483, 30.5295976745636 ], [ -91.153983083183874, 30.529597156533804 ], [ -91.153987578140118, 30.529596776543666 ], [ -91.15399208639154, 30.529596535488224 ], [ -91.153996600645542, 30.529596432455417 ], [ -91.154001116730853, 30.529596469243824 ], [ -91.154005629438927, 30.529596644944291 ], [ -91.154010130435225, 30.529596958643481 ], [ -91.154014616592079, 30.529597411239195 ], [ -91.154019081658973, 30.529598001820933 ], [ -91.15402351938539, 30.529598729478124 ], [ -91.154027923520843, 30.52959959330034 ], [ -91.154032289900442, 30.52960059147772 ], [ -91.154036613314162, 30.529601724003264 ], [ -91.154040886471051, 30.529602989062987 ], [ -91.154045105206251, 30.529604384847161 ], [ -91.154049264312988, 30.529605909544614 ], [ -91.154053357542281, 30.529607561342686 ], [ -91.154057380731047, 30.529609337529752 ], [ -91.154061328670693, 30.529611237196541 ], [ -91.154065196157632, 30.529613256727806 ], [ -91.15406897798502, 30.529615394312486 ], [ -91.154072668947705, 30.52961764723732 ], [ -91.154076265926008, 30.529620011889786 ], [ -91.154079762672708, 30.529622485555358 ], [ -91.154083156066662, 30.529625065523621 ], [ -91.154086441944571, 30.529627749082721 ], [ -91.154089614064162, 30.529630530811946 ], [ -91.15409267138665, 30.529633408905742 ], [ -91.154095607666321, 30.529636379747473 ], [ -91.154098419785299, 30.529639438822606 ], [ -91.154101105666015, 30.52964258252004 ], [ -91.154204525829726, 30.529957167866279 ], [ -91.154223371863239, 30.530959683407733 ], [ -91.154222770320416, 30.530986964396266 ], [ -91.15422163492633, 30.531000574895327 ], [ -91.154219944202339, 30.531014141344123 ], [ -91.154217700261583, 30.531027647508541 ], [ -91.154214907301366, 30.531041077157195 ], [ -91.15421156743642, 30.531054413153807 ], [ -91.154207684867359, 30.531067637462989 ], [ -91.154203263788176, 30.531080735657316 ], [ -91.154198312565939, 30.531093690609108 ], [ -91.154192834357559, 30.531106485183418 ], [ -91.154186837525316, 30.531119104958673 ], [ -91.15418032835214, 30.53113153280411 ], [ -91.154173317286123, 30.531143753398986 ], [ -91.154165810605306, 30.531155752318654 ], [ -91.15415781875781, 30.531167514242366 ], [ -91.154149352191567, 30.531179023849138 ], [ -91.154140420309346, 30.531190267620772 ], [ -91.154131034599615, 30.5312012311398 ], [ -91.154121208634891, 30.531211899991675 ], [ -91.154110951814729, 30.531222262462158 ], [ -91.154100278753759, 30.531232304138168 ], [ -91.154089201979346, 30.531242012407741 ], [ -91.154077737141577, 30.531251376467257 ], [ -91.154065895725878, 30.531260383703362 ], [ -91.154053694424491, 30.531269023313989 ], [ -91.154041147847295, 30.531277283592015 ], [ -91.154028271642858, 30.531285154635931 ], [ -91.154015082500393, 30.531292627447655 ], [ -91.154001596068454, 30.531299692125739 ], [ -91.153987830078279, 30.531306339673527 ], [ -91.153973801218982, 30.531312561092967 ], [ -91.153959527216884, 30.531318350093638 ], [ -91.153945024759452, 30.531323698579484 ], [ -91.153930314699224, 30.531328600264391 ], [ -91.153915412678401, 30.53133304885505 ], [ -91.153900337465416, 30.531337038062496 ], [ -91.153885109907847, 30.531340564306589 ], [ -91.153869747732031, 30.531343621297051 ], [ -91.153854270740382, 30.531346207256501 ], [ -91.153838697698006, 30.531348317700054 ], [ -91.153823047365165, 30.531349950849048 ], [ -91.153807340587932, 30.531351104025525 ], [ -91.152668488043034, 30.531349613205002 ], [ -91.152645819445553, 30.531347273901154 ], [ -91.152634570491884, 30.531345588838992 ], [ -91.152623396143383, 30.531343563802299 ], [ -91.152612310985319, 30.531341200615209 ], [ -91.152601328557921, 30.531338502904511 ], [ -91.152590461360845, 30.531335473393383 ], [ -91.152579725018256, 30.531332115711407 ], [ -91.152569129944197, 30.531328433481118 ], [ -91.152558691759495, 30.531324432136152 ], [ -91.152548420874794, 30.531320117103181 ], [ -91.152538331872236, 30.531315492010378 ], [ -91.152528436201194, 30.531310564089779 ], [ -91.152518746356449, 30.531305338770977 ], [ -91.152509273788979, 30.531299822383925 ], [ -91.152500030990183, 30.531294022162299 ], [ -91.152491028369084, 30.531287944434641 ], [ -91.152482278415391, 30.531281597336626 ], [ -91.152473790494426, 30.531274988097639 ], [ -91.152465575010112, 30.531268125752373 ], [ -91.152457643410145, 30.531261018435064 ], [ -91.152450004016089, 30.5312536742757 ], [ -91.152442667231952, 30.531246102309119 ], [ -91.152435641374225, 30.531238313371304 ], [ -91.152428934766121, 30.53123031469023 ], [ -91.152422557806716, 30.531222118006816 ], [ -91.15241651568796, 30.531213733250983 ], [ -91.152410817771795, 30.531205169455969 ], [ -91.152405469247, 30.531196438355718 ], [ -91.152400478431701, 30.531187549884244 ], [ -91.152395850514736, 30.531178515775437 ], [ -91.152391591728446, 30.531169346862516 ], [ -91.15238770726323, 30.531160053977292 ], [ -91.152384201265846, 30.531150648852222 ], [ -91.152381077882879, 30.531141143219688 ], [ -91.152378342303095, 30.531131548813619 ], [ -91.152375996590749, 30.531121876461537 ], [ -91.152374043847118, 30.531112139698418 ], [ -91.152372488220578, 30.531102349354814 ], [ -91.15237132864587, 30.531092518057964 ], [ -91.152370568229259, 30.531082656636816 ], [ -91.152370209028362, 30.531072779527207 ], [ -91.152370248941011, 30.531062896648667 ], [ -91.152370690026316, 30.531053021535072 ], [ -91.152371530178769, 30.531043165910166 ], [ -91.152372769376825, 30.531033341500656 ], [ -91.152374405513299, 30.531023560932542 ], [ -91.152376437524538, 30.531013835931002 ], [ -91.152378861219361, 30.531004179119051 ], [ -91.15238167553575, 30.530994601319975 ], [ -91.152384875242106, 30.530985114253351 ], [ -91.152388458229495, 30.530975731446997 ], [ -91.152392419271138, 30.530966461914392 ], [ -91.152396752090112, 30.530957319177791 ], [ -91.152401453540421, 30.53094831405754 ], [ -91.152406517351636, 30.530939456467603 ], [ -91.15241193620804, 30.530930758124669 ], [ -91.152417703839205, 30.530922228942842 ], [ -91.152423813969776, 30.53091388154219 ], [ -91.152430258248629, 30.530905724029864 ], [ -91.152437029361678, 30.53089776722037 ], [ -91.152444117914044, 30.530890020121529 ], [ -91.152451516591753, 30.530882493547939 ], [ -91.152459215999912, 30.530875196507196 ], [ -91.15246720570174, 30.530868138005616 ], [ -91.152475476305654, 30.530861325246814 ], [ -91.152484017371563, 30.530854769041177 ], [ -91.152492819511252, 30.530848474788009 ], [ -91.152506387429383, 30.530839607162438 ], [ -91.153622630898624, 30.529793297149304 ], [ -91.153956698040218, 30.52960230851129 ] ], [ [ -91.149258267992991, 30.531606946976765 ], [ -91.149259995599351, 30.531615430515004 ], [ -91.149260593094283, 30.531619707094002 ], [ -91.149261013411092, 30.531623999663655 ], [ -91.149261253435384, 30.531628301905204 ], [ -91.149261316301576, 30.531632609312702 ], [ -91.149261198893598, 30.531636916469537 ], [ -91.14926090226686, 30.531641216160669 ], [ -91.149260427469983, 30.531645504779377 ], [ -91.149259774516494, 30.531649775109194 ], [ -91.149258945498715, 30.531654022642758 ], [ -91.149257939384711, 30.531658241966309 ], [ -91.149256758270212, 30.531662426768282 ], [ -91.149255404249317, 30.531666571639356 ], [ -91.149253879414573, 30.531670672072117 ], [ -91.149252183775886, 30.531674722654174 ], [ -91.149250322555261, 30.531678717078428 ], [ -91.149248294717339, 30.531682651735263 ], [ -91.149246105484011, 30.531686520317393 ], [ -91.149243756947754, 30.53169031831759 ], [ -91.149241252244721, 30.531694040327807 ], [ -91.149238593467445, 30.531697681840615 ], [ -91.149235785834463, 30.531701238353108 ], [ -91.149232831438226, 30.53170470535774 ], [ -91.149229735499034, 30.531708077449565 ], [ -91.149226501148036, 30.531711351926646 ], [ -91.14922313256514, 30.531714522480499 ], [ -91.149219634965661, 30.531717586412096 ], [ -91.14921601148238, 30.531720540117647 ], [ -91.149058322384846, 30.531863973192134 ], [ -91.149073427983723, 30.531877433057584 ], [ -91.14879922676873, 30.532109708589399 ], [ -91.148783342166951, 30.532123450021409 ], [ -91.148774991546858, 30.532129950324261 ], [ -91.14876638401708, 30.532136193182275 ], [ -91.148757527927401, 30.532142171390554 ], [ -91.148748434755561, 30.532147876846597 ], [ -91.148739117019687, 30.532153302351421 ], [ -91.148729584110058, 30.532158441603553 ], [ -91.148719849585092, 30.532163288307547 ], [ -91.148709924917526, 30.532167837067014 ], [ -91.148699821583435, 30.532172080681459 ], [ -91.148689552094311, 30.532176015560044 ], [ -91.148679130006883, 30.532179636309351 ], [ -91.148668567834349, 30.532182938436506 ], [ -91.148657878089878, 30.532185917448615 ], [ -91.148647074326831, 30.532188569756357 ], [ -91.148636169055081, 30.532190892670968 ], [ -91.148625176868464, 30.532192883506699 ], [ -91.148614111320583, 30.532194538674116 ], [ -91.148602984917702, 30.532195857288681 ], [ -91.148591812252178, 30.53219683756658 ], [ -91.148580605832166, 30.532197477721112 ], [ -91.148569381290116, 30.532197776872085 ], [ -91.148558151130857, 30.532197735036981 ], [ -91.148546929943194, 30.532197352236107 ], [ -91.148535731272347, 30.532196629390473 ], [ -91.148524568663376, 30.532195567421006 ], [ -91.148513455663092, 30.532194166346606 ], [ -91.148502405813289, 30.532192428892476 ], [ -91.148491433699405, 30.532190356882985 ], [ -91.148480552863305, 30.532187953043305 ], [ -91.148469775804557, 30.532185220097066 ], [ -91.148459116063236, 30.532182161671461 ], [ -91.148448586135771, 30.532178782294217 ], [ -91.148438200605838, 30.532175084691843 ], [ -91.14842797092777, 30.532171073390789 ], [ -91.148417909594471, 30.532166754722834 ], [ -91.148408030144282, 30.532162133217241 ], [ -91.148398342987733, 30.532157214300966 ], [ -91.148388861659839, 30.53215200430731 ], [ -91.148379597609676, 30.532146510468756 ], [ -91.14837056229149, 30.532140737311654 ], [ -91.148361765065346, 30.532134694771763 ], [ -91.14835321946947, 30.532128387378318 ], [ -91.148344933821846, 30.532121825065609 ], [ -91.148336919569857, 30.532115015968191 ], [ -91.148329186080304, 30.532107966413584 ], [ -91.14832174271136, 30.532100687239655 ], [ -91.148314598826417, 30.532093186577931 ], [ -91.148307763787045, 30.532085473462232 ], [ -91.148301244870822, 30.532077556923287 ], [ -91.147633680446347, 30.531288376205907 ], [ -91.147613095201393, 30.531267022705695 ], [ -91.147603517823455, 30.531255855336955 ], [ -91.147594437036275, 30.531244381063004 ], [ -91.147585864268365, 30.531232617941008 ], [ -91.14757781199549, 30.531220581323666 ], [ -91.147570292686524, 30.531208290171584 ], [ -91.14756331673135, 30.53119576073664 ], [ -91.147555002849046, 30.531175411297912 ], [ -91.147551479287827, 30.531165057055954 ], [ -91.147548384197634, 30.531154601482779 ], [ -91.147545720682515, 30.531144056309618 ], [ -91.147543493925482, 30.53113343597656 ], [ -91.14754170390114, 30.531122754014518 ], [ -91.147540355794106, 30.531112023961629 ], [ -91.147539449580648, 30.531101258446668 ], [ -91.147538987317702, 30.531090471905365 ], [ -91.147538967937649, 30.531079677867258 ], [ -91.147539393497496, 30.531068890767983 ], [ -91.147540262931315, 30.531058123234846 ], [ -91.14754157517163, 30.531047388797219 ], [ -91.147543327065108, 30.5310367018836 ], [ -91.147545518586327, 30.531026076024762 ], [ -91.147548145541563, 30.531015524745623 ], [ -91.147551204780996, 30.531005060670616 ], [ -91.147554693151278, 30.530994698228113 ], [ -91.147558605420116, 30.530984449137531 ], [ -91.147562936351846, 30.530974326922223 ], [ -91.147567681751241, 30.530964346009348 ], [ -91.147572834305265, 30.530954516311091 ], [ -91.147578388776623, 30.530944852252979 ], [ -91.147584336805238, 30.530935366452102 ], [ -91.14759067107822, 30.530926068820722 ], [ -91.147597384275784, 30.530916972879385 ], [ -91.147604468041337, 30.530908089440917 ], [ -91.14767086883549, 30.53083416883106 ], [ -91.147898742104118, 30.530632598008154 ], [ -91.148881532941004, 30.531431932332094 ], [ -91.149031411873395, 30.531430175514529 ], [ -91.149258267992991, 30.531606946976765 ] ], [ [ -91.148181005563075, 30.532366042336307 ], [ -91.14819194968139, 30.532385911904314 ], [ -91.148196807525437, 30.532396084873831 ], [ -91.148201248282305, 30.532406399784705 ], [ -91.148205266766865, 30.532416843098911 ], [ -91.148208856748553, 30.532427403080987 ], [ -91.148212015127925, 30.532438065293757 ], [ -91.148214737758622, 30.53244881800472 ], [ -91.148217020499203, 30.532459646775219 ], [ -91.14821886128891, 30.532470538973634 ], [ -91.148220257028484, 30.532481480162684 ], [ -91.148221206699191, 30.532492457712202 ], [ -91.14822170824543, 30.532503456284317 ], [ -91.148221761688902, 30.532514464152428 ], [ -91.148221368098518, 30.532525466885083 ], [ -91.148220525416889, 30.532536450046514 ], [ -91.148219236793636, 30.532547401012263 ], [ -91.148217503295953, 30.532558306253048 ], [ -91.148215325992581, 30.532569151337409 ], [ -91.148212709075281, 30.532579923642388 ], [ -91.148209655696974, 30.532590608739472 ], [ -91.148206169005618, 30.532601194906313 ], [ -91.148202252154164, 30.532611667714399 ], [ -91.148197912460461, 30.532622014545115 ], [ -91.148193154116186, 30.532632222775526 ], [ -91.148187983398898, 30.532642278883475 ], [ -91.148182405540581, 30.532652171149522 ], [ -91.148176428899603, 30.532661887858655 ], [ -91.148170060795451, 30.532671415490061 ], [ -91.148163308542763, 30.532680743229349 ], [ -91.148156180501374, 30.532689858459385 ], [ -91.148148685026328, 30.532698751269109 ], [ -91.148140833602085, 30.532707409947857 ], [ -91.145448204545431, 30.535177486824523 ], [ -91.145440460367894, 30.535184863668135 ], [ -91.145436367700256, 30.535188370463498 ], [ -91.1454321345918, 30.535191749869512 ], [ -91.145427768342316, 30.535194999190438 ], [ -91.145423271046141, 30.53519811301684 ], [ -91.145418651045219, 30.535201088654382 ], [ -91.145413913558457, 30.535203921600225 ], [ -91.145409062760976, 30.535206608252004 ], [ -91.145404105952636, 30.535209145913875 ], [ -91.14539904939268, 30.535211530986611 ], [ -91.145393899340561, 30.535213759870846 ], [ -91.145388661008383, 30.535215831671774 ], [ -91.145383342741411, 30.535217741891099 ], [ -91.145377949751804, 30.535219489634063 ], [ -91.14537248933928, 30.535221072204944 ], [ -91.145366967761504, 30.535222486906424 ], [ -91.145361391272715, 30.535223732845282 ], [ -91.145355769253456, 30.535224809132764 ], [ -91.145350105878961, 30.535225712166696 ], [ -91.145344409484096, 30.535226442860775 ], [ -91.14533868736531, 30.535227000323438 ], [ -91.145332945780282, 30.535227381857393 ], [ -91.145327192020133, 30.535227589277028 ], [ -91.145321433381227, 30.535227621690755 ], [ -91.145315677159928, 30.535227478206846 ], [ -91.145309930649091, 30.535227159737616 ], [ -91.145304200101393, 30.535226666292033 ], [ -91.145298493851698, 30.535225998784014 ], [ -91.145292817108768, 30.535225158123051 ], [ -91.145287179251426, 30.535224144322303 ], [ -91.14528158548336, 30.535222960997565 ], [ -91.145276043100736, 30.535221607257007 ], [ -91.145270559393182, 30.535220085817315 ], [ -91.145265141653525, 30.535218397590814 ], [ -91.145259795085451, 30.535216546193116 ], [ -91.145254526980111, 30.535214533438754 ], [ -91.14524934358657, 30.535212361140687 ], [ -91.145146838203928, 30.535160405894366 ], [ -91.144069043436929, 30.534278106579247 ], [ -91.144061880773393, 30.534267972565008 ], [ -91.144058615496348, 30.534262745894711 ], [ -91.144055567155405, 30.534257423014569 ], [ -91.144052738866492, 30.534252009341312 ], [ -91.144050134782276, 30.534246512999417 ], [ -91.144047758018658, 30.534240939405763 ], [ -91.144045610645975, 30.534235295779716 ], [ -91.144043696817008, 30.534229590245673 ], [ -91.144042018603841, 30.534223829121068 ], [ -91.144040578075106, 30.534218020527366 ], [ -91.144039376260721, 30.534212170780407 ], [ -91.144038415229332, 30.53420628800168 ], [ -91.144037696009207, 30.534200379409118 ], [ -91.144037219628572, 30.534194452220611 ], [ -91.144036987114021, 30.534188514556163 ], [ -91.144036998453416, 30.534182572730145 ], [ -91.144037253629548, 30.534176635763068 ], [ -91.144037752630283, 30.53417070996932 ], [ -91.144038494398004, 30.534164803465927 ], [ -91.144039477876845, 30.534158923467722 ], [ -91.144040702009193, 30.534153078091784 ], [ -91.14404216470048, 30.534147272747443 ], [ -91.144043864891458, 30.534141516453644 ], [ -91.144045800484122, 30.534135816423976 ], [ -91.144047969380551, 30.534130179871706 ], [ -91.144050367400339, 30.534124613105352 ], [ -91.144052992445523, 30.534119123338314 ], [ -91.144055841376073, 30.53411371778256 ], [ -91.144058910009974, 30.534108403648563 ], [ -91.144062195208889, 30.534103187246128 ], [ -91.144065692792381, 30.534098074883683 ], [ -91.144069396496064, 30.534093072866696 ], [ -91.147000583887859, 30.53146377997923 ], [ -91.147017055128117, 30.531451796790151 ], [ -91.147025649004576, 30.531446192681376 ], [ -91.14703446746033, 30.531440855896903 ], [ -91.147043500059766, 30.531435794540435 ], [ -91.147052734289872, 30.531431013104687 ], [ -91.147062158674714, 30.531426518789878 ], [ -91.147071760697898, 30.531422317892751 ], [ -91.147081529932322, 30.531418414006854 ], [ -91.147091453861563, 30.531414813428903 ], [ -91.147101517890377, 30.531411519746566 ], [ -91.147111711588181, 30.531408538357528 ], [ -91.147122020363028, 30.531405871045244 ], [ -91.147132432742438, 30.531403523205995 ], [ -91.14714293517477, 30.531401497526797 ], [ -91.147153514111892, 30.531399794890664 ], [ -91.147164154956712, 30.53139841978728 ], [ -91.147174847289023, 30.531397372202058 ], [ -91.14718557443274, 30.531396653915618 ], [ -91.147196324923783, 30.531396265813871 ], [ -91.147207084171981, 30.531396208778332 ], [ -91.147217839674553, 30.531396481889402 ], [ -91.147228576839652, 30.531397086930671 ], [ -91.147239282127501, 30.53139802027486 ], [ -91.147249941989983, 30.531399282805037 ], [ -91.147260543926024, 30.531400872699511 ], [ -91.147271074394212, 30.531402787233006 ], [ -91.147281518809422, 30.53140502458103 ], [ -91.147291865716028, 30.53140758111919 ], [ -91.147302100530553, 30.53141045412093 ], [ -91.147312210753569, 30.531413640862493 ], [ -91.14732218389085, 30.531417135914065 ], [ -91.147332008488462, 30.531420934749214 ], [ -91.147341669962813, 30.531425034641344 ], [ -91.147351156865028, 30.531429428357974 ], [ -91.147360458784945, 30.531434110472087 ], [ -91.147369561142398, 30.531439076453086 ], [ -91.147378454574181, 30.531444318169292 ], [ -91.147387127626359, 30.531449831094314 ], [ -91.147395568851721, 30.531455607093633 ], [ -91.147403767843272, 30.53146163893631 ], [ -91.147411714195854, 30.53146791848922 ], [ -91.147419398544542, 30.531474438522721 ], [ -91.147426809442123, 30.531481190902337 ], [ -91.14743393856736, 30.531488167497923 ], [ -91.147440777602569, 30.531495358375135 ], [ -91.147447317186121, 30.53150275450043 ], [ -91.148181005563075, 30.532366042336307 ] ], [ [ -91.154241868681893, 30.533299760802585 ], [ -91.154240799592273, 30.533308378501538 ], [ -91.154240005105066, 30.533312657682444 ], [ -91.15423903768226, 30.533316910469818 ], [ -91.154237900459719, 30.533321131455473 ], [ -91.154236593447251, 30.533325315227053 ], [ -91.154235117695052, 30.533329457275737 ], [ -91.154233477381084, 30.533333552194865 ], [ -91.154231671471436, 30.533337595472702 ], [ -91.154229704145763, 30.533341580800546 ], [ -91.154227577494666, 30.533345504572971 ], [ -91.154225294652477, 30.533349362283925 ], [ -91.154222856671069, 30.533353148522501 ], [ -91.154220267728405, 30.533356857881991 ], [ -91.154217529913524, 30.53336048765906 ], [ -91.154214648446498, 30.533364032448389 ], [ -91.15421162541962, 30.53336748774263 ], [ -91.154208466051315, 30.533370849038423 ], [ -91.154205171388597, 30.533374113631108 ], [ -91.154201747693577, 30.533377276116784 ], [ -91.154198199139387, 30.533380333794803 ], [ -91.154194528860444, 30.533383282159335 ], [ -91.154190742073524, 30.533386117609005 ], [ -91.15418684295183, 30.533388837443429 ], [ -91.154182836713773, 30.533391437159267 ], [ -91.154178728573058, 30.533393914959532 ], [ -91.154174522706001, 30.533396266339555 ], [ -91.154170224326208, 30.533398489502311 ], [ -91.154165839691075, 30.533400581750026 ], [ -91.154161371931608, 30.533402540380788 ], [ -91.154156829390857, 30.533404361797707 ], [ -91.154152215195055, 30.533406046004856 ], [ -91.154147536645254, 30.533407589404128 ], [ -91.154142797912897, 30.533408990196872 ], [ -91.154138006295838, 30.533410246588883 ], [ -91.154133167004304, 30.533411358587244 ], [ -91.154128285255254, 30.53341232259071 ], [ -91.154123367299448, 30.533413139509904 ], [ -91.15411842043622, 30.5334138066485 ], [ -91.154113448833911, 30.533414324012064 ], [ -91.154108459788631, 30.533414690708518 ], [ -91.154103459552729, 30.533414906746234 ], [ -91.154098452296253, 30.533414971228908 ], [ -91.154093446353968, 30.533414885069831 ], [ -91.154088446939639, 30.53341464647189 ], [ -91.154083460300683, 30.533414258149769 ], [ -91.15407849164913, 30.53341371920844 ], [ -91.154073548279513, 30.533413029657844 ], [ -91.154068636439234, 30.533412192212548 ], [ -91.154063760298342, 30.533411205976204 ], [ -91.154058927146338, 30.533410073664847 ], [ -91.154054142193615, 30.53340879528551 ], [ -91.154049412729719, 30.533407373554247 ], [ -91.154044742919751, 30.533405810280744 ], [ -91.154040139014441, 30.533404106375727 ], [ -91.154035606220887, 30.533402263650192 ], [ -91.154031150783311, 30.533400286622928 ], [ -91.154026777912108, 30.533398175301002 ], [ -91.154022492811066, 30.533395933299744 ], [ -91.154018300687227, 30.533393562430273 ], [ -91.154014206742872, 30.533391067209873 ], [ -91.154010216185029, 30.533388449449834 ], [ -91.154006333175431, 30.533385712763948 ], [ -91.154002562917896, 30.533382860767571 ], [ -91.153407624741803, 30.532916663772042 ], [ -91.152755024627481, 30.532382925098062 ], [ -91.152351960376635, 30.5320187827765 ], [ -91.152339875973595, 30.532004913373463 ], [ -91.152334266196547, 30.531997709096899 ], [ -91.152328954751454, 30.531990338347576 ], [ -91.152323947875786, 30.531982809252561 ], [ -91.152319251805324, 30.531975130840991 ], [ -91.152314872772578, 30.531967313946115 ], [ -91.152310815971219, 30.531959367595572 ], [ -91.152307086593453, 30.531951301719154 ], [ -91.152303689829651, 30.531943127148729 ], [ -91.152300628789405, 30.531934852908972 ], [ -91.152297907619428, 30.531926490732506 ], [ -91.152295530471449, 30.531918049645409 ], [ -91.152293500448465, 30.531909542280864 ], [ -91.152291819619663, 30.531900976760202 ], [ -91.152290489003889, 30.531892365713514 ], [ -91.152289511709185, 30.531883719067881 ], [ -91.152288888756132, 30.531875048551267 ], [ -91.152288621168452, 30.531866364087804 ], [ -91.152288707884395, 30.531857676500568 ], [ -91.152289149924357, 30.531848997517894 ], [ -91.152289947270262, 30.531840337062196 ], [ -91.15229109677604, 30.531831705954012 ], [ -91.152292599460637, 30.531823116823393 ], [ -91.152294452183014, 30.531814577784544 ], [ -91.152296652835872, 30.531806101463403 ], [ -91.152299199316928, 30.531797697779673 ], [ -91.15230208743823, 30.531789377552286 ], [ -91.152305313011695, 30.531781151600249 ], [ -91.152308873936633, 30.531773028941117 ], [ -91.152312763941012, 30.531765020390996 ], [ -91.152316979880496, 30.531757135868212 ], [ -91.152321514440857, 30.5317493861874 ], [ -91.15232636343913, 30.531741779461299 ], [ -91.152331520603198, 30.531734326506005 ], [ -91.152336979664227, 30.531727036333429 ], [ -91.152342733311343, 30.531719917954167 ], [ -91.15234877319179, 30.531712980377264 ], [ -91.152355094080406, 30.531706231714118 ], [ -91.152361686582282, 30.53169968097237 ], [ -91.152368542346267, 30.531693336259035 ], [ -91.15237565406143, 30.53168720658466 ], [ -91.152383011297601, 30.531681297347347 ], [ -91.152390605700148, 30.531675618458205 ], [ -91.152582593147031, 30.531613815656875 ], [ -91.153880879725449, 30.531584496313574 ], [ -91.153903808463582, 30.531584782677609 ], [ -91.15391524894585, 30.531585457588054 ], [ -91.153926654402781, 30.531586485154165 ], [ -91.153938010245895, 30.53158786535613 ], [ -91.153949301893107, 30.531589594565997 ], [ -91.153960515797962, 30.531591672765458 ], [ -91.153971635296031, 30.53159409542161 ], [ -91.153982648928093, 30.531596860714846 ], [ -91.153993541070079, 30.53159996501585 ], [ -91.154004298185299, 30.531603402893939 ], [ -91.154014906732087, 30.531607171624589 ], [ -91.154025353172074, 30.531611266679299 ], [ -91.154035623971851, 30.531615680823258 ], [ -91.154045706633326, 30.53162041043138 ], [ -91.154055586581023, 30.53162544826743 ], [ -91.154065253405932, 30.531630788003149 ], [ -91.154074693571275, 30.531636424207729 ], [ -91.15408389458878, 30.531642347843786 ], [ -91.1540928460511, 30.53164855168087 ], [ -91.154101536507156, 30.531655029389103 ], [ -91.154109953471931, 30.531661770126945 ], [ -91.154118086536386, 30.531668767565993 ], [ -91.154125926338352, 30.53167601267306 ], [ -91.154133462476921, 30.531683494609371 ], [ -91.154140685589951, 30.531691204341762 ], [ -91.154147585273208, 30.53169913283568 ], [ -91.154154153208239, 30.531707270157227 ], [ -91.154160382121788, 30.531715604569957 ], [ -91.15416626369543, 30.531724126139967 ], [ -91.154171788568519, 30.531732824932032 ], [ -91.15417695259562, 30.531741688311776 ], [ -91.154181746417791, 30.531750705441908 ], [ -91.154186165886301, 30.531759865492219 ], [ -91.154190204771581, 30.531769155825451 ], [ -91.154193857882845, 30.531778565609962 ], [ -91.154197120034169, 30.531788081307965 ], [ -91.154199988117284, 30.531797692992551 ], [ -91.154202457989854, 30.53180738622537 ], [ -91.154204526545243, 30.531817150177453 ], [ -91.154206190679972, 30.531826972215914 ], [ -91.154184464991062, 30.531826942814529 ], [ -91.154214469228663, 30.533257841268647 ], [ -91.154239818192039, 30.533256308695435 ], [ -91.154241868681893, 30.533299760802585 ] ], [ [ -91.153983578837185, 30.537204896362123 ], [ -91.153804431791059, 30.536918889733141 ], [ -91.154231873053135, 30.536401311159803 ], [ -91.154630119482377, 30.536129122911863 ], [ -91.156539054846164, 30.537691983235472 ], [ -91.156687768661499, 30.537855218229613 ], [ -91.157822799168287, 30.538779130131264 ], [ -91.157889750744076, 30.538720658407399 ], [ -91.15791927147994, 30.538746314971657 ], [ -91.158022175064588, 30.538661984712782 ], [ -91.160508292091293, 30.540705898615393 ], [ -91.160104679755705, 30.54122617092904 ], [ -91.159519582572642, 30.54161475653078 ], [ -91.159153282059862, 30.54145025648679 ], [ -91.158382169105352, 30.540868275578969 ], [ -91.155239791453525, 30.53828627340258 ], [ -91.155079697731779, 30.538154723287064 ], [ -91.154658058582868, 30.537808256583386 ], [ -91.153983578837185, 30.537204896362123 ] ], [ [ -91.153411626794352, 30.529099410662607 ], [ -91.153393170934862, 30.529098583646132 ], [ -91.153383979718384, 30.529097749377154 ], [ -91.153374828607724, 30.529096634622267 ], [ -91.153365728019992, 30.529095241199741 ], [ -91.15335668941259, 30.529093571831339 ], [ -91.153347724244426, 30.529091628336772 ], [ -91.153338845016705, 30.529089412537218 ], [ -91.15333006006064, 30.529086927150146 ], [ -91.153321381874008, 30.529084175800726 ], [ -91.153312821914184, 30.529081161210893 ], [ -91.153304388509255, 30.529077887902147 ], [ -91.153296094156943, 30.529074359499852 ], [ -91.153287948228893, 30.529070579624911 ], [ -91.153279962176029, 30.529066554607358 ], [ -91.153272143284198, 30.529062288967403 ], [ -91.153264504049588, 30.529057787232457 ], [ -91.153257051754835, 30.529053055726752 ], [ -91.153249796812048, 30.529048098974712 ], [ -91.153242748584688, 30.529042925107845 ], [ -91.153235914357055, 30.529037539548202 ], [ -91.153229303495863, 30.529031948623111 ], [ -91.153222924324155, 30.529026159560363 ], [ -91.153216785165071, 30.529020179587711 ], [ -91.153210892255899, 30.529014016832289 ], [ -91.153205253921385, 30.529007677619759 ], [ -91.153199877439221, 30.529001170980649 ], [ -91.15319476800633, 30.528994504138559 ], [ -91.153189933942585, 30.528987686125397 ], [ -91.153185379402814, 30.528980724163304 ], [ -91.153181110621119, 30.528973628183383 ], [ -91.153177133834816, 30.52896640631274 ], [ -91.153173453195535, 30.528959067577649 ], [ -91.153170073895353, 30.528951621907712 ], [ -91.153166999045467, 30.52894407742577 ], [ -91.153164232797593, 30.528936443158031 ], [ -91.15316177825791, 30.528928729933469 ], [ -91.153159640620203, 30.528920946779706 ], [ -91.153157819866337, 30.528913103619455 ], [ -91.153156319105875, 30.528905209477454 ], [ -91.15315514040482, 30.528897274279132 ], [ -91.153154285829061, 30.528889307949974 ], [ -91.153153755358886, 30.528881321314678 ], [ -91.153153550021472, 30.528873322493116 ], [ -91.153153670837483, 30.528865323213417 ], [ -91.153154115707977, 30.528857331591336 ], [ -91.153154886695731, 30.528849359356308 ], [ -91.15315598065817, 30.528841415524617 ], [ -91.153157397578781, 30.528833509116922 ], [ -91.153159135352254, 30.528825651856991 ], [ -91.153161190837622, 30.528817851859053 ], [ -91.153163562974882, 30.528810119044369 ], [ -91.153166247576124, 30.528802464231838 ], [ -91.153169242542575, 30.5287948955371 ], [ -91.153172543688058, 30.528787422877087 ], [ -91.153176145785977, 30.528780055265241 ], [ -91.153180046734349, 30.528772802621333 ], [ -91.15318423922578, 30.52876567215176 ], [ -91.153188719072602, 30.528758674675572 ], [ -91.153193481049826, 30.528751818304158 ], [ -91.153198518890676, 30.528745111147334 ], [ -91.153203827368586, 30.528738562218681 ], [ -91.15320939813428, 30.528732178723232 ], [ -91.153215224920956, 30.528725968770971 ], [ -91.153221300419716, 30.528719940470314 ], [ -91.153227618365335, 30.528714101029262 ], [ -91.153234169364907, 30.52870845855352 ], [ -91.153240946114494, 30.528703018445398 ], [ -91.155386342967105, 30.526737207247226 ], [ -91.155404586721303, 30.526722436219117 ], [ -91.15541415327624, 30.526715482485461 ], [ -91.155424000631527, 30.526708828611749 ], [ -91.155434115225134, 30.526702483600243 ], [ -91.155444484541803, 30.526696453748528 ], [ -91.155455097101864, 30.526690748963688 ], [ -91.155465937265703, 30.526685374637012 ], [ -91.155476991472938, 30.526680338868811 ], [ -91.155488246166328, 30.526675647955095 ], [ -91.155499687790424, 30.526671307290105 ], [ -91.155511300705612, 30.526667322264974 ], [ -91.155523069272391, 30.526663698271069 ], [ -91.155534980977265, 30.526660440704006 ], [ -91.155547019143498, 30.526657552247276 ], [ -91.155559168133252, 30.526655037390348 ], [ -91.155571413352249, 30.526652899721689 ], [ -91.155583738123852, 30.5266511419251 ], [ -91.155596128900655, 30.52664976488445 ], [ -91.155608567964052, 30.526648771282066 ], [ -91.15562103968098, 30.526648162901139 ], [ -91.155633528421674, 30.526647939720547 ], [ -91.155646018554734, 30.526648102621397 ], [ -91.155658494452027, 30.52664865068072 ], [ -91.155670939443368, 30.526649582974073 ], [ -91.155683337897372, 30.526650900382521 ], [ -91.155695674192302, 30.526652598374756 ], [ -91.155707933740445, 30.526654676931351 ], [ -91.155720098834351, 30.526657132420176 ], [ -91.155732154891155, 30.526659962115669 ], [ -91.155744087329495, 30.526663162390026 ], [ -91.155755879484033, 30.52666672961259 ], [ -91.155767517820195, 30.526670657450939 ], [ -91.155778986713074, 30.526674943178008 ], [ -91.155790272629744, 30.52667957955904 ], [ -91.155801358906373, 30.526684562061639 ], [ -91.155812234094029, 30.526689883453969 ], [ -91.155822882575848, 30.526695536498643 ], [ -91.155833290815607, 30.526701515765286 ], [ -91.155843447367474, 30.526707812217921 ], [ -91.155853337658158, 30.526714417718633 ], [ -91.155911501483146, 30.526756071541755 ], [ -91.155939274932393, 30.526778204673857 ], [ -91.15596612890144, 30.526801171873363 ], [ -91.155992031138425, 30.526824945133988 ], [ -91.156016947310562, 30.526849494642139 ], [ -91.156040847254687, 30.526874789688215 ], [ -91.156063702892922, 30.526900798662975 ], [ -91.156077140716178, 30.526914688504117 ], [ -91.156083421450134, 30.526921935026706 ], [ -91.156089400709092, 30.526929370577484 ], [ -91.156095069129577, 30.526936987025376 ], [ -91.156100421522481, 30.526944772636678 ], [ -91.156105448524286, 30.526952719280423 ], [ -91.156110145987896, 30.526960815224349 ], [ -91.15611450663539, 30.52696905143814 ], [ -91.156118525277606, 30.526977416188146 ], [ -91.15612219776267, 30.526985900448281 ], [ -91.156125517859437, 30.526994492483389 ], [ -91.156128481419117, 30.527003181463332 ], [ -91.15613108637703, 30.527011956560727 ], [ -91.156133327542435, 30.527020806943803 ], [ -91.156135203895701, 30.527029719982519 ], [ -91.156136710244567, 30.527038685747247 ], [ -91.156137847651834, 30.527047692512696 ], [ -91.156138613013979, 30.527056727645927 ], [ -91.156139006348624, 30.527065781224334 ], [ -91.156139026634563, 30.527074841519735 ], [ -91.15613867285073, 30.527083896804058 ], [ -91.156137947103545, 30.527092934451314 ], [ -91.156136849410629, 30.52710194453892 ], [ -91.156135381876766, 30.527110915342867 ], [ -91.156133544522916, 30.527119835136478 ], [ -91.156131342579855, 30.527128692199931 ], [ -91.156128776066851, 30.527137475708635 ], [ -91.156125850214778, 30.527146173942732 ], [ -91.156122568167248, 30.527154776983728 ], [ -91.156118933071113, 30.527163273109242 ], [ -91.156114951197722, 30.527171651502805 ], [ -91.156110626732641, 30.527179902247362 ], [ -91.1561059649068, 30.527188013623217 ], [ -91.156100971988252, 30.527195976618053 ], [ -91.156095654249881, 30.527203779513489 ], [ -91.156090019000118, 30.527211414200874 ], [ -91.156084072510353, 30.527218869863763 ], [ -91.15607782313262, 30.527226137492733 ], [ -91.156071278178615, 30.527233207174909 ], [ -91.156064445998879, 30.527240070803021 ], [ -91.154189326811547, 30.528965859590574 ], [ -91.154167119858315, 30.528986286388577 ], [ -91.154155386929062, 30.528995960405918 ], [ -91.154143254539775, 30.529005258625638 ], [ -91.154130738345287, 30.529014167537895 ], [ -91.154117855039061, 30.529022675438505 ], [ -91.154104623398695, 30.529030770626068 ], [ -91.154091058030559, 30.52903844319755 ], [ -91.154077179793063, 30.529045683258516 ], [ -91.154063005378148, 30.529052480006808 ], [ -91.1540485545991, 30.529058825350599 ], [ -91.154033846227023, 30.529064711196767 ], [ -91.154018900076821, 30.529070128551503 ], [ -91.154003734918078, 30.529075070223623 ], [ -91.153988372643127, 30.529079530830462 ], [ -91.153972832021694, 30.529083503180878 ], [ -91.153957134944534, 30.529086982794166 ], [ -91.153941302261984, 30.529089964286261 ], [ -91.153411626794352, 30.529099410662607 ] ], [ [ -91.151735185617781, 30.531149999106972 ], [ -91.15171296563129, 30.531163910809447 ], [ -91.151701443417224, 30.531170346509064 ], [ -91.151689664469615, 30.53117642554292 ], [ -91.151677644435736, 30.531182138911948 ], [ -91.151665397917483, 30.531187479419593 ], [ -91.151652940555451, 30.531192441675049 ], [ -91.151640286951633, 30.531197018481741 ], [ -91.151627454830788, 30.531201204451627 ], [ -91.151614459833567, 30.531204994193761 ], [ -91.151601317599031, 30.531208383219401 ], [ -91.151588044808278, 30.531211367040953 ], [ -91.15157465814076, 30.531213942073201 ], [ -91.151561174275926, 30.531216104730706 ], [ -91.151547610933605, 30.531217852331647 ], [ -91.151533984791698, 30.531219182192707 ], [ -91.151520311480894, 30.531220094335389 ], [ -91.151506610805271, 30.531220586080593 ], [ -91.15149289839556, 30.5312206574499 ], [ -91.151479190924618, 30.53122030846621 ], [ -91.151465507151144, 30.531219538253126 ], [ -91.151451862700924, 30.531218349538413 ], [ -91.151438275287177, 30.531216743248464 ], [ -91.151424763663556, 30.53121472121309 ], [ -91.15141134137194, 30.531212286157174 ], [ -91.151398028206131, 30.531209440814102 ], [ -91.151384839790467, 30.531206188813634 ], [ -91.151371792789433, 30.531202534688987 ], [ -91.15135890386928, 30.531198482071293 ], [ -91.1513461886492, 30.53119403729648 ], [ -91.151333662751682, 30.531189204896432 ], [ -91.151321342837932, 30.531183991208401 ], [ -91.151309244525422, 30.531178403470452 ], [ -91.151069626670363, 30.531000654535063 ], [ -91.151056767019384, 30.530980127665998 ], [ -91.151050983267012, 30.5309695782666 ], [ -91.15104563957351, 30.530958857180057 ], [ -91.151040742169442, 30.53094797614181 ], [ -91.151036299362787, 30.530936950498251 ], [ -91.151032315295112, 30.530925794688031 ], [ -91.151028795153195, 30.530914521347203 ], [ -91.151025744115628, 30.530903147621895 ], [ -91.151023165286858, 30.530891685243287 ], [ -91.151021062805, 30.53088015045401 ], [ -91.151019439767765, 30.530868558593358 ], [ -91.151018296150241, 30.530856923192225 ], [ -91.151017636090515, 30.530845260493273 ], [ -91.151017457479512, 30.530833584024464 ], [ -91.151017763413208, 30.53082191002709 ], [ -91.151018552824667, 30.530810252030619 ], [ -91.151019822556094, 30.530798627169649 ], [ -91.151021573624377, 30.530787048976418 ], [ -91.151023802876821, 30.530775531879542 ], [ -91.151026507157198, 30.530764092111625 ], [ -91.151029682272465, 30.530752743197802 ], [ -91.151033326111772, 30.530741499567949 ], [ -91.151037432394617, 30.530730376548338 ], [ -91.151041996926111, 30.53071938856619 ], [ -91.151047012388759, 30.530708548239975 ], [ -91.151052473543928, 30.530697870897548 ], [ -91.151058373072502, 30.53068737005967 ], [ -91.151064703656843, 30.530677058344846 ], [ -91.151071456934019, 30.53066695017446 ], [ -91.151078624546173, 30.530657057263742 ], [ -91.151086196047942, 30.53064739312908 ], [ -91.151094163079819, 30.530637970387616 ], [ -91.151102515199767, 30.530628800751739 ], [ -91.151111240923782, 30.530619895932269 ], [ -91.151120329811675, 30.530611266739459 ], [ -91.152153648576899, 30.529729648949036 ], [ -91.152261711042712, 30.529658979922974 ], [ -91.152317859136474, 30.529626194778434 ], [ -91.152375323195642, 30.52959516681193 ], [ -91.152434030211225, 30.52956593380847 ], [ -91.152493906130744, 30.529538534453618 ], [ -91.152554873784268, 30.52951300291873 ], [ -91.152616854961707, 30.529489372471723 ], [ -91.152679771459802, 30.529467672772178 ], [ -91.152743542994884, 30.529447931673229 ], [ -91.152808088246317, 30.529430174320204 ], [ -91.152873324858263, 30.529414422249218 ], [ -91.152939169431505, 30.529400697896968 ], [ -91.153005537537908, 30.52938901648254 ], [ -91.153072345790108, 30.529379394128679 ], [ -91.153139507681118, 30.529371843345704 ], [ -91.15320693879481, 30.529366373038876 ], [ -91.153274552634343, 30.529362990306467 ], [ -91.153342261665841, 30.529361699539479 ], [ -91.1533536130747, 30.529361358661859 ], [ -91.153359290916924, 30.529361445762909 ], [ -91.153364963236456, 30.529361705149093 ], [ -91.153370620658379, 30.529362135003584 ], [ -91.153376256928937, 30.52936273621998 ], [ -91.153381866839695, 30.529363507889013 ], [ -91.153387441014146, 30.529364449096104 ], [ -91.153392974245364, 30.529365558029848 ], [ -91.153398459240961, 30.529366833778329 ], [ -91.153403889752013, 30.529368274529077 ], [ -91.153409258487656, 30.529369878467875 ], [ -91.153414559199092, 30.52937164378233 ], [ -91.153419784593837, 30.529373569560335 ], [ -91.153424930511903, 30.529375651285992 ], [ -91.153429988620474, 30.529377887143848 ], [ -91.153434952670636, 30.529380275321333 ], [ -91.153439818500914, 30.529382812204606 ], [ -91.153444577781585, 30.529385494174093 ], [ -91.153449226347917, 30.529388319420008 ], [ -91.153453757957578, 30.529391282521615 ], [ -91.153458167403755, 30.529394381667672 ], [ -91.153462448442411, 30.529397612339437 ], [ -91.153466596913674, 30.529400970020951 ], [ -91.153470607612377, 30.529404451999014 ], [ -91.153474475338143, 30.529408052854194 ], [ -91.153478194889061, 30.529411768069245 ], [ -91.153481762103581, 30.529415594030219 ], [ -91.153485172823366, 30.529419525319121 ], [ -91.153488421846532, 30.529423557418642 ], [ -91.153491507097172, 30.529427685815698 ], [ -91.153494423376586, 30.529431904188801 ], [ -91.153497168607245, 30.529436208926946 ], [ -91.15349973759055, 30.529440593708674 ], [ -91.153502127208469, 30.529445054019448 ], [ -91.15350433643043, 30.529449583543492 ], [ -91.153506361098124, 30.529454176862814 ], [ -91.153508199135771, 30.529458829464364 ], [ -91.153509847430186, 30.529463534127384 ], [ -91.153511305989639, 30.529468286341679 ], [ -91.153512570659075, 30.529473078885097 ], [ -91.153513641446565, 30.529477907247411 ], [ -91.153514517321597, 30.529482765112856 ], [ -91.153515196209852, 30.529487647066201 ], [ -91.153515677082368, 30.529492545889582 ], [ -91.153515959948948, 30.529497456170724 ], [ -91.153516044819327, 30.529502372497262 ], [ -91.15351593066454, 30.529507287651462 ], [ -91.153515618534826, 30.529512197124291 ], [ -91.153515108443187, 30.529517093699397 ], [ -91.153514400399402, 30.529521971964467 ], [ -91.153513496497297, 30.529526826509937 ], [ -91.15351239674996, 30.52953165011942 ], [ -91.153511103251205, 30.529536437383403 ], [ -91.153509617052848, 30.529541182890942 ], [ -91.15350794025035, 30.529545880330442 ], [ -91.153506074939145, 30.529550523390455 ], [ -91.153504023209877, 30.529555108465495 ], [ -91.153501787159698, 30.529559628342007 ], [ -91.153499369924305, 30.529564077611802 ], [ -91.153496775681745, 30.529568450868293 ], [ -91.153494005483822, 30.529572742700555 ], [ -91.153491063506692, 30.529576948603918 ], [ -91.153487953928405, 30.529581063171737 ], [ -91.153484680926738, 30.529585080997325 ], [ -91.153481246595618, 30.529588996671148 ], [ -91.153477657193719, 30.529592806593545 ], [ -91.153473914814938, 30.52959650535492 ], [ -91.153470026759905, 30.529600089357007 ], [ -91.153465995122545, 30.529603553190274 ], [ -91.153461827205192, 30.529606892354355 ], [ -91.153457526138922, 30.529610104147281 ], [ -91.153453099227605, 30.529613183166667 ], [ -91.153448549602274, 30.529616126710643 ], [ -91.153443884565377, 30.529618930278716 ], [ -91.151735185617781, 30.531149999106972 ] ], [ [ -91.151098951938209, 30.531364188567736 ], [ -91.151114362551638, 30.531381327208912 ], [ -91.151121529006232, 30.531390243078889 ], [ -91.151128324098153, 30.531399374028734 ], [ -91.151134737428364, 30.531408708317585 ], [ -91.151140763806509, 30.531418235113581 ], [ -91.151146392835244, 30.531427941773668 ], [ -91.151151619325759, 30.53143781656415 ], [ -91.151156436010169, 30.53144784504201 ], [ -91.151160835612288, 30.531458017274698 ], [ -91.151164813991954, 30.531468317921654 ], [ -91.151168365960359, 30.531478735249042 ], [ -91.151171486333709, 30.531489254816726 ], [ -91.151174172007273, 30.531499864893814 ], [ -91.151176417798752, 30.53151055013829 ], [ -91.151178223729701, 30.531521298823385 ], [ -91.151179584616102, 30.531532096509107 ], [ -91.151180500484358, 30.531542928762633 ], [ -91.151180969275146, 30.531553782050235 ], [ -91.151180991011429, 30.531564643743152 ], [ -91.151180565721234, 30.531575498506548 ], [ -91.151179693427665, 30.531586333711608 ], [ -91.151178375199052, 30.531597134926852 ], [ -91.15117661314423, 30.531607888624393 ], [ -91.151174409372032, 30.531618581276184 ], [ -91.151171765991194, 30.531629199354338 ], [ -91.151168688238329, 30.531639728433039 ], [ -91.151165177178598, 30.531650155885039 ], [ -91.151161240129369, 30.531660469091531 ], [ -91.151156881285218, 30.531670653625362 ], [ -91.151152104837479, 30.531680696863447 ], [ -91.15114691810183, 30.531690587089038 ], [ -91.151141327356981, 30.53170030987793 ], [ -91.151135339915484, 30.531709855317423 ], [ -91.151128962055978, 30.531719208983279 ], [ -91.151122204218765, 30.531728360065053 ], [ -91.151115073719737, 30.531737296846131 ], [ -91.151107578916651, 30.531746007611073 ], [ -91.151099731290344, 30.531754482453145 ], [ -91.150942457945249, 30.531921486368471 ], [ -91.150781227560074, 30.531975152967977 ], [ -91.150316385668958, 30.531604946661069 ], [ -91.150302982163282, 30.531485015943925 ], [ -91.150200801201493, 30.531480942553191 ], [ -91.150510124390024, 30.5312036377229 ], [ -91.150530205491805, 30.531192414103483 ], [ -91.150540580185847, 30.53118727588279 ], [ -91.150551160608117, 30.531182460881649 ], [ -91.150561934239335, 30.531177977201267 ], [ -91.150572884398557, 30.531173829328722 ], [ -91.150584000655499, 30.531170022662067 ], [ -91.150595265285489, 30.531166562589043 ], [ -91.150606666819542, 30.531163452702032 ], [ -91.150618188575166, 30.531160698390341 ], [ -91.150629817002567, 30.531158301439316 ], [ -91.150641537504939, 30.531156266339096 ], [ -91.150653333406467, 30.53115459487071 ], [ -91.150665191155667, 30.53115328972163 ], [ -91.15067709616082, 30.531152352675839 ], [ -91.150689031749323, 30.531151783710275 ], [ -91.150700982287447, 30.531151584607557 ], [ -91.15071293422865, 30.531151755348905 ], [ -91.150724871942529, 30.531152295912747 ], [ -91.150736778758144, 30.531153205374121 ], [ -91.150748641130804, 30.531154482812212 ], [ -91.150760442391174, 30.531156126399988 ], [ -91.150772168996255, 30.531158134314648 ], [ -91.150783805322121, 30.531160502926408 ], [ -91.150795335741563, 30.531163230409707 ], [ -91.150806746714835, 30.531166313137582 ], [ -91.150818022619688, 30.531169746578275 ], [ -91.150829149916291, 30.531173527104926 ], [ -91.150840114026167, 30.531177649285162 ], [ -91.150850900370671, 30.531182107686572 ], [ -91.150861496453771, 30.531186897781655 ], [ -91.150871887700205, 30.531192012333907 ], [ -91.150882061617082, 30.531197445011845 ], [ -91.150892003629153, 30.531203188578868 ], [ -91.151098951938209, 30.531364188567736 ] ], [ [ -91.145566719612532, 30.527174092511615 ], [ -91.145580405453131, 30.527163542512834 ], [ -91.145587560891585, 30.527158585931577 ], [ -91.145594911810534, 30.527153848827282 ], [ -91.145602449862068, 30.527149337502429 ], [ -91.145610166698205, 30.527145058259592 ], [ -91.145618050848455, 30.527141015592697 ], [ -91.145626095010314, 30.527137214001755 ], [ -91.145634287711587, 30.527133658882768 ], [ -91.145642618523809, 30.527130354731177 ], [ -91.145651079104212, 30.52712730514336 ], [ -91.145659656940239, 30.527124514611902 ], [ -91.145668342648918, 30.527121985829577 ], [ -91.14567712580515, 30.527119721487804 ], [ -91.145685994940195, 30.527117725178549 ], [ -91.14569493963063, 30.527115998691112 ], [ -91.1457039484078, 30.527114545617437 ], [ -91.14571301085175, 30.527113365942764 ], [ -91.14572211445342, 30.527112462355561 ], [ -91.14573124983491, 30.527111834842454 ], [ -91.145740405530859, 30.527111485191291 ], [ -91.145749569037349, 30.527111413384443 ], [ -91.145758729934471, 30.527111619407112 ], [ -91.145767876760331, 30.527112103243034 ], [ -91.145776999094934, 30.527112864877434 ], [ -91.145786084439521, 30.527113901586439 ], [ -91.145795121330522, 30.527115214255872 ], [ -91.145804101438742, 30.52711679926573 ], [ -91.145813010176269, 30.52711865659538 ], [ -91.145821839213994, 30.527120782624735 ], [ -91.145830577093463, 30.527123175533522 ], [ -91.145839211317465, 30.527125831695852 ], [ -91.145847734598931, 30.527128747493098 ], [ -91.145856133395313, 30.527131921102018 ], [ -91.145864398338929, 30.52713534709704 ], [ -91.145872520058603, 30.527139021856684 ], [ -91.145880488144599, 30.527142939953858 ], [ -91.145888293225809, 30.527147097767102 ], [ -91.145895924892486, 30.527151489869421 ], [ -91.145903373776875, 30.527156110835154 ], [ -91.145910630511253, 30.527160955238678 ], [ -91.146524982719967, 30.527586070515127 ], [ -91.148281150078333, 30.529009229243876 ], [ -91.148289067321187, 30.529016514502285 ], [ -91.148292797931973, 30.529020333615829 ], [ -91.148296369945626, 30.529024265264749 ], [ -91.148299778162183, 30.529028304029371 ], [ -91.1483030194657, 30.529032444493044 ], [ -91.148306089696518, 30.52903668213969 ], [ -91.148308984698275, 30.529041010649149 ], [ -91.148311701353279, 30.529045425506727 ], [ -91.148314234463228, 30.529049920390836 ], [ -91.148316582994511, 30.529054490789672 ], [ -91.14831874383448, 30.529059129482459 ], [ -91.148320712823491, 30.529063831953128 ], [ -91.148322488931242, 30.529068591885839 ], [ -91.148324068001386, 30.529073402960396 ], [ -91.148325451086009, 30.529078259765871 ], [ -91.148326632988471, 30.52908315507867 ], [ -91.148327615801236, 30.529088084391347 ], [ -91.148328395369518, 30.529093040481627 ], [ -91.148328971703535, 30.529098017937233 ], [ -91.148329343776297, 30.529103008638238 ], [ -91.148329512636508, 30.52910800897784 ], [ -91.148329476216944, 30.529113009932548 ], [ -91.148329235566365, 30.529118007895644 ], [ -91.148328790699779, 30.52912299474864 ], [ -91.148328142669371, 30.529127965080615 ], [ -91.148327291486879, 30.529132912577211 ], [ -91.148326238207702, 30.529137830023434 ], [ -91.148324984924287, 30.529142712911931 ], [ -91.148323532692103, 30.529147554027698 ], [ -91.148321882563195, 30.529152347959883 ], [ -91.148320038717443, 30.529157088399863 ], [ -91.148318001166558, 30.529161769033301 ], [ -91.148315774088744, 30.529166384453671 ], [ -91.148313359579731, 30.529170928349469 ], [ -91.148310760775786, 30.529175395312766 ], [ -91.148307981853279, 30.529179780839055 ], [ -91.148305023867678, 30.529184077713364 ], [ -91.148301893079562, 30.529188281434177 ], [ -91.148298591583014, 30.529192386592033 ], [ -91.148295124598278, 30.529196387781855 ], [ -91.148291496301781, 30.529200280499257 ], [ -91.148287711913738, 30.529204059339026 ], [ -91.147957773475341, 30.52952474539147 ], [ -91.145333980681514, 30.527401827635401 ], [ -91.145566719612532, 30.527174092511615 ] ], [ [ -91.149096100430995, 30.529215020297425 ], [ -91.149086085342304, 30.529221293696473 ], [ -91.149080892749822, 30.529224197407359 ], [ -91.149075584787525, 30.52922694219539 ], [ -91.149070168759593, 30.529229522658344 ], [ -91.149064650923222, 30.529231936098764 ], [ -91.149059038575871, 30.529234180722579 ], [ -91.149053339020199, 30.529236252029854 ], [ -91.149047558509992, 30.529238149127142 ], [ -91.14904170330415, 30.529239868414862 ], [ -91.149035782784182, 30.529241408101988 ], [ -91.149029803205607, 30.529242766393111 ], [ -91.149023771866069, 30.529243941494311 ], [ -91.14901769606297, 30.529244931611561 ], [ -91.149011585174648, 30.529245736757929 ], [ -91.149005443372516, 30.52924635513509 ], [ -91.148999282120513, 30.529246785857023 ], [ -91.148993105588559, 30.529247028027438 ], [ -91.148986924196748, 30.52924708166077 ], [ -91.148980744195697, 30.529246947667907 ], [ -91.148974572882864, 30.529246624254768 ], [ -91.148968418589504, 30.529246114139234 ], [ -91.148962289655188, 30.529245415528788 ], [ -91.148956192325286, 30.529244532040295 ], [ -91.148950134939469, 30.529243461881364 ], [ -91.148944124785103, 30.529242208670329 ], [ -91.148938169156509, 30.529240772417328 ], [ -91.148932276384713, 30.529239155840205 ], [ -91.148926452718683, 30.52923736075175 ], [ -91.1489207054491, 30.529235388966207 ], [ -91.148915041865251, 30.529233243199965 ], [ -91.148909468214157, 30.529230926167948 ], [ -91.148903993869069, 30.529228440589286 ], [ -91.148898622991339, 30.529225790078176 ], [ -91.148893363912165, 30.529222977352305 ], [ -91.148888221834923, 30.529220006027124 ], [ -91.148883204047152, 30.529216879721087 ], [ -91.14875529410898, 30.529111797572583 ], [ -91.148750491079639, 30.529100221990269 ], [ -91.148748447170689, 30.529094331412189 ], [ -91.148746646165236, 30.529088380734883 ], [ -91.148745091172515, 30.529082378983407 ], [ -91.148743782179039, 30.529076333374096 ], [ -91.148742721253782, 30.529070252028394 ], [ -91.148741910468885, 30.529064141263671 ], [ -91.148741350851296, 30.529058009199787 ], [ -91.148741042385808, 30.529051863955299 ], [ -91.148740986099284, 30.529045713650078 ], [ -91.148741181979972, 30.529039564598602 ], [ -91.148741628969034, 30.529033425819915 ], [ -91.148742328094968, 30.529027304531926 ], [ -91.148743277258518, 30.5290212088502 ], [ -91.148744474362331, 30.529015145988282 ], [ -91.1487459204331, 30.529009124066093 ], [ -91.148747612331448, 30.529003150295736 ], [ -91.148749546917742, 30.52899723188926 ], [ -91.148751723136556, 30.528991376061654 ], [ -91.148754137844975, 30.52898559182908 ], [ -91.148756787906805, 30.528979884599497 ], [ -91.148759671222976, 30.528974262488568 ], [ -91.148762781527779, 30.528968732703795 ], [ -91.148766116725454, 30.528963301556892 ], [ -91.148769672634529, 30.528957976258283 ], [ -91.148773445075022, 30.528952763116624 ], [ -91.14877742777982, 30.528947670241596 ], [ -91.14878161657407, 30.52894270123566 ], [ -91.149312862963797, 30.528465402755028 ], [ -91.149320360370197, 30.528459733824171 ], [ -91.149324275995028, 30.528457072785653 ], [ -91.149328297680896, 30.528454532770176 ], [ -91.149332420210939, 30.528452117378663 ], [ -91.149336637331501, 30.528449827504531 ], [ -91.149340945908193, 30.528447667653641 ], [ -91.149345338641879, 30.528445640522023 ], [ -91.149349810320743, 30.528443747004509 ], [ -91.149354356768498, 30.528441991605529 ], [ -91.149358971731374, 30.528440375218537 ], [ -91.149363648953937, 30.5284388996388 ], [ -91.149368383222807, 30.528437566663321 ], [ -91.149373168280874, 30.528436378989447 ], [ -91.149377998916492, 30.528435337512107 ], [ -91.149382868875804, 30.528434443124599 ], [ -91.149387771903534, 30.528433697622326 ], [ -91.149392701747502, 30.528433100996651 ], [ -91.149397653194356, 30.528432655044369 ], [ -91.149402619992074, 30.528432359756877 ], [ -91.149407594846565, 30.528432215123956 ], [ -91.149412573588123, 30.528432222041918 ], [ -91.149417547880631, 30.528432380499162 ], [ -91.149422513557766, 30.528432689587806 ], [ -91.149427463325424, 30.528433149297829 ], [ -91.14943239093158, 30.528433759620452 ], [ -91.149437291169477, 30.528434518744326 ], [ -91.149442157787149, 30.528435426660842 ], [ -91.149446984535786, 30.528436481557105 ], [ -91.149451766207079, 30.528437682523904 ], [ -91.149456494466534, 30.528439028647551 ], [ -91.149461167235216, 30.528440517219103 ], [ -91.149465775138339, 30.528442146421288 ], [ -91.149470315053208, 30.528443914445752 ], [ -91.149474780729491, 30.528445820381734 ], [ -91.149479165923438, 30.528447859710241 ], [ -91.149483465426627, 30.528450031522031 ], [ -91.149487674034091, 30.528452333103743 ], [ -91.149491787586072, 30.528454759939276 ], [ -91.149495799832238, 30.528457311117918 ], [ -91.149499706611124, 30.528459983025634 ], [ -91.149503501679135, 30.528462771143545 ], [ -91.149507181915126, 30.528465672761069 ], [ -91.149636512861008, 30.528582152769921 ], [ -91.14964190059537, 30.52858919719683 ], [ -91.149644373853533, 30.528592839528674 ], [ -91.149646694839035, 30.528596556519989 ], [ -91.149648860435775, 30.528600342753997 ], [ -91.149650869610085, 30.528604193719058 ], [ -91.149652718205601, 30.528608103094971 ], [ -91.149654405185231, 30.528612068174137 ], [ -91.149655927434736, 30.528616082637871 ], [ -91.149657282879986, 30.528620141070917 ], [ -91.149658470485605, 30.52862423986365 ], [ -91.149659488181001, 30.528628371796675 ], [ -91.149660334932378, 30.528632532358404 ], [ -91.149661009706179, 30.528636717036967 ], [ -91.149661511471933, 30.528640919516629 ], [ -91.149661839196057, 30.52864513528564 ], [ -91.149661993932185, 30.528649358031036 ], [ -91.14966197360458, 30.528653583239731 ], [ -91.149661780307355, 30.528657805502231 ], [ -91.149661411968083, 30.528662018501226 ], [ -91.14966087068079, 30.528666216827364 ], [ -91.149660156452214, 30.528670396872329 ], [ -91.14965927137969, 30.52867455142265 ], [ -91.149658214427816, 30.528678676868584 ], [ -91.149656988735998, 30.528682765998081 ], [ -91.149655595352996, 30.528686815204335 ], [ -91.149654035330698, 30.528690819076434 ], [ -91.149652311806918, 30.528694771304398 ], [ -91.149650425830345, 30.528698668281358 ], [ -91.149648380536945, 30.528702504599394 ], [ -91.149646179061207, 30.52870627575254 ], [ -91.149643823498778, 30.528709975429241 ], [ -91.149641316980748, 30.528713600927762 ], [ -91.149638661601159, 30.528717146838538 ], [ -91.149096100430995, 30.529215020297425 ] ], [ [ -91.148730272314538, 30.529534373783115 ], [ -91.148379425227901, 30.529872159951431 ], [ -91.148048847897726, 30.529610023493994 ], [ -91.148360224413096, 30.529309063633015 ], [ -91.148368316454153, 30.529300858101365 ], [ -91.148372607516436, 30.529296945560795 ], [ -91.148377056716967, 30.529293166745529 ], [ -91.148381655712754, 30.529289525252121 ], [ -91.148386401366039, 30.529286027390548 ], [ -91.148391285335492, 30.529282675855313 ], [ -91.148396303443022, 30.529279476052945 ], [ -91.148401448389407, 30.529276430679403 ], [ -91.148406714954447, 30.529273545139638 ], [ -91.148412095840669, 30.529270821227691 ], [ -91.148417583743822, 30.529268264345554 ], [ -91.148423172410077, 30.529265875386621 ], [ -91.148428854536945, 30.529263658850937 ], [ -91.148434623867274, 30.529261617435896 ], [ -91.148440473101786, 30.52925975383754 ], [ -91.148446393901111, 30.529258069848265 ], [ -91.148452380009687, 30.529256567263452 ], [ -91.148458424130098, 30.529255247876982 ], [ -91.148464517921042, 30.529254114383445 ], [ -91.148470653044797, 30.529253167673158 ], [ -91.148476824289546, 30.529252408640957 ], [ -91.148483022273766, 30.52925183907784 ], [ -91.148489238663032, 30.529251458070132 ], [ -91.148495468243851, 30.529251267414573 ], [ -91.148501700596071, 30.529251267096676 ], [ -91.148507929467655, 30.529251457107751 ], [ -91.148514146522288, 30.529251837436078 ], [ -91.148520344467713, 30.52925240716948 ], [ -91.148526514969376, 30.529253165394188 ], [ -91.148532650733117, 30.529254112100105 ], [ -91.148538744468269, 30.529255245472918 ], [ -91.148544788884024, 30.529256563698357 ], [ -91.148550774603891, 30.52925806586121 ], [ -91.148556696422858, 30.529259749248144 ], [ -91.148562544964349, 30.529261612943916 ], [ -91.148568315023397, 30.529263654235194 ], [ -91.148573997228539, 30.529265869500648 ], [ -91.148579586371412, 30.529268257830928 ], [ -91.148585075166153, 30.529270814705637 ], [ -91.148590455281777, 30.529273537406972 ], [ -91.14859572151309, 30.529276423221464 ], [ -91.148709799735173, 30.529372494520999 ], [ -91.148716912724893, 30.529378589719766 ], [ -91.148720279799065, 30.52938179491484 ], [ -91.148723516434089, 30.529385100056238 ], [ -91.148726617426632, 30.529388501528558 ], [ -91.148729579660653, 30.529391993914992 ], [ -91.148732397931113, 30.529395574502221 ], [ -91.148735071205991, 30.529399237876412 ], [ -91.148737594283602, 30.529402979520068 ], [ -91.148739965086563, 30.529406795822148 ], [ -91.148742180498857, 30.529410681365793 ], [ -91.148744237402852, 30.529414631636527 ], [ -91.148746133724515, 30.529418641218989 ], [ -91.148747867388181, 30.52942270560014 ], [ -91.14874943527613, 30.529426820265297 ], [ -91.148750837398453, 30.529430979802139 ], [ -91.148752069595432, 30.529435179694573 ], [ -91.148753131878749, 30.529439413628253 ], [ -91.148754023214735, 30.529443677091386 ], [ -91.148754741527782, 30.529447965570842 ], [ -91.148755285787558, 30.52945227275082 ], [ -91.148755656004141, 30.529456593218914 ], [ -91.148755852184209, 30.52946092336698 ], [ -91.148755873299095, 30.529465255977076 ], [ -91.148755719357212, 30.529469586538983 ], [ -91.148755391408955, 30.52947391054381 ], [ -91.148754888425714, 30.529478220773726 ], [ -91.148754211454474, 30.52948251452397 ], [ -91.148753362592757, 30.529486784581035 ], [ -91.148752341848919, 30.529491026434609 ], [ -91.148751149232965, 30.529495234672414 ], [ -91.148749788923098, 30.529499403887861 ], [ -91.148748260927619, 30.529503529570771 ], [ -91.148746566297035, 30.529507607212231 ], [ -91.148744709211087, 30.529511630503674 ], [ -91.148742690718535, 30.529515595838365 ], [ -91.148740512915182, 30.529519496904747 ], [ -91.148738179975794, 30.529523330100471 ], [ -91.148735692952442, 30.529527090014653 ], [ -91.148733056019964, 30.529530773044872 ], [ -91.148730272314538, 30.529534373783115 ] ], [ [ -91.14888788395686, 30.529706020436329 ], [ -91.148895221394469, 30.52969958365814 ], [ -91.148899082570068, 30.529696536476827 ], [ -91.148903065437821, 30.52969361034059 ], [ -91.148907164784305, 30.529690807046361 ], [ -91.148911375390938, 30.529688131097014 ], [ -91.14891569308466, 30.529685585192951 ], [ -91.148920112650231, 30.529683172033131 ], [ -91.148924626785174, 30.529680896117544 ], [ -91.148929231316259, 30.529678760146631 ], [ -91.148933919989759, 30.529676765013619 ], [ -91.148938686545137, 30.529674915220181 ], [ -91.148943525770534, 30.529673211661002 ], [ -91.14894843140884, 30.52967165703361 ], [ -91.148953397204465, 30.529670253133382 ], [ -91.148958417944058, 30.529669001757139 ], [ -91.148963486328398, 30.529667905600903 ], [ -91.148968596106982, 30.529666963753879 ], [ -91.148973741022644, 30.529666178913565 ], [ -91.148978913779573, 30.529665551971792 ], [ -91.14898411020971, 30.529665082922786 ], [ -91.148989321973431, 30.529664773559112 ], [ -91.148994542820347, 30.529664622969829 ], [ -91.148999767538641, 30.529664632049933 ], [ -91.149004987792154, 30.529664800787643 ], [ -91.149010198370789, 30.529665129175818 ], [ -91.149015391981976, 30.529665616302264 ], [ -91.149020562373664, 30.529666262158159 ], [ -91.14902570329707, 30.529667064930774 ], [ -91.149030808499987, 30.529668024611443 ], [ -91.149035871733673, 30.529669139387227 ], [ -91.149040885705631, 30.52967040834606 ], [ -91.14904584520913, 30.529671829676502 ], [ -91.149050743995346, 30.529673401565812 ], [ -91.149055574773513, 30.52967512219961 ], [ -91.149060333380476, 30.529676988866065 ], [ -91.149065012523806, 30.529679000652923 ], [ -91.149069605959767, 30.529681153041192 ], [ -91.149074109521877, 30.529683445123052 ], [ -91.149078516964678, 30.529685873281601 ], [ -91.149082823083191, 30.529688434803404 ], [ -91.149087021633477, 30.529691125169453 ], [ -91.149091107407202, 30.529693943470583 ], [ -91.150098242038311, 30.530518982633165 ], [ -91.150114399440596, 30.530536147687084 ], [ -91.150121943956634, 30.530545089394604 ], [ -91.150129119176867, 30.530554256104782 ], [ -91.150135915742723, 30.530563636979974 ], [ -91.150142325342969, 30.530573218477972 ], [ -91.150148340701563, 30.530582990666062 ], [ -91.150153953507115, 30.530592940001991 ], [ -91.150159157527327, 30.53060305565247 ], [ -91.15016394653648, 30.53061332317607 ], [ -91.150168313261929, 30.530623730835988 ], [ -91.150172253560356, 30.530634265095674 ], [ -91.15017576120276, 30.530644913317776 ], [ -91.150178833087821, 30.530655661967145 ], [ -91.150181464030311, 30.530666497505866 ], [ -91.150183651969229, 30.530677407302228 ], [ -91.150185393805089, 30.530688376919105 ], [ -91.150186687478524, 30.5306993928228 ], [ -91.150187530930395, 30.530710441479613 ], [ -91.150187924185474, 30.530721509358756 ], [ -91.150187865186211, 30.530732582024463 ], [ -91.150187354999446, 30.530743645947357 ], [ -91.150186394692057, 30.530754687598041 ], [ -91.150184984290576, 30.530765692543689 ], [ -91.150183125902259, 30.530776648158366 ], [ -91.150180822679673, 30.530787540013488 ], [ -91.150178075689666, 30.530798354579677 ], [ -91.150174891209446, 30.530809078334812 ], [ -91.150171270304114, 30.530819698651381 ], [ -91.150167218210399, 30.530830201103868 ], [ -91.150162741203843, 30.53084057307197 ], [ -91.150157844516087, 30.53085080283628 ], [ -91.15015253338386, 30.530860875970966 ], [ -91.150146815123023, 30.530870780759436 ], [ -91.150140696010723, 30.530880503679462 ], [ -91.150134185443534, 30.530890034821397 ], [ -91.150127288656535, 30.530899360661557 ], [ -91.150120017132195, 30.530908470391065 ], [ -91.14990316112646, 30.531105529251604 ], [ -91.149890818591814, 30.531114847532333 ], [ -91.149884370673462, 30.531119218081781 ], [ -91.14987774909892, 30.531123390839792 ], [ -91.149870962217804, 30.531127358601466 ], [ -91.149864018373208, 30.531131117770173 ], [ -91.149856925913227, 30.53113466204298 ], [ -91.14984969422116, 30.531137988726769 ], [ -91.149842331641779, 30.531141093322763 ], [ -91.149834847561891, 30.531143971333684 ], [ -91.149827250322758, 30.531146620064948 ], [ -91.149819551393719, 30.531149035924173 ], [ -91.149811758075671, 30.531151215313194 ], [ -91.149803880792462, 30.531153156442343 ], [ -91.149795929971262, 30.531154855717954 ], [ -91.149787914992174, 30.531156312250776 ], [ -91.149779846280637, 30.531157523349279 ], [ -91.14977173217477, 30.531158488122763 ], [ -91.149763585180821, 30.531159205686656 ], [ -91.14975541259642, 30.531159674246929 ], [ -91.149747226926181, 30.531159893820906 ], [ -91.149529566247992, 30.530976774636084 ], [ -91.149528224449767, 30.530876483906344 ], [ -91.149382348675033, 30.530768198626262 ], [ -91.149371096704229, 30.530713141286402 ], [ -91.148697688389788, 30.530161787513364 ], [ -91.148560369558041, 30.530014400945188 ], [ -91.14888788395686, 30.529706020436329 ] ], [ [ -91.155730668083862, 30.534806715061869 ], [ -91.155347380082759, 30.534508430800109 ], [ -91.154926157085256, 30.534164646000349 ], [ -91.154544764196473, 30.53382248139393 ], [ -91.154539968710793, 30.533815469550966 ], [ -91.154537786867039, 30.533811858380485 ], [ -91.154535754154907, 30.53380818336543 ], [ -91.154533870567889, 30.533804448113997 ], [ -91.154532140264536, 30.533800658044246 ], [ -91.154530565319206, 30.533796818571165 ], [ -91.154529146769079, 30.533792932402413 ], [ -91.154527887728932, 30.533789005856619 ], [ -91.154526788190623, 30.533785043444055 ], [ -91.154525850228552, 30.533781050579766 ], [ -91.154525075920375, 30.533777030874827 ], [ -91.154524464212528, 30.533772990642333 ], [ -91.154524018224706, 30.533768933494546 ], [ -91.154523735861432, 30.533764865743105 ], [ -91.154523619198613, 30.533760791901084 ], [ -91.154523669268613, 30.533756717382271 ], [ -91.154523883979124, 30.533752646694037 ], [ -91.154524263321974, 30.533748584346718 ], [ -91.154524807285753, 30.533744536654588 ], [ -91.154525515862346, 30.53374050812802 ], [ -91.154526387999908, 30.53373650417792 ], [ -91.154527421607725, 30.533732528409622 ], [ -91.154528616676103, 30.533728586235462 ], [ -91.154529970067344, 30.533724683965627 ], [ -91.154531481776615, 30.533720824306187 ], [ -91.154533149708357, 30.533717013568811 ], [ -91.154534970728221, 30.533713256259475 ], [ -91.154536943787633, 30.533709555985009 ], [ -91.154539064708487, 30.533705918152069 ], [ -91.154541333482712, 30.5337023472709 ], [ -91.154543744891797, 30.533698847844782 ], [ -91.15454629788718, 30.533695423480506 ], [ -91.154548987248688, 30.533692079583261 ], [ -91.154551810887313, 30.53368881885649 ], [ -91.154554765667172, 30.533685646708289 ], [ -91.154557847415035, 30.533682565839069 ], [ -91.154561052996556, 30.533679580755013 ], [ -91.154564377193267, 30.533676695959208 ], [ -91.154567815833701, 30.533673913250237 ], [ -91.154571365783454, 30.533671237134072 ], [ -91.154575022869423, 30.533668670311233 ], [ -91.154578780831002, 30.533666217283574 ], [ -91.154582637582493, 30.533663878950371 ], [ -91.154586585819686, 30.533661660713932 ], [ -91.154590621374254, 30.533659562568705 ], [ -91.154594741110273, 30.533657589922893 ], [ -91.154598936691201, 30.533655742765031 ], [ -91.154603206026408, 30.533654024700656 ], [ -91.154607541816603, 30.533652438426063 ], [ -91.154611939893414, 30.533650983935569 ], [ -91.154616393998083, 30.533649664828932 ], [ -91.154620897876484, 30.533648481999812 ], [ -91.154625448399244, 30.533647437248082 ], [ -91.154630038271819, 30.533646530563825 ], [ -91.154634662277459, 30.533645765548286 ], [ -91.154639314166971, 30.533645140388913 ], [ -91.154643988725184, 30.533644657784791 ], [ -91.154648679699733, 30.533644317727543 ], [ -91.154653381878589, 30.53364412111209 ], [ -91.154658089011122, 30.53364406702801 ], [ -91.154662794843176, 30.533644156368915 ], [ -91.154667495206553, 30.533644389129197 ], [ -91.154672182808412, 30.533644764396865 ], [ -91.15467685139636, 30.533645282163526 ], [ -91.154681497844223, 30.533645942425025 ], [ -91.154686112778293, 30.533646742462462 ], [ -91.154690694112816, 30.533647683175118 ], [ -91.15469523351446, 30.533648762747692 ], [ -91.154699725776197, 30.533649979368988 ], [ -91.154704166731449, 30.533651332131285 ], [ -91.154708549088866, 30.53365281922072 ], [ -91.154712868683561, 30.533654438827558 ], [ -91.154717120308376, 30.533656189140629 ], [ -91.154721297715838, 30.533658067445348 ], [ -91.154725396740858, 30.533660071932037 ], [ -91.154729411135989, 30.533662199886077 ], [ -91.154733337779874, 30.533664448597033 ], [ -91.155924685940334, 30.534640850862029 ], [ -91.155931371724492, 30.53464679534817 ], [ -91.155934529902694, 30.534649916182719 ], [ -91.155937558695499, 30.534653130657571 ], [ -91.155940456023629, 30.53465643606382 ], [ -91.155943216686239, 30.534659826982189 ], [ -91.155945838605774, 30.53466329980159 ], [ -91.155948316579725, 30.534666850004815 ], [ -91.155950650614699, 30.534670473983702 ], [ -91.155952835509865, 30.534674166318894 ], [ -91.155954869189131, 30.534677922497369 ], [ -91.155956748532759, 30.53468173890677 ], [ -91.15595847250826, 30.534685610133341 ], [ -91.155960039041119, 30.534689530761977 ], [ -91.155961443969588, 30.534693497178878 ], [ -91.155962688345284, 30.534697503973131 ], [ -91.155963768009556, 30.53470154572684 ], [ -91.155964684012588, 30.53470561793117 ], [ -91.155965434279864, 30.534709715170916 ], [ -91.155966016735249, 30.534713832933118 ], [ -91.155966432430432, 30.534717965806806 ], [ -91.155966680331488, 30.534722109280384 ], [ -91.155966759407548, 30.534726257037946 ], [ -91.155966670708693, 30.534730404570777 ], [ -91.155966413200971, 30.534734547367119 ], [ -91.155965987936085, 30.534738680016034 ], [ -91.155965394925303, 30.534742796203201 ], [ -91.155964636259171, 30.534746892323192 ], [ -91.155963710905354, 30.534750962962267 ], [ -91.155962620957638, 30.53475500271092 ], [ -91.155961367466091, 30.534759007060206 ], [ -91.155959952523006, 30.534762971502715 ], [ -91.155958378223758, 30.534766889726864 ], [ -91.155956644576463, 30.534770757222319 ], [ -91.155954755755772, 30.534774570386517 ], [ -91.155952713857232, 30.534778322907794 ], [ -91.155950519927657, 30.534782012081497 ], [ -91.155948178146744, 30.534785631598726 ], [ -91.155945690605023, 30.534789177854048 ], [ -91.155943061480485, 30.534792645440813 ], [ -91.155940291820102, 30.534796031654142 ], [ -91.15593738788435, 30.534799331992229 ], [ -91.155934350725033, 30.53480254104403 ], [ -91.155931185555758, 30.53480565701253 ], [ -91.15592789655615, 30.534808673588913 ], [ -91.155924486855639, 30.534811588973206 ], [ -91.155920960630652, 30.534814398660689 ], [ -91.155917322055998, 30.534817099048805 ], [ -91.155913576346833, 30.534819687438343 ], [ -91.15590972872009, 30.534822160228092 ], [ -91.155905782306831, 30.534824514716004 ], [ -91.155901743366002, 30.534826747302251 ], [ -91.155897616069211, 30.534828856188383 ], [ -91.15589340563325, 30.534830837773082 ], [ -91.155889117271826, 30.534832690259236 ], [ -91.15588475619856, 30.534834411849715 ], [ -91.155880328672382, 30.534835998944693 ], [ -91.155875838863281, 30.534837450647721 ], [ -91.155871293026991, 30.534838765163016 ], [ -91.155866697420819, 30.534839939792818 ], [ -91.155862056213181, 30.534840974542703 ], [ -91.15585737565975, 30.534841867616951 ], [ -91.15585266201623, 30.534842617219816 ], [ -91.155847920491482, 30.534843224260406 ], [ -91.155843158386531, 30.534843685140178 ], [ -91.15583837882447, 30.53484400166753 ], [ -91.155833591185583, 30.53484417295293 ], [ -91.155828798597781, 30.534844198098451 ], [ -91.155824007311978, 30.53484407801465 ], [ -91.155819224624366, 30.534843811809179 ], [ -91.155814455743752, 30.534843400391114 ], [ -91.155809706920991, 30.534842844670894 ], [ -91.155804982326131, 30.534842143752066 ], [ -91.155800290290884, 30.534841300351918 ], [ -91.155795634983733, 30.534840314476117 ], [ -91.155791022653816, 30.534839187937095 ], [ -91.155786458508416, 30.534837922545965 ], [ -91.155781948800012, 30.534836518311188 ], [ -91.155777498735773, 30.534834977043765 ], [ -91.155773113519729, 30.534833302358969 ], [ -91.155768800444761, 30.534831495168628 ], [ -91.155764561590232, 30.534829558181698 ], [ -91.155760405289641, 30.534827493213484 ], [ -91.155756334664247, 30.534825302974387 ], [ -91.15575235596026, 30.534822991080869 ], [ -91.155748473344246, 30.534820558440732 ], [ -91.155744692018615, 30.534818009571243 ], [ -91.155741016145271, 30.534815348086116 ], [ -91.15573744988923, 30.534812575795144 ], [ -91.155733999496604, 30.534809696314866 ], [ -91.155730668083862, 30.534806715061869 ] ], [ [ -91.151130426662959, 30.532050796132427 ], [ -91.151145181062319, 30.53203777360649 ], [ -91.151152944232919, 30.53203160520448 ], [ -91.151160951847345, 30.532025675281339 ], [ -91.151169193470096, 30.532019991941116 ], [ -91.151177659711195, 30.532014561485283 ], [ -91.151186340138551, 30.532009390213858 ], [ -91.151195225360453, 30.532004485330297 ], [ -91.151204301820371, 30.531999852228171 ], [ -91.151213560129946, 30.531995496307005 ], [ -91.151222989857132, 30.531991423866714 ], [ -91.15123257744709, 30.531987639398881 ], [ -91.151242312470956, 30.531984147399509 ], [ -91.151252182416044, 30.531980952361504 ], [ -91.151262174771205, 30.531978057875982 ], [ -91.151272278065576, 30.531975468437373 ], [ -91.151282480833402, 30.531973185833952 ], [ -91.151292768479493, 30.531971213653879 ], [ -91.151303130580061, 30.53196955368697 ], [ -91.151313552541552, 30.531968208619233 ], [ -91.151324022898194, 30.531967180239011 ], [ -91.1513345281017, 30.531966469429747 ], [ -91.151345055647681, 30.531966076174267 ], [ -91.151355593026594, 30.531966003161486 ], [ -91.151366126695166, 30.531966248568704 ], [ -91.151376644148939, 30.531966812378698 ], [ -91.151387131839684, 30.531967695474933 ], [ -91.151397578311546, 30.531968894233437 ], [ -91.151407968975917, 30.531970408634141 ], [ -91.151418292371986, 30.531972237759334 ], [ -91.15142853600355, 30.531974377081522 ], [ -91.151438687367616, 30.531976825681426 ], [ -91.151448732922731, 30.531979580834406 ], [ -91.1514586601742, 30.531982637110904 ], [ -91.151468458704869, 30.531985992692547 ], [ -91.151478116018581, 30.531989643051912 ], [ -91.151487619618948, 30.531993583661549 ], [ -91.151496958053471, 30.531997809093447 ], [ -91.1515061209099, 30.532002314823082 ], [ -91.151515094653277, 30.532007094517489 ], [ -91.151523870955415, 30.532012143654956 ], [ -91.151532437323397, 30.53201745590394 ], [ -91.151540784393603, 30.53202302313321 ], [ -91.151548900711774, 30.532028840816704 ], [ -91.151556777958106, 30.532034899922508 ], [ -91.151564404681523, 30.532041194120549 ], [ -91.151613514420575, 30.532031061995625 ], [ -91.151821745469334, 30.53265663690237 ], [ -91.151738040663872, 30.532656764751334 ], [ -91.151077309211217, 30.532105117009991 ], [ -91.151130426662959, 30.532050796132427 ] ], [ [ -91.15205377665832, 30.532463509800731 ], [ -91.152052692252767, 30.532454180151532 ], [ -91.152052437171932, 30.532449496325899 ], [ -91.152052371753541, 30.532444808249728 ], [ -91.15205249911547, 30.532440120437595 ], [ -91.152052817162073, 30.532435439200913 ], [ -91.152053325881781, 30.532430770854226 ], [ -91.152054024220931, 30.532426121710333 ], [ -91.152054912171309, 30.5324214962796 ], [ -91.152055988679251, 30.53241690087485 ], [ -91.152057252692856, 30.532412340907147 ], [ -91.152058701074282, 30.532407822686412 ], [ -91.15206033277164, 30.53240335162371 ], [ -91.152062145690849, 30.53239893312832 ], [ -91.152064138780062, 30.532394572611281 ], [ -91.152066307859329, 30.532390276381193 ], [ -91.152068650836398, 30.532386048945501 ], [ -91.152071165617187, 30.532381895713637 ], [ -91.152073846983257, 30.532377821188685 ], [ -91.152076693879238, 30.532373832585716 ], [ -91.152079701089946, 30.532369932603693 ], [ -91.152082866519692, 30.532366127554141 ], [ -91.152086184951656, 30.532362421038194 ], [ -91.152089652207707, 30.532358818462377 ], [ -91.152093264111329, 30.532355324331277 ], [ -91.152097016486124, 30.532351943149401 ], [ -91.152100905157241, 30.532348678519337 ], [ -91.152104923864073, 30.532345534942689 ], [ -91.152109068431912, 30.532342516022059 ], [ -91.15211333364384, 30.532339625358404 ], [ -91.152117714281331, 30.532336867454951 ], [ -91.15212220512916, 30.532334245010667 ], [ -91.152126799928496, 30.53233176162518 ], [ -91.152131492422029, 30.53232941999612 ], [ -91.152136278434952, 30.532327223725972 ], [ -91.152141150667944, 30.532325175510891 ], [ -91.152146103909161, 30.532323276245865 ], [ -91.152151130855955, 30.532321530431055 ], [ -91.152156226294792, 30.532319939863463 ], [ -91.152161382929606, 30.532318505435221 ], [ -91.152166595545282, 30.53231722984534 ], [ -91.152171856845797, 30.532316113985818 ], [ -91.152177160573927, 30.532315160554287 ], [ -91.152182499435213, 30.53231436954076 ], [ -91.152187867175812, 30.532313741838745 ], [ -91.152193257540119, 30.532313279243777 ], [ -91.152198663235353, 30.532312980843827 ], [ -91.152204078005994, 30.532312848434426 ], [ -91.152209494557624, 30.532312882005613 ], [ -91.152214906639628, 30.53231308064678 ], [ -91.152220306956039, 30.53231344524999 ], [ -91.152225688215736, 30.532313974001166 ], [ -91.152231046248858, 30.532314667796602 ], [ -91.152236371680317, 30.532315524819438 ], [ -91.152241658261048, 30.532316543257085 ], [ -91.15224690077919, 30.532317724004276 ], [ -91.152252091946963, 30.532319063442937 ], [ -91.152257224471668, 30.53232056066107 ], [ -91.152262293144631, 30.532322214749428 ], [ -91.152267291720193, 30.53232402209132 ], [ -91.152272212905629, 30.532325981774672 ], [ -91.152277051497265, 30.532328090184155 ], [ -91.152281800205643, 30.532330344603643 ], [ -91.152286454864296, 30.53233274412543 ], [ -91.152291008188627, 30.532335283327097 ], [ -91.152295454970087, 30.53233796129965 ], [ -91.152299790008215, 30.532340772623574 ], [ -91.152304007055733, 30.53234371458413 ], [ -91.15230810194933, 30.532346784469485 ], [ -91.152312068444871, 30.53234997776083 ], [ -91.152315902382398, 30.532353289942247 ], [ -91.158516394888025, 30.537418578670458 ], [ -91.158627671041202, 30.53755608235619 ], [ -91.15863493899225, 30.537634626638344 ], [ -91.158625621598446, 30.537668271808229 ], [ -91.15853648814182, 30.537814004663957 ], [ -91.158497507176833, 30.537838027222275 ], [ -91.158347329588111, 30.537981241955546 ], [ -91.158271914646164, 30.538003139751321 ], [ -91.152214510076675, 30.53303647597977 ], [ -91.152034825435038, 30.532505887708169 ], [ -91.152064813112204, 30.532498858459132 ], [ -91.15205377665832, 30.532463509800731 ] ], [ [ -91.159154797020804, 30.537926605871412 ], [ -91.160640987171845, 30.539160582566005 ], [ -91.161210887416686, 30.53972355079965 ], [ -91.161223402711855, 30.539736591830614 ], [ -91.161229256054483, 30.53974338829963 ], [ -91.161234830844833, 30.539750359404721 ], [ -91.161240118763033, 30.539757495212498 ], [ -91.161245115656115, 30.539764786697191 ], [ -91.161249813201096, 30.539772225729365 ], [ -91.161254206204489, 30.539779802379755 ], [ -91.161258290511782, 30.539787508524551 ], [ -91.161262058846759, 30.539795333329561 ], [ -91.161265509140719, 30.539803267771749 ], [ -91.161268635158024, 30.539811301920324 ], [ -91.161271433787917, 30.539819426750732 ], [ -91.161273900880445, 30.539827631432988 ], [ -91.161276034370147, 30.539835905139725 ], [ -91.161277831146165, 30.539844238846428 ], [ -91.161279290183487, 30.539852622629144 ], [ -91.161280407333848, 30.539861044755867 ], [ -91.161281183654864, 30.539869496207292 ], [ -91.161281616040526, 30.539877965252856 ], [ -91.161281705548433, 30.539886442873247 ], [ -91.161281451155162, 30.539894918242595 ], [ -91.161280853923074, 30.539903379635568 ], [ -91.161279913866224, 30.539911818933565 ], [ -91.161278632048564, 30.539920223509355 ], [ -91.161277011612, 30.539928584346395 ], [ -91.161275052575206, 30.539936890620051 ], [ -91.161272758081836, 30.539945132411905 ], [ -91.161270131275359, 30.539953299803269 ], [ -91.161267175299287, 30.539961382875727 ], [ -91.16126389330033, 30.539969369906586 ], [ -91.161260289459534, 30.539977253684807 ], [ -91.161256369007745, 30.539985022490594 ], [ -91.161252136129207, 30.539992667308681 ], [ -91.16124759500795, 30.540000179123968 ], [ -91.161242753996703, 30.540007548926802 ], [ -91.161237616239063, 30.540014766798585 ], [ -91.161232189045563, 30.540021823728214 ], [ -91.161226479723666, 30.540028712508811 ], [ -91.161220494543315, 30.540035423225877 ], [ -91.161062941062795, 30.540175774544505 ], [ -91.161039951383017, 30.54019081884995 ], [ -91.161028008836638, 30.540197801441185 ], [ -91.16101578659611, 30.540204413825151 ], [ -91.161003301353006, 30.540210646100846 ], [ -91.160990568753505, 30.540216490170145 ], [ -91.160977604439225, 30.540221940641018 ], [ -91.160964425100147, 30.540226988514593 ], [ -91.160951046376368, 30.540231629300802 ], [ -91.160937485996826, 30.540235855806372 ], [ -91.160923761687499, 30.540239662641902 ], [ -91.160909889086838, 30.540243046219658 ], [ -91.160895886962848, 30.540246001151541 ], [ -91.160881771994724, 30.540248524753174 ], [ -91.16086756294888, 30.540250612538678 ], [ -91.160853277545087, 30.540252262727009 ], [ -91.160838933504465, 30.540253472635015 ], [ -91.160824548543587, 30.54025424228584 ], [ -91.160810140383703, 30.540254568996353 ], [ -91.160795728825661, 30.540254452792386 ], [ -91.160781330543841, 30.540253893695649 ], [ -91.160766964293785, 30.540252893534738 ], [ -91.160752648834162, 30.540251452334076 ], [ -91.160738400836209, 30.540249571919517 ], [ -91.160724239052357, 30.540247255923784 ], [ -91.160710181195981, 30.540244506174133 ], [ -91.160696244977288, 30.540241326301814 ], [ -91.160682448106542, 30.540237719938236 ], [ -91.160668807248712, 30.540233692517553 ], [ -91.160655340113919, 30.540229247670975 ], [ -91.160642064404669, 30.540224393540313 ], [ -91.160628994704624, 30.540219133752739 ], [ -91.158583054994281, 30.538545714497278 ], [ -91.158564709625111, 30.538526700228029 ], [ -91.158556122286086, 30.53851678884282 ], [ -91.158547940781574, 30.538506623613415 ], [ -91.158540174466751, 30.538496218083132 ], [ -91.158532831657894, 30.538485583989758 ], [ -91.158525922753753, 30.5384747339758 ], [ -91.158519455023736, 30.538463682483876 ], [ -91.158513437824524, 30.538452442155059 ], [ -91.158507877384778, 30.538441026528595 ], [ -91.158502780973834, 30.538429450046813 ], [ -91.158498153778297, 30.53841772624763 ], [ -91.158494003067389, 30.538405869573452 ], [ -91.158490331940314, 30.538393895363352 ], [ -91.158487147667842, 30.538381817157827 ], [ -91.158484451264897, 30.538369650293173 ], [ -91.158482246874343, 30.538357409207805 ], [ -91.158480538637491, 30.538345109241956 ], [ -91.158479326528649, 30.538332764828723 ], [ -91.158478613645343, 30.538320392209084 ], [ -91.158478399963656, 30.538308004913819 ], [ -91.15847868649837, 30.538295618279236 ], [ -91.158479472178556, 30.53828324854085 ], [ -91.158480755938172, 30.538270909228086 ], [ -91.158482536704582, 30.538258617478608 ], [ -91.158484811329032, 30.538246385916953 ], [ -91.158487578740605, 30.538234230778603 ], [ -91.158490834743617, 30.538222167393013 ], [ -91.15849457514561, 30.538210209285396 ], [ -91.158498795752507, 30.538198370883045 ], [ -91.158503491324922, 30.538186668415968 ], [ -91.158508655589358, 30.538175113602563 ], [ -91.158514282264377, 30.538163722671403 ], [ -91.15852036611544, 30.538152509146414 ], [ -91.158526897741012, 30.538141485643848 ], [ -91.158533869820815, 30.538130666586863 ], [ -91.15854127503772, 30.538120064594487 ], [ -91.158549101906104, 30.538109692280283 ], [ -91.158557343105542, 30.538099564067291 ], [ -91.158733832991146, 30.537941534184398 ], [ -91.158754605652405, 30.537928417742151 ], [ -91.158765383475469, 30.537922349400723 ], [ -91.158776405601728, 30.537916617846886 ], [ -91.158787657428974, 30.537911230277818 ], [ -91.158799123311312, 30.53790619479134 ], [ -91.158810790733938, 30.537901516783208 ], [ -91.15882264301365, 30.537897201643727 ], [ -91.158834665548198, 30.537893256569937 ], [ -91.15884684374187, 30.537889685150937 ], [ -91.15885916091294, 30.537886491874843 ], [ -91.158871602462455, 30.537883682134794 ], [ -91.158884151712002, 30.537881258614831 ], [ -91.158896793025292, 30.537879224000612 ], [ -91.158909510764403, 30.537877581879627 ], [ -91.158922287210373, 30.537876334032706 ], [ -91.15893510777218, 30.537875481342578 ], [ -91.158947954730863, 30.537875025590033 ], [ -91.158960812453344, 30.537874967656542 ], [ -91.158973664267563, 30.537875306618055 ], [ -91.158986494540329, 30.537876043356036 ], [ -91.158999285560654, 30.537877175141034 ], [ -91.15901202169546, 30.537878702854552 ], [ -91.159024687321065, 30.537880621965709 ], [ -91.159037264723281, 30.537882931549149 ], [ -91.159049739317425, 30.537885628879547 ], [ -91.159062095478319, 30.537888710328165 ], [ -91.159074315498074, 30.537892171361428 ], [ -91.159086385837227, 30.537896007451224 ], [ -91.159098289828464, 30.537900214967525 ], [ -91.159110011852846, 30.537904786673359 ], [ -91.159121539411473, 30.537909718944064 ], [ -91.159132854802778, 30.53791500363792 ], [ -91.159143945530957, 30.53792063532623 ], [ -91.159154797020804, 30.537926605871412 ] ], [ [ -91.147121727602013, 30.530859076315828 ], [ -91.146994414787898, 30.530755504305681 ], [ -91.146986916715875, 30.530747497016353 ], [ -91.146983414954278, 30.530743328192241 ], [ -91.14698008428212, 30.530739055872349 ], [ -91.146976927816937, 30.530734684571367 ], [ -91.146973950755424, 30.530730221513078 ], [ -91.146971155174867, 30.530725670308666 ], [ -91.146968546273442, 30.530721037279843 ], [ -91.146966125083196, 30.530716327840384 ], [ -91.146963896802347, 30.530711548312063 ], [ -91.146961862462675, 30.53070670410867 ], [ -91.146960025180192, 30.530701800646902 ], [ -91.146958387025308, 30.530696845146206 ], [ -91.146956951114007, 30.530691843023263 ], [ -91.146955717434338, 30.530686800592505 ], [ -91.146954688060234, 30.530681723269183 ], [ -91.146953865062159, 30.530676618272697 ], [ -91.146953249470243, 30.530671491918788 ], [ -91.146952841274313, 30.530666349619874 ], [ -91.146952640460697, 30.530661198592448 ], [ -91.146952648063007, 30.530656043348113 ], [ -91.146952865106286, 30.530650892908994 ], [ -91.146953289497944, 30.530645751782345 ], [ -91.146953921226086, 30.530640626282654 ], [ -91.14695475923682, 30.530635522722687 ], [ -91.146955804558502, 30.530630448320498 ], [ -91.146957053012812, 30.530625408482468 ], [ -91.146958505628248, 30.530620410426433 ], [ -91.14696015822814, 30.530615458656872 ], [ -91.146962010800536, 30.530610559488139 ], [ -91.146964060205846, 30.530605720132233 ], [ -91.146966303309412, 30.530600945095031 ], [ -91.14696873801357, 30.530596241590086 ], [ -91.146971362224065, 30.530591615026712 ], [ -91.146974171764256, 30.53058706990933 ], [ -91.146977162452416, 30.530582613448487 ], [ -91.146980332195938, 30.530578250151471 ], [ -91.146983675774564, 30.530573985423317 ], [ -91.146987191095675, 30.530569823771327 ], [ -91.146990870851411, 30.53056577240169 ], [ -91.146994712952747, 30.530561834017576 ], [ -91.146998711135438, 30.530558014924576 ], [ -91.147002862264983, 30.530554319628536 ], [ -91.147379181316722, 30.530223415961597 ], [ -91.147708762714473, 30.530475540714242 ], [ -91.147329206290436, 30.530833062243506 ], [ -91.147318454924033, 30.530840618098296 ], [ -91.147312851513277, 30.530844139972199 ], [ -91.147307105670961, 30.530847486646678 ], [ -91.147301225745252, 30.530850651819026 ], [ -91.147295216949757, 30.530853633692484 ], [ -91.147289089716722, 30.530856425967265 ], [ -91.147282850301764, 30.530859026848045 ], [ -91.147276507049725, 30.530861431836271 ], [ -91.14727006830033, 30.53086363913949 ], [ -91.14726354239842, 30.530865644259169 ], [ -91.147256937681917, 30.530867446304931 ], [ -91.147250262494083, 30.530869041680326 ], [ -91.147243525174545, 30.53087042859292 ], [ -91.147236735105125, 30.53087160525175 ], [ -91.147229900623884, 30.530872570766437 ], [ -91.147223031110926, 30.530873324248287 ], [ -91.147216133865598, 30.530873863001172 ], [ -91.14720921930838, 30.530874187039895 ], [ -91.147202294731869, 30.530874297276693 ], [ -91.147195371601924, 30.53087419192358 ], [ -91.147188456170866, 30.530873870989339 ], [ -91.147181558855706, 30.530873336292768 ], [ -91.147174687992816, 30.530872587845568 ], [ -91.147167852958916, 30.530871626563062 ], [ -91.147161061046589, 30.530870453357405 ], [ -91.147154323713266, 30.530869070951052 ], [ -91.147147647211213, 30.530867479352683 ], [ -91.147141040912103, 30.530865682183801 ], [ -91.147134513150519, 30.530863680358124 ], [ -91.14712807225601, 30.530861477495698 ], [ -91.147121727602013, 30.530859076315828 ] ], [ [ -91.147003423942422, 30.531114596930209 ], [ -91.143922344268134, 30.53392809930871 ], [ -91.143914385123836, 30.533935078853727 ], [ -91.143910196972527, 30.533938381602031 ], [ -91.14390587672591, 30.533941554265073 ], [ -91.143901429602963, 30.533944592340099 ], [ -91.143896859778891, 30.53394749222478 ], [ -91.143892175595454, 30.533950251224919 ], [ -91.143887381231238, 30.533952863934175 ], [ -91.143882482942146, 30.533955328557315 ], [ -91.143877488027925, 30.533957642398658 ], [ -91.143872400665373, 30.533959800953827 ], [ -91.143867228152558, 30.533961802429172 ], [ -91.143861977787438, 30.533963645031047 ], [ -91.1438566547872, 30.533965325158704 ], [ -91.143851266449943, 30.533966841018419 ], [ -91.143845820073537, 30.533968190816545 ], [ -91.143840321912208, 30.533969373659925 ], [ -91.143834778223535, 30.533970386851419 ], [ -91.143829197345909, 30.533971229500803 ], [ -91.143823584489695, 30.533971901615661 ], [ -91.143817947996681, 30.533972400501675 ], [ -91.143812295159577, 30.533972727071337 ], [ -91.143806632232696, 30.533972880431612 ], [ -91.143800967554341, 30.533972859692298 ], [ -91.143795306333104, 30.533972665762949 ], [ -91.143789655863571, 30.533972298653985 ], [ -91.143784025524425, 30.533971758378943 ], [ -91.143778419480526, 30.533971046747727 ], [ -91.143772847110512, 30.533970163773891 ], [ -91.143767313623101, 30.533969110366954 ], [ -91.14376182630933, 30.533967888341397 ], [ -91.143756392462038, 30.533966498609804 ], [ -91.143751019370598, 30.533964943888737 ], [ -91.143745713285654, 30.533963225089252 ], [ -91.143740480452848, 30.533961345828487 ], [ -91.143735327122869, 30.53395930701749 ], [ -91.143730261627127, 30.533957111374335 ], [ -91.143725288127072, 30.533954762513261 ], [ -91.143720413913783, 30.533952262248782 ], [ -91.143715645232703, 30.533949614198182 ], [ -91.14371098728742, 30.533946821977 ], [ -91.143706446323407, 30.533943889202533 ], [ -91.143702028586233, 30.533940819491907 ], [ -91.143633729635013, 30.533887061930855 ], [ -91.14362766350483, 30.533880092973568 ], [ -91.143624845361998, 30.533876475298502 ], [ -91.143622175353826, 30.533872773944474 ], [ -91.143619656596272, 30.533868994328259 ], [ -91.14361729116473, 30.533865140963218 ], [ -91.143615084260986, 30.533861218366983 ], [ -91.143613036918424, 30.533857231051375 ], [ -91.143611151212568, 30.533853183529597 ], [ -91.143609431299623, 30.53384908212206 ], [ -91.143607878212975, 30.53384493134056 ], [ -91.143606492986081, 30.533840735696771 ], [ -91.143605278734739, 30.533836500607574 ], [ -91.143604236490702, 30.533832231486777 ], [ -91.143603367285664, 30.53382793374821 ], [ -91.143602672152966, 30.533823611903568 ], [ -91.143602152122654, 30.533819272268776 ], [ -91.143601808229889, 30.533814918453547 ], [ -91.143601639418705, 30.533810557672801 ], [ -91.14360164776464, 30.533806194439762 ], [ -91.143601833257307, 30.533801834166852 ], [ -91.143602193803915, 30.533797481361255 ], [ -91.14360273043269, 30.533793143240956 ], [ -91.143603442094687, 30.533788823412639 ], [ -91.143604327737393, 30.533784527287096 ], [ -91.143605386306675, 30.533780261177277 ], [ -91.143606616750091, 30.533776030493947 ], [ -91.143608018018668, 30.533771838843865 ], [ -91.143609586975771, 30.533767691634846 ], [ -91.143611322567267, 30.533763595179732 ], [ -91.143613223742477, 30.533759553987355 ], [ -91.143615286324405, 30.533755572561994 ], [ -91.143617508218583, 30.533751656312898 ], [ -91.143619888374346, 30.533747809748952 ], [ -91.143622421572573, 30.533744037372838 ], [ -91.143625105720673, 30.533740343691885 ], [ -91.143627937681899, 30.533736734113912 ], [ -91.143630913281186, 30.533733212241184 ], [ -91.143634030425716, 30.533729782580913 ], [ -91.143925399705168, 30.533382335410582 ], [ -91.14427168691526, 30.533066035534226 ], [ -91.144255212295349, 30.533051596242828 ], [ -91.146677896763222, 30.530845876539914 ], [ -91.14668716368223, 30.53083920897414 ], [ -91.146691997323046, 30.53083609377099 ], [ -91.146696956765098, 30.530833130290585 ], [ -91.146702034707431, 30.530830322130804 ], [ -91.146707224890875, 30.530827672891114 ], [ -91.14671252210033, 30.53082518527027 ], [ -91.146717917990927, 30.530822863766822 ], [ -91.14672340630878, 30.530820709273936 ], [ -91.146728979751188, 30.530818726291663 ], [ -91.146734631018717, 30.530816917515772 ], [ -91.146740353857552, 30.530815283839583 ], [ -91.146746140968318, 30.530813827958944 ], [ -91.146751984011402, 30.530812551666159 ], [ -91.146757875687356, 30.530811457657155 ], [ -91.146763808702019, 30.530810545921682 ], [ -91.146769775757789, 30.530809818253456 ], [ -91.146775768518324, 30.530809274640763 ], [ -91.146781780726357, 30.530808917781055 ], [ -91.146787803006973, 30.53080874585687 ], [ -91.146793829104539, 30.530808760663568 ], [ -91.146799850682882, 30.530808962189365 ], [ -91.146805859409028, 30.530809348618469 ], [ -91.146811849027387, 30.530809921746108 ], [ -91.14681781120683, 30.53081067885438 ], [ -91.146823738653097, 30.530811619933054 ], [ -91.146829623033298, 30.530812743166315 ], [ -91.146835457054848, 30.530814047641755 ], [ -91.146841234467303, 30.530815532448543 ], [ -91.146846945899085, 30.530817193965245 ], [ -91.146852586141705, 30.530819031282476 ], [ -91.146858146864034, 30.530821041682383 ], [ -91.14686362077687, 30.530823222448497 ], [ -91.146869000591082, 30.530825570864401 ], [ -91.14687428110156, 30.530828084216623 ], [ -91.146879455019118, 30.530830759788646 ], [ -91.146884514015952, 30.530833593058613 ], [ -91.147010216363938, 30.530935764717114 ], [ -91.147016932778016, 30.530944402344101 ], [ -91.147020019251912, 30.530948870967435 ], [ -91.14702291902644, 30.530953432239759 ], [ -91.147025630027599, 30.530958080745879 ], [ -91.147028146016666, 30.530962809260437 ], [ -91.1470304659601, 30.530967613271859 ], [ -91.147032585703272, 30.530972485557751 ], [ -91.147034504214204, 30.530977420704346 ], [ -91.147036216294595, 30.530982412389992 ], [ -91.147037721957986, 30.530987453398197 ], [ -91.147039019132109, 30.530992537411663 ], [ -91.147040104702597, 30.530997658111673 ], [ -91.147040978679726, 30.531002810085855 ], [ -91.14704163899448, 30.531007985212742 ], [ -91.147042085658811, 30.531013177178117 ], [ -91.147042318682765, 30.531018380569467 ], [ -91.147042334955415, 30.531023587264016 ], [ -91.14704213761479, 30.531028790951783 ], [ -91.147041725630615, 30.531033985316864 ], [ -91.1470410990148, 30.531039164044902 ], [ -91.147040259864823, 30.531044319922444 ], [ -91.147039207152233, 30.53104944573149 ], [ -91.147037944011615, 30.531054536966167 ], [ -91.147036472543888, 30.531059584609014 ], [ -91.147034792757538, 30.531064584149583 ], [ -91.147032907790575, 30.531069529277911 ], [ -91.147030819742184, 30.531074411878524 ], [ -91.147028531746997, 30.531079227445467 ], [ -91.147026046944703, 30.531083968766719 ], [ -91.147023367429426, 30.531088630432855 ], [ -91.147020497381305, 30.531093206135328 ], [ -91.147017440978544, 30.531097690467732 ], [ -91.147014200317116, 30.531102077118554 ], [ -91.147010781659432, 30.531106360684326 ], [ -91.147007188141728, 30.531110535757016 ], [ -91.147003423942422, 30.531114596930209 ] ], [ [ -91.143509329949268, 30.534107073657569 ], [ -91.143516943948939, 30.534117110927497 ], [ -91.143520439568505, 30.534122297349182 ], [ -91.143523721366591, 30.534127586298602 ], [ -91.14352678726766, 30.534132973262395 ], [ -91.143529631034795, 30.534138450113264 ], [ -91.143532250597644, 30.53414400963165 ], [ -91.143534641798169, 30.534149646399442 ], [ -91.143536802567795, 30.53415535229507 ], [ -91.143538729793988, 30.534161120097675 ], [ -91.143540420362669, 30.534166943488348 ], [ -91.143541873245468, 30.534172815249285 ], [ -91.143543086373739, 30.534178727258933 ], [ -91.143544058719201, 30.534184672299446 ], [ -91.1435447882115, 30.534190643151348 ], [ -91.143545273820521, 30.534196633498802 ], [ -91.14354551556346, 30.534202634321311 ], [ -91.143545513454214, 30.534208638402355 ], [ -91.143545266462624, 30.53421463942621 ], [ -91.143544775646347, 30.534220629275751 ], [ -91.143544041020746, 30.53422659983254 ], [ -91.143543063640109, 30.534232544783713 ], [ -91.143541845603863, 30.534238456013806 ], [ -91.143540386925977, 30.534244326306244 ], [ -91.143538690746311, 30.534250148449242 ], [ -91.14353675916287, 30.53425591522933 ], [ -91.143534593231422, 30.534261619431383 ], [ -91.143532197132302, 30.534267254747199 ], [ -91.143529572965306, 30.534272813061197 ], [ -91.143526723868533, 30.534278288063483 ], [ -91.143523654024193, 30.534283672543584 ], [ -91.143520367612552, 30.534288960193038 ], [ -91.143516867773641, 30.534294143800018 ], [ -91.143513158686176, 30.534299217958022 ], [ -91.143509245574208, 30.534304175458168 ], [ -91.14350513261644, 30.534309010894059 ], [ -91.143500826077414, 30.534313717960256 ], [ -91.143496330135719, 30.534318291250411 ], [ -91.143491651057644, 30.534322723557082 ], [ -91.141676893199431, 30.535982339124505 ], [ -91.141669239266477, 30.535988136377714 ], [ -91.141665239659986, 30.535990854794086 ], [ -91.141661129831959, 30.535993448567154 ], [ -91.141656917082287, 30.53599591500123 ], [ -91.141652605588092, 30.535998249592119 ], [ -91.141648201605349, 30.536000450544755 ], [ -91.141643709307786, 30.536002515158966 ], [ -91.141639134954858, 30.536004439835615 ], [ -91.141634485842999, 30.536006223683149 ], [ -91.141629765107268, 30.536007862195923 ], [ -91.141624981084391, 30.536009355385946 ], [ -91.141620138988301, 30.536010701456679 ], [ -91.141615244036529, 30.536011896807384 ], [ -91.141610303523706, 30.536012941448725 ], [ -91.141605322665583, 30.536013832681981 ], [ -91.141600309797113, 30.536014571421365 ], [ -91.141595268049912, 30.536015154965149 ], [ -91.141590206802775, 30.536015583326993 ], [ -91.141585130224172, 30.536015856512876 ], [ -91.141580046654269, 30.536015972730834 ], [ -91.141574961300151, 30.536015933792459 ], [ -91.141569880417848, 30.536015737902694 ], [ -91.141564811302075, 30.536015385072194 ], [ -91.141559759158028, 30.536014878014583 ], [ -91.14155473128217, 30.536014215838449 ], [ -91.141549733925316, 30.536013399454806 ], [ -91.141544772296257, 30.536012429773326 ], [ -91.141539854728236, 30.536011308610185 ], [ -91.141534985389612, 30.536010035971476 ], [ -91.141530171568206, 30.53600861547589 ], [ -91.141525419514679, 30.536007048034577 ], [ -91.141520734436142, 30.536005335459254 ], [ -91.141516122581649, 30.536003479563078 ], [ -91.141511589154717, 30.53600148396178 ], [ -91.14150714144823, 30.53599934956798 ], [ -91.14150278362365, 30.535997079995962 ], [ -91.141359793801669, 30.535878450870712 ], [ -91.141352821133708, 30.535870380893204 ], [ -91.141349586247173, 30.535866189762373 ], [ -91.141346526619159, 30.535861902365706 ], [ -91.141343643281232, 30.535857524116985 ], [ -91.141340941435089, 30.53585305953413 ], [ -91.141338424193023, 30.535848515838065 ], [ -91.141336094674401, 30.535843896641566 ], [ -91.141333955991342, 30.535839209165623 ], [ -91.141332010217624, 30.535834458825533 ], [ -91.141330261507676, 30.53582965284377 ], [ -91.141328709854321, 30.535824794828574 ], [ -91.14132735732619, 30.5358198929015 ], [ -91.141326207038915, 30.535814952479292 ], [ -91.141325260022398, 30.535809979877946 ], [ -91.141324517306444, 30.535804981413357 ], [ -91.141323979920926, 30.535799963401285 ], [ -91.141323648897398, 30.535794931255705 ], [ -91.141323523178031, 30.535789893093447 ], [ -91.141323604838263, 30.535784853427916 ], [ -91.141323891778114, 30.535779820374529 ], [ -91.141324385030956, 30.535774798444987 ], [ -91.141325084581069, 30.535769795757883 ], [ -91.141325987293357, 30.535764816818897 ], [ -91.141327094195915, 30.535759868845947 ], [ -91.141328403192361, 30.535754958150342 ], [ -91.141329912187999, 30.535750090141459 ], [ -91.141331619084596, 30.535745272032635 ], [ -91.141333522829612, 30.53574050923466 ], [ -91.14133562132659, 30.535735808058856 ], [ -91.14133790935287, 30.535731174812177 ], [ -91.141340386899657, 30.535726614004659 ], [ -91.141343049786371, 30.535722131944766 ], [ -91.141345893834128, 30.53571773403867 ], [ -91.141348916944821, 30.535713427499847 ], [ -91.141352113902698, 30.535709215026806 ], [ -91.141355481567516, 30.535705103831489 ], [ -91.141359015760415, 30.535701099320161 ], [ -91.141362711264023, 30.535697205093442 ], [ -91.141366564941549, 30.53569342655906 ], [ -91.143195539126197, 30.534036309854702 ], [ -91.143206631454873, 30.534030079951407 ], [ -91.143212361053443, 30.534027221446728 ], [ -91.14321820285835, 30.534024539003912 ], [ -91.143224149569917, 30.534022035318536 ], [ -91.143230193886794, 30.534019713988418 ], [ -91.143236329549609, 30.534017578612694 ], [ -91.143242547178033, 30.534015630079939 ], [ -91.143248840510992, 30.534013872891521 ], [ -91.143255201211957, 30.534012307035383 ], [ -91.143261621979605, 30.534010936109294 ], [ -91.143268093433491, 30.534009761001798 ], [ -91.143274609317814, 30.534008783508018 ], [ -91.143281160250481, 30.534008005418602 ], [ -91.14328773893881, 30.534007425821031 ], [ -91.143294338083081, 30.534007047410984 ], [ -91.143300947264365, 30.534006869271476 ], [ -91.143307560228564, 30.534006892295498 ], [ -91.14331416759704, 30.534007116469667 ], [ -91.143320762077053, 30.53400754088144 ], [ -91.143327335330369, 30.534008166420829 ], [ -91.143333879025604, 30.534008990369831 ], [ -91.143340385866537, 30.534010013620012 ], [ -91.143346846479858, 30.534011233451647 ], [ -91.143353253572698, 30.534012648952363 ], [ -91.143359599852332, 30.534014259209535 ], [ -91.143365875947126, 30.53401606060158 ], [ -91.143372075606308, 30.534018052217462 ], [ -91.143378191542411, 30.534020230438465 ], [ -91.143384214380205, 30.534022593447055 ], [ -91.14339013787253, 30.534025138528126 ], [ -91.143395953691339, 30.534027861159462 ], [ -91.143401656629891, 30.534030759529514 ], [ -91.143407237316381, 30.53403383001659 ], [ -91.143412690550861, 30.534037067200881 ], [ -91.143418009042264, 30.534040469267921 ], [ -91.143423186550237, 30.534044029894275 ], [ -91.143428216827587, 30.534047746364958 ], [ -91.143509329949268, 30.534107073657569 ] ], [ [ -91.149617289737463, 30.53309107587484 ], [ -91.149598992502547, 30.533103241768263 ], [ -91.149589481519087, 30.533108895283327 ], [ -91.149579744953328, 30.533114253512149 ], [ -91.149569794281305, 30.533119309254225 ], [ -91.149559643063455, 30.533124055311948 ], [ -91.149549303812748, 30.53312848719218 ], [ -91.149538789045849, 30.533132598598051 ], [ -91.149528112317995, 30.533136385037981 ], [ -91.149517287187734, 30.53313984021635 ], [ -91.149506327207121, 30.533142961445794 ], [ -91.14949524593294, 30.533145743332781 ], [ -91.149484057959341, 30.533148183191361 ], [ -91.149472777880263, 30.533150278335654 ], [ -91.149461417165185, 30.533152025173319 ], [ -91.149449993532741, 30.533153421924784 ], [ -91.149438519489337, 30.533154467705419 ], [ -91.149427009629107, 30.533155159829256 ], [ -91.149415478542721, 30.533155497414629 ], [ -91.149403940817479, 30.533155481383716 ], [ -91.149392411045724, 30.533155109952759 ], [ -91.149380903813167, 30.533154384946069 ], [ -91.14936943370715, 30.533153307286028 ], [ -91.14935801427292, 30.533151877893623 ], [ -91.149346661138182, 30.533150098594461 ], [ -91.149335388886897, 30.533147972115245 ], [ -91.149324210020694, 30.53314550027736 ], [ -91.149313139123436, 30.533142685807277 ], [ -91.149302191816204, 30.533139534139114 ], [ -91.149291379556772, 30.533136047994937 ], [ -91.149280716925674, 30.533132231905419 ], [ -91.149270218503617, 30.533128090401018 ], [ -91.149259895743199, 30.533123628910207 ], [ -91.149249762181469, 30.533118852864067 ], [ -91.149239831351721, 30.533113769497955 ], [ -91.149230114708388, 30.533108383338085 ], [ -91.149220625783343, 30.533102702521877 ], [ -91.14921137498385, 30.533096734280218 ], [ -91.149202374802897, 30.533090484945113 ], [ -91.149193636686562, 30.533083963552876 ], [ -91.149185171042006, 30.533077177334626 ], [ -91.149176989313517, 30.533070136228869 ], [ -91.149169100866317, 30.533062847465242 ], [ -91.149038279781834, 30.53290929870537 ], [ -91.149024061945269, 30.532889628517548 ], [ -91.149017565824622, 30.532879479458625 ], [ -91.149011488973912, 30.532869137041079 ], [ -91.149005838662347, 30.532858614805946 ], [ -91.14900062320288, 30.532847925393632 ], [ -91.148995847778764, 30.532837083244225 ], [ -91.148991518617223, 30.532826101897413 ], [ -91.148987641946889, 30.53281499399068 ], [ -91.148984222949551, 30.532803774866156 ], [ -91.148981263685585, 30.532792457155583 ], [ -91.148978770378804, 30.532781056202623 ], [ -91.148976745086287, 30.532769586443028 ], [ -91.148975189866846, 30.532758061410544 ], [ -91.14897410781974, 30.53274649554243 ], [ -91.148973499958259, 30.532734904175101 ], [ -91.148973366257167, 30.532723300839201 ], [ -91.148973706686078, 30.532711701771895 ], [ -91.148974522263444, 30.532700119603369 ], [ -91.148975811918532, 30.532688569666899 ], [ -91.148977572496506, 30.532677067293299 ], [ -91.148979802931606, 30.532665625109601 ], [ -91.148982500067433, 30.532654259348561 ], [ -91.148985660754093, 30.532642982634467 ], [ -91.14898927975274, 30.532631810295015 ], [ -91.148993354953859, 30.532620755858055 ], [ -91.148997879036187, 30.532609833746189 ], [ -91.149002847807836, 30.532599056582466 ], [ -91.149008254987848, 30.532588439692901 ], [ -91.149014092219574, 30.532577993890559 ], [ -91.14908866012216, 30.532493746414723 ], [ -91.149594423001219, 30.532045086410911 ], [ -91.149614078986033, 30.532030050252427 ], [ -91.149624381245317, 30.532023022195919 ], [ -91.149634980901752, 30.532016333724538 ], [ -91.149645862309512, 30.532009992934995 ], [ -91.149657011900288, 30.532004011535165 ], [ -91.149668412989683, 30.531998395816171 ], [ -91.14968004888992, 30.531993153873309 ], [ -91.149691903955272, 30.531988293803447 ], [ -91.149703960457686, 30.53198382279821 ], [ -91.14971620379842, 30.531979746249739 ], [ -91.149728614168666, 30.531976069542818 ], [ -91.149741174884113, 30.531972798968631 ], [ -91.150005082697959, 30.532196393929269 ], [ -91.149995170044846, 30.532327527470681 ], [ -91.150246196303357, 30.532545523961431 ], [ -91.150158488451865, 30.532642462975176 ], [ -91.149617289737463, 30.53309107587484 ] ], [ [ -91.148990886678334, 30.533660695056408 ], [ -91.146569081712755, 30.535923132537281 ], [ -91.1465490987854, 30.535936813780417 ], [ -91.146538703336489, 30.53594319197839 ], [ -91.146528057343303, 30.535949250494419 ], [ -91.146517172282486, 30.53595498212815 ], [ -91.146506061713268, 30.535960380584264 ], [ -91.14649473919647, 30.535965438665443 ], [ -91.146483219331714, 30.53597015097985 ], [ -91.146471515679849, 30.535974510330206 ], [ -91.146459642838792, 30.535978512226713 ], [ -91.146447615408192, 30.535982151277686 ], [ -91.146435447984217, 30.535985423895447 ], [ -91.146423155166502, 30.535988324688226 ], [ -91.14641075363204, 30.535990851875439 ], [ -91.146398255894624, 30.535993000964424 ], [ -91.146385679673358, 30.535994770176057 ], [ -91.14637303956448, 30.535996155922785 ], [ -91.146360351199561, 30.535997158226603 ], [ -91.146347630213469, 30.5359977753055 ], [ -91.146334892239537, 30.535998006279442 ], [ -91.146322151868887, 30.535997850267112 ], [ -91.146309425773396, 30.53599730819391 ], [ -91.146296729584705, 30.535996380082107 ], [ -91.146284078930933, 30.535995067757874 ], [ -91.146271489440139, 30.535993373047326 ], [ -91.146258975698487, 30.535991297775279 ], [ -91.14624655437612, 30.535988843769481 ], [ -91.146234239013637, 30.535986014657162 ], [ -91.146222046279462, 30.535982813168204 ], [ -91.146209990752894, 30.535979244735525 ], [ -91.146198087016487, 30.535975312987993 ], [ -91.146186349651217, 30.535971022456547 ], [ -91.146174793236213, 30.535966378574209 ], [ -91.146163431308608, 30.535961386772449 ], [ -91.146152278445797, 30.53595605338635 ], [ -91.146141349223655, 30.535950385653042 ], [ -91.146035970449262, 30.535870364102458 ], [ -91.14601351569975, 30.535847026826445 ], [ -91.146003010394907, 30.53583486217622 ], [ -91.145993004843902, 30.535822386121147 ], [ -91.145983509438523, 30.53580961401109 ], [ -91.145974537695224, 30.535796562102217 ], [ -91.145966098963683, 30.53578324574276 ], [ -91.145958204674429, 30.535769682088173 ], [ -91.145950864177024, 30.53575588648668 ], [ -91.145944086814467, 30.535741877894637 ], [ -91.145937880894223, 30.535727671659025 ], [ -91.145932252634566, 30.535713285829679 ], [ -91.145927211379984, 30.535698738461093 ], [ -91.145922761266235, 30.535684046698261 ], [ -91.145918909551838, 30.535669229494584 ], [ -91.145915658286796, 30.53565430489423 ], [ -91.145913014732912, 30.535639290046497 ], [ -91.145910979894637, 30.535624204798086 ], [ -91.14590955686549, 30.535609066292473 ], [ -91.145908746649866, 30.535593894376348 ], [ -91.145908552337886, 30.535578707997189 ], [ -91.145908971812716, 30.535563524291153 ], [ -91.145910006080385, 30.535548362202704 ], [ -91.145911654061052, 30.535533241575607 ], [ -91.145913912595759, 30.535518179544386 ], [ -91.145916778520444, 30.535503195949808 ], [ -91.145920249718344, 30.535488307927785 ], [ -91.145924321984978, 30.535473534415615 ], [ -91.145928989031859, 30.535458894347421 ], [ -91.145934246659635, 30.535444403954141 ], [ -91.145940086495685, 30.535430082167217 ], [ -91.145946503296869, 30.535415946118039 ], [ -91.145953487651894, 30.535402012932309 ], [ -91.145961031189756, 30.535388300639205 ], [ -91.145969126584944, 30.535374825465226 ], [ -91.145977761300003, 30.53536160453169 ], [ -91.145986925926948, 30.535348653159971 ], [ -91.148362846041323, 30.533153221567588 ], [ -91.148378049092798, 30.53313850321317 ], [ -91.14838609022415, 30.533131500961652 ], [ -91.148394411206766, 30.533124747166106 ], [ -91.148403001601579, 30.533118251734393 ], [ -91.14841185097454, 30.533112021868476 ], [ -91.148420947846091, 30.533106066572699 ], [ -91.148430281785579, 30.533100391244901 ], [ -91.14843984027317, 30.533095003985942 ], [ -91.148449612874856, 30.53308991199771 ], [ -91.148459586035386, 30.533085119771496 ], [ -91.14846974723504, 30.5330806354083 ], [ -91.148480085002745, 30.533076463402324 ], [ -91.148490586823769, 30.533072609148348 ], [ -91.148501238099186, 30.53306907803837 ], [ -91.148512026319324, 30.533065872760989 ], [ -91.14852293896945, 30.533062998711038 ], [ -91.148533960413658, 30.533060458572873 ], [ -91.148545079181005, 30.533058256840707 ], [ -91.148556280681035, 30.53305639439623 ], [ -91.148567551360259, 30.533054874828718 ], [ -91.148578876626686, 30.533053699921851 ], [ -91.148590241888073, 30.533052871459404 ], [ -91.148601634639903, 30.533052389423965 ], [ -91.14861304029165, 30.533052254697143 ], [ -91.148624443212569, 30.533052467257097 ], [ -91.148635830896254, 30.533053027988544 ], [ -91.148647188757437, 30.533053935066988 ], [ -91.148658503249379, 30.53305518847349 ], [ -91.14866975874628, 30.533056785480102 ], [ -91.148680942746893, 30.533058724265327 ], [ -91.148692040665779, 30.533061003004772 ], [ -91.148703040003369, 30.533063618974708 ], [ -91.148713925137201, 30.533066567643207 ], [ -91.148724683566002, 30.533069847188735 ], [ -91.148735302795174, 30.533073452181487 ], [ -91.148745768242662, 30.533077378993038 ], [ -91.148756067415533, 30.533081621291494 ], [ -91.148766187815838, 30.533086175451359 ], [ -91.148776115906898, 30.533091036041409 ], [ -91.148785841283285, 30.533096194928707 ], [ -91.148795350406559, 30.5331016475841 ], [ -91.148804631827531, 30.533107386775217 ], [ -91.148813673055002, 30.533113405268288 ], [ -91.148822465765818, 30.533119695835286 ], [ -91.148830995386234, 30.533126250337411 ], [ -91.148839254636954, 30.533133060646122 ], [ -91.148847231028327, 30.533140118625475 ], [ -91.149021954780181, 30.533341145276854 ], [ -91.149032743716646, 30.533357751815934 ], [ -91.149037627656895, 30.533366290261998 ], [ -91.149042162239468, 30.533374971648424 ], [ -91.14904634227247, 30.533383786045331 ], [ -91.149050163609346, 30.533392721720329 ], [ -91.149053618977305, 30.533401766936553 ], [ -91.149056707351008, 30.533410912672021 ], [ -91.149059422503029, 30.533420145387286 ], [ -91.149061761323864, 30.533429456057469 ], [ -91.149063722796456, 30.533438831150331 ], [ -91.149065302770893, 30.533448260737501 ], [ -91.149066499186432, 30.533457732187383 ], [ -91.14906731206473, 30.533467233773184 ], [ -91.149067738299493, 30.533476754665966 ], [ -91.149067779998333, 30.533486282239956 ], [ -91.149067435097052, 30.533495805667471 ], [ -91.149066703619042, 30.533505312319861 ], [ -91.149065588712077, 30.533514790474715 ], [ -91.149064090394631, 30.533524230209501 ], [ -91.149062209733671, 30.533533617994749 ], [ -91.149059950917533, 30.533542943011653 ], [ -91.149057315009955, 30.533552193535044 ], [ -91.149054306200853, 30.533561357843837 ], [ -91.149050928676914, 30.533570426021335 ], [ -91.149047184543932, 30.533579386343632 ], [ -91.149043080076027, 30.533588227092753 ], [ -91.149038620503532, 30.533596937451321 ], [ -91.149033811055162, 30.5336055075039 ], [ -91.149028656962969, 30.533613925531014 ], [ -91.1490231644961, 30.533622182520798 ], [ -91.149017340969067, 30.533630267658669 ], [ -91.149011193694747, 30.533638171032322 ], [ -91.149004729984327, 30.533645883631131 ], [ -91.148997958194386, 30.533653394642183 ], [ -91.148990886678334, 30.533660695056408 ] ], [ [ -91.1417146116097, 30.539672691285695 ], [ -91.141695626506305, 30.539653012549532 ], [ -91.141686748592832, 30.539642749653666 ], [ -91.141678295342842, 30.539632221265844 ], [ -91.141670277151448, 30.539621440932137 ], [ -91.141662705455758, 30.539610422199914 ], [ -91.141655588568426, 30.539599177710148 ], [ -91.141648934796677, 30.539587722809713 ], [ -91.141642753491709, 30.539576071945266 ], [ -91.141637051922231, 30.539564238658127 ], [ -91.141631838395369, 30.539552238295254 ], [ -91.141627117049936, 30.539540086197697 ], [ -91.141622896194903, 30.539527796810404 ], [ -91.14161917996897, 30.539515385474306 ], [ -91.141615972509101, 30.539502868432439 ], [ -91.141613278996189, 30.539490261027279 ], [ -91.141611101482766, 30.539477579498818 ], [ -91.141609444107644, 30.539464839187911 ], [ -91.141608308925228, 30.539452055432577 ], [ -91.14160769590211, 30.539439245371803 ], [ -91.141607607091032, 30.539426425245477 ], [ -91.141608041421762, 30.539413609485027 ], [ -91.141608999903099, 30.539400815230866 ], [ -91.141610479376979, 30.539388058715399 ], [ -91.141612479813702, 30.539375355273503 ], [ -91.141614998056909, 30.53936272023557 ], [ -91.141618031989125, 30.539350170737361 ], [ -91.141621575327704, 30.539337722104893 ], [ -91.1416256249165, 30.539325389668353 ], [ -91.141630176555324, 30.539313189658621 ], [ -91.14163522396521, 30.539301135597324 ], [ -91.14164076086179, 30.539289243712396 ], [ -91.141646778878254, 30.539277529326533 ], [ -91.141653272777731, 30.539266005962848 ], [ -91.145199002565747, 30.536031464227587 ], [ -91.145232026743869, 30.536012153951376 ], [ -91.145249103762964, 30.536003260496496 ], [ -91.145266529933679, 30.535994888923433 ], [ -91.145284283350051, 30.535987050927677 ], [ -91.145302343155052, 30.535979754597978 ], [ -91.145320686404048, 30.535973009824122 ], [ -91.145339291197899, 30.535966824693546 ], [ -91.145358134597203, 30.535961206389949 ], [ -91.145377192620458, 30.535956162095573 ], [ -91.145396443372007, 30.535951698093736 ], [ -91.145415862875524, 30.535947818860507 ], [ -91.14543542715117, 30.535944530676172 ], [ -91.145455112226117, 30.535941836212871 ], [ -91.145474894124007, 30.535939739946766 ], [ -91.145494747831535, 30.535938243646477 ], [ -91.145514650419585, 30.535937349083436 ], [ -91.145534577917047, 30.535937058027788 ], [ -91.145554504271885, 30.535937370442586 ], [ -91.145574405516399, 30.535938286293828 ], [ -91.145594257686255, 30.535939803743457 ], [ -91.145614036817065, 30.535941920953341 ], [ -91.145633717902328, 30.535944636083954 ], [ -91.145653276981193, 30.535947945493138 ], [ -91.145672691136383, 30.535951844638198 ], [ -91.1456919353666, 30.535956328973484 ], [ -91.145710986754665, 30.53596139395637 ], [ -91.145729821346336, 30.535967032336433 ], [ -91.145748417269942, 30.535973237768378 ], [ -91.145766750572975, 30.53598000209999 ], [ -91.145784800429155, 30.535987317183281 ], [ -91.145802542887608, 30.53599517396388 ], [ -91.145819957123848, 30.536003563391841 ], [ -91.145837021272754, 30.536012475513754 ], [ -91.145853715556939, 30.536021898575004 ], [ -91.145875448694852, 30.536036668937424 ], [ -91.14588585478586, 30.536044538770945 ], [ -91.145895935155437, 30.53605272025364 ], [ -91.145905678362809, 30.536061201642575 ], [ -91.145915072963618, 30.536069972999051 ], [ -91.145924106471554, 30.536079024382811 ], [ -91.145932768487739, 30.536088344052523 ], [ -91.145941047571313, 30.536097920265355 ], [ -91.145948934363744, 30.536107742183393 ], [ -91.145956418469723, 30.536117796261237 ], [ -91.145963492614882, 30.536128071663949 ], [ -91.145970145361602, 30.536138554844644 ], [ -91.145976370479502, 30.536149234067768 ], [ -91.145982159658899, 30.536160094888736 ], [ -91.145987505628909, 30.536171124668567 ], [ -91.145992402164083, 30.536182308965635 ], [ -91.145996843033871, 30.536193636044448 ], [ -91.14600082305661, 30.536205090562735 ], [ -91.14600433704895, 30.536216658080299 ], [ -91.146007380866209, 30.53622832596265 ], [ -91.146009950370541, 30.536240077966809 ], [ -91.146012043501329, 30.536251901461316 ], [ -91.146013656120843, 30.536263780203203 ], [ -91.146014788252671, 30.536275701563756 ], [ -91.146015436801022, 30.536287649301588 ], [ -91.146015600749209, 30.536299609884502 ], [ -91.146015282210172, 30.536311567980551 ], [ -91.146014479126819, 30.53632350915391 ], [ -91.146013193612134, 30.536335418072586 ], [ -91.14601142673358, 30.536347281207316 ], [ -91.146009180604125, 30.53635908322611 ], [ -91.146006459419326, 30.536370809701939 ], [ -91.146003264246588, 30.536382447105542 ], [ -91.145999601367308, 30.536393980110812 ], [ -91.145995472891173, 30.536405395189838 ], [ -91.145990886139856, 30.536416677920048 ], [ -91.145985845307237, 30.536427814776548 ], [ -91.145980356671359, 30.536438792237323 ], [ -91.145974427552261, 30.536449596781907 ], [ -91.145968065271859, 30.536460213987592 ], [ -91.142705511997178, 30.539392768401271 ], [ -91.142203322907704, 30.539767773409313 ], [ -91.142186324127579, 30.539778851350562 ], [ -91.142177495664228, 30.539783993843297 ], [ -91.142168463470455, 30.539788861816803 ], [ -91.142159237974525, 30.539793451677731 ], [ -91.142149829613558, 30.539797755322727 ], [ -91.142140252984348, 30.539801769164622 ], [ -91.142130517478407, 30.539805486902466 ], [ -91.142120636652137, 30.539808904045671 ], [ -91.142110621974396, 30.539812017904453 ], [ -91.142100485962999, 30.539814822182638 ], [ -91.142090243211314, 30.539817315097142 ], [ -91.142079904145987, 30.53981949395671 ], [ -91.142069482323649, 30.53982135427076 ], [ -91.142058991295528, 30.539822894254741 ], [ -91.142048443570843, 30.539824112122552 ], [ -91.142037853741215, 30.539825006993183 ], [ -91.142027233273737, 30.539825577079242 ], [ -91.142016595716285, 30.539825822400104 ], [ -91.14200595566227, 30.539825741172866 ], [ -91.141995325613891, 30.539825335219703 ], [ -91.141984718078717, 30.539824603656626 ], [ -91.141974147643054, 30.539823548308789 ], [ -91.141963626811005, 30.539822170096375 ], [ -91.141953168084711, 30.539820470841562 ], [ -91.141942786048958, 30.539818453271657 ], [ -91.141932493207705, 30.53981611830676 ], [ -91.14192230101574, 30.539813470473685 ], [ -91.14191222405789, 30.539810512499805 ], [ -91.141902274834536, 30.539807247109348 ], [ -91.141892463754928, 30.539803680631749 ], [ -91.141882805405487, 30.539799814892252 ], [ -91.141873311235855, 30.539795657123925 ], [ -91.141863991660472, 30.53979121095 ], [ -91.141854860214892, 30.539786482704496 ], [ -91.141845928352211, 30.53978147781644 ], [ -91.141837205439487, 30.539776202613698 ], [ -91.141828702927967, 30.539770663427316 ], [ -91.1417146116097, 30.539672691285695 ] ], [ [ -91.157796342531455, 30.525544901602533 ], [ -91.157440395847061, 30.52596043933907 ], [ -91.157297332609389, 30.526093170110052 ], [ -91.156886203055578, 30.526373918654091 ], [ -91.156280029424636, 30.525900160180406 ], [ -91.157184876031053, 30.5250760247751 ], [ -91.157209961327339, 30.52506568448576 ], [ -91.157222802519044, 30.525061091151766 ], [ -91.157235821189644, 30.525056891350062 ], [ -91.15724900274364, 30.525053089571532 ], [ -91.157262330501496, 30.52504969030414 ], [ -91.157275787783661, 30.525046698036043 ], [ -91.15728935791229, 30.525044116353193 ], [ -91.157303024211089, 30.525041947939535 ], [ -91.157316770002126, 30.525040196381124 ], [ -91.157330577568786, 30.525038863458526 ], [ -91.157344431278332, 30.525037950954999 ], [ -91.157358313417319, 30.525037458847024 ], [ -91.157372207309464, 30.525037389818554 ], [ -91.157386095244547, 30.525037742041945 ], [ -91.157399960549483, 30.525038516397117 ], [ -91.157413785513967, 30.525039711056365 ], [ -91.157427553469788, 30.525041324193499 ], [ -91.157441247745439, 30.525043355786384 ], [ -91.157454851677485, 30.525045801302536 ], [ -91.157468347555536, 30.525048658914351 ], [ -91.157481719758167, 30.525051924090882 ], [ -91.157494951618688, 30.525055594103797 ], [ -91.157508025434737, 30.525059662615192 ], [ -91.15752092766553, 30.525064126901043 ], [ -91.157533640610438, 30.525068979721286 ], [ -91.157546148649374, 30.525074215643002 ], [ -91.157558437206063, 30.525079828332423 ], [ -91.157570490662025, 30.52508581145446 ], [ -91.157639743003543, 30.525128651037413 ], [ -91.157673017590255, 30.525151630033189 ], [ -91.157705334921218, 30.525175610839135 ], [ -91.157736656497647, 30.525200562734824 ], [ -91.157766941736853, 30.525226454997107 ], [ -91.157796153183384, 30.525253256004923 ], [ -91.157824255468952, 30.525280932336003 ], [ -91.157832943287417, 30.525295201788325 ], [ -91.157836850274037, 30.52530252446514 ], [ -91.157840459051968, 30.525309961307808 ], [ -91.157843765470815, 30.525317502388226 ], [ -91.157846766420505, 30.525325138681765 ], [ -91.157849456707069, 30.525332861160884 ], [ -91.157851834263994, 30.525340659900341 ], [ -91.157853895979642, 30.525348526777414 ], [ -91.157855638748785, 30.525356450061228 ], [ -91.157857060501655, 30.525364421630638 ], [ -91.157858160213792, 30.525372431561511 ], [ -91.15785893686072, 30.52538046992996 ], [ -91.157859387333957, 30.525388526809174 ], [ -91.157859513734863, 30.525396592279339 ], [ -91.157859313997079, 30.525404656415034 ], [ -91.157858789178349, 30.525412710197166 ], [ -91.15785793929777, 30.525420742800961 ], [ -91.157856766456831, 30.525428744306598 ], [ -91.157855271711767, 30.525436706596917 ], [ -91.157853456125224, 30.525444617946601 ], [ -91.157851322837416, 30.525452470241234 ], [ -91.157848873951394, 30.525460252658942 ], [ -91.157846112609064, 30.525467956183281 ], [ -91.157843041952162, 30.52547557179777 ], [ -91.15783966616462, 30.525483090487416 ], [ -91.157835989433352, 30.525490501432994 ], [ -91.15783201593905, 30.525497797423576 ], [ -91.157827749867153, 30.525504968542084 ], [ -91.157823197483921, 30.525512006678216 ], [ -91.157818364015114, 30.525518902818305 ], [ -91.157813255726992, 30.525525648852135 ], [ -91.1578078778454, 30.525532235765983 ], [ -91.157802237676918, 30.525538656353092 ], [ -91.157796342531455, 30.525544901602533 ] ], [ [ -91.149868051579375, 30.527161686231157 ], [ -91.149858864104019, 30.527158942065373 ], [ -91.149854361409282, 30.527157359928935 ], [ -91.149849925658017, 30.527155639870383 ], [ -91.149845563095568, 30.527153785506421 ], [ -91.149841279972222, 30.527151797747923 ], [ -91.149837080450993, 30.52714967930681 ], [ -91.149832970777311, 30.527147433799904 ], [ -91.149828956157691, 30.527145063038663 ], [ -91.149825040755331, 30.527142569734991 ], [ -91.149821230813728, 30.527139958407847 ], [ -91.149817529453969, 30.527137231767718 ], [ -91.149813942922989, 30.527134392529465 ], [ -91.149810474338523, 30.527131445207676 ], [ -91.149807128903845, 30.52712839341784 ], [ -91.149803911823952, 30.527125239873364 ], [ -91.149800825172832, 30.52712198998946 ], [ -91.149797874153847, 30.527118647381574 ], [ -91.14979506084255, 30.527115216562926 ], [ -91.149792391484382, 30.527111701150389 ], [ -91.149789867112844, 30.527108105655653 ], [ -91.149787492929718, 30.527104434596311 ], [ -91.149785269966927, 30.527100693386071 ], [ -91.149783201343752, 30.527096885637608 ], [ -91.149781291216485, 30.527093017670943 ], [ -91.149779539578503, 30.527089093094382 ], [ -91.149777951631393, 30.527085116425472 ], [ -91.149776526321489, 30.527081093977088 ], [ -91.149775267808337, 30.527077030265346 ], [ -91.149774176082005, 30.527072930702577 ], [ -91.149773253218072, 30.527068799801942 ], [ -91.151947905180634, 30.527016987755871 ], [ -91.151947751198094, 30.527028827053957 ], [ -91.151947310048755, 30.527034734928243 ], [ -91.151946627185254, 30.52704062623425 ], [ -91.151945703664381, 30.527046492854886 ], [ -91.151944539500988, 30.527052326671647 ], [ -91.151943136790493, 30.527058121373013 ], [ -91.151941497630105, 30.527063869745348 ], [ -91.151939623076643, 30.527069563671613 ], [ -91.151937517309577, 30.527075196843125 ], [ -91.151935181385738, 30.527080761142784 ], [ -91.151932618442657, 30.527086250260449 ], [ -91.151929831617821, 30.527091657886039 ], [ -91.15192682613602, 30.527096975908144 ], [ -91.151923603050818, 30.527102198013843 ], [ -91.151920168625736, 30.527107317897311 ], [ -91.151916525999894, 30.527112328346224 ], [ -91.15191268039159, 30.527117224857591 ], [ -91.15190863702567, 30.527121999319974 ], [ -91.151904399036283, 30.527126647227394 ], [ -91.151899974772647, 30.527131161374768 ], [ -91.151895366328702, 30.52713553635262 ], [ -91.151890583090676, 30.527139767663556 ], [ -91.151885628196055, 30.527143848997323 ], [ -91.151880508947144, 30.527147775853777 ], [ -91.151875232647868, 30.52715154283046 ], [ -91.151869805560153, 30.527155144523647 ], [ -91.151864232900522, 30.527158577332248 ], [ -91.151858524053651, 30.52716183766081 ], [ -91.151852684241149, 30.52716491920215 ], [ -91.151846721802258, 30.527167820163537 ], [ -91.151840645081307, 30.527170536046082 ], [ -91.151834460336914, 30.527173063250164 ], [ -91.151828174869721, 30.527175398177537 ], [ -91.151821799103004, 30.527177539038345 ], [ -91.151815338251893, 30.527179483133544 ], [ -91.151808802742863, 30.527181226869228 ], [ -91.15040368193894, 30.527213021278396 ], [ -91.149868051579375, 30.527161686231157 ] ], [ [ -91.149534874034032, 30.527539149231661 ], [ -91.149554674780134, 30.527926385880086 ], [ -91.149555084262957, 30.527935399808246 ], [ -91.149555012344464, 30.527939909996416 ], [ -91.149554755998793, 30.527944415418279 ], [ -91.149554314193935, 30.527948910659966 ], [ -91.149553690067606, 30.527953389411493 ], [ -91.149552881547478, 30.527957845355502 ], [ -91.149551891767828, 30.527962273986169 ], [ -91.149550720738773, 30.527966669891075 ], [ -91.149549371597914, 30.527971026760209 ], [ -91.149547843311623, 30.52797534008176 ], [ -91.149546141103357, 30.52797960264661 ], [ -91.149544263935965, 30.527983811747081 ], [ -91.149542215992625, 30.527987959270522 ], [ -91.149539999363938, 30.527992041611554 ], [ -91.14953761718435, 30.527996054264236 ], [ -91.149535072593181, 30.527999990016379 ], [ -91.149532367679498, 30.528003846164896 ], [ -91.14952950766498, 30.528007616402441 ], [ -91.149526493598358, 30.528011297122305 ], [ -91.149523331743367, 30.528014882018777 ], [ -91.149520025231041, 30.528018368389983 ], [ -91.149516577197389, 30.528021750827993 ], [ -91.149512992859243, 30.528025025731743 ], [ -91.149509277436607, 30.528028187696133 ], [ -91.149505434058852, 30.528031234921457 ], [ -91.149501468989726, 30.528034161101896 ], [ -91.149497386400668, 30.528036964439174 ], [ -91.149493191510061, 30.528039640430258 ], [ -91.149488889532947, 30.528042186376148 ], [ -91.149484486729833, 30.528044597775327 ], [ -91.149479987270368, 30.528046873731423 ], [ -91.149475397416637, 30.528049008840821 ], [ -91.149470722378766, 30.528051003110786 ], [ -91.149465969459186, 30.528052852041107 ], [ -91.149461143871235, 30.52805455383487 ], [ -91.149456251870461, 30.528056106696834 ], [ -91.149451298671821, 30.52805750792783 ], [ -91.149446291571152, 30.528058756636021 ], [ -91.14944123578185, 30.528059851024572 ], [ -91.149436139641722, 30.528060790202986 ], [ -91.149431007323727, 30.528061571470818 ], [ -91.149425846122114, 30.52806219483826 ], [ -91.149293941243897, 30.528039534937076 ], [ -91.149063025480288, 30.528241252917855 ], [ -91.149097559315081, 30.52837118103303 ], [ -91.149087749413795, 30.528425795979853 ], [ -91.149073093606148, 30.528476201493682 ], [ -91.148653404082879, 30.528864929245856 ], [ -91.14864395282504, 30.528870594510089 ], [ -91.148639059839766, 30.528873207257462 ], [ -91.148634063976587, 30.528875668315472 ], [ -91.148628969408591, 30.528877974983747 ], [ -91.148623784477067, 30.528880124567742 ], [ -91.148618515439125, 30.528882114370063 ], [ -91.148613168551947, 30.528883941693199 ], [ -91.148607750071022, 30.528885604741699 ], [ -91.148602267297221, 30.528887099917625 ], [ -91.148596726482694, 30.528888427229663 ], [ -91.148591135966953, 30.528889584885277 ], [ -91.14858550096514, 30.528890570185641 ], [ -91.14857982877318, 30.528891382238879 ], [ -91.148574127728878, 30.528892020154505 ], [ -91.148568404084315, 30.528892483941227 ], [ -91.148562665135415, 30.528892772707291 ], [ -91.148556918179693, 30.528892884658632 ], [ -91.148551169465875, 30.528892821608174 ], [ -91.148545427331882, 30.528892582665442 ], [ -91.14853969907179, 30.528892167840681 ], [ -91.148533990936173, 30.528891578044586 ], [ -91.148528310215752, 30.52889081509154 ], [ -91.148522664206382, 30.528889878089615 ], [ -91.148517060198856, 30.528888768853182 ], [ -91.148511504441956, 30.528887489195075 ], [ -91.148506005270221, 30.52888604002894 ], [ -91.148500567888632, 30.528884424068195 ], [ -91.148495200631757, 30.528882642226613 ], [ -91.148489908702942, 30.528880698119718 ], [ -91.148484699394672, 30.528878592659712 ], [ -91.148479579994415, 30.528876329465032 ], [ -91.148474555707182, 30.528873911249047 ], [ -91.148469632778415, 30.528871341628872 ], [ -91.1484648185005, 30.528868621516605 ], [ -91.148460118071839, 30.528865757234051 ], [ -91.148455536700865, 30.528862749690497 ], [ -91.148451081669933, 30.528859605210481 ], [ -91.147151355007182, 30.527742809667341 ], [ -91.147145502043145, 30.52773503652195 ], [ -91.147142813902022, 30.527731021290144 ], [ -91.147140289501692, 30.527726928711662 ], [ -91.147137931963172, 30.527722761497067 ], [ -91.147135743360181, 30.527718525061594 ], [ -91.147133726806899, 30.527714225724075 ], [ -91.147131885420904, 30.527709867999189 ], [ -91.147130221276001, 30.527705457302211 ], [ -91.147128735404024, 30.527700999046903 ], [ -91.147127430920762, 30.527696498650055 ], [ -91.147126307816137, 30.527691961523931 ], [ -91.147125369205838, 30.527687393085344 ], [ -91.147124615079818, 30.527682798746618 ], [ -91.147124046468136, 30.527678184823596 ], [ -91.147123664402585, 30.527673556730029 ], [ -91.147123468874781, 30.527668918976225 ], [ -91.147123460913022, 30.527664278780144 ], [ -91.147123640507203, 30.527659641554074 ], [ -91.14712400660683, 30.527655011806846 ], [ -91.147124559198275, 30.527650396754851 ], [ -91.147125298273082, 30.527645800908434 ], [ -91.147126220695057, 30.527641229675467 ], [ -91.147127328536385, 30.527636689373274 ], [ -91.147128617617028, 30.527632186310438 ], [ -91.14713008897229, 30.527627724096568 ], [ -91.14713173842226, 30.527623309040198 ], [ -91.147133564914739, 30.527618946552181 ], [ -91.147135566355587, 30.527614642042 ], [ -91.147137739610287, 30.527610400015384 ], [ -91.147140083624876, 30.527606226785352 ], [ -91.147142594221251, 30.527602127758346 ], [ -91.147145268268275, 30.527598105636063 ], [ -91.1471481036684, 30.527594167632035 ], [ -91.147151095203114, 30.527590318249267 ], [ -91.147154240781603, 30.527586561092942 ], [ -91.147157535185329, 30.527582900666072 ], [ -91.147160976320265, 30.527579342378012 ], [ -91.147164557925748, 30.527575890730205 ], [ -91.147168277911135, 30.527572549328028 ], [ -91.147172128973793, 30.52756932267144 ], [ -91.147176107982744, 30.52756621346213 ], [ -91.147180210759757, 30.527563227106594 ], [ -91.147184431047748, 30.527560366302307 ], [ -91.147188763628236, 30.527557635552029 ], [ -91.147193204329767, 30.527555036654096 ], [ -91.147197747935678, 30.527552573209405 ], [ -91.147202387143352, 30.527550249717951 ], [ -91.147207116741214, 30.527548067074413 ], [ -91.147719668866685, 30.527473855578563 ], [ -91.14938858360324, 30.527413243368176 ], [ -91.149399531348465, 30.527414133577533 ], [ -91.149404972454093, 30.527414829408428 ], [ -91.149410380949945, 30.527415691172422 ], [ -91.149415750587451, 30.52741671705666 ], [ -91.149421075114489, 30.527417907052566 ], [ -91.149426348282518, 30.527419259347258 ], [ -91.149431562802519, 30.527420771224541 ], [ -91.149436711380503, 30.52742244267418 ], [ -91.149441789856809, 30.527424269180166 ], [ -91.149446789895421, 30.527426250730951 ], [ -91.149451706293121, 30.527428383710976 ], [ -91.149456532802844, 30.527430665405525 ], [ -91.149461263175937, 30.527433094001783 ], [ -91.149465891168774, 30.527435664980768 ], [ -91.149470411576345, 30.527438375629075 ], [ -91.149474819193728, 30.52744122323336 ], [ -91.149479106733494, 30.527444204175215 ], [ -91.149483271078054, 30.527447313940112 ], [ -91.149487304940067, 30.527450548909677 ], [ -91.149491205200235, 30.527453905471319 ], [ -91.149494965614863, 30.527457379106142 ], [ -91.149498582024265, 30.527460965298069 ], [ -91.149502050267216, 30.527464660433107 ], [ -91.149505365145316, 30.527468458189642 ], [ -91.149508522495523, 30.527472355855711 ], [ -91.149511520245625, 30.52747634711405 ], [ -91.14951435215022, 30.527480428347829 ], [ -91.149517016136926, 30.527484593239688 ], [ -91.149519509089885, 30.527488836372971 ], [ -91.149521826847646, 30.527493154133765 ], [ -91.149523967339576, 30.527497539302672 ], [ -91.149525927448053, 30.52750198736506 ], [ -91.149527704058613, 30.527506492002193 ], [ -91.149529297179782, 30.527511048703936 ], [ -91.149530702655056, 30.52751565115004 ], [ -91.1495319194525, 30.527520293926646 ], [ -91.149532945499828, 30.527524970716602 ], [ -91.149533780806948, 30.527529676107534 ], [ -91.14953442434188, 30.527534404685657 ], [ -91.149534874034032, 30.527539149231661 ] ], [ [ -91.147271235210638, 30.527254399394309 ], [ -91.147267039478237, 30.527252509999691 ], [ -91.147265001182134, 30.527251471571994 ], [ -91.147263005724852, 30.527250370962552 ], [ -91.147261057267698, 30.527249211785378 ], [ -91.147259155812279, 30.527247993138424 ], [ -91.147257305519886, 30.527246718635773 ], [ -91.147255507432533, 30.527245388278914 ], [ -91.147253763630829, 30.527244003874916 ], [ -91.147252078277646, 30.527242568135652 ], [ -91.147250451371349, 30.527241081963417 ], [ -91.14724888499255, 30.52723954716507 ], [ -91.147247382263856, 30.527237965549233 ], [ -91.147245944222249, 30.527236339823379 ], [ -91.147244572948225, 30.527234671794776 ], [ -91.147243270522509, 30.527232963270265 ], [ -91.147242036941662, 30.527231216054069 ], [ -91.147240875328308, 30.527229431954687 ], [ -91.147239786717648, 30.52722761458174 ], [ -91.147238772150061, 30.527225764838825 ], [ -91.147237832662412, 30.527223885433564 ], [ -91.147236970333665, 30.527221979075073 ], [ -91.147236185160367, 30.527220047567347 ], [ -91.147235478179539, 30.527218093618178 ], [ -91.147234851471651, 30.527216119034485 ], [ -91.147234305030068, 30.527214127424564 ], [ -91.147233838853026, 30.527212119690432 ], [ -91.147233455017712, 30.527210099443256 ], [ -91.147233152478861, 30.527208068485667 ], [ -91.147232932273297, 30.527206029525374 ], [ -91.147232794394228, 30.527203986170498 ], [ -91.147232739883705, 30.527201938422522 ], [ -91.147232767689573, 30.527199891692394 ], [ -91.147232878853785, 30.52719784598148 ], [ -91.147233072325861, 30.527195805798666 ], [ -91.147233348104209, 30.527193772045958 ], [ -91.147233705141616, 30.52719174742807 ], [ -91.147234145515412, 30.527189735556124 ], [ -91.147234666096125, 30.527187738229912 ], [ -91.147235266878681, 30.527185758155564 ], [ -91.14723594785977, 30.527183797137106 ], [ -91.147236706950281, 30.527181857877967 ], [ -91.147237545187082, 30.527179943085599 ], [ -91.147238459439109, 30.527178055461775 ], [ -91.147239449704685, 30.527176195908694 ], [ -91.147240514936712, 30.527174367130922 ], [ -91.14724165304446, 30.527172572733782 ], [ -91.147242862984157, 30.527170813617904 ], [ -91.147244143710466, 30.5271690915859 ], [ -91.147245493132658, 30.527167410243084 ], [ -91.147246909164906, 30.527165770488526 ], [ -91.147248391803984, 30.527164174126415 ], [ -91.147249936875028, 30.52716262475899 ], [ -91.147251544377994, 30.527161122386335 ], [ -91.147253211181948, 30.527159669710286 ], [ -91.147254936241396, 30.527158268533334 ], [ -91.147256716426938, 30.527156920655301 ], [ -91.147258550693252, 30.527155627878784 ], [ -91.147260435912628, 30.52715439110149 ], [ -91.147262369997677, 30.527153212124528 ], [ -91.147264349819011, 30.527152092747652 ], [ -91.147266374332986, 30.527151033871466 ], [ -91.147268440410144, 30.527150037295634 ], [ -91.147270544924538, 30.527149103015788 ], [ -91.147272686829027, 30.52714823373671 ], [ -91.147274861954045, 30.527147430354443 ], [ -91.147277068215473, 30.52714669286615 ], [ -91.14727930352602, 30.527146023072994 ], [ -91.147281564759624, 30.527145420970562 ], [ -91.147283847744973, 30.527144888357135 ], [ -91.147286151441676, 30.527144424329187 ], [ -91.147288472720433, 30.527144030686404 ], [ -91.147290808453505, 30.527143708326463 ], [ -91.147293155516593, 30.527143456342966 ], [ -91.147295511824055, 30.527143275634913 ], [ -91.147297874248139, 30.527143167100082 ], [ -91.147300238622648, 30.527143129830577 ], [ -91.14730260390543, 30.52714316382481 ], [ -91.147304965926907, 30.52714326997906 ], [ -91.147307321562792, 30.527143447386894 ], [ -91.149403097774808, 30.52707882650796 ], [ -91.149394922475864, 30.527114094629972 ], [ -91.149391321555768, 30.527121831988456 ], [ -91.14938928160025, 30.527125611482102 ], [ -91.149387087550707, 30.527129324911343 ], [ -91.14938473941379, 30.527132968667981 ], [ -91.149382242411207, 30.527136536444839 ], [ -91.149379598635264, 30.527140023734557 ], [ -91.149376812260712, 30.527143426934593 ], [ -91.149373886421856, 30.527146741539081 ], [ -91.149370824253097, 30.527149963042092 ], [ -91.149367630972776, 30.527153086940551 ], [ -91.149364310755558, 30.527156109632024 ], [ -91.149360865692145, 30.527159027511157 ], [ -91.149357303084969, 30.527161836077884 ], [ -91.149353625024645, 30.527164531726765 ], [ -91.149349838810224, 30.52716711176182 ], [ -91.149345946534126, 30.527169571675625 ], [ -91.149341955493611, 30.527171909674248 ], [ -91.149337869865079, 30.527174121253193 ], [ -91.149333695902286, 30.527176205519055 ], [ -91.149329436739563, 30.527178157965903 ], [ -91.149325100717945, 30.527179975899113 ], [ -91.149320690965141, 30.527181658420997 ], [ -91.149316214780157, 30.52718320283557 ], [ -91.149311676334364, 30.527184607344473 ], [ -91.149307083968807, 30.527185869253142 ], [ -91.149302441853195, 30.527186987665242 ], [ -91.1492977551992, 30.527187961685978 ], [ -91.149293032347927, 30.527188788620844 ], [ -91.149288277468983, 30.527189467573503 ], [ -91.149283497854768, 30.52718999945618 ], [ -91.149278699762363, 30.52719038157143 ], [ -91.148798846243068, 30.527263495475772 ], [ -91.147465838185241, 30.527296461530423 ], [ -91.147438765169454, 30.527296277378245 ], [ -91.147425252785879, 30.527295544872942 ], [ -91.14741178079656, 30.527294386651668 ], [ -91.14739836586871, 30.527292805444024 ], [ -91.147385025716375, 30.527290801275033 ], [ -91.147371779089127, 30.527288377779158 ], [ -91.147358643694275, 30.527285538589606 ], [ -91.147345636197315, 30.527282287338021 ], [ -91.147332774305625, 30.527278627657566 ], [ -91.147320074679527, 30.527274565886103 ], [ -91.147307555028078, 30.527270104754738 ], [ -91.147295230964602, 30.527265253306012 ], [ -91.147283119154366, 30.527260015171681 ], [ -91.147271235210638, 30.527254399394309 ] ], [ [ -91.15547617156156, 30.525096579903476 ], [ -91.155470069790553, 30.525089566319188 ], [ -91.155467239008757, 30.525085922709849 ], [ -91.155464560508094, 30.525082194511626 ], [ -91.155462036364341, 30.525078386237514 ], [ -91.155459670739077, 30.525074501501468 ], [ -91.155457466745162, 30.525070547524074 ], [ -91.155455426461714, 30.525066527014353 ], [ -91.155453553001763, 30.525062447192916 ], [ -91.15545184844278, 30.525058311670801 ], [ -91.155450315900907, 30.525054125864592 ], [ -91.155448955364832, 30.525049896088635 ], [ -91.155447770994385, 30.525045626858869 ], [ -91.155446761737821, 30.525041323586173 ], [ -91.155445931753363, 30.525036991688602 ], [ -91.155445278945692, 30.525032637477615 ], [ -91.155444806432641, 30.525028265467789 ], [ -91.15544451420287, 30.525023881973492 ], [ -91.155444402246587, 30.525019492407047 ], [ -91.155444471596141, 30.525015102182238 ], [ -91.155444721199757, 30.525010716709911 ], [ -91.155445151047687, 30.525006341402516 ], [ -91.155445761128618, 30.525001982574341 ], [ -91.155446549350529, 30.524997644732927 ], [ -91.155447515700388, 30.524993335094706 ], [ -91.155448659129718, 30.524989057266502 ], [ -91.15544997754489, 30.524984816657867 ], [ -91.155451469890963, 30.524980620483795 ], [ -91.155453134077433, 30.524976472349707 ], [ -91.155454968009053, 30.524972378567245 ], [ -91.155456968550141, 30.524968344544497 ], [ -91.155459133610307, 30.524964373886874 ], [ -91.155461462136174, 30.524960472907399 ], [ -91.155463947867801, 30.52495664610791 ], [ -91.155466590797118, 30.524952897998698 ], [ -91.155469385704436, 30.524949233985048 ], [ -91.155735809936019, 30.524613167237106 ], [ -91.15629638417947, 30.524159267179066 ], [ -91.156306693013846, 30.524150750198991 ], [ -91.156312103841884, 30.524146735156325 ], [ -91.156317674830063, 30.524142889914721 ], [ -91.156323401804073, 30.524139218076634 ], [ -91.15632927537655, 30.524135725042004 ], [ -91.156335289286062, 30.524132416214737 ], [ -91.15634143519199, 30.524129294289828 ], [ -91.156347705794218, 30.524126362865701 ], [ -91.156354092747335, 30.524123627343574 ], [ -91.156360587710836, 30.524121090418458 ], [ -91.156367183386024, 30.524118754786702 ], [ -91.156373871430901, 30.524116624045426 ], [ -91.156380642462835, 30.524114700888273 ], [ -91.156387487099352, 30.524112988008838 ], [ -91.156394399087105, 30.524111486300772 ], [ -91.156401368000033, 30.524110199358365 ], [ -91.156408385502331, 30.524109127170487 ], [ -91.156415443253579, 30.524108272432173 ], [ -91.156422530834078, 30.524107635129472 ], [ -91.156429639904985, 30.524107217055384 ], [ -91.156436762128877, 30.524107019100761 ], [ -91.156443888131363, 30.524107039449014 ], [ -91.156451008531576, 30.524107279891695 ], [ -91.156458114995388, 30.524107739515522 ], [ -91.156465198145128, 30.524108418308192 ], [ -91.156472248606377, 30.524109314452812 ], [ -91.156479257003056, 30.524110427034994 ], [ -91.156486216043035, 30.524111755142837 ], [ -91.1564931153099, 30.524113296958348 ], [ -91.15649994751314, 30.524115050667632 ], [ -91.156506703281437, 30.524117012650009 ], [ -91.156513374279186, 30.524119182894381 ], [ -91.156519951136644, 30.524121556877855 ], [ -91.156526426565009, 30.524124131884601 ], [ -91.156532792234884, 30.524126904295194 ], [ -91.156539039813822, 30.524129872294527 ], [ -91.156545160977345, 30.524133029556982 ], [ -91.156551148434858, 30.524136374268803 ], [ -91.156556994900697, 30.524139901909898 ], [ -91.156562693092326, 30.524143606156198 ], [ -91.156941981186591, 30.524468755813757 ], [ -91.156950537426212, 30.524477216797894 ], [ -91.156954552631973, 30.524481636822706 ], [ -91.156958387363474, 30.524486176580687 ], [ -91.156962036423849, 30.524490828848467 ], [ -91.1569654946111, 30.524495589108799 ], [ -91.156968758810606, 30.524500451043199 ], [ -91.156971823822062, 30.524505409232365 ], [ -91.156974686530731, 30.524510457357724 ], [ -91.156977343822007, 30.524515589100798 ], [ -91.156979791539058, 30.524520798141566 ], [ -91.156982026567235, 30.524526078161514 ], [ -91.156984047875824, 30.524531422844905 ], [ -91.156985851309571, 30.524536824969754 ], [ -91.156987434794289, 30.524542279120865 ], [ -91.156988796260293, 30.524547777177002 ], [ -91.156989935717291, 30.524553313725896 ], [ -91.156990850052068, 30.52455888154687 ], [ -91.156991539277428, 30.524564473423517 ], [ -91.156992001322251, 30.524570082136577 ], [ -91.156992236196061, 30.524575702273783 ], [ -91.156992243913294, 30.524581325716561 ], [ -91.156992023443195, 30.524586946149086 ], [ -91.156991576882447, 30.524592556357788 ], [ -91.156990903200253, 30.524598150026833 ], [ -91.156990003453004, 30.524603719039057 ], [ -91.1569888797343, 30.524609257984977 ], [ -91.156987532058409, 30.524614758746072 ], [ -91.156985963560899, 30.524620215914119 ], [ -91.156984174254575, 30.524625622272652 ], [ -91.156982168320127, 30.524630970610829 ], [ -91.156979946809074, 30.524636255517617 ], [ -91.156977513902163, 30.524641469782093 ], [ -91.156974870654153, 30.524646606189311 ], [ -91.156972021240961, 30.52465166023444 ], [ -91.156968969843177, 30.524656624706534 ], [ -91.156965718556094, 30.524661493294047 ], [ -91.156962273641128, 30.524666260592909 ], [ -91.156958637193384, 30.524670920291509 ], [ -91.156954814432311, 30.524675466984441 ], [ -91.156950810577527, 30.524679895266221 ], [ -91.156946629806455, 30.524684199730164 ], [ -91.156118739813238, 30.525439970442875 ], [ -91.156111428042934, 30.525446477121957 ], [ -91.156107577611252, 30.525449559711788 ], [ -91.156103605481775, 30.525452522164883 ], [ -91.156099514783563, 30.525455362681178 ], [ -91.156095310734685, 30.525458076757428 ], [ -91.156090999591868, 30.525460661695817 ], [ -91.156086585531099, 30.525463112991638 ], [ -91.156082074807458, 30.525465428849127 ], [ -91.156077473679304, 30.525467605668382 ], [ -91.156072786319527, 30.525469640748934 ], [ -91.156068018983149, 30.525471532294866 ], [ -91.156063177928559, 30.525473276706453 ], [ -91.156058268367303, 30.525474873088577 ], [ -91.156053297596543, 30.525476319646859 ], [ -91.156048270832585, 30.525477612780023 ], [ -91.156043195369378, 30.525478752497911 ], [ -91.156038076420089, 30.525479737003366 ], [ -91.15603292023826, 30.525480565402638 ], [ -91.156027733078986, 30.525481235899999 ], [ -91.156022523279773, 30.525481747604641 ], [ -91.156017295008624, 30.525482100522023 ], [ -91.156012055559444, 30.525482294662023 ], [ -91.156006812229279, 30.525482328230268 ], [ -91.15600157022493, 30.52548220303775 ], [ -91.155996336843486, 30.525481917290293 ], [ -91.155991117291677, 30.525481472798884 ], [ -91.155985919905376, 30.525480869574711 ], [ -91.155980749892905, 30.525480108526846 ], [ -91.155975614546605, 30.525479190567101 ], [ -91.155970519074771, 30.525478116604482 ], [ -91.155965470768066, 30.525476888452907 ], [ -91.155960475876768, 30.525475507022868 ], [ -91.155955539607632, 30.525473974125394 ], [ -91.155950669249719, 30.525472292476429 ], [ -91.155945870011308, 30.525470462985059 ], [ -91.155941147095902, 30.525468489266537 ], [ -91.155936508837755, 30.525466372233993 ], [ -91.155931958356433, 30.525464115499929 ], [ -91.155927502942546, 30.525461720878202 ], [ -91.155923147797978, 30.52545919288611 ], [ -91.155918897087375, 30.52545653333334 ], [ -91.155914758096642, 30.525453746740006 ], [ -91.155910733948502, 30.525450834914356 ], [ -91.155906831927041, 30.525447803278524 ], [ -91.15547617156156, 30.525096579903476 ] ], [ [ -91.157247728289647, 30.535880023653228 ], [ -91.15724202452418, 30.535886695785198 ], [ -91.157238973839398, 30.535889897631453 ], [ -91.157235795145226, 30.535893004591539 ], [ -91.157232491572728, 30.535896013963413 ], [ -91.157229069384101, 30.535898920343129 ], [ -91.15722553066675, 30.535901721929296 ], [ -91.157221880640691, 30.535904413316562 ], [ -91.15721812451963, 30.535906992707719 ], [ -91.157214265436224, 30.53590945649875 ], [ -91.157210309649457, 30.535911801089675 ], [ -91.157206260288802, 30.535914024680579 ], [ -91.157202123613274, 30.535916123671573 ], [ -91.157197904836551, 30.535918096265455 ], [ -91.157193608133312, 30.535919938859575 ], [ -91.157189239759489, 30.535921649658082 ], [ -91.157184804926999, 30.535923227765913 ], [ -91.157180307812368, 30.535924668678359 ], [ -91.157175756750718, 30.535925973308458 ], [ -91.157171153831001, 30.535927138952896 ], [ -91.157166507393214, 30.535928163818635 ], [ -91.157161822649499, 30.535929047010612 ], [ -91.157157104813436, 30.535929786731529 ], [ -91.157152359095562, 30.535930382988415 ], [ -91.157147592792157, 30.535930834888884 ], [ -91.157142811113658, 30.535931142439928 ], [ -91.157138020315912, 30.535931303845679 ], [ -91.157133224565712, 30.535931320013773 ], [ -91.157128432201333, 30.535931190053198 ], [ -91.157123648431693, 30.535930914873063 ], [ -91.157118877425276, 30.535930494478823 ], [ -91.157114127517104, 30.535929929783698 ], [ -91.157109402875633, 30.535929220793168 ], [ -91.157104709750257, 30.535928369319649 ], [ -91.157100054393496, 30.535927375371617 ], [ -91.157095442012647, 30.535926240759942 ], [ -91.157090878858725, 30.5359249663951 ], [ -91.157086370137321, 30.535923554990195 ], [ -91.157081921057383, 30.535922007454179 ], [ -91.157077536826122, 30.535920325598141 ], [ -91.157073224735086, 30.535918511235877 ], [ -91.15706898790566, 30.535916567077695 ], [ -91.157064832585647, 30.535914495838199 ], [ -91.157060763982287, 30.535912299328306 ], [ -91.15705678729968, 30.53590998116324 ], [ -91.15705290670293, 30.535907543152657 ], [ -91.157049127396149, 30.535904988911739 ], [ -91.157045453542906, 30.535902321152189 ], [ -91.157041890347273, 30.535899543489172 ], [ -91.156524314412437, 30.535483177991676 ], [ -91.156170479458339, 30.535146206669879 ], [ -91.156165927382773, 30.535138173185878 ], [ -91.156163902667259, 30.535134056201027 ], [ -91.15616204895997, 30.535129879909366 ], [ -91.156160368338746, 30.535125647921813 ], [ -91.156158862874818, 30.53512136745773 ], [ -91.156157535686347, 30.535117043031498 ], [ -91.156156386761978, 30.535112680957475 ], [ -91.156155419220013, 30.535108285750226 ], [ -91.156154632008523, 30.53510386282057 ], [ -91.156154028240962, 30.535099419389166 ], [ -91.156153607909204, 30.535094959966273 ], [ -91.156153372045651, 30.535090489965608 ], [ -91.156153320638936, 30.535086015701559 ], [ -91.15615345367948, 30.535081542586418 ], [ -91.156153770113832, 30.535077076933209 ], [ -91.156154270976003, 30.535072623253505 ], [ -91.1561549552126, 30.535068187860396 ], [ -91.156155820728145, 30.53506377706535 ], [ -91.156156868556693, 30.535059395380159 ], [ -91.156158095560599, 30.535055049114884 ], [ -91.156159501731864, 30.535050742779834 ], [ -91.156161083931295, 30.535046483587266 ], [ -91.15616284111033, 30.53504227514393 ], [ -91.156164770131468, 30.535038123760103 ], [ -91.156166868900783, 30.53503403484525 ], [ -91.156170355873954, 30.535028113909384 ], [ -91.156172278449588, 30.535025237121182 ], [ -91.156174318672612, 30.535022420928225 ], [ -91.156176471326077, 30.535019668931547 ], [ -91.156178736401927, 30.535016985641526 ], [ -91.156181109728593, 30.535014372856679 ], [ -91.156183588173448, 30.535011834181017 ], [ -91.156186169645821, 30.535009373219918 ], [ -91.156188848928892, 30.535006993574672 ], [ -91.156191624977282, 30.535004697047963 ], [ -91.156194493616354, 30.535002487242444 ], [ -91.156197449630696, 30.535000366857265 ], [ -91.156200490933031, 30.534998337693754 ], [ -91.156203614389, 30.534996404257988 ], [ -91.156206813744575, 30.534994567443611 ], [ -91.156210086912324, 30.534992829052012 ], [ -91.156213428675358, 30.534991192684362 ], [ -91.156216835904303, 30.534989660140635 ], [ -91.156220303385439, 30.534988233217923 ], [ -91.15622382694896, 30.53498691281267 ], [ -91.156227402421564, 30.534985701625509 ], [ -91.156231025633389, 30.534984600552942 ], [ -91.156234691370813, 30.534983611391983 ], [ -91.156238395462353, 30.534982735941298 ], [ -91.156242132697457, 30.534981974193787 ], [ -91.156245898906391, 30.534981327046015 ], [ -91.156249688875377, 30.534980796295038 ], [ -91.156253498436101, 30.53498038193538 ], [ -91.156257323418771, 30.53498008486342 ], [ -91.156261156528672, 30.534979905069463 ], [ -91.156264995681767, 30.534979842550655 ], [ -91.156268834623887, 30.534979898200774 ], [ -91.156272669186706, 30.534980072014182 ], [ -91.156276494163137, 30.534980362179805 ], [ -91.156280304339447, 30.534980770494837 ], [ -91.156284096592771, 30.534981295150956 ], [ -91.156287863630013, 30.534981935236306 ], [ -91.156291603367038, 30.534982690748116 ], [ -91.156295308510934, 30.534983560774656 ], [ -91.156298976980779, 30.534984543508976 ], [ -91.15630260252567, 30.534985638040681 ], [ -91.156306179936806, 30.534986843460747 ], [ -91.156309707133261, 30.534988157962268 ], [ -91.156313177865755, 30.534989579732777 ], [ -91.156316587970835, 30.534991106060634 ], [ -91.156319934322255, 30.534992736941501 ], [ -91.156323210672284, 30.534994469661012 ], [ -91.156326414943294, 30.534996300608089 ], [ -91.156329541924805, 30.534998229775791 ], [ -91.156332587456646, 30.535000252648292 ], [ -91.156335549456131, 30.535002368320704 ], [ -91.156338422719358, 30.535004573177961 ], [ -91.156791305504541, 30.535364770619726 ], [ -91.156695874776148, 30.535450417056651 ], [ -91.157247728289647, 30.535880023653228 ] ], [ [ -91.154332381004579, 30.535885354254056 ], [ -91.154065881038193, 30.536234712321786 ], [ -91.153466583378133, 30.536644713339609 ], [ -91.153084376193618, 30.53647864109794 ], [ -91.152377007429408, 30.535941165161734 ], [ -91.150615875355655, 30.534503960854476 ], [ -91.150048299083565, 30.533999227398002 ], [ -91.149904204030037, 30.533849932397878 ], [ -91.149680322335527, 30.533532249821164 ], [ -91.149830435720276, 30.533279855244661 ], [ -91.150446883017324, 30.532704002207808 ], [ -91.154332381004579, 30.535885354254056 ] ], [ [ -91.153532072394697, 30.526182916169954 ], [ -91.153536243492638, 30.526184640256453 ], [ -91.15353827364693, 30.526185595587446 ], [ -91.153540265136499, 30.526186612205809 ], [ -91.153542213796584, 30.526187688301835 ], [ -91.153544117544854, 30.526188822970553 ], [ -91.153545974302261, 30.526190013503019 ], [ -91.153547783025175, 30.526191260799909 ], [ -91.153549539552131, 30.526192561247214 ], [ -91.153551241800884, 30.526193913940237 ], [ -91.153552889774602, 30.526195317074681 ], [ -91.15355447930699, 30.526196769742977 ], [ -91.153556009360969, 30.526198269237515 ], [ -91.153557478897795, 30.526199813752733 ], [ -91.153558884793213, 30.526201402382277 ], [ -91.153560224969667, 30.526203031515216 ], [ -91.153561499427241, 30.52620470115146 ], [ -91.153562705044834, 30.526206408580659 ], [ -91.153563841828941, 30.526208150194545 ], [ -91.153564907695625, 30.526209925990354 ], [ -91.153565900567486, 30.526211732356959 ], [ -91.153566820446031, 30.526213568392361 ], [ -91.153567665253931, 30.526215430485461 ], [ -91.153568434992806, 30.526217317734201 ], [ -91.153569127585129, 30.526219226527608 ], [ -91.153569743034225, 30.526221155061489 ], [ -91.153570280301409, 30.526223101530363 ], [ -91.153570739393118, 30.526225062325977 ], [ -91.153571118228683, 30.526227035641419 ], [ -91.153571417853357, 30.526229019673945 ], [ -91.153571637230058, 30.526231011716067 ], [ -91.153571775321694, 30.526233009060096 ], [ -91.153571833173515, 30.526235009903395 ], [ -91.15357181079203, 30.526237010637736 ], [ -91.153571707138582, 30.526239009457566 ], [ -91.15357152325997, 30.526241003658164 ], [ -91.15357125915952, 30.526242991435389 ], [ -91.153570914842106, 30.526244970083127 ], [ -91.15357049031266, 30.526246936895159 ], [ -91.153569987658358, 30.526248890070168 ], [ -91.153569405842205, 30.526250826900657 ], [ -91.153568746952999, 30.526252744683283 ], [ -91.153568010995656, 30.526254640711823 ], [ -91.153567199013892, 30.526256514085649 ], [ -91.15356631101244, 30.526258362098588 ], [ -91.153565350123955, 30.526260181146689 ], [ -91.153564316348337, 30.526261971229928 ], [ -91.153563209693843, 30.526263727838042 ], [ -91.153562034328331, 30.526265450976659 ], [ -91.153560789216442, 30.52626713703614 ], [ -91.153559477487363, 30.526268784216668 ], [ -91.153558100186373, 30.526270390715524 ], [ -91.153456242520022, 30.526441447608654 ], [ -91.153073338022125, 30.526790853920378 ], [ -91.152707565714408, 30.527068620291487 ], [ -91.152694410791511, 30.527076437613719 ], [ -91.152687602044551, 30.527080038356914 ], [ -91.152680649882242, 30.527083429626675 ], [ -91.152673563694165, 30.527086605121315 ], [ -91.152666352864927, 30.527089561245393 ], [ -91.152659024695069, 30.527092294400678 ], [ -91.152651590651629, 30.527094801896471 ], [ -91.15264405699314, 30.527097080133281 ], [ -91.152636436228633, 30.52709912642182 ], [ -91.152628736699072, 30.527100938067452 ], [ -91.152620966745445, 30.527102512375215 ], [ -91.15261313887504, 30.527103847558159 ], [ -91.152605260385258, 30.527104941822031 ], [ -91.152597341696122, 30.5271057951812 ], [ -91.152589394276262, 30.527106404042936 ], [ -91.15233972087718, 30.527127665358933 ], [ -91.15222136411677, 30.527128152046327 ], [ -91.152209258367336, 30.527123456507915 ], [ -91.152203359175147, 30.527120830663719 ], [ -91.152197570763036, 30.527118025461363 ], [ -91.152191902507454, 30.527115041815765 ], [ -91.152186360648784, 30.527111886049887 ], [ -91.152180952477792, 30.527108559977755 ], [ -91.152175685278621, 30.527105069021783 ], [ -91.152170565295023, 30.527101417700806 ], [ -91.15216559877075, 30.527097610533609 ], [ -91.152160792991594, 30.527093652040545 ], [ -91.152156153156028, 30.527089548543167 ], [ -91.152151685511072, 30.527085302756163 ], [ -91.152147396293955, 30.52708092280664 ], [ -91.152143289666029, 30.527076412308521 ], [ -91.152139372909772, 30.527071777586197 ], [ -91.152135649139623, 30.527067024958349 ], [ -91.152132123553997, 30.527062160746588 ], [ -91.152128800311019, 30.527057190368826 ], [ -91.1521256856512, 30.527052120148113 ], [ -91.152122780603207, 30.527046957302389 ], [ -91.15212009140923, 30.527041707252433 ], [ -91.152117620138313, 30.527036378119703 ], [ -91.152115369904919, 30.527030976222822 ], [ -91.152113344865555, 30.527025507881927 ], [ -91.1521115460489, 30.527019980314957 ], [ -91.152109975525818, 30.527014400741134 ], [ -91.15210863745267, 30.527008775480557 ], [ -91.152120817059725, 30.527006684046324 ], [ -91.152123116291321, 30.526921376876917 ], [ -91.152123423878706, 30.526901874806903 ], [ -91.152124177307343, 30.526892143536045 ], [ -91.152125328727848, 30.52688244077375 ], [ -91.152126878115254, 30.526872780050851 ], [ -91.152128822322183, 30.526863173089886 ], [ -91.152131160284952, 30.526853631616056 ], [ -91.152133887812511, 30.52684416825246 ], [ -91.152137000715328, 30.526834794719999 ], [ -91.152140496886204, 30.526825523644625 ], [ -91.152144371096966, 30.52681636494189 ], [ -91.152148619156407, 30.526807331234661 ], [ -91.152153234792749, 30.526798433339124 ], [ -91.152158211730907, 30.526789683875421 ], [ -91.152163544744283, 30.526781091857 ], [ -91.152169227557749, 30.526772669903917 ], [ -91.152175250775258, 30.526764427926043 ], [ -91.152872838663427, 30.526116673944703 ], [ -91.153285286594979, 30.526121048621498 ], [ -91.153532072394697, 30.526182916169954 ] ] ] } },
{ "type": "Feature", "properties": { "ID": 20, "FAA_ID": "LA15", "NAME": "Clark Field", "TYPE": "Airstrip - Private Use", "OWNER": null, "OWNERSHIP": "Private" }, "geometry": { "type": "Polygon", "coordinates": [ [ [ -91.033839928106246, 30.62117174858415 ], [ -91.033617593392691, 30.621119932839118 ], [ -91.032581937859987, 30.625139187271134 ], [ -91.030167152986564, 30.620332628584269 ], [ -91.030008992250899, 30.620392395161332 ], [ -91.032529125533657, 30.625434113504003 ], [ -91.032736868831023, 30.625408928504804 ], [ -91.033839928106246, 30.62117174858415 ] ] ] } },
{ "type": "Feature", "properties": { "ID": 21, "FAA_ID": "63LA", "NAME": "Celtic", "TYPE": "Heliport", "OWNER": "Lauren Dupleehin", "OWNERSHIP": "Private" }, "geometry": { "type": "Polygon", "coordinates": [ [ [ -91.075830852629849, 30.418639522361595 ], [ -91.075935002225421, 30.418583479071238 ], [ -91.075871110654333, 30.418493603226715 ], [ -91.075765914591287, 30.418547815897 ], [ -91.075830852629849, 30.418639522361595 ] ] ] } },
{ "type": "Feature", "properties": { "ID": 22, "FAA_ID": "23LS", "NAME": "OLOL Children's", "TYPE": "Heliport", "OWNER": "OLOL Children's Hospital", "OWNERSHIP": "Private" }, "geometry": { "type": "Polygon", "coordinates": [ [ [ -91.097194222929417, 30.401166894407055 ], [ -91.097087536781203, 30.401049890986922 ], [ -91.096952959667703, 30.401147146713889 ], [ -91.097063599212618, 30.401262444232938 ], [ -91.097194222929417, 30.401166894407055 ] ] ] } },
{ "type": "Feature", "properties": { "ID": 23, "FAA_ID": "85LA", "NAME": "Spencer Calahan Office Bldg", "TYPE": "Heliport", "OWNER": "Spencer Calahan", "OWNERSHIP": "Private" }, "geometry": { "type": "Polygon", "coordinates": [ [ [ -91.187271517860452, 30.44001538883894 ], [ -91.187266402205708, 30.439899159972985 ], [ -91.187129088673998, 30.43990369725341 ], [ -91.187134203127172, 30.440019926123341 ], [ -91.187271517860452, 30.44001538883894 ] ] ] } }
]
}
