{"type": "FeatureCollection", "features": [{"type": "Feature", "geometry": {"type": "Polygon", "coordinates": [[[-90.85006224240388, 30.430106348798102], [-90.88267790402493, 30.436322764695674], [-90.87340818966949, 30.460296661109652], [-90.87119089601066, 30.46755918974564], [-90.86355821664155, 30.469502032675674], [-90.86114870545863, 30.473156764291208], [-90.85917459962366, 30.481873050955834], [-90.85866533792802, 30.483189671735314], [-90.85799405509934, 30.484207740010223], [-90.85834490384144, 30.490354345496822], [-90.85599886676931, 30.492030793382188], [-90.85495764428578, 30.49277482830823], [-90.8550478203763, 30.494354543423825], [-90.85512175437668, 30.49564970860263], [-90.85494092831547, 30.49698052155428], [-90.85526319100669, 30.498127327090263], [-90.85567700037791, 30.501749921194797], [-90.85749194863429, 30.502095599194874], [-90.86046921338142, 30.501934803252926], [-90.86189972529263, 30.50146643478379], [-90.86408125572805, 30.502224451198146], [-90.86423048257937, 30.50483835649408], [-90.86410986683069, 30.51046980904447], [-90.85482219614939, 30.513510393186017], [-90.84537016825944, 30.525184001620683], [-90.82096428643969, 30.525400310813893], [-90.76611982907376, 30.51360015118349], [-90.76698556389836, 30.473173758783012], [-90.79015242184717, 30.44248945542109], [-90.85006224240388, 30.430106348798102]]]}, "properties": {"title": "Loblolly Entergy Power Station", "OBJECTID": 1}}, {"type": "Feature", "geometry": {"type": "Polygon", "coordinates": [[[-91.041024787572, 30.430013839616045], [-91.0417958005629, 30.43395378587618], [-91.03437291641819, 30.436575609192918], [-91.02760659430565, 30.436427604843725], [-91.02594720012208, 30.436106926571746], [-91.02560387736817, 30.436106926571746], [-91.01153760801688, 30.431227932610877], [-91.00528165459161, 30.421389280361403], [-91.00782120134339, 30.417051452468034], [-91.0084009369725, 30.41119574631607], [-91.01391119658273, 30.409424163978233], [-91.01805569447028, 30.4106299795119], [-91.01809671125689, 30.40996014521882], [-91.02426385884328, 30.412099764258024], [-91.0238007533642, 30.41966218453477], [-91.02525763159261, 30.42352953165722], [-91.03624688273922, 30.42436444754373], [-91.03893535447429, 30.4275431784456], [-91.041024787572, 30.430013839616045]]]}, "properties": {"title": "Jones Creek Entergy Power Station", "OBJECTID": 11}}, {"type": "Feature", "geometry": {"type": "Polygon", "coordinates": [[[-91.19112839152582, 30.453822804871333], [-91.19215614590858, 30.454184646417733], [-91.1937319219731, 30.47652254703823], [-91.19040946956322, 30.478335213259594], [-91.18244489032209, 30.47553178341105], [-91.18169611647102, 30.47304048877632], [-91.18456312855301, 30.4727040317246], [-91.18597781887539, 30.471426660544086], [-91.18506302112709, 30.470000457576646], [-91.1856070199304, 30.469509251218764], [-91.18560661636056, 30.467238609941695], [-91.18437637561925, 30.463145012952573], [-91.18389000259099, 30.460629583532864], [-91.18672241531081, 30.455549207537832], [-91.19112839152582, 30.453822804871333]]]}, "properties": {"title": "Capitol Entergy Power Station", "OBJECTID": 13}}, {"type": "Feature", "geometry": {"type": "Polygon", "coordinates": [[[-91.18873943321606, 30.48159874785463], [-91.18859638294181, 30.48122890609785], [-91.18808139881092, 30.4811426091095], [-91.18793788988394, 30.481052153695444], [-91.18800129048958, 30.48093549649491], [-91.18926543061703, 30.47802881926908], [-91.18955661810655, 30.478145694658032], [-91.19033523162796, 30.478342492616544], [-91.193882122404, 30.476568778440814], [-91.19496555924147, 30.476483891928954], [-91.19505514224977, 30.4858641549285], [-91.19287559150655, 30.486953995218943], [-91.19268228146315, 30.488026645784725], [-91.19243336347853, 30.48970392104572], [-91.19243336347853, 30.48970392104572], [-91.19235330823592, 30.489800788708564], [-91.19143953526068, 30.489434066493683], [-91.18856071376528, 30.488278335820464], [-91.18652196047944, 30.488252062060354], [-91.18450776467076, 30.4889970743895], [-91.17837369581495, 30.48912572869122], [-91.17647811296885, 30.48793101109474], [-91.17647230222971, 30.487322607232603], [-91.1693486007212, 30.487616820922945], [-91.1686175836581, 30.47644239431203], [-91.17580198886667, 30.476145639448823], [-91.17577133735743, 30.472935892260764], [-91.18163913880188, 30.473011523495035], [-91.18241430267686, 30.475603174467476], [-91.18831376709717, 30.477691886003775], [-91.18925445590429, 30.478024933715627], [-91.18793566377425, 30.481057272176926], [-91.18797411045014, 30.48164497741099], [-91.18848130503709, 30.48184861044721], [-91.18873943321606, 30.48159874785463]]]}, "properties": {"title": "Exxon Co Entergy Power Station", "OBJECTID": 14}}, {"type": "Feature", "geometry": {"type": "Polygon", "coordinates": [[[-91.18874282207871, 30.481580155667668], [-91.1887060032807, 30.48161542707469], [-91.18869706943099, 30.481623985457787], [-91.18868221354826, 30.481649600651487], [-91.18848194172361, 30.481841455320794], [-91.18799109755584, 30.481635731530083], [-91.187959804899, 30.481359121083045], [-91.18794147668905, 30.481057853440138], [-91.18807335218385, 30.48114646161529], [-91.18859817097187, 30.48122967620357], [-91.18874282207871, 30.481580155667668]]]}, "properties": {"title": "PDC 12", "OBJECTID": 15}}, {"type": "Feature", "geometry": {"type": "Polygon", "coordinates": [[[-91.18556369839912, 30.493567377606006], [-91.17679436793543, 30.492991623139904], [-91.176686807739, 30.490695414101896], [-91.17702712030163, 30.490359348699535], [-91.17827524199984, 30.48912664796778], [-91.18446935712089, 30.48902186790557], [-91.18635047949188, 30.488328465782327], [-91.18556369839912, 30.493567377606006]]]}, "properties": {"title": "Enco Entergy Power Station", "OBJECTID": 16}}, {"type": "Feature", "geometry": {"type": "Polygon", "coordinates": [[[-91.1857313364632, 30.49252424024454], [-91.18574807614085, 30.49238986441257], [-91.18625925492832, 30.488286346278237], [-91.18843857921031, 30.488246798632495], [-91.19235818108739, 30.489726049995824], [-91.19208638412549, 30.49190790554363], [-91.18917694515899, 30.49196070040562], [-91.18891656823193, 30.4924524010717], [-91.18809883317176, 30.492394810320693], [-91.18780557853778, 30.492290033495525], [-91.18736927231978, 30.492394810320693], [-91.18724052628707, 30.492629016817475], [-91.18575279413533, 30.492524240244514], [-91.1857313364632, 30.49252424024454]]]}, "properties": {"title": "Louisiana Station Entergy Power Station", "OBJECTID": 18}}, {"type": "Feature", "geometry": {"type": "Polygon", "coordinates": [[[-91.18828837583307, 30.492410218560313], [-91.18827049454877, 30.49257662840442], [-91.18814890096426, 30.492625935064307], [-91.18813101967997, 30.49306044809532], [-91.18727986524331, 30.493008060055256], [-91.18722622106303, 30.49310050943576], [-91.1867842513292, 30.493073306481023], [-91.18672626478033, 30.493173239347694], [-91.18563835365342, 30.493075856370233], [-91.18570436180515, 30.492522800529798], [-91.18724555492719, 30.492617660485465], [-91.18738518980689, 30.49237701495886], [-91.18782345982203, 30.492290033495856], [-91.18809938661157, 30.49239330130543], [-91.18828837583307, 30.492410218560313]]]}, "properties": {"title": "Exxon Pipeline Entergy Power Station", "OBJECTID": 19}}, {"type": "Feature", "geometry": {"type": "Polygon", "coordinates": [[[-91.19288568241213, 30.49680611639222], [-91.18806485896104, 30.496454821941878], [-91.18528966582711, 30.49606038405104], [-91.1857634845052, 30.493560142246533], [-91.18556146344385, 30.493422540429478], [-91.1856293508576, 30.493064307014], [-91.18671481332039, 30.493185254671197], [-91.18680742096548, 30.493073289635202], [-91.18719439206552, 30.493101489330154], [-91.18729138838124, 30.492995751940576], [-91.18811345709027, 30.493055658485304], [-91.18815705362162, 30.492607008667814], [-91.18828479960942, 30.49257816942324], [-91.18831513296833, 30.492418102845402], [-91.18894849121129, 30.49246425778529], [-91.18918423397248, 30.491937181709883], [-91.19204883320052, 30.49195875385346], [-91.19258381437533, 30.493494127027013], [-91.19376422556812, 30.49374572667854], [-91.19342871267106, 30.495918887257154], [-91.19288568241213, 30.49680611639222]]]}, "properties": {"title": "Mohican Entergy Power Station", "OBJECTID": 20}}, {"type": "Feature", "geometry": {"type": "Polygon", "coordinates": [[[-91.19481687290398, 30.50238043961704], [-91.18938092908203, 30.503329490591724], [-91.18819360499464, 30.502700899174183], [-91.18719224652583, 30.503082985013826], [-91.18717794097454, 30.50335414134084], [-91.1871350256303, 30.503378792083694], [-91.18538980206777, 30.50374854965585], [-91.18533258117225, 30.503736224049952], [-91.1853182769306, 30.503736224049952], [-91.18425969756625, 30.5034527437106], [-91.18422393565254, 30.501468355378123], [-91.18532542905145, 30.496020323506148], [-91.18795742860135, 30.49641935695869], [-91.19284991984465, 30.496821524497115], [-91.1936653113852, 30.49977974513898], [-91.19468173620777, 30.499741109161782], [-91.19481687290398, 30.50238043961704]]]}, "properties": {"title": "Formosa Co Entergy Power Station", "OBJECTID": 21}}, {"type": "Feature", "geometry": {"type": "Polygon", "coordinates": [[[-91.19556789208364, 30.514933051142226], [-91.18887309838229, 30.514933051142226], [-91.18340854280291, 30.51209853359462], [-91.18152026765637, 30.50938717787301], [-91.18338708644048, 30.508961981763413], [-91.18348722137057, 30.507347449735168], [-91.1811268774374, 30.50758162051356], [-91.17902402556969, 30.506114964263052], [-91.17929582318645, 30.50493176387493], [-91.18419532455053, 30.501409808773566], [-91.18426685099737, 30.50346815047994], [-91.18543986953348, 30.50375163077438], [-91.18723414782441, 30.503342933205552], [-91.18725558493618, 30.502997272829077], [-91.18825201043423, 30.502559930448857], [-91.18938737419818, 30.50314891913032], [-91.19512927904044, 30.50231173198516], [-91.19556789208364, 30.514933051142226]]]}, "properties": {"title": "Kaiser Entergy Power Station", "OBJECTID": 22}}, {"type": "Feature", "geometry": {"type": "Polygon", "coordinates": [[[-91.18207816614522, 30.415762148723122], [-91.17247008584066, 30.414551154356996], [-91.1724605468032, 30.41392927352987], [-91.1717281933017, 30.41152731690604], [-91.17241975560573, 30.411269890141426], [-91.17228363016493, 30.410386180799918], [-91.17129395898303, 30.407140147557666], [-91.17558085850838, 30.403379958769044], [-91.18374555463363, 30.404509663232325], [-91.18415424393973, 30.40359504192766], [-91.18233186804781, 30.40053279623727], [-91.17956735062407, 30.39669537883091], [-91.18487278609797, 30.39543481870783], [-91.191351240108, 30.39526007684022], [-91.19318416184292, 30.39594502395585], [-91.1940094237869, 30.39635944793016], [-91.20097200740727, 30.399850844980744], [-91.19912264383659, 30.40640187558178], [-91.19701270332075, 30.411123563710042], [-91.18699912387163, 30.409495074800596], [-91.18705634607689, 30.415416728382652], [-91.18253592807088, 30.415712801744256], [-91.18242148889912, 30.415762148723122], [-91.18236426669395, 30.415762148723122], [-91.1822498275222, 30.415762148723122], [-91.18207816614522, 30.415762148723122]]]}, "properties": {"title": "LSU Entergy Power Station", "OBJECTID": 29}}, {"type": "Feature", "geometry": {"type": "Polygon", "coordinates": [[[-91.18032579308117, 30.456087547031984], [-91.18484621108712, 30.458504441961765], [-91.18498891566126, 30.458646113707427], [-91.18489627887969, 30.458825047967622], [-91.18382900907946, 30.460707712289047], [-91.18435037764704, 30.46319033878521], [-91.18561561130828, 30.46720181679218], [-91.18563435872933, 30.469441881353244], [-91.18503575505805, 30.470017795517414], [-91.18594055432965, 30.471457253955816], [-91.18450110128518, 30.472716377812965], [-91.18167405298352, 30.473001489383623], [-91.17559080228318, 30.472949090828596], [-91.17545490216513, 30.456710273165584], [-91.17101157999338, 30.455659884762984], [-91.1662687164217, 30.45574346727506], [-91.16614112675425, 30.454590929747425], [-91.16481202483371, 30.45470026540113], [-91.16484570527827, 30.456135356493004], [-91.1627613617901, 30.456172088280436], [-91.16267977222779, 30.456171385381133], [-91.16269754989986, 30.456928865949884], [-91.16137862492536, 30.456917503414235], [-91.1553316337846, 30.456197251491943], [-91.15485444776593, 30.45434502527258], [-91.15437726174727, 30.452492763846077], [-91.15422267789366, 30.45094192908289], [-91.15481725579359, 30.450566275320735], [-91.15484744839836, 30.449735038256105], [-91.15553705332441, 30.449440109784135], [-91.15714127869455, 30.447896357374443], [-91.15816177132267, 30.44761858391479], [-91.15839548220325, 30.44690917579392], [-91.15949844788553, 30.44681843549684], [-91.15964705194996, 30.445096519754376], [-91.16131247596584, 30.44404423966047], [-91.16576944862014, 30.4440826415364], [-91.16582463618512, 30.44643437530666], [-91.16819372897724, 30.446994476359702], [-91.17579722437816, 30.446860469455384], [-91.17591932125329, 30.443498830903756], [-91.1770022012773, 30.44245671034672], [-91.17698807116653, 30.440767889387914], [-91.17750053641116, 30.44044408061654], [-91.18121986449862, 30.443108024957343], [-91.18173484862974, 30.44419331625146], [-91.18032579308117, 30.456087547031984]]]}, "properties": {"title": "Downtown Entergy Power Station", "OBJECTID": 35}}, {"type": "Feature", "geometry": {"type": "Polygon", "coordinates": [[[-91.17956202744699, 30.441845357628598], [-91.17756831687866, 30.440430553754197], [-91.17710076880283, 30.44075786983062], [-91.1769363591989, 30.442395813335484], [-91.17591677892105, 30.44339575178232], [-91.17607323722096, 30.446693040659262], [-91.17071990416368, 30.446881835050174], [-91.16819066351036, 30.44697103289431], [-91.1658488036472, 30.44645307305679], [-91.1655602481001, 30.444040945183357], [-91.16121576052494, 30.44405126581931], [-91.15972090599188, 30.445097724932623], [-91.15431193645848, 30.439494428566054], [-91.1543507246947, 30.432570840100748], [-91.15525607370431, 30.43211879813635], [-91.1552192825503, 30.43134333510681], [-91.15410451169436, 30.431421907906977], [-91.15394234805996, 30.430665159888797], [-91.15624312694924, 30.430502991924897], [-91.15650377361762, 30.427905949692715], [-91.1581633314604, 30.427847411212795], [-91.15772306644278, 30.427030110520995], [-91.1603018513084, 30.427023983366848], [-91.16129232839681, 30.426052424500874], [-91.16639975601784, 30.425692415484566], [-91.17212777270842, 30.427901678601174], [-91.176196392596, 30.43188705086083], [-91.17824143254673, 30.435683182173566], [-91.17902316828435, 30.439330965266908], [-91.17956202744699, 30.441845357628598]]]}, "properties": {"title": "Julia Entergy Power Station", "OBJECTID": 36}}, {"type": "Feature", "geometry": {"type": "Polygon", "coordinates": [[[-91.17564086450933, 30.403432713226742], [-91.17125365731181, 30.4072106644894], [-91.17136911836003, 30.40747178341631], [-91.16666358130209, 30.40853417341025], [-91.1617738054571, 30.40963814375579], [-91.15968668134964, 30.407597371745144], [-91.16059269267382, 30.40647287957826], [-91.1558477659073, 30.403600435923114], [-91.1537846787721, 30.40220105032792], [-91.14573543792908, 30.398405355582778], [-91.13148888786246, 30.394734824837222], [-91.11952930867989, 30.393681284999296], [-91.11696370049988, 30.390983867873388], [-91.1171912888404, 30.388291973084094], [-91.11539820153881, 30.386406669184435], [-91.11733120485256, 30.38366830934194], [-91.118183645821, 30.379797877431102], [-91.11181397918112, 30.37679352492659], [-91.10751990634229, 30.368584203407405], [-91.10661081388224, 30.361668146698122], [-91.10859734003786, 30.358853251239914], [-91.10969427679876, 30.35870984246502], [-91.1185062344672, 30.360981039094874], [-91.12394217894379, 30.36006763332928], [-91.13006476368956, 30.36295594156469], [-91.1320915714545, 30.367541608432518], [-91.12789039323309, 30.36976905936062], [-91.14185218173283, 30.377667733614228], [-91.14422846703883, 30.375871284609545], [-91.14865867984172, 30.37626162211374], [-91.15306738820131, 30.372928606547113], [-91.15397545936521, 30.382482923416404], [-91.16455132809914, 30.3884653443122], [-91.16560059742841, 30.390838730962173], [-91.17094259474112, 30.392558153639754], [-91.17167509010766, 30.39395822873223], [-91.17482547034973, 30.394499649240135], [-91.1768210428951, 30.39659767589069], [-91.17735749373632, 30.395931788732838], [-91.17914423747794, 30.39598694904319], [-91.18196094948132, 30.400064493506612], [-91.18413300240215, 30.403484749969095], [-91.18355847329163, 30.40453606086443], [-91.17564086450933, 30.403432713226742]]]}, "properties": {"title": "Highland [LA] Entergy Power Station", "OBJECTID": 33}}, {"type": "Feature", "geometry": {"type": "Polygon", "coordinates": [[[-91.16264466601655, 30.345958106184135], [-91.16321836696457, 30.346371411510212], [-91.16012696232882, 30.361067439030272], [-91.15308640130007, 30.360627465601915], [-91.15340356276371, 30.37286689463495], [-91.1485827386578, 30.376297852174165], [-91.1442496251855, 30.375816279403143], [-91.14160205833166, 30.377700498170874], [-91.12796906787212, 30.36955924367151], [-91.12831239062598, 30.36955924367151], [-91.13212907549999, 30.367492358326583], [-91.13030306203338, 30.363035895419916], [-91.1235509360403, 30.359869332359096], [-91.1219873284819, 30.360253329276087], [-91.11896625880557, 30.360995251223653], [-91.1098365542359, 30.358843790741414], [-91.1076972402332, 30.35860598990818], [-91.1022424007148, 30.353955789282058], [-91.09797959613242, 30.355002725398194], [-91.09080606119873, 30.352052278174995], [-91.0926354379417, 30.349883794459853], [-91.08606938503476, 30.34732841149173], [-91.08692769453887, 30.34448901806971], [-91.09556798297264, 30.343723603979125], [-91.10290212354215, 30.330341725973817], [-91.09980230043, 30.32036320416406], [-91.11055973973414, 30.31453458591139], [-91.1153662582888, 30.30277749233349], [-91.12998983647145, 30.301481483490978], [-91.14300373997824, 30.315275531579758], [-91.14014984473349, 30.334593845220514], [-91.14702064658172, 30.3418743118428], [-91.16264466601655, 30.345958106184135]]]}, "properties": {"title": "Gardere Entergy Power Station", "OBJECTID": 31}}, {"type": "Feature", "geometry": {"type": "Polygon", "coordinates": [[[-91.10598451992104, 30.371967130116833], [-91.10397806322153, 30.37527287229193], [-91.10166464092126, 30.375484054289394], [-91.10291172625062, 30.376490234898068], [-91.10341620931912, 30.37803176863345], [-91.10186341069773, 30.380573333607025], [-91.10113687976876, 30.379761376765824], [-91.10107460556118, 30.379329169484034], [-91.09876136239528, 30.378273644872507], [-91.09710435086376, 30.381003489802893], [-91.09910685738016, 30.38210910082876], [-91.09983153646775, 30.383545971851476], [-91.09623371470174, 30.384845110860894], [-91.09473510355016, 30.38598221593186], [-91.09389222820374, 30.38886823081427], [-91.09047443220291, 30.391754160449143], [-91.08591303070436, 30.394003485153714], [-91.07849485972626, 30.389286496955606], [-91.06679016611828, 30.382360145989125], [-91.06792772583849, 30.38029078543479], [-91.06807714596496, 30.378553005883134], [-91.06906358214414, 30.3751750720344], [-91.06796453158583, 30.374141141251062], [-91.06835035270441, 30.37239253353839], [-91.06944707802712, 30.372373221780293], [-91.0711881791767, 30.370708540563328], [-91.0731676987642, 30.367247215736487], [-91.071286129949, 30.366388557348685], [-91.07433718239263, 30.36083731336529], [-91.07394965814326, 30.359652961090514], [-91.07489916276134, 30.3585869311785], [-91.07934257601995, 30.360699158438578], [-91.08074279511914, 30.36004032460329], [-91.08669273349918, 30.36181816664214], [-91.08749874183742, 30.36341662516071], [-91.09392430266811, 30.36536797652646], [-91.09609948894895, 30.364396593683683], [-91.09723508798771, 30.362096880579347], [-91.09487476609898, 30.36122037626291], [-91.0940055308818, 30.35518622803963], [-91.08979441408596, 30.353184313873154], [-91.09080355910261, 30.352051249056988], [-91.09797959613243, 30.35500272539822], [-91.10223751717682, 30.353956988675463], [-91.10769724023321, 30.35860598990818], [-91.10865403213685, 30.358772917692235], [-91.10661081388224, 30.361668146698122], [-91.10751990634229, 30.368584203407405], [-91.10843839905627, 30.370340217136484], [-91.10598451992104, 30.371967130116833]]]}, "properties": {"title": "Ward Creek Entergy Power Station", "OBJECTID": 39}}, {"type": "Feature", "geometry": {"type": "Polygon", "coordinates": [[[-91.14615732788668, 30.4210390176417], [-91.14410447563442, 30.423740682877806], [-91.14134072948826, 30.423468758883338], [-91.13902676075986, 30.427099352343014], [-91.13900754257477, 30.423230288955978], [-91.13821026479084, 30.42200396763483], [-91.13375088112424, 30.421172371991844], [-91.13385319574948, 30.418804823068744], [-91.1368965344933, 30.418902625178124], [-91.13800313057652, 30.418362974733704], [-91.13882298993575, 30.416570873312725], [-91.1368822044143, 30.415270815357854], [-91.11518644687088, 30.39963254350999], [-91.11621347034189, 30.398038894599267], [-91.11952930867989, 30.393681284999296], [-91.13148888786246, 30.394734824837222], [-91.1459605743668, 30.398401560838586], [-91.153537514664, 30.40208449997835], [-91.16055727693161, 30.406451440208645], [-91.15968668134965, 30.407597371745144], [-91.16177380545713, 30.40963814375579], [-91.1668657804104, 30.408488522257528], [-91.16879138211856, 30.415975541643046], [-91.1710711274876, 30.417288314121688], [-91.16857739810953, 30.4213438638294], [-91.16639975601784, 30.425692415484566], [-91.16129232839683, 30.426052424500874], [-91.1603018513084, 30.427023983366873], [-91.15772306644278, 30.427030110520995], [-91.15817581519912, 30.42787058571888], [-91.15645776536766, 30.42793899806221], [-91.15383534074087, 30.42785473044996], [-91.15281144459549, 30.426120592797652], [-91.15311020937769, 30.425235891827104], [-91.14730957864357, 30.420674976823413], [-91.14615732788668, 30.4210390176417]]]}, "properties": {"title": "Concord Entergy Power Station", "OBJECTID": 42}}, {"type": "Feature", "geometry": {"type": "Polygon", "coordinates": [[[-91.14345793239265, 30.480284647772645], [-91.14371733817327, 30.483937397435046], [-91.14168505589501, 30.48424375428706], [-91.13962464225253, 30.481684804850538], [-91.1387451220286, 30.482541934269094], [-91.13843731645564, 30.484151115759456], [-91.1326696341244, 30.48404632861074], [-91.13260035291987, 30.483070779290134], [-91.12556938858559, 30.480716129967814], [-91.12193265491199, 30.483851259065286], [-91.11661291168487, 30.482069712199678], [-91.1127941305193, 30.48227310842925], [-91.1099151568396, 30.480594358723714], [-91.11685846112925, 30.476648200307558], [-91.1173139835792, 30.475452045212545], [-91.11754062244695, 30.47075438791138], [-91.12331161585428, 30.47002065125042], [-91.12302975770626, 30.4683569689426], [-91.12627880502504, 30.463911058411124], [-91.12790261526796, 30.46232827838994], [-91.13223037345333, 30.46274422013354], [-91.13181410693466, 30.46594871809711], [-91.13205122191886, 30.4692880831829], [-91.14354880966901, 30.469033064062764], [-91.14438043359854, 30.470562656381624], [-91.14497776235993, 30.4789744080071], [-91.14345793239265, 30.480284647772645]]]}, "properties": {"title": "Belfair Entergy Power Station", "OBJECTID": 38}}, {"type": "Feature", "geometry": {"type": "Polygon", "coordinates": [[[-91.11202854043732, 30.48182669031912], [-91.11001878431045, 30.48542382618104], [-91.09908967839071, 30.48675519254702], [-91.10069947402667, 30.49951820015853], [-91.10481171817733, 30.509890939433497], [-91.10334834674389, 30.514989833326005], [-91.06924165784005, 30.501244575202342], [-91.07121073762683, 30.493760881447443], [-91.07837586678133, 30.490820062063765], [-91.08970552486352, 30.483426742483438], [-91.08964830265825, 30.48322949704946], [-91.08959108045305, 30.483130874746884], [-91.08862648907922, 30.474378350923367], [-91.08863931014052, 30.469983547799142], [-91.08827501164248, 30.460864246650814], [-91.09461387944245, 30.458703029974387], [-91.09694784380814, 30.459832612447975], [-91.09652459522975, 30.462112166123113], [-91.1010302550534, 30.46484892489774], [-91.10963379089468, 30.471355259302737], [-91.11390693985463, 30.46989850502747], [-91.1095203872491, 30.462807831460342], [-91.11316359252406, 30.461136575023374], [-91.11769066765189, 30.461944264485478], [-91.12659150414362, 30.463386417293982], [-91.12305120428877, 30.468327622670945], [-91.12331161585428, 30.47002065125042], [-91.11754391367099, 30.470686167392977], [-91.11732163728634, 30.475293406689183], [-91.11685846112924, 30.476648200307558], [-91.11004008021555, 30.48052336116989], [-91.11202854043732, 30.48182669031912]]]}, "properties": {"title": "Greenwell Springs Entergy Power Station", "OBJECTID": 46}}, {"type": "Feature", "geometry": {"type": "Polygon", "coordinates": [[[-91.17527250933617, 30.550530020912063], [-91.17530645822202, 30.55095027033684], [-91.16949324210552, 30.55065321360755], [-91.16582364326585, 30.553199068198992], [-91.16516782335582, 30.5544540271865], [-91.16376813573268, 30.555166945316426], [-91.1567601127863, 30.552343984593534], [-91.15664937998393, 30.550152688320146], [-91.1562180964939, 30.54481369957609], [-91.16989378706464, 30.54481369957609], [-91.17404226859468, 30.54481385129264], [-91.17639106050517, 30.544813953418014], [-91.17527250933617, 30.550530020912063]]]}, "properties": {"title": "Main Line Entergy Power Station", "OBJECTID": 24}}, {"type": "Feature", "geometry": {"type": "Polygon", "coordinates": [[[-91.24778060424418, 30.582337839145243], [-91.26385955147255, 30.591081276228433], [-91.27169875260716, 30.612234669630354], [-91.25510481600925, 30.61602652752862], [-91.24467083288549, 30.623012281966304], [-91.23400797141824, 30.621331464957528], [-91.21882705898304, 30.616125018293125], [-91.21726498921056, 30.616022244921716], [-91.21630935529524, 30.60322227188676], [-91.21081619123275, 30.591007395828928], [-91.19576720702744, 30.593962750511643], [-91.19221507942859, 30.59280044453835], [-91.18846264772019, 30.58678213430872], [-91.1920218099204, 30.57407978163854], [-91.195462303357, 30.575205776977604], [-91.2075403182096, 30.579924021611195], [-91.20971469914345, 30.57278073201024], [-91.22088912109015, 30.57351625731969], [-91.22144145251559, 30.55934214284838], [-91.24778060424418, 30.582337839145243]]]}, "properties": {"title": "Alsen Entergy Power Station", "OBJECTID": 52}}, {"type": "Feature", "geometry": {"type": "Polygon", "coordinates": [[[-91.19119846055135, 30.59116998467431], [-91.18616848201822, 30.60032876525098], [-91.16934566707681, 30.598752689050333], [-91.16664110830112, 30.598499453547785], [-91.15649772278593, 30.60115114030302], [-91.14734959069166, 30.601826401498617], [-91.14450774976241, 30.600583176173462], [-91.1269931696834, 30.61105121871475], [-91.11599797450091, 30.610021834012084], [-91.11177404421652, 30.58287389252669], [-91.12355612858497, 30.583401726388278], [-91.13283765945758, 30.590851763021544], [-91.13708063483233, 30.586286140954705], [-91.13937644469773, 30.583815662177315], [-91.14518812700945, 30.57414233321264], [-91.1456707039171, 30.569134984934674], [-91.14722403695326, 30.564519971314542], [-91.15263333282346, 30.564661532346857], [-91.157185663259, 30.56158375213076], [-91.15981825924291, 30.565072469342], [-91.16192846202509, 30.57024350495298], [-91.1721566181957, 30.57100714277718], [-91.17796724232755, 30.567673691912184], [-91.19208562233817, 30.57385202526345], [-91.18846264772019, 30.586782134308695], [-91.19119846055135, 30.59116998467431]]]}, "properties": {"title": "Baker Entergy Power Station", "OBJECTID": 54}}, {"type": "Feature", "geometry": {"type": "Polygon", "coordinates": [[[-91.15649967228886, 30.60101828770818], [-91.16664110830106, 30.598499453547785], [-91.18616848201816, 30.60032876525098], [-91.19119846055132, 30.59116998467431], [-91.19221507942856, 30.59280044453835], [-91.19576720702742, 30.593962750511643], [-91.21081619123272, 30.591007395828928], [-91.21627649032067, 30.60314919625446], [-91.21726498921053, 30.616022244921716], [-91.19356647977263, 30.62067497105606], [-91.15615097987796, 30.62477769863167], [-91.13962390802865, 30.6170865162822], [-91.13935532903547, 30.608059866660938], [-91.14446546969435, 30.60060844731366], [-91.1480336414995, 30.601775909062322], [-91.15649967228886, 30.60101828770818]]]}, "properties": {"title": "Dixie Baker Entergy Power Station", "OBJECTID": 55}}, {"type": "Feature", "geometry": {"type": "Polygon", "coordinates": [[[-90.89108215806489, 30.564891338498047], [-90.89211253672788, 30.527158283188516], [-90.88951740981003, 30.52591808574259], [-90.88943998658002, 30.524431419887897], [-90.89370581526158, 30.52360489382781], [-90.9021717481973, 30.522588469785827], [-90.9057575262294, 30.523309582197342], [-90.90585285451712, 30.52501649537803], [-90.91013812590631, 30.52503843048317], [-90.91775736330688, 30.525722752178194], [-90.92396706579272, 30.517741420411756], [-90.9319032650761, 30.520710764205454], [-90.93842174376985, 30.520744131950348], [-90.9365171158309, 30.52721633706589], [-90.94408489996027, 30.534595251290167], [-90.94943948132232, 30.539815859270373], [-90.95348949213223, 30.538967199625933], [-90.95601212598497, 30.53983125092195], [-90.9570592256053, 30.543041418083988], [-90.9600731418097, 30.544247660806576], [-90.96100126037574, 30.54679415721719], [-90.97106387985748, 30.546845653395444], [-90.96538814747431, 30.56452599682712], [-90.95931040721193, 30.572066000878273], [-90.89461552839212, 30.57086512785282], [-90.89108215806489, 30.564891338498047]]]}, "properties": {"title": "Moler Entergy Power Station", "OBJECTID": 5}}, {"type": "Feature", "geometry": {"type": "Polygon", "coordinates": [[[-91.21271286721172, 30.665813368983663], [-91.1915714635622, 30.664438897437464], [-91.18473177473903, 30.664786921598104], [-91.18000058007972, 30.662165615999996], [-91.17401969118241, 30.661402473494086], [-91.17219389731044, 30.65646861220691], [-91.17118555293663, 30.652601659472193], [-91.16782600451245, 30.65330157984624], [-91.1652103185627, 30.651294099383303], [-91.15893470230132, 30.650493260379637], [-91.15564525232219, 30.648670487535483], [-91.149031661022, 30.648047842414197], [-91.14852936899062, 30.653192101579133], [-91.14361372188425, 30.656540987976523], [-91.1278125510589, 30.671777650163726], [-91.11941543473277, 30.678236971911048], [-91.08840195294816, 30.690342422779942], [-91.0966183479287, 30.64116050415711], [-91.1016198894509, 30.62216797169126], [-91.11393813993418, 30.62188102150219], [-91.12021432676869, 30.625359759127285], [-91.15615319548975, 30.624626748365664], [-91.19263297177747, 30.62077733526733], [-91.21726498921056, 30.616022244921716], [-91.23404319754822, 30.621548577102555], [-91.24104410104472, 30.653274363407377], [-91.23887557078456, 30.654289798102376], [-91.2238332099554, 30.655089897368743], [-91.21271286721172, 30.665813368983663]]]}, "properties": {"title": "Zachary Rea Entergy Power Station", "OBJECTID": 57}}, {"type": "Feature", "geometry": {"type": "Polygon", "coordinates": [[[-91.21244847090166, 30.665794265509994], [-91.22392276366321, 30.65505072066005], [-91.2391581967472, 30.654275415697057], [-91.2380334619275, 30.674927389435275], [-91.24055359408804, 30.68179673333818], [-91.24399843040044, 30.702692285544966], [-91.24574916929181, 30.71522145102472], [-91.25570646571934, 30.717698068829854], [-91.25458757235397, 30.723249989594215], [-91.24780385354899, 30.723095795052867], [-91.1969635579243, 30.75781404760512], [-91.13871911243025, 30.753609622157146], [-91.12466541882984, 30.75181810474659], [-91.1278125510589, 30.671777650163726], [-91.14324235125589, 30.65647318586215], [-91.14852936899062, 30.653192101579133], [-91.14902230135495, 30.648143702605484], [-91.15554528802733, 30.648615094088868], [-91.15893470230132, 30.650493260379637], [-91.1652103185627, 30.651294099383303], [-91.1677790773342, 30.653265564653704], [-91.17118555293663, 30.652601659472193], [-91.17219389731045, 30.65646861220691], [-91.17417542183874, 30.661823294367878], [-91.18009898535597, 30.662220137901066], [-91.18473177474006, 30.66478692159846], [-91.19281457851814, 30.664375643834642], [-91.21244847090166, 30.665794265509994]]]}, "properties": {"title": "Polygon", "OBJECTID": 58}}, {"type": "Feature", "geometry": {"type": "Polygon", "coordinates": [[[-91.29493920838719, 30.711461812176317], [-91.28389565805698, 30.72779326839902], [-91.27502648866066, 30.728481881946053], [-91.2699338643186, 30.72671114759722], [-91.25645844622781, 30.723267960664217], [-91.2587472663334, 30.712396519783937], [-91.25607925562782, 30.7122417598649], [-91.25342192882779, 30.70955549879122], [-91.25963418170143, 30.70496781443476], [-91.28475396494177, 30.696160860851176], [-91.29557420759153, 30.68650017596437], [-91.29493920838719, 30.711461812176317]]]}, "properties": {"title": "Starhill Entergy Power Station", "OBJECTID": 59}}, {"type": "Feature", "geometry": {"type": "Polygon", "coordinates": [[[-91.28475396494177, 30.6961608608512], [-91.25963418170143, 30.70496781443476], [-91.24584404933998, 30.71515138884918], [-91.24279373114399, 30.694558930371233], [-91.26085069735811, 30.688227586898936], [-91.27608506540581, 30.68004550459014], [-91.28295520643917, 30.6873244023918], [-91.29499642797308, 30.685827659238644], [-91.29557420759153, 30.68650017596437], [-91.28475396494177, 30.6961608608512]]]}, "properties": {"title": "Sandy Creek Entergy Power Station", "OBJECTID": 60}}, {"type": "Feature", "geometry": {"type": "Polygon", "coordinates": [[[-91.33625237802751, 30.711326526516935], [-91.31731240435748, 30.714032230670682], [-91.31526677469492, 30.720759275056274], [-91.30725591218312, 30.72014439154789], [-91.3051112709847, 30.71572269939535], [-91.30080430368636, 30.713429605467812], [-91.3092729333623, 30.709444785427536], [-91.3171121344969, 30.705213805662083], [-91.32710416857806, 30.7038298568554], [-91.3325313259277, 30.703078158952323], [-91.33396653502726, 30.706259236302326], [-91.33625237802751, 30.711326526516935]]]}, "properties": {"title": "Crown Zellerbach Entergy Power Station", "OBJECTID": 62}}, {"type": "Feature", "geometry": {"type": "Polygon", "coordinates": [[[-91.33894174047244, 30.75384653979276], [-91.3383337715678, 30.754713221739475], [-91.33462159363633, 30.751436999119093], [-91.33449183632727, 30.750585578572785], [-91.33520759988548, 30.750322836683097], [-91.33640973647196, 30.750699373986652], [-91.33894174047244, 30.75384653979276]]]}, "properties": {"title": "Grant Entergy Power Station", "OBJECTID": 63}}, {"type": "Feature", "geometry": {"type": "Polygon", "coordinates": [[[-91.21806485476074, 30.491320869088263], [-91.21809877384405, 30.491325193013015], [-91.21479122499751, 30.49130234606236], [-91.21129298657186, 30.491438044566873], [-91.20752933783868, 30.491673160470395], [-91.20726303179686, 30.49134801864601], [-91.20348127156606, 30.49138678759663], [-91.20348303179125, 30.491197568625047], [-91.20186351624639, 30.490991116117915], [-91.2019094709145, 30.486050985288607], [-91.2050637487161, 30.484744264189562], [-91.21220200010147, 30.484793575100273], [-91.22459022772568, 30.485705816234425], [-91.23643617476729, 30.48188360710151], [-91.23855156640404, 30.492489316478455], [-91.21897963833871, 30.491747508880504], [-91.21806485476074, 30.491320869088263]]]}, "properties": {"title": "Sugar House Entergy Power Station", "OBJECTID": 65}}, {"type": "Feature", "geometry": {"type": "Polygon", "coordinates": [[[-91.3398286532211, 30.686934836624797], [-91.35399071681964, 30.69168327573423], [-91.3566514734011, 30.710281117831705], [-91.35590106236755, 30.73269668081874], [-91.35636536761373, 30.73772852243536], [-91.34805482959142, 30.746791147859387], [-91.34752039690729, 30.75555828649311], [-91.34874905193047, 30.760178001535838], [-91.34973139874403, 30.767039832809253], [-91.34997098263197, 30.774140830388074], [-91.3295253968355, 30.773249742666636], [-91.3244210655698, 30.75405872646328], [-91.32940380488813, 30.747545958065672], [-91.33454509602356, 30.750608103244172], [-91.33462159363633, 30.751436999119093], [-91.3383146530632, 30.754696348782847], [-91.3389321470383, 30.753860215645137], [-91.3363850516647, 30.750691642142318], [-91.33524425147391, 30.7503093826293], [-91.33454134021923, 30.75056740674849], [-91.32934056536241, 30.747628619049504], [-91.32512299700834, 30.744662919966952], [-91.3305160261407, 30.71752494227164], [-91.33054532910863, 30.71214182528999], [-91.33625237802752, 30.71132652651696], [-91.33253132592773, 30.703078158952323], [-91.33136002878389, 30.690379327318233], [-91.3398286532211, 30.686934836624797]]]}, "properties": {"title": "Fancy Point Entergy Power Station", "OBJECTID": 64}}, {"type": "Feature", "geometry": {"type": "Polygon", "coordinates": [[[-91.23648372568488, 30.48186827785287], [-91.22482856371211, 30.485625543759348], [-91.2122003780935, 30.484793563895458], [-91.2050637487161, 30.484744264189587], [-91.20222315759727, 30.485921035247888], [-91.20081819124815, 30.4730659557222], [-91.205650251436, 30.416400536339054], [-91.20807190975512, 30.41169333864192], [-91.25566164429198, 30.42990043417523], [-91.25348763440876, 30.43594369604361], [-91.25497758761584, 30.4447559234275], [-91.25743600767403, 30.44475235942207], [-91.26095639592342, 30.4655702935968], [-91.26026790203755, 30.467965026963352], [-91.25826748162814, 30.468610003407633], [-91.25557856733285, 30.47796201352351], [-91.2654244839509, 30.48089644741124], [-91.26283876801205, 30.489888416623835], [-91.25875657212764, 30.492893304190158], [-91.23855156640404, 30.492489316478455], [-91.23648372568488, 30.48186827785287]]]}, "properties": {"title": "Placid Co Entergy Power Station", "OBJECTID": 66}}, {"type": "Feature", "geometry": {"type": "Polygon", "coordinates": [[[-91.21808140226226, 30.491326999577232], [-91.21897963833871, 30.49174750888053], [-91.2384402499456, 30.492487810307015], [-91.25426109234223, 30.49311407868599], [-91.25844964492515, 30.492887167366135], [-91.26283876801205, 30.489888416623835], [-91.26660462005538, 30.488633510106343], [-91.26833155631685, 30.488874466421894], [-91.26607199100124, 30.496987112414597], [-91.26356002794738, 30.49961235697279], [-91.2323406093999, 30.510014037246982], [-91.21554074651647, 30.516717598528565], [-91.20257466136994, 30.512083120890903], [-91.20183932150252, 30.490990859693277], [-91.203426909862, 30.491212367702193], [-91.20345419950272, 30.491384872431123], [-91.20726303179683, 30.49134801864604], [-91.20752933783868, 30.491673160470395], [-91.21443355203822, 30.49133408700511], [-91.21808140226226, 30.491326999577232]]]}, "properties": {"title": "Riverview Entergy Power Station", "OBJECTID": 67}}, {"type": "Feature", "geometry": {"type": "Polygon", "coordinates": [[[-91.34425162112521, 30.454161529282572], [-91.32411001781651, 30.45919265490908], [-91.3211345574418, 30.461658796570102], [-91.31152152033242, 30.461066927903627], [-91.30454062084388, 30.45090595662956], [-91.30076407055093, 30.419627192390752], [-91.34366207629594, 30.40890713540977], [-91.34425162112521, 30.454161529282572]]]}, "properties": {"title": "Wilbert Entergy Power Station", "OBJECTID": 68}}, {"type": "Feature", "geometry": {"type": "Polygon", "coordinates": [[[-91.34428215783574, 30.476059727269604], [-91.34442328774085, 30.5772014739695], [-91.32336258190108, 30.577974294572705], [-91.31618323879412, 30.57145887343446], [-91.30115745291181, 30.567514527627303], [-91.28164817607143, 30.567568601296898], [-91.2592649090984, 30.562556752691535], [-91.24545725893854, 30.554974697379546], [-91.24247884088948, 30.54516259377006], [-91.24680335990554, 30.53529778841677], [-91.25387447143024, 30.530656569174415], [-91.26887492705734, 30.52691241506161], [-91.28161478882629, 30.521067357285478], [-91.28874704212232, 30.513545900900237], [-91.28920018992353, 30.50641900561439], [-91.28325932928456, 30.501023593404543], [-91.26461504384089, 30.499617191734675], [-91.26833155631681, 30.48887446642192], [-91.26660462005535, 30.488633510106318], [-91.26283876801205, 30.489888416623835], [-91.2654244839509, 30.48089644741124], [-91.25557856733283, 30.47796201352351], [-91.25826748162812, 30.468610003407633], [-91.26026790203751, 30.467965026963352], [-91.26100228920211, 30.46584165567176], [-91.25743600767399, 30.44475235942207], [-91.25496692729669, 30.44469287652048], [-91.25329679511434, 30.43481493241743], [-91.2550736793503, 30.429675508621354], [-91.28650634870769, 30.430432870620884], [-91.30152460188926, 30.425926996467872], [-91.30332848430771, 30.44086769389839], [-91.30438772888141, 30.45214697718502], [-91.31152152033239, 30.461066927903627], [-91.32113455744177, 30.461658796570077], [-91.32411001781648, 30.459192654909106], [-91.34425162112518, 30.454161529282572], [-91.34428215783574, 30.476059727269604]]]}, "properties": {"title": "Devin Entergy Power Station", "OBJECTID": 69}}, {"type": "Feature", "geometry": {"type": "Polygon", "coordinates": [[[-91.33063315013999, 30.399924807681426], [-91.31014822931607, 30.403182082115514], [-91.29562028372801, 30.399877390185654], [-91.29572185094827, 30.392648142206955], [-91.28851889582, 30.387388219795], [-91.29275320279993, 30.378206865605335], [-91.29727361818657, 30.36408762206665], [-91.33635519778464, 30.36734608444399], [-91.33063315013999, 30.399924807681426]]]}, "properties": {"title": "Pam Entergy Power Station", "OBJECTID": 70}}, {"type": "Feature", "geometry": {"type": "Polygon", "coordinates": [[[-91.2914293527385, 30.381077495632656], [-91.2799740399058, 30.374936618989853], [-91.25761157993891, 30.36793594772537], [-91.25851984662991, 30.365764096214463], [-91.2472215720744, 30.363519417223017], [-91.24781011378505, 30.362430570280488], [-91.2477219198576, 30.35305840798466], [-91.25032781223412, 30.352012439057138], [-91.25770925144312, 30.349049734477706], [-91.26032101245696, 30.342504507991194], [-91.26137136256435, 30.339222787358295], [-91.26658150414214, 30.344100431752942], [-91.2938439712917, 30.341049984073436], [-91.29727361818657, 30.36408762206665], [-91.29289290746847, 30.377770537073964], [-91.2914293527385, 30.381077495632656]]]}, "properties": {"title": "Claire Entergy Power Station", "OBJECTID": 71}}, {"type": "Feature", "geometry": {"type": "Polygon", "coordinates": [[[-91.28408073047703, 30.33167907465934], [-91.28413607107659, 30.34213622981367], [-91.26658150414214, 30.344100431752942], [-91.26137136256435, 30.339222787358295], [-91.2577021006315, 30.332518666456764], [-91.27389548703161, 30.327085890369386], [-91.283738962184, 30.326593084116343], [-91.28408073047703, 30.33167907465934]]]}, "properties": {"title": "Sidco Entergy Power Station", "OBJECTID": 73}}, {"type": "Feature", "geometry": {"type": "Polygon", "coordinates": [[[-91.25307024871844, 30.324015696008434], [-91.25996230832507, 30.337988177447983], [-91.25272391808059, 30.340889489316606], [-91.24548553307493, 30.341432703733176], [-91.23933433067819, 30.342148755278117], [-91.22663138616433, 30.33330886246264], [-91.21690390988326, 30.318096454091812], [-91.22574204582548, 30.311590326653526], [-91.23360743047282, 30.307504401700086], [-91.24864733141139, 30.314592420458755], [-91.2497055371232, 30.31673808890327], [-91.25063537045455, 30.317306134222417], [-91.25186561250548, 30.319800558239553], [-91.25307024871844, 30.324015696008434]]]}, "properties": {"title": "Air Liquide Entergy Power Station", "OBJECTID": 74}}, {"type": "Feature", "geometry": {"type": "Polygon", "coordinates": [[[-91.27682376024772, 30.30448344280012], [-91.27415297385824, 30.30278288002707], [-91.31340479387083, 30.28579300456886], [-91.32377391077803, 30.32120697062746], [-91.31346343441918, 30.323480337493713], [-91.29240630725918, 30.32812307984521], [-91.2839376775833, 30.326517900625447], [-91.27388555381748, 30.327097640514218], [-91.27388555381748, 30.327097640514218], [-91.26819770265531, 30.328997494430254], [-91.26058867730363, 30.329652394196085], [-91.25652022609137, 30.33002109463499], [-91.2533642457163, 30.322732511158787], [-91.25352705370868, 30.318752870103324], [-91.25620756015019, 30.314674271441113], [-91.2686832333677, 30.3099717626814], [-91.27615569865394, 30.30932848730984], [-91.27518405311412, 30.305779872682375], [-91.27682376024772, 30.30448344280012]]]}, "properties": {"title": "Chenango Entergy Power Station", "OBJECTID": 75}}, {"type": "Feature", "geometry": {"type": "Polygon", "coordinates": [[[-91.25581381500757, 30.314861044055423], [-91.25367504375485, 30.318527696186116], [-91.24965591817802, 30.31653221374373], [-91.24851060179246, 30.314528436227693], [-91.23344061903717, 30.30747600474884], [-91.23348353307175, 30.293272440923054], [-91.23582504613252, 30.29191505476517], [-91.23759874989746, 30.293117283563735], [-91.23929184423163, 30.292971506992696], [-91.2407395759625, 30.292421381766157], [-91.24268151701692, 30.288742532905562], [-91.24603080268781, 30.287469774474292], [-91.24581706512078, 30.283913605331843], [-91.25121093602684, 30.28006082413717], [-91.26022483400601, 30.27438091925192], [-91.27480258726929, 30.281621643348526], [-91.28925222166997, 30.296247624677903], [-91.27428508592978, 30.302867000091407], [-91.27694043528433, 30.304391193353712], [-91.27518405311413, 30.305779872682375], [-91.27615569865394, 30.30932848730984], [-91.2686832333677, 30.3099717626814], [-91.25581381500757, 30.314861044055423]]]}, "properties": {"title": "Turnerville Entergy Power Station", "OBJECTID": 76}}, {"type": "Feature", "geometry": {"type": "Polygon", "coordinates": [[[-91.27982138256196, 30.374850027686765], [-91.29142935273823, 30.381077495633292], [-91.28998430463155, 30.384210834665076], [-91.28851889582002, 30.387388219795], [-91.28976179586498, 30.38829586163152], [-91.29292128588547, 30.39082469521968], [-91.29572185094827, 30.392648142206955], [-91.29538991902479, 30.395122901341757], [-91.29562028372801, 30.399877390185654], [-91.30076407055093, 30.419627192390752], [-91.30149476460463, 30.425679849233447], [-91.28650634870769, 30.430432870620884], [-91.25507367935036, 30.429675508621383], [-91.20769175923398, 30.411547885262436], [-91.21018409096283, 30.40822817228554], [-91.22048376310259, 30.3945081130717], [-91.22071265192345, 30.394409397602868], [-91.22117040861042, 30.394211975403405], [-91.2407398055831, 30.374566168995194], [-91.24730585849007, 30.363532185836927], [-91.25105379506124, 30.36409996194433], [-91.25851984662991, 30.365764096214463], [-91.25761984796848, 30.367938521716646], [-91.27982138256196, 30.374850027686765]]]}, "properties": {"title": "Polygon", "OBJECTID": 72}}, {"type": "Feature", "geometry": {"type": "Polygon", "coordinates": [[[-91.1785525383031, 30.395975216812694], [-91.17741593954004, 30.395943442248882], [-91.17684170784813, 30.396486686506943], [-91.17523700052557, 30.394871536822176], [-91.17486624090017, 30.394498364816762], [-91.17163711766887, 30.39402846839389], [-91.17100000735367, 30.392548987866256], [-91.16576751821488, 30.391074818266407], [-91.16520471434114, 30.389767851807566], [-91.16457627407112, 30.38830844112985], [-91.15388278497994, 30.382431310568048], [-91.15311030878372, 30.36062308019363], [-91.16038329712775, 30.36113421212068], [-91.16338536888995, 30.34578118284274], [-91.17497599001352, 30.351521431548985], [-91.19039142381322, 30.352276588660608], [-91.21236209231571, 30.34237794474011], [-91.22490248161157, 30.33955222777627], [-91.23504521175572, 30.34976628840632], [-91.2356351195946, 30.366422611720196], [-91.22060829376032, 30.383183252412262], [-91.20352153140254, 30.39934877569025], [-91.19988392560738, 30.405603764302008], [-91.19942428566013, 30.4053385103627], [-91.20094723161137, 30.399855941755376], [-91.19150827063535, 30.395183637649463], [-91.18490494160633, 30.395458592999507], [-91.17957476931768, 30.396658960392106], [-91.17912106914703, 30.396015157737583], [-91.1785525383031, 30.395975216812694]]]}, "properties": {"title": "Polygon", "OBJECTID": 30}}, {"type": "Feature", "geometry": {"type": "Polygon", "coordinates": [[[-91.2096860893505, 30.572756100567652], [-91.20751170841662, 30.579899391982973], [-91.19452266597342, 30.574825246224755], [-91.19435100459648, 30.574825246224755], [-91.17792873461421, 30.567681578794286], [-91.17928954858928, 30.563210521650284], [-91.19057445430352, 30.56305023227291], [-91.19502168041232, 30.559423533079045], [-91.20256794857795, 30.562498484271625], [-91.20513095362143, 30.561776554800723], [-91.20567336175291, 30.56296080568555], [-91.21563701468396, 30.560297184582918], [-91.21624911583743, 30.557919879204494], [-91.21801993128524, 30.555480922644076], [-91.22205601953908, 30.56002697049477], [-91.22086051129719, 30.573491626063912], [-91.2096860893505, 30.572756100567652]]]}, "properties": {"title": "Grace Entergy Power Station", "OBJECTID": 49}}, {"type": "Feature", "geometry": {"type": "Polygon", "coordinates": [[[-91.20316515721026, 30.560610451225244], [-91.20306090785279, 30.56028479196983], [-91.20093741612997, 30.555986017851602], [-91.21201066678596, 30.553331074765552], [-91.21301757258836, 30.55513506668937], [-91.21370981469934, 30.556730198389214], [-91.20436285510806, 30.559167303268964], [-91.20470653321523, 30.560240910020777], [-91.20316515721026, 30.560610451225244]]]}, "properties": {"title": "Unknown substation at Linde LLC", "OBJECTID": 77}}, {"type": "Feature", "geometry": {"type": "Polygon", "coordinates": [[[-91.21643706218954, 30.55383144695675], [-91.21301757258836, 30.55513506668937], [-91.21201066678596, 30.553331074765552], [-91.20093850993673, 30.555991928349595], [-91.20386140060884, 30.562134154352748], [-91.20265146777852, 30.562474959247577], [-91.20256794857795, 30.562498484271625], [-91.2017968142023, 30.562175669257794], [-91.18863611562082, 30.556854228229184], [-91.18727613403793, 30.55648383031247], [-91.18637391700005, 30.554228668789438], [-91.18233788502384, 30.551800143930915], [-91.19534415727205, 30.5478928768548], [-91.1976046158442, 30.546901318542545], [-91.19905833789772, 30.544176135874498], [-91.20294217786085, 30.543498527147293], [-91.20705354574902, 30.54120895163967], [-91.21643706218954, 30.55383144695675]]]}, "properties": {"title": "Hoechst Entergy Power Station", "OBJECTID": 48}}, {"type": "Feature", "geometry": {"type": "Polygon", "coordinates": [[[-91.19501452960117, 30.5594112125614], [-91.19056730349236, 30.56303791221576], [-91.17928239777812, 30.563198201613485], [-91.17792158380306, 30.56766925932523], [-91.17212085759162, 30.570970191834366], [-91.16189270142101, 30.57020655371926], [-91.15978249863882, 30.565035516138497], [-91.1572561734934, 30.561687630237913], [-91.16048254186677, 30.55965356019528], [-91.1634155455332, 30.558418001484668], [-91.1637323751286, 30.555129988340532], [-91.16513206275172, 30.55441706993914], [-91.16578788266177, 30.553162110473785], [-91.16945748150144, 30.550616254913038], [-91.17527069761795, 30.550913311755405], [-91.1753739963594, 30.550918590339496], [-91.17541116232792, 30.55090293247277], [-91.17548978910472, 30.55098520288014], [-91.17544611491748, 30.551333411669816], [-91.17526363976245, 30.552501274008907], [-91.1768264194889, 30.55353319729694], [-91.17719994066432, 30.553659293146406], [-91.17952470545778, 30.55406867521976], [-91.18127122386913, 30.553685991106942], [-91.18175003927054, 30.553762131755647], [-91.18203838776013, 30.551916685220483], [-91.18235474077062, 30.551736630487284], [-91.18635246194725, 30.55419787049587], [-91.18725467898514, 30.5564530327345], [-91.18823313771257, 30.556719521183943], [-91.19501452960117, 30.5594112125614]]]}, "properties": {"title": "Thomas Entergy Power Station", "OBJECTID": 50}}, {"type": "Feature", "geometry": {"type": "Polygon", "coordinates": [[[-91.19138364470953, 30.544884540285235], [-91.18992452357834, 30.54096515740701], [-91.19071130524405, 30.540544718939856], [-91.19079713707846, 30.537892681186133], [-91.18723516317901, 30.531417832362116], [-91.20487336835176, 30.530530664402296], [-91.20503762031173, 30.534122323873717], [-91.20481614876554, 30.537418325509343], [-91.20295648341215, 30.543504686865333], [-91.199072643449, 30.544182295549565], [-91.19767138842762, 30.54680912340874], [-91.19528991069824, 30.547913077326637], [-91.19316592503425, 30.548487279442725], [-91.19138364470953, 30.544884540285235]]]}, "properties": {"title": "Blount Entergy Power Station", "OBJECTID": 23}}, {"type": "Feature", "geometry": {"type": "Polygon", "coordinates": [[[-91.18369527346701, 30.520606574652458], [-91.18271912423658, 30.520631514611036], [-91.18255609671566, 30.521317403324513], [-91.18315107576976, 30.52218659413515], [-91.18651213579412, 30.528982188178617], [-91.18726625808657, 30.531407166037777], [-91.18777997299121, 30.53233879610227], [-91.18850542074853, 30.5336543918103], [-91.19076144595276, 30.53784008558162], [-91.19077641186091, 30.54053439386484], [-91.18999632160248, 30.540997421717794], [-91.1914480183807, 30.54489686095496], [-91.19323029870542, 30.54849959965527], [-91.18276955517973, 30.551670466669172], [-91.18243358218561, 30.551771395732132], [-91.18207264052724, 30.551731107116307], [-91.18220318752205, 30.550855065485337], [-91.17722592332946, 30.550047144196366], [-91.17540084636256, 30.550093759553192], [-91.1764427966552, 30.544687658521905], [-91.17742812975159, 30.544640588865867], [-91.17778629790708, 30.542552878875547], [-91.17648659361359, 30.542665980286074], [-91.17547267736379, 30.54237755278691], [-91.17545209282873, 30.541618625299463], [-91.17416750382482, 30.541047324411107], [-91.17264237472567, 30.5410202030533], [-91.17246756550544, 30.535893626622684], [-91.17462108813126, 30.53517088798389], [-91.17379247308718, 30.533320771736843], [-91.17498206397087, 30.531138088294544], [-91.1783848340537, 30.53119860587245], [-91.17801787236726, 30.528505460059044], [-91.17536996151415, 30.527155124065583], [-91.17376494561343, 30.523571146771182], [-91.1768648443468, 30.521914535053643], [-91.17448323129763, 30.520951417891634], [-91.17855922982363, 30.519830214904253], [-91.1792592230157, 30.51688512714327], [-91.18241579947276, 30.515825546883008], [-91.18360586787622, 30.517984087125267], [-91.18369527346701, 30.520606574652458]]]}, "properties": {"title": "Jaguar Entergy Power Station", "OBJECTID": 25}}, {"type": "Feature", "geometry": {"type": "Polygon", "coordinates": [[[-91.18729975287233, 30.531379057545514], [-91.18255609671566, 30.521317403324513], [-91.18271912423658, 30.520631514611036], [-91.18369527346701, 30.520606574652458], [-91.18360589591896, 30.51798408178369], [-91.18208311550426, 30.515699638688254], [-91.18157236385493, 30.509461983306664], [-91.18340854280291, 30.51209853359462], [-91.18887309838229, 30.514933051142226], [-91.19376217273408, 30.514933051142226], [-91.20490197945436, 30.53049369889483], [-91.18729975287233, 30.531379057545514]]]}, "properties": {"title": "Unknown substation at W.K. Gordon St", "OBJECTID": 78}}, {"type": "Feature", "geometry": {"type": "Polygon", "coordinates": [[[-91.17558722360498, 30.47624091104305], [-91.16859899992902, 30.476349733266886], [-91.16719011906635, 30.473639519028332], [-91.16591109563973, 30.473659436816085], [-91.16592905828217, 30.475014032981605], [-91.16435855916079, 30.475029647759833], [-91.1637587121714, 30.47622014485577], [-91.15641962890155, 30.476539150477528], [-91.15478878113298, 30.475124502278025], [-91.15402699668084, 30.474823352875774], [-91.14480941891499, 30.47522401600629], [-91.14347990712338, 30.465472772114175], [-91.14427442864353, 30.464194666446414], [-91.15579200351135, 30.463693971715035], [-91.15681702333607, 30.46259253213581], [-91.15764918588178, 30.46169831903789], [-91.16194565556293, 30.461303265620614], [-91.16272364580412, 30.46032271246528], [-91.16266854810085, 30.456167006007252], [-91.16492076231339, 30.45606908935424], [-91.16490325020551, 30.45474821218682], [-91.16606158934951, 30.454569035130515], [-91.16631459220906, 30.45579667454227], [-91.17101616338171, 30.455723445158828], [-91.1754453677265, 30.45674514040105], [-91.17558722360498, 30.47624091104305]]]}, "properties": {"title": "Northdale Entergy Power Station", "OBJECTID": 34}}, {"type": "Feature", "geometry": {"type": "Polygon", "coordinates": [[[-91.09225540982067, 30.41681226122642], [-91.08964184282802, 30.41763277103639], [-91.07506919641483, 30.423732950541197], [-91.06348008859341, 30.42824247755307], [-91.06022902008118, 30.4274214640545], [-91.05981141275554, 30.41961468842543], [-91.05985691073462, 30.418667562933255], [-91.05727187703863, 30.41483611824687], [-91.05552082678935, 30.410628953147334], [-91.05576877008643, 30.405466963251726], [-91.0572441818288, 30.405315336842765], [-91.05833906202332, 30.40384612043456], [-91.04204661590614, 30.384915952463572], [-91.04184335072615, 30.38422826039633], [-91.04551250624726, 30.382590019407292], [-91.05319122527669, 30.38492147523908], [-91.05446645589986, 30.387568106584148], [-91.06294692187292, 30.389181791309092], [-91.0667600562321, 30.38234232757738], [-91.08591303070435, 30.39400348515374], [-91.09120096796433, 30.398279811905187], [-91.09437608879506, 30.40237076289087], [-91.09572487979918, 30.405589534143097], [-91.09583881565717, 30.40731847165618], [-91.09498521923082, 30.409187377809243], [-91.09576011561138, 30.41008758806785], [-91.09465866909794, 30.41206269581878], [-91.09334259766823, 30.41285841772023], [-91.09291415397757, 30.415928401196055], [-91.09225540982067, 30.41681226122642]]]}, "properties": {"title": "Nesser Entergy Power Station", "OBJECTID": 40}}, {"type": "Feature", "geometry": {"type": "Polygon", "coordinates": [[[-91.08803160671025, 30.484519115474942], [-91.07835014301779, 30.490836847809785], [-91.07136402657883, 30.493697967235455], [-91.0716922672125, 30.491930690267445], [-91.07262802541666, 30.488195011403636], [-91.0724467377167, 30.481859185562833], [-91.07158770538959, 30.451831248744494], [-91.08444799590691, 30.436859283144415], [-91.09531253172052, 30.452794613974245], [-91.0958117653576, 30.45280624540248], [-91.09746695461357, 30.457036686297847], [-91.09694784380817, 30.459832612447975], [-91.09461387944246, 30.458703029974387], [-91.08827501164251, 30.460864246650814], [-91.08862648907923, 30.474378350923367], [-91.08954267209357, 30.48353301821042], [-91.08803160671025, 30.484519115474942]]]}, "properties": {"title": "Oak Villa Entergy Power Station", "OBJECTID": 47}}, {"type": "Feature", "geometry": {"type": "Polygon", "coordinates": [[[-90.92084388326268, 30.487193126329093], [-90.92025403199847, 30.488425841223627], [-90.91694620849589, 30.488968224503857], [-90.9146185594754, 30.491724400321417], [-90.91477841799494, 30.49242329581105], [-90.91456671800026, 30.492496483107768], [-90.9120599188851, 30.489682209682318], [-90.90874254724525, 30.48849866830917], [-90.90813846995154, 30.483394372160262], [-90.90405411130249, 30.479748188622295], [-90.90409980899233, 30.47309819952235], [-90.901819857727, 30.460717403879887], [-90.90112184738359, 30.451460394582398], [-90.90391384271825, 30.441971467528482], [-90.9053969112221, 30.44178600863157], [-90.906584528492, 30.445013344685837], [-90.91089533699237, 30.444832353701536], [-90.9151965058352, 30.44173263122084], [-90.92180773353385, 30.43696792692855], [-90.93138154016565, 30.433656201663293], [-90.93157119327024, 30.44188879275964], [-90.93056688232481, 30.455492558775443], [-90.93277456821065, 30.459717847037858], [-90.92765813769111, 30.473588204657982], [-90.92732974806246, 30.480279440508525], [-90.92792910446151, 30.481598658356035], [-90.92639753099508, 30.481554094422705], [-90.92621844426343, 30.486521343469622], [-90.92084388326268, 30.487193126329093]]]}, "properties": {"title": "Unknown substation at Powell Ln", "OBJECTID": 81}}, {"type": "Feature", "geometry": {"type": "Polygon", "coordinates": [[[-90.9493289959373, 30.539772755291917], [-90.93649731324885, 30.527223351274934], [-90.9384032968589, 30.520746539704287], [-90.93178707170351, 30.520712671601196], [-90.92393894732284, 30.51757086860823], [-90.92631207504235, 30.505928167670028], [-90.92855797783923, 30.504150276750938], [-90.92864887939217, 30.503248012599556], [-90.93094693222004, 30.50325977832389], [-90.93106137139158, 30.500887130412035], [-90.93126164125188, 30.491161753079012], [-90.93107343350103, 30.487400506222233], [-90.931975064522, 30.485965883029543], [-90.93232089638651, 30.483907640063414], [-90.92809611625444, 30.483707410183378], [-90.92787188356596, 30.481635642454478], [-90.9272725271669, 30.48031642510817], [-90.92760091679556, 30.47362519179958], [-90.93274595907252, 30.45981649051494], [-90.93053827318668, 30.455591206530347], [-90.93142008189668, 30.442085209002048], [-90.94369566813639, 30.443469109075764], [-90.9588419007358, 30.415081704972547], [-90.97829686377548, 30.42287803366642], [-90.98482779179494, 30.442922702794412], [-90.98667252242896, 30.453841303610314], [-90.9877970081574, 30.466309010523894], [-90.98274217599997, 30.47495371022125], [-90.98080742843898, 30.479956023407347], [-90.97780333469734, 30.481262807096833], [-90.97428176384788, 30.487859269261808], [-90.97639291862663, 30.508665097197138], [-90.97986713535306, 30.527620308740907], [-90.97462377679076, 30.541169140090762], [-90.97109839725381, 30.54688293266908], [-90.96097264403437, 30.546831113419188], [-90.96030045607483, 30.544387046915116], [-90.9570306092639, 30.543078375714412], [-90.95598350964353, 30.539868209774117], [-90.95381571233749, 30.539000566840745], [-90.9493289959373, 30.539772755291917]]]}, "properties": {"title": "Denham Springs Entergy Power Station", "OBJECTID": 3}}, {"type": "Feature", "geometry": {"type": "Polygon", "coordinates": [[[-90.88759171061349, 30.505564583611278], [-90.87023695689138, 30.50547619794654], [-90.86408737138659, 30.50544464948564], [-90.86410060089574, 30.503520028632764], [-90.86392031827741, 30.502289158513506], [-90.86180868496261, 30.501535888666925], [-90.86044777636181, 30.502047455683577], [-90.8574401019521, 30.50223985646919], [-90.8555804365985, 30.501882419003625], [-90.85492381426965, 30.497399214064924], [-90.85503644644623, 30.495943459511274], [-90.85485802786658, 30.492927555979364], [-90.85834132549007, 30.490486859108582], [-90.8579807604493, 30.484391599457837], [-90.85860596836673, 30.48343561105237], [-90.85914956360021, 30.482116527341216], [-90.86108432949653, 30.473317041477536], [-90.86350904644596, 30.4696089986206], [-90.87131877225592, 30.467558545202184], [-90.87232814968695, 30.46334230020617], [-90.87776409154421, 30.46230654557965], [-90.90166712323882, 30.460776831868507], [-90.9040855044232, 30.47311977584164], [-90.90403980673332, 30.479769763467917], [-90.9081241653824, 30.483415946197745], [-90.9087282426761, 30.488520241215188], [-90.91204561431596, 30.48970378232598], [-90.91464268041477, 30.492619392370464], [-90.91474502231316, 30.49434934847069], [-90.90832626069823, 30.494759988373882], [-90.90787073284397, 30.497567613666714], [-90.9100044311951, 30.49930281990519], [-90.91160277294537, 30.499610037826205], [-90.9126867480266, 30.5023138385496], [-90.9164075903367, 30.50278361579042], [-90.91638292718879, 30.5063715918675], [-90.9168373440878, 30.506673834002132], [-90.91716301495411, 30.507247220669598], [-90.9207625018271, 30.509209926745736], [-90.92246245368267, 30.51296372386363], [-90.92480897484549, 30.513318718228636], [-90.92396213436838, 30.51787578595392], [-90.91771444501582, 30.525842894797464], [-90.90580993622604, 30.525136638870553], [-90.90582239005727, 30.523325231185414], [-90.90185645435272, 30.522563121195816], [-90.89343867192025, 30.523695292260573], [-90.89114355182285, 30.52368360567554], [-90.88759171061349, 30.505564583611278]]]}, "properties": {"title": "Coly Entergy Power Station", "OBJECTID": 4}}, {"type": "Feature", "geometry": {"type": "Polygon", "coordinates": [[[-91.04836772382632, 30.473509597834457], [-91.03297730126347, 30.47350664595303], [-91.0329861489772, 30.473266098793296], [-91.03385876141328, 30.471675633152177], [-91.03452826241514, 30.47096877978005], [-91.03460284032612, 30.470153498841817], [-91.03535364765014, 30.470177612688087], [-91.04863344820001, 30.470604760655842], [-91.04868655228657, 30.47188458032821], [-91.04836772382632, 30.473509597834457]]]}, "properties": {"title": "Unknown substation at S Choctaw Dr", "OBJECTID": 83}}, {"type": "Feature", "geometry": {"type": "Polygon", "coordinates": [[[-91.02110495501412, 30.503611050737163], [-91.01927389683415, 30.499666888907875], [-91.02097296232286, 30.47852032952166], [-91.02316406819718, 30.473311529413987], [-91.02597440605973, 30.473690301398673], [-91.02902075629031, 30.47374270939883], [-91.03019131849089, 30.473614109684384], [-91.03134740947849, 30.47363399855784], [-91.03266515609222, 30.473653179403797], [-91.03297412726734, 30.473506591348936], [-91.03365459065361, 30.473503780019836], [-91.04834877829506, 30.47350951700763], [-91.04158987583807, 30.480683386379244], [-91.02966323680639, 30.486341274858976], [-91.02110495501412, 30.503611050737163]]]}, "properties": {"title": "Flannery Rea Entergy Power Station", "OBJECTID": 6}}, {"type": "Feature", "geometry": {"type": "Polygon", "coordinates": [[[-91.03294511688355, 30.473471199664154], [-91.0326401238332, 30.473614651094888], [-91.03016628623186, 30.47357558136003], [-91.02899572403129, 30.473704181125367], [-91.02591819198825, 30.473647570485593], [-91.02313903593816, 30.473273000969918], [-91.02489937791503, 30.469339288797055], [-91.02878484829284, 30.46840498983191], [-91.02852250742092, 30.457197614431866], [-91.03054938948935, 30.45773911790645], [-91.03298976571936, 30.456903153559196], [-91.0352584799176, 30.45714616130921], [-91.04205882477578, 30.45761261398991], [-91.04206154922404, 30.463094945869237], [-91.03994496116054, 30.463215653597196], [-91.0378673158794, 30.46318989334606], [-91.03855961472642, 30.470275396142902], [-91.03467000621616, 30.470118849165782], [-91.03447098873853, 30.47098106697042], [-91.03380705459502, 30.47165833790824], [-91.0329500015663, 30.473260290461564], [-91.03294511688355, 30.473471199664154]]]}, "properties": {"title": "Unknown substation next to Flannery Rea", "OBJECTID": 84}}, {"type": "Feature", "geometry": {"type": "Polygon", "coordinates": [[[-91.07158770538958, 30.45183124874452], [-91.07263264396411, 30.488356419682486], [-91.06924165784005, 30.501244575202342], [-91.06205189384191, 30.503577601407887], [-91.05473627672622, 30.50595281691385], [-91.0396872925209, 30.508121984604603], [-91.03951563114393, 30.508121984604603], [-91.03121866808368, 30.510340400741015], [-91.02812876329854, 30.515762983404983], [-91.02366556749773, 30.518622040419082], [-91.01572150736496, 30.51732642787429], [-91.01481852150691, 30.5128652445506], [-91.0189693795263, 30.50870814990877], [-91.01988901458543, 30.505213320510435], [-91.0211764801513, 30.503512448527907], [-91.02973476194356, 30.486242655145194], [-91.04166140097526, 30.480584760932626], [-91.04837272716185, 30.473484096845496], [-91.0487148394146, 30.47186531016783], [-91.04863002646887, 30.470604660609638], [-91.03858107059762, 30.470310844018368], [-91.0378673158794, 30.46318989334606], [-91.03994496116054, 30.463215653597196], [-91.04206155262274, 30.463101784796077], [-91.04209458668952, 30.457649607762963], [-91.05078175184488, 30.45879310362901], [-91.05191379427612, 30.453240691654567], [-91.06238962412229, 30.452774669201595], [-91.07158770538958, 30.45183124874452]]]}, "properties": {"title": "Sharp Entergy Power Station", "OBJECTID": 7}}, {"type": "Feature", "geometry": {"type": "Polygon", "coordinates": [[[-91.03450605596392, 30.436523313070197], [-91.0382488556506, 30.434840166517983], [-91.04816868731008, 30.432728498092867], [-91.05168992797218, 30.435240745386956], [-91.05416098558507, 30.43659629015856], [-91.05117805523182, 30.440679259466524], [-91.04900239641714, 30.452863166026873], [-91.05191379427612, 30.453240691654567], [-91.05078175184488, 30.45879310362901], [-91.04219855760108, 30.45756388195618], [-91.03280885764093, 30.456842802966925], [-91.03042064345667, 30.457683629268228], [-91.02839376138823, 30.45714212548526], [-91.02871270460966, 30.46848575926344], [-91.02478135859006, 30.46932233678871], [-91.02089036781567, 30.478088282573566], [-91.01923098148993, 30.49958677359329], [-91.02099889614196, 30.503394927907205], [-91.01969803663061, 30.505099470272178], [-91.0188835501475, 30.50862804147772], [-91.0148483962378, 30.512669263903476], [-91.01014592789578, 30.51617641833045], [-91.00748313414448, 30.51674277521489], [-90.99154604948953, 30.531212026838684], [-90.9800212769721, 30.527570044526335], [-90.97633570558929, 30.508548017978498], [-90.97425570072836, 30.48804918601925], [-90.97757448123764, 30.480800510704025], [-90.98075021540161, 30.479838909635415], [-90.98278153689341, 30.474932139105245], [-90.9877397951201, 30.466191880337146], [-90.98661530939158, 30.45372415843308], [-90.98278154213207, 30.431031440297616], [-90.98941512710405, 30.422638801232143], [-91.00452532003861, 30.421459446413632], [-91.01156343649373, 30.431278122655375], [-91.02566827526783, 30.43621176525939], [-91.03450605596392, 30.436523313070197]]]}, "properties": {"title": "Gloria Entergy Power Station", "OBJECTID": 12}}, {"type": "Feature", "geometry": {"type": "Polygon", "coordinates": [[[-91.0844479959069, 30.43685928314444], [-91.07178797001116, 30.451905233327796], [-91.05192765040165, 30.45324007525946], [-91.04901442512727, 30.45285347162898], [-91.05133676256261, 30.440529784166998], [-91.05435869579446, 30.43661496828917], [-91.05168928466598, 30.43508321169702], [-91.04816307431753, 30.43262872963227], [-91.04215629379499, 30.43371203779304], [-91.04143562404286, 30.43212489900698], [-91.04128716062685, 30.43009369148857], [-91.04568481554055, 30.430903672125222], [-91.0462775923062, 30.432209169035765], [-91.05360550655335, 30.430152737002413], [-91.06036121446442, 30.427454848097575], [-91.06348008859341, 30.42824247755307], [-91.07504294522661, 30.423743165578795], [-91.0844479959069, 30.43685928314444]]]}, "properties": {"title": "Harrelson Entergy Power Station", "OBJECTID": 8}}, {"type": "Feature", "geometry": {"type": "Polygon", "coordinates": [[[-91.13727071735188, 30.43214013990843], [-91.1363687080875, 30.432042948550002], [-91.13622178201923, 30.43093147282366], [-91.13452050228793, 30.431245096788125], [-91.13379306369471, 30.431247341189177], [-91.13378538388564, 30.429379853702024], [-91.13377992205191, 30.428080644261662], [-91.1311918683039, 30.42808878987779], [-91.1272470517144, 30.4236140329576], [-91.12351990871407, 30.419724951671927], [-91.11191536204049, 30.408036092589242], [-91.11225233662249, 30.40545912415514], [-91.11615978859577, 30.40026940585019], [-91.12502999200647, 30.406713832086357], [-91.13576261676522, 30.413262392445706], [-91.13688220441432, 30.41527081535783], [-91.13886388764706, 30.416598268938237], [-91.13793743196571, 30.41839501386458], [-91.13689653449332, 30.4189026251781], [-91.13382853718485, 30.418804030629577], [-91.13375088112423, 30.421172371991844], [-91.13821026479084, 30.42200396763483], [-91.13900754257477, 30.423230288955953], [-91.13902371038333, 30.42707627561848], [-91.13925676063201, 30.428839332849886], [-91.13974392326658, 30.430710768099758], [-91.13907590593064, 30.431960941283535], [-91.13727071735188, 30.43214013990843]]]}, "properties": {"title": "Westdale Entergy Power Station", "OBJECTID": 41}}, {"type": "Feature", "geometry": {"type": "Polygon", "coordinates": [[[-91.09886159124729, 30.44261774144809], [-91.09749545169775, 30.442685573131342], [-91.0964694046236, 30.443403500587284], [-91.09616298665908, 30.44748354531405], [-91.09489337440897, 30.44946423571318], [-91.0953683501312, 30.45288188536941], [-91.08886243684213, 30.44270944408448], [-91.07533608615122, 30.423621232649033], [-91.07706338057976, 30.421882321024913], [-91.09225540982071, 30.41681226122639], [-91.09303364983677, 30.415597746631075], [-91.09886327333403, 30.416424307818712], [-91.09610348394133, 30.422881497687097], [-91.09520358757729, 30.424986928900164], [-91.09601765587222, 30.42742084343882], [-91.09815060846745, 30.428162537252707], [-91.09891027004701, 30.43043371367306], [-91.09899077007518, 30.436269045875605], [-91.09886159124729, 30.44261774144809]]]}, "properties": {"title": "Drusilla Entergy Power Station", "OBJECTID": 44}}, {"type": "Feature", "geometry": {"type": "Polygon", "coordinates": [[[-91.09883298145434, 30.4426054086663], [-91.09898324636677, 30.436229729345147], [-91.09890311858102, 30.43042137892681], [-91.09815060846745, 30.428162537252707], [-91.09601765587222, 30.42742084343882], [-91.0952517740205, 30.424845124116427], [-91.10061567630522, 30.413223675759717], [-91.10429792794172, 30.411672904576506], [-91.10831420029434, 30.407825673101236], [-91.11125796057034, 30.406008586967964], [-91.11212234310874, 30.40638621252057], [-91.11193413128908, 30.408049865615297], [-91.1220431282967, 30.418112895234092], [-91.13089744072721, 30.427750593400667], [-91.127913167263, 30.431677764764938], [-91.12651628546718, 30.435813862942904], [-91.12549606881126, 30.437156329557084], [-91.12206153867574, 30.434136724084528], [-91.11885078937917, 30.4340716494923], [-91.11343737791607, 30.434871510989762], [-91.11289973059621, 30.442030955592745], [-91.10357032728952, 30.44273336031347], [-91.10297071535213, 30.44285881380432], [-91.10228944431542, 30.44251936740506], [-91.09883298145434, 30.4426054086663]]]}, "properties": {"title": "Unknown substation at Jefferson Hwy", "OBJECTID": 85}}, {"type": "Feature", "geometry": {"type": "Polygon", "coordinates": [[[-91.13113190142657, 30.459941893039968], [-91.13223573001324, 30.462753468831785], [-91.12790797182788, 30.46233752712767], [-91.12673174898667, 30.463365636570476], [-91.12673174898667, 30.463365636570476], [-91.11316894908401, 30.46114582387423], [-91.1131518630127, 30.46102787132423], [-91.1131518630127, 30.46102787132423], [-91.11314857575209, 30.46101673094135], [-91.1131325855013, 30.460972473217367], [-91.11313210582193, 30.46097159390608], [-91.11313210582193, 30.46097159390608], [-91.11313413753437, 30.460976768926454], [-91.11313516429642, 30.460613268566973], [-91.11392220623888, 30.46058076569118], [-91.11414179522606, 30.46038882332421], [-91.11428763726711, 30.460012405608186], [-91.11428763726711, 30.460012405608186], [-91.1134024492488, 30.458715394172653], [-91.11329536689352, 30.455929759852093], [-91.11225275974279, 30.454127829187243], [-91.11183326083845, 30.450515014426657], [-91.11169858990176, 30.447011384595548], [-91.10954721214772, 30.447019052082], [-91.10930456147639, 30.44540974458414], [-91.1054569879322, 30.445536861548877], [-91.10238175298787, 30.44564958665976], [-91.10235328079126, 30.443585916204032], [-91.1029950921441, 30.442851434433813], [-91.10377995508091, 30.442708930894195], [-91.1129068820622, 30.442043288870597], [-91.11310075757208, 30.439461655589007], [-91.11344452938205, 30.434883845173182], [-91.11734443925585, 30.434320695622368], [-91.11945112921806, 30.433991208881498], [-91.12142461092239, 30.4340871377217], [-91.12191021971582, 30.434133823297543], [-91.12290708875109, 30.434643301490812], [-91.12477668203977, 30.436730162261938], [-91.12523503964162, 30.437076639812446], [-91.12551304524882, 30.437172034795626], [-91.12931826247923, 30.440493057385403], [-91.12850879477699, 30.443924185191953], [-91.13060858162082, 30.444126034482803], [-91.1310807919588, 30.449481891788675], [-91.13072092935161, 30.450720884059663], [-91.1307811539245, 30.455085601994597], [-91.1337250733569, 30.456728771671752], [-91.1338534099113, 30.45722163901007], [-91.13113190142657, 30.459941893039968]]]}, "properties": {"title": "Sears Entergy Power Station", "OBJECTID": 45}}, {"type": "Feature", "geometry": {"type": "Polygon", "coordinates": [[[-91.10920202165947, 30.471026481761694], [-91.10083466900716, 30.464713080382232], [-91.09652459522975, 30.462112166123113], [-91.0974454962866, 30.457018189578974], [-91.0958117653576, 30.45280624540248], [-91.09534815661054, 30.452795443983167], [-91.09489337440897, 30.44946423571318], [-91.09616298665908, 30.44748354531405], [-91.09650735409666, 30.443438165114827], [-91.09749545169775, 30.442685573131342], [-91.10228944431542, 30.44251936740506], [-91.10297071535213, 30.44285881380432], [-91.10235328079126, 30.443585916204032], [-91.10238175298787, 30.44564958665976], [-91.10930600992677, 30.445390882432434], [-91.10952575382075, 30.447000553461713], [-91.11171642113547, 30.447015437529103], [-91.11224769426649, 30.454084205014947], [-91.11329536689352, 30.455929759852093], [-91.11339529647314, 30.458696897772445], [-91.11429273445044, 30.46001987414669], [-91.11413464245042, 30.4603703272417], [-91.11391505346324, 30.460562269645106], [-91.11313120864473, 30.460594640493813], [-91.11316020627355, 30.46111635124038], [-91.10949892892214, 30.46278933583711], [-91.11390693985463, 30.46989850502747], [-91.10963379089468, 30.471355259302737], [-91.10920202165947, 30.471026481761694]]]}, "properties": {"title": "Unknown substation at Wooddale Blvd", "OBJECTID": 86}}, {"type": "Feature", "geometry": {"type": "Polygon", "coordinates": [[[-91.09392430332295, 30.365337119884344], [-91.08749874249224, 30.363385767902916], [-91.08674569378825, 30.3618225021692], [-91.08068555499516, 30.35998205860233], [-91.07934257667478, 30.360668300323407], [-91.07489916341616, 30.358556072396965], [-91.07392775923171, 30.359646689645288], [-91.07425414169684, 30.360920188904842], [-91.07255153935435, 30.36403945979537], [-91.0713016037281, 30.366329354445142], [-91.07316769941903, 30.36721635968733], [-91.07111136419537, 30.37074435155888], [-91.06944707868197, 30.37234236734874], [-91.06835035335924, 30.37236167911294], [-91.06796453224067, 30.374110287377476], [-91.06906358279898, 30.375144218487137], [-91.06807855509959, 30.378505772408555], [-91.06792322580166, 30.3803122767906], [-91.06295690464012, 30.389152777414658], [-91.05449528100473, 30.38759707880339], [-91.05319122593153, 30.38489062476843], [-91.04551250690209, 30.38255916820059], [-91.04184335138098, 30.384197409706815], [-91.04115012125928, 30.383296492696545], [-91.04115358707912, 30.379140144488098], [-91.03815034552461, 30.377561822426372], [-91.0393739315899, 30.37532045850516], [-91.04613375009309, 30.36773202296781], [-91.04234955808671, 30.36281318406867], [-91.04366452682999, 30.364522459268112], [-91.03755955326089, 30.356727029443977], [-91.03553197684485, 30.35409124154243], [-91.02868393265175, 30.34612857198447], [-91.02351175226644, 30.341262562147136], [-91.01862241735859, 30.336661246244116], [-91.0078881086363, 30.32723533379703], [-91.00965018586288, 30.31924521302662], [-91.03739518573667, 30.30684843990593], [-91.07820634302553, 30.306129330153365], [-91.07978314684624, 30.31228501092864], [-91.07729729982522, 30.31611873082151], [-91.08125199738485, 30.318648829791723], [-91.0873670418515, 30.342516129529027], [-91.0862558051991, 30.34755389905896], [-91.09263543859653, 30.349852932933167], [-91.0897944147408, 30.353153453387428], [-91.09400553153664, 30.355155368185358], [-91.0945089417485, 30.358847239893453], [-91.09483330360818, 30.36122594653832], [-91.0972826093276, 30.361969787075832], [-91.09609948960379, 30.364365736735063], [-91.09392430332295, 30.365337119884344]]]}, "properties": {"title": "Pecue Entergy Power Station", "OBJECTID": 32}}, {"type": "Feature", "geometry": {"type": "Polygon", "coordinates": [[[-91.02437766538912, 30.41211855968938], [-91.01814115711308, 30.40992199753104], [-91.02020135538639, 30.407195170641334], [-91.01962173199522, 30.40503968861059], [-91.02055757741734, 30.402105366428493], [-91.02134838897221, 30.399625725922863], [-91.02420803092956, 30.401459915235407], [-91.0259650578637, 30.400738497943298], [-91.02725943946443, 30.391455439652674], [-91.02698441634386, 30.39043253493324], [-91.02835026563828, 30.390292146532964], [-91.02994419091945, 30.391012111280304], [-91.03019591477205, 30.391221351855744], [-91.03373280256359, 30.391859518861125], [-91.03460087320865, 30.391162923748578], [-91.03545310301261, 30.391275542493748], [-91.03671872839867, 30.39003050834117], [-91.04110003962063, 30.390439405625703], [-91.04126777794285, 30.389913393764303], [-91.04171543644951, 30.389655524059158], [-91.04379505861819, 30.39097075558057], [-91.04634674957354, 30.3912556296872], [-91.0470954687404, 30.39077617487978], [-91.05576893098237, 30.4008537093739], [-91.05817330862669, 30.40377666499069], [-91.05726563917342, 30.4053338420984], [-91.05568296280869, 30.40549649193221], [-91.05554228413396, 30.41064745739578], [-91.0572933343833, 30.41485462169778], [-91.05978490283557, 30.418641989531995], [-91.06027507532801, 30.42742986819665], [-91.053497201892, 30.43021200338532], [-91.04633086093561, 30.432216988685497], [-91.04580392364424, 30.430951186118005], [-91.04112022271056, 30.430001857329525], [-91.03615390091214, 30.424037561621173], [-91.02531062044221, 30.42342832280262], [-91.02376175819713, 30.419707282091462], [-91.02437766538912, 30.41211855968938]]]}, "properties": {"title": "Weiner Entergy Power Station", "OBJECTID": 10}}, {"type": "Feature", "geometry": {"type": "Polygon", "coordinates": [[[-91.00841346031774, 30.410992093372226], [-90.99268275110687, 30.409264631200802], [-90.96998560171298, 30.38816897900463], [-90.97492953330911, 30.378074188504517], [-90.9741252036369, 30.356735223321717], [-90.97772511537066, 30.34757050415451], [-90.98351523679206, 30.345983201345536], [-90.98573891704143, 30.345126186444226], [-90.98636042400261, 30.343145726512898], [-90.99097767317042, 30.34165886775866], [-90.99087457413246, 30.3400529949661], [-90.99307722388914, 30.338641084737244], [-90.99527028660565, 30.340680637756034], [-90.99920378320273, 30.341112899298544], [-91.00341187719864, 30.334793599935654], [-91.01361492952641, 30.332409331557336], [-91.02217748036861, 30.340372788119584], [-91.03034111417847, 30.348593417398774], [-91.0331891997147, 30.351813003024443], [-91.0371171322834, 30.356253070016745], [-91.04594099142268, 30.367756994865445], [-91.04010795074853, 30.374516591036436], [-91.03730794197266, 30.37541795712535], [-91.03222466280737, 30.376605312507543], [-91.03003636392236, 30.376364922475044], [-91.02486661514052, 30.38023224474775], [-91.02376250443429, 30.385776833109922], [-91.021327644201, 30.386444056811605], [-91.02263596012519, 30.389058110322612], [-91.02662320938664, 30.38960005350669], [-91.02732862345643, 30.391427399923366], [-91.02580394009331, 30.40063009521549], [-91.02435731301438, 30.401556805461645], [-91.02133908587953, 30.399639499686426], [-91.0195647724923, 30.405081543720485], [-91.02029002921863, 30.407177433711123], [-91.01811565403183, 30.409696237985397], [-91.01795225722152, 30.41068232666985], [-91.01387526368238, 30.409495767540545], [-91.00841346031774, 30.410992093372226]]]}, "properties": {"title": "Shenandoah Entergy Power Station", "OBJECTID": 9}}, {"type": "Feature", "geometry": {"type": "Polygon", "coordinates": [[[-91.03545310301261, 30.391275542493748], [-91.03460429749511, 30.391160175873427], [-91.03373280256359, 30.391859518861125], [-91.03019591477205, 30.391221351855744], [-91.02994419091945, 30.391012111280304], [-91.02835026563828, 30.390292146532964], [-91.02698441634386, 30.39043253493324], [-91.02662320938664, 30.38960005350669], [-91.02263596012519, 30.389058110322612], [-91.02134777472438, 30.386484278716317], [-91.02376250443429, 30.385776833109922], [-91.02486661514052, 30.38023224474775], [-91.03003636392236, 30.376364922475044], [-91.03221321827252, 30.376607985712557], [-91.03730794197266, 30.37541795712535], [-91.0401045622239, 30.37450029572215], [-91.0393739315899, 30.37532045850516], [-91.03815276741915, 30.377563095237868], [-91.04105908973747, 30.379090482790854], [-91.04115012125928, 30.383296492696545], [-91.04184335138098, 30.384197409706815], [-91.04204661590614, 30.384915952463572], [-91.04709190433422, 30.390778457412303], [-91.04634674957354, 30.3912556296872], [-91.04379505861819, 30.39097075558057], [-91.04171543644951, 30.389655524059158], [-91.04126777794285, 30.389913393764303], [-91.04110003962063, 30.390439405625703], [-91.03671872839867, 30.39003050834117], [-91.03545310301261, 30.391275542493748]]]}, "properties": {"title": "Unknown substation at Jefferson Hwy#2", "OBJECTID": 87}}, {"type": "Feature", "geometry": {"type": "Polygon", "coordinates": [[[-91.1822002733929, 30.550874620969694], [-91.18171069066163, 30.553748543829705], [-91.1812283085249, 30.553695230278226], [-91.17953481783675, 30.554066295337964], [-91.17716723965586, 30.55364180714308], [-91.17688820779163, 30.55356840667747], [-91.17525726045685, 30.552534638625943], [-91.1757555176799, 30.550150062005233], [-91.17721836642296, 30.55006268654232], [-91.1822002733929, 30.550874620969694]]]}, "properties": {"title": "Unknown substation at ExxonMobil Baton Rouge Plastics Plant", "OBJECTID": 89}}, {"type": "Feature", "geometry": {"type": "Polygon", "coordinates": [[[-91.21563750851966, 30.56024879750426], [-91.20751458746624, 30.56248075231023], [-91.20567336175291, 30.562960805685524], [-91.20513095362143, 30.561776554800723], [-91.2038977691912, 30.562123910302006], [-91.20311552808496, 30.560614406913466], [-91.20470653321523, 30.560240910020777], [-91.20436285510806, 30.559167303268964], [-91.2133782795885, 30.556816643143154], [-91.21446798599969, 30.5565608189271], [-91.21610592120143, 30.558390103501612], [-91.21563750851966, 30.56024879750426]]]}, "properties": {"title": "Unknown substation at ExxonMobil Baton Rouge Polyolefins", "OBJECTID": 90}}, {"type": "Feature", "geometry": {"type": "Polygon", "coordinates": [[[-91.18143443958651, 30.509501180785676], [-91.18207021509352, 30.515784177350916], [-91.17922034810083, 30.51674320671166], [-91.17840499741934, 30.519830481343135], [-91.1745147458573, 30.520894078089395], [-91.17520460108916, 30.52142599739388], [-91.17672488845471, 30.52194122509386], [-91.17359644552099, 30.523517074852343], [-91.17524816076023, 30.52728764188056], [-91.17786235655755, 30.528173541681145], [-91.17839923035085, 30.53104219202111], [-91.17498834967576, 30.53114143188713], [-91.17354565671056, 30.53348677945215], [-91.1746346398351, 30.534914382228475], [-91.17234876757504, 30.536065663626218], [-91.17254048499183, 30.540998758460145], [-91.17403876899566, 30.54101053303914], [-91.17542157274657, 30.541614665739996], [-91.17545122231101, 30.542377553632914], [-91.17646513856081, 30.54266598113205], [-91.1777648428543, 30.542552879721526], [-91.17740667469882, 30.54464058971182], [-91.17646283539078, 30.54468645227153], [-91.16736468387255, 30.54495112635979], [-91.16409987780267, 30.539940422557248], [-91.15539912987539, 30.536408002019655], [-91.15554995541181, 30.52665014621742], [-91.1565721510309, 30.5227799220967], [-91.15772461413222, 30.52090619158339], [-91.15761642353432, 30.518121786426633], [-91.15764503463693, 30.5180231989323], [-91.15610691044706, 30.517636721413616], [-91.15415213147777, 30.516129404548614], [-91.15262431039757, 30.517188078927585], [-91.15401153461822, 30.511935239418825], [-91.16070967596133, 30.516657865361193], [-91.16324425766894, 30.516534670669184], [-91.16364020585586, 30.514226075998366], [-91.16500048544336, 30.509075110340202], [-91.16665912551628, 30.507676130080036], [-91.17283363395823, 30.506406898548374], [-91.17611149753849, 30.506121549270386], [-91.17624429557621, 30.505347187196236], [-91.17726703340742, 30.505317422664106], [-91.177271069108, 30.505056256951825], [-91.17739324510718, 30.504848570401894], [-91.17925291046075, 30.505008796810362], [-91.1789453496206, 30.506173508880547], [-91.1809385874365, 30.507710638265408], [-91.18337993693827, 30.507208796787612], [-91.18326549514717, 30.50888495421554], [-91.18143443958651, 30.509501180785676]]]}, "properties": {"title": "Goudchaux Entergy Power Station", "OBJECTID": 26}}, {"type": "Feature", "geometry": {"type": "Polygon", "coordinates": [[[-91.17867155609864, 30.493242532524246], [-91.18196808447117, 30.493366540340098], [-91.18314683977641, 30.493470715301676], [-91.18561197946941, 30.49359626759852], [-91.18544534424075, 30.49445778872553], [-91.18512502215927, 30.497087608355884], [-91.18428160183348, 30.501447942552605], [-91.18114720517752, 30.503518514248928], [-91.17934318222854, 30.505071390665634], [-91.17746116128573, 30.504905082916746], [-91.17740370133508, 30.50458274499164], [-91.1774140142782, 30.50265874216601], [-91.17686642774623, 30.501437258562678], [-91.17399040287935, 30.501605088283466], [-91.17398060656836, 30.501255684349758], [-91.17350423481471, 30.50109799980871], [-91.17233142975361, 30.501142352207932], [-91.17195593083582, 30.50157094627668], [-91.17022830214074, 30.50163628032006], [-91.16933042647774, 30.48767929969051], [-91.17285107856561, 30.48751112221395], [-91.17644917969531, 30.48737503237358], [-91.17645603699278, 30.487977706520176], [-91.17827635884068, 30.489113754685643], [-91.17665934265175, 30.490733470240794], [-91.17671242947405, 30.492627101803315], [-91.1767387749383, 30.493036635162678], [-91.17867155609864, 30.493242532524246]]]}, "properties": {"title": "Esso Entergy Power Station", "OBJECTID": 17}}, {"type": "Feature", "geometry": {"type": "Polygon", "coordinates": [[[-91.17726703340742, 30.505317422664106], [-91.17624275742146, 30.50535615640545], [-91.17611149753849, 30.506121549270386], [-91.17283529537765, 30.506406557024864], [-91.17242877178205, 30.50486350953481], [-91.17103405298882, 30.50388982320459], [-91.1709840003073, 30.50328588603396], [-91.17162454063704, 30.501614292087925], [-91.17195593083582, 30.50157094627668], [-91.17233142975361, 30.501142352207932], [-91.17350423481471, 30.50109799980871], [-91.17398060656836, 30.501255684349758], [-91.17399020182101, 30.50162873073087], [-91.17686642774623, 30.501437258562678], [-91.17740290055505, 30.502594701599843], [-91.177363577429, 30.50465244321211], [-91.17726703340742, 30.505317422664106]]]}, "properties": {"title": "Unknown substation at ExxonMobil Baton Rouge Chemical North", "OBJECTID": 91}}, {"type": "Feature", "geometry": {"type": "Polygon", "coordinates": [[[-91.16070967596133, 30.516657865361193], [-91.1540296382844, 30.51194800399193], [-91.15721822184854, 30.509470330294192], [-91.15627896390998, 30.50367236431323], [-91.16143526723198, 30.501199302648754], [-91.1631989894329, 30.501043124080066], [-91.16491560451183, 30.50323705008624], [-91.17022766366559, 30.501626356288156], [-91.17162229407568, 30.501620154904593], [-91.1709840003073, 30.50328588603396], [-91.17103095536542, 30.50385244729586], [-91.17242877178205, 30.50486350953481], [-91.17283350298045, 30.506406712951254], [-91.16665912551628, 30.507676130080036], [-91.16500048544336, 30.509075110340202], [-91.16398623243349, 30.51278634495455], [-91.16324425766894, 30.516534670669184], [-91.16070967596133, 30.516657865361193]]]}, "properties": {"title": "Unknown substation at 72nd Ave", "OBJECTID": 88}}, {"type": "Feature", "geometry": {"type": "Polygon", "coordinates": [[[-91.17011679793484, 30.501654088371776], [-91.16480473878114, 30.503264781711252], [-91.16308812370222, 30.501070856330628], [-91.16132440150129, 30.501227034854786], [-91.15627896390998, 30.50367236431323], [-91.15721813161477, 30.509469773304872], [-91.14912481844999, 30.509292890784803], [-91.14587609277764, 30.509238427511256], [-91.14404490237786, 30.50776522318894], [-91.14359880282264, 30.502230609867542], [-91.14447166314089, 30.50007686892757], [-91.14422277003294, 30.49909950614091], [-91.1431235482785, 30.497981777846853], [-91.14077980291722, 30.497949077351898], [-91.14052359112472, 30.495933894271356], [-91.14057504465421, 30.49454511042445], [-91.14337923779051, 30.494339934758806], [-91.14329891930889, 30.492719926431636], [-91.13887105594412, 30.492686202657154], [-91.1377600221447, 30.490972769552876], [-91.13589121694194, 30.490941434063494], [-91.1359253368598, 30.489125674136186], [-91.13721456204007, 30.488507250519913], [-91.13547839524598, 30.484127109433288], [-91.13826052857422, 30.484173762560655], [-91.13863815077684, 30.482609208820637], [-91.13950214731733, 30.48174732939875], [-91.14159255702572, 30.484286513642825], [-91.14308957197714, 30.48410939932836], [-91.14355793406324, 30.480068138304564], [-91.1448273860676, 30.47903487502635], [-91.14462562986762, 30.47521212131657], [-91.15368867812839, 30.47485683445506], [-91.15460879702455, 30.475155273426193], [-91.15642266851819, 30.47661503383755], [-91.16364668100955, 30.47621013134799], [-91.1642652809994, 30.475105406133316], [-91.16587619949188, 30.475015113658237], [-91.16577668286874, 30.473682904061288], [-91.16703607616962, 30.473651922477238], [-91.1684052535419, 30.47651898701292], [-91.16880462632965, 30.4825232532226], [-91.17011679793484, 30.501654088371776]]]}, "properties": {"title": "Delmont Entergy Power Station", "OBJECTID": 27}}, {"type": "Feature", "geometry": {"type": "Polygon", "coordinates": [[[-91.11204642188535, 30.48182360794124], [-91.11281201196746, 30.482270026065592], [-91.11663079313303, 30.482066629829582], [-91.12198776180476, 30.48381608621971], [-91.12558727003376, 30.480713047554847], [-91.13261823436802, 30.483067696951743], [-91.13255062866999, 30.484050656772528], [-91.1354930362384, 30.48419794855053], [-91.13721039482675, 30.488530636687152], [-91.1359475704204, 30.489148908132204], [-91.1359090983901, 30.49093835197436], [-91.13777714688948, 30.49096848714286], [-91.13886545778936, 30.492694806598262], [-91.1432881922738, 30.49276615239832], [-91.14342611155243, 30.494413429519184], [-91.14056431761911, 30.49459133552399], [-91.14051347624509, 30.495984933545834], [-91.14079410830499, 30.49794907706982], [-91.1431235482785, 30.49801567385407], [-91.14422277003294, 30.499133401758677], [-91.14446855029662, 30.50009854063607], [-91.14359897822526, 30.502223200278458], [-91.14406278382602, 30.50776214163284], [-91.14583400222907, 30.509193056672878], [-91.14284494513281, 30.50904346813871], [-91.14157444456545, 30.509665366615806], [-91.1382787281505, 30.508837193759103], [-91.1375702778584, 30.509764792838485], [-91.13555407879171, 30.50974633960655], [-91.13478126403132, 30.510539154670735], [-91.13243762739934, 30.510824580603476], [-91.12741592194261, 30.509679364351584], [-91.12723753885852, 30.505333843088895], [-91.12348309165627, 30.50516550999879], [-91.12071715131525, 30.504120239685168], [-91.12050489598188, 30.501585350690522], [-91.12046815350377, 30.501328201989924], [-91.12023223620167, 30.50127439533016], [-91.1199700892878, 30.501306324662888], [-91.11981131468431, 30.50156552250075], [-91.11549030330173, 30.50571576522432], [-91.11189005260925, 30.506154252600894], [-91.111413729505, 30.50237823298293], [-91.10470343481634, 30.50244937037727], [-91.10167819233104, 30.50222119860339], [-91.10069947402667, 30.49955209563037], [-91.09908546757445, 30.48675570549848], [-91.11001878431045, 30.48542382618104], [-91.11204642188535, 30.48182360794124]]]}, "properties": {"title": "Unknown substation at Evangeline St", "OBJECTID": 79}}, {"type": "Feature", "geometry": {"type": "Polygon", "coordinates": [[[-91.11551785113798, 30.386532473369606], [-91.11544013390488, 30.386561228687665], [-91.1153274053122, 30.386506960129402], [-91.11618786678906, 30.38720987323022], [-91.11657504417552, 30.387644039705577], [-91.1171912888404, 30.388291973084094], [-91.11684869220878, 30.39086294925007], [-91.11952930867986, 30.393681284999296], [-91.11518644687091, 30.39963254350999], [-91.11613579803333, 30.40031688691128], [-91.11223926326556, 30.405476487191503], [-91.11204433017362, 30.406361344331586], [-91.11126511203634, 30.406020924800323], [-91.10832135176032, 30.407838010703934], [-91.1043050794077, 30.41168524169301], [-91.10065410247464, 30.413180959063588], [-91.09881545187699, 30.416417527416087], [-91.09296172369753, 30.41558754844075], [-91.09334259766823, 30.41285841772023], [-91.09465866909791, 30.41206269581878], [-91.09571591648088, 30.410166846471995], [-91.09500702359121, 30.409139638711583], [-91.09586343983678, 30.407224151668725], [-91.09568988782058, 30.405506030200595], [-91.09437608879506, 30.40237076289087], [-91.09121918616262, 30.398283745196935], [-91.08591303070433, 30.39400348515374], [-91.09047443220288, 30.391754160449143], [-91.09386715521306, 30.3889090097682], [-91.09473510355015, 30.38598221593186], [-91.09623371470171, 30.384845110860894], [-91.09980350696307, 30.38352425846771], [-91.09910685738015, 30.38210910082876], [-91.09712734777138, 30.381016186778673], [-91.09877247493407, 30.378278665059483], [-91.10044542990417, 30.379034434218426], [-91.10107298700375, 30.379317936039012], [-91.10114521248147, 30.379819208896], [-91.10184499505876, 30.380603977272305], [-91.10340724050644, 30.378004363114503], [-91.10291172625062, 30.376490234898068], [-91.10166464092124, 30.37548405428942], [-91.10399919984256, 30.375270942821995], [-91.1059845199211, 30.371967130116857], [-91.1084817593568, 30.370311469170822], [-91.10941361087505, 30.372204634361967], [-91.11177040491829, 30.376710223995183], [-91.11818364582098, 30.379797877431102], [-91.11733120485255, 30.38366830934194], [-91.11532740531182, 30.38650696012943], [-91.11551785113798, 30.386532473369606]]]}, "properties": {"title": "Dawson Creek Entergy Power Station", "OBJECTID": 43}}, {"type": "Feature", "geometry": {"type": "Polygon", "coordinates": [[[-91.16701392769683, 30.544923032503547], [-91.15619134660324, 30.54484450000101], [-91.15616632013204, 30.547443066751548], [-91.1567887199599, 30.55237478262943], [-91.16379674290626, 30.555197742456595], [-91.16347991331085, 30.558485753305263], [-91.16054690964445, 30.559721311153258], [-91.15266193999702, 30.56469232647382], [-91.14725264412684, 30.564550765486445], [-91.14569931109067, 30.569165777641665], [-91.14517279880933, 30.574628996644226], [-91.1394050518713, 30.583846450222932], [-91.13309706841271, 30.590634201903487], [-91.12358473575854, 30.583432514565366], [-91.1054386396225, 30.5826195739397], [-91.09682435493615, 30.57010133846183], [-91.08763786915243, 30.56566202492998], [-91.0993921021969, 30.553609737180878], [-91.09462155424156, 30.534885177316802], [-91.09387232488622, 30.511190401060475], [-91.1033769539175, 30.515020643207453], [-91.10476529129889, 30.50973249474072], [-91.10174186128947, 30.502147626174377], [-91.10457687289434, 30.502416817627378], [-91.111413729505, 30.50234433849592], [-91.11189005260925, 30.50612035942989], [-91.11549030330173, 30.5056818719005], [-91.11749755680687, 30.503622554770903], [-91.1197618065351, 30.501612449140197], [-91.11996493021111, 30.50128085195354], [-91.12024245689557, 30.50127657790047], [-91.12047471844885, 30.501334947130808], [-91.12060831141513, 30.50408894726228], [-91.12346521020811, 30.505168591637176], [-91.12721965741035, 30.505336924721938], [-91.12739804049444, 30.509682445846924], [-91.13241974595117, 30.510827662062532], [-91.13476338258316, 30.51054223613882], [-91.13553619734353, 30.509749421099777], [-91.137555296089, 30.509764077697103], [-91.13826084670231, 30.508840275281134], [-91.14155656311728, 30.509668448111576], [-91.1428400028999, 30.50904712976969], [-91.1507474328872, 30.509401650061545], [-91.15476862849538, 30.50933972674259], [-91.15730827798667, 30.50945358872872], [-91.15406159684454, 30.511966049422103], [-91.15264576545033, 30.517225049214687], [-91.1541746423647, 30.51616564361459], [-91.15615697267343, 30.51766752960996], [-91.15765591110512, 30.518044160999818], [-91.15777467635857, 30.520936998743377], [-91.15646960059327, 30.52302387477653], [-91.15545063061539, 30.5267865558848], [-91.15544919210176, 30.536438804264645], [-91.16446221225928, 30.540069994487595], [-91.16701392769683, 30.544923032503547]]]}, "properties": {"title": "Mickens Entergy Power Station", "OBJECTID": 53}}, {"type": "Feature", "geometry": {"type": "Polygon", "coordinates": [[[-90.92754582744699, 30.487710872102994], [-90.92030028737442, 30.488512140673624], [-90.92081527150522, 30.48723010773745], [-90.92619247395726, 30.48648802661882], [-90.9263769191021, 30.48157915269115], [-90.92792910446151, 30.481598658356035], [-90.92815333714998, 30.483670426872138], [-90.93237811728207, 30.483870656828252], [-90.93203228541756, 30.485928900576493], [-90.93110173964226, 30.487425058758262], [-90.92754582744699, 30.487710872102994]]]}, "properties": {"title": "Polyform Entergy Power Station", "OBJECTID": 80}}, {"type": "Feature", "geometry": {"type": "Polygon", "coordinates": [[[-90.9248068096603, 30.51331324782687], [-90.92246245368267, 30.51296372386363], [-90.92071145325099, 30.50918209156889], [-90.91716301495411, 30.507247220669598], [-90.9168373440878, 30.506673834002132], [-90.91638292718879, 30.5063715918675], [-90.9164075903367, 30.50278361579042], [-90.9126867480266, 30.5023138385496], [-90.91169560224277, 30.49964313247926], [-90.9100044311951, 30.49927816812929], [-90.90788155128064, 30.497551759503555], [-90.90834650448099, 30.494734040354295], [-90.91474411955441, 30.49430943561297], [-90.91461847482765, 30.491724078404957], [-90.91667125792064, 30.48925869660832], [-90.93110173964226, 30.487425058758262], [-90.93122460710104, 30.49099146082442], [-90.93094693222004, 30.50325977832389], [-90.92864887939217, 30.503248012599556], [-90.92855797783923, 30.504150276750938], [-90.92631087773034, 30.505927171586205], [-90.9248068096603, 30.51331324782687]]]}, "properties": {"title": "Unknown substation at Lockhart Rd", "OBJECTID": 82}}, {"type": "Feature", "geometry": {"type": "Polygon", "coordinates": [[[-91.19251798553164, 30.438361824332418], [-91.18945574970392, 30.438415390172032], [-91.18797708948074, 30.43816409621316], [-91.1869698237641, 30.437992913994332], [-91.18591467942915, 30.43809682575178], [-91.18437637459016, 30.43824831948077], [-91.18290933522698, 30.438166525484593], [-91.18136646280246, 30.43831846892483], [-91.18024601732799, 30.438185085320885], [-91.17875634479205, 30.438007744592454], [-91.17825510611866, 30.43568151629963], [-91.17629889367555, 30.43200778770537], [-91.17235068397, 30.428017556618965], [-91.16645697691273, 30.425704750687977], [-91.1687042473111, 30.4212130979718], [-91.17111403890281, 30.417325321219508], [-91.16883429353378, 30.416012549238662], [-91.16690193149621, 30.408501035552487], [-91.17142525388799, 30.407537175606716], [-91.17248693304093, 30.41128005573519], [-91.17178444842214, 30.41159680995992], [-91.17250517544971, 30.41400267840019], [-91.17255849977906, 30.41460532335606], [-91.18284700299057, 30.415830409030722], [-91.18710668202546, 30.415410814784305], [-91.18705633952831, 30.410852149742983], [-91.18704203528671, 30.409556757649185], [-91.19087119875358, 30.41012906288597], [-91.19708422649354, 30.411185247788637], [-91.19401100010347, 30.429476502665427], [-91.19251798553164, 30.438361824332418]]]}, "properties": {"title": "Unknown substation at Alaska St", "OBJECTID": 28}}, {"type": "Feature", "geometry": {"type": "Polygon", "coordinates": [[[-91.18036610810512, 30.45608024519022], [-91.18177383293772, 30.444196216043746], [-91.18125990916145, 30.443081901677594], [-91.17963018643508, 30.44188124336464], [-91.17880261005239, 30.437975199917044], [-91.1814179296903, 30.438289971442586], [-91.18297467127366, 30.438148401866133], [-91.18451590720987, 30.438237526394385], [-91.18701609767686, 30.438010159659044], [-91.18947756441462, 30.438431870110726], [-91.19236629580936, 30.43834480025759], [-91.19184451760165, 30.44491106293724], [-91.19213192787892, 30.454209701817014], [-91.19113734887263, 30.45381225969043], [-91.18670327481091, 30.45556233065013], [-91.18502242295507, 30.458558798656224], [-91.18036610810512, 30.45608024519022]]]}, "properties": {"title": "Beauregard Entergy Power Station", "OBJECTID": 92}}, {"type": "Feature", "geometry": {"type": "Polygon", "coordinates": [[[-91.15352325957001, 30.439031594557854], [-91.15065450155792, 30.439139417477463], [-91.15007181982428, 30.438084577392345], [-91.14913449089156, 30.43798358649925], [-91.14529945231938, 30.43815903362369], [-91.1447422586872, 30.438892209456355], [-91.14246803513984, 30.439711746645838], [-91.14043957822601, 30.441350019441213], [-91.13632525920225, 30.4395947705462], [-91.13487227350474, 30.437334943135916], [-91.13342903110596, 30.436529230247075], [-91.13240496123544, 30.43544527064586], [-91.13155989465241, 30.43428492563857], [-91.12987666549472, 30.433566778976104], [-91.12831976511632, 30.433658330340094], [-91.12810040555593, 30.434068844080606], [-91.12706200914616, 30.434417040865828], [-91.12710589621433, 30.43417087166833], [-91.12791316660807, 30.431702433514975], [-91.13064858414329, 30.42810275245582], [-91.13377276993103, 30.42809297888041], [-91.13378651407776, 30.4314048562418], [-91.13621462989839, 30.43094380708191], [-91.13636155596664, 30.4320552826677], [-91.13756273770457, 30.432184709776042], [-91.13907952372745, 30.431953119815645], [-91.13973677114575, 30.430723102385922], [-91.13924960851118, 30.428851667372687], [-91.13901655826244, 30.427088610364223], [-91.14144591322308, 30.423467304157295], [-91.1440973235136, 30.423753018045293], [-91.14615487393506, 30.42104517001948], [-91.14730242652276, 30.42068731237847], [-91.1531103074752, 30.42522675739365], [-91.15280429247468, 30.42613292766423], [-91.15376057364293, 30.42786430822948], [-91.15640989308415, 30.4279723289642], [-91.15626799608975, 30.430559814436126], [-91.15395781442771, 30.43064665068963], [-91.15402346667304, 30.431391405636894], [-91.15521177945293, 30.431346739097776], [-91.15521531613777, 30.432187253862676], [-91.15426143341482, 30.432616349362995], [-91.15427757732361, 30.436452939029973], [-91.15437205817355, 30.439539777809685], [-91.15352325957001, 30.439031594557854]]]}, "properties": {"title": "Unknown substation at Broussard St", "OBJECTID": 37}}, {"type": "Feature", "geometry": {"type": "Polygon", "coordinates": [[[-91.14414178102734, 30.464193191023174], [-91.14341090835038, 30.465422632164227], [-91.14407084578234, 30.470014702704034], [-91.14351804662655, 30.469040431508382], [-91.13207867267307, 30.46930638813631], [-91.13175362793974, 30.465886031708127], [-91.13229862777486, 30.462826559732783], [-91.1311159866381, 30.459943680554293], [-91.1338343051639, 30.457181926180386], [-91.13374584200837, 30.456741008298476], [-91.13077011687062, 30.45507513372139], [-91.13069484179815, 30.450686625764163], [-91.13108915403048, 30.449476170860954], [-91.13058264553081, 30.444145183956], [-91.12854479106768, 30.443903227100513], [-91.12932956321986, 30.440503609384958], [-91.125515859066, 30.43715852928956], [-91.12651668312965, 30.43579635192594], [-91.12700935335677, 30.434417702438225], [-91.12808774785796, 30.434068067200915], [-91.12833464133126, 30.4336526222139], [-91.12987039349845, 30.43357192620878], [-91.13156803907212, 30.434277982901754], [-91.13239778365994, 30.435436241454898], [-91.13344387371858, 30.436527530558223], [-91.13484977116802, 30.4373428264416], [-91.13635805912126, 30.43956756652977], [-91.14039867728913, 30.44134195946096], [-91.14244556847287, 30.439716167232838], [-91.14472134061945, 30.43897835886628], [-91.14529684585611, 30.438174630266776], [-91.14918948804497, 30.437970100971953], [-91.15006375058611, 30.43807390958147], [-91.15066305273467, 30.439130474414853], [-91.15353686812767, 30.439027692524927], [-91.15433974263797, 30.43949327746062], [-91.15966303319043, 30.445046216533427], [-91.15950835908271, 30.446812854245035], [-91.15842385229811, 30.44691459670328], [-91.15817261833843, 30.44761754232094], [-91.15716321373368, 30.447895019394625], [-91.15555835823646, 30.449445793776537], [-91.15487283053396, 30.44974407587953], [-91.1548453378916, 30.450554135340965], [-91.15424675802815, 30.450941049877606], [-91.15438182493416, 30.45236255444222], [-91.15529738850522, 30.456177783014052], [-91.16139025213717, 30.456901102985697], [-91.16265551780859, 30.45693898954503], [-91.16271279786868, 30.460278198868245], [-91.16195997754849, 30.46130257375079], [-91.15759368529724, 30.461712133710737], [-91.15576993821402, 30.46368383827302], [-91.14414178102734, 30.464193191023174]]]}, "properties": {"title": "East Entergy Power Station", "OBJECTID": 93}}, {"type": "Feature", "geometry": {"type": "Polygon", "coordinates": [[[-91.08701972210763, 30.566154247027363], [-91.07373494276867, 30.580650577410296], [-91.05469420125921, 30.584165758644208], [-91.04655995449146, 30.581377510839147], [-91.034149102824, 30.581467773747157], [-91.02933940611625, 30.580836856456205], [-91.0253402215771, 30.581472179649253], [-91.01873778400926, 30.581408574911926], [-91.01031053759752, 30.581044325454595], [-90.99093834632487, 30.58085770205316], [-90.9652975002968, 30.563481350118263], [-90.97102687866513, 30.54690757603755], [-90.97448303474606, 30.541227510931147], [-90.9798605962162, 30.527665491740432], [-90.99174371311773, 30.531161294040746], [-91.00734061083976, 30.51653576772422], [-91.01007446561599, 30.516322596274815], [-91.01483409068648, 30.512810990178224], [-91.01562137243482, 30.51738804614635], [-91.02368684952312, 30.51860588113147], [-91.02802862836839, 30.51582460266813], [-91.03111853315355, 30.510402023441195], [-91.03944251369141, 30.50841179918959], [-91.0534107215033, 30.506191076752117], [-91.06414341215769, 30.503031087828916], [-91.06920523720764, 30.501064059978283], [-91.08126686452266, 30.506047525421835], [-91.09374297450502, 30.511201972708506], [-91.09449281213782, 30.534915980890855], [-91.09946249748299, 30.554422076949106], [-91.08701972210763, 30.566154247027363]]]}, "properties": {"title": "Zoar Entergy Power Station", "OBJECTID": 56}}, {"type": "Feature", "geometry": {"type": "Polygon", "coordinates": [[[-91.00997584810966, 30.611587942862073], [-90.98831600575761, 30.607475805808814], [-90.97469563701999, 30.596714469568557], [-90.97369956970354, 30.592631703766934], [-90.97788894000269, 30.59407528592554], [-90.98059972445671, 30.592663328514533], [-90.97767770734288, 30.58846499933004], [-90.98032178341485, 30.58807770603417], [-90.98212078294016, 30.583915627865046], [-90.98645805548108, 30.583146018225065], [-90.98369897365852, 30.579181408621686], [-90.98431590240857, 30.57649750780255], [-90.99094134552963, 30.580869643361947], [-91.01140578523916, 30.58111899405336], [-91.01864899342526, 30.581401798971314], [-91.0252878706689, 30.581482690557213], [-91.02935469801766, 30.58088527053431], [-91.0341401046942, 30.581474521486296], [-91.04646149735434, 30.581371580183205], [-91.05466645726595, 30.584199171057527], [-91.07373546173376, 30.580815513596576], [-91.07440139232908, 30.61558817332953], [-91.05607978263697, 30.62667474641558], [-91.04531127353101, 30.623284507555294], [-91.03194498229188, 30.625655232439744], [-91.02307698517187, 30.620851465888524], [-91.00997584810966, 30.611587942862073]]]}, "properties": {"title": "Unknown substation at Denham Rd", "OBJECTID": 94}}, {"type": "Feature", "geometry": {"type": "Polygon", "coordinates": [[[-91.2760892210732, 30.68001310376944], [-91.26079290450888, 30.688195780191908], [-91.24300109087625, 30.694413554880658], [-91.24053929050125, 30.681729068610842], [-91.23801915834068, 30.674859719895096], [-91.23912045961028, 30.654638055379], [-91.24108045463909, 30.653436974149447], [-91.27694928716255, 30.6598996967099], [-91.27709753585385, 30.66066377148135], [-91.28167693083843, 30.660651835240714], [-91.28265254107914, 30.659626183124708], [-91.2951251746608, 30.676680616071028], [-91.29498212438625, 30.685759997335943], [-91.28294090285236, 30.687256741538043], [-91.2760892210732, 30.68001310376944]]]}, "properties": {"title": "Horseshoe Entergy Power Station", "OBJECTID": 61}}, {"type": "Feature", "geometry": {"type": "Polygon", "coordinates": [[[-91.28823010520257, 30.653694403139507], [-91.28165833440379, 30.66066418096026], [-91.2770846708899, 30.660664143250663], [-91.27696350193362, 30.659900750785035], [-91.27262910444686, 30.65913261670317], [-91.26423125668217, 30.657646437114092], [-91.2649274844405, 30.654229256990607], [-91.2682887861602, 30.649282519525276], [-91.27172539415616, 30.632412549655317], [-91.28498454071362, 30.633243039614015], [-91.28823010520257, 30.653694403139507]]]}, "properties": {"title": "Repapco Entergy Power Station", "OBJECTID": 51}}, {"type": "Feature", "geometry": {"type": "Polygon", "coordinates": [[[-91.24106270975422, 30.653500455622446], [-91.23399597957706, 30.621351293187374], [-91.244753431978, 30.622976241271424], [-91.27167565705707, 30.632823814885178], [-91.2682066649849, 30.649205494188266], [-91.26496655649494, 30.654164988600698], [-91.26416181876374, 30.657556498934152], [-91.24106270975422, 30.653500455622446]]]}, "properties": {"title": "Port Hudson Entergy Power Station", "OBJECTID": 95}}]}