{
"type": "FeatureCollection",
"name": "BREC_Park",
"crs": { "type": "name", "properties": { "name": "urn:ogc:def:crs:OGC:1.3:CRS84" } },
"features": [
{ "type": "Feature", "properties": { "ID": 1, "BG_ID": 140, "PARKID": "REAMS", "FACILITY_NAME": "Reames Road Park", "CLASSIFICATION": "Neighborhood", "FULL_ADDRESS": "23223 REAMES RD", "CITY": "ZACHARY", "STATE": "LOUISIANA", "ZIP": 70791, "ACREAGE": 5.0, "AIRGUN_RANGE": "NO", "AIRNASIUM": "NO", "ARCHERY_RANGE": "NO", "BALL_MULTI_PURPOSE_FIELD": "NO", "BASKETBALL_INDOOR": "YES", "BASKETBALL_OUTDOOR": "YES", "BIKE_REPAIR_STATION": "NO", "BIRD_WATCHING_WILDLIFE_VIEWING": "NO", "BLUEWAY_TRAILHEAD": "NO", "BMX": "NO", "CANOE_KAYAK_LAUNCH": "NO", "CRICKET_PITCH": "NO", "CROQUET_COURT": "NO", "DISC_GOLF": "NO", "DOG_PARK": "NO", "EQUESTRIAN": "NO", "FISHING_ACCESS": "NO", "FITNESS_CENTERS": "NO", "GARDEN_ARBORETUM": "NO", "GOLF_COURSE_9_HOLE": "NO", "GOLF_COURSE_18_HOLE": "NO", "GREENWAY_TRAILHEAD": "NO", "MOUNTAIN_BIKING": "NO", "NATURE_TRAILS": "NO", "OUTDOOR_FITNESS_STATION": "NO", "PAVILION": "NO", "PLAYGROUND": "YES", "PRIMITIVE_TRAILS": "NO", "RECREATION_CENTER": "YES", "RUGBY_FIELD": "NO", "RV_PARK": "NO", "SAND_VOLLEYBALL": "YES", "SHUFFLEBOARD": "NO", "SKATE_PARK": "NO", "SOCCER_FIELD": "NO", "SPLASH_PAD": "NO", "STADIUM": "NO", "SWIMMING_POOL": "NO", "TENNIS_CENTER": "NO", "TENNIS_COURTS": "YES", "VELODROME": "NO", "WALKING_LOOP_OUTDOOR": "NO", "WALKING_TRACK_INDOOR": "NO" }, "geometry": { "type": "Polygon", "coordinates": [ [ [ -91.030076891789989, 30.691124666519848 ], [ -91.02859531628097, 30.691096160415391 ], [ -91.027596708783747, 30.691077143684105 ], [ -91.02759758498884, 30.691896452791955 ], [ -91.028235534367695, 30.691894564077131 ], [ -91.030073791233221, 30.691893795786871 ], [ -91.030076891789989, 30.691124666519848 ] ] ] } },
{ "type": "Feature", "properties": { "ID": 2, "BG_ID": 129, "PARKID": "JMWAT", "FACILITY_NAME": "James Watson Park", "CLASSIFICATION": "Neighborhood", "FULL_ADDRESS": "10555 N PARK AVE", "CITY": "BATON ROUGE", "STATE": "LOUISIANA", "ZIP": 70811, "ACREAGE": 14.76, "AIRGUN_RANGE": "NO", "AIRNASIUM": "YES", "ARCHERY_RANGE": "NO", "BALL_MULTI_PURPOSE_FIELD": "NO", "BASKETBALL_INDOOR": "NO", "BASKETBALL_OUTDOOR": "YES", "BIKE_REPAIR_STATION": "NO", "BIRD_WATCHING_WILDLIFE_VIEWING": "NO", "BLUEWAY_TRAILHEAD": "NO", "BMX": "NO", "CANOE_KAYAK_LAUNCH": "NO", "CRICKET_PITCH": "NO", "CROQUET_COURT": "NO", "DISC_GOLF": "NO", "DOG_PARK": "NO", "EQUESTRIAN": "NO", "FISHING_ACCESS": "NO", "FITNESS_CENTERS": "NO", "GARDEN_ARBORETUM": "NO", "GOLF_COURSE_9_HOLE": "NO", "GOLF_COURSE_18_HOLE": "NO", "GREENWAY_TRAILHEAD": "NO", "MOUNTAIN_BIKING": "NO", "NATURE_TRAILS": "NO", "OUTDOOR_FITNESS_STATION": "NO", "PAVILION": "NO", "PLAYGROUND": "NO", "PRIMITIVE_TRAILS": "NO", "RECREATION_CENTER": "NO", "RUGBY_FIELD": "NO", "RV_PARK": "NO", "SAND_VOLLEYBALL": "NO", "SHUFFLEBOARD": "NO", "SKATE_PARK": "NO", "SOCCER_FIELD": "NO", "SPLASH_PAD": "NO", "STADIUM": "NO", "SWIMMING_POOL": "NO", "TENNIS_CENTER": "NO", "TENNIS_COURTS": "YES", "VELODROME": "NO", "WALKING_LOOP_OUTDOOR": "NO", "WALKING_TRACK_INDOOR": "NO" }, "geometry": { "type": "MultiPolygon", "coordinates": [ [ [ [ -91.118536670985677, 30.542948851683754 ], [ -91.118482096586632, 30.543314557627959 ], [ -91.118224268960972, 30.543286306984744 ], [ -91.118289147895993, 30.542865955226269 ], [ -91.117707797187322, 30.542799284179758 ], [ -91.117679073143535, 30.542981813979551 ], [ -91.117646916609473, 30.543186145318618 ], [ -91.117614760990961, 30.543390473932142 ], [ -91.117582605233991, 30.543594805230654 ], [ -91.117550449344634, 30.543799136508095 ], [ -91.117518293322746, 30.54400346776443 ], [ -91.117469335129471, 30.544314566607305 ], [ -91.117449541280877, 30.544440330182319 ], [ -91.117097180246276, 30.544668498705693 ], [ -91.117211797320209, 30.544801743230405 ], [ -91.117478937174425, 30.545110247362455 ], [ -91.117692925358966, 30.544971679899028 ], [ -91.117883691569872, 30.544848149408608 ], [ -91.118074456263358, 30.544724618636813 ], [ -91.118265218391457, 30.544601090288023 ], [ -91.118455985261093, 30.544477558961766 ], [ -91.118646746438799, 30.544354030053498 ], [ -91.118837804473031, 30.544230839617235 ], [ -91.119028845392862, 30.544107632636493 ], [ -91.119219886882178, 30.543984424474903 ], [ -91.119410927900745, 30.543861214228652 ], [ -91.119601968438829, 30.543738006408098 ], [ -91.119916582014582, 30.543535100885393 ], [ -91.120204163512554, 30.543349625670714 ], [ -91.120235453385447, 30.543167406180164 ], [ -91.118536670985677, 30.542948851683754 ] ] ], [ [ [ -91.116973976962996, 30.544755469137293 ], [ -91.116756110820319, 30.54489663874514 ], [ -91.116565387817388, 30.545020217294926 ], [ -91.116374664339162, 30.545143795565107 ], [ -91.116183940387614, 30.545267372653608 ], [ -91.115993220127635, 30.545390950371385 ], [ -91.11580249521765, 30.545514530508822 ], [ -91.115611772964883, 30.54563810766561 ], [ -91.115421047104292, 30.545761687243768 ], [ -91.115006680792817, 30.546062542817133 ], [ -91.11442169110822, 30.546487278109257 ], [ -91.113833354927223, 30.546914436250841 ], [ -91.113939348038485, 30.547248835068547 ], [ -91.114581409917292, 30.547100789110818 ], [ -91.114602178706633, 30.547096259941252 ], [ -91.114625370196975, 30.547091458742617 ], [ -91.114655135011645, 30.547087089656024 ], [ -91.114652851112808, 30.546749787644117 ], [ -91.115114425018874, 30.546647381481733 ], [ -91.115130153961672, 30.546636989599431 ], [ -91.115420502186367, 30.54644513844617 ], [ -91.115609882073315, 30.546320006051271 ], [ -91.115799335298505, 30.546194955588618 ], [ -91.115990425367244, 30.546071797338595 ], [ -91.116181511830845, 30.545948640606909 ], [ -91.116372598860082, 30.545825484498302 ], [ -91.116563684380495, 30.545702324499143 ], [ -91.116754772552909, 30.545579164224481 ], [ -91.116945645048304, 30.545455759763104 ], [ -91.117136371535679, 30.545332183393942 ], [ -91.117351777114919, 30.545192614819658 ], [ -91.117084554269965, 30.544884013783633 ], [ -91.116973976962996, 30.544755469137293 ] ] ] ] } },
{ "type": "Feature", "properties": { "ID": 3, "BG_ID": 68, "PARKID": "KNLDB", "FACILITY_NAME": "Kinchloe Lloyd Baker Nature Reserve", "CLASSIFICATION": "Conservation", "FULL_ADDRESS": "20821 GREENWELL SPRINGS RD", "CITY": "GREENWELL SPRINGS", "STATE": "LOUISIANA", "ZIP": 70739, "ACREAGE": 32.6, "AIRGUN_RANGE": "NO", "AIRNASIUM": "NO", "ARCHERY_RANGE": "NO", "BALL_MULTI_PURPOSE_FIELD": "NO", "BASKETBALL_INDOOR": "NO", "BASKETBALL_OUTDOOR": "NO", "BIKE_REPAIR_STATION": "NO", "BIRD_WATCHING_WILDLIFE_VIEWING": "NO", "BLUEWAY_TRAILHEAD": "NO", "BMX": "NO", "CANOE_KAYAK_LAUNCH": "NO", "CRICKET_PITCH": "NO", "CROQUET_COURT": "NO", "DISC_GOLF": "NO", "DOG_PARK": "NO", "EQUESTRIAN": "NO", "FISHING_ACCESS": "NO", "FITNESS_CENTERS": "NO", "GARDEN_ARBORETUM": "NO", "GOLF_COURSE_9_HOLE": "NO", "GOLF_COURSE_18_HOLE": "NO", "GREENWAY_TRAILHEAD": "NO", "MOUNTAIN_BIKING": "NO", "NATURE_TRAILS": "NO", "OUTDOOR_FITNESS_STATION": "NO", "PAVILION": "NO", "PLAYGROUND": "YES", "PRIMITIVE_TRAILS": "NO", "RECREATION_CENTER": "NO", "RUGBY_FIELD": "NO", "RV_PARK": "NO", "SAND_VOLLEYBALL": "NO", "SHUFFLEBOARD": "NO", "SKATE_PARK": "NO", "SOCCER_FIELD": "NO", "SPLASH_PAD": "NO", "STADIUM": "NO", "SWIMMING_POOL": "NO", "TENNIS_CENTER": "NO", "TENNIS_COURTS": "NO", "VELODROME": "NO", "WALKING_LOOP_OUTDOOR": "NO", "WALKING_TRACK_INDOOR": "NO" }, "geometry": { "type": "Polygon", "coordinates": [ [ [ -90.989514495141293, 30.552794125317192 ], [ -90.989455542209896, 30.550499985558183 ], [ -90.985726077827991, 30.55049024641669 ], [ -90.985743127963516, 30.550975578230751 ], [ -90.985764117292177, 30.551525353112339 ], [ -90.984302663239404, 30.551534480010105 ], [ -90.984309711800691, 30.551809384162862 ], [ -90.982620091243263, 30.551819915029476 ], [ -90.982706382660211, 30.552094328241932 ], [ -90.982818150017579, 30.552470994360259 ], [ -90.982866816879152, 30.552677734060666 ], [ -90.982892626723029, 30.55283553636415 ], [ -90.989514495141293, 30.552794125317192 ] ] ] } },
{ "type": "Feature", "properties": { "ID": 4, "BG_ID": 71, "PARKID": "CMTRV", "FACILITY_NAME": "Comite River Conservation Area", "CLASSIFICATION": "Conservation", "FULL_ADDRESS": "8900 HOOPER RD", "CITY": "BATON ROUGE", "STATE": "LOUISIANA", "ZIP": 70811, "ACREAGE": 100.4, "AIRGUN_RANGE": "NO", "AIRNASIUM": "NO", "ARCHERY_RANGE": "NO", "BALL_MULTI_PURPOSE_FIELD": "NO", "BASKETBALL_INDOOR": "NO", "BASKETBALL_OUTDOOR": "NO", "BIKE_REPAIR_STATION": "YES", "BIRD_WATCHING_WILDLIFE_VIEWING": "NO", "BLUEWAY_TRAILHEAD": "NO", "BMX": "NO", "CANOE_KAYAK_LAUNCH": "NO", "CRICKET_PITCH": "NO", "CROQUET_COURT": "NO", "DISC_GOLF": "NO", "DOG_PARK": "NO", "EQUESTRIAN": "NO", "FISHING_ACCESS": "YES", "FITNESS_CENTERS": "NO", "GARDEN_ARBORETUM": "NO", "GOLF_COURSE_9_HOLE": "NO", "GOLF_COURSE_18_HOLE": "NO", "GREENWAY_TRAILHEAD": "NO", "MOUNTAIN_BIKING": "YES", "NATURE_TRAILS": "NO", "OUTDOOR_FITNESS_STATION": "NO", "PAVILION": "YES", "PLAYGROUND": "YES", "PRIMITIVE_TRAILS": "YES", "RECREATION_CENTER": "NO", "RUGBY_FIELD": "NO", "RV_PARK": "NO", "SAND_VOLLEYBALL": "NO", "SHUFFLEBOARD": "NO", "SKATE_PARK": "NO", "SOCCER_FIELD": "NO", "SPLASH_PAD": "NO", "STADIUM": "NO", "SWIMMING_POOL": "NO", "TENNIS_CENTER": "NO", "TENNIS_COURTS": "NO", "VELODROME": "NO", "WALKING_LOOP_OUTDOOR": "NO", "WALKING_TRACK_INDOOR": "NO" }, "geometry": { "type": "Polygon", "coordinates": [ [ [ -91.098527175400932, 30.528263429920013 ], [ -91.098493569931392, 30.528259227149128 ], [ -91.098206638089195, 30.528223342657395 ], [ -91.098255538028127, 30.527902249845173 ], [ -91.098303460723571, 30.527587552646434 ], [ -91.098334245393801, 30.52738540007315 ], [ -91.098365103985344, 30.527182780344969 ], [ -91.098396263106011, 30.526978164874681 ], [ -91.098430979560362, 30.52675019598578 ], [ -91.098461702299232, 30.526548455461636 ], [ -91.098492522305335, 30.526346069216306 ], [ -91.098521979988107, 30.526152619035546 ], [ -91.098550744247405, 30.525963733828874 ], [ -91.09858767801073, 30.525750454280601 ], [ -91.098626890106729, 30.525549647007733 ], [ -91.098660135509974, 30.525336561128942 ], [ -91.098674347368743, 30.525147493990151 ], [ -91.098708484459479, 30.524922517807386 ], [ -91.098748513551939, 30.524665031904394 ], [ -91.098769273238688, 30.524528710707973 ], [ -91.0988056655778, 30.524289714137012 ], [ -91.09883609046588, 30.524089908665022 ], [ -91.098865491750246, 30.523896828920144 ], [ -91.09889792306393, 30.5236838650134 ], [ -91.098947202769338, 30.523360228361625 ], [ -91.098971104230117, 30.523203278929532 ], [ -91.097889762278939, 30.523081983058063 ], [ -91.097819340663634, 30.523500531626624 ], [ -91.096649098149328, 30.523361500709154 ], [ -91.096822884425904, 30.5223286759459 ], [ -91.086824558177142, 30.521206620874985 ], [ -91.087003184934588, 30.521698229945333 ], [ -91.08752078419819, 30.522461556667711 ], [ -91.088014944760758, 30.522759458706577 ], [ -91.089020977845337, 30.523119986636594 ], [ -91.089616846437991, 30.523491126330153 ], [ -91.090431056919869, 30.524160553102391 ], [ -91.091070812902018, 30.524855393974832 ], [ -91.091523000324543, 30.525581882387137 ], [ -91.091819159242476, 30.525882313542819 ], [ -91.092201071447107, 30.525988304483327 ], [ -91.092649862194136, 30.525853140419496 ], [ -91.093111935456108, 30.525541364041992 ], [ -91.09349129736465, 30.525292487408766 ], [ -91.093847453078894, 30.525092978883109 ], [ -91.094412634649842, 30.524888353316999 ], [ -91.095269065602665, 30.524776155799447 ], [ -91.096130358153104, 30.524858478809193 ], [ -91.096554700340306, 30.525177988418633 ], [ -91.096778411200233, 30.525832464225278 ], [ -91.096776988102519, 30.526499588340851 ], [ -91.096596528517225, 30.527084788398984 ], [ -91.096277109886145, 30.527573527564041 ], [ -91.095839095744083, 30.527954234629416 ], [ -91.095312456427621, 30.528346836879166 ], [ -91.095028413314921, 30.528619607060932 ], [ -91.094955248938518, 30.528689867431726 ], [ -91.094839389086019, 30.528847515301514 ], [ -91.094662068148224, 30.529088788505163 ], [ -91.096328800955007, 30.529602337278465 ], [ -91.096890727743087, 30.529600657687265 ], [ -91.096949816426857, 30.529333752268474 ], [ -91.097013353425226, 30.529070685783861 ], [ -91.09717011110439, 30.529069036053247 ], [ -91.097354315523816, 30.528236958835269 ], [ -91.098508408088307, 30.528316070514109 ], [ -91.098527175400932, 30.528263429920013 ] ] ] } },
{ "type": "Feature", "properties": { "ID": 5, "BG_ID": 44, "PARKID": "AVNUF", "FACILITY_NAME": "Avenue F Park", "CLASSIFICATION": "Neighborhood", "FULL_ADDRESS": "4790 AVENUE F", "CITY": "ZACHARY", "STATE": "LOUISIANA", "ZIP": 70791, "ACREAGE": 0.3, "AIRGUN_RANGE": "NO", "AIRNASIUM": "NO", "ARCHERY_RANGE": "NO", "BALL_MULTI_PURPOSE_FIELD": "NO", "BASKETBALL_INDOOR": "NO", "BASKETBALL_OUTDOOR": "NO", "BIKE_REPAIR_STATION": "NO", "BIRD_WATCHING_WILDLIFE_VIEWING": "NO", "BLUEWAY_TRAILHEAD": "NO", "BMX": "NO", "CANOE_KAYAK_LAUNCH": "NO", "CRICKET_PITCH": "NO", "CROQUET_COURT": "NO", "DISC_GOLF": "NO", "DOG_PARK": "NO", "EQUESTRIAN": "NO", "FISHING_ACCESS": "NO", "FITNESS_CENTERS": "NO", "GARDEN_ARBORETUM": "NO", "GOLF_COURSE_9_HOLE": "NO", "GOLF_COURSE_18_HOLE": "NO", "GREENWAY_TRAILHEAD": "NO", "MOUNTAIN_BIKING": "NO", "NATURE_TRAILS": "NO", "OUTDOOR_FITNESS_STATION": "NO", "PAVILION": "NO", "PLAYGROUND": "NO", "PRIMITIVE_TRAILS": "NO", "RECREATION_CENTER": "NO", "RUGBY_FIELD": "NO", "RV_PARK": "NO", "SAND_VOLLEYBALL": "NO", "SHUFFLEBOARD": "NO", "SKATE_PARK": "NO", "SOCCER_FIELD": "NO", "SPLASH_PAD": "NO", "STADIUM": "NO", "SWIMMING_POOL": "NO", "TENNIS_CENTER": "NO", "TENNIS_COURTS": "NO", "VELODROME": "NO", "WALKING_LOOP_OUTDOOR": "NO", "WALKING_TRACK_INDOOR": "NO" }, "geometry": { "type": "Polygon", "coordinates": [ [ [ -91.15085566605741, 30.658749566126936 ], [ -91.151011061058284, 30.658769851677743 ], [ -91.1510654224695, 30.658498849221495 ], [ -91.15090814914592, 30.658478347368415 ], [ -91.150627338512095, 30.658699222954951 ], [ -91.150424348297932, 30.658852576532365 ], [ -91.150698356406977, 30.658903076811516 ], [ -91.150700624727605, 30.658881008455115 ], [ -91.15070644279217, 30.658859431177284 ], [ -91.150715696086309, 30.658838769670353 ], [ -91.150728202307462, 30.658819431394669 ], [ -91.150743715558846, 30.658801795760233 ], [ -91.150762186509652, 30.65878602055129 ], [ -91.15078305799986, 30.658772666956672 ], [ -91.150805906957402, 30.658762006802021 ], [ -91.150830273898706, 30.65875425413412 ], [ -91.15085566605741, 30.658749566126936 ] ] ] } },
{ "type": "Feature", "properties": { "ID": 6, "BG_ID": 87, "PARKID": "LTLFR", "FACILITY_NAME": "Little Farms Park", "CLASSIFICATION": "Neighborhood", "FULL_ADDRESS": "3754 LITTLE FARMS DR", "CITY": "ZACHARY", "STATE": "LOUISIANA", "ZIP": 70791, "ACREAGE": 2.3, "AIRGUN_RANGE": "NO", "AIRNASIUM": "NO", "ARCHERY_RANGE": "NO", "BALL_MULTI_PURPOSE_FIELD": "YES", "BASKETBALL_INDOOR": "NO", "BASKETBALL_OUTDOOR": "YES", "BIKE_REPAIR_STATION": "NO", "BIRD_WATCHING_WILDLIFE_VIEWING": "NO", "BLUEWAY_TRAILHEAD": "NO", "BMX": "NO", "CANOE_KAYAK_LAUNCH": "NO", "CRICKET_PITCH": "NO", "CROQUET_COURT": "NO", "DISC_GOLF": "NO", "DOG_PARK": "NO", "EQUESTRIAN": "NO", "FISHING_ACCESS": "NO", "FITNESS_CENTERS": "NO", "GARDEN_ARBORETUM": "NO", "GOLF_COURSE_9_HOLE": "NO", "GOLF_COURSE_18_HOLE": "NO", "GREENWAY_TRAILHEAD": "NO", "MOUNTAIN_BIKING": "NO", "NATURE_TRAILS": "NO", "OUTDOOR_FITNESS_STATION": "NO", "PAVILION": "YES", "PLAYGROUND": "NO", "PRIMITIVE_TRAILS": "NO", "RECREATION_CENTER": "NO", "RUGBY_FIELD": "NO", "RV_PARK": "NO", "SAND_VOLLEYBALL": "NO", "SHUFFLEBOARD": "NO", "SKATE_PARK": "NO", "SOCCER_FIELD": "NO", "SPLASH_PAD": "NO", "STADIUM": "NO", "SWIMMING_POOL": "NO", "TENNIS_CENTER": "NO", "TENNIS_COURTS": "YES", "VELODROME": "NO", "WALKING_LOOP_OUTDOOR": "NO", "WALKING_TRACK_INDOOR": "NO" }, "geometry": { "type": "Polygon", "coordinates": [ [ [ -91.112113977055145, 30.641109833984778 ], [ -91.112113103930596, 30.640503819154951 ], [ -91.110395647043475, 30.640503873526526 ], [ -91.110282772303762, 30.6411039411656 ], [ -91.1112879467006, 30.641109863283539 ], [ -91.112113977055145, 30.641109833984778 ] ] ] } },
{ "type": "Feature", "properties": { "ID": 7, "BG_ID": 82, "PARKID": "HMLTN", "FACILITY_NAME": "Hamilton Avenue Park", "CLASSIFICATION": "Neighborhood", "FULL_ADDRESS": "16200 HAMILTON AVE", "CITY": "BATON ROUGE", "STATE": "LOUISIANA", "ZIP": 70819, "ACREAGE": 25.0, "AIRGUN_RANGE": "NO", "AIRNASIUM": "NO", "ARCHERY_RANGE": "NO", "BALL_MULTI_PURPOSE_FIELD": "NO", "BASKETBALL_INDOOR": "NO", "BASKETBALL_OUTDOOR": "NO", "BIKE_REPAIR_STATION": "NO", "BIRD_WATCHING_WILDLIFE_VIEWING": "NO", "BLUEWAY_TRAILHEAD": "NO", "BMX": "NO", "CANOE_KAYAK_LAUNCH": "NO", "CRICKET_PITCH": "NO", "CROQUET_COURT": "NO", "DISC_GOLF": "NO", "DOG_PARK": "NO", "EQUESTRIAN": "NO", "FISHING_ACCESS": "NO", "FITNESS_CENTERS": "NO", "GARDEN_ARBORETUM": "NO", "GOLF_COURSE_9_HOLE": "NO", "GOLF_COURSE_18_HOLE": "NO", "GREENWAY_TRAILHEAD": "NO", "MOUNTAIN_BIKING": "NO", "NATURE_TRAILS": "NO", "OUTDOOR_FITNESS_STATION": "NO", "PAVILION": "YES", "PLAYGROUND": "YES", "PRIMITIVE_TRAILS": "NO", "RECREATION_CENTER": "YES", "RUGBY_FIELD": "NO", "RV_PARK": "NO", "SAND_VOLLEYBALL": "NO", "SHUFFLEBOARD": "NO", "SKATE_PARK": "NO", "SOCCER_FIELD": "NO", "SPLASH_PAD": "NO", "STADIUM": "NO", "SWIMMING_POOL": "NO", "TENNIS_CENTER": "NO", "TENNIS_COURTS": "NO", "VELODROME": "NO", "WALKING_LOOP_OUTDOOR": "NO", "WALKING_TRACK_INDOOR": "NO" }, "geometry": { "type": "Polygon", "coordinates": [ [ [ -91.00985725094904, 30.481821754038396 ], [ -91.007866556804004, 30.481751379581691 ], [ -91.007743033097611, 30.482510592958285 ], [ -91.010381463123764, 30.482770496935217 ], [ -91.010401881330353, 30.481841003295909 ], [ -91.00985725094904, 30.481821754038396 ] ] ] } },
{ "type": "Feature", "properties": { "ID": 8, "BG_ID": 90, "PARKID": "LVETT", "FACILITY_NAME": "Lovett Road Park", "CLASSIFICATION": "Neighborhood", "FULL_ADDRESS": "13443 LOVETT RD", "CITY": "CENTRAL", "STATE": "LOUISIANA", "ZIP": 70818, "ACREAGE": 62.47, "AIRGUN_RANGE": "NO", "AIRNASIUM": "NO", "ARCHERY_RANGE": "NO", "BALL_MULTI_PURPOSE_FIELD": "YES", "BASKETBALL_INDOOR": "YES", "BASKETBALL_OUTDOOR": "NO", "BIKE_REPAIR_STATION": "NO", "BIRD_WATCHING_WILDLIFE_VIEWING": "NO", "BLUEWAY_TRAILHEAD": "NO", "BMX": "NO", "CANOE_KAYAK_LAUNCH": "NO", "CRICKET_PITCH": "NO", "CROQUET_COURT": "NO", "DISC_GOLF": "NO", "DOG_PARK": "YES", "EQUESTRIAN": "NO", "FISHING_ACCESS": "NO", "FITNESS_CENTERS": "NO", "GARDEN_ARBORETUM": "NO", "GOLF_COURSE_9_HOLE": "NO", "GOLF_COURSE_18_HOLE": "NO", "GREENWAY_TRAILHEAD": "NO", "MOUNTAIN_BIKING": "NO", "NATURE_TRAILS": "NO", "OUTDOOR_FITNESS_STATION": "NO", "PAVILION": "YES", "PLAYGROUND": "YES", "PRIMITIVE_TRAILS": "NO", "RECREATION_CENTER": "YES", "RUGBY_FIELD": "NO", "RV_PARK": "NO", "SAND_VOLLEYBALL": "NO", "SHUFFLEBOARD": "NO", "SKATE_PARK": "NO", "SOCCER_FIELD": "NO", "SPLASH_PAD": "NO", "STADIUM": "NO", "SWIMMING_POOL": "NO", "TENNIS_CENTER": "NO", "TENNIS_COURTS": "YES", "VELODROME": "NO", "WALKING_LOOP_OUTDOOR": "NO", "WALKING_TRACK_INDOOR": "NO" }, "geometry": { "type": "Polygon", "coordinates": [ [ [ -91.038553074131258, 30.522158873865514 ], [ -91.036031919067327, 30.523097458200432 ], [ -91.035271851050936, 30.523229620922589 ], [ -91.034535205199816, 30.523357705227902 ], [ -91.033418600468423, 30.523551847113982 ], [ -91.033286654293875, 30.523574505518042 ], [ -91.032807888274121, 30.523730874946878 ], [ -91.032389019418531, 30.523870434531439 ], [ -91.031502086784798, 30.523764561615017 ], [ -91.031364198643431, 30.524713812950761 ], [ -91.031324570011833, 30.52498661386478 ], [ -91.03128494220428, 30.525259414746078 ], [ -91.031225500084275, 30.525668616002047 ], [ -91.031160450131793, 30.526120014476497 ], [ -91.031257651846573, 30.526129836066172 ], [ -91.031446927172396, 30.526148960377608 ], [ -91.031636202571192, 30.526168084418309 ], [ -91.031825477003736, 30.526187207283797 ], [ -91.032014752548477, 30.526206330782973 ], [ -91.032251346299162, 30.526230235225345 ], [ -91.032487940166618, 30.526254138342626 ], [ -91.032724535190098, 30.526278041039212 ], [ -91.032986366009411, 30.526304492969221 ], [ -91.03300998396675, 30.526306879285862 ], [ -91.033140940581376, 30.526320109185765 ], [ -91.033234535356868, 30.526329564828146 ], [ -91.035117506837338, 30.526548490071264 ], [ -91.03640753299949, 30.526682728317329 ], [ -91.03730900013727, 30.526345259035445 ], [ -91.038994683607527, 30.525713932842329 ], [ -91.038850811127134, 30.525363885030949 ], [ -91.038690684473423, 30.524974282483136 ], [ -91.038339425082668, 30.524119629575672 ], [ -91.03831155055822, 30.524058901172015 ], [ -91.039281263146606, 30.523770026334592 ], [ -91.038937311528343, 30.523009024842949 ], [ -91.038553074131258, 30.522158873865514 ] ] ] } },
{ "type": "Feature", "properties": { "ID": 9, "BG_ID": 121, "PARKID": "BRNHT", "FACILITY_NAME": "Brown Heights Park", "CLASSIFICATION": "Neighborhood", "FULL_ADDRESS": "15206 PLANK RD", "CITY": "BAKER", "STATE": "LOUISIANA", "ZIP": 70714, "ACREAGE": 6.7, "AIRGUN_RANGE": "NO", "AIRNASIUM": "NO", "ARCHERY_RANGE": "NO", "BALL_MULTI_PURPOSE_FIELD": "NO", "BASKETBALL_INDOOR": "NO", "BASKETBALL_OUTDOOR": "YES", "BIKE_REPAIR_STATION": "NO", "BIRD_WATCHING_WILDLIFE_VIEWING": "NO", "BLUEWAY_TRAILHEAD": "NO", "BMX": "NO", "CANOE_KAYAK_LAUNCH": "NO", "CRICKET_PITCH": "NO", "CROQUET_COURT": "NO", "DISC_GOLF": "NO", "DOG_PARK": "NO", "EQUESTRIAN": "NO", "FISHING_ACCESS": "NO", "FITNESS_CENTERS": "NO", "GARDEN_ARBORETUM": "NO", "GOLF_COURSE_9_HOLE": "NO", "GOLF_COURSE_18_HOLE": "NO", "GREENWAY_TRAILHEAD": "NO", "MOUNTAIN_BIKING": "NO", "NATURE_TRAILS": "NO", "OUTDOOR_FITNESS_STATION": "NO", "PAVILION": "YES", "PLAYGROUND": "NO", "PRIMITIVE_TRAILS": "NO", "RECREATION_CENTER": "NO", "RUGBY_FIELD": "NO", "RV_PARK": "NO", "SAND_VOLLEYBALL": "NO", "SHUFFLEBOARD": "NO", "SKATE_PARK": "NO", "SOCCER_FIELD": "NO", "SPLASH_PAD": "NO", "STADIUM": "NO", "SWIMMING_POOL": "NO", "TENNIS_CENTER": "NO", "TENNIS_COURTS": "YES", "VELODROME": "NO", "WALKING_LOOP_OUTDOOR": "YES", "WALKING_TRACK_INDOOR": "NO" }, "geometry": { "type": "Polygon", "coordinates": [ [ [ -91.123785362940581, 30.584077749755387 ], [ -91.12362276183579, 30.584605664781407 ], [ -91.123561463941201, 30.584804678924325 ], [ -91.123500102814518, 30.58500389588534 ], [ -91.123438724637168, 30.585203170508748 ], [ -91.123377505794309, 30.585401923963719 ], [ -91.123316046292473, 30.585601458163676 ], [ -91.123254702024298, 30.585800618158075 ], [ -91.12319301945962, 30.586000875358533 ], [ -91.123131880464186, 30.586199368987828 ], [ -91.123070277195524, 30.586399365541382 ], [ -91.12303252960362, 30.586521917327282 ], [ -91.123488339423261, 30.58658041961155 ], [ -91.124221616319403, 30.58611391623926 ], [ -91.124616571450943, 30.586054921527964 ], [ -91.124857952369851, 30.585391407546041 ], [ -91.124677863544022, 30.585177873284238 ], [ -91.124684401802128, 30.584881119203729 ], [ -91.124767606321882, 30.584686817937591 ], [ -91.124909831735081, 30.584548892378027 ], [ -91.124945552300488, 30.584436382828756 ], [ -91.124840909997758, 30.584326898828785 ], [ -91.123785362940581, 30.584077749755387 ] ] ] } },
{ "type": "Feature", "properties": { "ID": 10, "BG_ID": 166, "PARKID": "YTASI", "FACILITY_NAME": "Yatasi Drive Park", "CLASSIFICATION": "Neighborhood", "FULL_ADDRESS": "16941 YATASI DR", "CITY": "GREENWELL SPRINGS", "STATE": "LOUISIANA", "ZIP": 70739, "ACREAGE": 1.58, "AIRGUN_RANGE": "NO", "AIRNASIUM": "NO", "ARCHERY_RANGE": "NO", "BALL_MULTI_PURPOSE_FIELD": "YES", "BASKETBALL_INDOOR": "NO", "BASKETBALL_OUTDOOR": "NO", "BIKE_REPAIR_STATION": "NO", "BIRD_WATCHING_WILDLIFE_VIEWING": "NO", "BLUEWAY_TRAILHEAD": "NO", "BMX": "NO", "CANOE_KAYAK_LAUNCH": "NO", "CRICKET_PITCH": "NO", "CROQUET_COURT": "NO", "DISC_GOLF": "NO", "DOG_PARK": "NO", "EQUESTRIAN": "NO", "FISHING_ACCESS": "NO", "FITNESS_CENTERS": "NO", "GARDEN_ARBORETUM": "NO", "GOLF_COURSE_9_HOLE": "NO", "GOLF_COURSE_18_HOLE": "NO", "GREENWAY_TRAILHEAD": "NO", "MOUNTAIN_BIKING": "NO", "NATURE_TRAILS": "NO", "OUTDOOR_FITNESS_STATION": "NO", "PAVILION": "YES", "PLAYGROUND": "YES", "PRIMITIVE_TRAILS": "NO", "RECREATION_CENTER": "NO", "RUGBY_FIELD": "NO", "RV_PARK": "NO", "SAND_VOLLEYBALL": "NO", "SHUFFLEBOARD": "NO", "SKATE_PARK": "NO", "SOCCER_FIELD": "NO", "SPLASH_PAD": "NO", "STADIUM": "NO", "SWIMMING_POOL": "NO", "TENNIS_CENTER": "NO", "TENNIS_COURTS": "NO", "VELODROME": "NO", "WALKING_LOOP_OUTDOOR": "NO", "WALKING_TRACK_INDOOR": "NO" }, "geometry": { "type": "Polygon", "coordinates": [ [ [ -91.005105375474955, 30.603349749688757 ], [ -91.005101941694321, 30.604331891730848 ], [ -91.005295512702389, 30.60433153321744 ], [ -91.005416725609905, 30.604260925037668 ], [ -91.005412617130574, 30.603348968116151 ], [ -91.005105375474955, 30.603349749688757 ] ] ] } },
{ "type": "Feature", "properties": { "ID": 11, "BG_ID": 63, "PARKID": "FRNTN", "FACILITY_NAME": "Frenchtown Road Conservation Area", "CLASSIFICATION": "Conservation", "FULL_ADDRESS": "17819 FRENCHTOWN RD", "CITY": "BATON ROUGE", "STATE": "LOUISIANA", "ZIP": 70819, "ACREAGE": 497.99, "AIRGUN_RANGE": "NO", "AIRNASIUM": "NO", "ARCHERY_RANGE": "NO", "BALL_MULTI_PURPOSE_FIELD": "NO", "BASKETBALL_INDOOR": "NO", "BASKETBALL_OUTDOOR": "NO", "BIKE_REPAIR_STATION": "NO", "BIRD_WATCHING_WILDLIFE_VIEWING": "YES", "BLUEWAY_TRAILHEAD": "NO", "BMX": "NO", "CANOE_KAYAK_LAUNCH": "NO", "CRICKET_PITCH": "NO", "CROQUET_COURT": "NO", "DISC_GOLF": "NO", "DOG_PARK": "NO", "EQUESTRIAN": "NO", "FISHING_ACCESS": "YES", "FITNESS_CENTERS": "NO", "GARDEN_ARBORETUM": "NO", "GOLF_COURSE_9_HOLE": "NO", "GOLF_COURSE_18_HOLE": "NO", "GREENWAY_TRAILHEAD": "NO", "MOUNTAIN_BIKING": "NO", "NATURE_TRAILS": "NO", "OUTDOOR_FITNESS_STATION": "NO", "PAVILION": "NO", "PLAYGROUND": "NO", "PRIMITIVE_TRAILS": "YES", "RECREATION_CENTER": "NO", "RUGBY_FIELD": "NO", "RV_PARK": "NO", "SAND_VOLLEYBALL": "NO", "SHUFFLEBOARD": "NO", "SKATE_PARK": "NO", "SOCCER_FIELD": "NO", "SPLASH_PAD": "NO", "STADIUM": "NO", "SWIMMING_POOL": "NO", "TENNIS_CENTER": "NO", "TENNIS_COURTS": "NO", "VELODROME": "NO", "WALKING_LOOP_OUTDOOR": "NO", "WALKING_TRACK_INDOOR": "NO" }, "geometry": { "type": "MultiPolygon", "coordinates": [ [ [ [ -90.99317698532829, 30.479410010297435 ], [ -90.99299011695733, 30.47853242786292 ], [ -90.992878419322025, 30.477764688230064 ], [ -90.992982008595419, 30.476833285103186 ], [ -90.993130430051266, 30.476275309739389 ], [ -90.99330650638251, 30.475876812645453 ], [ -90.993684805272864, 30.475367278615643 ], [ -90.994244937478257, 30.475001984149408 ], [ -90.995341473531425, 30.474644515868849 ], [ -90.995911229341573, 30.474423702605769 ], [ -90.996422972118111, 30.473929107269594 ], [ -90.996669121207347, 30.473219589549892 ], [ -90.996690690379452, 30.472784522921593 ], [ -90.996556188147096, 30.472483370851908 ], [ -90.996366569550332, 30.472330862990585 ], [ -90.995420593813506, 30.472044101328741 ], [ -90.994796154067075, 30.471709992455455 ], [ -90.99407710030512, 30.471327420219808 ], [ -90.993965872721859, 30.471301761334047 ], [ -90.993663047275248, 30.471315554461679 ], [ -90.993477887268213, 30.471395152582918 ], [ -90.993407215485931, 30.471473888218846 ], [ -90.993378313374421, 30.471810347802769 ], [ -90.993393720926235, 30.472348352927238 ], [ -90.993008924466821, 30.472781547027893 ], [ -90.99240619469505, 30.472884349009476 ], [ -90.991748371603705, 30.472762618298123 ], [ -90.990912432647008, 30.472397873265713 ], [ -90.990009664902161, 30.471788726852406 ], [ -90.989386544919952, 30.471086669619105 ], [ -90.989096681593864, 30.470379606187663 ], [ -90.988991286399369, 30.469767312715135 ], [ -90.989040823637851, 30.469190946149659 ], [ -90.989292894526031, 30.468517180512737 ], [ -90.989641779339379, 30.467832012811161 ], [ -90.98965716712101, 30.467634622403441 ], [ -90.989533414214819, 30.467333156819706 ], [ -90.989043067356747, 30.466801539477732 ], [ -90.988616874604176, 30.466254744884534 ], [ -90.988697432868506, 30.465719311975139 ], [ -90.988639960358597, 30.465727943050631 ], [ -90.988295798844248, 30.465832157681678 ], [ -90.988124345077338, 30.465942849920527 ], [ -90.987925586643911, 30.466128868084013 ], [ -90.987783855458133, 30.466553721002533 ], [ -90.987726953386414, 30.467260929056721 ], [ -90.98739865960242, 30.467979706576244 ], [ -90.987011299704989, 30.468327728265397 ], [ -90.986570490059961, 30.46865030904458 ], [ -90.986470825733704, 30.468938470584881 ], [ -90.985928381988003, 30.469422184014896 ], [ -90.985258785581365, 30.469583416471593 ], [ -90.984713313279755, 30.46946376473856 ], [ -90.984643586905193, 30.469448470279467 ], [ -90.984582181249692, 30.469416011354479 ], [ -90.984052884734524, 30.469136228582158 ], [ -90.98369671682542, 30.468654805463547 ], [ -90.983444622369305, 30.467970718139835 ], [ -90.983193807028016, 30.46771441304487 ], [ -90.982734620400493, 30.467536171389344 ], [ -90.98229862169822, 30.467438323253994 ], [ -90.981671407893586, 30.467518629116025 ], [ -90.981058927457397, 30.467548203233246 ], [ -90.980559289129857, 30.467733517841264 ], [ -90.979409220414524, 30.468192320198856 ], [ -90.978652210016492, 30.468346985269221 ], [ -90.977809940575753, 30.468198714076717 ], [ -90.977233739958834, 30.467902267965325 ], [ -90.977045028203648, 30.467813590792922 ], [ -90.976982067204517, 30.467939766149051 ], [ -90.97657177579309, 30.468832813593398 ], [ -90.974890380119163, 30.470187546702732 ], [ -90.974700792250147, 30.470482527934259 ], [ -90.974692278234826, 30.470611492793463 ], [ -90.975194756044601, 30.470994746409243 ], [ -90.975448482442701, 30.47131080983214 ], [ -90.975756594111786, 30.472062659448643 ], [ -90.975643496059263, 30.472853604355226 ], [ -90.97536221219589, 30.473736091290831 ], [ -90.975207723829087, 30.47476947531764 ], [ -90.975203824815082, 30.47585005002141 ], [ -90.975248936147864, 30.475978467072693 ], [ -90.975310537700665, 30.47602619480821 ], [ -90.975985224643225, 30.47621021829119 ], [ -90.976435008763644, 30.476272335156832 ], [ -90.976889450838598, 30.476446989684771 ], [ -90.979067009681756, 30.478118101220325 ], [ -90.979498273609181, 30.4785566243477 ], [ -90.979608009868883, 30.479353214844622 ], [ -90.97933519630574, 30.479893919048038 ], [ -90.978779150716051, 30.480273458895368 ], [ -90.978174893666619, 30.480411286160486 ], [ -90.977692622952489, 30.480319124727789 ], [ -90.977025792040024, 30.480004922443925 ], [ -90.976801531359072, 30.479955721746212 ], [ -90.976423390721109, 30.479997779811221 ], [ -90.976122293412246, 30.480071411754881 ], [ -90.975701552089632, 30.480238907002555 ], [ -90.97544201367954, 30.48048710903651 ], [ -90.975223165860683, 30.480812165531997 ], [ -90.975183864997291, 30.481077728917437 ], [ -90.975174782395953, 30.48127354815783 ], [ -90.975280435490077, 30.481481184800419 ], [ -90.975429893869133, 30.481560533275911 ], [ -90.975466619616313, 30.481574567855237 ], [ -90.986027505107472, 30.480270156012228 ], [ -90.986049317865266, 30.480160232435797 ], [ -90.986066996496717, 30.480097727238434 ], [ -90.986091069125081, 30.480022370736545 ], [ -90.986099081172483, 30.480000725755726 ], [ -90.986120735655248, 30.479936003762916 ], [ -90.986125569540121, 30.479915395040546 ], [ -90.986138490572628, 30.479851667662295 ], [ -90.986145786497019, 30.479807859548991 ], [ -90.986149921102808, 30.479760276078167 ], [ -90.986150813311653, 30.479732095826463 ], [ -90.986149419586624, 30.479676771583772 ], [ -90.986150359308368, 30.479635008928771 ], [ -90.986149084080253, 30.479545811216234 ], [ -90.98614299596575, 30.479471228000683 ], [ -90.986131386861317, 30.47938681482696 ], [ -90.986124372313981, 30.479350200177432 ], [ -90.986111101453417, 30.479287091430514 ], [ -90.986086820964687, 30.47919508380641 ], [ -90.986075068792189, 30.479151582912724 ], [ -90.984565619065435, 30.47859149078311 ], [ -90.981775436443144, 30.477556110775932 ], [ -90.983138270116982, 30.475223229540088 ], [ -90.984067205402312, 30.473471848604071 ], [ -90.989699992589593, 30.475713154330087 ], [ -90.989078578087486, 30.476108213547775 ], [ -90.988920243711661, 30.476169931841699 ], [ -90.988699277885289, 30.476269218786989 ], [ -90.988568118738826, 30.476331071494812 ], [ -90.988413894898898, 30.476407326002253 ], [ -90.98825090789812, 30.476493153742048 ], [ -90.988107785024837, 30.476571994227644 ], [ -90.987899440317221, 30.476692786651906 ], [ -90.987798435609633, 30.47675507454516 ], [ -90.987683108936551, 30.476827965814859 ], [ -90.987591633088968, 30.476888573523151 ], [ -90.987510408112385, 30.476968097406377 ], [ -90.987405299562127, 30.477069197755096 ], [ -90.987315311121236, 30.477158321931658 ], [ -90.987221347315668, 30.477249497787231 ], [ -90.987128974093039, 30.47733966019636 ], [ -90.987058100046397, 30.477409230327396 ], [ -90.986998375889456, 30.477467501357051 ], [ -90.986931486382517, 30.477532297245919 ], [ -90.986883712989666, 30.477577182057288 ], [ -90.986798521830565, 30.477655842643284 ], [ -90.986749144880079, 30.477705369789831 ], [ -90.986669490696812, 30.477789213682104 ], [ -90.986618491630381, 30.477848690016842 ], [ -90.986546756487698, 30.477937366250341 ], [ -90.986526819638172, 30.477964974295894 ], [ -90.986483759460739, 30.478023618926585 ], [ -90.986450249449859, 30.478074589378675 ], [ -90.986407964721323, 30.478138404902236 ], [ -90.986368844189244, 30.478205143311808 ], [ -90.986333699444089, 30.478269664915157 ], [ -90.986298542635907, 30.478337623379471 ], [ -90.986266558399464, 30.47840611245703 ], [ -90.98623295929653, 30.478482488634366 ], [ -90.986201720497689, 30.478564727260508 ], [ -90.986180856998544, 30.478630303827831 ], [ -90.98617520428121, 30.478658141438068 ], [ -90.986171103972211, 30.478695936608151 ], [ -90.986170228031696, 30.478719470327302 ], [ -90.986174066844271, 30.478756433869467 ], [ -90.98617562887469, 30.478763641932623 ], [ -90.986195182557466, 30.478845656601436 ], [ -90.986216241093587, 30.478951238291785 ], [ -90.986227990322917, 30.478995591627793 ], [ -90.986260117547431, 30.479113217972838 ], [ -90.986272660338571, 30.479157600446598 ], [ -90.986297719610405, 30.479253899442146 ], [ -90.986312556864021, 30.479323006561181 ], [ -90.986319553983478, 30.47936462495964 ], [ -90.986332727701466, 30.479455558803217 ], [ -90.986338785869791, 30.479538747717058 ], [ -90.986340827299856, 30.479635838779906 ], [ -90.986339890638632, 30.479676748984225 ], [ -90.98634128504699, 30.479731908146842 ], [ -90.986340364053447, 30.479768336887968 ], [ -90.986335400443835, 30.479826063815061 ], [ -90.98632648976411, 30.479877759045237 ], [ -90.986312753594206, 30.479947670725473 ], [ -90.986304715159335, 30.479976876833202 ], [ -90.986281451328125, 30.480047946135198 ], [ -90.98627423534532, 30.48006890583471 ], [ -90.986251766250831, 30.48013964705541 ], [ -90.986235703250543, 30.480194073031917 ], [ -90.986225997032875, 30.480246288463498 ], [ -90.99317698532829, 30.479410010297435 ] ] ], [ [ [ -90.988832672064149, 30.476017978453125 ], [ -90.987576828125697, 30.475540070983573 ], [ -90.987172668063423, 30.476302114426925 ], [ -90.987802366150575, 30.476550451870917 ], [ -90.988317558263063, 30.476265110780979 ], [ -90.988832672064149, 30.476017978453125 ] ] ] ] } },
{ "type": "Feature", "properties": { "ID": 12, "BG_ID": 152, "PARKID": "WRAYP", "FACILITY_NAME": "Wray Nature Reserve", "CLASSIFICATION": "Conservation", "FULL_ADDRESS": "9801 RIDGEWOOD DR", "CITY": "BATON ROUGE", "STATE": "LOUISIANA", "ZIP": 70814, "ACREAGE": 47.38, "AIRGUN_RANGE": "NO", "AIRNASIUM": "NO", "ARCHERY_RANGE": "NO", "BALL_MULTI_PURPOSE_FIELD": "NO", "BASKETBALL_INDOOR": "NO", "BASKETBALL_OUTDOOR": "NO", "BIKE_REPAIR_STATION": "NO", "BIRD_WATCHING_WILDLIFE_VIEWING": "NO", "BLUEWAY_TRAILHEAD": "NO", "BMX": "NO", "CANOE_KAYAK_LAUNCH": "NO", "CRICKET_PITCH": "NO", "CROQUET_COURT": "NO", "DISC_GOLF": "NO", "DOG_PARK": "NO", "EQUESTRIAN": "NO", "FISHING_ACCESS": "NO", "FITNESS_CENTERS": "NO", "GARDEN_ARBORETUM": "NO", "GOLF_COURSE_9_HOLE": "NO", "GOLF_COURSE_18_HOLE": "NO", "GREENWAY_TRAILHEAD": "NO", "MOUNTAIN_BIKING": "NO", "NATURE_TRAILS": "NO", "OUTDOOR_FITNESS_STATION": "NO", "PAVILION": "NO", "PLAYGROUND": "NO", "PRIMITIVE_TRAILS": "NO", "RECREATION_CENTER": "NO", "RUGBY_FIELD": "NO", "RV_PARK": "NO", "SAND_VOLLEYBALL": "NO", "SHUFFLEBOARD": "NO", "SKATE_PARK": "NO", "SOCCER_FIELD": "NO", "SPLASH_PAD": "NO", "STADIUM": "NO", "SWIMMING_POOL": "NO", "TENNIS_CENTER": "NO", "TENNIS_COURTS": "NO", "VELODROME": "NO", "WALKING_LOOP_OUTDOOR": "NO", "WALKING_TRACK_INDOOR": "NO" }, "geometry": { "type": "Polygon", "coordinates": [ [ [ -91.075970860499496, 30.496074987437535 ], [ -91.075935688688546, 30.494999784164019 ], [ -91.078220683465844, 30.494943814986275 ], [ -91.078217271873172, 30.494839333612209 ], [ -91.078209261978245, 30.494594014324743 ], [ -91.078200174561303, 30.494315661915426 ], [ -91.078190802238893, 30.494028623820601 ], [ -91.078181875207491, 30.49375518433472 ], [ -91.078172894128599, 30.493480097544591 ], [ -91.078166131006284, 30.493272973228457 ], [ -91.07816358761373, 30.493195074722397 ], [ -91.078131502995376, 30.493137477120545 ], [ -91.077670143493165, 30.492309245356761 ], [ -91.07586982589531, 30.492982469215818 ], [ -91.071446572742261, 30.494636391541494 ], [ -91.07147281373561, 30.494663058091174 ], [ -91.072120082565064, 30.494906358688933 ], [ -91.07218810680574, 30.49524148581148 ], [ -91.071853197090604, 30.495620404648861 ], [ -91.07205185802701, 30.495691891741139 ], [ -91.073461259643153, 30.496407420649991 ], [ -91.074281407867559, 30.496310407577432 ], [ -91.07542525744789, 30.496216575395511 ], [ -91.075970860499496, 30.496074987437535 ] ] ] } },
{ "type": "Feature", "properties": { "ID": 13, "BG_ID": 81, "PARKID": "HOOPR", "FACILITY_NAME": "Hooper Road Park", "CLASSIFICATION": "Neighborhood", "FULL_ADDRESS": "6261 GUYNELL DR", "CITY": "BATON ROUGE", "STATE": "LOUISIANA", "ZIP": 70811, "ACREAGE": 233.119, "AIRGUN_RANGE": "NO", "AIRNASIUM": "NO", "ARCHERY_RANGE": "NO", "BALL_MULTI_PURPOSE_FIELD": "YES", "BASKETBALL_INDOOR": "YES", "BASKETBALL_OUTDOOR": "YES", "BIKE_REPAIR_STATION": "YES", "BIRD_WATCHING_WILDLIFE_VIEWING": "YES", "BLUEWAY_TRAILHEAD": "NO", "BMX": "NO", "CANOE_KAYAK_LAUNCH": "NO", "CRICKET_PITCH": "NO", "CROQUET_COURT": "NO", "DISC_GOLF": "NO", "DOG_PARK": "NO", "EQUESTRIAN": "NO", "FISHING_ACCESS": "YES", "FITNESS_CENTERS": "NO", "GARDEN_ARBORETUM": "NO", "GOLF_COURSE_9_HOLE": "NO", "GOLF_COURSE_18_HOLE": "NO", "GREENWAY_TRAILHEAD": "NO", "MOUNTAIN_BIKING": "YES", "NATURE_TRAILS": "NO", "OUTDOOR_FITNESS_STATION": "NO", "PAVILION": "YES", "PLAYGROUND": "YES", "PRIMITIVE_TRAILS": "YES", "RECREATION_CENTER": "YES", "RUGBY_FIELD": "NO", "RV_PARK": "NO", "SAND_VOLLEYBALL": "NO", "SHUFFLEBOARD": "NO", "SKATE_PARK": "NO", "SOCCER_FIELD": "NO", "SPLASH_PAD": "NO", "STADIUM": "NO", "SWIMMING_POOL": "NO", "TENNIS_CENTER": "NO", "TENNIS_COURTS": "YES", "VELODROME": "NO", "WALKING_LOOP_OUTDOOR": "YES", "WALKING_TRACK_INDOOR": "NO" }, "geometry": { "type": "Polygon", "coordinates": [ [ [ -91.114852756811572, 30.535482050083633 ], [ -91.114800338582114, 30.535775783012397 ], [ -91.114754269795611, 30.536033933060786 ], [ -91.114720170176724, 30.536225009738693 ], [ -91.114688031919826, 30.536405095381358 ], [ -91.114658935503485, 30.536568137179493 ], [ -91.114624990609585, 30.536758350789565 ], [ -91.114589889163597, 30.536955036521096 ], [ -91.114560792418644, 30.537118080975453 ], [ -91.11450054216526, 30.537455682981342 ], [ -91.12291895464719, 30.538569901049396 ], [ -91.123240181455643, 30.538612405503823 ], [ -91.123320436278604, 30.53816361616094 ], [ -91.123485751603795, 30.537239151784263 ], [ -91.123841610370391, 30.535249094310068 ], [ -91.123853756608298, 30.53518116346558 ], [ -91.124167310814329, 30.533427622838417 ], [ -91.124248372369763, 30.533013824257278 ], [ -91.1242805578608, 30.532849539333949 ], [ -91.124320903915716, 30.532643576929694 ], [ -91.124358073853713, 30.532453820346337 ], [ -91.124395244678254, 30.532264070057256 ], [ -91.124432418500092, 30.532074313436919 ], [ -91.12446959217398, 30.531884559501009 ], [ -91.124506764663579, 30.531694805541626 ], [ -91.124543934925001, 30.531505052459234 ], [ -91.124581108172222, 30.531315298457933 ], [ -91.124618281282935, 30.531125541728692 ], [ -91.124658105579329, 30.530922234847512 ], [ -91.124689967403938, 30.530759587343958 ], [ -91.124727136958768, 30.530569836860487 ], [ -91.124764309510766, 30.530380080045703 ], [ -91.124801477746701, 30.530190325908801 ], [ -91.124806788665879, 30.530163222040972 ], [ -91.124843957781351, 30.529973467880819 ], [ -91.124881125710658, 30.529783714599294 ], [ -91.124948858884039, 30.529437926410132 ], [ -91.124980719758938, 30.529275276956536 ], [ -91.125020372959355, 30.529072848185187 ], [ -91.125056481602726, 30.528888514501322 ], [ -91.125068221829039, 30.528828570493854 ], [ -91.123893966623626, 30.528656190026037 ], [ -91.12425207611976, 30.526828073507833 ], [ -91.123057009022475, 30.526930052409003 ], [ -91.122962425665079, 30.527417411345926 ], [ -91.122886203106887, 30.528002792597981 ], [ -91.122827244869413, 30.528337249573188 ], [ -91.122751829428424, 30.528765060423222 ], [ -91.122713499678184, 30.528982504495517 ], [ -91.122670376035572, 30.529227128027117 ], [ -91.122646418835245, 30.529363026367438 ], [ -91.122603294867588, 30.529607647141738 ], [ -91.122564964471891, 30.529825088407314 ], [ -91.122526633908123, 30.530042529646892 ], [ -91.12248829900247, 30.530259973560057 ], [ -91.122448050265064, 30.530477153703956 ], [ -91.122406775232633, 30.530694196877114 ], [ -91.122365500025353, 30.530911237316378 ], [ -91.122324221503646, 30.531128281331227 ], [ -91.122283804333605, 30.531345438547024 ], [ -91.122242216656204, 30.531576357454227 ], [ -91.121771548642641, 30.531512420564372 ], [ -91.121614657352282, 30.531491109395617 ], [ -91.121334699434485, 30.531453078022597 ], [ -91.121083671000662, 30.531418975802094 ], [ -91.12083264273366, 30.531384875811352 ], [ -91.120581614646994, 30.531350771735987 ], [ -91.12034627642069, 30.531318802341595 ], [ -91.120110937311765, 30.531286828918621 ], [ -91.120183401441238, 30.530907032544103 ], [ -91.120209280235855, 30.530771391281561 ], [ -91.120250686152261, 30.530554368847085 ], [ -91.120289507693556, 30.530350904657578 ], [ -91.120328328021941, 30.530147445854293 ], [ -91.120367148191107, 30.529943987026662 ], [ -91.120405965074966, 30.529740528169544 ], [ -91.120444784925652, 30.529537069293074 ], [ -91.120483601496815, 30.529333607681025 ], [ -91.120522421030927, 30.529130147853742 ], [ -91.120562021318023, 30.528922597523437 ], [ -91.120601620395462, 30.528715048068197 ], [ -91.11984566046003, 30.528763742739301 ], [ -91.119830625919818, 30.528626857378718 ], [ -91.119790076448339, 30.528257691536147 ], [ -91.1196409553649, 30.528269967834834 ], [ -91.119331206160567, 30.528295462918582 ], [ -91.118852971420225, 30.528334827744935 ], [ -91.118496296657966, 30.528364188628014 ], [ -91.117993505714807, 30.53099914498328 ], [ -91.117389471920134, 30.530917072335747 ], [ -91.116785440166936, 30.530834996931478 ], [ -91.116110810244777, 30.530743323212619 ], [ -91.115436181567574, 30.530651646954905 ], [ -91.114769398343327, 30.53056103381158 ], [ -91.114102616339267, 30.530470416404864 ], [ -91.113439127397839, 30.530380244015529 ], [ -91.11288236302434, 30.530304573459176 ], [ -91.112590815551329, 30.532017557882924 ], [ -91.112305695748276, 30.532872944627059 ], [ -91.112191982565648, 30.533497909725437 ], [ -91.112394281785114, 30.533525492342509 ], [ -91.112645280031003, 30.533559712896839 ], [ -91.112912824650678, 30.533596190411288 ], [ -91.113104060395784, 30.533784849981568 ], [ -91.113250697798676, 30.533929512191957 ], [ -91.113397338749493, 30.53407417694465 ], [ -91.113543983246231, 30.534218845141755 ], [ -91.113690624004477, 30.53436351226075 ], [ -91.113837266238519, 30.534508176506311 ], [ -91.113983912018568, 30.534652844196177 ], [ -91.114130555102051, 30.534797510809721 ], [ -91.114360996734277, 30.535024844107422 ], [ -91.114591439422782, 30.535252176987608 ], [ -91.11465498429699, 30.535314863915019 ], [ -91.114750150234812, 30.535401755576494 ], [ -91.114800560631153, 30.535442757868385 ], [ -91.114852756811572, 30.535482050083633 ] ] ] } },
{ "type": "Feature", "properties": { "ID": 14, "BG_ID": 66, "PARKID": "RDOKS", "FACILITY_NAME": "Red Oaks Park", "CLASSIFICATION": "Neighborhood", "FULL_ADDRESS": "2100 GREEN OAK DR", "CITY": "BATON ROUGE", "STATE": "LOUISIANA", "ZIP": 70815, "ACREAGE": 2.8, "AIRGUN_RANGE": "NO", "AIRNASIUM": "NO", "ARCHERY_RANGE": "NO", "BALL_MULTI_PURPOSE_FIELD": "NO", "BASKETBALL_INDOOR": "NO", "BASKETBALL_OUTDOOR": "NO", "BIKE_REPAIR_STATION": "NO", "BIRD_WATCHING_WILDLIFE_VIEWING": "NO", "BLUEWAY_TRAILHEAD": "NO", "BMX": "NO", "CANOE_KAYAK_LAUNCH": "NO", "CRICKET_PITCH": "NO", "CROQUET_COURT": "NO", "DISC_GOLF": "NO", "DOG_PARK": "NO", "EQUESTRIAN": "NO", "FISHING_ACCESS": "NO", "FITNESS_CENTERS": "NO", "GARDEN_ARBORETUM": "NO", "GOLF_COURSE_9_HOLE": "NO", "GOLF_COURSE_18_HOLE": "NO", "GREENWAY_TRAILHEAD": "NO", "MOUNTAIN_BIKING": "NO", "NATURE_TRAILS": "NO", "OUTDOOR_FITNESS_STATION": "NO", "PAVILION": "NO", "PLAYGROUND": "YES", "PRIMITIVE_TRAILS": "NO", "RECREATION_CENTER": "YES", "RUGBY_FIELD": "NO", "RV_PARK": "NO", "SAND_VOLLEYBALL": "YES", "SHUFFLEBOARD": "NO", "SKATE_PARK": "NO", "SOCCER_FIELD": "NO", "SPLASH_PAD": "NO", "STADIUM": "NO", "SWIMMING_POOL": "NO", "TENNIS_CENTER": "NO", "TENNIS_COURTS": "YES", "VELODROME": "NO", "WALKING_LOOP_OUTDOOR": "NO", "WALKING_TRACK_INDOOR": "NO" }, "geometry": { "type": "Polygon", "coordinates": [ [ [ -91.063291608249813, 30.467669411657766 ], [ -91.063023974710163, 30.467665934199275 ], [ -91.062706585286506, 30.467669260707662 ], [ -91.062389194805121, 30.467672584648223 ], [ -91.062392781825693, 30.467929537374189 ], [ -91.062398657576765, 30.468350254824188 ], [ -91.062401639116771, 30.468563890407356 ], [ -91.06295992189861, 30.468561928606427 ], [ -91.063280914518231, 30.468560799981908 ], [ -91.063291608249813, 30.467669411657766 ] ] ] } },
{ "type": "Feature", "properties": { "ID": 15, "BG_ID": 56, "PARKID": "FESTA", "FACILITY_NAME": "Fiesta Park", "CLASSIFICATION": "Neighborhood", "FULL_ADDRESS": "1000 FIESTA CT", "CITY": "BATON ROUGE", "STATE": "LOUISIANA", "ZIP": 70815, "ACREAGE": 1.266, "AIRGUN_RANGE": "NO", "AIRNASIUM": "NO", "ARCHERY_RANGE": "NO", "BALL_MULTI_PURPOSE_FIELD": "NO", "BASKETBALL_INDOOR": "NO", "BASKETBALL_OUTDOOR": "NO", "BIKE_REPAIR_STATION": "NO", "BIRD_WATCHING_WILDLIFE_VIEWING": "NO", "BLUEWAY_TRAILHEAD": "NO", "BMX": "NO", "CANOE_KAYAK_LAUNCH": "NO", "CRICKET_PITCH": "NO", "CROQUET_COURT": "NO", "DISC_GOLF": "NO", "DOG_PARK": "NO", "EQUESTRIAN": "NO", "FISHING_ACCESS": "NO", "FITNESS_CENTERS": "NO", "GARDEN_ARBORETUM": "NO", "GOLF_COURSE_9_HOLE": "NO", "GOLF_COURSE_18_HOLE": "NO", "GREENWAY_TRAILHEAD": "NO", "MOUNTAIN_BIKING": "NO", "NATURE_TRAILS": "NO", "OUTDOOR_FITNESS_STATION": "YES", "PAVILION": "YES", "PLAYGROUND": "NO", "PRIMITIVE_TRAILS": "NO", "RECREATION_CENTER": "NO", "RUGBY_FIELD": "NO", "RV_PARK": "NO", "SAND_VOLLEYBALL": "NO", "SHUFFLEBOARD": "NO", "SKATE_PARK": "NO", "SOCCER_FIELD": "NO", "SPLASH_PAD": "NO", "STADIUM": "NO", "SWIMMING_POOL": "NO", "TENNIS_CENTER": "NO", "TENNIS_COURTS": "NO", "VELODROME": "NO", "WALKING_LOOP_OUTDOOR": "YES", "WALKING_TRACK_INDOOR": "NO" }, "geometry": { "type": "Polygon", "coordinates": [ [ [ -91.075165879200668, 30.459424765951216 ], [ -91.074003452961833, 30.45943085338455 ], [ -91.074004432221201, 30.45960128209623 ], [ -91.074005851641658, 30.459848758995157 ], [ -91.074005880127075, 30.459853798957393 ], [ -91.074536105912941, 30.459846192823363 ], [ -91.074694805623892, 30.459843916073471 ], [ -91.075020571123815, 30.459839241224895 ], [ -91.075163385226446, 30.45983719088327 ], [ -91.075165879200668, 30.459424765951216 ] ] ] } },
{ "type": "Feature", "properties": { "ID": 16, "BG_ID": 126, "PARKID": "BAYWD", "FACILITY_NAME": "Baywood Park", "CLASSIFICATION": "Neighborhood", "FULL_ADDRESS": "20001 PRIDE-BAYWOOD RD", "CITY": "GREENWELL SPRINGS", "STATE": "LOUISIANA", "ZIP": 70739, "ACREAGE": 30.871, "AIRGUN_RANGE": "NO", "AIRNASIUM": "NO", "ARCHERY_RANGE": "NO", "BALL_MULTI_PURPOSE_FIELD": "NO", "BASKETBALL_INDOOR": "NO", "BASKETBALL_OUTDOOR": "YES", "BIKE_REPAIR_STATION": "NO", "BIRD_WATCHING_WILDLIFE_VIEWING": "NO", "BLUEWAY_TRAILHEAD": "NO", "BMX": "NO", "CANOE_KAYAK_LAUNCH": "NO", "CRICKET_PITCH": "NO", "CROQUET_COURT": "NO", "DISC_GOLF": "NO", "DOG_PARK": "NO", "EQUESTRIAN": "NO", "FISHING_ACCESS": "NO", "FITNESS_CENTERS": "NO", "GARDEN_ARBORETUM": "NO", "GOLF_COURSE_9_HOLE": "NO", "GOLF_COURSE_18_HOLE": "NO", "GREENWAY_TRAILHEAD": "NO", "MOUNTAIN_BIKING": "NO", "NATURE_TRAILS": "NO", "OUTDOOR_FITNESS_STATION": "NO", "PAVILION": "YES", "PLAYGROUND": "YES", "PRIMITIVE_TRAILS": "NO", "RECREATION_CENTER": "NO", "RUGBY_FIELD": "NO", "RV_PARK": "NO", "SAND_VOLLEYBALL": "NO", "SHUFFLEBOARD": "NO", "SKATE_PARK": "NO", "SOCCER_FIELD": "NO", "SPLASH_PAD": "NO", "STADIUM": "NO", "SWIMMING_POOL": "NO", "TENNIS_CENTER": "NO", "TENNIS_COURTS": "YES", "VELODROME": "NO", "WALKING_LOOP_OUTDOOR": "NO", "WALKING_TRACK_INDOOR": "NO" }, "geometry": { "type": "Polygon", "coordinates": [ [ [ -90.916059758705472, 30.714048543372265 ], [ -90.916076506750017, 30.712634225801704 ], [ -90.915912732721111, 30.712596489176679 ], [ -90.916137846540025, 30.711698038685729 ], [ -90.915967723899129, 30.711646631184294 ], [ -90.915792125602707, 30.711588862417063 ], [ -90.915409958857339, 30.711470097528938 ], [ -90.914960259938923, 30.712355870772125 ], [ -90.914126511101529, 30.714283549907737 ], [ -90.914124342057946, 30.714442497960292 ], [ -90.914117282799765, 30.714957761206076 ], [ -90.915407777538945, 30.714992462552612 ], [ -90.915370364940358, 30.716027457013318 ], [ -90.919398266046528, 30.71611898693871 ], [ -90.919403642642393, 30.715099954422435 ], [ -90.917895769006179, 30.7150594237931 ], [ -90.917939525931288, 30.714068538201868 ], [ -90.916059758705472, 30.714048543372265 ] ] ] } },
{ "type": "Feature", "properties": { "ID": 17, "BG_ID": 72, "PARKID": "JCKRN", "FACILITY_NAME": "Jacob Kornmeyer Nature Reserve", "CLASSIFICATION": "Conservation", "FULL_ADDRESS": "13000-13400 HOOPER RD", "CITY": "GREENWELL SPRINGS", "STATE": "LOUISIANA", "ZIP": 70739, "ACREAGE": 40.0, "AIRGUN_RANGE": "NO", "AIRNASIUM": "NO", "ARCHERY_RANGE": "NO", "BALL_MULTI_PURPOSE_FIELD": "NO", "BASKETBALL_INDOOR": "NO", "BASKETBALL_OUTDOOR": "NO", "BIKE_REPAIR_STATION": "NO", "BIRD_WATCHING_WILDLIFE_VIEWING": "NO", "BLUEWAY_TRAILHEAD": "NO", "BMX": "NO", "CANOE_KAYAK_LAUNCH": "NO", "CRICKET_PITCH": "NO", "CROQUET_COURT": "NO", "DISC_GOLF": "NO", "DOG_PARK": "NO", "EQUESTRIAN": "NO", "FISHING_ACCESS": "NO", "FITNESS_CENTERS": "NO", "GARDEN_ARBORETUM": "NO", "GOLF_COURSE_9_HOLE": "NO", "GOLF_COURSE_18_HOLE": "NO", "GREENWAY_TRAILHEAD": "NO", "MOUNTAIN_BIKING": "NO", "NATURE_TRAILS": "NO", "OUTDOOR_FITNESS_STATION": "NO", "PAVILION": "NO", "PLAYGROUND": "NO", "PRIMITIVE_TRAILS": "NO", "RECREATION_CENTER": "NO", "RUGBY_FIELD": "NO", "RV_PARK": "NO", "SAND_VOLLEYBALL": "NO", "SHUFFLEBOARD": "NO", "SKATE_PARK": "NO", "SOCCER_FIELD": "NO", "SPLASH_PAD": "NO", "STADIUM": "NO", "SWIMMING_POOL": "NO", "TENNIS_CENTER": "NO", "TENNIS_COURTS": "NO", "VELODROME": "NO", "WALKING_LOOP_OUTDOOR": "NO", "WALKING_TRACK_INDOOR": "NO" }, "geometry": { "type": "Polygon", "coordinates": [ [ [ -91.019823675677145, 30.557515531952966 ], [ -91.015555079575094, 30.557510192867497 ], [ -91.015516938765487, 30.561090694057544 ], [ -91.019817800748214, 30.56107733512512 ], [ -91.019823675677145, 30.557515531952966 ] ] ] } },
{ "type": "Feature", "properties": { "ID": 18, "BG_ID": 115, "PARKID": "LIGON", "FACILITY_NAME": "Ligon Road Park", "CLASSIFICATION": "Neighborhood", "FULL_ADDRESS": "21600 LIGON RD", "CITY": "ZACHARY", "STATE": "LOUISIANA", "ZIP": 70791, "ACREAGE": 2.68, "AIRGUN_RANGE": "NO", "AIRNASIUM": "NO", "ARCHERY_RANGE": "NO", "BALL_MULTI_PURPOSE_FIELD": "NO", "BASKETBALL_INDOOR": "NO", "BASKETBALL_OUTDOOR": "YES", "BIKE_REPAIR_STATION": "NO", "BIRD_WATCHING_WILDLIFE_VIEWING": "NO", "BLUEWAY_TRAILHEAD": "NO", "BMX": "NO", "CANOE_KAYAK_LAUNCH": "NO", "CRICKET_PITCH": "NO", "CROQUET_COURT": "NO", "DISC_GOLF": "NO", "DOG_PARK": "NO", "EQUESTRIAN": "NO", "FISHING_ACCESS": "NO", "FITNESS_CENTERS": "NO", "GARDEN_ARBORETUM": "NO", "GOLF_COURSE_9_HOLE": "NO", "GOLF_COURSE_18_HOLE": "NO", "GREENWAY_TRAILHEAD": "NO", "MOUNTAIN_BIKING": "NO", "NATURE_TRAILS": "NO", "OUTDOOR_FITNESS_STATION": "NO", "PAVILION": "NO", "PLAYGROUND": "NO", "PRIMITIVE_TRAILS": "NO", "RECREATION_CENTER": "NO", "RUGBY_FIELD": "NO", "RV_PARK": "NO", "SAND_VOLLEYBALL": "NO", "SHUFFLEBOARD": "NO", "SKATE_PARK": "NO", "SOCCER_FIELD": "NO", "SPLASH_PAD": "NO", "STADIUM": "NO", "SWIMMING_POOL": "NO", "TENNIS_CENTER": "NO", "TENNIS_COURTS": "NO", "VELODROME": "NO", "WALKING_LOOP_OUTDOOR": "NO", "WALKING_TRACK_INDOOR": "NO" }, "geometry": { "type": "Polygon", "coordinates": [ [ [ -91.221981055645003, 30.671833914517492 ], [ -91.221940416029696, 30.671828891339057 ], [ -91.221919966807377, 30.671827324495325 ], [ -91.221899465739725, 30.671826391720199 ], [ -91.221878938914358, 30.671826093035499 ], [ -91.221858413460438, 30.67182643026814 ], [ -91.221837914425222, 30.671827400733189 ], [ -91.221817468938866, 30.671829005355381 ], [ -91.221797103093124, 30.671831240548762 ], [ -91.221776842978713, 30.671834103629195 ], [ -91.221756713641895, 30.671837592813816 ], [ -91.221736742222006, 30.671841700909422 ], [ -91.221716952723796, 30.671846424328166 ], [ -91.221697372285647, 30.671851756779052 ], [ -91.221678024916429, 30.67185769106614 ], [ -91.221658935668486, 30.671864219994575 ], [ -91.221640128552764, 30.671871334564564 ], [ -91.221621627579168, 30.67187902667834 ], [ -91.221603456760704, 30.671887285532076 ], [ -91.221585640109467, 30.671896101224057 ], [ -91.221568198508834, 30.671905462045832 ], [ -91.221551157016492, 30.671915356292462 ], [ -91.221534534429992, 30.671925771351788 ], [ -91.221518354766516, 30.671936692812107 ], [ -91.221502636823672, 30.671948108061024 ], [ -91.221487401488204, 30.671960002684326 ], [ -91.22147266756177, 30.671972360461655 ], [ -91.221458454889714, 30.671985165173773 ], [ -91.221444781228286, 30.671998402403556 ], [ -91.22143166433878, 30.672012053223966 ], [ -91.221419120937099, 30.672026100510951 ], [ -91.221405433744053, 30.67204206811903 ], [ -91.220891248092599, 30.672667648114057 ], [ -91.220868452065034, 30.672698021202386 ], [ -91.220856816799341, 30.672718123514471 ], [ -91.220848835126958, 30.672738980302345 ], [ -91.220844407573267, 30.67276089185269 ], [ -91.220843750861775, 30.672783233254652 ], [ -91.22084688971951, 30.672805367708108 ], [ -91.220853632960313, 30.672826571636261 ], [ -91.220888846880513, 30.672895647894556 ], [ -91.221410991695748, 30.67274103463501 ], [ -91.221639132587839, 30.67269623735227 ], [ -91.222132953707998, 30.672599272085183 ], [ -91.222226217947281, 30.672574516965362 ], [ -91.222554470272129, 30.672485909117629 ], [ -91.222768850537008, 30.672384598093014 ], [ -91.223116052678023, 30.672153047298526 ], [ -91.223138097720891, 30.672136630043767 ], [ -91.223149022255996, 30.672128324367137 ], [ -91.223219873048563, 30.672071543779907 ], [ -91.223254159506794, 30.672042123328861 ], [ -91.222938025081433, 30.672052617848493 ], [ -91.222869487231605, 30.672052687938503 ], [ -91.222835263455963, 30.672051070970713 ], [ -91.22280113273878, 30.672048354517614 ], [ -91.222767142035721, 30.67204454222647 ], [ -91.222733339342994, 30.672039640451487 ], [ -91.222690094029019, 30.672032651646674 ], [ -91.222557737789657, 30.672006122948464 ], [ -91.222492672022156, 30.671989193698046 ], [ -91.222428508487724, 30.671969860403202 ], [ -91.222346019409883, 30.671943273079542 ], [ -91.222078764993668, 30.671857130490242 ], [ -91.222040265135419, 30.67184604851121 ], [ -91.222020699061943, 30.671841400245157 ], [ -91.222000953871571, 30.67183735346859 ], [ -91.221981055645003, 30.671833914517492 ] ] ] } },
{ "type": "Feature", "properties": { "ID": 19, "BG_ID": 18, "PARKID": "SDYCK", "FACILITY_NAME": "Sandy Creek Community Park", "CLASSIFICATION": "Community", "FULL_ADDRESS": "21572 CARSON RD", "CITY": "GREENWELL SPRINGS", "STATE": "LOUISIANA", "ZIP": 70739, "ACREAGE": 386.33, "AIRGUN_RANGE": "NO", "AIRNASIUM": "NO", "ARCHERY_RANGE": "NO", "BALL_MULTI_PURPOSE_FIELD": "NO", "BASKETBALL_INDOOR": "NO", "BASKETBALL_OUTDOOR": "NO", "BIKE_REPAIR_STATION": "NO", "BIRD_WATCHING_WILDLIFE_VIEWING": "YES", "BLUEWAY_TRAILHEAD": "NO", "BMX": "NO", "CANOE_KAYAK_LAUNCH": "NO", "CRICKET_PITCH": "NO", "CROQUET_COURT": "NO", "DISC_GOLF": "NO", "DOG_PARK": "NO", "EQUESTRIAN": "YES", "FISHING_ACCESS": "YES", "FITNESS_CENTERS": "NO", "GARDEN_ARBORETUM": "NO", "GOLF_COURSE_9_HOLE": "NO", "GOLF_COURSE_18_HOLE": "NO", "GREENWAY_TRAILHEAD": "NO", "MOUNTAIN_BIKING": "YES", "NATURE_TRAILS": "NO", "OUTDOOR_FITNESS_STATION": "NO", "PAVILION": "NO", "PLAYGROUND": "NO", "PRIMITIVE_TRAILS": "YES", "RECREATION_CENTER": "NO", "RUGBY_FIELD": "NO", "RV_PARK": "NO", "SAND_VOLLEYBALL": "NO", "SHUFFLEBOARD": "NO", "SKATE_PARK": "NO", "SOCCER_FIELD": "NO", "SPLASH_PAD": "NO", "STADIUM": "NO", "SWIMMING_POOL": "NO", "TENNIS_CENTER": "NO", "TENNIS_COURTS": "NO", "VELODROME": "NO", "WALKING_LOOP_OUTDOOR": "NO", "WALKING_TRACK_INDOOR": "NO" }, "geometry": { "type": "MultiPolygon", "coordinates": [ [ [ [ -90.959401372540796, 30.663955351245871 ], [ -90.960272053099928, 30.659772604729277 ], [ -90.960705218848418, 30.657691544607331 ], [ -90.961353934593944, 30.654008868261712 ], [ -90.961567093489322, 30.652978201846768 ], [ -90.960747777616135, 30.652975676558366 ], [ -90.959043625085485, 30.652985457996895 ], [ -90.955815901540205, 30.653014624265218 ], [ -90.950476784765272, 30.653062696942705 ], [ -90.946581587199475, 30.653097632851626 ], [ -90.946580991478541, 30.653143327647786 ], [ -90.946529008715856, 30.657130684647104 ], [ -90.946488836510255, 30.660211962758929 ], [ -90.955792060426404, 30.660128345209998 ], [ -90.955779635710286, 30.663835889044229 ], [ -90.955777375235627, 30.66397834317959 ], [ -90.95577714784848, 30.664141757028172 ], [ -90.95575441609877, 30.671358561793561 ], [ -90.955731280642084, 30.671992653186177 ], [ -90.958240395257505, 30.671983337205987 ], [ -90.958374542417204, 30.671812643649133 ], [ -90.959240948911386, 30.670855037813308 ], [ -90.959607234296215, 30.670426958437524 ], [ -90.95954435956105, 30.670387380111254 ], [ -90.959429231659442, 30.670313608608282 ], [ -90.959354496639961, 30.670159572124344 ], [ -90.959307233691462, 30.670010957562766 ], [ -90.959326613420004, 30.66975817832401 ], [ -90.959330533751015, 30.669707084634673 ], [ -90.959273243146896, 30.669663700972983 ], [ -90.959125837722539, 30.669518063595614 ], [ -90.95907337603235, 30.669382050771098 ], [ -90.959009235790631, 30.669249856560526 ], [ -90.958943827417372, 30.669059805065647 ], [ -90.9588616549254, 30.668878462063507 ], [ -90.958781980566087, 30.668691126730177 ], [ -90.958717282645281, 30.668498297068975 ], [ -90.958703077460527, 30.668325058497569 ], [ -90.95871290982501, 30.668196884155154 ], [ -90.958791908142217, 30.668080204840042 ], [ -90.958883105113941, 30.668003428265713 ], [ -90.959042777943125, 30.667954758867989 ], [ -90.959165370212233, 30.667998094277337 ], [ -90.959284459382189, 30.668102830935311 ], [ -90.959349630541269, 30.66823715042667 ], [ -90.959357709376448, 30.66834241896662 ], [ -90.959350035561187, 30.66844246006136 ], [ -90.959372796484473, 30.668517850954924 ], [ -90.959426228006606, 30.66858076053083 ], [ -90.959599933365865, 30.668639397210246 ], [ -90.959663810702438, 30.668643057275144 ], [ -90.959749151954099, 30.66861704726583 ], [ -90.959861319031674, 30.668536595675349 ], [ -90.960036552802805, 30.668442797635951 ], [ -90.960123511088355, 30.668372504622493 ], [ -90.960181458316342, 30.668322371189401 ], [ -90.960216460499652, 30.66829208972306 ], [ -90.960231016874957, 30.668204637578924 ], [ -90.960219122924343, 30.668085859639572 ], [ -90.96020372660081, 30.668023989225553 ], [ -90.960187824773698, 30.667984127547658 ], [ -90.96016173045173, 30.667918708236151 ], [ -90.96014229333727, 30.667817633713994 ], [ -90.960128623389934, 30.667736557847935 ], [ -90.960120005395652, 30.667583364449694 ], [ -90.960136064098563, 30.667479366278656 ], [ -90.960199486022034, 30.667364948710212 ], [ -90.960412628583398, 30.667292643716227 ], [ -90.960614268701391, 30.667415804237393 ], [ -90.960631566931681, 30.667485302024847 ], [ -90.960635732565109, 30.667493886525534 ], [ -90.960668350249847, 30.667508736161217 ], [ -90.960732288761662, 30.667503716659798 ], [ -90.960840481760457, 30.667471408231375 ], [ -90.960948852875248, 30.667445827472672 ], [ -90.961039124088813, 30.667367666714249 ], [ -90.961080253138093, 30.667242664960359 ], [ -90.961139662436622, 30.667124980280505 ], [ -90.961147729319393, 30.667019795928944 ], [ -90.961151140123889, 30.666918794693402 ], [ -90.961091333089072, 30.666852188536446 ], [ -90.961017472536284, 30.666779214312324 ], [ -90.960891128086743, 30.666672194709388 ], [ -90.96078680986912, 30.666537901191585 ], [ -90.960699464723788, 30.666406467795213 ], [ -90.960603667651242, 30.666285861862622 ], [ -90.960570173849817, 30.666134315911876 ], [ -90.960557091620657, 30.665997689020486 ], [ -90.96062491006947, 30.66584035283822 ], [ -90.960745649205109, 30.665720594675125 ], [ -90.960819375855309, 30.665646338363739 ], [ -90.960942769486749, 30.665482897250556 ], [ -90.961069855467557, 30.665361672786894 ], [ -90.961237255364821, 30.665213738007687 ], [ -90.96136053221106, 30.665139422022602 ], [ -90.961461240237838, 30.665032224423189 ], [ -90.961532772697396, 30.664951519318677 ], [ -90.961576574208152, 30.66487441574273 ], [ -90.961649305938437, 30.664745177148287 ], [ -90.961694407973752, 30.664606180569379 ], [ -90.961898882214811, 30.664527921658006 ], [ -90.962153813782919, 30.664554226969628 ], [ -90.962363290042404, 30.664546688886031 ], [ -90.962489772494962, 30.664529864734686 ], [ -90.962588715649815, 30.664462147245896 ], [ -90.962678849759925, 30.664369358661901 ], [ -90.962949023658695, 30.664305019587928 ], [ -90.963052051199725, 30.664439168090823 ], [ -90.963203007425633, 30.664567027964001 ], [ -90.963304234410501, 30.664652059856454 ], [ -90.963323841420262, 30.664660859670782 ], [ -90.963344631236254, 30.664651627798754 ], [ -90.963407047371845, 30.664601365560355 ], [ -90.963434879805703, 30.664493115152613 ], [ -90.963442017023937, 30.664475229071943 ], [ -90.963401439739542, 30.664408328476664 ], [ -90.963268134430479, 30.664169880839189 ], [ -90.962986595164111, 30.663944431109218 ], [ -90.962831737023365, 30.66394563371766 ], [ -90.961095164905004, 30.663950182829048 ], [ -90.96026505225187, 30.663952717307264 ], [ -90.959401372540796, 30.663955351245871 ] ] ], [ [ [ -90.960137031617407, 30.670682073218252 ], [ -90.959976637026799, 30.670617506132903 ], [ -90.959829034769044, 30.670537807461823 ], [ -90.959443473193943, 30.670988224758414 ], [ -90.95852827336266, 30.671961745327629 ], [ -90.959354444318592, 30.67196409575077 ], [ -90.959358670725422, 30.67195107712752 ], [ -90.959355651358123, 30.671892322908537 ], [ -90.959328085120546, 30.671834104690209 ], [ -90.959203867859429, 30.671740375505301 ], [ -90.959136912717824, 30.671572509551655 ], [ -90.959188341760651, 30.671453472911843 ], [ -90.959373581219879, 30.671334577461884 ], [ -90.959561358710616, 30.671313131184515 ], [ -90.959738487989625, 30.671371091731721 ], [ -90.959843738171003, 30.671424417932805 ], [ -90.959957979781649, 30.671438354806668 ], [ -90.960089978128948, 30.671410177660565 ], [ -90.960123285466835, 30.671412085393126 ], [ -90.960240264387593, 30.671418787429538 ], [ -90.960440171090838, 30.671353173370019 ], [ -90.96057246893551, 30.67132326380964 ], [ -90.960591387993631, 30.671301919341573 ], [ -90.960629128888073, 30.671233756239012 ], [ -90.960627837458901, 30.67119481069528 ], [ -90.960514079165463, 30.671102420950927 ], [ -90.960286721330348, 30.67097789820512 ], [ -90.960206447033357, 30.670771371760516 ], [ -90.960137031617407, 30.670682073218252 ] ] ], [ [ [ -90.960852232371835, 30.667635142361537 ], [ -90.960759247897769, 30.667611992318069 ], [ -90.960642417207055, 30.667621160354447 ], [ -90.960546856853298, 30.667577657881445 ], [ -90.960536111721183, 30.667572766682838 ], [ -90.96050972427588, 30.667518379200665 ], [ -90.960500378256739, 30.667480829825735 ], [ -90.960395287589748, 30.667416642395576 ], [ -90.960288605464285, 30.667452830689214 ], [ -90.960281924714238, 30.66746595159935 ], [ -90.960259825164528, 30.66750934777853 ], [ -90.960247684458281, 30.667587967862012 ], [ -90.960255443973111, 30.66772589396842 ], [ -90.9602680463518, 30.667800646370384 ], [ -90.960285525753264, 30.667891536983895 ], [ -90.960326539984877, 30.667994354464327 ], [ -90.960345228864909, 30.668069453214958 ], [ -90.960359073914802, 30.668207730161047 ], [ -90.96033640570937, 30.668343909999351 ], [ -90.960212028252428, 30.668451516275372 ], [ -90.960209682635451, 30.668453413834555 ], [ -90.960194124771036, 30.668465990185886 ], [ -90.960114245167475, 30.668530560922427 ], [ -90.959984045516762, 30.668600254076338 ], [ -90.959935782482845, 30.668626088156604 ], [ -90.959812895756471, 30.668714227274375 ], [ -90.959681469679808, 30.66875428536029 ], [ -90.959571935601303, 30.668748007911137 ], [ -90.959345538067566, 30.668671583574877 ], [ -90.959300690790243, 30.668618779150862 ], [ -90.959255843557301, 30.668565975612662 ], [ -90.959221726492004, 30.668452977257047 ], [ -90.959230207115539, 30.66834242180979 ], [ -90.95922409262522, 30.66826275268696 ], [ -90.959176591210579, 30.668164852409124 ], [ -90.959092984909105, 30.668091321054366 ], [ -90.959039429422575, 30.668072388911753 ], [ -90.958951812051154, 30.668099096516855 ], [ -90.958893007907591, 30.668148602800255 ], [ -90.958837866662236, 30.668230044557077 ], [ -90.958830597332621, 30.668324808156047 ], [ -90.958843229629011, 30.668478876175598 ], [ -90.958852208934587, 30.668505638279616 ], [ -90.958902927370175, 30.668656793912149 ], [ -90.958968750505235, 30.668811559658373 ], [ -90.958980603655036, 30.668839429427027 ], [ -90.959001526585709, 30.668885605115431 ], [ -90.959064239616637, 30.669024007519901 ], [ -90.95912921780527, 30.669212802133099 ], [ -90.959192552598509, 30.669343338809767 ], [ -90.959238435892502, 30.669462297504566 ], [ -90.959363431194021, 30.669585791032588 ], [ -90.959461634458933, 30.669660157119019 ], [ -90.959453558894282, 30.66976545129625 ], [ -90.959435598672783, 30.669999706199391 ], [ -90.959474993189446, 30.670123582324262 ], [ -90.959485864470736, 30.670244407648898 ], [ -90.9596497602639, 30.669673049729045 ], [ -90.96052580578268, 30.66802314821507 ], [ -90.960852232371835, 30.667635142361537 ] ] ] ] } },
{ "type": "Feature", "properties": { "ID": 20, "BG_ID": 17, "PARKID": "DCHSS", "FACILITY_NAME": "Duchess Drive Park", "CLASSIFICATION": "Neighborhood", "FULL_ADDRESS": "1701 DUCHESS DR", "CITY": "BATON ROUGE", "STATE": "LOUISIANA", "ZIP": 70815, "ACREAGE": 20.784, "AIRGUN_RANGE": "NO", "AIRNASIUM": "NO", "ARCHERY_RANGE": "NO", "BALL_MULTI_PURPOSE_FIELD": "NO", "BASKETBALL_INDOOR": "NO", "BASKETBALL_OUTDOOR": "NO", "BIKE_REPAIR_STATION": "NO", "BIRD_WATCHING_WILDLIFE_VIEWING": "NO", "BLUEWAY_TRAILHEAD": "NO", "BMX": "NO", "CANOE_KAYAK_LAUNCH": "NO", "CRICKET_PITCH": "NO", "CROQUET_COURT": "NO", "DISC_GOLF": "NO", "DOG_PARK": "NO", "EQUESTRIAN": "NO", "FISHING_ACCESS": "NO", "FITNESS_CENTERS": "NO", "GARDEN_ARBORETUM": "NO", "GOLF_COURSE_9_HOLE": "NO", "GOLF_COURSE_18_HOLE": "NO", "GREENWAY_TRAILHEAD": "NO", "MOUNTAIN_BIKING": "NO", "NATURE_TRAILS": "NO", "OUTDOOR_FITNESS_STATION": "NO", "PAVILION": "NO", "PLAYGROUND": "YES", "PRIMITIVE_TRAILS": "NO", "RECREATION_CENTER": "NO", "RUGBY_FIELD": "NO", "RV_PARK": "NO", "SAND_VOLLEYBALL": "NO", "SHUFFLEBOARD": "NO", "SKATE_PARK": "NO", "SOCCER_FIELD": "NO", "SPLASH_PAD": "NO", "STADIUM": "NO", "SWIMMING_POOL": "NO", "TENNIS_CENTER": "NO", "TENNIS_COURTS": "NO", "VELODROME": "NO", "WALKING_LOOP_OUTDOOR": "NO", "WALKING_TRACK_INDOOR": "NO" }, "geometry": { "type": "Polygon", "coordinates": [ [ [ -91.039659947250229, 30.468934207429132 ], [ -91.039470074946777, 30.468932153018574 ], [ -91.03861304388721, 30.467770660422772 ], [ -91.036337683232219, 30.469846707998915 ], [ -91.036829400265106, 30.469848578704198 ], [ -91.037595292854533, 30.469851488394045 ], [ -91.038361184444767, 30.469854394549355 ], [ -91.039127077121179, 30.469857296272835 ], [ -91.03989293860316, 30.469860192590644 ], [ -91.040099264383414, 30.469860972147103 ], [ -91.040086626252375, 30.470757946116226 ], [ -91.040696197147241, 30.470753492921144 ], [ -91.04081340444867, 30.470752636280025 ], [ -91.04100075554102, 30.470751267023747 ], [ -91.041302002156812, 30.470749064687027 ], [ -91.04130208190071, 30.470721961114091 ], [ -91.041302486378882, 30.470584485755779 ], [ -91.041302931303591, 30.470433262855167 ], [ -91.041303376226921, 30.470282039947808 ], [ -91.041303821148929, 30.470130817033677 ], [ -91.041304346964083, 30.469952099035481 ], [ -91.041304830793536, 30.469787650865527 ], [ -91.041305356605065, 30.469608932849177 ], [ -91.041305882414676, 30.469430214823383 ], [ -91.041306397625036, 30.469255098752324 ], [ -91.041306923430923, 30.469076380707801 ], [ -91.041307327412653, 30.468939069459214 ], [ -91.040797083138443, 30.468937942084676 ], [ -91.040709492838786, 30.468937487657911 ], [ -91.04063123537108, 30.468937080886093 ], [ -91.040393174855581, 30.468936360880171 ], [ -91.040139243519519, 30.468935634137363 ], [ -91.039659947250229, 30.468934207429132 ] ] ] } },
{ "type": "Feature", "properties": { "ID": 21, "BG_ID": 2, "PARKID": "SMDAG", "FACILITY_NAME": "Samuel D'Agostino Park", "CLASSIFICATION": "Neighborhood", "FULL_ADDRESS": "10300 EL SCOTT AVE", "CITY": "BATON ROUGE", "STATE": "LOUISIANA", "ZIP": 70811, "ACREAGE": 10.33, "AIRGUN_RANGE": "NO", "AIRNASIUM": "NO", "ARCHERY_RANGE": "NO", "BALL_MULTI_PURPOSE_FIELD": "NO", "BASKETBALL_INDOOR": "NO", "BASKETBALL_OUTDOOR": "YES", "BIKE_REPAIR_STATION": "NO", "BIRD_WATCHING_WILDLIFE_VIEWING": "NO", "BLUEWAY_TRAILHEAD": "NO", "BMX": "NO", "CANOE_KAYAK_LAUNCH": "NO", "CRICKET_PITCH": "NO", "CROQUET_COURT": "NO", "DISC_GOLF": "NO", "DOG_PARK": "NO", "EQUESTRIAN": "NO", "FISHING_ACCESS": "NO", "FITNESS_CENTERS": "NO", "GARDEN_ARBORETUM": "NO", "GOLF_COURSE_9_HOLE": "NO", "GOLF_COURSE_18_HOLE": "NO", "GREENWAY_TRAILHEAD": "NO", "MOUNTAIN_BIKING": "NO", "NATURE_TRAILS": "NO", "OUTDOOR_FITNESS_STATION": "NO", "PAVILION": "YES", "PLAYGROUND": "YES", "PRIMITIVE_TRAILS": "NO", "RECREATION_CENTER": "NO", "RUGBY_FIELD": "NO", "RV_PARK": "NO", "SAND_VOLLEYBALL": "NO", "SHUFFLEBOARD": "NO", "SKATE_PARK": "NO", "SOCCER_FIELD": "NO", "SPLASH_PAD": "NO", "STADIUM": "NO", "SWIMMING_POOL": "NO", "TENNIS_CENTER": "NO", "TENNIS_COURTS": "NO", "VELODROME": "NO", "WALKING_LOOP_OUTDOOR": "YES", "WALKING_TRACK_INDOOR": "NO" }, "geometry": { "type": "Polygon", "coordinates": [ [ [ -91.074118031768194, 30.499251292061558 ], [ -91.073824081289487, 30.499211608613077 ], [ -91.073353406958731, 30.499148065050843 ], [ -91.073335886539894, 30.49925656008724 ], [ -91.073230264387036, 30.499910653057654 ], [ -91.073217071456071, 30.499992349847329 ], [ -91.073181542855025, 30.500212367101881 ], [ -91.073158743369603, 30.500353548003421 ], [ -91.073629074375233, 30.500419059858885 ], [ -91.077498593037291, 30.500957965078864 ], [ -91.076086483294546, 30.500245964275276 ], [ -91.075993239197601, 30.500198006828981 ], [ -91.074118031768194, 30.499251292061558 ] ] ] } },
{ "type": "Feature", "properties": { "ID": 22, "BG_ID": 15, "PARKID": "DROZE", "FACILITY_NAME": "Droze Road Park", "CLASSIFICATION": "Neighborhood", "FULL_ADDRESS": "7700 DROZE RD", "CITY": "GREENWELL SPRINGS", "STATE": "LOUISIANA", "ZIP": 70739, "ACREAGE": 2.75, "AIRGUN_RANGE": "NO", "AIRNASIUM": "NO", "ARCHERY_RANGE": "NO", "BALL_MULTI_PURPOSE_FIELD": "YES", "BASKETBALL_INDOOR": "NO", "BASKETBALL_OUTDOOR": "NO", "BIKE_REPAIR_STATION": "NO", "BIRD_WATCHING_WILDLIFE_VIEWING": "NO", "BLUEWAY_TRAILHEAD": "NO", "BMX": "NO", "CANOE_KAYAK_LAUNCH": "NO", "CRICKET_PITCH": "NO", "CROQUET_COURT": "NO", "DISC_GOLF": "NO", "DOG_PARK": "NO", "EQUESTRIAN": "NO", "FISHING_ACCESS": "NO", "FITNESS_CENTERS": "NO", "GARDEN_ARBORETUM": "NO", "GOLF_COURSE_9_HOLE": "NO", "GOLF_COURSE_18_HOLE": "NO", "GREENWAY_TRAILHEAD": "NO", "MOUNTAIN_BIKING": "NO", "NATURE_TRAILS": "NO", "OUTDOOR_FITNESS_STATION": "NO", "PAVILION": "NO", "PLAYGROUND": "YES", "PRIMITIVE_TRAILS": "NO", "RECREATION_CENTER": "NO", "RUGBY_FIELD": "NO", "RV_PARK": "NO", "SAND_VOLLEYBALL": "NO", "SHUFFLEBOARD": "NO", "SKATE_PARK": "NO", "SOCCER_FIELD": "NO", "SPLASH_PAD": "NO", "STADIUM": "NO", "SWIMMING_POOL": "NO", "TENNIS_CENTER": "NO", "TENNIS_COURTS": "NO", "VELODROME": "NO", "WALKING_LOOP_OUTDOOR": "NO", "WALKING_TRACK_INDOOR": "NO" }, "geometry": { "type": "Polygon", "coordinates": [ [ [ -91.004070817463841, 30.520794064703558 ], [ -91.003988428399367, 30.521530617123187 ], [ -91.005243769810463, 30.521714391683165 ], [ -91.005288638389175, 30.521313220634578 ], [ -91.005861382218043, 30.521306769343134 ], [ -91.00584732959743, 30.521169443440325 ], [ -91.005304035054621, 30.52117556263299 ], [ -91.005334109981916, 30.520906663900867 ], [ -91.004070817463841, 30.520794064703558 ] ] ] } },
{ "type": "Feature", "properties": { "ID": 23, "BG_ID": 23, "PARKID": "CHRCH", "FACILITY_NAME": "Church Street Park", "CLASSIFICATION": "Neighborhood", "FULL_ADDRESS": "3210 CHURCH ST", "CITY": "ZACHARY", "STATE": "LOUISIANA", "ZIP": 70791, "ACREAGE": 7.085, "AIRGUN_RANGE": "NO", "AIRNASIUM": "NO", "ARCHERY_RANGE": "NO", "BALL_MULTI_PURPOSE_FIELD": "NO", "BASKETBALL_INDOOR": "YES", "BASKETBALL_OUTDOOR": "YES", "BIKE_REPAIR_STATION": "NO", "BIRD_WATCHING_WILDLIFE_VIEWING": "NO", "BLUEWAY_TRAILHEAD": "NO", "BMX": "NO", "CANOE_KAYAK_LAUNCH": "NO", "CRICKET_PITCH": "NO", "CROQUET_COURT": "NO", "DISC_GOLF": "NO", "DOG_PARK": "NO", "EQUESTRIAN": "NO", "FISHING_ACCESS": "NO", "FITNESS_CENTERS": "NO", "GARDEN_ARBORETUM": "NO", "GOLF_COURSE_9_HOLE": "NO", "GOLF_COURSE_18_HOLE": "NO", "GREENWAY_TRAILHEAD": "NO", "MOUNTAIN_BIKING": "NO", "NATURE_TRAILS": "NO", "OUTDOOR_FITNESS_STATION": "NO", "PAVILION": "YES", "PLAYGROUND": "YES", "PRIMITIVE_TRAILS": "NO", "RECREATION_CENTER": "YES", "RUGBY_FIELD": "NO", "RV_PARK": "NO", "SAND_VOLLEYBALL": "NO", "SHUFFLEBOARD": "NO", "SKATE_PARK": "NO", "SOCCER_FIELD": "NO", "SPLASH_PAD": "NO", "STADIUM": "NO", "SWIMMING_POOL": "NO", "TENNIS_CENTER": "NO", "TENNIS_COURTS": "NO", "VELODROME": "NO", "WALKING_LOOP_OUTDOOR": "NO", "WALKING_TRACK_INDOOR": "NO" }, "geometry": { "type": "Polygon", "coordinates": [ [ [ -91.170079696907578, 30.65169516733723 ], [ -91.170262715728256, 30.648745352091801 ], [ -91.169284119853671, 30.648363483327799 ], [ -91.169067339658113, 30.649941372754586 ], [ -91.169025265089573, 30.651579821013208 ], [ -91.170079696907578, 30.65169516733723 ] ] ] } },
{ "type": "Feature", "properties": { "ID": 24, "BG_ID": 47, "PARKID": "BLBRY", "FACILITY_NAME": "Blueberry Street Park", "CLASSIFICATION": "Neighborhood", "FULL_ADDRESS": "6050 BLUEBERRY ST", "CITY": "BATON ROUGE", "STATE": "LOUISIANA", "ZIP": 70806, "ACREAGE": 2.181, "AIRGUN_RANGE": "NO", "AIRNASIUM": "NO", "ARCHERY_RANGE": "NO", "BALL_MULTI_PURPOSE_FIELD": "NO", "BASKETBALL_INDOOR": "NO", "BASKETBALL_OUTDOOR": "YES", "BIKE_REPAIR_STATION": "NO", "BIRD_WATCHING_WILDLIFE_VIEWING": "NO", "BLUEWAY_TRAILHEAD": "NO", "BMX": "NO", "CANOE_KAYAK_LAUNCH": "NO", "CRICKET_PITCH": "NO", "CROQUET_COURT": "NO", "DISC_GOLF": "NO", "DOG_PARK": "NO", "EQUESTRIAN": "NO", "FISHING_ACCESS": "NO", "FITNESS_CENTERS": "NO", "GARDEN_ARBORETUM": "YES", "GOLF_COURSE_9_HOLE": "NO", "GOLF_COURSE_18_HOLE": "NO", "GREENWAY_TRAILHEAD": "NO", "MOUNTAIN_BIKING": "NO", "NATURE_TRAILS": "NO", "OUTDOOR_FITNESS_STATION": "NO", "PAVILION": "YES", "PLAYGROUND": "YES", "PRIMITIVE_TRAILS": "NO", "RECREATION_CENTER": "YES", "RUGBY_FIELD": "NO", "RV_PARK": "NO", "SAND_VOLLEYBALL": "NO", "SHUFFLEBOARD": "NO", "SKATE_PARK": "NO", "SOCCER_FIELD": "NO", "SPLASH_PAD": "NO", "STADIUM": "NO", "SWIMMING_POOL": "NO", "TENNIS_CENTER": "NO", "TENNIS_COURTS": "NO", "VELODROME": "NO", "WALKING_LOOP_OUTDOOR": "NO", "WALKING_TRACK_INDOOR": "NO" }, "geometry": { "type": "Polygon", "coordinates": [ [ [ -91.12857343804933, 30.466270154496542 ], [ -91.128960668782895, 30.466051410223358 ], [ -91.128726611517465, 30.465739573658844 ], [ -91.128336545348517, 30.465955538991476 ], [ -91.128209174096838, 30.465786376592895 ], [ -91.127931833958343, 30.465418592429426 ], [ -91.12740497349634, 30.465437316739333 ], [ -91.127394821619575, 30.465437675296055 ], [ -91.127307805972052, 30.465487338851453 ], [ -91.127173491994171, 30.465563996305942 ], [ -91.12744499383497, 30.465927818263996 ], [ -91.12751324796065, 30.466015596239171 ], [ -91.127631038872281, 30.465949058392905 ], [ -91.127858049966548, 30.46624754515171 ], [ -91.128085063469342, 30.466546030594266 ], [ -91.128191413316074, 30.46648595501172 ], [ -91.12857343804933, 30.466270154496542 ] ] ] } },
{ "type": "Feature", "properties": { "ID": 25, "BG_ID": 173, "PARKID": "SPAIN", "FACILITY_NAME": "Spain Street Park", "CLASSIFICATION": "Neighborhood", "FULL_ADDRESS": "2101 SPAIN ST", "CITY": "BATON ROUGE", "STATE": "LOUISIANA", "ZIP": 70806, "ACREAGE": 0.75, "AIRGUN_RANGE": "NO", "AIRNASIUM": "NO", "ARCHERY_RANGE": "NO", "BALL_MULTI_PURPOSE_FIELD": "NO", "BASKETBALL_INDOOR": "NO", "BASKETBALL_OUTDOOR": "YES", "BIKE_REPAIR_STATION": "NO", "BIRD_WATCHING_WILDLIFE_VIEWING": "NO", "BLUEWAY_TRAILHEAD": "NO", "BMX": "NO", "CANOE_KAYAK_LAUNCH": "NO", "CRICKET_PITCH": "NO", "CROQUET_COURT": "NO", "DISC_GOLF": "NO", "DOG_PARK": "NO", "EQUESTRIAN": "NO", "FISHING_ACCESS": "NO", "FITNESS_CENTERS": "NO", "GARDEN_ARBORETUM": "NO", "GOLF_COURSE_9_HOLE": "NO", "GOLF_COURSE_18_HOLE": "NO", "GREENWAY_TRAILHEAD": "NO", "MOUNTAIN_BIKING": "NO", "NATURE_TRAILS": "NO", "OUTDOOR_FITNESS_STATION": "NO", "PAVILION": "YES", "PLAYGROUND": "YES", "PRIMITIVE_TRAILS": "NO", "RECREATION_CENTER": "NO", "RUGBY_FIELD": "NO", "RV_PARK": "NO", "SAND_VOLLEYBALL": "NO", "SHUFFLEBOARD": "NO", "SKATE_PARK": "NO", "SOCCER_FIELD": "NO", "SPLASH_PAD": "NO", "STADIUM": "NO", "SWIMMING_POOL": "NO", "TENNIS_CENTER": "NO", "TENNIS_COURTS": "NO", "VELODROME": "NO", "WALKING_LOOP_OUTDOOR": "NO", "WALKING_TRACK_INDOOR": "NO" }, "geometry": { "type": "Polygon", "coordinates": [ [ [ -91.166432959174202, 30.445195337344938 ], [ -91.166813576119068, 30.445184655696178 ], [ -91.166806467239425, 30.444943790507484 ], [ -91.166425847246799, 30.444954356665288 ], [ -91.166235539688557, 30.444959719170619 ], [ -91.165891914855621, 30.444969401387063 ], [ -91.16589838963489, 30.445134278221484 ], [ -91.165909163521505, 30.445299034199017 ], [ -91.166245273122428, 30.445289563452221 ], [ -91.166247699102613, 30.445371774857666 ], [ -91.166438031113628, 30.445367199881083 ], [ -91.166435581310878, 30.445284201835459 ], [ -91.166432959174202, 30.445195337344938 ] ] ] } },
{ "type": "Feature", "properties": { "ID": 26, "BG_ID": 98, "PARKID": "NAIRN", "FACILITY_NAME": "Nairn Park", "CLASSIFICATION": "Neighborhood", "FULL_ADDRESS": "2800 NAIRN DR", "CITY": "BATON ROUGE", "STATE": "LOUISIANA", "ZIP": 70808, "ACREAGE": 7.43, "AIRGUN_RANGE": "NO", "AIRNASIUM": "NO", "ARCHERY_RANGE": "NO", "BALL_MULTI_PURPOSE_FIELD": "YES", "BASKETBALL_INDOOR": "YES", "BASKETBALL_OUTDOOR": "YES", "BIKE_REPAIR_STATION": "NO", "BIRD_WATCHING_WILDLIFE_VIEWING": "NO", "BLUEWAY_TRAILHEAD": "NO", "BMX": "NO", "CANOE_KAYAK_LAUNCH": "NO", "CRICKET_PITCH": "NO", "CROQUET_COURT": "NO", "DISC_GOLF": "NO", "DOG_PARK": "NO", "EQUESTRIAN": "NO", "FISHING_ACCESS": "NO", "FITNESS_CENTERS": "NO", "GARDEN_ARBORETUM": "NO", "GOLF_COURSE_9_HOLE": "NO", "GOLF_COURSE_18_HOLE": "NO", "GREENWAY_TRAILHEAD": "NO", "MOUNTAIN_BIKING": "NO", "NATURE_TRAILS": "NO", "OUTDOOR_FITNESS_STATION": "NO", "PAVILION": "YES", "PLAYGROUND": "YES", "PRIMITIVE_TRAILS": "NO", "RECREATION_CENTER": "YES", "RUGBY_FIELD": "NO", "RV_PARK": "NO", "SAND_VOLLEYBALL": "NO", "SHUFFLEBOARD": "NO", "SKATE_PARK": "NO", "SOCCER_FIELD": "NO", "SPLASH_PAD": "NO", "STADIUM": "NO", "SWIMMING_POOL": "NO", "TENNIS_CENTER": "NO", "TENNIS_COURTS": "NO", "VELODROME": "NO", "WALKING_LOOP_OUTDOOR": "YES", "WALKING_TRACK_INDOOR": "NO" }, "geometry": { "type": "Polygon", "coordinates": [ [ [ -91.146951406510311, 30.421895409153215 ], [ -91.14685780795152, 30.421855455491482 ], [ -91.146709566748839, 30.421712901656672 ], [ -91.146442555923358, 30.421600634253345 ], [ -91.146001875649489, 30.422280167307811 ], [ -91.14460626135812, 30.421596720610427 ], [ -91.144547256181525, 30.421694149186369 ], [ -91.144473497723411, 30.421815936441586 ], [ -91.144325979216617, 30.42205951442293 ], [ -91.144178461032269, 30.422303089518245 ], [ -91.144030942120807, 30.422546666236464 ], [ -91.143955837758256, 30.422667795432098 ], [ -91.143880733214246, 30.422788923678844 ], [ -91.143730523567868, 30.423031184542388 ], [ -91.143680730220439, 30.423111489881506 ], [ -91.143843106014955, 30.423126831721 ], [ -91.145987915336889, 30.423329452022578 ], [ -91.146510834901903, 30.422529403993238 ], [ -91.14669549878856, 30.422322257179662 ], [ -91.146951406510311, 30.421895409153215 ] ] ] } },
{ "type": "Feature", "properties": { "ID": 27, "BG_ID": 11, "PARKID": "CITBP", "FACILITY_NAME": "City-Brooks Community Park", "CLASSIFICATION": "Community", "FULL_ADDRESS": "1515 DALRYMPLE DR", "CITY": "BATON ROUGE", "STATE": "LOUISIANA", "ZIP": 70808, "ACREAGE": 158.126, "AIRGUN_RANGE": "NO", "AIRNASIUM": "NO", "ARCHERY_RANGE": "NO", "BALL_MULTI_PURPOSE_FIELD": "YES", "BASKETBALL_INDOOR": "NO", "BASKETBALL_OUTDOOR": "YES", "BIKE_REPAIR_STATION": "NO", "BIRD_WATCHING_WILDLIFE_VIEWING": "YES", "BLUEWAY_TRAILHEAD": "NO", "BMX": "NO", "CANOE_KAYAK_LAUNCH": "NO", "CRICKET_PITCH": "NO", "CROQUET_COURT": "YES", "DISC_GOLF": "NO", "DOG_PARK": "YES", "EQUESTRIAN": "NO", "FISHING_ACCESS": "YES", "FITNESS_CENTERS": "NO", "GARDEN_ARBORETUM": "NO", "GOLF_COURSE_9_HOLE": "YES", "GOLF_COURSE_18_HOLE": "NO", "GREENWAY_TRAILHEAD": "YES", "MOUNTAIN_BIKING": "NO", "NATURE_TRAILS": "NO", "OUTDOOR_FITNESS_STATION": "NO", "PAVILION": "YES", "PLAYGROUND": "YES", "PRIMITIVE_TRAILS": "NO", "RECREATION_CENTER": "NO", "RUGBY_FIELD": "NO", "RV_PARK": "NO", "SAND_VOLLEYBALL": "NO", "SHUFFLEBOARD": "NO", "SKATE_PARK": "NO", "SOCCER_FIELD": "NO", "SPLASH_PAD": "YES", "STADIUM": "NO", "SWIMMING_POOL": "YES", "TENNIS_CENTER": "YES", "TENNIS_COURTS": "YES", "VELODROME": "NO", "WALKING_LOOP_OUTDOOR": "YES", "WALKING_TRACK_INDOOR": "NO" }, "geometry": { "type": "MultiPolygon", "coordinates": [ [ [ [ -91.168424602913319, 30.426815520708075 ], [ -91.168569156193769, 30.426884083432295 ], [ -91.168566482982953, 30.426611213039163 ], [ -91.168591964110647, 30.426348448579212 ], [ -91.168563392664396, 30.425384598483099 ], [ -91.168537040371262, 30.424793098257155 ], [ -91.168534589402483, 30.424725731996592 ], [ -91.16851769312143, 30.424513084054592 ], [ -91.16850180397293, 30.424407378653438 ], [ -91.168453236052713, 30.424132435587389 ], [ -91.168423901992568, 30.423995697000034 ], [ -91.168415052534243, 30.423903291677902 ], [ -91.168413512962729, 30.423856941515062 ], [ -91.168413900162889, 30.42381057300684 ], [ -91.168416212990792, 30.423764246591574 ], [ -91.168420449260026, 30.423718023608199 ], [ -91.16842660366747, 30.423671961783459 ], [ -91.168434667782847, 30.423626121546249 ], [ -91.168444631094019, 30.423580563322847 ], [ -91.168456479969294, 30.423535345731381 ], [ -91.168470200778415, 30.423490526487903 ], [ -91.168485774683859, 30.423446165105904 ], [ -91.168503181811602, 30.423402318391439 ], [ -91.16852239916517, 30.42335904314648 ], [ -91.168543401667876, 30.423316395268348 ], [ -91.16883318013349, 30.422873573209667 ], [ -91.168858627746971, 30.422819836957359 ], [ -91.168869625625391, 30.422792396564216 ], [ -91.168887515298195, 30.422738584149709 ], [ -91.168894797905011, 30.422711299704314 ], [ -91.168900960833824, 30.422683809092394 ], [ -91.168905996743874, 30.422656145682193 ], [ -91.168909897249222, 30.422628345546823 ], [ -91.168912659171184, 30.422600442961681 ], [ -91.168914279329798, 30.422572473104204 ], [ -91.168914753504197, 30.422544471150569 ], [ -91.168914083718917, 30.422516472284563 ], [ -91.168912268875744, 30.422488511686179 ], [ -91.168909313080988, 30.422460624541831 ], [ -91.168905218360706, 30.422432845133276 ], [ -91.168899989862055, 30.422405208648097 ], [ -91.168893634813955, 30.422377750276439 ], [ -91.168886162527244, 30.422350505211131 ], [ -91.168813257040227, 30.422085121018384 ], [ -91.168794659406871, 30.422035411892807 ], [ -91.168766473464331, 30.421977274369521 ], [ -91.168750630147656, 30.421948885854416 ], [ -91.168733644145348, 30.421920997474388 ], [ -91.168715538302578, 30.42189364263465 ], [ -91.168696333378037, 30.421866857443984 ], [ -91.168676054301471, 30.421840673506015 ], [ -91.168654724958515, 30.421815124227159 ], [ -91.168632373404478, 30.421790239410701 ], [ -91.168609025608106, 30.421766051563594 ], [ -91.168584711706188, 30.421742590491728 ], [ -91.168559460797525, 30.421719884195461 ], [ -91.16853330406262, 30.4216979606779 ], [ -91.168506274763629, 30.421676847944504 ], [ -91.168184735948572, 30.421466427584107 ], [ -91.168017222002604, 30.421369384729058 ], [ -91.167845536462366, 30.42127797988762 ], [ -91.167669934102065, 30.421192348676037 ], [ -91.167490671794127, 30.42111261498728 ], [ -91.167132349976441, 30.420969316120257 ], [ -91.167044566095129, 30.420934209315504 ], [ -91.16680185464584, 30.420825741910303 ], [ -91.166679968843056, 30.420772405848805 ], [ -91.166643353635735, 30.420758729170892 ], [ -91.166624731087239, 30.420752558876789 ], [ -91.166586927886968, 30.420741574314572 ], [ -91.166567776362896, 30.420736770005814 ], [ -91.166541748236014, 30.420731030577294 ], [ -91.16652864672507, 30.420728479187236 ], [ -91.166458954764224, 30.420719471418789 ], [ -91.166423875506723, 30.420716589177168 ], [ -91.166388700744378, 30.420714793819517 ], [ -91.166353473149215, 30.420714087203788 ], [ -91.16631823955835, 30.42071447029122 ], [ -91.166283043687741, 30.420715943136948 ], [ -91.166247931339626, 30.420718503092701 ], [ -91.166212947276932, 30.42072214660676 ], [ -91.166178134180925, 30.420726870124824 ], [ -91.166143538900798, 30.420732667391803 ], [ -91.166109203084545, 30.420739530341514 ], [ -91.166075172543714, 30.420747450913449 ], [ -91.166041489971704, 30.420756418336921 ], [ -91.166008197021156, 30.420766421839687 ], [ -91.165975338470545, 30.42077744884968 ], [ -91.165942953896831, 30.420789484983775 ], [ -91.165911086002936, 30.420802514059009 ], [ -91.165879774367497, 30.420816520790261 ], [ -91.165849059616363, 30.420831486285675 ], [ -91.165818980292045, 30.420847392552627 ], [ -91.165789574941769, 30.420864218892525 ], [ -91.165760881073481, 30.420881943703264 ], [ -91.165732935155816, 30.420900544479309 ], [ -91.165705773659099, 30.420919997813193 ], [ -91.165679429934002, 30.420940278489226 ], [ -91.165653937332962, 30.420961360389629 ], [ -91.165505565324437, 30.421088001838569 ], [ -91.165498029844173, 30.42111107304785 ], [ -91.165487853069067, 30.421151099219507 ], [ -91.16548405917699, 30.421171330899924 ], [ -91.165481137366612, 30.42119167103548 ], [ -91.16547908976905, 30.421212090762172 ], [ -91.165477919553268, 30.421232563021462 ], [ -91.165477628851917, 30.421253058047231 ], [ -91.165478218752071, 30.421273548778355 ], [ -91.165479687221406, 30.421294006345448 ], [ -91.165482032227445, 30.421314401879116 ], [ -91.165487680357757, 30.421357979803901 ], [ -91.165491847965555, 30.421379609900161 ], [ -91.165496902656557, 30.421401097690566 ], [ -91.165502840316591, 30.421422414303024 ], [ -91.165509652661811, 30.421443534468477 ], [ -91.165517330371827, 30.421464430210271 ], [ -91.16552586412341, 30.421485075355939 ], [ -91.165535242512931, 30.421505442828298 ], [ -91.165545455174552, 30.421525507355611 ], [ -91.165556486539543, 30.421545242757443 ], [ -91.165568325199573, 30.421564624662789 ], [ -91.165580953504048, 30.421583626888513 ], [ -91.165594357958199, 30.421602227767231 ], [ -91.165608519870347, 30.421620401114541 ], [ -91.16562342158376, 30.421638124355685 ], [ -91.165639043358127, 30.421655375815252 ], [ -91.165655366497106, 30.421672132015065 ], [ -91.165672369175581, 30.421688373081281 ], [ -91.165690029569845, 30.421704078238108 ], [ -91.165945056000808, 30.421852549106383 ], [ -91.165964728986879, 30.421864891091094 ], [ -91.165974179608412, 30.421871501811847 ], [ -91.165983358080041, 30.421878395442477 ], [ -91.165992250885367, 30.421885562944922 ], [ -91.166000849710855, 30.421892996190117 ], [ -91.166009142081009, 30.421900686141324 ], [ -91.166017119686884, 30.421908621963134 ], [ -91.166024771090704, 30.421916796424412 ], [ -91.166032087986636, 30.421925196885528 ], [ -91.166039059979283, 30.421933815214587 ], [ -91.166045680844547, 30.421942638774656 ], [ -91.166051940188581, 30.42195165853164 ], [ -91.166057831785736, 30.421960862750659 ], [ -91.16606334732694, 30.421970240596238 ], [ -91.166068480588024, 30.421979779431332 ], [ -91.166073226384199, 30.421989467522231 ], [ -91.166077576404859, 30.421999294935681 ], [ -91.166081527551569, 30.422009247234261 ], [ -91.166085073595525, 30.422019314487347 ], [ -91.166088211438264, 30.422029482257503 ], [ -91.166090935893379, 30.422039739713266 ], [ -91.166093244901759, 30.422050073320868 ], [ -91.166095134320912, 30.422060470445672 ], [ -91.166096602090263, 30.42207091845599 ], [ -91.166097648230846, 30.4220814047227 ], [ -91.166098268601843, 30.422091915709217 ], [ -91.166098464263655, 30.422102439689898 ], [ -91.166098235237527, 30.422112964035382 ], [ -91.166097580508151, 30.422123473409059 ], [ -91.166096502173957, 30.422133957890608 ], [ -91.166095000260597, 30.422144402144603 ], [ -91.166093077910389, 30.422154794447813 ], [ -91.166090736185453, 30.422165122172473 ], [ -91.166087978229555, 30.422175372693207 ], [ -91.166084808227438, 30.422185533386227 ], [ -91.166081179435125, 30.422198637004708 ], [ -91.166078967047326, 30.422205097650803 ], [ -91.166076492474119, 30.422211485798368 ], [ -91.166073758850374, 30.422217794234641 ], [ -91.166070769310863, 30.42222401574681 ], [ -91.166067529075178, 30.42223014132075 ], [ -91.166064040237401, 30.422236163742216 ], [ -91.166060309053364, 30.422242076704649 ], [ -91.166056338662514, 30.422247870289027 ], [ -91.166052134276939, 30.422253539991477 ], [ -91.166047702157186, 30.422259076799037 ], [ -91.166043046477498, 30.422264474402414 ], [ -91.166038174536268, 30.422269725594052 ], [ -91.166033090506247, 30.42227482496677 ], [ -91.166027802725267, 30.422279766216469 ], [ -91.166022316411443, 30.422284541230908 ], [ -91.166016638857229, 30.422289146411011 ], [ -91.166010777361052, 30.422293574549283 ], [ -91.166004739218323, 30.42229782024237 ], [ -91.165998531724497, 30.422301878087097 ], [ -91.165992162171975, 30.422305744484166 ], [ -91.165985638900139, 30.422309412227506 ], [ -91.165978971281646, 30.422312878622758 ], [ -91.165972165569599, 30.422316139167226 ], [ -91.165965231141186, 30.422319188460378 ], [ -91.1659581773676, 30.422322024709882 ], [ -91.165951012585225, 30.422324642513662 ], [ -91.16594374512583, 30.422327039176132 ], [ -91.165936384362126, 30.422329212002762 ], [ -91.165928939666841, 30.422331158299198 ], [ -91.16592142041273, 30.422332875371019 ], [ -91.165913835970912, 30.422334361425932 ], [ -91.165906195714143, 30.422335613769498 ], [ -91.165898509012123, 30.422336631511552 ], [ -91.165890786275384, 30.422337413763106 ], [ -91.165883035834284, 30.422337958730527 ], [ -91.165875268097821, 30.422338266427126 ], [ -91.165867492435694, 30.422338335962543 ], [ -91.165859719255494, 30.422338168252093 ], [ -91.165777556171221, 30.422333501407344 ], [ -91.165736677779421, 30.422329216109734 ], [ -91.165696007677681, 30.422323634766371 ], [ -91.165655601020148, 30.422316766468132 ], [ -91.165615511919853, 30.422308620304793 ], [ -91.16557579344591, 30.422299207169019 ], [ -91.165536500747649, 30.422288538858236 ], [ -91.165497684804507, 30.42227663077291 ], [ -91.165459397637008, 30.422263498315058 ], [ -91.165384224521006, 30.422233460818809 ], [ -91.165347646501203, 30.422216662618524 ], [ -91.164909705264975, 30.422016324151684 ], [ -91.16478436172558, 30.421968167146154 ], [ -91.164720164329339, 30.421947292215183 ], [ -91.164655078494704, 30.421928596460951 ], [ -91.164589204094924, 30.421912108876601 ], [ -91.164522638930322, 30.421897853039866 ], [ -91.16445548496776, 30.421885850730199 ], [ -91.164387843137447, 30.42187612101943 ], [ -91.16433274231035, 30.421869913712086 ], [ -91.164282198195352, 30.421892036802838 ], [ -91.164257358965173, 30.421903814248495 ], [ -91.164083049706136, 30.421970017232571 ], [ -91.163998250417976, 30.422007466100052 ], [ -91.163915191837233, 30.422047738867871 ], [ -91.163883913986425, 30.422066561402115 ], [ -91.163868881715572, 30.422076691504259 ], [ -91.163854278547461, 30.422087282218534 ], [ -91.163840124278948, 30.422098321843244 ], [ -91.163826437672469, 30.422109795067144 ], [ -91.163813234366046, 30.422121687477102 ], [ -91.163800534164523, 30.422133982861009 ], [ -91.163788351665133, 30.422146666804476 ], [ -91.16377670251218, 30.422159721285844 ], [ -91.163765603387944, 30.422173130089256 ], [ -91.163755066810964, 30.422186876993255 ], [ -91.163745107387854, 30.422200942170829 ], [ -91.16373573763893, 30.422215308498526 ], [ -91.163726970085818, 30.422229957950876 ], [ -91.163718816211059, 30.422244871598878 ], [ -91.163711285418358, 30.422260028706685 ], [ -91.163704388149341, 30.422275410344088 ], [ -91.163690108184724, 30.422347208877188 ], [ -91.163685362274563, 30.422383411609015 ], [ -91.163682223292483, 30.422419745400322 ], [ -91.163718604356944, 30.422579769765207 ], [ -91.163741728367967, 30.422658832960305 ], [ -91.163768102398379, 30.422737128132173 ], [ -91.163797693317264, 30.422814555104942 ], [ -91.163830462785555, 30.422891015500049 ], [ -91.163998124423244, 30.423139236215206 ], [ -91.164077501402573, 30.423265536010089 ], [ -91.164135001974273, 30.42331225103397 ], [ -91.164165163489443, 30.42333423917184 ], [ -91.164196215575672, 30.423355277643715 ], [ -91.164228116645319, 30.423375337529148 ], [ -91.164260827184805, 30.423394394420619 ], [ -91.164294304559121, 30.423412423004653 ], [ -91.164328505089401, 30.423429399770704 ], [ -91.164363386131171, 30.423445304817776 ], [ -91.164398902962816, 30.423460115536113 ], [ -91.164435008771463, 30.423473814725735 ], [ -91.164471657788326, 30.423486383384031 ], [ -91.164611648771739, 30.423562110849037 ], [ -91.164684064273558, 30.423596414825457 ], [ -91.164757949581031, 30.423628276886301 ], [ -91.164833195472198, 30.423657650883591 ], [ -91.16490969064121, 30.423684491569027 ], [ -91.164949301525709, 30.423706079308481 ], [ -91.1649697607251, 30.423715920050839 ], [ -91.164990621789627, 30.423725107289652 ], [ -91.165011854550727, 30.423733630161408 ], [ -91.165033433008205, 30.423741475101551 ], [ -91.165055325947932, 30.423748633951302 ], [ -91.165077506325559, 30.423755094949179 ], [ -91.165099943964904, 30.423760851741893 ], [ -91.165122608694233, 30.423765895270137 ], [ -91.165145470337194, 30.423770219180813 ], [ -91.165168498717478, 30.423773817120818 ], [ -91.165191663654184, 30.423776685443372 ], [ -91.165214933926919, 30.423778819598329 ], [ -91.165238278312273, 30.423780216839596 ], [ -91.165261665583827, 30.423780876225429 ], [ -91.165285065559047, 30.423780795011098 ], [ -91.165308445966048, 30.423779974959835 ], [ -91.165585950835705, 30.423791514976699 ], [ -91.16572487840898, 30.423791900440978 ], [ -91.165752599788192, 30.423789642477214 ], [ -91.165766511459125, 30.423789144115421 ], [ -91.165780434910104, 30.423789067041021 ], [ -91.165794353488195, 30.423789410330773 ], [ -91.165808248454013, 30.423790175765099 ], [ -91.165822105239528, 30.423791360619266 ], [ -91.165835906150747, 30.423792963968822 ], [ -91.165849633495469, 30.423794983987225 ], [ -91.165863270623689, 30.423797417947103 ], [ -91.165876801926345, 30.423800263122491 ], [ -91.165890210756672, 30.423803514981913 ], [ -91.165903480463072, 30.423807171700144 ], [ -91.16591659335937, 30.423811227842286 ], [ -91.165929535924334, 30.42381567707676 ], [ -91.165942291509566, 30.423820515774072 ], [ -91.165954844512115, 30.423825737600037 ], [ -91.165967179328916, 30.423831336220296 ], [ -91.165979280358528, 30.423837304398468 ], [ -91.165991134081366, 30.423843634900852 ], [ -91.166002725936693, 30.423850320492427 ], [ -91.166014041367049, 30.423857352133915 ], [ -91.166025065811766, 30.423864722590348 ], [ -91.166035787839078, 30.423872421022313 ], [ -91.166046192888373, 30.423880440194722 ], [ -91.166056267445924, 30.423888769265513 ], [ -91.166066001120811, 30.423897397396662 ], [ -91.166075381438773, 30.423906314649479 ], [ -91.166083696478552, 30.42391795304771 ], [ -91.166087488844653, 30.423923957614328 ], [ -91.166091031199599, 30.423930075527373 ], [ -91.166094318351, 30.423936299563564 ], [ -91.16609734719114, 30.423942620698178 ], [ -91.16610011356704, 30.423949032611386 ], [ -91.166102614372534, 30.423955525376325 ], [ -91.16610484441523, 30.42396209176971 ], [ -91.166106803708644, 30.423968723672896 ], [ -91.166108487064989, 30.423975411156331 ], [ -91.166109894496202, 30.423982147003382 ], [ -91.16611102289626, 30.423988921287194 ], [ -91.166111871236382, 30.423995726789769 ], [ -91.166112438490742, 30.424002554488979 ], [ -91.166112724674434, 30.424009395364006 ], [ -91.166112727720858, 30.424016240391321 ], [ -91.166112448684459, 30.424023081453566 ], [ -91.166111887581863, 30.42402990862778 ], [ -91.166111045466167, 30.424036714698634 ], [ -91.166109922352504, 30.424043490645289 ], [ -91.166108521378689, 30.424050227450763 ], [ -91.166106843600829, 30.424056916095715 ], [ -91.166104891114372, 30.424063548463838 ], [ -91.166102666014737, 30.424070116439118 ], [ -91.166100172480824, 30.424076611005866 ], [ -91.166097411565573, 30.424083024948832 ], [ -91.166094388490293, 30.42408934835159 ], [ -91.166091106388336, 30.424095574903497 ], [ -91.166087570479448, 30.42410169559032 ], [ -91.166083783899992, 30.424107702297224 ], [ -91.166079751865183, 30.42411358871616 ], [ -91.166075479594838, 30.42411934583286 ], [ -91.166070972304055, 30.424124967339353 ], [ -91.166066236250614, 30.424130446026826 ], [ -91.165913655389033, 30.42424186342101 ], [ -91.165833624358228, 30.424293509281895 ], [ -91.165810690958182, 30.424315589435704 ], [ -91.165799907283755, 30.424327137799441 ], [ -91.165789595647979, 30.424339005196469 ], [ -91.165779769604214, 30.424351179014931 ], [ -91.165770441671015, 30.424363643033256 ], [ -91.165761622283625, 30.424376381929285 ], [ -91.165753322918178, 30.424389380382163 ], [ -91.165745552969, 30.424402623068541 ], [ -91.165738322874347, 30.424416092862078 ], [ -91.165731640989208, 30.424429773535934 ], [ -91.165725514627681, 30.424443648861889 ], [ -91.165719953188614, 30.424457700810269 ], [ -91.165714962945245, 30.424471913151514 ], [ -91.165712298074425, 30.424495407288962 ], [ -91.165711681717724, 30.424507200369689 ], [ -91.165711544167493, 30.424519004882299 ], [ -91.165711884407202, 30.424530806392287 ], [ -91.16571270350245, 30.424542590467553 ], [ -91.165714000436779, 30.424554342673492 ], [ -91.165715773154389, 30.424566047671984 ], [ -91.165718018557087, 30.42457769102576 ], [ -91.165720735626905, 30.424589259202165 ], [ -91.165723919183705, 30.424600737761335 ], [ -91.16572756612932, 30.424612112265891 ], [ -91.165731672324497, 30.424623368277139 ], [ -91.165736232587633, 30.424634492257297 ], [ -91.165741241737024, 30.424645470668455 ], [ -91.165746691468271, 30.424656289968624 ], [ -91.165752577640575, 30.424666936621396 ], [ -91.165758891949565, 30.424677397084846 ], [ -91.165765626089197, 30.424687658719165 ], [ -91.165772771753453, 30.424697708884612 ], [ -91.165780321675712, 30.424707535844792 ], [ -91.165821599195723, 30.424750392987352 ], [ -91.165843562688096, 30.42477081424936 ], [ -91.165866372617472, 30.424790527540779 ], [ -91.165889996759248, 30.424809506659852 ], [ -91.165914404970593, 30.424827725407475 ], [ -91.165939562938888, 30.424845161187733 ], [ -91.165965438436103, 30.424861789603106 ], [ -91.165991997149504, 30.424877588057569 ], [ -91.166019203719031, 30.42489253756224 ], [ -91.166047020708902, 30.424906615517241 ], [ -91.166075412754509, 30.424919805639881 ], [ -91.16610434033187, 30.424932088936096 ], [ -91.166252209782414, 30.425000687295949 ], [ -91.166323933161237, 30.425038369596496 ], [ -91.1663940613238, 30.425078244616607 ], [ -91.166462503798357, 30.425120260825679 ], [ -91.16652917427777, 30.425164365796462 ], [ -91.166570664222704, 30.425221120488818 ], [ -91.166589608907714, 30.425250434178885 ], [ -91.166607319132225, 30.425280322741795 ], [ -91.166623773105556, 30.425310744654546 ], [ -91.166638947988318, 30.42534166290336 ], [ -91.166652824073068, 30.425373035065878 ], [ -91.166665383729452, 30.425404821428458 ], [ -91.166676610371155, 30.425436980474696 ], [ -91.166686490537444, 30.42546946888784 ], [ -91.166695009722261, 30.425502246056155 ], [ -91.166702157587565, 30.425535268666682 ], [ -91.166707923795315, 30.425568493406672 ], [ -91.166712302171291, 30.42560187696828 ], [ -91.166715286542626, 30.425635375141891 ], [ -91.1667143335048, 30.42570396306435 ], [ -91.166711726816629, 30.425738190292822 ], [ -91.166707703581281, 30.425772314702261 ], [ -91.166702269076282, 30.425806292097214 ], [ -91.166695430660823, 30.425840078284477 ], [ -91.16668719569283, 30.425873629973076 ], [ -91.166677576736362, 30.425906902976482 ], [ -91.16666658531004, 30.425939855812956 ], [ -91.166654235016011, 30.425972446101348 ], [ -91.166640542582286, 30.426004629660234 ], [ -91.166625525768779, 30.426036367722002 ], [ -91.1666092044251, 30.426067617011054 ], [ -91.166650203389921, 30.426079147729503 ], [ -91.167554233892801, 30.426416872819779 ], [ -91.16799397318195, 30.42660872850886 ], [ -91.168424602913319, 30.426815520708075 ] ] ], [ [ [ -91.168782182642332, 30.433188437499297 ], [ -91.168744232477877, 30.43323234155503 ], [ -91.168726167846771, 30.433254864828402 ], [ -91.16867459924967, 30.433326262733349 ], [ -91.168651093332784, 30.433363132261576 ], [ -91.168629148782372, 30.433400716375495 ], [ -91.168608793786603, 30.433438967300578 ], [ -91.1685900565396, 30.433477833653889 ], [ -91.168572960032179, 30.43351726314404 ], [ -91.168557527250655, 30.433557206185636 ], [ -91.168543779108603, 30.433597607778321 ], [ -91.168521487588436, 30.433679225711227 ], [ -91.168512910796963, 30.433720505156501 ], [ -91.168506063776064, 30.43376202671082 ], [ -91.168500952863852, 30.43380373625747 ], [ -91.168497587524499, 30.433845577879257 ], [ -91.168495969932195, 30.433887497454027 ], [ -91.168496103301933, 30.433929440860968 ], [ -91.168497987727406, 30.433971353073005 ], [ -91.168501620180493, 30.434013178157294 ], [ -91.168506995548199, 30.434054861982247 ], [ -91.168561245429174, 30.43431837382284 ], [ -91.16858341770012, 30.434406571007209 ], [ -91.168597383830203, 30.434450059768732 ], [ -91.168744680106926, 30.434877170901341 ], [ -91.16874470911381, 30.434877256635254 ], [ -91.168792135991268, 30.435044074627019 ], [ -91.16880912596794, 30.435128730947405 ], [ -91.168820536157085, 30.435173086103678 ], [ -91.16890062126825, 30.435579699217087 ], [ -91.168902248036545, 30.435639649121246 ], [ -91.169207436606357, 30.435630997506067 ], [ -91.169185953125577, 30.435076533861452 ], [ -91.17054636943314, 30.435036956101179 ], [ -91.170972094135337, 30.435024024026578 ], [ -91.170944287347751, 30.434373918531417 ], [ -91.171165400239474, 30.434369843641864 ], [ -91.171673332376216, 30.434361184035851 ], [ -91.171060432360036, 30.433915594723274 ], [ -91.169097310895353, 30.432781208623616 ], [ -91.168784052598681, 30.433186377664608 ], [ -91.168782182642332, 30.433188437499297 ] ] ], [ [ [ -91.173842262225605, 30.432098430538499 ], [ -91.172775302219847, 30.432137383983079 ], [ -91.173519302516667, 30.433282294314441 ], [ -91.173764596829514, 30.4332755741376 ], [ -91.174083406102127, 30.432492276582082 ], [ -91.174001824685789, 30.432358384952558 ], [ -91.173842262225605, 30.432098430538499 ] ] ], [ [ [ -91.16987312338513, 30.431398139698004 ], [ -91.169861037145452, 30.431399559069632 ], [ -91.169855044578355, 30.431400545757157 ], [ -91.169849095431445, 30.431401715620989 ], [ -91.169843199075189, 30.431403067770717 ], [ -91.169837360717423, 30.431404600408563 ], [ -91.169831589731615, 30.431406310839808 ], [ -91.169825891325644, 30.431408197266911 ], [ -91.169820274872919, 30.431410256995051 ], [ -91.169814744538911, 30.431412489127435 ], [ -91.169809309699943, 30.431414889165143 ], [ -91.169803976607923, 30.431417453507628 ], [ -91.169798751510314, 30.431420181260588 ], [ -91.169793641702938, 30.431423067020464 ], [ -91.169788652395283, 30.431426108087543 ], [ -91.169783790880203, 30.43142930086255 ], [ -91.169779063411127, 30.431432640842708 ], [ -91.169774474160917, 30.431436122620784 ], [ -91.169770031460573, 30.431439744402837 ], [ -91.169765738443388, 30.431443499878277 ], [ -91.169761602403838, 30.431447384545688 ], [ -91.169757627513292, 30.431451393899771 ], [ -91.169753820025164, 30.431455523437954 ], [ -91.169750182031947, 30.431459766848153 ], [ -91.169746720829409, 30.431464118727035 ], [ -91.169743439548085, 30.431468574567941 ], [ -91.169740342362317, 30.431473128061572 ], [ -91.169737433443586, 30.431477774702593 ], [ -91.169734716969231, 30.431482506377506 ], [ -91.169732195027223, 30.431487319480532 ], [ -91.169729870752462, 30.431492206798907 ], [ -91.169727749360362, 30.431497162024463 ], [ -91.169725830859889, 30.431502179744786 ], [ -91.169724118385915, 30.431507252747078 ], [ -91.169722615070441, 30.431512375622702 ], [ -91.169721321966307, 30.431517541156335 ], [ -91.169720240124988, 30.431522743034641 ], [ -91.169719372678387, 30.43152797584909 ], [ -91.16971871964148, 30.431533230578765 ], [ -91.169718281021659, 30.431538502713348 ], [ -91.169718058912892, 30.431543785038713 ], [ -91.169718053325525, 30.431549071240347 ], [ -91.169718263232099, 30.431554353198131 ], [ -91.169718688640017, 30.431559626401818 ], [ -91.169719329562696, 30.431564882732498 ], [ -91.169720184968099, 30.431570116776435 ], [ -91.169729902439599, 30.43162777012164 ], [ -91.169732951607742, 30.431656786698557 ], [ -91.169734791007826, 30.431685880259696 ], [ -91.169735415496177, 30.431715012911287 ], [ -91.169734826176708, 30.431744145865018 ], [ -91.169733022069792, 30.431773241232289 ], [ -91.169730007402165, 30.431802260228636 ], [ -91.169725785353833, 30.431831167676659 ], [ -91.169720360154585, 30.431859922987808 ], [ -91.169713741231973, 30.431888490090177 ], [ -91.169705934893301, 30.431916831103941 ], [ -91.169696953689183, 30.4319449099611 ], [ -91.169686807050127, 30.431972688785553 ], [ -91.169675509607217, 30.432000132414021 ], [ -91.169663075994663, 30.432027203878786 ], [ -91.169649521883258, 30.432053868919805 ], [ -91.169634865027206, 30.432080092377539 ], [ -91.169619125261463, 30.432105839996964 ], [ -91.169617490826596, 30.432108399889763 ], [ -91.16937988505903, 30.432415724890024 ], [ -91.1706024057479, 30.433122161481634 ], [ -91.171365339468082, 30.433563013310412 ], [ -91.172445113174447, 30.434348022125612 ], [ -91.173672127239143, 30.434327087130622 ], [ -91.174022121233847, 30.434321114381209 ], [ -91.173895213131203, 30.43412757115042 ], [ -91.17379693018168, 30.433977680729257 ], [ -91.173570640946039, 30.433632568359652 ], [ -91.17333766452424, 30.433277255743754 ], [ -91.173098605443755, 30.432912663700115 ], [ -91.170774258622757, 30.432973435347954 ], [ -91.170569245321246, 30.432831239499336 ], [ -91.170435030276707, 30.432780072259604 ], [ -91.170349293113802, 30.432771454558004 ], [ -91.170341491982683, 30.432584872513988 ], [ -91.170324625146918, 30.432181806386371 ], [ -91.170315573412509, 30.431970134930605 ], [ -91.170310307132809, 30.431870489733431 ], [ -91.170298702338243, 30.431650932705928 ], [ -91.170339976545804, 30.431374051210369 ], [ -91.16987312338513, 30.431398139698004 ] ] ], [ [ [ -91.168580490969902, 30.435634649829137 ], [ -91.168587340023635, 30.435633372894642 ], [ -91.16859072160544, 30.435632578764562 ], [ -91.168594067960996, 30.435631682655245 ], [ -91.168597377006634, 30.435630685466148 ], [ -91.168600643535655, 30.435629588092795 ], [ -91.168603863381009, 30.435628392334298 ], [ -91.168607033416436, 30.435627099990818 ], [ -91.168610149476365, 30.435625711959371 ], [ -91.16861320635401, 30.435624229135449 ], [ -91.168616201959892, 30.435622656026894 ], [ -91.168619132131283, 30.43562099172642 ], [ -91.168621992698064, 30.435619239837269 ], [ -91.16862478157519, 30.435617402160897 ], [ -91.168627493554354, 30.435615480495013 ], [ -91.168630126547555, 30.435613478445404 ], [ -91.168632677430224, 30.435611396910222 ], [ -91.168635140991071, 30.43560923949132 ], [ -91.168637517227197, 30.435607007992871 ], [ -91.168639800925888, 30.435604706918809 ], [ -91.168641991044566, 30.435602337169815 ], [ -91.16864408341317, 30.435599902349185 ], [ -91.168646075945063, 30.435597405160522 ], [ -91.168647965511198, 30.435594849208218 ], [ -91.168649752105622, 30.435592238100639 ], [ -91.168651430520029, 30.435589573635436 ], [ -91.168653000748535, 30.435586859420965 ], [ -91.168654460701546, 30.435584099964995 ], [ -91.168655807251497, 30.435581297969943 ], [ -91.168657040393882, 30.435578456142014 ], [ -91.168658156998134, 30.435575578987791 ], [ -91.168659157059778, 30.435572669213396 ], [ -91.168660038489193, 30.435569731326755 ], [ -91.168660801280467, 30.435566768936155 ], [ -91.168661443347077, 30.435563784745224 ], [ -91.168661963641924, 30.435560782361016 ], [ -91.168662363198649, 30.435557766295165 ], [ -91.168662639929138, 30.435554740153474 ], [ -91.16866279382748, 30.435551707544235 ], [ -91.168673689711127, 30.435363798409863 ], [ -91.168664490367519, 30.435234292122153 ], [ -91.168655671372974, 30.435169857118542 ], [ -91.168644055613001, 30.435105755106807 ], [ -91.168629658555659, 30.435042078117981 ], [ -91.168612501916684, 30.434978917288493 ], [ -91.168592609496713, 30.434916361953153 ], [ -91.168445372869925, 30.434489422125257 ], [ -91.168416348493892, 30.434391915902363 ], [ -91.168405058342302, 30.434342517306547 ], [ -91.168350166533415, 30.434075882493975 ], [ -91.168349929692482, 30.434074320693266 ], [ -91.168339696806569, 30.433980733078659 ], [ -91.168337522083661, 30.43393375981783 ], [ -91.168337312877853, 30.433886749317132 ], [ -91.168339071168063, 30.433839762018611 ], [ -91.168342792680932, 30.43379286196474 ], [ -91.168348474190211, 30.433746109590903 ], [ -91.168356107263122, 30.433699566227926 ], [ -91.168365681386334, 30.433653292301926 ], [ -91.168377185002598, 30.433607350041814 ], [ -91.168390602393643, 30.433561799867039 ], [ -91.168405915762349, 30.433516700390225 ], [ -91.168423106269131, 30.433472111124743 ], [ -91.168442149869477, 30.433428091577319 ], [ -91.168463021482495, 30.433384698547119 ], [ -91.168485694983346, 30.433341990636205 ], [ -91.168510140091001, 30.433300021930894 ], [ -91.168536323398342, 30.433258848317635 ], [ -91.16856421254117, 30.433218524782284 ], [ -91.168623596871328, 30.433142250972072 ], [ -91.168655594063722, 30.433105530942004 ], [ -91.16901845263888, 30.432636210857869 ], [ -91.1658087089247, 30.430759299634154 ], [ -91.165233534487669, 30.434151027613535 ], [ -91.166989153174001, 30.435026004514864 ], [ -91.167149512738007, 30.435119022305404 ], [ -91.167241996181929, 30.435191329450568 ], [ -91.167265027899717, 30.435215723623458 ], [ -91.167375608221818, 30.435347627823543 ], [ -91.167405218711338, 30.43539111017196 ], [ -91.167455307387925, 30.43549449933305 ], [ -91.167491546299672, 30.435622105545878 ], [ -91.167498913065472, 30.435659294107985 ], [ -91.168580490969902, 30.435634649829137 ] ] ], [ [ [ -91.169907724060266, 30.431271645419894 ], [ -91.170358552562732, 30.431249459400625 ], [ -91.170399435902226, 30.430975214163734 ], [ -91.170415894010915, 30.430864813104673 ], [ -91.170432352097848, 30.43075440301935 ], [ -91.170448811184741, 30.430643995635965 ], [ -91.170465269193983, 30.430533588245844 ], [ -91.170481727166703, 30.430423180850216 ], [ -91.170498188224286, 30.430312774354988 ], [ -91.170507358174021, 30.430251256323142 ], [ -91.170518159585214, 30.430178793512649 ], [ -91.1705276821247, 30.430114906137309 ], [ -91.170538721376843, 30.430040852339484 ], [ -91.170548634349871, 30.429974369243773 ], [ -91.170558271597585, 30.429909700799239 ], [ -91.170567053057425, 30.429850801929408 ], [ -91.170583479222557, 30.42974060915677 ], [ -91.170613394814865, 30.429539934122324 ], [ -91.170645681701444, 30.429323331185234 ], [ -91.170662149775765, 30.429212866910891 ], [ -91.170703316674718, 30.428936708452202 ], [ -91.169281392802802, 30.42924028576158 ], [ -91.169212678766158, 30.429254954978703 ], [ -91.16919689089508, 30.429261517888943 ], [ -91.169189205609072, 30.429265153670315 ], [ -91.169181671921407, 30.429269021474983 ], [ -91.169174298170248, 30.429273114998789 ], [ -91.169167095813734, 30.429277429745468 ], [ -91.169160071106575, 30.429281960310487 ], [ -91.169153233428005, 30.429286700390801 ], [ -91.169146592152686, 30.429291646389728 ], [ -91.16914015458093, 30.429296790197647 ], [ -91.169133929049394, 30.42930212641242 ], [ -91.169127922856887, 30.429307647826509 ], [ -91.169122143300655, 30.429313348134404 ], [ -91.169116596638418, 30.429319220127162 ], [ -91.169111292249468, 30.429325257501944 ], [ -91.169106234312594, 30.42933145124314 ], [ -91.169101429084222, 30.42933779504391 ], [ -91.169096883864469, 30.429344280794663 ], [ -91.169092602830716, 30.429350900381738 ], [ -91.169088592242375, 30.429357645694314 ], [ -91.169084856276726, 30.42936450861874 ], [ -91.169081400152152, 30.42937148104285 ], [ -91.169078228047525, 30.429378553950972 ], [ -91.169075343100729, 30.429385718326184 ], [ -91.169072749489104, 30.429392966054966 ], [ -91.169070450350659, 30.42940028812033 ], [ -91.169068448823197, 30.429407675505413 ], [ -91.169066747005175, 30.429415118289889 ], [ -91.169065345949591, 30.429422609258424 ], [ -91.169064248797341, 30.4294301375899 ], [ -91.169063456604363, 30.429437694264752 ], [ -91.169062970425188, 30.42944527116568 ], [ -91.169062790277763, 30.429452857467552 ], [ -91.16906291721655, 30.429460445053 ], [ -91.169063350217044, 30.429468023997803 ], [ -91.169064089294267, 30.429475585281196 ], [ -91.169065132382769, 30.429483118977579 ], [ -91.169110384165492, 30.430014072269405 ], [ -91.169153153820233, 30.430170325690554 ], [ -91.16925993636788, 30.430579594670689 ], [ -91.169304411713227, 30.430715640755182 ], [ -91.169330960008224, 30.430782505448335 ], [ -91.16936033610888, 30.430848476068327 ], [ -91.169392499568929, 30.430913463256925 ], [ -91.169473412544534, 30.431060609474493 ], [ -91.169489947709778, 30.431085207228115 ], [ -91.169498960781283, 30.43109710966003 ], [ -91.169508454222878, 30.431108727627961 ], [ -91.169518417648547, 30.431120046685745 ], [ -91.169528838591702, 30.431131051482343 ], [ -91.169539703540366, 30.431141729371731 ], [ -91.169550998983979, 30.4311520668059 ], [ -91.169562710370926, 30.431162050235365 ], [ -91.169574823148182, 30.431171667012894 ], [ -91.169587321720158, 30.431180905391972 ], [ -91.169600191532226, 30.431189753627379 ], [ -91.169613414905285, 30.431198200872142 ], [ -91.169626975201211, 30.431206236280506 ], [ -91.169640856821388, 30.431213849910204 ], [ -91.169655041044223, 30.431221031814989 ], [ -91.169669510187461, 30.431227772952063 ], [ -91.169684246567527, 30.431234065180739 ], [ -91.169699231459717, 30.43123990035896 ], [ -91.169714445096943, 30.431245271245547 ], [ -91.16972986979394, 30.431250170601849 ], [ -91.169745484739565, 30.431254592989585 ], [ -91.169761271206156, 30.431258532070917 ], [ -91.169777209420531, 30.431261984212934 ], [ -91.169793278571504, 30.431264943977471 ], [ -91.169809458887386, 30.431267406829537 ], [ -91.169825729549501, 30.431269371841314 ], [ -91.169842070784739, 30.431270835379888 ], [ -91.169858461777352, 30.431271794713318 ], [ -91.169874880666285, 30.431272249814612 ], [ -91.169891308713275, 30.431272200660509 ], [ -91.169907724060266, 30.431271645419894 ] ] ], [ [ [ -91.168107280215636, 30.429394657081527 ], [ -91.1679358257621, 30.429409871976425 ], [ -91.167849713896274, 30.429413093829183 ], [ -91.167763521553354, 30.429413383752276 ], [ -91.167677384069222, 30.429410741013019 ], [ -91.167591431565725, 30.429405170285094 ], [ -91.167453815545329, 30.429375825228568 ], [ -91.167386099075031, 30.429357699485834 ], [ -91.167319245223126, 30.429337307854329 ], [ -91.16725335700022, 30.429314680233436 ], [ -91.16718853324528, 30.429289851028024 ], [ -91.167124871751426, 30.429262857347862 ], [ -91.167062468220365, 30.429233741712892 ], [ -91.167016532686972, 30.42920851129022 ], [ -91.166994367184572, 30.429194853821912 ], [ -91.166972775351994, 30.429180523214747 ], [ -91.166951784224622, 30.429165537544854 ], [ -91.166931418752526, 30.429149916689632 ], [ -91.16691170596944, 30.429133679627192 ], [ -91.166892669782882, 30.429116847135859 ], [ -91.166874334100527, 30.429099439993859 ], [ -91.166856723869259, 30.42908147988306 ], [ -91.166839858828141, 30.42906299028261 ], [ -91.166823760799602, 30.429043993772456 ], [ -91.166808450561987, 30.429024514735318 ], [ -91.166793947854188, 30.429004576650481 ], [ -91.166780270328545, 30.428984205700921 ], [ -91.166767434597844, 30.428963427166106 ], [ -91.166481283786339, 30.428591098332333 ], [ -91.166336017363392, 30.428406211408955 ], [ -91.166332821261065, 30.428400839971374 ], [ -91.166331062252098, 30.428398230726462 ], [ -91.166329196970821, 30.428395677276491 ], [ -91.166327229576524, 30.428393182332997 ], [ -91.166325161105632, 30.42839074860354 ], [ -91.16632299571593, 30.428388379701669 ], [ -91.166320735484845, 30.428386078336377 ], [ -91.166318382488157, 30.428383848118436 ], [ -91.166315939845816, 30.42838169085606 ], [ -91.166313411717056, 30.428379609260777 ], [ -91.166310800179275, 30.428377606041359 ], [ -91.166308108350776, 30.428375683908072 ], [ -91.166305340390934, 30.428373845572416 ], [ -91.166302499419572, 30.42837209284243 ], [ -91.166299589595951, 30.428370428429691 ], [ -91.166296613000554, 30.428368853238879 ], [ -91.166293574833603, 30.428367369982794 ], [ -91.166290477173945, 30.428365980468282 ], [ -91.16628732522193, 30.428364687408077 ], [ -91.16628412314131, 30.428363490807474 ], [ -91.166280874051992, 30.428362392474611 ], [ -91.166277582114745, 30.428361394218847 ], [ -91.166274252532943, 30.428360496948901 ], [ -91.166270887385352, 30.428359702471553 ], [ -91.166267492917854, 30.428359010794615 ], [ -91.166264072250272, 30.42835842372634 ], [ -91.166260629546372, 30.428357941271837 ], [ -91.166257168968571, 30.42835756433854 ], [ -91.16625369572013, 30.428357293835106 ], [ -91.166250212925462, 30.428357128863304 ], [ -91.166246726827254, 30.42835707123529 ], [ -91.166243239510479, 30.428357119149506 ], [ -91.166236282034475, 30.428357535239265 ], [ -91.166232821245359, 30.428357902524546 ], [ -91.166229375893096, 30.428358375373094 ], [ -91.166225953265908, 30.428358952892069 ], [ -91.166222555445657, 30.428359635084039 ], [ -91.166219187640323, 30.428360420151439 ], [ -91.166215854013615, 30.428361308099579 ], [ -91.166212558734031, 30.428362296227412 ], [ -91.166209305963804, 30.42836338544242 ], [ -91.166206098830457, 30.428364573042131 ], [ -91.166202942540309, 30.428365858131116 ], [ -91.166199840219221, 30.428367238909232 ], [ -91.166196796034143, 30.428368713577481 ], [ -91.166193814151939, 30.428370280336978 ], [ -91.166190897700048, 30.428371936485465 ], [ -91.166188049802884, 30.428373681124793 ], [ -91.166185274627296, 30.428375512456117 ], [ -91.166182576343274, 30.428377426876267 ], [ -91.166179958076697, 30.428379422585095 ], [ -91.166177421914071, 30.428381496879013 ], [ -91.166174970982837, 30.428383647055718 ], [ -91.166172610490818, 30.428385871317616 ], [ -91.16617034044414, 30.428388166056354 ], [ -91.166168166052188, 30.428390528572297 ], [ -91.166166089401401, 30.428392956161815 ], [ -91.166164112578315, 30.428395446121371 ], [ -91.166162237670918, 30.42839799484512 ], [ -91.166160468849071, 30.428400598730221 ], [ -91.16615880611748, 30.428403255070215 ], [ -91.166157252603497, 30.42840596116293 ], [ -91.166155810396688, 30.428408712500563 ], [ -91.166154480542517, 30.428411506378151 ], [ -91.166133089170245, 30.428551552258103 ], [ -91.1658137222839, 30.430543982228972 ], [ -91.165800385996093, 30.430607021882963 ], [ -91.169104272904306, 30.432525208795795 ], [ -91.169481883744695, 30.432036801369744 ], [ -91.169506135218001, 30.431995018054828 ], [ -91.169516981379488, 30.431973600699937 ], [ -91.169526958817897, 30.431951868342974 ], [ -91.169536051875596, 30.431929847125044 ], [ -91.169544252180316, 30.431907564098566 ], [ -91.169551549279504, 30.431885045411057 ], [ -91.169557933755584, 30.431862320819814 ], [ -91.169563397238065, 30.431839416474986 ], [ -91.16956793343536, 30.431816360333457 ], [ -91.169571537097028, 30.431793180353473 ], [ -91.169574204010587, 30.431769906298534 ], [ -91.169575931009035, 30.43174656522735 ], [ -91.169576715963473, 30.431723186003975 ], [ -91.169576556743465, 30.431699798394487 ], [ -91.169575454347552, 30.431676428560532 ], [ -91.169573410807743, 30.431653107175581 ], [ -91.16957042712113, 30.431629861303133 ], [ -91.169566508444206, 30.431606720718371 ], [ -91.169561658897052, 30.43158371248883 ], [ -91.169555883637571, 30.431560865487373 ], [ -91.169549190949809, 30.43153820678673 ], [ -91.169541589114615, 30.431515765263665 ], [ -91.169533086417445, 30.431493567088697 ], [ -91.169523693222658, 30.431471640239071 ], [ -91.16924857105046, 30.430971309455934 ], [ -91.169248232759131, 30.430970660438067 ], [ -91.169182006484391, 30.430829822539746 ], [ -91.16915344918678, 30.43075790726342 ], [ -91.169127981982228, 30.430685125306063 ], [ -91.169105641133541, 30.430611576845653 ], [ -91.16910548589702, 30.430611025479795 ], [ -91.169095970158594, 30.430574553245584 ], [ -91.168998597404183, 30.430201349406428 ], [ -91.168812172597043, 30.429520250892121 ], [ -91.168800323747377, 30.429506064411246 ], [ -91.168793970492899, 30.429499253891123 ], [ -91.168787343132323, 30.42949264239013 ], [ -91.168780449978527, 30.429486238939425 ], [ -91.168773297265403, 30.42948005076337 ], [ -91.168765897469683, 30.429474086898303 ], [ -91.168758256825313, 30.429468354568584 ], [ -91.168750386772459, 30.429462860103076 ], [ -91.168742297707482, 30.429457611633353 ], [ -91.16873399794919, 30.429452614582306 ], [ -91.168716150587031, 30.429443077183741 ], [ -91.168706934716326, 30.429438741120116 ], [ -91.168697541387118, 30.429434702522467 ], [ -91.168687983083515, 30.429430965916875 ], [ -91.168678272288219, 30.429427536731364 ], [ -91.168668422524846, 30.429424420395154 ], [ -91.168658447321448, 30.429421619631462 ], [ -91.168648360203221, 30.429419138967322 ], [ -91.168638173655793, 30.429416982026737 ], [ -91.168627903289092, 30.429415151535355 ], [ -91.168617561591844, 30.429413649312835 ], [ -91.168607163133004, 30.429412478083606 ], [ -91.16844122423484, 30.42939547445831 ], [ -91.168357812798959, 30.429391113483476 ], [ -91.168274269766627, 30.429389522591485 ], [ -91.168190717961352, 30.429390704641758 ], [ -91.168107280215636, 30.429394657081527 ] ] ], [ [ [ -91.166450385415558, 30.42639800005448 ], [ -91.166389037989873, 30.426382726094484 ], [ -91.166187706937379, 30.426680653135335 ], [ -91.166096219912205, 30.426834028058735 ], [ -91.166011006051548, 30.426990092748266 ], [ -91.165845757948205, 30.427215445268065 ], [ -91.165756178519601, 30.427324084372557 ], [ -91.165732270431562, 30.427353350166609 ], [ -91.16571943772982, 30.427367417243214 ], [ -91.165706040462737, 30.42738108307735 ], [ -91.165692095314512, 30.427394330550342 ], [ -91.165677618967706, 30.427407143445667 ], [ -91.165662630186944, 30.427419505549434 ], [ -91.165647147733779, 30.427431402451866 ], [ -91.165631190372835, 30.427442817939166 ], [ -91.165614777905134, 30.427453738504958 ], [ -91.16559793117284, 30.427464150644255 ], [ -91.165580672058823, 30.427474040853372 ], [ -91.165563019318753, 30.427483398330949 ], [ -91.165523988258755, 30.427510727967846 ], [ -91.165505386667974, 30.427525324442016 ], [ -91.165487428419766, 30.427540515301715 ], [ -91.165470141657948, 30.427556278030835 ], [ -91.165453548277696, 30.42757259190946 ], [ -91.165437671219735, 30.427589433512768 ], [ -91.165422535508384, 30.427606778516516 ], [ -91.16540815992056, 30.427624603490617 ], [ -91.165394565318394, 30.427642883203468 ], [ -91.165381771524494, 30.427661591520014 ], [ -91.165369796279734, 30.427680702302531 ], [ -91.16536257718613, 30.427701651259152 ], [ -91.165359632026039, 30.427712282190821 ], [ -91.165357135371337, 30.427723000292254 ], [ -91.165355090374035, 30.427733788427879 ], [ -91.165353500177034, 30.427744634874585 ], [ -91.165352365847269, 30.427755524298416 ], [ -91.16535169053229, 30.427766442269867 ], [ -91.165351473217186, 30.427777373452344 ], [ -91.165351716005389, 30.427788305219281 ], [ -91.165352416841074, 30.427799222232608 ], [ -91.165353576791318, 30.42781010915834 ], [ -91.165355191715264, 30.427820952459847 ], [ -91.165357261637538, 30.427831737703833 ], [ -91.16535978345982, 30.427842450452996 ], [ -91.165362753041265, 30.427853077170756 ], [ -91.165366167285129, 30.427863602517728 ], [ -91.165370021008059, 30.427874013858101 ], [ -91.165374310072295, 30.427884295851172 ], [ -91.165379027211074, 30.427894436760621 ], [ -91.165384167245733, 30.427904421244275 ], [ -91.165389722909339, 30.427914237565822 ], [ -91.165395687979256, 30.427923872186046 ], [ -91.165402056471422, 30.427941172328932 ], [ -91.16540576771159, 30.427949664753719 ], [ -91.165409824753837, 30.427958037640288 ], [ -91.16541422137081, 30.427966280155719 ], [ -91.165418952373116, 30.427974383272556 ], [ -91.165424012575684, 30.427982335257109 ], [ -91.165429394708767, 30.42799012617709 ], [ -91.165435092540321, 30.427997747905831 ], [ -91.16544109776099, 30.42800518960777 ], [ -91.165447405182846, 30.428012441353324 ], [ -91.16545400440998, 30.428019495010467 ], [ -91.165460888170998, 30.428026341549128 ], [ -91.165468048153443, 30.428032971937874 ], [ -91.165475475002424, 30.428039378045931 ], [ -91.165483160403952, 30.428045551744059 ], [ -91.165508603404646, 30.428064154346345 ], [ -91.165521884927415, 30.428072851057753 ], [ -91.165535516921153, 30.428081130547529 ], [ -91.165549482748716, 30.428088981969438 ], [ -91.16556376368942, 30.428096395376684 ], [ -91.165578342063583, 30.428103360823833 ], [ -91.165593198106521, 30.428109870166939 ], [ -91.165608314138481, 30.428115913460577 ], [ -91.165623670391724, 30.428121484364958 ], [ -91.165639246059087, 30.428126575637044 ], [ -91.165655022413588, 30.42813118093823 ], [ -91.165670978648151, 30.428135293025584 ], [ -91.165687094990247, 30.428138908265549 ], [ -91.165703349590217, 30.428142020315772 ], [ -91.165719722674069, 30.428144626444919 ], [ -91.165953964072358, 30.42816711804403 ], [ -91.166070370084697, 30.428183060838659 ], [ -91.166107571330997, 30.428184731642844 ], [ -91.166126095538033, 30.428186438357798 ], [ -91.166144536537658, 30.428188722298891 ], [ -91.166162870391133, 30.428191581631626 ], [ -91.166181073164182, 30.428195011815507 ], [ -91.16619912092105, 30.428199009211948 ], [ -91.166216991811012, 30.428203568380905 ], [ -91.166234660861761, 30.428208682976216 ], [ -91.166252105183062, 30.42821434665456 ], [ -91.166269301886203, 30.428220552170355 ], [ -91.166286230167287, 30.428227290476613 ], [ -91.166302866096473, 30.428234554326501 ], [ -91.166319188873047, 30.428242332868823 ], [ -91.166335177693028, 30.428250617056683 ], [ -91.166350810714519, 30.428259396037472 ], [ -91.166386517503412, 30.428283776650776 ], [ -91.166403551784924, 30.42829682425284 ], [ -91.166420006376427, 30.428310417783923 ], [ -91.166435859449592, 30.428324538272992 ], [ -91.166451087095552, 30.428339165844172 ], [ -91.166465668528375, 30.428354280625594 ], [ -91.166479582966602, 30.428369860039158 ], [ -91.166492810668117, 30.428385882410087 ], [ -91.166505331892438, 30.428402325161699 ], [ -91.166517131064197, 30.428419164820159 ], [ -91.166735045243939, 30.428676475808629 ], [ -91.16684088960146, 30.428807073036825 ], [ -91.166961723099249, 30.428950153130767 ], [ -91.167024657721399, 30.429020049997419 ], [ -91.167058132638701, 30.429056519150894 ], [ -91.167075827915426, 30.429074064383293 ], [ -91.167095716000233, 30.429092547831118 ], [ -91.167105925339669, 30.429101570680949 ], [ -91.167122801655196, 30.429115845724848 ], [ -91.167131405060232, 30.429122833256617 ], [ -91.167202019598236, 30.429160126645058 ], [ -91.167238474323554, 30.429177048628503 ], [ -91.167275626408681, 30.429192788845466 ], [ -91.16731342592216, 30.429207325582649 ], [ -91.167351820845909, 30.429220639830483 ], [ -91.167390758120803, 30.429232712578035 ], [ -91.167430184684548, 30.42924352661877 ], [ -91.167470046426331, 30.42925306925509 ], [ -91.167510288198699, 30.429261325082152 ], [ -91.167550855884727, 30.429268285010888 ], [ -91.16759169328985, 30.429273937243483 ], [ -91.167632744210451, 30.42927827539464 ], [ -91.167673951401923, 30.429281293077864 ], [ -91.167715259698682, 30.429282985713581 ], [ -91.167756612887814, 30.429283352329143 ], [ -91.167922049881426, 30.429287143362739 ], [ -91.168004761777212, 30.429284565810342 ], [ -91.168087278758634, 30.429279009281377 ], [ -91.168169458186995, 30.429270484423075 ], [ -91.168263779520785, 30.429256960888889 ], [ -91.168310631886655, 30.429248731021151 ], [ -91.168339193650709, 30.429242150779139 ], [ -91.168353252339671, 30.429238200053174 ], [ -91.168367138948327, 30.429233814306478 ], [ -91.16838083472706, 30.429229000732516 ], [ -91.168394323011086, 30.429223764722959 ], [ -91.168407586093323, 30.429218112570481 ], [ -91.168420606263567, 30.429212052371692 ], [ -91.168433367895133, 30.429205591323942 ], [ -91.168445853276438, 30.429198738426066 ], [ -91.168458047820224, 30.429191501778604 ], [ -91.168469934854457, 30.429183891283838 ], [ -91.16848149979046, 30.42917591594453 ], [ -91.168492726995566, 30.429167586566262 ], [ -91.168514867752108, 30.429149236008318 ], [ -91.168525333147699, 30.429139538118303 ], [ -91.168535375412148, 30.42912951043942 ], [ -91.168544980990319, 30.429119166486196 ], [ -91.168554136327259, 30.429108519772974 ], [ -91.168562827863383, 30.42909758652053 ], [ -91.168571045166615, 30.429086380247234 ], [ -91.168582473647675, 30.42906087813861 ], [ -91.168587398196024, 30.429047880733066 ], [ -91.168591788962971, 30.429034739230975 ], [ -91.168595638631984, 30.429021471664864 ], [ -91.168598944053372, 30.429008094268394 ], [ -91.168601699995563, 30.428994623272633 ], [ -91.168603903306007, 30.428981076715303 ], [ -91.168605551875942, 30.428967470831296 ], [ -91.168607175312886, 30.428940149630183 ], [ -91.1686071470006, 30.428926468588227 ], [ -91.168606560710586, 30.428912797676137 ], [ -91.168605415375239, 30.428899153130132 ], [ -91.168603712007297, 30.4288855520909 ], [ -91.168601454742415, 30.428872011703277 ], [ -91.16859864459191, 30.428858550010183 ], [ -91.16859528569438, 30.428845182352187 ], [ -91.168524495669246, 30.428526461793858 ], [ -91.168498999682043, 30.428365661474302 ], [ -91.168480150434974, 30.428204173922175 ], [ -91.168467971495048, 30.42804220574714 ], [ -91.168462477058767, 30.427879964448017 ], [ -91.168463676119018, 30.427717656614224 ], [ -91.168471566216681, 30.427555489721879 ], [ -91.168486136566486, 30.427393670333792 ], [ -91.168507369096872, 30.427232405002684 ], [ -91.168334212423602, 30.427129777194903 ], [ -91.16708619121944, 30.426626526842014 ], [ -91.166450385415558, 30.42639800005448 ] ] ], [ [ [ -91.163772206856891, 30.422966250522414 ], [ -91.163770336477626, 30.42296312329923 ], [ -91.163769403371361, 30.422961558788217 ], [ -91.163765692822679, 30.422955290849178 ], [ -91.163763848485033, 30.422952152834249 ], [ -91.163758212339118, 30.422945835517019 ], [ -91.163755204070625, 30.422942811476162 ], [ -91.163752073854454, 30.422939881997834 ], [ -91.163748825849581, 30.4229370497936 ], [ -91.16374546316959, 30.422934320279975 ], [ -91.163741991015769, 30.422931695267767 ], [ -91.163738413544181, 30.422929179272774 ], [ -91.16373473595462, 30.42292677500782 ], [ -91.163730961366824, 30.422924484281154 ], [ -91.163727094976011, 30.422922312511943 ], [ -91.163723143026132, 30.422920260610258 ], [ -91.16371910863522, 30.422918331286343 ], [ -91.16371499908503, 30.422916527255797 ], [ -91.163710816452664, 30.422914851227496 ], [ -91.16370656906237, 30.422913305016383 ], [ -91.163702260035279, 30.422911889528386 ], [ -91.163697896651556, 30.422910608381304 ], [ -91.163693483073303, 30.422909462482519 ], [ -91.163689025544372, 30.422908452742092 ], [ -91.163684529266192, 30.42290758097101 ], [ -91.163680000484163, 30.422906847177099 ], [ -91.163675444398223, 30.422906254073375 ], [ -91.163670866212883, 30.422905801666449 ], [ -91.163666273214432, 30.422905489965771 ], [ -91.163661669565002, 30.422905319878666 ], [ -91.163657062550897, 30.422905291414558 ], [ -91.163652457375008, 30.422905405482179 ], [ -91.163647859245032, 30.422905660284055 ], [ -91.163643274404805, 30.422906056730287 ], [ -91.163638709101278, 30.422906593926729 ], [ -91.163634168539019, 30.422907271880167 ], [ -91.163629658967977, 30.42290808789236 ], [ -91.163625184550341, 30.422909042870657 ], [ -91.1636207536163, 30.422910135021667 ], [ -91.163616369291745, 30.422911362545161 ], [ -91.163612037823611, 30.422912724547121 ], [ -91.163607765461961, 30.422914218329307 ], [ -91.163603556371882, 30.422915842995042 ], [ -91.163599416803507, 30.422917595845995 ], [ -91.16359535196284, 30.422919475986863 ], [ -91.163565640373534, 30.422927930977888 ], [ -91.16355106859865, 30.422932852990499 ], [ -91.163536712556677, 30.422938228125542 ], [ -91.163522590993068, 30.422944050994623 ], [ -91.163508720577539, 30.422950312598342 ], [ -91.163495122140503, 30.422957005746909 ], [ -91.163481812351733, 30.422964121440938 ], [ -91.163468807882637, 30.422971649779008 ], [ -91.163456126445539, 30.422979580860975 ], [ -91.163184917993391, 30.423178516377643 ], [ -91.163055724032162, 30.423284235062138 ], [ -91.162931030117122, 30.423393937614286 ], [ -91.162749580612456, 30.423588739943813 ], [ -91.162665202098481, 30.423690361040119 ], [ -91.16258520844201, 30.423794611908942 ], [ -91.16251041163089, 30.42397043909142 ], [ -91.162478644768484, 30.424060016620466 ], [ -91.162450690151488, 30.424150544452001 ], [ -91.162426587555757, 30.42424189995624 ], [ -91.162426063261691, 30.42425924728121 ], [ -91.162426327299372, 30.424267922074836 ], [ -91.162426942150702, 30.424276583790629 ], [ -91.162427906795088, 30.424285220700103 ], [ -91.162429220207287, 30.424293823781092 ], [ -91.162430880325587, 30.424302381303828 ], [ -91.162432885085437, 30.42431088334272 ], [ -91.162435232423618, 30.424319319070023 ], [ -91.162437919233028, 30.424327679460841 ], [ -91.162440942412715, 30.424335951881972 ], [ -91.162444298853956, 30.424344128210599 ], [ -91.16244798337236, 30.42435219671292 ], [ -91.16245199077737, 30.424360149263354 ], [ -91.162456319005869, 30.424367975034272 ], [ -91.162460959747605, 30.424375664091915 ], [ -91.162465908852866, 30.42438320831214 ], [ -91.162471159053922, 30.424390596860508 ], [ -91.162476706201062, 30.424397821612796 ], [ -91.162482540940005, 30.424404874438181 ], [ -91.162488657043895, 30.42441174450353 ], [ -91.162495048278046, 30.424418425486163 ], [ -91.162501705289671, 30.424424908353085 ], [ -91.162517321814562, 30.424438494988848 ], [ -91.162525574724938, 30.424444886099383 ], [ -91.162534106049975, 30.424450994314199 ], [ -91.162542903310964, 30.42445681240056 ], [ -91.162551955074747, 30.424462330420639 ], [ -91.162581373127736, 30.42446932439335 ], [ -91.162609020927917, 30.42447187240186 ], [ -91.162622905786492, 30.424472503746919 ], [ -91.162636808038116, 30.424472705720362 ], [ -91.16265070998692, 30.424472478299428 ], [ -91.162664592896078, 30.424471821459871 ], [ -91.162678440110653, 30.424470735180176 ], [ -91.162692234969555, 30.424469223047161 ], [ -91.162705957696545, 30.424467284133396 ], [ -91.162719591627436, 30.424464923829799 ], [ -91.162733121146616, 30.424462143018342 ], [ -91.162746526468666, 30.424458946183929 ], [ -91.1627597919734, 30.42445533691485 ], [ -91.162772900998192, 30.42445131970009 ], [ -91.16278583583626, 30.424446900831338 ], [ -91.162798580865939, 30.424442084799029 ], [ -91.162811119421562, 30.424436877896341 ], [ -91.162823436919169, 30.424431286419004 ], [ -91.162835515649022, 30.424425318463125 ], [ -91.162847341027387, 30.424418980324486 ], [ -91.162858897423177, 30.424412281905944 ], [ -91.162870172332944, 30.424405230408162 ], [ -91.162881149087923, 30.424397833928495 ], [ -91.163031534671418, 30.424318268033947 ], [ -91.16310904788331, 30.424281957880353 ], [ -91.163187979910504, 30.42424802289327 ], [ -91.163268235960928, 30.424216505346202 ], [ -91.163349717086916, 30.424187442997184 ], [ -91.163678988893395, 30.424076572918874 ], [ -91.163708937133606, 30.424066273443721 ], [ -91.163723553374751, 30.424060397065848 ], [ -91.163737903946256, 30.42405404765281 ], [ -91.163751968014196, 30.424047234198941 ], [ -91.16376572682654, 30.424039965701066 ], [ -91.163779158505307, 30.424032252956255 ], [ -91.163792245336367, 30.424024106766925 ], [ -91.163804968561564, 30.42401553973826 ], [ -91.163817310468218, 30.424006561770735 ], [ -91.163829252293624, 30.423997188175719 ], [ -91.163840778405444, 30.42398742975838 ], [ -91.163856341893663, 30.423972997398142 ], [ -91.163863785789601, 30.423965516022232 ], [ -91.16414272773055, 30.423557796866024 ], [ -91.164148850057046, 30.423548831655825 ], [ -91.164151622603924, 30.4235442093091 ], [ -91.164154197522976, 30.423539501011295 ], [ -91.164156571677694, 30.423534714877228 ], [ -91.164158740895274, 30.423529856314058 ], [ -91.164160704124001, 30.423524931635086 ], [ -91.164162457186421, 30.423519948953672 ], [ -91.164163997993143, 30.423514912777623 ], [ -91.16416532444687, 30.423509832125127 ], [ -91.164166435499141, 30.423504711505288 ], [ -91.164167328011843, 30.423499559934847 ], [ -91.164168003016712, 30.423494382827766 ], [ -91.164168457377173, 30.423489188298781 ], [ -91.164168692123482, 30.423483982663782 ], [ -91.164168707244883, 30.423478772237342 ], [ -91.164168500644223, 30.423473566037668 ], [ -91.164168074394155, 30.423468369479917 ], [ -91.164167428482344, 30.423463189780694 ], [ -91.164165480747457, 30.423452909828697 ], [ -91.164164182024109, 30.423447823111161 ], [ -91.164162668796052, 30.423442781223386 ], [ -91.164160943134547, 30.423437790482726 ], [ -91.164159008149937, 30.423432858109713 ], [ -91.16415686487251, 30.423427990420318 ], [ -91.164154517453511, 30.423423194636563 ], [ -91.164151967965708, 30.423418476173527 ], [ -91.164149220560361, 30.423413842253243 ], [ -91.164146279390437, 30.423409299195569 ], [ -91.164143147570996, 30.423404851514945 ], [ -91.164139830292825, 30.423400507336797 ], [ -91.164136330670914, 30.423396271175495 ], [ -91.164132653899102, 30.423392149352175 ], [ -91.164128806213682, 30.423388147287476 ], [ -91.164124790729616, 30.423384269495696 ], [ -91.164120613681732, 30.4233805222994 ], [ -91.164116281306264, 30.423376911119174 ], [ -91.164018524863408, 30.423284149910156 ], [ -91.163972656735041, 30.423235500328573 ], [ -91.163928880193112, 30.423185425408668 ], [ -91.16388725341335, 30.423133991981413 ], [ -91.163847832486255, 30.423081268679123 ], [ -91.163828134255155, 30.423053238180572 ], [ -91.163818518514276, 30.423039101898798 ], [ -91.163772206856891, 30.422966250522414 ] ] ] ] } },
{ "type": "Feature", "properties": { "ID": 28, "BG_ID": 28, "PARKID": "XPSWY", "FACILITY_NAME": "Expressway Park", "CLASSIFICATION": "Neighborhood", "FULL_ADDRESS": "935 S 11TH ST", "CITY": "BATON ROUGE", "STATE": "LOUISIANA", "ZIP": 70802, "ACREAGE": 13.182, "AIRGUN_RANGE": "NO", "AIRNASIUM": "NO", "ARCHERY_RANGE": "NO", "BALL_MULTI_PURPOSE_FIELD": "NO", "BASKETBALL_INDOOR": "NO", "BASKETBALL_OUTDOOR": "YES", "BIKE_REPAIR_STATION": "YES", "BIRD_WATCHING_WILDLIFE_VIEWING": "NO", "BLUEWAY_TRAILHEAD": "NO", "BMX": "NO", "CANOE_KAYAK_LAUNCH": "NO", "CRICKET_PITCH": "NO", "CROQUET_COURT": "NO", "DISC_GOLF": "NO", "DOG_PARK": "NO", "EQUESTRIAN": "NO", "FISHING_ACCESS": "NO", "FITNESS_CENTERS": "NO", "GARDEN_ARBORETUM": "NO", "GOLF_COURSE_9_HOLE": "NO", "GOLF_COURSE_18_HOLE": "NO", "GREENWAY_TRAILHEAD": "YES", "MOUNTAIN_BIKING": "NO", "NATURE_TRAILS": "NO", "OUTDOOR_FITNESS_STATION": "YES", "PAVILION": "YES", "PLAYGROUND": "YES", "PRIMITIVE_TRAILS": "NO", "RECREATION_CENTER": "YES", "RUGBY_FIELD": "NO", "RV_PARK": "NO", "SAND_VOLLEYBALL": "NO", "SHUFFLEBOARD": "NO", "SKATE_PARK": "NO", "SOCCER_FIELD": "NO", "SPLASH_PAD": "NO", "STADIUM": "NO", "SWIMMING_POOL": "NO", "TENNIS_CENTER": "NO", "TENNIS_COURTS": "NO", "VELODROME": "NO", "WALKING_LOOP_OUTDOOR": "YES", "WALKING_TRACK_INDOOR": "NO" }, "geometry": { "type": "MultiPolygon", "coordinates": [ [ [ [ -91.180069215183281, 30.439576708874664 ], [ -91.180064060862975, 30.439420190007574 ], [ -91.180054341900032, 30.43912511517799 ], [ -91.180047289994505, 30.438911114368867 ], [ -91.180044889560506, 30.438746390624498 ], [ -91.1800437784363, 30.438674430302452 ], [ -91.179852171583818, 30.438596503670258 ], [ -91.179724433156551, 30.438544551524011 ], [ -91.179721970198173, 30.438384928954097 ], [ -91.179354950648857, 30.438392564022308 ], [ -91.179081331289311, 30.438397164197827 ], [ -91.178612686890531, 30.438411857393337 ], [ -91.178062070772654, 30.438421696031714 ], [ -91.177937865459697, 30.438423878411623 ], [ -91.177739762906612, 30.438426662940124 ], [ -91.177845510369693, 30.439584993928236 ], [ -91.178034679692658, 30.439576166532198 ], [ -91.178345544986357, 30.439564258410694 ], [ -91.178689062479236, 30.439555190511769 ], [ -91.179038235348742, 30.43954594429443 ], [ -91.179342985088979, 30.439540085972435 ], [ -91.179426643821074, 30.439546532208894 ], [ -91.179505787429562, 30.439558326090296 ], [ -91.179582866554782, 30.439575520088308 ], [ -91.179722443384094, 30.439611979330671 ], [ -91.179774808526332, 30.439625657963376 ], [ -91.179873140757806, 30.439648036372883 ], [ -91.180072855304132, 30.439673510913675 ], [ -91.180069215183281, 30.439576708874664 ] ] ], [ [ [ -91.177664497390865, 30.438782051290694 ], [ -91.177658280767133, 30.438719868010509 ], [ -91.177567701165259, 30.438719123578736 ], [ -91.177567103713301, 30.43870179028233 ], [ -91.17746041429983, 30.438701201804488 ], [ -91.177463022126318, 30.438786127726061 ], [ -91.177272680459055, 30.438789977942136 ], [ -91.177177507537024, 30.438791903396073 ], [ -91.177180061732287, 30.438874370184106 ], [ -91.17718091383091, 30.438901855806218 ], [ -91.177182616992738, 30.438956824342206 ], [ -91.177184320153643, 30.43901179468148 ], [ -91.177187726478181, 30.439121737161656 ], [ -91.177697258018554, 30.439111427130978 ], [ -91.177686337432021, 30.439001639097192 ], [ -91.17768087975405, 30.438946742826509 ], [ -91.177675418953172, 30.438891850159411 ], [ -91.177664497390865, 30.438782051290694 ] ] ], [ [ [ -91.178899871244056, 30.43971327039619 ], [ -91.178350479500963, 30.439725136842132 ], [ -91.178047821606071, 30.439736387974957 ], [ -91.177792949800008, 30.439736121828393 ], [ -91.177799804761392, 30.439943849409048 ], [ -91.177831532799075, 30.439942609373809 ], [ -91.177843304798444, 30.440299991651699 ], [ -91.177849066575163, 30.440474594399436 ], [ -91.177854532313404, 30.440639472357677 ], [ -91.177822823910333, 30.440640663709132 ], [ -91.17782781740307, 30.440791962081665 ], [ -91.178710395634823, 30.44078103625235 ], [ -91.178724642463152, 30.440580831539666 ], [ -91.17872464260725, 30.440022480378346 ], [ -91.17894713314837, 30.440008682275028 ], [ -91.178899871244056, 30.43971327039619 ] ] ], [ [ [ -91.179618525455211, 30.439760634317796 ], [ -91.179553494961908, 30.439739211865213 ], [ -91.179520341189587, 30.43973007130958 ], [ -91.17948682139631, 30.439721993873512 ], [ -91.179452981371966, 30.439714990434908 ], [ -91.179418866906431, 30.439709071871881 ], [ -91.179384523795008, 30.43970424545412 ], [ -91.179349998875608, 30.439700517550587 ], [ -91.179315338988829, 30.439697892726123 ], [ -91.179280592016298, 30.439696375546827 ], [ -91.179123491804916, 30.439692022124998 ], [ -91.179045522306723, 30.43975336471318 ], [ -91.17905200746101, 30.439807483616583 ], [ -91.179056137424169, 30.4398309497608 ], [ -91.179071191421457, 30.439894006554962 ], [ -91.179138010844838, 30.440137097909162 ], [ -91.179188710308026, 30.440352708372281 ], [ -91.179204786485741, 30.440331478591702 ], [ -91.17922084071671, 30.440310298397968 ], [ -91.179293864716954, 30.440235951869944 ], [ -91.179540207711781, 30.440038227280979 ], [ -91.179681726483167, 30.440035203828721 ], [ -91.179679206506478, 30.439982409311924 ], [ -91.179785666747819, 30.439911275774495 ], [ -91.179820625741044, 30.439886819445814 ], [ -91.17981675824916, 30.439803232630169 ], [ -91.179618525455211, 30.439760634317796 ] ] ], [ [ [ -91.180740654711528, 30.439627488593874 ], [ -91.18073699765371, 30.439508092125539 ], [ -91.180838058939443, 30.439483519640969 ], [ -91.180940288768056, 30.439462013697568 ], [ -91.180941911297452, 30.439461672776442 ], [ -91.181009908624262, 30.439447369234884 ], [ -91.181085471579138, 30.43943367605678 ], [ -91.181147042652455, 30.439422517820006 ], [ -91.181130386528935, 30.43884311619502 ], [ -91.180870537382006, 30.438851096174186 ], [ -91.18031712103317, 30.43875935939441 ], [ -91.18031020381494, 30.438758213865803 ], [ -91.180326208101974, 30.439633180864902 ], [ -91.180740654711528, 30.439627488593874 ] ] ] ] } },
{ "type": "Feature", "properties": { "ID": 29, "BG_ID": 147, "PARKID": "GODWD", "FACILITY_NAME": "Goodwood Park", "CLASSIFICATION": "Neighborhood", "FULL_ADDRESS": "6025 SEVENOAKS AVE", "CITY": "BATON ROUGE", "STATE": "LOUISIANA", "ZIP": 70806, "ACREAGE": 5.56, "AIRGUN_RANGE": "NO", "AIRNASIUM": "NO", "ARCHERY_RANGE": "NO", "BALL_MULTI_PURPOSE_FIELD": "NO", "BASKETBALL_INDOOR": "NO", "BASKETBALL_OUTDOOR": "YES", "BIKE_REPAIR_STATION": "NO", "BIRD_WATCHING_WILDLIFE_VIEWING": "NO", "BLUEWAY_TRAILHEAD": "NO", "BMX": "NO", "CANOE_KAYAK_LAUNCH": "NO", "CRICKET_PITCH": "NO", "CROQUET_COURT": "NO", "DISC_GOLF": "NO", "DOG_PARK": "NO", "EQUESTRIAN": "NO", "FISHING_ACCESS": "NO", "FITNESS_CENTERS": "NO", "GARDEN_ARBORETUM": "NO", "GOLF_COURSE_9_HOLE": "NO", "GOLF_COURSE_18_HOLE": "NO", "GREENWAY_TRAILHEAD": "NO", "MOUNTAIN_BIKING": "NO", "NATURE_TRAILS": "NO", "OUTDOOR_FITNESS_STATION": "NO", "PAVILION": "YES", "PLAYGROUND": "YES", "PRIMITIVE_TRAILS": "NO", "RECREATION_CENTER": "NO", "RUGBY_FIELD": "NO", "RV_PARK": "NO", "SAND_VOLLEYBALL": "NO", "SHUFFLEBOARD": "NO", "SKATE_PARK": "NO", "SOCCER_FIELD": "NO", "SPLASH_PAD": "NO", "STADIUM": "NO", "SWIMMING_POOL": "NO", "TENNIS_CENTER": "NO", "TENNIS_COURTS": "YES", "VELODROME": "NO", "WALKING_LOOP_OUTDOOR": "YES", "WALKING_TRACK_INDOOR": "NO" }, "geometry": { "type": "MultiPolygon", "coordinates": [ [ [ [ -91.129398708250221, 30.443863971990368 ], [ -91.129401439940395, 30.44386357838513 ], [ -91.129402792898361, 30.443863319770063 ], [ -91.129404133449825, 30.443863018738096 ], [ -91.129405461589371, 30.443862677995398 ], [ -91.129406775236504, 30.443862296636716 ], [ -91.129408071267846, 30.443861874657202 ], [ -91.129409350720849, 30.443861413862674 ], [ -91.129410610472107, 30.443860914248297 ], [ -91.129411848437513, 30.443860376712934 ], [ -91.129413063574148, 30.443859802156979 ], [ -91.129414255883802, 30.443859189678509 ], [ -91.129415421196413, 30.443858541977182 ], [ -91.129416559512052, 30.443857859053061 ], [ -91.129417669789461, 30.443857140904626 ], [ -91.129418750982083, 30.443856390236409 ], [ -91.129419799966428, 30.443855607043584 ], [ -91.129420815701479, 30.443854791324636 ], [ -91.129421799222754, 30.443853945787286 ], [ -91.129422746365719, 30.443853070425238 ], [ -91.129423658167852, 30.443852167044128 ], [ -91.129424532545059, 30.443851236542923 ], [ -91.129425368454292, 30.443850279822041 ], [ -91.129426164852561, 30.443849297781963 ], [ -91.129426920695124, 30.443848292225326 ], [ -91.129427634939006, 30.443847264052483 ], [ -91.129428307580412, 30.443846215067644 ], [ -91.129428936537124, 30.443845145267574 ], [ -91.129429521803615, 30.443844057358504 ], [ -91.129430062335047, 30.443842953143065 ], [ -91.129430558131403, 30.443841832621157 ], [ -91.129431007108607, 30.443840696691701 ], [ -91.129431410300327, 30.443839548964608 ], [ -91.129431765624389, 30.443838389436639 ], [ -91.129432074120004, 30.443837219011503 ], [ -91.129432335781644, 30.443836040395492 ], [ -91.129432547484043, 30.44383485448575 ], [ -91.129432712346912, 30.443833663091347 ], [ -91.129432828286127, 30.44383246711104 ], [ -91.129432895298038, 30.443831268349125 ], [ -91.129432913378864, 30.44383006860966 ], [ -91.129432882526842, 30.44382886879475 ], [ -91.129432802738165, 30.443827670708565 ], [ -91.129432675052215, 30.443826475254774 ], [ -91.129432497381103, 30.443825285136402 ], [ -91.129432272846358, 30.443824101260269 ], [ -91.129431999363959, 30.443822924525403 ], [ -91.129431679010509, 30.443821757641174 ], [ -91.12943131074492, 30.443820600605861 ], [ -91.129430895604628, 30.44381945522542 ], [ -91.129430434625206, 30.443818324207541 ], [ -91.129429927808431, 30.44381720665023 ], [ -91.129429375146998, 30.443816106161751 ], [ -91.129419808075099, 30.443801981064386 ], [ -91.129415109478941, 30.443794876248614 ], [ -91.129369389268774, 30.443718904672135 ], [ -91.129348939424219, 30.44367989332072 ], [ -91.129330132719033, 30.443640265672997 ], [ -91.129312994029149, 30.443600074990748 ], [ -91.129297546153765, 30.443559371826183 ], [ -91.129283808757336, 30.44351821213937 ], [ -91.129271799431407, 30.443476647376531 ], [ -91.129261535756143, 30.443434734396327 ], [ -91.129253029072416, 30.443392526439435 ], [ -91.129246291758363, 30.443350078552186 ], [ -91.129246224056828, 30.443349585911573 ], [ -91.129185186911315, 30.442825131923239 ], [ -91.129180928459007, 30.442799444908367 ], [ -91.129178017641621, 30.442786714758579 ], [ -91.129174590230079, 30.442774082138001 ], [ -91.129170650359285, 30.442761561486289 ], [ -91.12916620424275, 30.442749169050437 ], [ -91.129161254970612, 30.442736921072651 ], [ -91.129155810844082, 30.442724831096925 ], [ -91.129149877035502, 30.442712915368542 ], [ -91.129143462885381, 30.442701188335267 ], [ -91.129136574608992, 30.442689665341945 ], [ -91.129129221548624, 30.442678359934142 ], [ -91.129121412005418, 30.442667285655869 ], [ -91.129113157402145, 30.442656456957931 ], [ -91.129104466038044, 30.442645888286357 ], [ -91.129095350382372, 30.442635591387415 ], [ -91.129085820820407, 30.442625578906192 ], [ -91.129075889815837, 30.442615865295082 ], [ -91.129065569841572, 30.442606460496215 ], [ -91.129054873365092, 30.442597377157938 ], [ -91.12904381285739, 30.44258862612423 ], [ -91.129032402869882, 30.442580219144741 ], [ -91.129020659000744, 30.442572165264089 ], [ -91.129008592677934, 30.442564476227098 ], [ -91.128996222622945, 30.442557161083286 ], [ -91.128983561312253, 30.442550227970603 ], [ -91.127445275058676, 30.441861793119394 ], [ -91.127719453262614, 30.442081849398125 ], [ -91.127740846027862, 30.442100941828109 ], [ -91.127794992381212, 30.442154623145541 ], [ -91.127844199898675, 30.442211758051211 ], [ -91.127888184005485, 30.442272011436451 ], [ -91.127926679965285, 30.442335019356364 ], [ -91.127959457413226, 30.442400409800438 ], [ -91.127986323497709, 30.442467793676453 ], [ -91.128007118698022, 30.442536773824589 ], [ -91.128022225221002, 30.442610812125864 ], [ -91.128064980102025, 30.443045196209162 ], [ -91.128065462706715, 30.443053986834773 ], [ -91.128072670384554, 30.443119453915259 ], [ -91.128086159662573, 30.443184174799242 ], [ -91.128105839885222, 30.443247689283051 ], [ -91.128131571414926, 30.443309560540069 ], [ -91.128163178173367, 30.443369351686478 ], [ -91.128200439263964, 30.443426649222662 ], [ -91.128243090040655, 30.443481049503347 ], [ -91.128290835610358, 30.443532174094376 ], [ -91.12834333938811, 30.443579666146732 ], [ -91.12840023974745, 30.443623194030987 ], [ -91.128457640866543, 30.443660197915683 ], [ -91.128633382435538, 30.443657998348041 ], [ -91.128720809892016, 30.44365958238302 ], [ -91.128764420056569, 30.443662382250459 ], [ -91.128807889007632, 30.443666515160483 ], [ -91.128851161576563, 30.443671976517486 ], [ -91.128894184678941, 30.443678760827122 ], [ -91.128936904198483, 30.443686858083147 ], [ -91.128979267059819, 30.443696258280909 ], [ -91.129021220189472, 30.443706950513786 ], [ -91.129062709478333, 30.443718921167314 ], [ -91.129103686026511, 30.443732154831114 ], [ -91.129144095728492, 30.443746636086694 ], [ -91.129183890734552, 30.443762345014918 ], [ -91.129223019028586, 30.443779262592347 ], [ -91.129261432760742, 30.443797368899933 ], [ -91.129299084088458, 30.443816640410354 ], [ -91.129335925170807, 30.443837052694324 ], [ -91.129371911292111, 30.443858580425264 ], [ -91.129374306397438, 30.443859853346606 ], [ -91.12937554206701, 30.443860433485987 ], [ -91.12937680072109, 30.443860974871342 ], [ -91.12937808132034, 30.443861476598951 ], [ -91.129379380741369, 30.443861938664082 ], [ -91.129380698986097, 30.443862360164587 ], [ -91.12938203397411, 30.44386274019514 ], [ -91.129383383623136, 30.443863078752631 ], [ -91.129384746891972, 30.443863375835328 ], [ -91.129386121702197, 30.443863629636024 ], [ -91.129387504928559, 30.443863841051826 ], [ -91.129388896572863, 30.443864009180778 ], [ -91.129390294550959, 30.443864134921668 ], [ -91.129391696784424, 30.443864216467116 ], [ -91.129393101189038, 30.443864254716065 ], [ -91.12939450672377, 30.443864249666863 ], [ -91.129395910267021, 30.443864200412559 ], [ -91.129397311816973, 30.443864107855376 ], [ -91.129398708250221, 30.443863971990368 ] ] ], [ [ [ -91.128126698852455, 30.442019575308407 ], [ -91.128119750977348, 30.441742802397869 ], [ -91.12754545419746, 30.441761551910631 ], [ -91.128126698852455, 30.442019575308407 ] ] ] ] } },
{ "type": "Feature", "properties": { "ID": 30, "BG_ID": 144, "PARKID": "PWNEE", "FACILITY_NAME": "Pawnee Street Park", "CLASSIFICATION": "Neighborhood", "FULL_ADDRESS": "2100 SCENIC HWY", "CITY": "BATON ROUGE", "STATE": "LOUISIANA", "ZIP": 70802, "ACREAGE": 0.766, "AIRGUN_RANGE": "NO", "AIRNASIUM": "NO", "ARCHERY_RANGE": "NO", "BALL_MULTI_PURPOSE_FIELD": "NO", "BASKETBALL_INDOOR": "NO", "BASKETBALL_OUTDOOR": "YES", "BIKE_REPAIR_STATION": "NO", "BIRD_WATCHING_WILDLIFE_VIEWING": "NO", "BLUEWAY_TRAILHEAD": "NO", "BMX": "NO", "CANOE_KAYAK_LAUNCH": "NO", "CRICKET_PITCH": "NO", "CROQUET_COURT": "NO", "DISC_GOLF": "NO", "DOG_PARK": "NO", "EQUESTRIAN": "NO", "FISHING_ACCESS": "NO", "FITNESS_CENTERS": "NO", "GARDEN_ARBORETUM": "NO", "GOLF_COURSE_9_HOLE": "NO", "GOLF_COURSE_18_HOLE": "NO", "GREENWAY_TRAILHEAD": "NO", "MOUNTAIN_BIKING": "NO", "NATURE_TRAILS": "NO", "OUTDOOR_FITNESS_STATION": "NO", "PAVILION": "NO", "PLAYGROUND": "NO", "PRIMITIVE_TRAILS": "NO", "RECREATION_CENTER": "NO", "RUGBY_FIELD": "NO", "RV_PARK": "NO", "SAND_VOLLEYBALL": "NO", "SHUFFLEBOARD": "NO", "SKATE_PARK": "NO", "SOCCER_FIELD": "NO", "SPLASH_PAD": "NO", "STADIUM": "NO", "SWIMMING_POOL": "NO", "TENNIS_CENTER": "NO", "TENNIS_COURTS": "NO", "VELODROME": "NO", "WALKING_LOOP_OUTDOOR": "NO", "WALKING_TRACK_INDOOR": "NO" }, "geometry": { "type": "Polygon", "coordinates": [ [ [ -91.16788217707925, 30.466526703776921 ], [ -91.167495608434535, 30.466543499845219 ], [ -91.167502304991672, 30.466664083090709 ], [ -91.167113523652972, 30.466682880579555 ], [ -91.167119624350534, 30.466792737429262 ], [ -91.167125721943535, 30.466902590662855 ], [ -91.167514504134473, 30.466883796747666 ], [ -91.167520602165567, 30.466993652666357 ], [ -91.167526700217735, 30.46710350407086 ], [ -91.167912539970644, 30.467084847825546 ], [ -91.167906562304935, 30.466974988470703 ], [ -91.167900587781119, 30.46686512640964 ], [ -91.167894610146391, 30.466755264340861 ], [ -91.167888635647486, 30.466645403174251 ], [ -91.16788217707925, 30.466526703776921 ] ] ] } },
{ "type": "Feature", "properties": { "ID": 31, "BG_ID": 35, "PARKID": "FRFAX", "FACILITY_NAME": "Fairfax Park", "CLASSIFICATION": "Neighborhood", "FULL_ADDRESS": "5300 S AFTON PKWY", "CITY": "BATON ROUGE", "STATE": "LOUISIANA", "ZIP": 70806, "ACREAGE": 1.0, "AIRGUN_RANGE": "NO", "AIRNASIUM": "NO", "ARCHERY_RANGE": "NO", "BALL_MULTI_PURPOSE_FIELD": "NO", "BASKETBALL_INDOOR": "NO", "BASKETBALL_OUTDOOR": "NO", "BIKE_REPAIR_STATION": "NO", "BIRD_WATCHING_WILDLIFE_VIEWING": "NO", "BLUEWAY_TRAILHEAD": "NO", "BMX": "NO", "CANOE_KAYAK_LAUNCH": "NO", "CRICKET_PITCH": "NO", "CROQUET_COURT": "NO", "DISC_GOLF": "NO", "DOG_PARK": "NO", "EQUESTRIAN": "NO", "FISHING_ACCESS": "NO", "FITNESS_CENTERS": "NO", "GARDEN_ARBORETUM": "NO", "GOLF_COURSE_9_HOLE": "NO", "GOLF_COURSE_18_HOLE": "NO", "GREENWAY_TRAILHEAD": "NO", "MOUNTAIN_BIKING": "NO", "NATURE_TRAILS": "NO", "OUTDOOR_FITNESS_STATION": "NO", "PAVILION": "NO", "PLAYGROUND": "YES", "PRIMITIVE_TRAILS": "NO", "RECREATION_CENTER": "NO", "RUGBY_FIELD": "NO", "RV_PARK": "NO", "SAND_VOLLEYBALL": "NO", "SHUFFLEBOARD": "NO", "SKATE_PARK": "NO", "SOCCER_FIELD": "NO", "SPLASH_PAD": "NO", "STADIUM": "NO", "SWIMMING_POOL": "NO", "TENNIS_CENTER": "NO", "TENNIS_COURTS": "NO", "VELODROME": "NO", "WALKING_LOOP_OUTDOOR": "NO", "WALKING_TRACK_INDOOR": "NO" }, "geometry": { "type": "Polygon", "coordinates": [ [ [ -91.135229689595732, 30.452763805896563 ], [ -91.134632188527178, 30.452783458950798 ], [ -91.134641062038298, 30.452969077592034 ], [ -91.134646046536332, 30.453012700562908 ], [ -91.134657287448519, 30.453055439873619 ], [ -91.134674612237859, 30.453096625921511 ], [ -91.134697750442356, 30.453135613312078 ], [ -91.134726329500708, 30.453171785363484 ], [ -91.134758019393388, 30.453202938405511 ], [ -91.135229689595732, 30.452763805896563 ] ] ] } },
{ "type": "Feature", "properties": { "ID": 32, "BG_ID": 178, "PARKID": "BVRCK", "FACILITY_NAME": "Beaver Creek Park and Golf Course", "CLASSIFICATION": "Golf Course", "FULL_ADDRESS": "22600 BEAVER CREEK BLVD", "CITY": "ZACHARY", "STATE": "LOUISIANA", "ZIP": 70791, "ACREAGE": 199.996, "AIRGUN_RANGE": "NO", "AIRNASIUM": "NO", "ARCHERY_RANGE": "NO", "BALL_MULTI_PURPOSE_FIELD": "NO", "BASKETBALL_INDOOR": "NO", "BASKETBALL_OUTDOOR": "YES", "BIKE_REPAIR_STATION": "NO", "BIRD_WATCHING_WILDLIFE_VIEWING": "NO", "BLUEWAY_TRAILHEAD": "NO", "BMX": "NO", "CANOE_KAYAK_LAUNCH": "NO", "CRICKET_PITCH": "NO", "CROQUET_COURT": "NO", "DISC_GOLF": "NO", "DOG_PARK": "NO", "EQUESTRIAN": "NO", "FISHING_ACCESS": "NO", "FITNESS_CENTERS": "NO", "GARDEN_ARBORETUM": "NO", "GOLF_COURSE_9_HOLE": "NO", "GOLF_COURSE_18_HOLE": "YES", "GREENWAY_TRAILHEAD": "NO", "MOUNTAIN_BIKING": "NO", "NATURE_TRAILS": "NO", "OUTDOOR_FITNESS_STATION": "NO", "PAVILION": "YES", "PLAYGROUND": "YES", "PRIMITIVE_TRAILS": "NO", "RECREATION_CENTER": "NO", "RUGBY_FIELD": "NO", "RV_PARK": "NO", "SAND_VOLLEYBALL": "NO", "SHUFFLEBOARD": "NO", "SKATE_PARK": "NO", "SOCCER_FIELD": "NO", "SPLASH_PAD": "NO", "STADIUM": "NO", "SWIMMING_POOL": "NO", "TENNIS_CENTER": "NO", "TENNIS_COURTS": "YES", "VELODROME": "NO", "WALKING_LOOP_OUTDOOR": "NO", "WALKING_TRACK_INDOOR": "NO" }, "geometry": { "type": "MultiPolygon", "coordinates": [ [ [ [ -91.219543146590198, 30.683401318616848 ], [ -91.219746142423787, 30.683164365197506 ], [ -91.21810119622485, 30.680673619025207 ], [ -91.219157363978283, 30.680579540290797 ], [ -91.219320419304665, 30.680403046217865 ], [ -91.21909845308933, 30.679927004873321 ], [ -91.219258884722578, 30.679724354773715 ], [ -91.219358254227743, 30.679600717739206 ], [ -91.219540727645253, 30.679373678712064 ], [ -91.219619089622157, 30.679083840552831 ], [ -91.219813930427435, 30.678840226439736 ], [ -91.222009338919335, 30.67782743652765 ], [ -91.222974137813978, 30.675783501844485 ], [ -91.223835774557728, 30.676348913645967 ], [ -91.223814650510519, 30.677694773227529 ], [ -91.223330934142268, 30.678008343034563 ], [ -91.223358838911793, 30.679367142976215 ], [ -91.221723967737148, 30.679018510650348 ], [ -91.220956622480756, 30.679405613453955 ], [ -91.220855904647081, 30.679656147226673 ], [ -91.220877179796773, 30.679911493834258 ], [ -91.220896416884159, 30.680123633281688 ], [ -91.220915059346183, 30.680329202863323 ], [ -91.220933700842053, 30.6805347724261 ], [ -91.220952342416268, 30.680740341069107 ], [ -91.220970984066867, 30.680945910596165 ], [ -91.22098589660834, 30.681110366023848 ], [ -91.22121464877938, 30.681142019085769 ], [ -91.221226871854967, 30.681143710769248 ], [ -91.221272816517754, 30.681073401831632 ], [ -91.221680704629392, 30.681309338415435 ], [ -91.221680719229951, 30.681309347447861 ], [ -91.22172229146345, 30.681267216181478 ], [ -91.22130428812838, 30.6810252836306 ], [ -91.221404067946168, 30.680872687328851 ], [ -91.221521449238452, 30.680693172661503 ], [ -91.221638830104268, 30.680513658780612 ], [ -91.221776753988664, 30.680302724299676 ], [ -91.222080732952222, 30.679844273073844 ], [ -91.222144558465402, 30.679870782591408 ], [ -91.222586530162303, 30.680054425754065 ], [ -91.223094834184039, 30.68026551936833 ], [ -91.223289185302676, 30.680346184367131 ], [ -91.22350508678845, 30.680435852761164 ], [ -91.223706480726008, 30.680519496905319 ], [ -91.223721498209258, 30.6805243431963 ], [ -91.223944998594064, 30.680596468537544 ], [ -91.224168499303445, 30.680668594402061 ], [ -91.224394230802687, 30.680741438819002 ], [ -91.22708961980689, 30.68161077374381 ], [ -91.227131865174215, 30.681563698311827 ], [ -91.227984939040411, 30.680613071142819 ], [ -91.230004889835087, 30.678360764270842 ], [ -91.230025465392231, 30.678382697371372 ], [ -91.23004604200213, 30.67840463046937 ], [ -91.230379734797708, 30.67876034190115 ], [ -91.230423096174135, 30.678719240259532 ], [ -91.230382570215411, 30.678676043059696 ], [ -91.22968103569869, 30.677899218439912 ], [ -91.229658006646005, 30.677876476965309 ], [ -91.229645801737732, 30.677865655011253 ], [ -91.229633156036201, 30.67785521696808 ], [ -91.229620086223719, 30.677845177280794 ], [ -91.229606610028952, 30.677835547689387 ], [ -91.229592743091459, 30.677826341736107 ], [ -91.229578505228886, 30.677817569358478 ], [ -91.229563912080792, 30.677809244098768 ], [ -91.22954898450935, 30.677801374993397 ], [ -91.229533740245017, 30.677793971978097 ], [ -91.229518199104348, 30.677787045892536 ], [ -91.229502381951406, 30.67778060396904 ], [ -91.229486307560165, 30.677774656144283 ], [ -91.229469997839061, 30.677769208749513 ], [ -91.229453472608441, 30.677764269016194 ], [ -91.229436753776795, 30.677759843275492 ], [ -91.229419862208957, 30.677755937857789 ], [ -91.229402819815249, 30.677752557290301 ], [ -91.22938564850692, 30.677749705198149 ], [ -91.22936837123693, 30.677747387011316 ], [ -91.229351007832179, 30.677745603647377 ], [ -91.229333581247431, 30.677744358732348 ], [ -91.229316115483954, 30.677743653187072 ], [ -91.229298631411325, 30.677743488831858 ], [ -91.229281150945468, 30.677743864781974 ], [ -91.229263698088502, 30.677744781056216 ], [ -91.229246294757431, 30.677746235867758 ], [ -91.229228961823608, 30.67774822923306 ], [ -91.229211722251378, 30.677750755758108 ], [ -91.229194599000309, 30.677753814558972 ], [ -91.229177612946486, 30.677757401141935 ], [ -91.229160787053431, 30.677761511015142 ], [ -91.22914414115553, 30.677766137880184 ], [ -91.229127698217212, 30.677771276343055 ], [ -91.229111477029448, 30.677776920104517 ], [ -91.229095501602004, 30.677783061967421 ], [ -91.229079789684292, 30.677789693827748 ], [ -91.229064362156407, 30.677796807583906 ], [ -91.228746660421237, 30.678029514360496 ], [ -91.228296796241239, 30.67783364325209 ], [ -91.227965408353541, 30.675928554610543 ], [ -91.2287425033809, 30.67458793931398 ], [ -91.229975054610051, 30.674940695309441 ], [ -91.229516596944961, 30.675723429682868 ], [ -91.229677568440309, 30.676310222348942 ], [ -91.231470138924095, 30.678139658898129 ], [ -91.231808830380814, 30.678644202420717 ], [ -91.231246794116998, 30.678817763324897 ], [ -91.232767363689376, 30.680026585264649 ], [ -91.232653961923802, 30.68009838311859 ], [ -91.231177985595863, 30.678952286741811 ], [ -91.230874485095626, 30.679200430238605 ], [ -91.230564914328937, 30.678870449731509 ], [ -91.230524391390347, 30.678827239951641 ], [ -91.230481034188685, 30.678868336215974 ], [ -91.230827244736957, 30.679237392400022 ], [ -91.230792604550345, 30.679265522780732 ], [ -91.230680509749746, 30.679356555357185 ], [ -91.230505608896564, 30.679497513237301 ], [ -91.230334347431679, 30.679637671819968 ], [ -91.230186132260059, 30.67975803454183 ], [ -91.23018068941748, 30.679762454669209 ], [ -91.230052102819329, 30.679929131808475 ], [ -91.22991941197499, 30.680101126572062 ], [ -91.229786721714333, 30.680273120290948 ], [ -91.229667299771364, 30.680427915687648 ], [ -91.22964076220677, 30.680462314749665 ], [ -91.229521339808542, 30.680617109102322 ], [ -91.2293886471207, 30.680789103291975 ], [ -91.229273667457306, 30.680938138845594 ], [ -91.229273494301822, 30.680961895855738 ], [ -91.229257153322038, 30.680950947056335 ], [ -91.229292506868433, 30.681489516365836 ], [ -91.229281919940107, 30.682932219580834 ], [ -91.229648090896589, 30.683522240271099 ], [ -91.229992889812522, 30.683424420460277 ], [ -91.230167253196328, 30.683380981982054 ], [ -91.232150509546969, 30.682898097918777 ], [ -91.231759272411665, 30.68180142300573 ], [ -91.232701533556849, 30.680169583354484 ], [ -91.232835149399293, 30.680073809110912 ], [ -91.233659881183982, 30.679970579650725 ], [ -91.236316091114219, 30.680199837749875 ], [ -91.23876173015276, 30.679250371580657 ], [ -91.238573073347212, 30.678398118915361 ], [ -91.237980419642611, 30.677718772744591 ], [ -91.235545973190057, 30.678544606341376 ], [ -91.233890589446673, 30.67851798336779 ], [ -91.233285498076086, 30.678871993159756 ], [ -91.232159543726908, 30.678461910719953 ], [ -91.231862177440306, 30.678614145862376 ], [ -91.231531604990423, 30.678112605186659 ], [ -91.231716684726223, 30.678031176504902 ], [ -91.23084061170978, 30.675807150965515 ], [ -91.231167270751016, 30.67513038445971 ], [ -91.231181033537865, 30.675098694751071 ], [ -91.231186938982333, 30.675082555990162 ], [ -91.231192184027975, 30.67506624714175 ], [ -91.231196762392358, 30.675049788947469 ], [ -91.231200667793118, 30.675033202148679 ], [ -91.231203894993214, 30.675016505683754 ], [ -91.231206439794576, 30.674999723001751 ], [ -91.23120830113541, 30.674982872142227 ], [ -91.231209474818556, 30.674965975652228 ], [ -91.231209959780415, 30.674949053375204 ], [ -91.231209755998904, 30.674932126959465 ], [ -91.231208862408536, 30.674915218052483 ], [ -91.231207281077317, 30.67489834559807 ], [ -91.231205015112948, 30.674881532148891 ], [ -91.23120206449434, 30.674864798451253 ], [ -91.231198435462829, 30.674848164354067 ], [ -91.231194131126955, 30.674831651508079 ], [ -91.231189157728934, 30.674815278860251 ], [ -91.231183520464413, 30.674799068062796 ], [ -91.231177226618229, 30.674783038965487 ], [ -91.231170284518541, 30.674767211419002 ], [ -91.231162701450913, 30.674751604371032 ], [ -91.231154488874381, 30.674736237674633 ], [ -91.231145655116947, 30.674721131180345 ], [ -91.231136211640376, 30.674706302035148 ], [ -91.231126170947874, 30.67469176919079 ], [ -91.231115544500113, 30.674677550696231 ], [ -91.231104345845736, 30.67466366369996 ], [ -91.231092589575042, 30.674650127155473 ], [ -91.231080288195884, 30.67463695550434 ], [ -91.23106745943015, 30.674624166800452 ], [ -91.231054116828147, 30.674611776388183 ], [ -91.231040279159032, 30.674599798714198 ], [ -91.23102596205932, 30.674588250026545 ], [ -91.231011183256271, 30.674577142966996 ], [ -91.230995961517962, 30.674566492884033 ], [ -91.230980315614303, 30.674556313322217 ], [ -91.230964265362417, 30.674546614218904 ], [ -91.230947830573811, 30.674537410923346 ], [ -91.230931031066476, 30.674528712470892 ], [ -91.230913886656566, 30.674520529700871 ], [ -91.230896421333469, 30.67451287435788 ], [ -91.230878653872509, 30.674505754574323 ], [ -91.230860608264862, 30.674499180290905 ], [ -91.230842306418282, 30.674493157838395 ], [ -91.230823770237805, 30.674487696253806 ], [ -91.230805023718304, 30.674482801869804 ], [ -91.230786089811033, 30.674478481017928 ], [ -91.230766990425622, 30.674474738225253 ], [ -91.230747751644898, 30.674471578923946 ], [ -91.23072839537943, 30.67446900673896 ], [ -91.230708946670248, 30.674467025297677 ], [ -91.230689429516943, 30.674465636422653 ], [ -91.230669867919815, 30.67446484103445 ], [ -91.230650285877388, 30.674464641857682 ], [ -91.23063070843456, 30.674465038911762 ], [ -91.230611158550971, 30.674466030410397 ], [ -91.230591661271447, 30.674467616373079 ], [ -91.230572241643699, 30.674469794113246 ], [ -91.230552921584803, 30.67447256094173 ], [ -91.230533726142397, 30.67447591417211 ], [ -91.230514679322582, 30.674479849312938 ], [ -91.230495804088662, 30.674484360970006 ], [ -91.230477125491319, 30.674489443750751 ], [ -91.230458664406825, 30.67449509225947 ], [ -91.230440444844973, 30.67450129839661 ], [ -91.230422488728649, 30.674508054061249 ], [ -91.230404819022198, 30.674515352957258 ], [ -91.230387457652199, 30.674523183375594 ], [ -91.230370425496943, 30.674531538116547 ], [ -91.230353744483025, 30.674540405470996 ], [ -91.23033743444914, 30.674549774630425 ], [ -91.230321516278195, 30.674559633884993 ], [ -91.230306008766306, 30.674569971523301 ], [ -91.230290931754965, 30.674580774030765 ], [ -91.230276305084715, 30.674592028794663 ], [ -91.230262144423762, 30.674603721395261 ], [ -91.230248468571105, 30.67461583741499 ], [ -91.23023529423952, 30.674628361532871 ], [ -91.230222639184461, 30.674641279330693 ], [ -91.230210516990013, 30.674654573680858 ], [ -91.230198943326499, 30.674668228359486 ], [ -91.230187932820627, 30.674682227141922 ], [ -91.230177499058385, 30.674696551096503 ], [ -91.230167654579645, 30.674711183997044 ], [ -91.230158411925842, 30.674726107813097 ], [ -91.230149783640584, 30.674741302710277 ], [ -91.230074875438717, 30.674869196625355 ], [ -91.228538732761464, 30.674422414270037 ], [ -91.227099313994614, 30.675446312578625 ], [ -91.226836397957726, 30.675924738051716 ], [ -91.226933263164156, 30.676833746015895 ], [ -91.224995946199996, 30.676815788340338 ], [ -91.224987629782277, 30.676606056616446 ], [ -91.224981243193952, 30.676567820532778 ], [ -91.224976887174918, 30.676548872020483 ], [ -91.224971765017415, 30.676530067203551 ], [ -91.224965881914954, 30.676511428636484 ], [ -91.224959244101726, 30.67649298158053 ], [ -91.224951860947627, 30.676474746789534 ], [ -91.224943741819402, 30.676456747723382 ], [ -91.224934895042296, 30.676439006037015 ], [ -91.224925333115891, 30.676421543388741 ], [ -91.224915067495004, 30.676404382338117 ], [ -91.224904111723617, 30.676387543642377 ], [ -91.224892477258535, 30.676371048056886 ], [ -91.224880179730874, 30.676354916340657 ], [ -91.224867233730009, 30.676339167447587 ], [ -91.224853656975128, 30.676323821236295 ], [ -91.22483946405552, 30.676308896660881 ], [ -91.224824672691298, 30.676294412677709 ], [ -91.224809302691483, 30.676280386441118 ], [ -91.224793371777096, 30.676266836005713 ], [ -91.224776900802766, 30.676253776722493 ], [ -91.224759908532803, 30.676241226646916 ], [ -91.224742415822831, 30.676229200228079 ], [ -91.224724446658954, 30.67621771191752 ], [ -91.224706020853077, 30.676206776163649 ], [ -91.224687162392243, 30.67619640651596 ], [ -91.224667894220033, 30.676186616523385 ], [ -91.224648239282772, 30.676177417028615 ], [ -91.224628222611969, 30.676168820680164 ], [ -91.224607870286832, 30.676160836519468 ], [ -91.224587204209001, 30.67615347629042 ], [ -91.224566253590197, 30.676146747232959 ], [ -91.224545041378647, 30.676140658385954 ], [ -91.224523594697899, 30.676135217889595 ], [ -91.224501940673392, 30.676130432080157 ], [ -91.224480105387968, 30.676126306391037 ], [ -91.224458114924474, 30.676122846255581 ], [ -91.224435998497469, 30.676120056207832 ], [ -91.224413782192741, 30.676117938975121 ], [ -91.224391493138583, 30.676116498187866 ], [ -91.22436915950999, 30.676115734771138 ], [ -91.224346809481801, 30.676115649650068 ], [ -91.224324469141763, 30.676116243748105 ], [ -91.224302165624209, 30.676117515283625 ], [ -91.224279929192164, 30.67611946428141 ], [ -91.224257784895755, 30.676122086252118 ], [ -91.22423576091289, 30.676125379414984 ], [ -91.224213884380887, 30.676129339282312 ], [ -91.224192182438046, 30.676133960464476 ], [ -91.224170681179103, 30.676139237570926 ], [ -91.224149408786076, 30.676145165212901 ], [ -91.224128389270547, 30.676151734390231 ], [ -91.224107649772904, 30.676158937909197 ], [ -91.224087216391965, 30.676166766771434 ], [ -91.224067114184066, 30.67617521107551 ], [ -91.224047367161916, 30.676184260919264 ], [ -91.224027999340279, 30.676193904596463 ], [ -91.224009035777527, 30.67620413040186 ], [ -91.223990500489521, 30.676214925727187 ], [ -91.223972414362365, 30.676226277059715 ], [ -91.223954801412958, 30.676238170889203 ], [ -91.223937681485907, 30.67625059189805 ], [ -91.223921078600284, 30.676263524772104 ], [ -91.223905010513533, 30.676276954191874 ], [ -91.223889498116051, 30.676290863036762 ], [ -91.223874561254632, 30.676305234184955 ], [ -91.222824877284481, 30.675616411476266 ], [ -91.221838886832614, 30.67607150063008 ], [ -91.221333504395233, 30.676557684747646 ], [ -91.221020087808981, 30.677108041781917 ], [ -91.220059057248577, 30.676482176036217 ], [ -91.21965076305267, 30.676982569315026 ], [ -91.219163153601144, 30.677560657178212 ], [ -91.218680705494862, 30.678029471637721 ], [ -91.218225242001083, 30.678606257683143 ], [ -91.21949906275573, 30.679330147980277 ], [ -91.219052238373138, 30.679917541738501 ], [ -91.217745598167326, 30.679182151430091 ], [ -91.217411486394667, 30.679599977815805 ], [ -91.217292821447998, 30.679747529556661 ], [ -91.216954595003415, 30.680168076081632 ], [ -91.217891258596097, 30.682336628562041 ], [ -91.218839905153843, 30.683598454405914 ], [ -91.218880359878895, 30.683601342391444 ], [ -91.219030088091827, 30.683612029583891 ], [ -91.219075366470264, 30.683611385791451 ], [ -91.219097957811101, 30.683610020674184 ], [ -91.219120477940692, 30.683607960944517 ], [ -91.219142899719529, 30.683605210187075 ], [ -91.219165193921853, 30.683601771082717 ], [ -91.219187331318963, 30.683597649018466 ], [ -91.219209285815054, 30.683592847579913 ], [ -91.2192310281782, 30.683587374860178 ], [ -91.21925253231062, 30.683581236248809 ], [ -91.219273768980443, 30.683574439838953 ], [ -91.219294713128363, 30.683566995531308 ], [ -91.219315337610936, 30.68355891051867 ], [ -91.219335615278467, 30.683550197406028 ], [ -91.219355522116402, 30.683540865192946 ], [ -91.219375030975172, 30.683530926484341 ], [ -91.219394118878753, 30.683520394790879 ], [ -91.219412760765891, 30.683509281817305 ], [ -91.219430933658643, 30.683497602878106 ], [ -91.219448614581012, 30.683485371484053 ], [ -91.219465779509349, 30.683472604752765 ], [ -91.219482408595695, 30.683459318903562 ], [ -91.219498478863102, 30.683445528349083 ], [ -91.219513972546906, 30.683431252918538 ], [ -91.219528867709798, 30.6834165106334 ], [ -91.219543146590198, 30.683401318616848 ] ] ], [ [ [ -91.223150799562589, 30.681402866526039 ], [ -91.222743795930725, 30.681414389081585 ], [ -91.222594355750559, 30.681418459590855 ], [ -91.222509368400225, 30.681421025151206 ], [ -91.222273350036517, 30.681586155280417 ], [ -91.221855344009228, 30.681344224494836 ], [ -91.221834570972064, 30.681365274375814 ], [ -91.22181379792714, 30.681386323351369 ], [ -91.221867019450812, 30.681417108615115 ], [ -91.2222217073884, 30.681622269985919 ], [ -91.221935051910577, 30.681822941349466 ], [ -91.221728691960536, 30.68196740058897 ], [ -91.221537302665169, 30.682101379945422 ], [ -91.22134591285301, 30.682235358117158 ], [ -91.221250126361326, 30.682302411964404 ], [ -91.221236733507695, 30.682316148173708 ], [ -91.221223339606738, 30.682329884380714 ], [ -91.221064568156592, 30.682492065794982 ], [ -91.220087757554239, 30.683561091527366 ], [ -91.219893766293723, 30.683260515021903 ], [ -91.219837377783705, 30.683287269976322 ], [ -91.220023882403765, 30.683626538172955 ], [ -91.219791777520214, 30.683864664018927 ], [ -91.219949393420038, 30.684093850647237 ], [ -91.220107020464241, 30.684323056020247 ], [ -91.221769167336461, 30.683207707115468 ], [ -91.222892712341505, 30.682468667020373 ], [ -91.226523311463495, 30.68467618064577 ], [ -91.226599459824868, 30.684646308799525 ], [ -91.22662799935118, 30.684635033206359 ], [ -91.227160507667563, 30.684424649461057 ], [ -91.227650777718182, 30.68422828230198 ], [ -91.227702667394823, 30.684203623034012 ], [ -91.227838892759962, 30.684152407174061 ], [ -91.227405590909001, 30.683134445365102 ], [ -91.225049646621613, 30.682047455935422 ], [ -91.223984985717863, 30.681686388758557 ], [ -91.223150799562589, 30.681402866526039 ] ] ] ] } },
{ "type": "Feature", "properties": { "ID": 33, "BG_ID": 124, "PARKID": "DYLBY", "FACILITY_NAME": "Doyle's Bayou Park", "CLASSIFICATION": "Neighborhood", "FULL_ADDRESS": "7801 PORT HUDSON-PRIDE RD", "CITY": "SLAUGHTER", "STATE": "LOUISIANA", "ZIP": 70777, "ACREAGE": 97.04, "AIRGUN_RANGE": "NO", "AIRNASIUM": "NO", "ARCHERY_RANGE": "NO", "BALL_MULTI_PURPOSE_FIELD": "YES", "BASKETBALL_INDOOR": "NO", "BASKETBALL_OUTDOOR": "NO", "BIKE_REPAIR_STATION": "NO", "BIRD_WATCHING_WILDLIFE_VIEWING": "NO", "BLUEWAY_TRAILHEAD": "NO", "BMX": "NO", "CANOE_KAYAK_LAUNCH": "NO", "CRICKET_PITCH": "NO", "CROQUET_COURT": "NO", "DISC_GOLF": "NO", "DOG_PARK": "NO", "EQUESTRIAN": "NO", "FISHING_ACCESS": "YES", "FITNESS_CENTERS": "NO", "GARDEN_ARBORETUM": "NO", "GOLF_COURSE_9_HOLE": "NO", "GOLF_COURSE_18_HOLE": "NO", "GREENWAY_TRAILHEAD": "NO", "MOUNTAIN_BIKING": "NO", "NATURE_TRAILS": "NO", "OUTDOOR_FITNESS_STATION": "NO", "PAVILION": "NO", "PLAYGROUND": "NO", "PRIMITIVE_TRAILS": "NO", "RECREATION_CENTER": "NO", "RUGBY_FIELD": "NO", "RV_PARK": "NO", "SAND_VOLLEYBALL": "NO", "SHUFFLEBOARD": "NO", "SKATE_PARK": "NO", "SOCCER_FIELD": "NO", "SPLASH_PAD": "NO", "STADIUM": "NO", "SWIMMING_POOL": "NO", "TENNIS_CENTER": "NO", "TENNIS_COURTS": "NO", "VELODROME": "NO", "WALKING_LOOP_OUTDOOR": "NO", "WALKING_TRACK_INDOOR": "NO" }, "geometry": { "type": "Polygon", "coordinates": [ [ [ -91.116281034367674, 30.684493673110659 ], [ -91.116269976689026, 30.683276153649413 ], [ -91.116241818005946, 30.680175755076778 ], [ -91.114711984622474, 30.680646391409489 ], [ -91.114284188935699, 30.680781257622293 ], [ -91.11404122539868, 30.680846996866691 ], [ -91.113792520843845, 30.680896609015676 ], [ -91.11355056876431, 30.680929068416209 ], [ -91.113027682612397, 30.680996397142842 ], [ -91.112856865259715, 30.681026119498952 ], [ -91.112691345682322, 30.681068288288571 ], [ -91.112526590799405, 30.681124094754598 ], [ -91.112437135234018, 30.68115840347809 ], [ -91.112349520832566, 30.681198670289703 ], [ -91.111764819180024, 30.681491020407066 ], [ -91.111560453717729, 30.681576430223821 ], [ -91.111350481487875, 30.681641370012507 ], [ -91.111147337709113, 30.681692238710596 ], [ -91.111029681077767, 30.681713131406543 ], [ -91.110911823833405, 30.681728065876623 ], [ -91.110722355176108, 30.681744667805837 ], [ -91.110529732818904, 30.68174818500016 ], [ -91.110337339767881, 30.68173838410307 ], [ -91.110149833721934, 30.681715771768449 ], [ -91.110035260343963, 30.681699363387285 ], [ -91.109922817265456, 30.681677308297687 ], [ -91.109539873664374, 30.68159902180933 ], [ -91.108799046850834, 30.681448408752445 ], [ -91.107941028661003, 30.681281159515869 ], [ -91.107963910190975, 30.68289549007245 ], [ -91.107985061953983, 30.683203596136934 ], [ -91.10799091559943, 30.683305493626591 ], [ -91.107994434154961, 30.683366771399783 ], [ -91.10801312674873, 30.683520518439561 ], [ -91.108041463379067, 30.683686826119594 ], [ -91.108057481460179, 30.683845517021005 ], [ -91.108062577842816, 30.684010592727926 ], [ -91.108060309712556, 30.685122428596713 ], [ -91.108071548603732, 30.685307034164385 ], [ -91.108125844083887, 30.685664682321168 ], [ -91.110919985584161, 30.685711374955535 ], [ -91.112086823503418, 30.685730856886835 ], [ -91.116292953352755, 30.685805957705035 ], [ -91.116281034367674, 30.684493673110659 ] ] ] } },
{ "type": "Feature", "properties": { "ID": 34, "BG_ID": 122, "PARKID": "PLANK", "FACILITY_NAME": "Plank Road Park", "CLASSIFICATION": "Neighborhood", "FULL_ADDRESS": "19550 PLANK RD", "CITY": "ZACHARY", "STATE": "LOUISIANA", "ZIP": 70791, "ACREAGE": 82.1, "AIRGUN_RANGE": "NO", "AIRNASIUM": "NO", "ARCHERY_RANGE": "YES", "BALL_MULTI_PURPOSE_FIELD": "NO", "BASKETBALL_INDOOR": "NO", "BASKETBALL_OUTDOOR": "NO", "BIKE_REPAIR_STATION": "NO", "BIRD_WATCHING_WILDLIFE_VIEWING": "NO", "BLUEWAY_TRAILHEAD": "NO", "BMX": "NO", "CANOE_KAYAK_LAUNCH": "NO", "CRICKET_PITCH": "NO", "CROQUET_COURT": "NO", "DISC_GOLF": "NO", "DOG_PARK": "NO", "EQUESTRIAN": "NO", "FISHING_ACCESS": "NO", "FITNESS_CENTERS": "NO", "GARDEN_ARBORETUM": "NO", "GOLF_COURSE_9_HOLE": "NO", "GOLF_COURSE_18_HOLE": "NO", "GREENWAY_TRAILHEAD": "NO", "MOUNTAIN_BIKING": "NO", "NATURE_TRAILS": "NO", "OUTDOOR_FITNESS_STATION": "NO", "PAVILION": "YES", "PLAYGROUND": "YES", "PRIMITIVE_TRAILS": "NO", "RECREATION_CENTER": "YES", "RUGBY_FIELD": "NO", "RV_PARK": "NO", "SAND_VOLLEYBALL": "NO", "SHUFFLEBOARD": "NO", "SKATE_PARK": "NO", "SOCCER_FIELD": "NO", "SPLASH_PAD": "NO", "STADIUM": "NO", "SWIMMING_POOL": "NO", "TENNIS_CENTER": "NO", "TENNIS_COURTS": "NO", "VELODROME": "NO", "WALKING_LOOP_OUTDOOR": "NO", "WALKING_TRACK_INDOOR": "NO" }, "geometry": { "type": "Polygon", "coordinates": [ [ [ -91.098553990924117, 30.637242123928583 ], [ -91.098414732946907, 30.637399236421281 ], [ -91.098289558608045, 30.637668794096559 ], [ -91.098003414007366, 30.637824712830003 ], [ -91.097237027133048, 30.638171342963851 ], [ -91.096747190344658, 30.638536598770131 ], [ -91.096380969670946, 30.638736578336399 ], [ -91.095987583020843, 30.638784616191298 ], [ -91.095569996591692, 30.639084251955747 ], [ -91.094980893820093, 30.639868597767645 ], [ -91.10756712065313, 30.641237964779126 ], [ -91.107602023424917, 30.641063368864632 ], [ -91.108207157441115, 30.639140594256222 ], [ -91.106952507932846, 30.638826779277128 ], [ -91.10322600315007, 30.637838754425676 ], [ -91.098553990924117, 30.637242123928583 ] ] ] } },
{ "type": "Feature", "properties": { "ID": 35, "BG_ID": 7, "PARKID": "BRBSC", "FACILITY_NAME": "Burbank Soccer Complex", "CLASSIFICATION": "Special Facility", "FULL_ADDRESS": "12400 BURBANK DR", "CITY": "BATON ROUGE", "STATE": "LOUISIANA", "ZIP": 70810, "ACREAGE": 247.839, "AIRGUN_RANGE": "NO", "AIRNASIUM": "NO", "ARCHERY_RANGE": "NO", "BALL_MULTI_PURPOSE_FIELD": "YES", "BASKETBALL_INDOOR": "NO", "BASKETBALL_OUTDOOR": "NO", "BIKE_REPAIR_STATION": "NO", "BIRD_WATCHING_WILDLIFE_VIEWING": "YES", "BLUEWAY_TRAILHEAD": "NO", "BMX": "NO", "CANOE_KAYAK_LAUNCH": "NO", "CRICKET_PITCH": "NO", "CROQUET_COURT": "NO", "DISC_GOLF": "NO", "DOG_PARK": "YES", "EQUESTRIAN": "NO", "FISHING_ACCESS": "YES", "FITNESS_CENTERS": "NO", "GARDEN_ARBORETUM": "NO", "GOLF_COURSE_9_HOLE": "NO", "GOLF_COURSE_18_HOLE": "NO", "GREENWAY_TRAILHEAD": "NO", "MOUNTAIN_BIKING": "NO", "NATURE_TRAILS": "NO", "OUTDOOR_FITNESS_STATION": "NO", "PAVILION": "YES", "PLAYGROUND": "NO", "PRIMITIVE_TRAILS": "NO", "RECREATION_CENTER": "NO", "RUGBY_FIELD": "NO", "RV_PARK": "NO", "SAND_VOLLEYBALL": "NO", "SHUFFLEBOARD": "NO", "SKATE_PARK": "NO", "SOCCER_FIELD": "YES", "SPLASH_PAD": "NO", "STADIUM": "NO", "SWIMMING_POOL": "NO", "TENNIS_CENTER": "NO", "TENNIS_COURTS": "NO", "VELODROME": "NO", "WALKING_LOOP_OUTDOOR": "NO", "WALKING_TRACK_INDOOR": "NO" }, "geometry": { "type": "Polygon", "coordinates": [ [ [ -91.105061938615464, 30.341556495810636 ], [ -91.104821435054149, 30.341573939928892 ], [ -91.10416636975836, 30.341621450412926 ], [ -91.098901238775127, 30.342003195961585 ], [ -91.096126746389572, 30.342204274613863 ], [ -91.096078708513986, 30.342302038906766 ], [ -91.087903512070028, 30.342657017609465 ], [ -91.086474357813046, 30.345155108932133 ], [ -91.090816145186039, 30.346745416042868 ], [ -91.091208986102998, 30.346875703224402 ], [ -91.095488622260362, 30.348457769086792 ], [ -91.095767838052382, 30.348590870909881 ], [ -91.100703580023222, 30.350426793967966 ], [ -91.100741986379532, 30.350348647346632 ], [ -91.100943599957461, 30.349938411171298 ], [ -91.101057236541976, 30.349707151776578 ], [ -91.101125622318051, 30.349568038489874 ], [ -91.101193992311138, 30.349428920624735 ], [ -91.101262352762177, 30.349289798192359 ], [ -91.101330731727359, 30.349150682969292 ], [ -91.101399101146228, 30.349011564982966 ], [ -91.101461255187772, 30.348885093477623 ], [ -91.10152339971836, 30.348758618314072 ], [ -91.101585562796231, 30.348632150366733 ], [ -91.101647716363175, 30.348505678761285 ], [ -91.101709869771923, 30.348379207122356 ], [ -91.101772023022505, 30.348252735450114 ], [ -91.101834176114863, 30.348126263744515 ], [ -91.101896318656273, 30.3479997883789 ], [ -91.101958480784944, 30.347873320231322 ], [ -91.102020623009977, 30.347746844798966 ], [ -91.102082785862393, 30.34762037658647 ], [ -91.102144938163875, 30.347493904714032 ], [ -91.102207078876347, 30.347367428277625 ], [ -91.102269242292195, 30.347240960868888 ], [ -91.102353147013218, 30.347070223652519 ], [ -91.102427728513348, 30.346918457587467 ], [ -91.102502310827944, 30.346766690574086 ], [ -91.102576891872516, 30.346614924412936 ], [ -91.102651704775695, 30.346462648919609 ], [ -91.10272630095298, 30.346310888102042 ], [ -91.102812639042412, 30.346135195930952 ], [ -91.102887105329089, 30.345983618813477 ], [ -91.10296169039681, 30.345831853315627 ], [ -91.103123347948852, 30.345502889231497 ], [ -91.103210049350238, 30.345326453162752 ], [ -91.103296851806604, 30.345149812427593 ], [ -91.103441231022899, 30.34485600173144 ], [ -91.103515861448301, 30.344704129510056 ], [ -91.103590415498388, 30.344552352731331 ], [ -91.103664968278608, 30.344400576804929 ], [ -91.103739521873237, 30.344248799930206 ], [ -91.103814181236729, 30.344097062884284 ], [ -91.103888626297206, 30.343945246935299 ], [ -91.103963179206701, 30.343793470818678 ], [ -91.104037898161096, 30.343641755383736 ], [ -91.104112283304531, 30.343489917537571 ], [ -91.10418683449295, 30.343338140373103 ], [ -91.104261642132798, 30.343186458326777 ], [ -91.10433593722459, 30.34303458680407 ], [ -91.104410487727776, 30.342882810397711 ], [ -91.1044850390455, 30.342731033043073 ], [ -91.104559589093313, 30.342579256540731 ], [ -91.104666711341267, 30.342363005122298 ], [ -91.104748768500855, 30.34219383625944 ], [ -91.105061938615464, 30.341556495810636 ] ] ] } },
{ "type": "Feature", "properties": { "ID": 36, "BG_ID": 91, "PARKID": "CNTSP", "FACILITY_NAME": "Central Sports Park", "CLASSIFICATION": "Special Facility", "FULL_ADDRESS": "10501 LOVETT RD", "CITY": "CENTRAL", "STATE": "LOUISIANA", "ZIP": 70818, "ACREAGE": 50.52, "AIRGUN_RANGE": "NO", "AIRNASIUM": "NO", "ARCHERY_RANGE": "NO", "BALL_MULTI_PURPOSE_FIELD": "YES", "BASKETBALL_INDOOR": "NO", "BASKETBALL_OUTDOOR": "NO", "BIKE_REPAIR_STATION": "NO", "BIRD_WATCHING_WILDLIFE_VIEWING": "NO", "BLUEWAY_TRAILHEAD": "NO", "BMX": "NO", "CANOE_KAYAK_LAUNCH": "NO", "CRICKET_PITCH": "NO", "CROQUET_COURT": "NO", "DISC_GOLF": "NO", "DOG_PARK": "NO", "EQUESTRIAN": "NO", "FISHING_ACCESS": "YES", "FITNESS_CENTERS": "NO", "GARDEN_ARBORETUM": "NO", "GOLF_COURSE_9_HOLE": "NO", "GOLF_COURSE_18_HOLE": "NO", "GREENWAY_TRAILHEAD": "NO", "MOUNTAIN_BIKING": "NO", "NATURE_TRAILS": "NO", "OUTDOOR_FITNESS_STATION": "NO", "PAVILION": "NO", "PLAYGROUND": "YES", "PRIMITIVE_TRAILS": "NO", "RECREATION_CENTER": "NO", "RUGBY_FIELD": "NO", "RV_PARK": "NO", "SAND_VOLLEYBALL": "NO", "SHUFFLEBOARD": "NO", "SKATE_PARK": "NO", "SOCCER_FIELD": "NO", "SPLASH_PAD": "NO", "STADIUM": "NO", "SWIMMING_POOL": "NO", "TENNIS_CENTER": "NO", "TENNIS_COURTS": "NO", "VELODROME": "NO", "WALKING_LOOP_OUTDOOR": "YES", "WALKING_TRACK_INDOOR": "NO" }, "geometry": { "type": "Polygon", "coordinates": [ [ [ -91.064691951081528, 30.540526766767595 ], [ -91.065135641977434, 30.537928459630294 ], [ -91.064985423526949, 30.537867715644786 ], [ -91.064342889259777, 30.537782912774944 ], [ -91.064248377112662, 30.537770438299692 ], [ -91.064450525862227, 30.536414917666544 ], [ -91.064568050606653, 30.536430052889408 ], [ -91.065204552276882, 30.536512019064613 ], [ -91.065295166862597, 30.535969972767742 ], [ -91.062682364148671, 30.535634848383367 ], [ -91.062519135231724, 30.536494607534529 ], [ -91.061922080217442, 30.536422248572887 ], [ -91.061450819487106, 30.536361549135464 ], [ -91.061363562064287, 30.536882682789724 ], [ -91.0612807955969, 30.537377085876813 ], [ -91.061211295454129, 30.537371246543096 ], [ -91.061149136889171, 30.537734953222682 ], [ -91.061075014145388, 30.538168586068501 ], [ -91.060915407492104, 30.539102256375148 ], [ -91.060695622806861, 30.540388057679198 ], [ -91.060619483627789, 30.540833469309003 ], [ -91.060548390835478, 30.541249352532031 ], [ -91.062623068783154, 30.541515080957819 ], [ -91.06319020535615, 30.541280614550676 ], [ -91.063186048014529, 30.541098174427731 ], [ -91.063112921547287, 30.541128692354114 ], [ -91.063074666085853, 30.541053409017316 ], [ -91.063311597380917, 30.540947207324127 ], [ -91.06335429849895, 30.540853374224607 ], [ -91.063420234768017, 30.540788824998387 ], [ -91.063446036292291, 30.540761238627585 ], [ -91.063468300882533, 30.540737435477968 ], [ -91.063513305258084, 30.540676035003475 ], [ -91.063535322836415, 30.540621961067796 ], [ -91.063541418311758, 30.540542284116825 ], [ -91.06364908453692, 30.540585166200096 ], [ -91.06402101374897, 30.540696874351401 ], [ -91.064027424672872, 30.540743066310043 ], [ -91.064387364060508, 30.54062797413857 ], [ -91.064691951081528, 30.540526766767595 ] ] ] } },
{ "type": "Feature", "properties": { "ID": 37, "BG_ID": 49, "PARKID": "HVGDR", "FACILITY_NAME": "Hartley/Vey Park at Gardere", "CLASSIFICATION": "Neighborhood", "FULL_ADDRESS": "1702 GARDERE LN", "CITY": "BATON ROUGE", "STATE": "LOUISIANA", "ZIP": 70820, "ACREAGE": 14.865, "AIRGUN_RANGE": "NO", "AIRNASIUM": "NO", "ARCHERY_RANGE": "NO", "BALL_MULTI_PURPOSE_FIELD": "YES", "BASKETBALL_INDOOR": "NO", "BASKETBALL_OUTDOOR": "YES", "BIKE_REPAIR_STATION": "NO", "BIRD_WATCHING_WILDLIFE_VIEWING": "NO", "BLUEWAY_TRAILHEAD": "NO", "BMX": "NO", "CANOE_KAYAK_LAUNCH": "NO", "CRICKET_PITCH": "NO", "CROQUET_COURT": "NO", "DISC_GOLF": "NO", "DOG_PARK": "NO", "EQUESTRIAN": "NO", "FISHING_ACCESS": "NO", "FITNESS_CENTERS": "NO", "GARDEN_ARBORETUM": "YES", "GOLF_COURSE_9_HOLE": "NO", "GOLF_COURSE_18_HOLE": "NO", "GREENWAY_TRAILHEAD": "NO", "MOUNTAIN_BIKING": "NO", "NATURE_TRAILS": "NO", "OUTDOOR_FITNESS_STATION": "NO", "PAVILION": "YES", "PLAYGROUND": "NO", "PRIMITIVE_TRAILS": "NO", "RECREATION_CENTER": "NO", "RUGBY_FIELD": "NO", "RV_PARK": "NO", "SAND_VOLLEYBALL": "NO", "SHUFFLEBOARD": "NO", "SKATE_PARK": "NO", "SOCCER_FIELD": "NO", "SPLASH_PAD": "NO", "STADIUM": "NO", "SWIMMING_POOL": "NO", "TENNIS_CENTER": "NO", "TENNIS_COURTS": "NO", "VELODROME": "NO", "WALKING_LOOP_OUTDOOR": "YES", "WALKING_TRACK_INDOOR": "NO" }, "geometry": { "type": "Polygon", "coordinates": [ [ [ -91.130862949503864, 30.355830855882495 ], [ -91.131820964281005, 30.354250431123035 ], [ -91.13162120308732, 30.354158670221963 ], [ -91.131452894479438, 30.35408173713034 ], [ -91.131287117677445, 30.354005960581478 ], [ -91.131118810626973, 30.35392902706284 ], [ -91.130950505915678, 30.353852094233559 ], [ -91.130782202501479, 30.353775162994165 ], [ -91.130613895190777, 30.35369822972822 ], [ -91.130445592303218, 30.353621295350653 ], [ -91.130267485744568, 30.353539881182019 ], [ -91.130046551547778, 30.353438888395914 ], [ -91.129820112077695, 30.353335378008747 ], [ -91.129485573915005, 30.353182453786573 ], [ -91.129414910098063, 30.353150152294184 ], [ -91.129134193290867, 30.353332704951359 ], [ -91.129085203733311, 30.353364671029134 ], [ -91.128447356782686, 30.353782236729664 ], [ -91.128423440746246, 30.353795398310368 ], [ -91.128381689267997, 30.35381329893432 ], [ -91.128368988826551, 30.353819241231783 ], [ -91.128304500057055, 30.353861267581699 ], [ -91.128187942068521, 30.353952432705011 ], [ -91.1280713838662, 30.354043597723347 ], [ -91.127969820713645, 30.354135818852235 ], [ -91.127898442785735, 30.354207846354495 ], [ -91.127864889427329, 30.354245556207793 ], [ -91.127831336043457, 30.354283266052271 ], [ -91.127768762041512, 30.354361853735142 ], [ -91.127750852827745, 30.354387109107549 ], [ -91.129112361981797, 30.355018745702839 ], [ -91.130862949503864, 30.355830855882495 ] ] ] } },
{ "type": "Feature", "properties": { "ID": 38, "BG_ID": 106, "PARKID": "HVSPP", "FACILITY_NAME": "Hartley/Vey Sports Park", "CLASSIFICATION": "Special Facility", "FULL_ADDRESS": "2615 OAK VILLA BLVD", "CITY": "BATON ROUGE", "STATE": "LOUISIANA", "ZIP": 70814, "ACREAGE": 57.682, "AIRGUN_RANGE": "NO", "AIRNASIUM": "NO", "ARCHERY_RANGE": "NO", "BALL_MULTI_PURPOSE_FIELD": "NO", "BASKETBALL_INDOOR": "NO", "BASKETBALL_OUTDOOR": "YES", "BIKE_REPAIR_STATION": "NO", "BIRD_WATCHING_WILDLIFE_VIEWING": "NO", "BLUEWAY_TRAILHEAD": "NO", "BMX": "NO", "CANOE_KAYAK_LAUNCH": "NO", "CRICKET_PITCH": "NO", "CROQUET_COURT": "NO", "DISC_GOLF": "NO", "DOG_PARK": "NO", "EQUESTRIAN": "NO", "FISHING_ACCESS": "YES", "FITNESS_CENTERS": "NO", "GARDEN_ARBORETUM": "NO", "GOLF_COURSE_9_HOLE": "NO", "GOLF_COURSE_18_HOLE": "NO", "GREENWAY_TRAILHEAD": "NO", "MOUNTAIN_BIKING": "NO", "NATURE_TRAILS": "NO", "OUTDOOR_FITNESS_STATION": "NO", "PAVILION": "YES", "PLAYGROUND": "YES", "PRIMITIVE_TRAILS": "NO", "RECREATION_CENTER": "NO", "RUGBY_FIELD": "NO", "RV_PARK": "NO", "SAND_VOLLEYBALL": "NO", "SHUFFLEBOARD": "NO", "SKATE_PARK": "NO", "SOCCER_FIELD": "NO", "SPLASH_PAD": "NO", "STADIUM": "NO", "SWIMMING_POOL": "NO", "TENNIS_CENTER": "NO", "TENNIS_COURTS": "NO", "VELODROME": "NO", "WALKING_LOOP_OUTDOOR": "NO", "WALKING_TRACK_INDOOR": "NO" }, "geometry": { "type": "MultiPolygon", "coordinates": [ [ [ [ -91.095007256213847, 30.475957842602881 ], [ -91.092639178115846, 30.471841581276056 ], [ -91.090818368187925, 30.4718838060808 ], [ -91.09083115631222, 30.471973973767327 ], [ -91.089366999324227, 30.47202028504622 ], [ -91.089384317774815, 30.472977657194729 ], [ -91.089527989744084, 30.474170824009857 ], [ -91.089624792944363, 30.474613793148809 ], [ -91.089751971423283, 30.475975374612073 ], [ -91.089744480528466, 30.476194185637528 ], [ -91.09078696337609, 30.476139417462399 ], [ -91.093151433814398, 30.476077084361179 ], [ -91.095007256213847, 30.475957842602881 ] ] ], [ [ [ -91.089278884386701, 30.474648750373031 ], [ -91.087994890893398, 30.474665983789674 ], [ -91.088042322092804, 30.476278572307947 ], [ -91.089416695125593, 30.476208897988133 ], [ -91.089400978451891, 30.475721528673688 ], [ -91.089396857338798, 30.475619422658788 ], [ -91.089394211433003, 30.475568390220548 ], [ -91.089331478502132, 30.474953882520005 ], [ -91.089278884386701, 30.474648750373031 ] ] ] ] } },
{ "type": "Feature", "properties": { "ID": 39, "BG_ID": 74, "PARKID": "INDPN", "FACILITY_NAME": "Independence Community Park", "CLASSIFICATION": "Community", "FULL_ADDRESS": "7505 INDEPENDENCE BLVD", "CITY": "BATON ROUGE", "STATE": "LOUISIANA", "ZIP": 70806, "ACREAGE": 96.02, "AIRGUN_RANGE": "NO", "AIRNASIUM": "NO", "ARCHERY_RANGE": "NO", "BALL_MULTI_PURPOSE_FIELD": "NO", "BASKETBALL_INDOOR": "NO", "BASKETBALL_OUTDOOR": "NO", "BIKE_REPAIR_STATION": "NO", "BIRD_WATCHING_WILDLIFE_VIEWING": "NO", "BLUEWAY_TRAILHEAD": "NO", "BMX": "NO", "CANOE_KAYAK_LAUNCH": "NO", "CRICKET_PITCH": "NO", "CROQUET_COURT": "NO", "DISC_GOLF": "NO", "DOG_PARK": "NO", "EQUESTRIAN": "NO", "FISHING_ACCESS": "NO", "FITNESS_CENTERS": "NO", "GARDEN_ARBORETUM": "YES", "GOLF_COURSE_9_HOLE": "NO", "GOLF_COURSE_18_HOLE": "NO", "GREENWAY_TRAILHEAD": "NO", "MOUNTAIN_BIKING": "NO", "NATURE_TRAILS": "NO", "OUTDOOR_FITNESS_STATION": "YES", "PAVILION": "YES", "PLAYGROUND": "NO", "PRIMITIVE_TRAILS": "NO", "RECREATION_CENTER": "YES", "RUGBY_FIELD": "NO", "RV_PARK": "NO", "SAND_VOLLEYBALL": "NO", "SHUFFLEBOARD": "YES", "SKATE_PARK": "NO", "SOCCER_FIELD": "YES", "SPLASH_PAD": "YES", "STADIUM": "NO", "SWIMMING_POOL": "YES", "TENNIS_CENTER": "YES", "TENNIS_COURTS": "YES", "VELODROME": "NO", "WALKING_LOOP_OUTDOOR": "YES", "WALKING_TRACK_INDOOR": "NO" }, "geometry": { "type": "MultiPolygon", "coordinates": [ [ [ [ -91.110547735827538, 30.44503420488758 ], [ -91.110548269431774, 30.442925646609563 ], [ -91.110541100938647, 30.442888236952196 ], [ -91.110536368957156, 30.442869720979889 ], [ -91.110530879728529, 30.442851363399914 ], [ -91.110524640492514, 30.442833185874346 ], [ -91.110517658482493, 30.442815212771496 ], [ -91.110509941979259, 30.442797465755053 ], [ -91.110501502382704, 30.442779968298435 ], [ -91.110492350055765, 30.442762742068634 ], [ -91.110482495359165, 30.442745809635177 ], [ -91.110471951783168, 30.442729190866388 ], [ -91.11046073177279, 30.442712907433052 ], [ -91.110448850896276, 30.442696981011089 ], [ -91.110436322645853, 30.442681430566928 ], [ -91.110423164675964, 30.442666275975817 ], [ -91.110409392558935, 30.442651537109683 ], [ -91.110395023953217, 30.442637232039711 ], [ -91.110380076517316, 30.442623378837048 ], [ -91.110364569991873, 30.44260999557649 ], [ -91.110348523080447, 30.442597098526832 ], [ -91.110331957607897, 30.4425847048641 ], [ -91.110314893322794, 30.442572829054953 ], [ -91.110297352052029, 30.442561487373297 ], [ -91.110279355628336, 30.442550693387059 ], [ -91.110260927964774, 30.442540461569671 ], [ -91.110242091939256, 30.442530803686619 ], [ -91.110222870425574, 30.442521733307501 ], [ -91.110203289429023, 30.442513260398986 ], [ -91.110183372866487, 30.442505397630377 ], [ -91.110163145706153, 30.44249815316244 ], [ -91.110142633953075, 30.4424915369618 ], [ -91.11012186257544, 30.442485557189141 ], [ -91.110100859664556, 30.442480222010573 ], [ -91.110079651233704, 30.442475537784411 ], [ -91.110058263298072, 30.442471509966978 ], [ -91.110036723955034, 30.442468144018214 ], [ -91.110015060262938, 30.442465444494008 ], [ -91.109993299282166, 30.442463415048426 ], [ -91.109971468077021, 30.442462057531237 ], [ -91.109693890238063, 30.442461588423754 ], [ -91.108340702325066, 30.442448735228012 ], [ -91.107313130438072, 30.442493573742407 ], [ -91.107345915789409, 30.443450183200788 ], [ -91.108537438393554, 30.443644856016682 ], [ -91.108552323591127, 30.444000697250615 ], [ -91.107845700014082, 30.444025771963446 ], [ -91.107848053611036, 30.444185937743061 ], [ -91.107391885116385, 30.444195671147472 ], [ -91.106102345617714, 30.444223180831155 ], [ -91.106091908266293, 30.444057600368723 ], [ -91.105533184487427, 30.44401290536608 ], [ -91.105501599932452, 30.442553698531029 ], [ -91.10226037218402, 30.442660124321698 ], [ -91.102301912012379, 30.443578990148861 ], [ -91.102319183395707, 30.443995509369099 ], [ -91.102341086783497, 30.444542314254793 ], [ -91.102349681889081, 30.444756894620564 ], [ -91.102373087439204, 30.445461473213076 ], [ -91.103409046454672, 30.445424754050368 ], [ -91.104950146213213, 30.445370115123207 ], [ -91.107443436542525, 30.445281678656126 ], [ -91.110476480641452, 30.445174034529732 ], [ -91.11048815970247, 30.445163117383846 ], [ -91.110493662479954, 30.445157401150123 ], [ -91.11049893136709, 30.445151521245464 ], [ -91.110503960098669, 30.445145485778102 ], [ -91.110508743454901, 30.445139301053786 ], [ -91.110513274125623, 30.445132976983089 ], [ -91.11051754689295, 30.445126518969904 ], [ -91.11052155653303, 30.445119935124019 ], [ -91.110525298861148, 30.445113234459221 ], [ -91.110528769694497, 30.445106425087271 ], [ -91.110531962770125, 30.445099514214178 ], [ -91.11053487598555, 30.445092510857389 ], [ -91.11053750619719, 30.445085424032307 ], [ -91.110539848179101, 30.445078262751014 ], [ -91.110541899833009, 30.445071034226554 ], [ -91.110543660097449, 30.445063747478098 ], [ -91.11054512478573, 30.445056412421355 ], [ -91.110546293877647, 30.44504903807718 ], [ -91.110547164231619, 30.445041632558993 ], [ -91.110547735827538, 30.44503420488758 ] ] ], [ [ [ -91.111722805047307, 30.450460624883959 ], [ -91.111680016000889, 30.449732168322711 ], [ -91.111715508633822, 30.449465610999098 ], [ -91.111628634860352, 30.447168988541424 ], [ -91.111705932496065, 30.446649627269817 ], [ -91.111687582302892, 30.446343124668768 ], [ -91.11157002271149, 30.44596399701409 ], [ -91.111252629771315, 30.44554462666029 ], [ -91.111090247252804, 30.445458588578532 ], [ -91.109471323685781, 30.445512417711971 ], [ -91.109474923643219, 30.446983709671244 ], [ -91.109478074640748, 30.4482718239171 ], [ -91.109324719034888, 30.448844384914661 ], [ -91.109370622818034, 30.450247387535232 ], [ -91.109392755009139, 30.450923838303083 ], [ -91.111824321088875, 30.450850180128054 ], [ -91.111778973556298, 30.450754550536733 ], [ -91.111752279636335, 30.450657802028761 ], [ -91.111741903949579, 30.450608876618013 ], [ -91.111733525934866, 30.450559664083379 ], [ -91.111727156903569, 30.450510226687591 ], [ -91.111722805047307, 30.450460624883959 ] ] ] ] } },
{ "type": "Feature", "properties": { "ID": 40, "BG_ID": 112, "PARKID": "LNIER", "FACILITY_NAME": "Lanier Drive Park", "CLASSIFICATION": "Neighborhood", "FULL_ADDRESS": "3901 LANIER DR", "CITY": "BATON ROUGE", "STATE": "LOUISIANA", "ZIP": 70812, "ACREAGE": 3.238, "AIRGUN_RANGE": "NO", "AIRNASIUM": "NO", "ARCHERY_RANGE": "NO", "BALL_MULTI_PURPOSE_FIELD": "YES", "BASKETBALL_INDOOR": "NO", "BASKETBALL_OUTDOOR": "YES", "BIKE_REPAIR_STATION": "NO", "BIRD_WATCHING_WILDLIFE_VIEWING": "NO", "BLUEWAY_TRAILHEAD": "NO", "BMX": "NO", "CANOE_KAYAK_LAUNCH": "NO", "CRICKET_PITCH": "NO", "CROQUET_COURT": "NO", "DISC_GOLF": "NO", "DOG_PARK": "NO", "EQUESTRIAN": "NO", "FISHING_ACCESS": "NO", "FITNESS_CENTERS": "NO", "GARDEN_ARBORETUM": "NO", "GOLF_COURSE_9_HOLE": "NO", "GOLF_COURSE_18_HOLE": "NO", "GREENWAY_TRAILHEAD": "NO", "MOUNTAIN_BIKING": "NO", "NATURE_TRAILS": "NO", "OUTDOOR_FITNESS_STATION": "NO", "PAVILION": "NO", "PLAYGROUND": "NO", "PRIMITIVE_TRAILS": "NO", "RECREATION_CENTER": "NO", "RUGBY_FIELD": "NO", "RV_PARK": "NO", "SAND_VOLLEYBALL": "NO", "SHUFFLEBOARD": "NO", "SKATE_PARK": "NO", "SOCCER_FIELD": "NO", "SPLASH_PAD": "NO", "STADIUM": "NO", "SWIMMING_POOL": "NO", "TENNIS_CENTER": "NO", "TENNIS_COURTS": "NO", "VELODROME": "NO", "WALKING_LOOP_OUTDOOR": "NO", "WALKING_TRACK_INDOOR": "NO" }, "geometry": { "type": "Polygon", "coordinates": [ [ [ -91.109925992126179, 30.487423324027443 ], [ -91.109901851319208, 30.487040710194368 ], [ -91.109820355861828, 30.487073066895629 ], [ -91.108204439203192, 30.486447679099221 ], [ -91.107909359521955, 30.486782454321602 ], [ -91.107881526025423, 30.486814725344715 ], [ -91.107810166976023, 30.486901526255256 ], [ -91.107744273173665, 30.486990533885027 ], [ -91.10768326458539, 30.487082612337549 ], [ -91.107647939257006, 30.487141256967131 ], [ -91.107628172990331, 30.487176122514938 ], [ -91.107577727764308, 30.487273312017731 ], [ -91.107533090958611, 30.487372053048066 ], [ -91.107494115072697, 30.487472632217965 ], [ -91.107477505286184, 30.487523714217186 ], [ -91.109925992126179, 30.487423324027443 ] ] ] } },
{ "type": "Feature", "properties": { "ID": 41, "BG_ID": 114, "PARKID": "LBRNT", "FACILITY_NAME": "Le Brent Avenue Park", "CLASSIFICATION": "Neighborhood", "FULL_ADDRESS": "6401 LEBRENT AVE", "CITY": "BAKER", "STATE": "LOUISIANA", "ZIP": 70714, "ACREAGE": 0.1, "AIRGUN_RANGE": "NO", "AIRNASIUM": "NO", "ARCHERY_RANGE": "NO", "BALL_MULTI_PURPOSE_FIELD": "NO", "BASKETBALL_INDOOR": "NO", "BASKETBALL_OUTDOOR": "NO", "BIKE_REPAIR_STATION": "NO", "BIRD_WATCHING_WILDLIFE_VIEWING": "NO", "BLUEWAY_TRAILHEAD": "NO", "BMX": "NO", "CANOE_KAYAK_LAUNCH": "NO", "CRICKET_PITCH": "NO", "CROQUET_COURT": "NO", "DISC_GOLF": "NO", "DOG_PARK": "NO", "EQUESTRIAN": "NO", "FISHING_ACCESS": "NO", "FITNESS_CENTERS": "NO", "GARDEN_ARBORETUM": "NO", "GOLF_COURSE_9_HOLE": "NO", "GOLF_COURSE_18_HOLE": "NO", "GREENWAY_TRAILHEAD": "NO", "MOUNTAIN_BIKING": "NO", "NATURE_TRAILS": "NO", "OUTDOOR_FITNESS_STATION": "NO", "PAVILION": "YES", "PLAYGROUND": "YES", "PRIMITIVE_TRAILS": "NO", "RECREATION_CENTER": "NO", "RUGBY_FIELD": "NO", "RV_PARK": "NO", "SAND_VOLLEYBALL": "NO", "SHUFFLEBOARD": "NO", "SKATE_PARK": "NO", "SOCCER_FIELD": "NO", "SPLASH_PAD": "NO", "STADIUM": "NO", "SWIMMING_POOL": "NO", "TENNIS_CENTER": "NO", "TENNIS_COURTS": "NO", "VELODROME": "NO", "WALKING_LOOP_OUTDOOR": "NO", "WALKING_TRACK_INDOOR": "NO" }, "geometry": { "type": "Polygon", "coordinates": [ [ [ -91.127529508905127, 30.566075991474765 ], [ -91.127326524515468, 30.565970937370111 ], [ -91.127300606008248, 30.565996019052566 ], [ -91.127270320768687, 30.566017115005597 ], [ -91.127236470520344, 30.566033671715193 ], [ -91.127199962045609, 30.566045244979097 ], [ -91.127170323481025, 30.566050598490772 ], [ -91.127172219796435, 30.566455626796451 ], [ -91.127352904376565, 30.566454394343648 ], [ -91.127581425662129, 30.566231005019318 ], [ -91.127456715718836, 30.566177645446263 ], [ -91.127529508905127, 30.566075991474765 ] ] ] } },
{ "type": "Feature", "properties": { "ID": 42, "BG_ID": 99, "PARKID": "MMPLT", "FACILITY_NAME": "Magnolia Mound Plantation", "CLASSIFICATION": "Special Facility", "FULL_ADDRESS": "2161 NICHOLSON DR", "CITY": "BATON ROUGE", "STATE": "LOUISIANA", "ZIP": 70802, "ACREAGE": 15.113, "AIRGUN_RANGE": "NO", "AIRNASIUM": "NO", "ARCHERY_RANGE": "NO", "BALL_MULTI_PURPOSE_FIELD": "NO", "BASKETBALL_INDOOR": "NO", "BASKETBALL_OUTDOOR": "NO", "BIKE_REPAIR_STATION": "NO", "BIRD_WATCHING_WILDLIFE_VIEWING": "NO", "BLUEWAY_TRAILHEAD": "NO", "BMX": "NO", "CANOE_KAYAK_LAUNCH": "NO", "CRICKET_PITCH": "NO", "CROQUET_COURT": "NO", "DISC_GOLF": "NO", "DOG_PARK": "NO", "EQUESTRIAN": "NO", "FISHING_ACCESS": "NO", "FITNESS_CENTERS": "NO", "GARDEN_ARBORETUM": "NO", "GOLF_COURSE_9_HOLE": "NO", "GOLF_COURSE_18_HOLE": "NO", "GREENWAY_TRAILHEAD": "NO", "MOUNTAIN_BIKING": "NO", "NATURE_TRAILS": "NO", "OUTDOOR_FITNESS_STATION": "NO", "PAVILION": "NO", "PLAYGROUND": "NO", "PRIMITIVE_TRAILS": "NO", "RECREATION_CENTER": "YES", "RUGBY_FIELD": "NO", "RV_PARK": "NO", "SAND_VOLLEYBALL": "NO", "SHUFFLEBOARD": "NO", "SKATE_PARK": "NO", "SOCCER_FIELD": "NO", "SPLASH_PAD": "NO", "STADIUM": "NO", "SWIMMING_POOL": "NO", "TENNIS_CENTER": "NO", "TENNIS_COURTS": "NO", "VELODROME": "NO", "WALKING_LOOP_OUTDOOR": "NO", "WALKING_TRACK_INDOOR": "NO" }, "geometry": { "type": "Polygon", "coordinates": [ [ [ -91.185874140629053, 30.425806883093617 ], [ -91.185779002286225, 30.425809441718261 ], [ -91.185777646828058, 30.425768214936401 ], [ -91.185460519462623, 30.425776742586617 ], [ -91.185143393083621, 30.425785269477327 ], [ -91.184830202598121, 30.425793689973684 ], [ -91.184845376230854, 30.426150896443982 ], [ -91.185155140921779, 30.426142567693137 ], [ -91.185313704688085, 30.426138304329211 ], [ -91.185323141890237, 30.426425327524623 ], [ -91.185332178835594, 30.426700173010154 ], [ -91.185336523594316, 30.426832286332495 ], [ -91.185370387693482, 30.426974156252765 ], [ -91.185395482471847, 30.427079283473478 ], [ -91.185823982465905, 30.427068585366616 ], [ -91.186014046569895, 30.427063839405253 ], [ -91.186016129918002, 30.427106369590131 ], [ -91.186970909269874, 30.4270803141305 ], [ -91.186940026469912, 30.427390171153039 ], [ -91.187069571965864, 30.427386901928692 ], [ -91.187851942509553, 30.427367155115707 ], [ -91.18788479133967, 30.426976688885947 ], [ -91.187921750227829, 30.426462084066369 ], [ -91.187928227453753, 30.426370064138538 ], [ -91.187928298732075, 30.426321385933001 ], [ -91.187928443079642, 30.426222806295325 ], [ -91.187928471266204, 30.426203556744355 ], [ -91.187925539032179, 30.426039273096553 ], [ -91.187916264098845, 30.42587516919723 ], [ -91.187900658726036, 30.425711424573379 ], [ -91.187878742450366, 30.425548225073726 ], [ -91.187850532730195, 30.425385753837549 ], [ -91.187816065769326, 30.425224187709421 ], [ -91.187785501877855, 30.42510133702735 ], [ -91.187757478274634, 30.42499529406938 ], [ -91.186815805739016, 30.425020662491313 ], [ -91.186820315574025, 30.424871443707335 ], [ -91.186827786744558, 30.424624213963181 ], [ -91.18669235577002, 30.424627857102017 ], [ -91.186565506527231, 30.424631268771343 ], [ -91.186438658316632, 30.424634680320175 ], [ -91.186311809055013, 30.42463809264823 ], [ -91.186184959786061, 30.424641503952486 ], [ -91.186058110508341, 30.424644915135072 ], [ -91.185931262261562, 30.424648327099245 ], [ -91.185939378439329, 30.424895137560945 ], [ -91.185947495697093, 30.425141948908248 ], [ -91.185956534254984, 30.425416793548674 ], [ -91.185968875925937, 30.425763072521722 ], [ -91.185969278965672, 30.42580432530265 ], [ -91.185874140629053, 30.425806883093617 ] ] ] } },
{ "type": "Feature", "properties": { "ID": 43, "BG_ID": 110, "PARKID": "MLSAV", "FACILITY_NAME": "Mills Avenue Park", "CLASSIFICATION": "Neighborhood", "FULL_ADDRESS": "401 MILLS AVE", "CITY": "BATON ROUGE", "STATE": "LOUISIANA", "ZIP": 70807, "ACREAGE": 5.49, "AIRGUN_RANGE": "NO", "AIRNASIUM": "NO", "ARCHERY_RANGE": "NO", "BALL_MULTI_PURPOSE_FIELD": "NO", "BASKETBALL_INDOOR": "YES", "BASKETBALL_OUTDOOR": "YES", "BIKE_REPAIR_STATION": "NO", "BIRD_WATCHING_WILDLIFE_VIEWING": "NO", "BLUEWAY_TRAILHEAD": "NO", "BMX": "NO", "CANOE_KAYAK_LAUNCH": "NO", "CRICKET_PITCH": "NO", "CROQUET_COURT": "NO", "DISC_GOLF": "NO", "DOG_PARK": "NO", "EQUESTRIAN": "NO", "FISHING_ACCESS": "NO", "FITNESS_CENTERS": "NO", "GARDEN_ARBORETUM": "NO", "GOLF_COURSE_9_HOLE": "NO", "GOLF_COURSE_18_HOLE": "NO", "GREENWAY_TRAILHEAD": "NO", "MOUNTAIN_BIKING": "NO", "NATURE_TRAILS": "NO", "OUTDOOR_FITNESS_STATION": "NO", "PAVILION": "YES", "PLAYGROUND": "YES", "PRIMITIVE_TRAILS": "NO", "RECREATION_CENTER": "YES", "RUGBY_FIELD": "NO", "RV_PARK": "NO", "SAND_VOLLEYBALL": "NO", "SHUFFLEBOARD": "NO", "SKATE_PARK": "NO", "SOCCER_FIELD": "NO", "SPLASH_PAD": "NO", "STADIUM": "NO", "SWIMMING_POOL": "NO", "TENNIS_CENTER": "NO", "TENNIS_COURTS": "NO", "VELODROME": "NO", "WALKING_LOOP_OUTDOOR": "YES", "WALKING_TRACK_INDOOR": "NO" }, "geometry": { "type": "Polygon", "coordinates": [ [ [ -91.194625129254192, 30.534430864561447 ], [ -91.195006079406525, 30.534420031700549 ], [ -91.195003392245454, 30.534337578334164 ], [ -91.195000706127232, 30.534255127672779 ], [ -91.19499802001846, 30.534172673400992 ], [ -91.194995332863229, 30.534090225440327 ], [ -91.194980326821593, 30.533629374898808 ], [ -91.194934561526878, 30.532770234550789 ], [ -91.194553781350876, 30.53278475949719 ], [ -91.194162515274286, 30.532799685465868 ], [ -91.194185026991263, 30.533411740356897 ], [ -91.194209842868759, 30.53394217145657 ], [ -91.194216873683771, 30.534112359712246 ], [ -91.194220281334893, 30.534194789502884 ], [ -91.194223687945751, 30.53427722199633 ], [ -91.194227094566102, 30.534359651781358 ], [ -91.194230501188287, 30.534442084270307 ], [ -91.194625129254192, 30.534430864561447 ] ] ] } },
{ "type": "Feature", "properties": { "ID": 44, "BG_ID": 29, "PARKID": "NFRTN", "FACILITY_NAME": "North 14th Street Park", "CLASSIFICATION": "Neighborhood", "FULL_ADDRESS": "100 N 14TH ST", "CITY": "BATON ROUGE", "STATE": "LOUISIANA", "ZIP": 70802, "ACREAGE": 0.564, "AIRGUN_RANGE": "NO", "AIRNASIUM": "NO", "ARCHERY_RANGE": "NO", "BALL_MULTI_PURPOSE_FIELD": "NO", "BASKETBALL_INDOOR": "NO", "BASKETBALL_OUTDOOR": "YES", "BIKE_REPAIR_STATION": "NO", "BIRD_WATCHING_WILDLIFE_VIEWING": "NO", "BLUEWAY_TRAILHEAD": "NO", "BMX": "NO", "CANOE_KAYAK_LAUNCH": "NO", "CRICKET_PITCH": "NO", "CROQUET_COURT": "NO", "DISC_GOLF": "NO", "DOG_PARK": "NO", "EQUESTRIAN": "NO", "FISHING_ACCESS": "NO", "FITNESS_CENTERS": "NO", "GARDEN_ARBORETUM": "NO", "GOLF_COURSE_9_HOLE": "NO", "GOLF_COURSE_18_HOLE": "NO", "GREENWAY_TRAILHEAD": "NO", "MOUNTAIN_BIKING": "NO", "NATURE_TRAILS": "NO", "OUTDOOR_FITNESS_STATION": "NO", "PAVILION": "NO", "PLAYGROUND": "NO", "PRIMITIVE_TRAILS": "NO", "RECREATION_CENTER": "YES", "RUGBY_FIELD": "NO", "RV_PARK": "NO", "SAND_VOLLEYBALL": "NO", "SHUFFLEBOARD": "NO", "SKATE_PARK": "NO", "SOCCER_FIELD": "NO", "SPLASH_PAD": "NO", "STADIUM": "NO", "SWIMMING_POOL": "NO", "TENNIS_CENTER": "NO", "TENNIS_COURTS": "NO", "VELODROME": "NO", "WALKING_LOOP_OUTDOOR": "NO", "WALKING_TRACK_INDOOR": "NO" }, "geometry": { "type": "Polygon", "coordinates": [ [ [ -91.174953730905841, 30.4476877522671 ], [ -91.174750725494874, 30.44769324442591 ], [ -91.174547720061383, 30.447698736273125 ], [ -91.17434471564664, 30.447704227810004 ], [ -91.174358808969998, 30.448055952759589 ], [ -91.174460312058542, 30.448053207922268 ], [ -91.174561815142937, 30.448050462104966 ], [ -91.174764821293351, 30.448044971138764 ], [ -91.174967826380154, 30.448039479859645 ], [ -91.174953730905841, 30.4476877522671 ] ] ] } },
{ "type": "Feature", "properties": { "ID": 45, "BG_ID": 101, "PARKID": "NSTRE", "FACILITY_NAME": "North Street Park", "CLASSIFICATION": "Neighborhood", "FULL_ADDRESS": "4100 NORTH ST", "CITY": "BATON ROUGE", "STATE": "LOUISIANA", "ZIP": 70806, "ACREAGE": 9.982, "AIRGUN_RANGE": "NO", "AIRNASIUM": "NO", "ARCHERY_RANGE": "NO", "BALL_MULTI_PURPOSE_FIELD": "NO", "BASKETBALL_INDOOR": "YES", "BASKETBALL_OUTDOOR": "NO", "BIKE_REPAIR_STATION": "NO", "BIRD_WATCHING_WILDLIFE_VIEWING": "NO", "BLUEWAY_TRAILHEAD": "NO", "BMX": "NO", "CANOE_KAYAK_LAUNCH": "NO", "CRICKET_PITCH": "NO", "CROQUET_COURT": "NO", "DISC_GOLF": "NO", "DOG_PARK": "NO", "EQUESTRIAN": "NO", "FISHING_ACCESS": "NO", "FITNESS_CENTERS": "NO", "GARDEN_ARBORETUM": "NO", "GOLF_COURSE_9_HOLE": "NO", "GOLF_COURSE_18_HOLE": "NO", "GREENWAY_TRAILHEAD": "NO", "MOUNTAIN_BIKING": "NO", "NATURE_TRAILS": "NO", "OUTDOOR_FITNESS_STATION": "NO", "PAVILION": "YES", "PLAYGROUND": "YES", "PRIMITIVE_TRAILS": "NO", "RECREATION_CENTER": "YES", "RUGBY_FIELD": "NO", "RV_PARK": "NO", "SAND_VOLLEYBALL": "NO", "SHUFFLEBOARD": "NO", "SKATE_PARK": "NO", "SOCCER_FIELD": "NO", "SPLASH_PAD": "NO", "STADIUM": "NO", "SWIMMING_POOL": "NO", "TENNIS_CENTER": "NO", "TENNIS_COURTS": "NO", "VELODROME": "NO", "WALKING_LOOP_OUTDOOR": "NO", "WALKING_TRACK_INDOOR": "NO" }, "geometry": { "type": "Polygon", "coordinates": [ [ [ -91.147164071679668, 30.451890695081886 ], [ -91.146305551158733, 30.451908805471327 ], [ -91.145343930007797, 30.451937020418061 ], [ -91.145025620429834, 30.4519502909253 ], [ -91.14503846393859, 30.452321317789352 ], [ -91.145043220928002, 30.452458738143047 ], [ -91.145047977942625, 30.452596152176564 ], [ -91.144650327476242, 30.45260932053672 ], [ -91.144654322704142, 30.45274624817435 ], [ -91.144657645433298, 30.452860102394464 ], [ -91.145056725949217, 30.452848872809302 ], [ -91.145062249034609, 30.453008410480503 ], [ -91.145067006095047, 30.453145828099629 ], [ -91.145085085959536, 30.453668015365814 ], [ -91.14721083316492, 30.453612576380408 ], [ -91.147202614544312, 30.453329447650351 ], [ -91.147200775479149, 30.453260722054324 ], [ -91.147198932251712, 30.453191996451025 ], [ -91.147197092150435, 30.453123270850714 ], [ -91.14719525309124, 30.453054546152575 ], [ -91.147193410912607, 30.45298582054658 ], [ -91.147191570819032, 30.452917094942034 ], [ -91.1471897286455, 30.452848369333232 ], [ -91.147187885431634, 30.45277964462365 ], [ -91.147186045345649, 30.452710919014919 ], [ -91.147184203179819, 30.452642193401907 ], [ -91.147182363098949, 30.452573467790376 ], [ -91.147180524060119, 30.452504743081061 ], [ -91.147178680860691, 30.4524360174624 ], [ -91.147176838705064, 30.452367291843739 ], [ -91.147174998632678, 30.452298567128736 ], [ -91.147173159605757, 30.452229841511748 ], [ -91.147171316416546, 30.452161115887456 ], [ -91.147169474271081, 30.45209239026326 ], [ -91.147167634208898, 30.452023665542679 ], [ -91.147165794150951, 30.451954939918586 ], [ -91.147164071679668, 30.451890695081886 ] ] ] } },
{ "type": "Feature", "properties": { "ID": 46, "BG_ID": 125, "PARKID": "PRIDE", "FACILITY_NAME": "Pride Park", "CLASSIFICATION": "Neighborhood", "FULL_ADDRESS": "16440 PORT HUDSON-PRIDE RD", "CITY": "PRIDE", "STATE": "LOUISIANA", "ZIP": 70770, "ACREAGE": 10.15, "AIRGUN_RANGE": "NO", "AIRNASIUM": "NO", "ARCHERY_RANGE": "NO", "BALL_MULTI_PURPOSE_FIELD": "NO", "BASKETBALL_INDOOR": "NO", "BASKETBALL_OUTDOOR": "YES", "BIKE_REPAIR_STATION": "NO", "BIRD_WATCHING_WILDLIFE_VIEWING": "NO", "BLUEWAY_TRAILHEAD": "NO", "BMX": "NO", "CANOE_KAYAK_LAUNCH": "NO", "CRICKET_PITCH": "NO", "CROQUET_COURT": "NO", "DISC_GOLF": "NO", "DOG_PARK": "NO", "EQUESTRIAN": "NO", "FISHING_ACCESS": "NO", "FITNESS_CENTERS": "NO", "GARDEN_ARBORETUM": "NO", "GOLF_COURSE_9_HOLE": "NO", "GOLF_COURSE_18_HOLE": "NO", "GREENWAY_TRAILHEAD": "NO", "MOUNTAIN_BIKING": "NO", "NATURE_TRAILS": "NO", "OUTDOOR_FITNESS_STATION": "NO", "PAVILION": "NO", "PLAYGROUND": "YES", "PRIMITIVE_TRAILS": "NO", "RECREATION_CENTER": "YES", "RUGBY_FIELD": "NO", "RV_PARK": "NO", "SAND_VOLLEYBALL": "NO", "SHUFFLEBOARD": "NO", "SKATE_PARK": "NO", "SOCCER_FIELD": "NO", "SPLASH_PAD": "NO", "STADIUM": "NO", "SWIMMING_POOL": "NO", "TENNIS_CENTER": "NO", "TENNIS_COURTS": "YES", "VELODROME": "NO", "WALKING_LOOP_OUTDOOR": "NO", "WALKING_TRACK_INDOOR": "NO" }, "geometry": { "type": "Polygon", "coordinates": [ [ [ -90.982791266267185, 30.690497818039304 ], [ -90.981932031590134, 30.689367872684112 ], [ -90.981168154496714, 30.689877977329775 ], [ -90.981141175168418, 30.691982553219344 ], [ -90.981778367388927, 30.691912901476364 ], [ -90.982351845055703, 30.691850210227791 ], [ -90.982337127526804, 30.692999181829908 ], [ -90.982759331966847, 30.692991915512582 ], [ -90.982791266267185, 30.690497818039304 ] ] ] } },
{ "type": "Feature", "properties": { "ID": 47, "BG_ID": 153, "PARKID": "RIODR", "FACILITY_NAME": "Rio Drive Park", "CLASSIFICATION": "Neighborhood", "FULL_ADDRESS": "6900 RIO DR", "CITY": "BATON ROUGE", "STATE": "LOUISIANA", "ZIP": 70812, "ACREAGE": 5.923, "AIRGUN_RANGE": "NO", "AIRNASIUM": "NO", "ARCHERY_RANGE": "NO", "BALL_MULTI_PURPOSE_FIELD": "NO", "BASKETBALL_INDOOR": "NO", "BASKETBALL_OUTDOOR": "YES", "BIKE_REPAIR_STATION": "NO", "BIRD_WATCHING_WILDLIFE_VIEWING": "NO", "BLUEWAY_TRAILHEAD": "NO", "BMX": "NO", "CANOE_KAYAK_LAUNCH": "NO", "CRICKET_PITCH": "NO", "CROQUET_COURT": "NO", "DISC_GOLF": "NO", "DOG_PARK": "NO", "EQUESTRIAN": "NO", "FISHING_ACCESS": "NO", "FITNESS_CENTERS": "NO", "GARDEN_ARBORETUM": "NO", "GOLF_COURSE_9_HOLE": "NO", "GOLF_COURSE_18_HOLE": "NO", "GREENWAY_TRAILHEAD": "NO", "MOUNTAIN_BIKING": "NO", "NATURE_TRAILS": "NO", "OUTDOOR_FITNESS_STATION": "NO", "PAVILION": "YES", "PLAYGROUND": "YES", "PRIMITIVE_TRAILS": "NO", "RECREATION_CENTER": "NO", "RUGBY_FIELD": "NO", "RV_PARK": "NO", "SAND_VOLLEYBALL": "NO", "SHUFFLEBOARD": "NO", "SKATE_PARK": "NO", "SOCCER_FIELD": "NO", "SPLASH_PAD": "NO", "STADIUM": "NO", "SWIMMING_POOL": "NO", "TENNIS_CENTER": "NO", "TENNIS_COURTS": "NO", "VELODROME": "NO", "WALKING_LOOP_OUTDOOR": "NO", "WALKING_TRACK_INDOOR": "NO" }, "geometry": { "type": "Polygon", "coordinates": [ [ [ -91.121108786096471, 30.501541192737935 ], [ -91.120905305535189, 30.501501111324913 ], [ -91.120802188113998, 30.501487163995918 ], [ -91.120820687259069, 30.501955548728834 ], [ -91.120828963968904, 30.502175364646781 ], [ -91.120836483602289, 30.502375127327646 ], [ -91.120843880078027, 30.502571607183256 ], [ -91.120850919855357, 30.502758567863459 ], [ -91.120858481151558, 30.502959348103541 ], [ -91.120865523945, 30.503146385441088 ], [ -91.120872455282267, 30.503330510723156 ], [ -91.120879665694318, 30.503521999997641 ], [ -91.120886890788967, 30.50371394302265 ], [ -91.121377311921449, 30.50370060761048 ], [ -91.121976972681239, 30.503684297595207 ], [ -91.121903282914275, 30.501731212682323 ], [ -91.121108786096471, 30.501541192737935 ] ] ] } },
{ "type": "Feature", "properties": { "ID": 48, "BG_ID": 156, "PARKID": "RVRBN", "FACILITY_NAME": "Riverbend Park", "CLASSIFICATION": "Neighborhood", "FULL_ADDRESS": "5800 RIVERBEND LAKES DR", "CITY": "BATON ROUGE", "STATE": "LOUISIANA", "ZIP": 70820, "ACREAGE": 15.0, "AIRGUN_RANGE": "NO", "AIRNASIUM": "NO", "ARCHERY_RANGE": "NO", "BALL_MULTI_PURPOSE_FIELD": "NO", "BASKETBALL_INDOOR": "NO", "BASKETBALL_OUTDOOR": "YES", "BIKE_REPAIR_STATION": "NO", "BIRD_WATCHING_WILDLIFE_VIEWING": "NO", "BLUEWAY_TRAILHEAD": "NO", "BMX": "NO", "CANOE_KAYAK_LAUNCH": "NO", "CRICKET_PITCH": "NO", "CROQUET_COURT": "NO", "DISC_GOLF": "NO", "DOG_PARK": "NO", "EQUESTRIAN": "NO", "FISHING_ACCESS": "NO", "FITNESS_CENTERS": "NO", "GARDEN_ARBORETUM": "NO", "GOLF_COURSE_9_HOLE": "NO", "GOLF_COURSE_18_HOLE": "NO", "GREENWAY_TRAILHEAD": "NO", "MOUNTAIN_BIKING": "NO", "NATURE_TRAILS": "NO", "OUTDOOR_FITNESS_STATION": "NO", "PAVILION": "YES", "PLAYGROUND": "YES", "PRIMITIVE_TRAILS": "NO", "RECREATION_CENTER": "NO", "RUGBY_FIELD": "NO", "RV_PARK": "NO", "SAND_VOLLEYBALL": "NO", "SHUFFLEBOARD": "NO", "SKATE_PARK": "NO", "SOCCER_FIELD": "NO", "SPLASH_PAD": "NO", "STADIUM": "NO", "SWIMMING_POOL": "NO", "TENNIS_CENTER": "NO", "TENNIS_COURTS": "YES", "VELODROME": "NO", "WALKING_LOOP_OUTDOOR": "NO", "WALKING_TRACK_INDOOR": "NO" }, "geometry": { "type": "Polygon", "coordinates": [ [ [ -91.200534698113984, 30.3875530160715 ], [ -91.200726073669799, 30.387390247625085 ], [ -91.202438372111558, 30.385933874246568 ], [ -91.202283322727055, 30.385796856635913 ], [ -91.201130121461333, 30.384777756659226 ], [ -91.200916194806879, 30.384959713314952 ], [ -91.200300090156588, 30.385464350608128 ], [ -91.199670650044737, 30.385996143468645 ], [ -91.199445775496329, 30.386167623224939 ], [ -91.198805344404121, 30.386729531589758 ], [ -91.198123061087472, 30.387251573725901 ], [ -91.200534698113984, 30.3875530160715 ] ] ] } },
{ "type": "Feature", "properties": { "ID": 49, "BG_ID": 157, "PARKID": "RLLNS", "FACILITY_NAME": "Rollins Road Park", "CLASSIFICATION": "Neighborhood", "FULL_ADDRESS": "5794 ROLLINS RD", "CITY": "ZACHARY", "STATE": "LOUISIANA", "ZIP": 70791, "ACREAGE": 10.46, "AIRGUN_RANGE": "NO", "AIRNASIUM": "YES", "ARCHERY_RANGE": "NO", "BALL_MULTI_PURPOSE_FIELD": "NO", "BASKETBALL_INDOOR": "NO", "BASKETBALL_OUTDOOR": "YES", "BIKE_REPAIR_STATION": "NO", "BIRD_WATCHING_WILDLIFE_VIEWING": "NO", "BLUEWAY_TRAILHEAD": "NO", "BMX": "NO", "CANOE_KAYAK_LAUNCH": "NO", "CRICKET_PITCH": "NO", "CROQUET_COURT": "NO", "DISC_GOLF": "NO", "DOG_PARK": "NO", "EQUESTRIAN": "NO", "FISHING_ACCESS": "NO", "FITNESS_CENTERS": "NO", "GARDEN_ARBORETUM": "NO", "GOLF_COURSE_9_HOLE": "NO", "GOLF_COURSE_18_HOLE": "NO", "GREENWAY_TRAILHEAD": "NO", "MOUNTAIN_BIKING": "NO", "NATURE_TRAILS": "NO", "OUTDOOR_FITNESS_STATION": "NO", "PAVILION": "NO", "PLAYGROUND": "YES", "PRIMITIVE_TRAILS": "NO", "RECREATION_CENTER": "NO", "RUGBY_FIELD": "NO", "RV_PARK": "NO", "SAND_VOLLEYBALL": "NO", "SHUFFLEBOARD": "NO", "SKATE_PARK": "NO", "SOCCER_FIELD": "NO", "SPLASH_PAD": "NO", "STADIUM": "NO", "SWIMMING_POOL": "NO", "TENNIS_CENTER": "NO", "TENNIS_COURTS": "NO", "VELODROME": "NO", "WALKING_LOOP_OUTDOOR": "NO", "WALKING_TRACK_INDOOR": "NO" }, "geometry": { "type": "Polygon", "coordinates": [ [ [ -91.157254581033783, 30.658854386149137 ], [ -91.156700390792878, 30.658754821881715 ], [ -91.155618919628751, 30.65862478277808 ], [ -91.155546708356681, 30.659089651009417 ], [ -91.154790992222132, 30.659010791048107 ], [ -91.154540974122966, 30.660314981109259 ], [ -91.155081298239494, 30.660383585666906 ], [ -91.156966849925681, 30.66062610054551 ], [ -91.156979606395225, 30.660531863903216 ], [ -91.157035586090586, 30.660193032321338 ], [ -91.157097367614227, 30.659819083818327 ], [ -91.157205129237767, 30.65916682188471 ], [ -91.157254581033783, 30.658854386149137 ] ] ] } },
{ "type": "Feature", "properties": { "ID": 50, "BG_ID": 13, "PARKID": "SAIAP", "FACILITY_NAME": "Tickie Saia Memorial Park", "CLASSIFICATION": "Neighborhood", "FULL_ADDRESS": "855 N DONMOOR AVE", "CITY": "BATON ROUGE", "STATE": "LOUISIANA", "ZIP": 70806, "ACREAGE": 3.74, "AIRGUN_RANGE": "NO", "AIRNASIUM": "YES", "ARCHERY_RANGE": "NO", "BALL_MULTI_PURPOSE_FIELD": "YES", "BASKETBALL_INDOOR": "NO", "BASKETBALL_OUTDOOR": "YES", "BIKE_REPAIR_STATION": "NO", "BIRD_WATCHING_WILDLIFE_VIEWING": "NO", "BLUEWAY_TRAILHEAD": "NO", "BMX": "NO", "CANOE_KAYAK_LAUNCH": "NO", "CRICKET_PITCH": "NO", "CROQUET_COURT": "NO", "DISC_GOLF": "NO", "DOG_PARK": "NO", "EQUESTRIAN": "NO", "FISHING_ACCESS": "NO", "FITNESS_CENTERS": "NO", "GARDEN_ARBORETUM": "NO", "GOLF_COURSE_9_HOLE": "NO", "GOLF_COURSE_18_HOLE": "NO", "GREENWAY_TRAILHEAD": "NO", "MOUNTAIN_BIKING": "NO", "NATURE_TRAILS": "NO", "OUTDOOR_FITNESS_STATION": "NO", "PAVILION": "NO", "PLAYGROUND": "YES", "PRIMITIVE_TRAILS": "NO", "RECREATION_CENTER": "YES", "RUGBY_FIELD": "NO", "RV_PARK": "NO", "SAND_VOLLEYBALL": "NO", "SHUFFLEBOARD": "NO", "SKATE_PARK": "NO", "SOCCER_FIELD": "NO", "SPLASH_PAD": "NO", "STADIUM": "NO", "SWIMMING_POOL": "NO", "TENNIS_CENTER": "NO", "TENNIS_COURTS": "NO", "VELODROME": "NO", "WALKING_LOOP_OUTDOOR": "NO", "WALKING_TRACK_INDOOR": "NO" }, "geometry": { "type": "Polygon", "coordinates": [ [ [ -91.120311313188949, 30.458050384152898 ], [ -91.120275697777146, 30.457154563195367 ], [ -91.11868995379352, 30.457207084738251 ], [ -91.118725554914249, 30.458102906108937 ], [ -91.120311313188949, 30.458050384152898 ] ] ] } },
{ "type": "Feature", "properties": { "ID": 51, "BG_ID": 32, "PARKID": "TRYNT", "FACILITY_NAME": "Thirty-Ninth Street Park", "CLASSIFICATION": "Neighborhood", "FULL_ADDRESS": "3451 39TH ST", "CITY": "ZACHARY", "STATE": "LOUISIANA", "ZIP": 70791, "ACREAGE": 12.0, "AIRGUN_RANGE": "NO", "AIRNASIUM": "NO", "ARCHERY_RANGE": "NO", "BALL_MULTI_PURPOSE_FIELD": "YES", "BASKETBALL_INDOOR": "NO", "BASKETBALL_OUTDOOR": "NO", "BIKE_REPAIR_STATION": "NO", "BIRD_WATCHING_WILDLIFE_VIEWING": "NO", "BLUEWAY_TRAILHEAD": "NO", "BMX": "NO", "CANOE_KAYAK_LAUNCH": "NO", "CRICKET_PITCH": "NO", "CROQUET_COURT": "NO", "DISC_GOLF": "NO", "DOG_PARK": "NO", "EQUESTRIAN": "NO", "FISHING_ACCESS": "NO", "FITNESS_CENTERS": "NO", "GARDEN_ARBORETUM": "NO", "GOLF_COURSE_9_HOLE": "NO", "GOLF_COURSE_18_HOLE": "NO", "GREENWAY_TRAILHEAD": "NO", "MOUNTAIN_BIKING": "NO", "NATURE_TRAILS": "NO", "OUTDOOR_FITNESS_STATION": "NO", "PAVILION": "NO", "PLAYGROUND": "YES", "PRIMITIVE_TRAILS": "NO", "RECREATION_CENTER": "NO", "RUGBY_FIELD": "NO", "RV_PARK": "NO", "SAND_VOLLEYBALL": "NO", "SHUFFLEBOARD": "NO", "SKATE_PARK": "NO", "SOCCER_FIELD": "NO", "SPLASH_PAD": "NO", "STADIUM": "NO", "SWIMMING_POOL": "NO", "TENNIS_CENTER": "NO", "TENNIS_COURTS": "YES", "VELODROME": "NO", "WALKING_LOOP_OUTDOOR": "NO", "WALKING_TRACK_INDOOR": "NO" }, "geometry": { "type": "Polygon", "coordinates": [ [ [ -91.168510827256455, 30.640195900218888 ], [ -91.168820897510699, 30.638310826831159 ], [ -91.166543575092788, 30.638021684754417 ], [ -91.166302151777771, 30.639386586403134 ], [ -91.165728987946181, 30.639311637871639 ], [ -91.16571087259149, 30.63942292383642 ], [ -91.166261430292025, 30.639492873791401 ], [ -91.166186851237441, 30.639900232121327 ], [ -91.168510827256455, 30.640195900218888 ] ] ] } },
{ "type": "Feature", "properties": { "ID": 52, "BG_ID": 123, "PARKID": "EPOLK", "FACILITY_NAME": "East Polk Street Park", "CLASSIFICATION": "Neighborhood", "FULL_ADDRESS": "1700 E POLK ST", "CITY": "BATON ROUGE", "STATE": "LOUISIANA", "ZIP": 70802, "ACREAGE": 3.0, "AIRGUN_RANGE": "NO", "AIRNASIUM": "NO", "ARCHERY_RANGE": "NO", "BALL_MULTI_PURPOSE_FIELD": "YES", "BASKETBALL_INDOOR": "NO", "BASKETBALL_OUTDOOR": "YES", "BIKE_REPAIR_STATION": "NO", "BIRD_WATCHING_WILDLIFE_VIEWING": "NO", "BLUEWAY_TRAILHEAD": "NO", "BMX": "NO", "CANOE_KAYAK_LAUNCH": "NO", "CRICKET_PITCH": "NO", "CROQUET_COURT": "NO", "DISC_GOLF": "NO", "DOG_PARK": "NO", "EQUESTRIAN": "NO", "FISHING_ACCESS": "NO", "FITNESS_CENTERS": "NO", "GARDEN_ARBORETUM": "NO", "GOLF_COURSE_9_HOLE": "NO", "GOLF_COURSE_18_HOLE": "NO", "GREENWAY_TRAILHEAD": "NO", "MOUNTAIN_BIKING": "NO", "NATURE_TRAILS": "NO", "OUTDOOR_FITNESS_STATION": "NO", "PAVILION": "NO", "PLAYGROUND": "NO", "PRIMITIVE_TRAILS": "NO", "RECREATION_CENTER": "NO", "RUGBY_FIELD": "NO", "RV_PARK": "NO", "SAND_VOLLEYBALL": "NO", "SHUFFLEBOARD": "NO", "SKATE_PARK": "NO", "SOCCER_FIELD": "NO", "SPLASH_PAD": "NO", "STADIUM": "NO", "SWIMMING_POOL": "NO", "TENNIS_CENTER": "NO", "TENNIS_COURTS": "NO", "VELODROME": "NO", "WALKING_LOOP_OUTDOOR": "NO", "WALKING_TRACK_INDOOR": "NO" }, "geometry": { "type": "Polygon", "coordinates": [ [ [ -91.171064023581607, 30.426755765625568 ], [ -91.170576279905248, 30.426768894990438 ], [ -91.170287688843814, 30.426777354621528 ], [ -91.169999094614866, 30.426785810912701 ], [ -91.169710504500557, 30.426794266579105 ], [ -91.169421884145137, 30.426802724284414 ], [ -91.169134646190642, 30.426811139776468 ], [ -91.170879612229868, 30.427904856996321 ], [ -91.170982838347157, 30.427261648781229 ], [ -91.171006406208761, 30.427114788596075 ], [ -91.171045108446521, 30.426873628626129 ], [ -91.171064023581607, 30.426755765625568 ] ] ] } },
{ "type": "Feature", "properties": { "ID": 53, "BG_ID": 89, "PARKID": "LNGRG", "FACILITY_NAME": "Longridge Park", "CLASSIFICATION": "Neighborhood", "FULL_ADDRESS": "12127 LONGRIDGE AVE", "CITY": "BATON ROUGE", "STATE": "LOUISIANA", "ZIP": 70816, "ACREAGE": 11.31, "AIRGUN_RANGE": "NO", "AIRNASIUM": "NO", "ARCHERY_RANGE": "NO", "BALL_MULTI_PURPOSE_FIELD": "NO", "BASKETBALL_INDOOR": "YES", "BASKETBALL_OUTDOOR": "YES", "BIKE_REPAIR_STATION": "NO", "BIRD_WATCHING_WILDLIFE_VIEWING": "NO", "BLUEWAY_TRAILHEAD": "NO", "BMX": "NO", "CANOE_KAYAK_LAUNCH": "NO", "CRICKET_PITCH": "NO", "CROQUET_COURT": "NO", "DISC_GOLF": "NO", "DOG_PARK": "NO", "EQUESTRIAN": "NO", "FISHING_ACCESS": "NO", "FITNESS_CENTERS": "NO", "GARDEN_ARBORETUM": "NO", "GOLF_COURSE_9_HOLE": "NO", "GOLF_COURSE_18_HOLE": "NO", "GREENWAY_TRAILHEAD": "NO", "MOUNTAIN_BIKING": "NO", "NATURE_TRAILS": "NO", "OUTDOOR_FITNESS_STATION": "NO", "PAVILION": "YES", "PLAYGROUND": "YES", "PRIMITIVE_TRAILS": "NO", "RECREATION_CENTER": "NO", "RUGBY_FIELD": "NO", "RV_PARK": "NO", "SAND_VOLLEYBALL": "NO", "SHUFFLEBOARD": "NO", "SKATE_PARK": "NO", "SOCCER_FIELD": "NO", "SPLASH_PAD": "NO", "STADIUM": "NO", "SWIMMING_POOL": "NO", "TENNIS_CENTER": "NO", "TENNIS_COURTS": "YES", "VELODROME": "NO", "WALKING_LOOP_OUTDOOR": "NO", "WALKING_TRACK_INDOOR": "NO" }, "geometry": { "type": "Polygon", "coordinates": [ [ [ -91.045521886751246, 30.422668657750481 ], [ -91.045521859336191, 30.422678116980961 ], [ -91.045521975153633, 30.422911830069104 ], [ -91.045522783496921, 30.423180271407073 ], [ -91.045523737152749, 30.423672252085744 ], [ -91.046283606047353, 30.423671512474446 ], [ -91.046916565925613, 30.423670822913262 ], [ -91.047170384018614, 30.423670685090968 ], [ -91.047424202586129, 30.423670381700425 ], [ -91.047424619416617, 30.422423621104816 ], [ -91.04741550074688, 30.422422652390566 ], [ -91.047406382074698, 30.422421684577834 ], [ -91.047356428019185, 30.422416241597364 ], [ -91.047290637348667, 30.422401499899049 ], [ -91.04722645037846, 30.422380739301278 ], [ -91.047165453448912, 30.422353963239622 ], [ -91.047103687079471, 30.422318965661574 ], [ -91.047055404626761, 30.42228396928482 ], [ -91.047007143535822, 30.422241575817655 ], [ -91.046965240080823, 30.422194935541995 ], [ -91.046928899833347, 30.42214448425554 ], [ -91.046899706887174, 30.422090997581286 ], [ -91.046876866333008, 30.422035076396405 ], [ -91.046861169652942, 30.421977301559103 ], [ -91.046831319990559, 30.42187654855784 ], [ -91.046627714780413, 30.420969767827639 ], [ -91.046196130774021, 30.421006308516944 ], [ -91.046114420479668, 30.421011465089769 ], [ -91.04597401581583, 30.42101682422577 ], [ -91.045897868562335, 30.421018198573169 ], [ -91.045824897906073, 30.421018204100012 ], [ -91.045680551258059, 30.421015333624936 ], [ -91.045517158561807, 30.42101599560656 ], [ -91.045517987834003, 30.421277205996642 ], [ -91.045518063796465, 30.421524666908926 ], [ -91.045518932919464, 30.421772129530602 ], [ -91.045519778140331, 30.422027840773094 ], [ -91.045520631334369, 30.422280802451407 ], [ -91.045520969240542, 30.422437885511126 ], [ -91.045521886751246, 30.422668657750481 ] ] ] } },
{ "type": "Feature", "properties": { "ID": 54, "BG_ID": 58, "PARKID": "FLNRY", "FACILITY_NAME": "Flonacher Road Park", "CLASSIFICATION": "Neighborhood", "FULL_ADDRESS": "864 FLONACHER RD", "CITY": "ZACHARY", "STATE": "LOUISIANA", "ZIP": 70791, "ACREAGE": 16.51, "AIRGUN_RANGE": "NO", "AIRNASIUM": "NO", "ARCHERY_RANGE": "NO", "BALL_MULTI_PURPOSE_FIELD": "YES", "BASKETBALL_INDOOR": "YES", "BASKETBALL_OUTDOOR": "YES", "BIKE_REPAIR_STATION": "NO", "BIRD_WATCHING_WILDLIFE_VIEWING": "NO", "BLUEWAY_TRAILHEAD": "NO", "BMX": "NO", "CANOE_KAYAK_LAUNCH": "NO", "CRICKET_PITCH": "NO", "CROQUET_COURT": "NO", "DISC_GOLF": "NO", "DOG_PARK": "NO", "EQUESTRIAN": "NO", "FISHING_ACCESS": "NO", "FITNESS_CENTERS": "NO", "GARDEN_ARBORETUM": "NO", "GOLF_COURSE_9_HOLE": "NO", "GOLF_COURSE_18_HOLE": "NO", "GREENWAY_TRAILHEAD": "NO", "MOUNTAIN_BIKING": "NO", "NATURE_TRAILS": "NO", "OUTDOOR_FITNESS_STATION": "YES", "PAVILION": "YES", "PLAYGROUND": "YES", "PRIMITIVE_TRAILS": "NO", "RECREATION_CENTER": "YES", "RUGBY_FIELD": "NO", "RV_PARK": "NO", "SAND_VOLLEYBALL": "YES", "SHUFFLEBOARD": "NO", "SKATE_PARK": "NO", "SOCCER_FIELD": "NO", "SPLASH_PAD": "NO", "STADIUM": "NO", "SWIMMING_POOL": "NO", "TENNIS_CENTER": "NO", "TENNIS_COURTS": "YES", "VELODROME": "NO", "WALKING_LOOP_OUTDOOR": "YES", "WALKING_TRACK_INDOOR": "NO" }, "geometry": { "type": "Polygon", "coordinates": [ [ [ -91.230840182943894, 30.666371968305892 ], [ -91.230941515167913, 30.655954296681251 ], [ -91.229388132150788, 30.655736580601069 ], [ -91.22313488205188, 30.654936262549512 ], [ -91.22328049174331, 30.659820674224804 ], [ -91.223331140877704, 30.659821136608581 ], [ -91.22371704902541, 30.65982467832038 ], [ -91.224368948973819, 30.659830608996877 ], [ -91.224520458250453, 30.659828132947542 ], [ -91.22554449642071, 30.659826450327618 ], [ -91.225564230835147, 30.661091856262527 ], [ -91.225574960716514, 30.661775303105063 ], [ -91.225648471485968, 30.665861425037345 ], [ -91.226194601728892, 30.665926651204327 ], [ -91.227481130979228, 30.666050409370584 ], [ -91.228887125541121, 30.666185014777216 ], [ -91.230840182943894, 30.666371968305892 ] ] ] } },
{ "type": "Feature", "properties": { "ID": 55, "BG_ID": 36, "PARKID": "ARHWY", "FACILITY_NAME": "Airline Highway Park", "CLASSIFICATION": "Special Facility", "FULL_ADDRESS": "16072 AIRLINE HWY", "CITY": "BATON ROUGE", "STATE": "LOUISIANA", "ZIP": 70817, "ACREAGE": 133.36, "AIRGUN_RANGE": "YES", "AIRNASIUM": "NO", "ARCHERY_RANGE": "NO", "BALL_MULTI_PURPOSE_FIELD": "NO", "BASKETBALL_INDOOR": "NO", "BASKETBALL_OUTDOOR": "NO", "BIKE_REPAIR_STATION": "NO", "BIRD_WATCHING_WILDLIFE_VIEWING": "NO", "BLUEWAY_TRAILHEAD": "NO", "BMX": "NO", "CANOE_KAYAK_LAUNCH": "NO", "CRICKET_PITCH": "NO", "CROQUET_COURT": "NO", "DISC_GOLF": "NO", "DOG_PARK": "NO", "EQUESTRIAN": "NO", "FISHING_ACCESS": "NO", "FITNESS_CENTERS": "NO", "GARDEN_ARBORETUM": "NO", "GOLF_COURSE_9_HOLE": "NO", "GOLF_COURSE_18_HOLE": "NO", "GREENWAY_TRAILHEAD": "NO", "MOUNTAIN_BIKING": "NO", "NATURE_TRAILS": "NO", "OUTDOOR_FITNESS_STATION": "NO", "PAVILION": "NO", "PLAYGROUND": "NO", "PRIMITIVE_TRAILS": "NO", "RECREATION_CENTER": "NO", "RUGBY_FIELD": "NO", "RV_PARK": "NO", "SAND_VOLLEYBALL": "NO", "SHUFFLEBOARD": "NO", "SKATE_PARK": "NO", "SOCCER_FIELD": "NO", "SPLASH_PAD": "NO", "STADIUM": "NO", "SWIMMING_POOL": "NO", "TENNIS_CENTER": "NO", "TENNIS_COURTS": "NO", "VELODROME": "NO", "WALKING_LOOP_OUTDOOR": "NO", "WALKING_TRACK_INDOOR": "NO" }, "geometry": { "type": "Polygon", "coordinates": [ [ [ -91.001692024899597, 30.34968827169757 ], [ -91.001685446130168, 30.349207916937225 ], [ -91.002069012212118, 30.349140256868509 ], [ -91.002562805396309, 30.348903538195579 ], [ -91.002899289892781, 30.348472401969502 ], [ -91.003000995346952, 30.348178170823907 ], [ -91.002869662214948, 30.347954248949542 ], [ -91.00256406421515, 30.347777469673687 ], [ -91.001759208870297, 30.34748104967306 ], [ -91.001540354116102, 30.347340089118006 ], [ -91.00150010451307, 30.347277490972211 ], [ -91.00146779975465, 30.347227243668481 ], [ -91.001744056912813, 30.347010156073424 ], [ -91.002105807304076, 30.346981219995829 ], [ -91.002484665591865, 30.347064680477143 ], [ -91.002700950587283, 30.347105075194772 ], [ -91.002450128755726, 30.346468524115526 ], [ -91.002101313460514, 30.345583268437775 ], [ -91.001818501397409, 30.345042565780407 ], [ -91.001800401250676, 30.345017737667337 ], [ -91.00152760299018, 30.345011419160574 ], [ -91.001118696740662, 30.344973047929745 ], [ -91.000405601246385, 30.344888754245506 ], [ -90.999973174526914, 30.344688105032088 ], [ -90.999606300364775, 30.344492373197614 ], [ -90.999538279652157, 30.344456082775359 ], [ -90.999300904138138, 30.34424899580798 ], [ -90.99919653999784, 30.343974776241453 ], [ -90.999077031815986, 30.343537262012696 ], [ -90.999052441236927, 30.34346395766369 ], [ -90.998626360216406, 30.342795848589791 ], [ -90.998516573605229, 30.342507370351449 ], [ -90.998159027983121, 30.341741181951701 ], [ -90.997800277467036, 30.341482334186168 ], [ -90.997764485671581, 30.341528608936709 ], [ -90.997690785929464, 30.341579441349623 ], [ -90.997636837822171, 30.341587805745597 ], [ -90.997597623714981, 30.341587706095886 ], [ -90.997514109069613, 30.341642764200746 ], [ -90.997445352942449, 30.34168085593792 ], [ -90.997361924369471, 30.341710403445813 ], [ -90.997239381174438, 30.341710091749455 ], [ -90.99708748385882, 30.341692698686728 ], [ -90.996935486904931, 30.341705066648675 ], [ -90.996749293747925, 30.341683335129929 ], [ -90.996563069782951, 30.341670105640276 ], [ -90.996396527080691, 30.341635667903191 ], [ -90.995779066579971, 30.341587323683431 ], [ -90.995406549119764, 30.341582119708498 ], [ -90.995176022655755, 30.341624045305544 ], [ -90.994911040931527, 30.341708401312911 ], [ -90.994788060170123, 30.341835633507543 ], [ -90.994566699822443, 30.342064653519341 ], [ -90.994399343143229, 30.342268301892432 ], [ -90.994281222445338, 30.342408300975986 ], [ -90.994158359204974, 30.342501519782815 ], [ -90.994015831453495, 30.342611697217212 ], [ -90.993794859762687, 30.342725923645432 ], [ -90.993588624655516, 30.342796861153673 ], [ -90.9964239270153, 30.346384462611013 ], [ -90.998500095528399, 30.348999257865238 ], [ -91.000603074320736, 30.351639810417787 ], [ -91.000741217610511, 30.351813260613422 ], [ -91.002939779145379, 30.351476579973227 ], [ -91.002563142411304, 30.350871749867924 ], [ -91.003277734963746, 30.350745809530441 ], [ -91.00382962110686, 30.350570431995031 ], [ -91.003835160323234, 30.350178162277484 ], [ -91.002610170814251, 30.350087925688115 ], [ -91.001692024899597, 30.34968827169757 ] ] ] } },
{ "type": "Feature", "properties": { "ID": 56, "BG_ID": 77, "PARKID": "MNCHC", "FACILITY_NAME": "Bayou Manchac Park", "CLASSIFICATION": "Neighborhood", "FULL_ADDRESS": "19010 JEFFERSON HWY", "CITY": "BATON ROUGE", "STATE": "LOUISIANA", "ZIP": 70817, "ACREAGE": 54.06, "AIRGUN_RANGE": "NO", "AIRNASIUM": "NO", "ARCHERY_RANGE": "NO", "BALL_MULTI_PURPOSE_FIELD": "YES", "BASKETBALL_INDOOR": "NO", "BASKETBALL_OUTDOOR": "YES", "BIKE_REPAIR_STATION": "NO", "BIRD_WATCHING_WILDLIFE_VIEWING": "YES", "BLUEWAY_TRAILHEAD": "NO", "BMX": "NO", "CANOE_KAYAK_LAUNCH": "NO", "CRICKET_PITCH": "NO", "CROQUET_COURT": "NO", "DISC_GOLF": "NO", "DOG_PARK": "NO", "EQUESTRIAN": "NO", "FISHING_ACCESS": "NO", "FITNESS_CENTERS": "NO", "GARDEN_ARBORETUM": "NO", "GOLF_COURSE_9_HOLE": "NO", "GOLF_COURSE_18_HOLE": "NO", "GREENWAY_TRAILHEAD": "NO", "MOUNTAIN_BIKING": "NO", "NATURE_TRAILS": "YES", "OUTDOOR_FITNESS_STATION": "NO", "PAVILION": "NO", "PLAYGROUND": "YES", "PRIMITIVE_TRAILS": "YES", "RECREATION_CENTER": "NO", "RUGBY_FIELD": "NO", "RV_PARK": "NO", "SAND_VOLLEYBALL": "NO", "SHUFFLEBOARD": "NO", "SKATE_PARK": "NO", "SOCCER_FIELD": "NO", "SPLASH_PAD": "NO", "STADIUM": "NO", "SWIMMING_POOL": "NO", "TENNIS_CENTER": "NO", "TENNIS_COURTS": "YES", "VELODROME": "NO", "WALKING_LOOP_OUTDOOR": "YES", "WALKING_TRACK_INDOOR": "NO" }, "geometry": { "type": "Polygon", "coordinates": [ [ [ -90.990451357660731, 30.347254499094959 ], [ -90.98985408969088, 30.346894508928941 ], [ -90.992561887228817, 30.345160782978333 ], [ -90.990701565022732, 30.342954057927884 ], [ -90.990185621829454, 30.343010516898264 ], [ -90.989382129865149, 30.343037630521291 ], [ -90.98900938323608, 30.343096184264411 ], [ -90.988783592353442, 30.343184878137201 ], [ -90.988601857645406, 30.343290694032756 ], [ -90.988493676702021, 30.343388199317108 ], [ -90.98829699853826, 30.343562003749881 ], [ -90.988144512419126, 30.343714663378048 ], [ -90.988060661655467, 30.343863247876925 ], [ -90.988011187050219, 30.343994919244885 ], [ -90.988005795601268, 30.344135207289284 ], [ -90.988044626657114, 30.344245852179661 ], [ -90.988053796350812, 30.344428696418511 ], [ -90.988033494487581, 30.344628469257383 ], [ -90.987988787386627, 30.34479841685452 ], [ -90.98792894584885, 30.345091620430786 ], [ -90.987864689702462, 30.345244510322964 ], [ -90.987697342464784, 30.345439647749739 ], [ -90.98750061551182, 30.345626203886354 ], [ -90.987228035091107, 30.345861128696281 ], [ -90.985548148890757, 30.346978161242593 ], [ -90.987131110524729, 30.348748210396529 ], [ -90.98765506084797, 30.34840114261106 ], [ -90.988030578250985, 30.348827567189971 ], [ -90.990451357660731, 30.347254499094959 ] ] ] } },
{ "type": "Feature", "properties": { "ID": 57, "BG_ID": 111, "PARKID": "CAMLT", "FACILITY_NAME": "Camelot Park", "CLASSIFICATION": "Neighborhood", "FULL_ADDRESS": "3166 LANCELOT DR", "CITY": "BATON ROUGE", "STATE": "LOUISIANA", "ZIP": 70816, "ACREAGE": 0.75, "AIRGUN_RANGE": "NO", "AIRNASIUM": "NO", "ARCHERY_RANGE": "NO", "BALL_MULTI_PURPOSE_FIELD": "NO", "BASKETBALL_INDOOR": "NO", "BASKETBALL_OUTDOOR": "NO", "BIKE_REPAIR_STATION": "NO", "BIRD_WATCHING_WILDLIFE_VIEWING": "NO", "BLUEWAY_TRAILHEAD": "NO", "BMX": "NO", "CANOE_KAYAK_LAUNCH": "NO", "CRICKET_PITCH": "NO", "CROQUET_COURT": "NO", "DISC_GOLF": "NO", "DOG_PARK": "NO", "EQUESTRIAN": "NO", "FISHING_ACCESS": "NO", "FITNESS_CENTERS": "NO", "GARDEN_ARBORETUM": "NO", "GOLF_COURSE_9_HOLE": "NO", "GOLF_COURSE_18_HOLE": "NO", "GREENWAY_TRAILHEAD": "NO", "MOUNTAIN_BIKING": "NO", "NATURE_TRAILS": "NO", "OUTDOOR_FITNESS_STATION": "NO", "PAVILION": "NO", "PLAYGROUND": "YES", "PRIMITIVE_TRAILS": "NO", "RECREATION_CENTER": "NO", "RUGBY_FIELD": "NO", "RV_PARK": "NO", "SAND_VOLLEYBALL": "NO", "SHUFFLEBOARD": "NO", "SKATE_PARK": "NO", "SOCCER_FIELD": "NO", "SPLASH_PAD": "NO", "STADIUM": "NO", "SWIMMING_POOL": "NO", "TENNIS_CENTER": "NO", "TENNIS_COURTS": "NO", "VELODROME": "NO", "WALKING_LOOP_OUTDOOR": "NO", "WALKING_TRACK_INDOOR": "NO" }, "geometry": { "type": "Polygon", "coordinates": [ [ [ -91.043128755441913, 30.424070351298795 ], [ -91.04312583614464, 30.423712214431458 ], [ -91.042783179780685, 30.423713000874994 ], [ -91.042554742144489, 30.423713544222476 ], [ -91.042554065853665, 30.423944505956289 ], [ -91.042959494392591, 30.424177376789956 ], [ -91.042984173872782, 30.424146334234788 ], [ -91.043013600355565, 30.424119425538567 ], [ -91.043048565007396, 30.424097340727606 ], [ -91.043087478981079, 30.424080928782427 ], [ -91.043128755441913, 30.424070351298795 ] ] ] } },
{ "type": "Feature", "properties": { "ID": 58, "BG_ID": 116, "PARKID": "KTHYD", "FACILITY_NAME": "Kathy Drive Park", "CLASSIFICATION": "Neighborhood", "FULL_ADDRESS": "1801 KATHY DR", "CITY": "BATON ROUGE", "STATE": "LOUISIANA", "ZIP": 70816, "ACREAGE": 32.967, "AIRGUN_RANGE": "NO", "AIRNASIUM": "NO", "ARCHERY_RANGE": "NO", "BALL_MULTI_PURPOSE_FIELD": "YES", "BASKETBALL_INDOOR": "YES", "BASKETBALL_OUTDOOR": "NO", "BIKE_REPAIR_STATION": "NO", "BIRD_WATCHING_WILDLIFE_VIEWING": "NO", "BLUEWAY_TRAILHEAD": "NO", "BMX": "NO", "CANOE_KAYAK_LAUNCH": "NO", "CRICKET_PITCH": "NO", "CROQUET_COURT": "NO", "DISC_GOLF": "NO", "DOG_PARK": "NO", "EQUESTRIAN": "NO", "FISHING_ACCESS": "NO", "FITNESS_CENTERS": "NO", "GARDEN_ARBORETUM": "NO", "GOLF_COURSE_9_HOLE": "NO", "GOLF_COURSE_18_HOLE": "NO", "GREENWAY_TRAILHEAD": "NO", "MOUNTAIN_BIKING": "NO", "NATURE_TRAILS": "NO", "OUTDOOR_FITNESS_STATION": "NO", "PAVILION": "YES", "PLAYGROUND": "NO", "PRIMITIVE_TRAILS": "NO", "RECREATION_CENTER": "YES", "RUGBY_FIELD": "NO", "RV_PARK": "NO", "SAND_VOLLEYBALL": "YES", "SHUFFLEBOARD": "NO", "SKATE_PARK": "NO", "SOCCER_FIELD": "YES", "SPLASH_PAD": "NO", "STADIUM": "NO", "SWIMMING_POOL": "NO", "TENNIS_CENTER": "NO", "TENNIS_COURTS": "NO", "VELODROME": "NO", "WALKING_LOOP_OUTDOOR": "YES", "WALKING_TRACK_INDOOR": "NO" }, "geometry": { "type": "Polygon", "coordinates": [ [ [ -91.014967734563101, 30.443466200468414 ], [ -91.014967220063824, 30.443386060894525 ], [ -91.014965867083447, 30.443175516900762 ], [ -91.014964419184025, 30.442950094611071 ], [ -91.014963004001629, 30.442729731267232 ], [ -91.014961651204018, 30.442519135815342 ], [ -91.014960276513889, 30.442304979775706 ], [ -91.014958860572023, 30.442084534299529 ], [ -91.014957469067653, 30.44186783341571 ], [ -91.01495608489077, 30.441652420711083 ], [ -91.014954439107171, 30.441396191698406 ], [ -91.014952550290531, 30.441102121484704 ], [ -91.014951722434432, 30.440973609580684 ], [ -91.011059568935408, 30.441941820376758 ], [ -91.011059880473042, 30.442084476591564 ], [ -91.011059984320113, 30.442132028361186 ], [ -91.01126624977104, 30.442131690103167 ], [ -91.011267692719471, 30.442791579201725 ], [ -91.011474410382206, 30.443062287008697 ], [ -91.011475494159342, 30.443557203936951 ], [ -91.011634884803371, 30.443553305954595 ], [ -91.01184962099282, 30.443548053893061 ], [ -91.012058978263553, 30.443542933651376 ], [ -91.012271508082378, 30.443537735082451 ], [ -91.012480866353641, 30.44353261327338 ], [ -91.012693396128256, 30.443527414026438 ], [ -91.01290275435305, 30.44352229245154 ], [ -91.013115284083483, 30.443517092526605 ], [ -91.013324641223619, 30.443511970281339 ], [ -91.013537546788982, 30.443506759762368 ], [ -91.013556044922225, 30.443506307443972 ], [ -91.013746529050508, 30.443501645865673 ], [ -91.013955887166617, 30.443496522623601 ], [ -91.014168416786745, 30.443491321006235 ], [ -91.014396647822693, 30.443485734739362 ], [ -91.014396540327766, 30.44346896205343 ], [ -91.014555205395823, 30.44346819534433 ], [ -91.014967734563101, 30.443466200468414 ] ] ] } },
{ "type": "Feature", "properties": { "ID": 59, "BG_ID": 175, "PARKID": "STMPG", "FACILITY_NAME": "Santa Maria Park", "CLASSIFICATION": "Neighborhood", "FULL_ADDRESS": "18460 SANTA MARIA PKWY", "CITY": "BATON ROUGE", "STATE": "LOUISIANA", "ZIP": 70809, "ACREAGE": 170.9, "AIRGUN_RANGE": "NO", "AIRNASIUM": "NO", "ARCHERY_RANGE": "NO", "BALL_MULTI_PURPOSE_FIELD": "NO", "BASKETBALL_INDOOR": "NO", "BASKETBALL_OUTDOOR": "NO", "BIKE_REPAIR_STATION": "NO", "BIRD_WATCHING_WILDLIFE_VIEWING": "NO", "BLUEWAY_TRAILHEAD": "NO", "BMX": "NO", "CANOE_KAYAK_LAUNCH": "NO", "CRICKET_PITCH": "NO", "CROQUET_COURT": "NO", "DISC_GOLF": "NO", "DOG_PARK": "NO", "EQUESTRIAN": "NO", "FISHING_ACCESS": "NO", "FITNESS_CENTERS": "YES", "GARDEN_ARBORETUM": "NO", "GOLF_COURSE_9_HOLE": "NO", "GOLF_COURSE_18_HOLE": "YES", "GREENWAY_TRAILHEAD": "NO", "MOUNTAIN_BIKING": "NO", "NATURE_TRAILS": "NO", "OUTDOOR_FITNESS_STATION": "NO", "PAVILION": "NO", "PLAYGROUND": "YES", "PRIMITIVE_TRAILS": "NO", "RECREATION_CENTER": "NO", "RUGBY_FIELD": "NO", "RV_PARK": "NO", "SAND_VOLLEYBALL": "NO", "SHUFFLEBOARD": "NO", "SKATE_PARK": "NO", "SOCCER_FIELD": "NO", "SPLASH_PAD": "NO", "STADIUM": "NO", "SWIMMING_POOL": "NO", "TENNIS_CENTER": "NO", "TENNIS_COURTS": "YES", "VELODROME": "NO", "WALKING_LOOP_OUTDOOR": "YES", "WALKING_TRACK_INDOOR": "NO" }, "geometry": { "type": "Polygon", "coordinates": [ [ [ -91.013446596743407, 30.343329260296294 ], [ -91.013634757404731, 30.343121975731506 ], [ -91.009699697520063, 30.340858022588037 ], [ -91.009610875713605, 30.340993497368682 ], [ -91.009550801995729, 30.340963866550378 ], [ -91.00945677768037, 30.341107276046177 ], [ -91.009303251358389, 30.341031549193069 ], [ -91.009285575969088, 30.341062707954585 ], [ -91.009196320704106, 30.341238060880002 ], [ -91.009109716506657, 30.341441386495401 ], [ -91.009547169557592, 30.341588186789743 ], [ -91.009754623674823, 30.341645831882282 ], [ -91.009950856554326, 30.34170035855875 ], [ -91.010147088609102, 30.341754884940485 ], [ -91.010399292821589, 30.341921465171129 ], [ -91.010545295784155, 30.34216489404222 ], [ -91.010571275340922, 30.342208209977294 ], [ -91.010601000282236, 30.342149966736567 ], [ -91.010688389178625, 30.341978739101119 ], [ -91.010784356632442, 30.341958968295561 ], [ -91.011267173215259, 30.342216988936457 ], [ -91.011796464431598, 30.342499842268854 ], [ -91.011679248322025, 30.342628789276912 ], [ -91.01153047579453, 30.342733099433783 ], [ -91.01142638029431, 30.342828112012615 ], [ -91.011454023081484, 30.342960510436757 ], [ -91.011526921859996, 30.343082588926624 ], [ -91.011533317718218, 30.343090486219861 ], [ -91.011539714620412, 30.343098382613189 ], [ -91.011608931719508, 30.343183836441213 ], [ -91.011741833701393, 30.343258757098443 ], [ -91.01186639176332, 30.343319074749047 ], [ -91.011985537769093, 30.343322664518919 ], [ -91.012064574221071, 30.343271227322415 ], [ -91.012081132768856, 30.343260451318482 ], [ -91.012147594959757, 30.343150968055564 ], [ -91.012143149121712, 30.342986036644216 ], [ -91.01222845901836, 30.342844762873902 ], [ -91.012361665864702, 30.342734789477706 ], [ -91.012475927502379, 30.3426029145716 ], [ -91.012945032971516, 30.342872886533577 ], [ -91.013191570552308, 30.343014768668382 ], [ -91.013446596743407, 30.343329260296294 ] ] ] } },
{ "type": "Feature", "properties": { "ID": 60, "BG_ID": 176, "PARKID": "STMPG", "FACILITY_NAME": "Santa Maria Golf Course", "CLASSIFICATION": "Golf Course", "FULL_ADDRESS": "18460 SANTA MARIA PKWY", "CITY": "BATON ROUGE", "STATE": "LOUISIANA", "ZIP": 70809, "ACREAGE": 170.9, "AIRGUN_RANGE": "NO", "AIRNASIUM": "NO", "ARCHERY_RANGE": "NO", "BALL_MULTI_PURPOSE_FIELD": "NO", "BASKETBALL_INDOOR": "NO", "BASKETBALL_OUTDOOR": "NO", "BIKE_REPAIR_STATION": "NO", "BIRD_WATCHING_WILDLIFE_VIEWING": "NO", "BLUEWAY_TRAILHEAD": "NO", "BMX": "NO", "CANOE_KAYAK_LAUNCH": "NO", "CRICKET_PITCH": "NO", "CROQUET_COURT": "NO", "DISC_GOLF": "NO", "DOG_PARK": "NO", "EQUESTRIAN": "NO", "FISHING_ACCESS": "NO", "FITNESS_CENTERS": "YES", "GARDEN_ARBORETUM": "NO", "GOLF_COURSE_9_HOLE": "NO", "GOLF_COURSE_18_HOLE": "YES", "GREENWAY_TRAILHEAD": "NO", "MOUNTAIN_BIKING": "NO", "NATURE_TRAILS": "NO", "OUTDOOR_FITNESS_STATION": "NO", "PAVILION": "NO", "PLAYGROUND": "YES", "PRIMITIVE_TRAILS": "NO", "RECREATION_CENTER": "NO", "RUGBY_FIELD": "NO", "RV_PARK": "NO", "SAND_VOLLEYBALL": "NO", "SHUFFLEBOARD": "NO", "SKATE_PARK": "NO", "SOCCER_FIELD": "NO", "SPLASH_PAD": "NO", "STADIUM": "NO", "SWIMMING_POOL": "NO", "TENNIS_CENTER": "NO", "TENNIS_COURTS": "YES", "VELODROME": "NO", "WALKING_LOOP_OUTDOOR": "YES", "WALKING_TRACK_INDOOR": "NO" }, "geometry": { "type": "MultiPolygon", "coordinates": [ [ [ [ -91.010778851555173, 30.345865239664203 ], [ -91.010636758657554, 30.345778747775057 ], [ -91.010413968174092, 30.345634114375635 ], [ -91.01013487551009, 30.345958064145972 ], [ -91.009816927458061, 30.345944685334359 ], [ -91.009438317518175, 30.346154994146449 ], [ -91.008992891539862, 30.346156814303455 ], [ -91.008565134100238, 30.346158560020701 ], [ -91.00824775959471, 30.346159854320355 ], [ -91.007920384306004, 30.346161189079275 ], [ -91.007859556928338, 30.346161437072702 ], [ -91.007647587528538, 30.346018462094445 ], [ -91.007382426859508, 30.345839607753714 ], [ -91.007336128141887, 30.345808378043444 ], [ -91.007102328764773, 30.345757841345971 ], [ -91.006776939720396, 30.345687506666753 ], [ -91.006737646530112, 30.345679012725782 ], [ -91.006460220985375, 30.345738426809753 ], [ -91.006372519734086, 30.345757621337036 ], [ -91.006139118394103, 30.345719687256278 ], [ -91.005822142898779, 30.345668169167524 ], [ -91.005692171705917, 30.345545729568659 ], [ -91.005392039924928, 30.345262988914079 ], [ -91.005123977134573, 30.345010456706078 ], [ -91.004958678475319, 30.344854733749738 ], [ -91.004802706851009, 30.344706560956855 ], [ -91.004643273066108, 30.344562210609663 ], [ -91.00449544567374, 30.344428365126511 ], [ -91.004341862380016, 30.344289313510579 ], [ -91.003976930371323, 30.343958900458638 ], [ -91.004129404702752, 30.343631107272021 ], [ -91.004270234662187, 30.343328350846107 ], [ -91.004464476097979, 30.34318549320567 ], [ -91.004658714883362, 30.343042638877694 ], [ -91.005016445385621, 30.342779540055862 ], [ -91.004542910995625, 30.341811712261183 ], [ -91.004444396062297, 30.341831885359934 ], [ -91.004182146270765, 30.341885587850644 ], [ -91.003904470939673, 30.341942447525781 ], [ -91.003642221604721, 30.341996148945807 ], [ -91.00339539832197, 30.342046690398551 ], [ -91.003133148439915, 30.342100389904544 ], [ -91.00285547190559, 30.342157248273807 ], [ -91.002593220400058, 30.342210946703869 ], [ -91.002346396050456, 30.34226148619398 ], [ -91.002068718615917, 30.342318342907312 ], [ -91.001791040866763, 30.342375198134107 ], [ -91.001513362796899, 30.342432053678539 ], [ -91.001328243213777, 30.342469957048355 ], [ -91.001109185656986, 30.34251480855465 ], [ -91.000763628967107, 30.342585560184112 ], [ -91.000458125371523, 30.34264810973562 ], [ -91.000382412236576, 30.342530467193789 ], [ -91.000193900492903, 30.342237560124715 ], [ -91.000071997998091, 30.34204815007249 ], [ -90.999979288183525, 30.341904097586266 ], [ -90.999886578637728, 30.341760045029666 ], [ -90.99977105744658, 30.341589728564266 ], [ -90.999458399498693, 30.341128765227776 ], [ -90.999709132998703, 30.340973228366359 ], [ -90.999782928524795, 30.340738456969959 ], [ -91.000481409227788, 30.339909655483979 ], [ -91.00050578488316, 30.339767357845762 ], [ -91.00058743190516, 30.339180638982352 ], [ -91.000675639314963, 30.33877949037165 ], [ -91.000857442452315, 30.337989313621705 ], [ -91.000894940573261, 30.337826348173195 ], [ -91.000933276524904, 30.337659741197054 ], [ -91.001018771385347, 30.337511966192718 ], [ -91.001101238269712, 30.337364883549711 ], [ -91.001189554398152, 30.337219846204661 ], [ -91.001294210840584, 30.337056475706952 ], [ -91.001879740312134, 30.337271341842175 ], [ -91.002084920485927, 30.33734663411445 ], [ -91.002265289455408, 30.337412821147176 ], [ -91.002433534392679, 30.337474559033598 ], [ -91.002611932277858, 30.337540022573663 ], [ -91.002703121742002, 30.337574209825984 ], [ -91.002785843450212, 30.337609018129193 ], [ -91.002959382662951, 30.337682043146923 ], [ -91.003127155999707, 30.337752641283114 ], [ -91.003300464114687, 30.33782556784346 ], [ -91.003471326650953, 30.33789746417423 ], [ -91.003642244646812, 30.337967451557944 ], [ -91.003873528824698, 30.338055361728113 ], [ -91.004102688195871, 30.338142464220169 ], [ -91.004348085214218, 30.338235738383538 ], [ -91.004580520502046, 30.338324084989882 ], [ -91.004697056669769, 30.338368378911394 ], [ -91.004809116499345, 30.338421532935847 ], [ -91.005026397961899, 30.338528897212086 ], [ -91.005397982951649, 30.338712506185789 ], [ -91.005737484573856, 30.338880260273967 ], [ -91.005631655925143, 30.339270518833597 ], [ -91.005549077451434, 30.339575039027288 ], [ -91.005489874882599, 30.339793354839571 ], [ -91.005430231949944, 30.340013296924393 ], [ -91.005374088470333, 30.340220327661505 ], [ -91.005316546545686, 30.340432517658268 ], [ -91.005258641138852, 30.340646046347132 ], [ -91.005200667034586, 30.340859831027739 ], [ -91.005142791666543, 30.341073246052748 ], [ -91.005062907677569, 30.341367819543937 ], [ -91.004954763690819, 30.341766595591515 ], [ -91.004755678008081, 30.341807205142537 ], [ -91.005344014181887, 30.34311993773629 ], [ -91.005840961993982, 30.342780199975412 ], [ -91.005896291599939, 30.3427423737174 ], [ -91.006045160043911, 30.342484722620828 ], [ -91.006144584109236, 30.342312647343213 ], [ -91.006229803867527, 30.342165154438824 ], [ -91.006315020246717, 30.342017663270322 ], [ -91.006400239490247, 30.341870172951062 ], [ -91.006485458492676, 30.341722678962917 ], [ -91.006612180809967, 30.341593229589584 ], [ -91.006887244905514, 30.341312246158463 ], [ -91.007075880314346, 30.341119550946569 ], [ -91.007400895455874, 30.341272448629482 ], [ -91.007487958520642, 30.34131340530416 ], [ -91.007810090963886, 30.341436098596557 ], [ -91.008154331214982, 30.341567209861481 ], [ -91.008667852085495, 30.341533604570095 ], [ -91.008736223344215, 30.341366152784015 ], [ -91.008843564688618, 30.341114143757817 ], [ -91.008940758137328, 30.340923181532396 ], [ -91.009012978853278, 30.340795869313961 ], [ -91.009082564075314, 30.340685398356776 ], [ -91.009183205910816, 30.34054117180068 ], [ -91.008816207025447, 30.34029838580663 ], [ -91.008810707210358, 30.340294578029059 ], [ -91.008561588110425, 30.340114054766829 ], [ -91.008557293911053, 30.340110827291628 ], [ -91.008294154915916, 30.3399058146925 ], [ -91.008290480746709, 30.339902860268609 ], [ -91.008041446212943, 30.339696132666401 ], [ -91.008036881910314, 30.339692186430462 ], [ -91.007725665121782, 30.339411945624956 ], [ -91.007720731868389, 30.3394072921174 ], [ -91.007614344421299, 30.339302224689526 ], [ -91.00761353167934, 30.339301417102781 ], [ -91.007452959274161, 30.339140322187561 ], [ -91.007448922175854, 30.33913610208802 ], [ -91.00727033258174, 30.338941777527729 ], [ -91.007075712846287, 30.338729968148762 ], [ -91.006929229815668, 30.338570653846642 ], [ -91.006928642218639, 30.338570014603945 ], [ -91.006591547181642, 30.338198877358796 ], [ -91.006591000039919, 30.33819827159261 ], [ -91.006225252475531, 30.337790910485186 ], [ -91.00602184717431, 30.337710106348599 ], [ -91.005816373379787, 30.337590549382728 ], [ -91.005645115997979, 30.337500842058112 ], [ -91.005390559457425, 30.337402421763837 ], [ -91.005121226472681, 30.337325226073144 ], [ -91.004837134104065, 30.337264995180551 ], [ -91.004450081424451, 30.337213013376154 ], [ -91.003994565585131, 30.33711409353446 ], [ -91.003779110164515, 30.337049780716825 ], [ -91.003309087734422, 30.33689129844258 ], [ -91.003064350164706, 30.336788648333755 ], [ -91.002848995007369, 30.33669457275446 ], [ -91.002477119257037, 30.336502319865172 ], [ -91.00229110456533, 30.336429575053725 ], [ -91.002129566221313, 30.336365394629247 ], [ -91.001977721850267, 30.336335255061741 ], [ -91.001786606748368, 30.336322019723028 ], [ -91.001546389422586, 30.33633417244674 ], [ -91.001384514055346, 30.336372029658566 ], [ -91.00123725785464, 30.336435434174721 ], [ -91.00107523695786, 30.33651580795749 ], [ -91.000903271609189, 30.336638672026989 ], [ -91.000706472000743, 30.336859260184529 ], [ -91.000529121087467, 30.33712666598689 ], [ -91.000381223371079, 30.337381389947595 ], [ -91.000228562698538, 30.337593584413597 ], [ -91.000100667910942, 30.337729313449106 ], [ -90.999819997387092, 30.338111251863005 ], [ -90.999539377668654, 30.338476180513233 ], [ -90.999347443396758, 30.338705283935216 ], [ -90.999121257125353, 30.338917291156907 ], [ -90.998904600317744, 30.339210105948343 ], [ -90.998820855289551, 30.339333189637859 ], [ -90.998741899282336, 30.339490301213878 ], [ -90.998687540386811, 30.339621961608799 ], [ -90.998568354861121, 30.340080836548932 ], [ -90.99846897459669, 30.340480235002602 ], [ -90.99845658920853, 30.340527916126163 ], [ -90.999104844065315, 30.340992969951387 ], [ -90.999282149035793, 30.341216498965764 ], [ -90.999707635519229, 30.342128253276297 ], [ -90.999793343576528, 30.342353456341321 ], [ -91.000230502209803, 30.343038921841934 ], [ -91.000303548263616, 30.343256670049403 ], [ -91.000404734312625, 30.343627087860888 ], [ -91.000898807600137, 30.344163448735269 ], [ -91.001693061835041, 30.344217123034252 ], [ -91.002377568362732, 30.344425552067971 ], [ -91.002723211717822, 30.34500349107801 ], [ -91.003360035550202, 30.346613385935317 ], [ -91.003663242580757, 30.346695680706521 ], [ -91.004058877123342, 30.346687774360461 ], [ -91.004339306190971, 30.346682169047167 ], [ -91.004424764464744, 30.346680461238392 ], [ -91.004549828664963, 30.346708476231104 ], [ -91.004696648493166, 30.346741364277939 ], [ -91.004832975188307, 30.34677190224388 ], [ -91.004981789261706, 30.346755001337616 ], [ -91.005032676191362, 30.346749221702932 ], [ -91.005140597715766, 30.346762675930165 ], [ -91.005233547840206, 30.346774245375268 ], [ -91.005343489306568, 30.346682439404326 ], [ -91.005664278822522, 30.346518158849108 ], [ -91.00583864571766, 30.346516445074613 ], [ -91.00626295655978, 30.346512245015855 ], [ -91.006398409124898, 30.346543913152271 ], [ -91.006676202052603, 30.346608858255809 ], [ -91.006756602379014, 30.346627654854228 ], [ -91.00699443620465, 30.346616723529745 ], [ -91.007345849253568, 30.346695849746542 ], [ -91.007569219506593, 30.346771499291393 ], [ -91.007851656553342, 30.346825117492937 ], [ -91.008072397211563, 30.346867022714935 ], [ -91.008153894768583, 30.346882494192105 ], [ -91.008314174735105, 30.346905645134282 ], [ -91.009014459094317, 30.347051212357137 ], [ -91.009021808777987, 30.347052740525307 ], [ -91.00908701750825, 30.347012373432392 ], [ -91.009278471096152, 30.347046737115619 ], [ -91.009571421527994, 30.347099317443757 ], [ -91.009767150263642, 30.346964382603147 ], [ -91.009981300698968, 30.346816748494451 ], [ -91.010204611493805, 30.346669533365933 ], [ -91.010401873123968, 30.346519418865537 ], [ -91.010560091162731, 30.346334832099334 ], [ -91.010567118167003, 30.346324897223777 ], [ -91.010730028277933, 30.346094574965569 ], [ -91.010743418573568, 30.346073760872546 ], [ -91.010749452672883, 30.346063051358762 ], [ -91.0107550349165, 30.346052159417905 ], [ -91.010760157977018, 30.346041099465978 ], [ -91.010764815569971, 30.346029885019078 ], [ -91.010769001402309, 30.346018532299986 ], [ -91.010772710229659, 30.346007054827471 ], [ -91.010775935758971, 30.345995468824107 ], [ -91.010778675863293, 30.345983788718545 ], [ -91.010780926332671, 30.345972029836297 ], [ -91.010782682954186, 30.345960208405007 ], [ -91.010783944641076, 30.345948338855738 ], [ -91.010784709257663, 30.345936438323374 ], [ -91.0107849757172, 30.345924521238917 ], [ -91.010784745010142, 30.345912602940679 ], [ -91.010784015000993, 30.345900700563462 ], [ -91.010782788763194, 30.345888828548446 ], [ -91.010781067284455, 30.345877003135922 ], [ -91.010778851555173, 30.345865239664203 ] ] ], [ [ [ -91.013634757404731, 30.343121975731506 ], [ -91.013446596743407, 30.343329260296294 ], [ -91.013289619018209, 30.343465156076995 ], [ -91.013132672158918, 30.343601022874857 ], [ -91.012975808309108, 30.343736817515211 ], [ -91.012818995134026, 30.343872568787404 ], [ -91.012662233682875, 30.344008273987907 ], [ -91.012615723220108, 30.344048537609229 ], [ -91.012476285491957, 30.344109640668826 ], [ -91.012278520136164, 30.34419630469197 ], [ -91.012082424066364, 30.344282235455317 ], [ -91.011848977109523, 30.344384533990667 ], [ -91.011134025304344, 30.344697828015757 ], [ -91.011026949527221, 30.344744747948539 ], [ -91.010906986245104, 30.344797316010048 ], [ -91.010738633173716, 30.344937458752764 ], [ -91.010654054936623, 30.345007864645016 ], [ -91.010434247374533, 30.34527322639077 ], [ -91.010454537628036, 30.34529435461452 ], [ -91.010418000548839, 30.345320752083033 ], [ -91.010603148100159, 30.3455217419882 ], [ -91.010969223967479, 30.345411847052215 ], [ -91.011315095210364, 30.345308016337558 ], [ -91.011614397981234, 30.345226824269695 ], [ -91.011901677993848, 30.345148137194023 ], [ -91.012179475369436, 30.345075125955333 ], [ -91.012472780276113, 30.344997569993115 ], [ -91.012747619188445, 30.344923786289236 ], [ -91.013044696302686, 30.344841178290835 ], [ -91.013281882457719, 30.344764001377076 ], [ -91.013311692140334, 30.344756384026752 ], [ -91.013425820479242, 30.344595809305723 ], [ -91.013591500070078, 30.344372974929467 ], [ -91.013770357084994, 30.344159438655304 ], [ -91.013945805376878, 30.343939950805389 ], [ -91.014124659811188, 30.343726414025234 ], [ -91.014300197877375, 30.343505369765587 ], [ -91.013845199334071, 30.343243248139771 ], [ -91.013634757404731, 30.343121975731506 ] ] ], [ [ [ -91.010392348450992, 30.339931095472352 ], [ -91.010299169313939, 30.339974496328104 ], [ -91.010245480804542, 30.340006623529433 ], [ -91.010158651473944, 30.340061713998523 ], [ -91.010075862439408, 30.340117499898575 ], [ -91.010053826589441, 30.340133296922374 ], [ -91.009974956583449, 30.340197315967814 ], [ -91.009909114570831, 30.34025671468822 ], [ -91.009836710932973, 30.340322790049029 ], [ -91.009753557470859, 30.340408289395921 ], [ -91.009665166535925, 30.340504538008613 ], [ -91.01374330149892, 30.342854590252085 ], [ -91.014558865468459, 30.343324535239251 ], [ -91.014805390498793, 30.343165046362337 ], [ -91.014569255791372, 30.342925682643834 ], [ -91.014314962373248, 30.342667910433295 ], [ -91.014150084084903, 30.342500774730336 ], [ -91.013977951580884, 30.342326286239764 ], [ -91.013787344880569, 30.342133068376253 ], [ -91.0136141645321, 30.341957514174638 ], [ -91.0134430830214, 30.341784091086897 ], [ -91.013278208702545, 30.341616955162557 ], [ -91.013113333901018, 30.341449818120619 ], [ -91.01293694952011, 30.3412710112482 ], [ -91.01281193670988, 30.341144282981826 ], [ -91.012767713272297, 30.341121796185231 ], [ -91.012577822692663, 30.341025239122182 ], [ -91.012355609735621, 30.340912248036105 ], [ -91.01213281167, 30.340798954747264 ], [ -91.012121357678922, 30.340793130853815 ], [ -91.011880910544747, 30.340672423096429 ], [ -91.011781896298316, 30.340622714132518 ], [ -91.011662442396712, 30.340560688460027 ], [ -91.011645592791524, 30.3405519393819 ], [ -91.011442359358597, 30.340451258920194 ], [ -91.011129089231062, 30.340296070558725 ], [ -91.010789389268865, 30.340127786867736 ], [ -91.010392348450992, 30.339931095472352 ] ] ], [ [ [ -91.012157416871531, 30.335775294850173 ], [ -91.012020959422728, 30.335793685392677 ], [ -91.011734564998122, 30.335888624700303 ], [ -91.011025178011323, 30.335924703225594 ], [ -91.010315790509566, 30.335960777941295 ], [ -91.009216762897879, 30.336158808958221 ], [ -91.009112322711388, 30.336228926214282 ], [ -91.009007882374618, 30.336299044288712 ], [ -91.008850574958359, 30.336662983806384 ], [ -91.008682631491084, 30.337127775312137 ], [ -91.008670337027283, 30.337210699435346 ], [ -91.008665296605983, 30.33725320164141 ], [ -91.008625681395827, 30.337376403630397 ], [ -91.008512362027844, 30.337554691202918 ], [ -91.008369647734369, 30.337728658335692 ], [ -91.008251649449264, 30.337838908837142 ], [ -91.008035577452944, 30.337961672687467 ], [ -91.007765768449801, 30.338029034258696 ], [ -91.007594116333962, 30.338058372593597 ], [ -91.007314713810274, 30.338061934100953 ], [ -91.007059972734822, 30.338018790604739 ], [ -91.006751792490618, 30.337930990032767 ], [ -91.007177621971266, 30.338399822463344 ], [ -91.007323545528692, 30.338558527996781 ], [ -91.007518210017878, 30.338770385843709 ], [ -91.007694805868994, 30.338962541906056 ], [ -91.007852971325832, 30.339121221974242 ], [ -91.007956483068995, 30.339223449511014 ], [ -91.008262966088921, 30.339499425598735 ], [ -91.008507871392965, 30.339702724552087 ], [ -91.008767003829988, 30.339904618227685 ], [ -91.009011271010749, 30.340081622706233 ], [ -91.00935710137145, 30.340310406961596 ], [ -91.009459347134893, 30.340199080398346 ], [ -91.009553212623103, 30.340102564777894 ], [ -91.009634137733897, 30.340028713526163 ], [ -91.009707698759797, 30.339962349725884 ], [ -91.009802451590289, 30.339885443422887 ], [ -91.009837946832363, 30.33985999255912 ], [ -91.00992962993044, 30.339798223242202 ], [ -91.010014905267582, 30.339744113317259 ], [ -91.009687216719826, 30.339581775790744 ], [ -91.009886891397429, 30.339369364509519 ], [ -91.010214531643939, 30.339020822950879 ], [ -91.010395515633789, 30.338828291836386 ], [ -91.010577354707195, 30.338634848719217 ], [ -91.010599405659249, 30.338611390031236 ], [ -91.010806031907578, 30.338450649043541 ], [ -91.011014913804672, 30.338288149608623 ], [ -91.011229730843411, 30.338121031079179 ], [ -91.011458543664901, 30.337943028073692 ], [ -91.011496924599328, 30.337913169766864 ], [ -91.011682722934268, 30.337789919706562 ], [ -91.011909006163492, 30.337639812879413 ], [ -91.012228743182106, 30.337427711693248 ], [ -91.012232102295485, 30.337428077093247 ], [ -91.0126884975152, 30.337477554012462 ], [ -91.012709699477412, 30.337484271154405 ], [ -91.013095332175581, 30.337606440039487 ], [ -91.013204352093325, 30.337672965065526 ], [ -91.013297692426903, 30.337729921236651 ], [ -91.013576825137505, 30.337548649031341 ], [ -91.012350588345299, 30.336127961331428 ], [ -91.012214617234534, 30.335890414948054 ], [ -91.012157416871531, 30.335775294850173 ] ] ] ] } },
{ "type": "Feature", "properties": { "ID": 61, "BG_ID": 130, "PARKID": "PRKLN", "FACILITY_NAME": "Parklawn Park", "CLASSIFICATION": "Neighborhood", "FULL_ADDRESS": "12228 PARKLAWN AVE", "CITY": "BATON ROUGE", "STATE": "LOUISIANA", "ZIP": 70816, "ACREAGE": 5.531, "AIRGUN_RANGE": "NO", "AIRNASIUM": "NO", "ARCHERY_RANGE": "NO", "BALL_MULTI_PURPOSE_FIELD": "YES", "BASKETBALL_INDOOR": "NO", "BASKETBALL_OUTDOOR": "YES", "BIKE_REPAIR_STATION": "NO", "BIRD_WATCHING_WILDLIFE_VIEWING": "NO", "BLUEWAY_TRAILHEAD": "NO", "BMX": "NO", "CANOE_KAYAK_LAUNCH": "NO", "CRICKET_PITCH": "NO", "CROQUET_COURT": "NO", "DISC_GOLF": "NO", "DOG_PARK": "NO", "EQUESTRIAN": "NO", "FISHING_ACCESS": "NO", "FITNESS_CENTERS": "NO", "GARDEN_ARBORETUM": "NO", "GOLF_COURSE_9_HOLE": "NO", "GOLF_COURSE_18_HOLE": "NO", "GREENWAY_TRAILHEAD": "NO", "MOUNTAIN_BIKING": "NO", "NATURE_TRAILS": "NO", "OUTDOOR_FITNESS_STATION": "NO", "PAVILION": "NO", "PLAYGROUND": "YES", "PRIMITIVE_TRAILS": "NO", "RECREATION_CENTER": "YES", "RUGBY_FIELD": "NO", "RV_PARK": "NO", "SAND_VOLLEYBALL": "NO", "SHUFFLEBOARD": "NO", "SKATE_PARK": "NO", "SOCCER_FIELD": "NO", "SPLASH_PAD": "NO", "STADIUM": "NO", "SWIMMING_POOL": "NO", "TENNIS_CENTER": "NO", "TENNIS_COURTS": "YES", "VELODROME": "NO", "WALKING_LOOP_OUTDOOR": "NO", "WALKING_TRACK_INDOOR": "NO" }, "geometry": { "type": "Polygon", "coordinates": [ [ [ -91.046676147704048, 30.405404377913214 ], [ -91.046880796359915, 30.404348513273195 ], [ -91.045798955253673, 30.403799778203414 ], [ -91.04534555359426, 30.403595317106824 ], [ -91.045093617456644, 30.403996372303038 ], [ -91.045018150374318, 30.404116047079793 ], [ -91.044724865936516, 30.404521399112316 ], [ -91.045215509364994, 30.404728098549104 ], [ -91.045260666358828, 30.404749583757933 ], [ -91.046262407162857, 30.405070333956957 ], [ -91.046676147704048, 30.405404377913214 ] ] ] } },
{ "type": "Feature", "properties": { "ID": 62, "BG_ID": 48, "PARKID": "BDPRV", "FACILITY_NAME": "Boulevard de Province Park", "CLASSIFICATION": "Neighborhood", "FULL_ADDRESS": "1717 BOULEVARD DE PROVINCE", "CITY": "BATON ROUGE", "STATE": "LOUISIANA", "ZIP": 70816, "ACREAGE": 2.5, "AIRGUN_RANGE": "NO", "AIRNASIUM": "NO", "ARCHERY_RANGE": "NO", "BALL_MULTI_PURPOSE_FIELD": "NO", "BASKETBALL_INDOOR": "NO", "BASKETBALL_OUTDOOR": "YES", "BIKE_REPAIR_STATION": "NO", "BIRD_WATCHING_WILDLIFE_VIEWING": "NO", "BLUEWAY_TRAILHEAD": "NO", "BMX": "NO", "CANOE_KAYAK_LAUNCH": "NO", "CRICKET_PITCH": "NO", "CROQUET_COURT": "NO", "DISC_GOLF": "NO", "DOG_PARK": "NO", "EQUESTRIAN": "NO", "FISHING_ACCESS": "NO", "FITNESS_CENTERS": "NO", "GARDEN_ARBORETUM": "NO", "GOLF_COURSE_9_HOLE": "NO", "GOLF_COURSE_18_HOLE": "NO", "GREENWAY_TRAILHEAD": "NO", "MOUNTAIN_BIKING": "NO", "NATURE_TRAILS": "NO", "OUTDOOR_FITNESS_STATION": "YES", "PAVILION": "YES", "PLAYGROUND": "YES", "PRIMITIVE_TRAILS": "NO", "RECREATION_CENTER": "NO", "RUGBY_FIELD": "NO", "RV_PARK": "NO", "SAND_VOLLEYBALL": "NO", "SHUFFLEBOARD": "NO", "SKATE_PARK": "NO", "SOCCER_FIELD": "NO", "SPLASH_PAD": "NO", "STADIUM": "NO", "SWIMMING_POOL": "NO", "TENNIS_CENTER": "NO", "TENNIS_COURTS": "NO", "VELODROME": "NO", "WALKING_LOOP_OUTDOOR": "NO", "WALKING_TRACK_INDOOR": "NO" }, "geometry": { "type": "Polygon", "coordinates": [ [ [ -91.045174916766342, 30.439191197425981 ], [ -91.043107362483923, 30.43891024435688 ], [ -91.043912622737011, 30.439714445645784 ], [ -91.045133378430094, 30.439416514071262 ], [ -91.045144295030838, 30.439355251225237 ], [ -91.045174916766342, 30.439191197425981 ] ] ] } },
{ "type": "Feature", "properties": { "ID": 63, "BG_ID": 151, "PARKID": "CDRCR", "FACILITY_NAME": "Cedarcrest Park", "CLASSIFICATION": "Neighborhood", "FULL_ADDRESS": "2490 SILVEREST AVE", "CITY": "BATON ROUGE", "STATE": "LOUISIANA", "ZIP": 70816, "ACREAGE": 5.0, "AIRGUN_RANGE": "NO", "AIRNASIUM": "NO", "ARCHERY_RANGE": "NO", "BALL_MULTI_PURPOSE_FIELD": "YES", "BASKETBALL_INDOOR": "NO", "BASKETBALL_OUTDOOR": "YES", "BIKE_REPAIR_STATION": "NO", "BIRD_WATCHING_WILDLIFE_VIEWING": "NO", "BLUEWAY_TRAILHEAD": "NO", "BMX": "NO", "CANOE_KAYAK_LAUNCH": "NO", "CRICKET_PITCH": "NO", "CROQUET_COURT": "NO", "DISC_GOLF": "NO", "DOG_PARK": "NO", "EQUESTRIAN": "NO", "FISHING_ACCESS": "NO", "FITNESS_CENTERS": "NO", "GARDEN_ARBORETUM": "NO", "GOLF_COURSE_9_HOLE": "NO", "GOLF_COURSE_18_HOLE": "NO", "GREENWAY_TRAILHEAD": "NO", "MOUNTAIN_BIKING": "NO", "NATURE_TRAILS": "NO", "OUTDOOR_FITNESS_STATION": "NO", "PAVILION": "YES", "PLAYGROUND": "NO", "PRIMITIVE_TRAILS": "NO", "RECREATION_CENTER": "YES", "RUGBY_FIELD": "NO", "RV_PARK": "NO", "SAND_VOLLEYBALL": "NO", "SHUFFLEBOARD": "NO", "SKATE_PARK": "NO", "SOCCER_FIELD": "NO", "SPLASH_PAD": "NO", "STADIUM": "NO", "SWIMMING_POOL": "NO", "TENNIS_CENTER": "NO", "TENNIS_COURTS": "YES", "VELODROME": "NO", "WALKING_LOOP_OUTDOOR": "NO", "WALKING_TRACK_INDOOR": "NO" }, "geometry": { "type": "Polygon", "coordinates": [ [ [ -91.073638130181365, 30.428286896957633 ], [ -91.073634869079399, 30.427761003477013 ], [ -91.071697525966655, 30.42773514816859 ], [ -91.071692573483233, 30.428094117069886 ], [ -91.071690678978712, 30.428231583057656 ], [ -91.071684793952286, 30.428658026061932 ], [ -91.071927145020268, 30.428661364098922 ], [ -91.072220147909448, 30.428665399805897 ], [ -91.072364787655488, 30.428667391189478 ], [ -91.072847891025802, 30.428674042233233 ], [ -91.073549649394025, 30.428673919019776 ], [ -91.073549527010996, 30.428616050896096 ], [ -91.07355265732933, 30.428590538850916 ], [ -91.073554690274023, 30.42857783245984 ], [ -91.073559291433511, 30.428554327737778 ], [ -91.073561992097964, 30.42854263930866 ], [ -91.073513744551249, 30.428529774592445 ], [ -91.073532407155255, 30.428477215163809 ], [ -91.073577894911352, 30.42848934466495 ], [ -91.073604806966202, 30.428425313371168 ], [ -91.073620051043363, 30.4283842659447 ], [ -91.073626018497805, 30.428363329434042 ], [ -91.073633897028685, 30.4283253301192 ], [ -91.073636471531827, 30.428306151423349 ], [ -91.073638130181365, 30.428286896957633 ] ] ] } },
{ "type": "Feature", "properties": { "ID": 64, "BG_ID": 143, "PARKID": "MAYFR", "FACILITY_NAME": "Mayfair Park", "CLASSIFICATION": "Neighborhood", "FULL_ADDRESS": "650 S SABINE DR", "CITY": "BATON ROUGE", "STATE": "LOUISIANA", "ZIP": 70810, "ACREAGE": 22.96, "AIRGUN_RANGE": "NO", "AIRNASIUM": "NO", "ARCHERY_RANGE": "NO", "BALL_MULTI_PURPOSE_FIELD": "NO", "BASKETBALL_INDOOR": "YES", "BASKETBALL_OUTDOOR": "YES", "BIKE_REPAIR_STATION": "NO", "BIRD_WATCHING_WILDLIFE_VIEWING": "NO", "BLUEWAY_TRAILHEAD": "NO", "BMX": "NO", "CANOE_KAYAK_LAUNCH": "NO", "CRICKET_PITCH": "NO", "CROQUET_COURT": "NO", "DISC_GOLF": "NO", "DOG_PARK": "NO", "EQUESTRIAN": "NO", "FISHING_ACCESS": "NO", "FITNESS_CENTERS": "NO", "GARDEN_ARBORETUM": "NO", "GOLF_COURSE_9_HOLE": "NO", "GOLF_COURSE_18_HOLE": "NO", "GREENWAY_TRAILHEAD": "NO", "MOUNTAIN_BIKING": "NO", "NATURE_TRAILS": "NO", "OUTDOOR_FITNESS_STATION": "NO", "PAVILION": "YES", "PLAYGROUND": "YES", "PRIMITIVE_TRAILS": "NO", "RECREATION_CENTER": "YES", "RUGBY_FIELD": "NO", "RV_PARK": "NO", "SAND_VOLLEYBALL": "NO", "SHUFFLEBOARD": "NO", "SKATE_PARK": "NO", "SOCCER_FIELD": "NO", "SPLASH_PAD": "NO", "STADIUM": "NO", "SWIMMING_POOL": "NO", "TENNIS_CENTER": "NO", "TENNIS_COURTS": "YES", "VELODROME": "NO", "WALKING_LOOP_OUTDOOR": "YES", "WALKING_TRACK_INDOOR": "NO" }, "geometry": { "type": "Polygon", "coordinates": [ [ [ -91.108167523466463, 30.376263065737014 ], [ -91.107837951735746, 30.37680840563814 ], [ -91.108345152962286, 30.376956153244226 ], [ -91.108497400437045, 30.377000505077667 ], [ -91.108628983140463, 30.377038832574236 ], [ -91.108809970472862, 30.377091552955466 ], [ -91.108990953835587, 30.377144273081079 ], [ -91.109172535186161, 30.37719488757385 ], [ -91.109368724243566, 30.377251561605469 ], [ -91.109647772869565, 30.377304832174328 ], [ -91.109926363162515, 30.377358013874449 ], [ -91.110112183788303, 30.377393486214629 ], [ -91.110313428603405, 30.377431902607977 ], [ -91.110514676693384, 30.377470319601844 ], [ -91.110700444699503, 30.377505781101291 ], [ -91.110886210759432, 30.377541241433725 ], [ -91.111069747164336, 30.377577227285979 ], [ -91.111094563469337, 30.377581013626191 ], [ -91.111167520320578, 30.377293703635196 ], [ -91.111399787160181, 30.377338043176252 ], [ -91.111367740812909, 30.377464244233085 ], [ -91.111818339783738, 30.377550262010175 ], [ -91.111957065660761, 30.377745648827958 ], [ -91.112046701004459, 30.37761547561761 ], [ -91.112287441703231, 30.377265861919962 ], [ -91.112468588802486, 30.37697257167952 ], [ -91.112541381238401, 30.376855573062322 ], [ -91.112615695120212, 30.376734127796517 ], [ -91.112679965965739, 30.3766298515825 ], [ -91.112822538740076, 30.376397703739478 ], [ -91.112956081059878, 30.376181026985485 ], [ -91.109248960048831, 30.374510133516495 ], [ -91.10911281312768, 30.374737335111622 ], [ -91.109041387627187, 30.374856527231557 ], [ -91.108949804299328, 30.374957645827234 ], [ -91.108596140251862, 30.374802372014145 ], [ -91.108479164705727, 30.374997575642404 ], [ -91.108384121217554, 30.375156177772862 ], [ -91.108289080545077, 30.375314780735618 ], [ -91.108194035413675, 30.375473380909938 ], [ -91.108098991015126, 30.375631982815168 ], [ -91.108003949432401, 30.375790585552735 ], [ -91.107908904426978, 30.375949187307832 ], [ -91.107813862237322, 30.376107789895247 ], [ -91.108167523466463, 30.376263065737014 ] ] ] } },
{ "type": "Feature", "properties": { "ID": 65, "BG_ID": 16, "PARKID": "DRSLA", "FACILITY_NAME": "Drusilla Lane Park", "CLASSIFICATION": "Neighborhood", "FULL_ADDRESS": "2546 DRUSILLA LN", "CITY": "BATON ROUGE", "STATE": "LOUISIANA", "ZIP": 70809, "ACREAGE": 5.03, "AIRGUN_RANGE": "NO", "AIRNASIUM": "NO", "ARCHERY_RANGE": "NO", "BALL_MULTI_PURPOSE_FIELD": "NO", "BASKETBALL_INDOOR": "NO", "BASKETBALL_OUTDOOR": "YES", "BIKE_REPAIR_STATION": "NO", "BIRD_WATCHING_WILDLIFE_VIEWING": "NO", "BLUEWAY_TRAILHEAD": "NO", "BMX": "NO", "CANOE_KAYAK_LAUNCH": "NO", "CRICKET_PITCH": "NO", "CROQUET_COURT": "NO", "DISC_GOLF": "NO", "DOG_PARK": "NO", "EQUESTRIAN": "NO", "FISHING_ACCESS": "NO", "FITNESS_CENTERS": "NO", "GARDEN_ARBORETUM": "NO", "GOLF_COURSE_9_HOLE": "NO", "GOLF_COURSE_18_HOLE": "NO", "GREENWAY_TRAILHEAD": "NO", "MOUNTAIN_BIKING": "NO", "NATURE_TRAILS": "NO", "OUTDOOR_FITNESS_STATION": "NO", "PAVILION": "YES", "PLAYGROUND": "NO", "PRIMITIVE_TRAILS": "NO", "RECREATION_CENTER": "YES", "RUGBY_FIELD": "NO", "RV_PARK": "NO", "SAND_VOLLEYBALL": "NO", "SHUFFLEBOARD": "NO", "SKATE_PARK": "NO", "SOCCER_FIELD": "NO", "SPLASH_PAD": "NO", "STADIUM": "NO", "SWIMMING_POOL": "NO", "TENNIS_CENTER": "NO", "TENNIS_COURTS": "YES", "VELODROME": "NO", "WALKING_LOOP_OUTDOOR": "NO", "WALKING_TRACK_INDOOR": "NO" }, "geometry": { "type": "Polygon", "coordinates": [ [ [ -91.086186237393065, 30.427815592601927 ], [ -91.086196124395187, 30.427403207335729 ], [ -91.085673553219308, 30.427387421870478 ], [ -91.085123830894318, 30.427370814799151 ], [ -91.084848702813531, 30.427362503139129 ], [ -91.084312712028463, 30.427346306395687 ], [ -91.084309092536927, 30.427354642067279 ], [ -91.084270208582566, 30.427452609302822 ], [ -91.084237379826263, 30.427552229727322 ], [ -91.084210693401204, 30.427653217548105 ], [ -91.084190229148419, 30.427755289664283 ], [ -91.084180441881344, 30.427820900652296 ], [ -91.084170283321427, 30.427924127002377 ], [ -91.084166460276762, 30.428027676506787 ], [ -91.084164669607631, 30.428312763705613 ], [ -91.086173828621199, 30.428333140023724 ], [ -91.086186237393065, 30.427815592601927 ] ] ] } },
{ "type": "Feature", "properties": { "ID": 66, "BG_ID": 64, "PARKID": "LFTST", "FACILITY_NAME": "Lafitte Street Park", "CLASSIFICATION": "Neighborhood", "FULL_ADDRESS": "400 LAFITTE DR", "CITY": "BATON ROUGE", "STATE": "LOUISIANA", "ZIP": 70819, "ACREAGE": 13.45, "AIRGUN_RANGE": "NO", "AIRNASIUM": "NO", "ARCHERY_RANGE": "NO", "BALL_MULTI_PURPOSE_FIELD": "NO", "BASKETBALL_INDOOR": "NO", "BASKETBALL_OUTDOOR": "YES", "BIKE_REPAIR_STATION": "NO", "BIRD_WATCHING_WILDLIFE_VIEWING": "NO", "BLUEWAY_TRAILHEAD": "NO", "BMX": "NO", "CANOE_KAYAK_LAUNCH": "NO", "CRICKET_PITCH": "NO", "CROQUET_COURT": "NO", "DISC_GOLF": "NO", "DOG_PARK": "NO", "EQUESTRIAN": "NO", "FISHING_ACCESS": "NO", "FITNESS_CENTERS": "NO", "GARDEN_ARBORETUM": "NO", "GOLF_COURSE_9_HOLE": "NO", "GOLF_COURSE_18_HOLE": "NO", "GREENWAY_TRAILHEAD": "NO", "MOUNTAIN_BIKING": "NO", "NATURE_TRAILS": "NO", "OUTDOOR_FITNESS_STATION": "NO", "PAVILION": "YES", "PLAYGROUND": "YES", "PRIMITIVE_TRAILS": "NO", "RECREATION_CENTER": "NO", "RUGBY_FIELD": "NO", "RV_PARK": "NO", "SAND_VOLLEYBALL": "NO", "SHUFFLEBOARD": "NO", "SKATE_PARK": "NO", "SOCCER_FIELD": "NO", "SPLASH_PAD": "NO", "STADIUM": "NO", "SWIMMING_POOL": "NO", "TENNIS_CENTER": "NO", "TENNIS_COURTS": "YES", "VELODROME": "NO", "WALKING_LOOP_OUTDOOR": "NO", "WALKING_TRACK_INDOOR": "NO" }, "geometry": { "type": "Polygon", "coordinates": [ [ [ -91.028090234101384, 30.458311685558119 ], [ -91.028085774320402, 30.45894762985629 ], [ -91.028461991988664, 30.458947350089179 ], [ -91.028642116111115, 30.458947413322907 ], [ -91.029036467304934, 30.458947303591039 ], [ -91.029815843550963, 30.458955369147283 ], [ -91.030559245097805, 30.45895467067557 ], [ -91.030819053792911, 30.458954426199433 ], [ -91.031071694234683, 30.458954186482369 ], [ -91.031539523988243, 30.4589537428391 ], [ -91.031603257327845, 30.458953682565522 ], [ -91.031228742813795, 30.458472681088256 ], [ -91.030777279032336, 30.458049507045271 ], [ -91.028097059515829, 30.457135966927986 ], [ -91.028090234101384, 30.458311685558119 ] ] ] } },
{ "type": "Feature", "properties": { "ID": 67, "BG_ID": 142, "PARKID": "RULBF", "FACILITY_NAME": "Rue Lebouef Park", "CLASSIFICATION": "Neighborhood", "FULL_ADDRESS": "11550 RUE LEBOUEF", "CITY": "BATON ROUGE", "STATE": "LOUISIANA", "ZIP": 70810, "ACREAGE": 6.4, "AIRGUN_RANGE": "NO", "AIRNASIUM": "NO", "ARCHERY_RANGE": "NO", "BALL_MULTI_PURPOSE_FIELD": "YES", "BASKETBALL_INDOOR": "NO", "BASKETBALL_OUTDOOR": "NO", "BIKE_REPAIR_STATION": "NO", "BIRD_WATCHING_WILDLIFE_VIEWING": "NO", "BLUEWAY_TRAILHEAD": "NO", "BMX": "NO", "CANOE_KAYAK_LAUNCH": "NO", "CRICKET_PITCH": "NO", "CROQUET_COURT": "NO", "DISC_GOLF": "NO", "DOG_PARK": "NO", "EQUESTRIAN": "NO", "FISHING_ACCESS": "NO", "FITNESS_CENTERS": "NO", "GARDEN_ARBORETUM": "NO", "GOLF_COURSE_9_HOLE": "NO", "GOLF_COURSE_18_HOLE": "NO", "GREENWAY_TRAILHEAD": "NO", "MOUNTAIN_BIKING": "NO", "NATURE_TRAILS": "NO", "OUTDOOR_FITNESS_STATION": "NO", "PAVILION": "YES", "PLAYGROUND": "YES", "PRIMITIVE_TRAILS": "NO", "RECREATION_CENTER": "NO", "RUGBY_FIELD": "NO", "RV_PARK": "NO", "SAND_VOLLEYBALL": "NO", "SHUFFLEBOARD": "NO", "SKATE_PARK": "NO", "SOCCER_FIELD": "NO", "SPLASH_PAD": "NO", "STADIUM": "NO", "SWIMMING_POOL": "NO", "TENNIS_CENTER": "NO", "TENNIS_COURTS": "YES", "VELODROME": "NO", "WALKING_LOOP_OUTDOOR": "NO", "WALKING_TRACK_INDOOR": "NO" }, "geometry": { "type": "Polygon", "coordinates": [ [ [ -91.091799813967057, 30.369938089378017 ], [ -91.091934431150207, 30.369704967562118 ], [ -91.092056999717457, 30.36949270991532 ], [ -91.092176880688541, 30.369285106585142 ], [ -91.092305256948791, 30.369062788241116 ], [ -91.092410375883674, 30.368880746719285 ], [ -91.092521326097696, 30.368688606799481 ], [ -91.092629535576918, 30.368501211342153 ], [ -91.092749358788495, 30.368293702057784 ], [ -91.092319809990698, 30.368095776176379 ], [ -91.091730967559755, 30.367824452447028 ], [ -91.091673838738956, 30.367919828979559 ], [ -91.091556910828885, 30.368115037061614 ], [ -91.091439983490858, 30.368310248640405 ], [ -91.091323051534317, 30.368505459195895 ], [ -91.091206125364693, 30.368700667845062 ], [ -91.091089195616803, 30.368895875472905 ], [ -91.09097226227307, 30.369091089296145 ], [ -91.090855331606321, 30.369286296696828 ], [ -91.090723786403842, 30.36950590241041 ], [ -91.091452144177211, 30.369837978936417 ], [ -91.091508826292809, 30.369859145800007 ], [ -91.091537855023958, 30.369868237054753 ], [ -91.091567280524615, 30.369876313264662 ], [ -91.091597054968602, 30.369883361712603 ], [ -91.091627131567819, 30.369889370585515 ], [ -91.091686120043974, 30.369901625237354 ], [ -91.091715147131609, 30.36990926497149 ], [ -91.091743802480025, 30.369917899035691 ], [ -91.091772039311508, 30.369927512008907 ], [ -91.091799813967057, 30.369938089378017 ] ] ] } },
{ "type": "Feature", "properties": { "ID": 68, "BG_ID": 76, "PARKID": "JFHWY", "FACILITY_NAME": "Jefferson Highway Park", "CLASSIFICATION": "Neighborhood", "FULL_ADDRESS": "8133 JEFFERSON HWY", "CITY": "BATON ROUGE", "STATE": "LOUISIANA", "ZIP": 70809, "ACREAGE": 5.0, "AIRGUN_RANGE": "NO", "AIRNASIUM": "NO", "ARCHERY_RANGE": "NO", "BALL_MULTI_PURPOSE_FIELD": "NO", "BASKETBALL_INDOOR": "NO", "BASKETBALL_OUTDOOR": "YES", "BIKE_REPAIR_STATION": "NO", "BIRD_WATCHING_WILDLIFE_VIEWING": "NO", "BLUEWAY_TRAILHEAD": "NO", "BMX": "NO", "CANOE_KAYAK_LAUNCH": "NO", "CRICKET_PITCH": "NO", "CROQUET_COURT": "NO", "DISC_GOLF": "NO", "DOG_PARK": "NO", "EQUESTRIAN": "NO", "FISHING_ACCESS": "NO", "FITNESS_CENTERS": "NO", "GARDEN_ARBORETUM": "NO", "GOLF_COURSE_9_HOLE": "NO", "GOLF_COURSE_18_HOLE": "NO", "GREENWAY_TRAILHEAD": "NO", "MOUNTAIN_BIKING": "NO", "NATURE_TRAILS": "NO", "OUTDOOR_FITNESS_STATION": "NO", "PAVILION": "YES", "PLAYGROUND": "YES", "PRIMITIVE_TRAILS": "NO", "RECREATION_CENTER": "YES", "RUGBY_FIELD": "NO", "RV_PARK": "NO", "SAND_VOLLEYBALL": "YES", "SHUFFLEBOARD": "NO", "SKATE_PARK": "NO", "SOCCER_FIELD": "NO", "SPLASH_PAD": "NO", "STADIUM": "NO", "SWIMMING_POOL": "NO", "TENNIS_CENTER": "NO", "TENNIS_COURTS": "YES", "VELODROME": "NO", "WALKING_LOOP_OUTDOOR": "YES", "WALKING_TRACK_INDOOR": "NO" }, "geometry": { "type": "Polygon", "coordinates": [ [ [ -91.103252120881194, 30.423380102728185 ], [ -91.103066301314044, 30.423243469490952 ], [ -91.103042431042141, 30.423226432610797 ], [ -91.102743443720712, 30.42301376425555 ], [ -91.099891501324464, 30.425673766802998 ], [ -91.100202677696416, 30.425944163046584 ], [ -91.10043627493981, 30.425747755823966 ], [ -91.100660416534993, 30.425559296958863 ], [ -91.100884961959053, 30.425370497426758 ], [ -91.101089544844001, 30.425198481835508 ], [ -91.101267073126877, 30.425049211446073 ], [ -91.101484555282212, 30.424866348634996 ], [ -91.101696193898292, 30.424688397002747 ], [ -91.101960510082506, 30.424466151870845 ], [ -91.102254703928523, 30.424218784801273 ], [ -91.10240293400669, 30.424094145430125 ], [ -91.103252120881194, 30.423380102728185 ] ] ] } },
{ "type": "Feature", "properties": { "ID": 69, "BG_ID": 70, "PARKID": "HLNRD", "FACILITY_NAME": "Highland Road Community Park", "CLASSIFICATION": "Community", "FULL_ADDRESS": "14024 HIGHLAND RD", "CITY": "BATON ROUGE", "STATE": "LOUISIANA", "ZIP": 70810, "ACREAGE": 144.963, "AIRGUN_RANGE": "NO", "AIRNASIUM": "NO", "ARCHERY_RANGE": "NO", "BALL_MULTI_PURPOSE_FIELD": "NO", "BASKETBALL_INDOOR": "YES", "BASKETBALL_OUTDOOR": "NO", "BIKE_REPAIR_STATION": "NO", "BIRD_WATCHING_WILDLIFE_VIEWING": "YES", "BLUEWAY_TRAILHEAD": "YES", "BMX": "NO", "CANOE_KAYAK_LAUNCH": "YES", "CRICKET_PITCH": "NO", "CROQUET_COURT": "NO", "DISC_GOLF": "YES", "DOG_PARK": "NO", "EQUESTRIAN": "NO", "FISHING_ACCESS": "NO", "FITNESS_CENTERS": "NO", "GARDEN_ARBORETUM": "NO", "GOLF_COURSE_9_HOLE": "NO", "GOLF_COURSE_18_HOLE": "NO", "GREENWAY_TRAILHEAD": "NO", "MOUNTAIN_BIKING": "NO", "NATURE_TRAILS": "NO", "OUTDOOR_FITNESS_STATION": "YES", "PAVILION": "YES", "PLAYGROUND": "NO", "PRIMITIVE_TRAILS": "YES", "RECREATION_CENTER": "YES", "RUGBY_FIELD": "YES", "RV_PARK": "NO", "SAND_VOLLEYBALL": "NO", "SHUFFLEBOARD": "NO", "SKATE_PARK": "NO", "SOCCER_FIELD": "NO", "SPLASH_PAD": "YES", "STADIUM": "NO", "SWIMMING_POOL": "NO", "TENNIS_CENTER": "YES", "TENNIS_COURTS": "YES", "VELODROME": "NO", "WALKING_LOOP_OUTDOOR": "YES", "WALKING_TRACK_INDOOR": "NO" }, "geometry": { "type": "MultiPolygon", "coordinates": [ [ [ [ -91.073890955157268, 30.347517460137471 ], [ -91.073751597884808, 30.34752017237626 ], [ -91.073712655574255, 30.34752183601945 ], [ -91.073576607568754, 30.347531063266388 ], [ -91.073480218016115, 30.347540802292652 ], [ -91.07344461072249, 30.34754509664057 ], [ -91.073310512959594, 30.347564632198949 ], [ -91.073178672890307, 30.347589072302981 ], [ -91.073046794312205, 30.347618659612472 ], [ -91.073028000634253, 30.347623316239833 ], [ -91.07278807187879, 30.347684286601133 ], [ -91.071669458979002, 30.347968539442391 ], [ -91.071647036741169, 30.347974164764544 ], [ -91.071591248030046, 30.347987794218419 ], [ -91.07142421080512, 30.348025008815974 ], [ -91.071254657728076, 30.348056967056994 ], [ -91.071098294620754, 30.348081348317997 ], [ -91.071084453463541, 30.348083391176448 ], [ -91.071025199776869, 30.348091569308288 ], [ -91.070965946080378, 30.34809974741356 ], [ -91.070879325796326, 30.348109816972691 ], [ -91.069774430124482, 30.349920984853753 ], [ -91.069563869502204, 30.350266129431652 ], [ -91.069040282782836, 30.351124369375562 ], [ -91.070266238678684, 30.351711452790937 ], [ -91.07148344626367, 30.352294332436824 ], [ -91.072121216908201, 30.352599732063695 ], [ -91.072159883526353, 30.352618247510808 ], [ -91.073662687158844, 30.353325859270065 ], [ -91.074282121142801, 30.353624494352207 ], [ -91.074313806140211, 30.353576631299273 ], [ -91.074403202109224, 30.35342874510609 ], [ -91.073779134425081, 30.353135102736839 ], [ -91.073955403838966, 30.352846346194703 ], [ -91.074265502473011, 30.352338352790735 ], [ -91.074890176701956, 30.352624174678539 ], [ -91.075270485191439, 30.35199890554188 ], [ -91.075742491514504, 30.351198295179003 ], [ -91.07679225158661, 30.349469652644466 ], [ -91.077116628045587, 30.348927780576311 ], [ -91.077192879840183, 30.348802884051043 ], [ -91.07727839842677, 30.348647135404917 ], [ -91.077035858862487, 30.348585585404514 ], [ -91.077012734814303, 30.348579472084253 ], [ -91.076871781736543, 30.348540222202715 ], [ -91.076755431403882, 30.348503229206454 ], [ -91.076618467844114, 30.348454157464481 ], [ -91.076483729569176, 30.348399733205852 ], [ -91.076330539354245, 30.348330098607246 ], [ -91.076290824152764, 30.348310774032175 ], [ -91.075310086068214, 30.347827761538493 ], [ -91.075292003131381, 30.347819094879313 ], [ -91.075177651684683, 30.347766323860892 ], [ -91.075082473671912, 30.347726881840728 ], [ -91.074965396434209, 30.347683654093043 ], [ -91.074826702692718, 30.347639529653772 ], [ -91.074705806546589, 30.347607014821744 ], [ -91.074582690731361, 30.347579343445368 ], [ -91.074477905273454, 30.347559968447367 ], [ -91.074352562096493, 30.347541701450403 ], [ -91.074206668359523, 30.347526985311045 ], [ -91.074099494322297, 30.347520596546385 ], [ -91.073981868094791, 30.347517806423848 ], [ -91.073963848531619, 30.347517603258368 ], [ -91.073890955157268, 30.347517460137471 ] ] ], [ [ [ -91.077808506997386, 30.348779497372732 ], [ -91.07753013107812, 30.349214988395918 ], [ -91.077181571489888, 30.349117657956107 ], [ -91.075802775396951, 30.351398029456128 ], [ -91.076218386318004, 30.351586635368061 ], [ -91.075878234229037, 30.352183253520398 ], [ -91.075460422259511, 30.351978721939709 ], [ -91.075437002559454, 30.352017728321457 ], [ -91.075340653353521, 30.352178202277507 ], [ -91.074412928866025, 30.353703016381619 ], [ -91.075154186206078, 30.354056833149475 ], [ -91.075408469815613, 30.353628007746867 ], [ -91.075585438825129, 30.353329109890094 ], [ -91.075725878028706, 30.353091912128775 ], [ -91.075829255143063, 30.35291730843959 ], [ -91.075954281110953, 30.352706139452597 ], [ -91.076090451824726, 30.352476151590924 ], [ -91.076233331216812, 30.352234824551928 ], [ -91.076363423277513, 30.352014359796481 ], [ -91.076492802245184, 30.351795103237102 ], [ -91.076623418654108, 30.351573748845073 ], [ -91.076759037191408, 30.351345724845359 ], [ -91.076893181695411, 30.351117912534008 ], [ -91.07701384643201, 30.350912998203142 ], [ -91.077143630116126, 30.350692590649121 ], [ -91.077273417385172, 30.350472182963099 ], [ -91.077403199917939, 30.350251775128918 ], [ -91.077544142548845, 30.350012413892582 ], [ -91.07767215099922, 30.349795020778028 ], [ -91.077799801603902, 30.349578233050647 ], [ -91.077922331587303, 30.349370136993002 ], [ -91.078211892753657, 30.348878374513131 ], [ -91.077808506997386, 30.348779497372732 ] ] ], [ [ [ -91.0713157676051, 30.34382839817226 ], [ -91.068644664155613, 30.34832051917196 ], [ -91.068819603362215, 30.34824515132571 ], [ -91.068965017448733, 30.348190818098434 ], [ -91.069112880322294, 30.348139822886811 ], [ -91.069262460681557, 30.348096119050645 ], [ -91.069374186627684, 30.348065698698772 ], [ -91.069483823600933, 30.34804245483862 ], [ -91.069633262570349, 30.348010368513741 ], [ -91.069793315371712, 30.347979275661217 ], [ -91.069960335663495, 30.347951794100116 ], [ -91.070114368293062, 30.347928060862035 ], [ -91.070341040107706, 30.347897232662309 ], [ -91.07058955420824, 30.347866082160277 ], [ -91.070919972131406, 30.347827674978355 ], [ -91.071032929160339, 30.347812082671261 ], [ -91.071043629967534, 30.347810501776436 ], [ -91.071069256687807, 30.347806504902849 ], [ -91.071192927315806, 30.347787222464397 ], [ -91.071351085974996, 30.347757413977071 ], [ -91.071508821742668, 30.347722270313529 ], [ -91.071560011052526, 30.347709764825165 ], [ -91.071580847039485, 30.347704537811651 ], [ -91.072939880816421, 30.347359191080503 ], [ -91.072963533925602, 30.34735332800409 ], [ -91.073105810112594, 30.3473214076635 ], [ -91.073251092617994, 30.347294475415751 ], [ -91.073396518112176, 30.347273289700855 ], [ -91.073440041018216, 30.347268043880014 ], [ -91.073545892694483, 30.347257344704477 ], [ -91.073622765215021, 30.347250382737133 ], [ -91.073740243014058, 30.347245364264385 ], [ -91.073887753803518, 30.347242492139131 ], [ -91.073966271905292, 30.34724264630443 ], [ -91.073988272870878, 30.34724289517354 ], [ -91.074114699702946, 30.347245895608975 ], [ -91.07423586502847, 30.347253114675137 ], [ -91.074397173031457, 30.347269384651039 ], [ -91.074537252911298, 30.347289802226815 ], [ -91.074655542739279, 30.34731167358526 ], [ -91.074792567935731, 30.347342473554171 ], [ -91.074928303201787, 30.347378976673951 ], [ -91.075082151127532, 30.347427920811995 ], [ -91.075212967404596, 30.347476223483465 ], [ -91.0753205145556, 30.347520792778308 ], [ -91.075443137338056, 30.347577380391936 ], [ -91.075465032749563, 30.347587874018597 ], [ -91.076446655321831, 30.348071321027511 ], [ -91.076481716539732, 30.34808838214866 ], [ -91.076624316906646, 30.348153201312368 ], [ -91.076745974394782, 30.348202341657661 ], [ -91.076870560143846, 30.348246978852909 ], [ -91.076974841104999, 30.348280133330167 ], [ -91.077107417465939, 30.348317051156151 ], [ -91.077126601016275, 30.348322122104598 ], [ -91.077343847041391, 30.348377255881058 ], [ -91.077490013032971, 30.348425865674098 ], [ -91.078360684358415, 30.348654063769832 ], [ -91.078947672504327, 30.34768340527339 ], [ -91.078565657614121, 30.347376971876116 ], [ -91.078486553780593, 30.347345600157329 ], [ -91.078222372235103, 30.347264831803471 ], [ -91.077813243961728, 30.347198446390216 ], [ -91.077536834326281, 30.347186118295649 ], [ -91.077160615267275, 30.347157186837357 ], [ -91.076856925576948, 30.347133597567112 ], [ -91.076624658526725, 30.347067410955514 ], [ -91.076247966509285, 30.346903136711322 ], [ -91.07591655136774, 30.346682422777384 ], [ -91.075551417718131, 30.346436299359869 ], [ -91.074910370179225, 30.34603868707763 ], [ -91.07463118420381, 30.345904377363603 ], [ -91.074536563607097, 30.345809813751977 ], [ -91.074504351601874, 30.345770681353194 ], [ -91.074388285713084, 30.345629690241115 ], [ -91.074299605432628, 30.345559142227394 ], [ -91.074015015378194, 30.345415194223754 ], [ -91.073820046455154, 30.345348397460889 ], [ -91.073651990476606, 30.345207498404928 ], [ -91.073633173536678, 30.34500829267585 ], [ -91.07359713049658, 30.344965954550389 ], [ -91.073541984989134, 30.344893030839586 ], [ -91.073135053518385, 30.344671801331579 ], [ -91.072885493707119, 30.344545726511519 ], [ -91.072644060352957, 30.344397196690085 ], [ -91.072403482513892, 30.344233672400151 ], [ -91.072234366614722, 30.344068151824644 ], [ -91.072061587296901, 30.343944481506927 ], [ -91.07191856485457, 30.343897639982316 ], [ -91.071780963149834, 30.343867514236706 ], [ -91.071484759549833, 30.343866927496038 ], [ -91.0713157676051, 30.34382839817226 ] ] ] ] } },
{ "type": "Feature", "properties": { "ID": 70, "BG_ID": 149, "PARKID": "SHARP", "FACILITY_NAME": "Sharp Road Park", "CLASSIFICATION": "Neighborhood", "FULL_ADDRESS": "501 SHARP RD", "CITY": "BATON ROUGE", "STATE": "LOUISIANA", "ZIP": 70815, "ACREAGE": 12.118, "AIRGUN_RANGE": "NO", "AIRNASIUM": "NO", "ARCHERY_RANGE": "NO", "BALL_MULTI_PURPOSE_FIELD": "NO", "BASKETBALL_INDOOR": "NO", "BASKETBALL_OUTDOOR": "YES", "BIKE_REPAIR_STATION": "NO", "BIRD_WATCHING_WILDLIFE_VIEWING": "NO", "BLUEWAY_TRAILHEAD": "NO", "BMX": "NO", "CANOE_KAYAK_LAUNCH": "NO", "CRICKET_PITCH": "NO", "CROQUET_COURT": "NO", "DISC_GOLF": "NO", "DOG_PARK": "NO", "EQUESTRIAN": "NO", "FISHING_ACCESS": "NO", "FITNESS_CENTERS": "NO", "GARDEN_ARBORETUM": "NO", "GOLF_COURSE_9_HOLE": "NO", "GOLF_COURSE_18_HOLE": "NO", "GREENWAY_TRAILHEAD": "NO", "MOUNTAIN_BIKING": "NO", "NATURE_TRAILS": "NO", "OUTDOOR_FITNESS_STATION": "NO", "PAVILION": "NO", "PLAYGROUND": "YES", "PRIMITIVE_TRAILS": "NO", "RECREATION_CENTER": "YES", "RUGBY_FIELD": "NO", "RV_PARK": "NO", "SAND_VOLLEYBALL": "NO", "SHUFFLEBOARD": "NO", "SKATE_PARK": "NO", "SOCCER_FIELD": "NO", "SPLASH_PAD": "NO", "STADIUM": "NO", "SWIMMING_POOL": "NO", "TENNIS_CENTER": "NO", "TENNIS_COURTS": "YES", "VELODROME": "NO", "WALKING_LOOP_OUTDOOR": "NO", "WALKING_TRACK_INDOOR": "NO" }, "geometry": { "type": "Polygon", "coordinates": [ [ [ -91.070695669900061, 30.450867036112744 ], [ -91.070525197303681, 30.450228862948762 ], [ -91.070511417232751, 30.450177276282279 ], [ -91.070489822430986, 30.450098769546873 ], [ -91.070483901778672, 30.450080442849835 ], [ -91.070267147797395, 30.449317367201331 ], [ -91.070263522976049, 30.449305748414709 ], [ -91.070243847956732, 30.449250237658493 ], [ -91.07022342947603, 30.449205756056703 ], [ -91.070211337561048, 30.449182418638681 ], [ -91.070109077293708, 30.448988102813697 ], [ -91.068050610026802, 30.448355964262056 ], [ -91.067994437776377, 30.448503494191918 ], [ -91.067951060476517, 30.448601538179016 ], [ -91.067964635688398, 30.448686339329527 ], [ -91.067999018600787, 30.448801264799744 ], [ -91.068072982940322, 30.44896539333714 ], [ -91.068182873583197, 30.449092114221841 ], [ -91.068275160683442, 30.449203807157449 ], [ -91.068299001558145, 30.449337660501644 ], [ -91.068286742654664, 30.449585683640326 ], [ -91.068282598790063, 30.44977207216067 ], [ -91.068275144083927, 30.449942017234296 ], [ -91.068283783649122, 30.450045073743897 ], [ -91.06832187212936, 30.4501700836454 ], [ -91.068388588903616, 30.450357342082039 ], [ -91.068459718267974, 30.450533383828731 ], [ -91.068496607513197, 30.450827463581913 ], [ -91.068476647229218, 30.450860793350216 ], [ -91.070695669900061, 30.450867036112744 ] ] ] } },
{ "type": "Feature", "properties": { "ID": 71, "BG_ID": 75, "PARKID": "INDST", "FACILITY_NAME": "Industriplex Park", "CLASSIFICATION": "Neighborhood", "FULL_ADDRESS": "10777 INDUSTRIPLEX BLVD", "CITY": "BATON ROUGE", "STATE": "LOUISIANA", "ZIP": 70809, "ACREAGE": 8.862, "AIRGUN_RANGE": "NO", "AIRNASIUM": "NO", "ARCHERY_RANGE": "NO", "BALL_MULTI_PURPOSE_FIELD": "NO", "BASKETBALL_INDOOR": "NO", "BASKETBALL_OUTDOOR": "NO", "BIKE_REPAIR_STATION": "NO", "BIRD_WATCHING_WILDLIFE_VIEWING": "NO", "BLUEWAY_TRAILHEAD": "NO", "BMX": "NO", "CANOE_KAYAK_LAUNCH": "NO", "CRICKET_PITCH": "NO", "CROQUET_COURT": "NO", "DISC_GOLF": "NO", "DOG_PARK": "NO", "EQUESTRIAN": "NO", "FISHING_ACCESS": "NO", "FITNESS_CENTERS": "NO", "GARDEN_ARBORETUM": "NO", "GOLF_COURSE_9_HOLE": "NO", "GOLF_COURSE_18_HOLE": "NO", "GREENWAY_TRAILHEAD": "NO", "MOUNTAIN_BIKING": "NO", "NATURE_TRAILS": "NO", "OUTDOOR_FITNESS_STATION": "NO", "PAVILION": "NO", "PLAYGROUND": "YES", "PRIMITIVE_TRAILS": "NO", "RECREATION_CENTER": "NO", "RUGBY_FIELD": "NO", "RV_PARK": "NO", "SAND_VOLLEYBALL": "YES", "SHUFFLEBOARD": "NO", "SKATE_PARK": "NO", "SOCCER_FIELD": "NO", "SPLASH_PAD": "NO", "STADIUM": "NO", "SWIMMING_POOL": "NO", "TENNIS_CENTER": "NO", "TENNIS_COURTS": "NO", "VELODROME": "NO", "WALKING_LOOP_OUTDOOR": "NO", "WALKING_TRACK_INDOOR": "NO" }, "geometry": { "type": "Polygon", "coordinates": [ [ [ -91.066251603635351, 30.388798688964311 ], [ -91.065110006964332, 30.39067031354681 ], [ -91.065753884710176, 30.3909444410058 ], [ -91.065922633712503, 30.390672735882362 ], [ -91.066216712340008, 30.390463283963818 ], [ -91.066636067024675, 30.390252228603597 ], [ -91.068798934988479, 30.389969035731042 ], [ -91.067090911533057, 30.389184309609362 ], [ -91.066251603635351, 30.388798688964311 ] ] ] } },
{ "type": "Feature", "properties": { "ID": 72, "BG_ID": 131, "PARKID": "PRKVW", "FACILITY_NAME": "Parkview Park", "CLASSIFICATION": "Neighborhood", "FULL_ADDRESS": "9000 N PARKVIEW DR", "CITY": "BATON ROUGE", "STATE": "LOUISIANA", "ZIP": 70815, "ACREAGE": 5.0, "AIRGUN_RANGE": "NO", "AIRNASIUM": "NO", "ARCHERY_RANGE": "NO", "BALL_MULTI_PURPOSE_FIELD": "YES", "BASKETBALL_INDOOR": "NO", "BASKETBALL_OUTDOOR": "YES", "BIKE_REPAIR_STATION": "NO", "BIRD_WATCHING_WILDLIFE_VIEWING": "NO", "BLUEWAY_TRAILHEAD": "NO", "BMX": "NO", "CANOE_KAYAK_LAUNCH": "NO", "CRICKET_PITCH": "NO", "CROQUET_COURT": "NO", "DISC_GOLF": "NO", "DOG_PARK": "NO", "EQUESTRIAN": "NO", "FISHING_ACCESS": "NO", "FITNESS_CENTERS": "NO", "GARDEN_ARBORETUM": "NO", "GOLF_COURSE_9_HOLE": "NO", "GOLF_COURSE_18_HOLE": "NO", "GREENWAY_TRAILHEAD": "NO", "MOUNTAIN_BIKING": "NO", "NATURE_TRAILS": "NO", "OUTDOOR_FITNESS_STATION": "NO", "PAVILION": "YES", "PLAYGROUND": "YES", "PRIMITIVE_TRAILS": "NO", "RECREATION_CENTER": "NO", "RUGBY_FIELD": "NO", "RV_PARK": "NO", "SAND_VOLLEYBALL": "NO", "SHUFFLEBOARD": "NO", "SKATE_PARK": "NO", "SOCCER_FIELD": "NO", "SPLASH_PAD": "NO", "STADIUM": "NO", "SWIMMING_POOL": "NO", "TENNIS_CENTER": "NO", "TENNIS_COURTS": "YES", "VELODROME": "NO", "WALKING_LOOP_OUTDOOR": "YES", "WALKING_TRACK_INDOOR": "NO" }, "geometry": { "type": "Polygon", "coordinates": [ [ [ -91.090473519524679, 30.446046675548352 ], [ -91.090023254828921, 30.445402825801477 ], [ -91.088724977638662, 30.446108290162176 ], [ -91.088689528051546, 30.44612704199622 ], [ -91.088618417251482, 30.446162105115683 ], [ -91.088535123480455, 30.446196897574563 ], [ -91.088448933162795, 30.446226623042612 ], [ -91.088360337452016, 30.446250973912402 ], [ -91.088264817855475, 30.446270750070767 ], [ -91.088178264125219, 30.446283149326685 ], [ -91.088142882596003, 30.446286080448381 ], [ -91.088203653119734, 30.446688638339445 ], [ -91.088256095011033, 30.447041773772696 ], [ -91.088305699552592, 30.447036547919357 ], [ -91.088412196325748, 30.447019519954917 ], [ -91.088603187472145, 30.446979730026172 ], [ -91.088703588138628, 30.446955936669564 ], [ -91.088868559903574, 30.446895633628223 ], [ -91.088956590113028, 30.44685883717575 ], [ -91.088988755022086, 30.44684390312462 ], [ -91.089064574061069, 30.446805555012208 ], [ -91.089081841488479, 30.44679633516515 ], [ -91.089942146685175, 30.44633535772488 ], [ -91.090473519524679, 30.446046675548352 ] ] ] } },
{ "type": "Feature", "properties": { "ID": 73, "BG_ID": 160, "PARKID": "OHHWY", "FACILITY_NAME": "Old Hammond Highway Park", "CLASSIFICATION": "Neighborhood", "FULL_ADDRESS": "8900 OLD HAMMOND HWY", "CITY": "BATON ROUGE", "STATE": "LOUISIANA", "ZIP": 70806, "ACREAGE": 12.9, "AIRGUN_RANGE": "NO", "AIRNASIUM": "NO", "ARCHERY_RANGE": "NO", "BALL_MULTI_PURPOSE_FIELD": "NO", "BASKETBALL_INDOOR": "NO", "BASKETBALL_OUTDOOR": "NO", "BIKE_REPAIR_STATION": "NO", "BIRD_WATCHING_WILDLIFE_VIEWING": "NO", "BLUEWAY_TRAILHEAD": "NO", "BMX": "NO", "CANOE_KAYAK_LAUNCH": "NO", "CRICKET_PITCH": "NO", "CROQUET_COURT": "NO", "DISC_GOLF": "NO", "DOG_PARK": "NO", "EQUESTRIAN": "NO", "FISHING_ACCESS": "NO", "FITNESS_CENTERS": "NO", "GARDEN_ARBORETUM": "NO", "GOLF_COURSE_9_HOLE": "NO", "GOLF_COURSE_18_HOLE": "NO", "GREENWAY_TRAILHEAD": "NO", "MOUNTAIN_BIKING": "NO", "NATURE_TRAILS": "NO", "OUTDOOR_FITNESS_STATION": "NO", "PAVILION": "NO", "PLAYGROUND": "YES", "PRIMITIVE_TRAILS": "NO", "RECREATION_CENTER": "NO", "RUGBY_FIELD": "NO", "RV_PARK": "NO", "SAND_VOLLEYBALL": "NO", "SHUFFLEBOARD": "NO", "SKATE_PARK": "YES", "SOCCER_FIELD": "NO", "SPLASH_PAD": "NO", "STADIUM": "NO", "SWIMMING_POOL": "NO", "TENNIS_CENTER": "NO", "TENNIS_COURTS": "YES", "VELODROME": "NO", "WALKING_LOOP_OUTDOOR": "YES", "WALKING_TRACK_INDOOR": "NO" }, "geometry": { "type": "Polygon", "coordinates": [ [ [ -91.089424779471088, 30.432323046542216 ], [ -91.090924921254185, 30.432721674795957 ], [ -91.089597279243847, 30.431068808701543 ], [ -91.089392889720926, 30.431066864885601 ], [ -91.088755988086916, 30.431060809937062 ], [ -91.088095654262119, 30.431054532559294 ], [ -91.0871286866779, 30.43105298557591 ], [ -91.086340575982135, 30.431055919821816 ], [ -91.086411840987935, 30.431424517497305 ], [ -91.086635394267375, 30.431493780943832 ], [ -91.087075168866392, 30.431780092370076 ], [ -91.08739175448892, 30.431991962369818 ], [ -91.087778580262238, 30.432074624800233 ], [ -91.088364637800495, 30.432155576024748 ], [ -91.088372353197087, 30.43215664214792 ], [ -91.08859471260628, 30.432187356693003 ], [ -91.088785583923041, 30.432206165561595 ], [ -91.088976454268902, 30.432224975054684 ], [ -91.089424779471088, 30.432323046542216 ] ] ] } },
{ "type": "Feature", "properties": { "ID": 74, "BG_ID": 26, "PARKID": "WEBBP", "FACILITY_NAME": "Webb Memorial Park and Golf Course", "CLASSIFICATION": "Golf Course", "FULL_ADDRESS": "1351 COUNTRY CLUB DR", "CITY": "BATON ROUGE", "STATE": "LOUISIANA", "ZIP": 70806, "ACREAGE": 91.477, "AIRGUN_RANGE": "NO", "AIRNASIUM": "NO", "ARCHERY_RANGE": "NO", "BALL_MULTI_PURPOSE_FIELD": "NO", "BASKETBALL_INDOOR": "NO", "BASKETBALL_OUTDOOR": "NO", "BIKE_REPAIR_STATION": "NO", "BIRD_WATCHING_WILDLIFE_VIEWING": "NO", "BLUEWAY_TRAILHEAD": "NO", "BMX": "NO", "CANOE_KAYAK_LAUNCH": "NO", "CRICKET_PITCH": "NO", "CROQUET_COURT": "NO", "DISC_GOLF": "NO", "DOG_PARK": "NO", "EQUESTRIAN": "NO", "FISHING_ACCESS": "NO", "FITNESS_CENTERS": "NO", "GARDEN_ARBORETUM": "NO", "GOLF_COURSE_9_HOLE": "NO", "GOLF_COURSE_18_HOLE": "YES", "GREENWAY_TRAILHEAD": "NO", "MOUNTAIN_BIKING": "NO", "NATURE_TRAILS": "NO", "OUTDOOR_FITNESS_STATION": "NO", "PAVILION": "YES", "PLAYGROUND": "YES", "PRIMITIVE_TRAILS": "NO", "RECREATION_CENTER": "YES", "RUGBY_FIELD": "NO", "RV_PARK": "NO", "SAND_VOLLEYBALL": "NO", "SHUFFLEBOARD": "NO", "SKATE_PARK": "NO", "SOCCER_FIELD": "NO", "SPLASH_PAD": "NO", "STADIUM": "NO", "SWIMMING_POOL": "NO", "TENNIS_CENTER": "NO", "TENNIS_COURTS": "NO", "VELODROME": "NO", "WALKING_LOOP_OUTDOOR": "NO", "WALKING_TRACK_INDOOR": "NO" }, "geometry": { "type": "MultiPolygon", "coordinates": [ [ [ [ -91.133940891180032, 30.435297170516328 ], [ -91.133408540691931, 30.435719833289152 ], [ -91.133150886701529, 30.435895320771806 ], [ -91.133450480015398, 30.436240157538261 ], [ -91.134791130273229, 30.437116535936184 ], [ -91.135123935893091, 30.437390275014995 ], [ -91.135187845107097, 30.437468771662623 ], [ -91.135721444017577, 30.437635379139383 ], [ -91.13596989429837, 30.437737295760094 ], [ -91.136213127130588, 30.437851341648763 ], [ -91.136268466589172, 30.437877288625728 ], [ -91.13675643088969, 30.438106081987144 ], [ -91.141277778780392, 30.440225879185732 ], [ -91.142035668110054, 30.440205232996714 ], [ -91.141882613008278, 30.436024225806559 ], [ -91.137544766532301, 30.436207580685291 ], [ -91.133940891180032, 30.435297170516328 ] ] ], [ [ [ -91.132507103681945, 30.437874102631415 ], [ -91.132902419974315, 30.437627841260081 ], [ -91.133919260925211, 30.43728432121145 ], [ -91.134517922342823, 30.437423225868475 ], [ -91.134646200287165, 30.437481801427936 ], [ -91.134703914287698, 30.437426839458755 ], [ -91.133203678939608, 30.436411417204944 ], [ -91.132875644113227, 30.436082783294022 ], [ -91.132724716695577, 30.436185577673506 ], [ -91.132129407146579, 30.436559315365582 ], [ -91.132075189797874, 30.436656058793975 ], [ -91.132120278118549, 30.436926645707583 ], [ -91.132159420866572, 30.437115183656513 ], [ -91.132185139891916, 30.437208355569869 ], [ -91.132214910533989, 30.437300617121874 ], [ -91.132248689347406, 30.43739183563774 ], [ -91.132286429757457, 30.43748188114381 ], [ -91.132394438091666, 30.437695259668018 ], [ -91.132456829484894, 30.437798491322109 ], [ -91.13249001212769, 30.437849066445459 ], [ -91.132507103681945, 30.437874102631415 ] ] ], [ [ [ -91.133546129164316, 30.428494507066027 ], [ -91.131869187840707, 30.428568010256839 ], [ -91.131876110565244, 30.428921910380296 ], [ -91.131921767080897, 30.429687380515517 ], [ -91.132067691575742, 30.432758712231607 ], [ -91.132117118880373, 30.433517456755492 ], [ -91.132163312870105, 30.43461358878502 ], [ -91.133006133620754, 30.43572342800719 ], [ -91.133025986963446, 30.435709694102542 ], [ -91.133218178865022, 30.435575571141349 ], [ -91.133414317164224, 30.43542628894842 ], [ -91.133690300882876, 30.435207946292184 ], [ -91.133633557669071, 30.435131528164124 ], [ -91.133582256534396, 30.435052277571362 ], [ -91.133536575946948, 30.434970483456301 ], [ -91.133496692272672, 30.434886443778467 ], [ -91.133462741249929, 30.434800469064687 ], [ -91.133434858609988, 30.434712872547305 ], [ -91.133413137386086, 30.434623974610318 ], [ -91.133397659147988, 30.434534101031883 ], [ -91.133388483597528, 30.434443580262723 ], [ -91.133385639196106, 30.434352745215822 ], [ -91.133389141916155, 30.434261926980199 ], [ -91.133398976492003, 30.434171460205214 ], [ -91.133415107891565, 30.434081673194754 ], [ -91.133437472972133, 30.433992896013638 ], [ -91.133445395252039, 30.433966485070233 ], [ -91.133516790218366, 30.433975075259074 ], [ -91.133573585944191, 30.433662278910756 ], [ -91.13373067996929, 30.432797108748368 ], [ -91.133779127782304, 30.432530288730206 ], [ -91.133614308637348, 30.429675474686242 ], [ -91.133577559064747, 30.429038908438262 ], [ -91.133546129164316, 30.428494507066027 ] ] ] ] } },
{ "type": "Feature", "properties": { "ID": 75, "BG_ID": 22, "PARKID": "WNHST", "FACILITY_NAME": "Wenonah Street Park", "CLASSIFICATION": "Neighborhood", "FULL_ADDRESS": "2521 CHIPPEWA ST", "CITY": "BATON ROUGE", "STATE": "LOUISIANA", "ZIP": 70805, "ACREAGE": 0.11, "AIRGUN_RANGE": "NO", "AIRNASIUM": "NO", "ARCHERY_RANGE": "NO", "BALL_MULTI_PURPOSE_FIELD": "NO", "BASKETBALL_INDOOR": "NO", "BASKETBALL_OUTDOOR": "NO", "BIKE_REPAIR_STATION": "NO", "BIRD_WATCHING_WILDLIFE_VIEWING": "NO", "BLUEWAY_TRAILHEAD": "NO", "BMX": "NO", "CANOE_KAYAK_LAUNCH": "NO", "CRICKET_PITCH": "NO", "CROQUET_COURT": "NO", "DISC_GOLF": "NO", "DOG_PARK": "NO", "EQUESTRIAN": "NO", "FISHING_ACCESS": "NO", "FITNESS_CENTERS": "NO", "GARDEN_ARBORETUM": "NO", "GOLF_COURSE_9_HOLE": "NO", "GOLF_COURSE_18_HOLE": "NO", "GREENWAY_TRAILHEAD": "NO", "MOUNTAIN_BIKING": "NO", "NATURE_TRAILS": "NO", "OUTDOOR_FITNESS_STATION": "NO", "PAVILION": "NO", "PLAYGROUND": "NO", "PRIMITIVE_TRAILS": "NO", "RECREATION_CENTER": "NO", "RUGBY_FIELD": "NO", "RV_PARK": "NO", "SAND_VOLLEYBALL": "NO", "SHUFFLEBOARD": "NO", "SKATE_PARK": "NO", "SOCCER_FIELD": "NO", "SPLASH_PAD": "NO", "STADIUM": "NO", "SWIMMING_POOL": "NO", "TENNIS_CENTER": "NO", "TENNIS_COURTS": "NO", "VELODROME": "NO", "WALKING_LOOP_OUTDOOR": "NO", "WALKING_TRACK_INDOOR": "NO" }, "geometry": { "type": "Polygon", "coordinates": [ [ [ -91.16383884408171, 30.473401107593268 ], [ -91.163456141450936, 30.473415730935265 ], [ -91.163462181235175, 30.473525587661019 ], [ -91.163844807216179, 30.473510967811574 ], [ -91.16383884408171, 30.473401107593268 ] ] ] } },
{ "type": "Feature", "properties": { "ID": 76, "BG_ID": 172, "PARKID": "WDLWT", "FACILITY_NAME": "Woodlawn Walking Trail", "CLASSIFICATION": "Neighborhood", "FULL_ADDRESS": "14939 TIGER BEND RD", "CITY": "BATON ROUGE", "STATE": "LOUISIANA", "ZIP": 70817, "ACREAGE": null, "AIRGUN_RANGE": "NO", "AIRNASIUM": "NO", "ARCHERY_RANGE": "NO", "BALL_MULTI_PURPOSE_FIELD": "NO", "BASKETBALL_INDOOR": "NO", "BASKETBALL_OUTDOOR": "NO", "BIKE_REPAIR_STATION": "NO", "BIRD_WATCHING_WILDLIFE_VIEWING": "NO", "BLUEWAY_TRAILHEAD": "NO", "BMX": "NO", "CANOE_KAYAK_LAUNCH": "NO", "CRICKET_PITCH": "NO", "CROQUET_COURT": "NO", "DISC_GOLF": "NO", "DOG_PARK": "NO", "EQUESTRIAN": "NO", "FISHING_ACCESS": "NO", "FITNESS_CENTERS": "NO", "GARDEN_ARBORETUM": "NO", "GOLF_COURSE_9_HOLE": "NO", "GOLF_COURSE_18_HOLE": "NO", "GREENWAY_TRAILHEAD": "NO", "MOUNTAIN_BIKING": "NO", "NATURE_TRAILS": "NO", "OUTDOOR_FITNESS_STATION": "NO", "PAVILION": "YES", "PLAYGROUND": "NO", "PRIMITIVE_TRAILS": "NO", "RECREATION_CENTER": "NO", "RUGBY_FIELD": "NO", "RV_PARK": "NO", "SAND_VOLLEYBALL": "NO", "SHUFFLEBOARD": "NO", "SKATE_PARK": "NO", "SOCCER_FIELD": "NO", "SPLASH_PAD": "NO", "STADIUM": "NO", "SWIMMING_POOL": "NO", "TENNIS_CENTER": "NO", "TENNIS_COURTS": "NO", "VELODROME": "NO", "WALKING_LOOP_OUTDOOR": "YES", "WALKING_TRACK_INDOOR": "NO" }, "geometry": { "type": "Polygon", "coordinates": [ [ [ -91.01831927517371, 30.39164583533378 ], [ -91.017129716892981, 30.391697794602777 ], [ -91.01644387428378, 30.391609552725502 ], [ -91.016588746128832, 30.392820078569432 ], [ -91.016692425701564, 30.392814936052545 ], [ -91.016834920435656, 30.392807869314691 ], [ -91.016889486483066, 30.392805162867663 ], [ -91.017031981191963, 30.39279809501528 ], [ -91.017176058876586, 30.392790948704871 ], [ -91.017320137581009, 30.392783802239904 ], [ -91.01746421626477, 30.392776655617858 ], [ -91.017608293887221, 30.39276950883627 ], [ -91.018143641959455, 30.392742952317544 ], [ -91.01831927517371, 30.39164583533378 ] ] ] } },
{ "type": "Feature", "properties": { "ID": 77, "BG_ID": 69, "PARKID": "BKRPG", "FACILITY_NAME": "Baker Playground", "CLASSIFICATION": "Neighborhood", "FULL_ADDRESS": "3439 GROOM RD", "CITY": "BAKER", "STATE": "LOUISIANA", "ZIP": 70714, "ACREAGE": 0.5, "AIRGUN_RANGE": "NO", "AIRNASIUM": "NO", "ARCHERY_RANGE": "NO", "BALL_MULTI_PURPOSE_FIELD": "NO", "BASKETBALL_INDOOR": "NO", "BASKETBALL_OUTDOOR": "NO", "BIKE_REPAIR_STATION": "NO", "BIRD_WATCHING_WILDLIFE_VIEWING": "NO", "BLUEWAY_TRAILHEAD": "NO", "BMX": "NO", "CANOE_KAYAK_LAUNCH": "NO", "CRICKET_PITCH": "NO", "CROQUET_COURT": "NO", "DISC_GOLF": "NO", "DOG_PARK": "NO", "EQUESTRIAN": "NO", "FISHING_ACCESS": "NO", "FITNESS_CENTERS": "NO", "GARDEN_ARBORETUM": "NO", "GOLF_COURSE_9_HOLE": "NO", "GOLF_COURSE_18_HOLE": "NO", "GREENWAY_TRAILHEAD": "NO", "MOUNTAIN_BIKING": "NO", "NATURE_TRAILS": "NO", "OUTDOOR_FITNESS_STATION": "YES", "PAVILION": "NO", "PLAYGROUND": "YES", "PRIMITIVE_TRAILS": "NO", "RECREATION_CENTER": "NO", "RUGBY_FIELD": "NO", "RV_PARK": "NO", "SAND_VOLLEYBALL": "NO", "SHUFFLEBOARD": "NO", "SKATE_PARK": "NO", "SOCCER_FIELD": "NO", "SPLASH_PAD": "NO", "STADIUM": "NO", "SWIMMING_POOL": "NO", "TENNIS_CENTER": "NO", "TENNIS_COURTS": "NO", "VELODROME": "NO", "WALKING_LOOP_OUTDOOR": "NO", "WALKING_TRACK_INDOOR": "NO" }, "geometry": { "type": "Polygon", "coordinates": [ [ [ -91.163759948460807, 30.589123747464019 ], [ -91.164549208361905, 30.589250557632852 ], [ -91.164657782753579, 30.588652125897504 ], [ -91.163880405951147, 30.588554837268862 ], [ -91.163759948460807, 30.589123747464019 ] ] ] } },
{ "type": "Feature", "properties": { "ID": 78, "BG_ID": 138, "PARKID": "SGRLD", "FACILITY_NAME": "Sugarland Park", "CLASSIFICATION": "Neighborhood", "FULL_ADDRESS": "4700 SUGAR LAND DR", "CITY": "BATON ROUGE", "STATE": "LOUISIANA", "ZIP": 70814, "ACREAGE": 4.746, "AIRGUN_RANGE": "NO", "AIRNASIUM": "NO", "ARCHERY_RANGE": "NO", "BALL_MULTI_PURPOSE_FIELD": "NO", "BASKETBALL_INDOOR": "NO", "BASKETBALL_OUTDOOR": "YES", "BIKE_REPAIR_STATION": "NO", "BIRD_WATCHING_WILDLIFE_VIEWING": "NO", "BLUEWAY_TRAILHEAD": "NO", "BMX": "NO", "CANOE_KAYAK_LAUNCH": "NO", "CRICKET_PITCH": "NO", "CROQUET_COURT": "NO", "DISC_GOLF": "NO", "DOG_PARK": "NO", "EQUESTRIAN": "NO", "FISHING_ACCESS": "NO", "FITNESS_CENTERS": "NO", "GARDEN_ARBORETUM": "NO", "GOLF_COURSE_9_HOLE": "NO", "GOLF_COURSE_18_HOLE": "NO", "GREENWAY_TRAILHEAD": "NO", "MOUNTAIN_BIKING": "NO", "NATURE_TRAILS": "NO", "OUTDOOR_FITNESS_STATION": "YES", "PAVILION": "YES", "PLAYGROUND": "YES", "PRIMITIVE_TRAILS": "NO", "RECREATION_CENTER": "NO", "RUGBY_FIELD": "NO", "RV_PARK": "NO", "SAND_VOLLEYBALL": "NO", "SHUFFLEBOARD": "NO", "SKATE_PARK": "NO", "SOCCER_FIELD": "NO", "SPLASH_PAD": "NO", "STADIUM": "NO", "SWIMMING_POOL": "NO", "TENNIS_CENTER": "NO", "TENNIS_COURTS": "YES", "VELODROME": "NO", "WALKING_LOOP_OUTDOOR": "YES", "WALKING_TRACK_INDOOR": "NO" }, "geometry": { "type": "Polygon", "coordinates": [ [ [ -91.040858217638984, 30.492374107277612 ], [ -91.040413761139092, 30.492379130077847 ], [ -91.040255026591822, 30.492380922799896 ], [ -91.040064545959211, 30.492383074358042 ], [ -91.039874064276759, 30.492385225639758 ], [ -91.039683583624964, 30.492387377551562 ], [ -91.039493101925984, 30.492389528284846 ], [ -91.039302621260333, 30.492391678746163 ], [ -91.039112139544784, 30.492393828930958 ], [ -91.038889911732994, 30.492396337586289 ], [ -91.038667683912578, 30.492398844966335 ], [ -91.038427424682595, 30.492401556247167 ], [ -91.038363188746118, 30.492402280854517 ], [ -91.038361899150516, 30.492402296021041 ], [ -91.038573672587745, 30.49246553393516 ], [ -91.038578245966292, 30.492791827985133 ], [ -91.03898211510753, 30.492661644655335 ], [ -91.040866376204846, 30.493310896159876 ], [ -91.040858217638984, 30.492374107277612 ] ] ] } },
{ "type": "Feature", "properties": { "ID": 79, "BG_ID": 62, "PARKID": "CHNAR", "FACILITY_NAME": "Cohn Arboretum", "CLASSIFICATION": "Special Facility", "FULL_ADDRESS": "12206 FOSTER RD", "CITY": "BATON ROUGE", "STATE": "LOUISIANA", "ZIP": 70811, "ACREAGE": 15.59, "AIRGUN_RANGE": "NO", "AIRNASIUM": "NO", "ARCHERY_RANGE": "NO", "BALL_MULTI_PURPOSE_FIELD": "NO", "BASKETBALL_INDOOR": "NO", "BASKETBALL_OUTDOOR": "NO", "BIKE_REPAIR_STATION": "NO", "BIRD_WATCHING_WILDLIFE_VIEWING": "YES", "BLUEWAY_TRAILHEAD": "NO", "BMX": "NO", "CANOE_KAYAK_LAUNCH": "NO", "CRICKET_PITCH": "NO", "CROQUET_COURT": "NO", "DISC_GOLF": "NO", "DOG_PARK": "NO", "EQUESTRIAN": "NO", "FISHING_ACCESS": "YES", "FITNESS_CENTERS": "NO", "GARDEN_ARBORETUM": "YES", "GOLF_COURSE_9_HOLE": "NO", "GOLF_COURSE_18_HOLE": "NO", "GREENWAY_TRAILHEAD": "NO", "MOUNTAIN_BIKING": "NO", "NATURE_TRAILS": "NO", "OUTDOOR_FITNESS_STATION": "NO", "PAVILION": "NO", "PLAYGROUND": "NO", "PRIMITIVE_TRAILS": "NO", "RECREATION_CENTER": "NO", "RUGBY_FIELD": "NO", "RV_PARK": "NO", "SAND_VOLLEYBALL": "NO", "SHUFFLEBOARD": "NO", "SKATE_PARK": "NO", "SOCCER_FIELD": "NO", "SPLASH_PAD": "NO", "STADIUM": "NO", "SWIMMING_POOL": "NO", "TENNIS_CENTER": "NO", "TENNIS_COURTS": "NO", "VELODROME": "NO", "WALKING_LOOP_OUTDOOR": "YES", "WALKING_TRACK_INDOOR": "NO" }, "geometry": { "type": "Polygon", "coordinates": [ [ [ -91.119976007795756, 30.559241976291826 ], [ -91.12017852372621, 30.559229566430879 ], [ -91.120279888021756, 30.559224802578665 ], [ -91.120471949361971, 30.559216689947 ], [ -91.120921504516758, 30.559197700315679 ], [ -91.120960835470029, 30.559120644527777 ], [ -91.120754828520006, 30.558664576191489 ], [ -91.120680880934657, 30.558500866317797 ], [ -91.120076059623557, 30.557161852088566 ], [ -91.118116178876079, 30.557239862704407 ], [ -91.118101526896467, 30.557261996834718 ], [ -91.11809352052191, 30.557272707385675 ], [ -91.11808507379989, 30.557283161940177 ], [ -91.118076198225182, 30.557293346986121 ], [ -91.118066905292636, 30.557303249011412 ], [ -91.118057207539294, 30.557312854505543 ], [ -91.1180398015496, 30.557328347771957 ], [ -91.118030637169426, 30.557335686378625 ], [ -91.118021178429089, 30.557342740360397 ], [ -91.118011438896417, 30.557349501620724 ], [ -91.118001430054505, 30.557355962059912 ], [ -91.117991164430791, 30.557362112677609 ], [ -91.117980654546912, 30.557367947179905 ], [ -91.117969912930221, 30.557373456566602 ], [ -91.11795895418507, 30.557378635449059 ], [ -91.117947791877313, 30.557383476632939 ], [ -91.117936438526542, 30.557387974726261 ], [ -91.117924909783355, 30.557392122537994 ], [ -91.117913218161476, 30.55739591738239 ], [ -91.117901380351867, 30.557399352972109 ], [ -91.117889408872273, 30.557402424817269 ], [ -91.117877320405711, 30.557405130238894 ], [ -91.117865129554573, 30.557407464750401 ], [ -91.117852850915341, 30.557409426571457 ], [ -91.117840500130825, 30.557411012119278 ], [ -91.117828091797463, 30.557412219613525 ], [ -91.117815642592504, 30.557413049081244 ], [ -91.11780316711635, 30.557413496938164 ], [ -91.11779068204234, 30.557413565015334 ], [ -91.117778200924676, 30.557413251530821 ], [ -91.117765740436596, 30.557412558315818 ], [ -91.117753316215072, 30.557411484493791 ], [ -91.117728344331496, 30.557431595620582 ], [ -91.117715257199009, 30.557441064773041 ], [ -91.117701791542842, 30.557450127385344 ], [ -91.117687964065652, 30.557458771758068 ], [ -91.117673791468221, 30.557466987093658 ], [ -91.117659291491591, 30.55747476349838 ], [ -91.117644482919161, 30.557482091080139 ], [ -91.117629383490183, 30.557488960847266 ], [ -91.117614013028415, 30.557495363811526 ], [ -91.117598390313418, 30.55750129188484 ], [ -91.117582535167145, 30.557506736981122 ], [ -91.11756646740362, 30.5575116946222 ], [ -91.117550206846673, 30.557516155819929 ], [ -91.117533773308566, 30.557520116998241 ], [ -91.117517188691878, 30.557523571878505 ], [ -91.11750047384912, 30.557526517788421 ], [ -91.117483648598395, 30.557528948445963 ], [ -91.117466733786273, 30.557530863885074 ], [ -91.117449751313515, 30.557532258729122 ], [ -91.117432723067111, 30.557533133915765 ], [ -91.11741566990159, 30.557533485870849 ], [ -91.117398612659656, 30.557533316432519 ], [ -91.117381573234226, 30.557532623832227 ], [ -91.117364572467963, 30.557531409908211 ], [ -91.117347632245938, 30.557529676500209 ], [ -91.117330773410913, 30.557527425446388 ], [ -91.117314016803533, 30.557524659486862 ], [ -91.11729738430499, 30.557521382265691 ], [ -91.11728089571163, 30.557517597423285 ], [ -91.117264572900623, 30.557513310407703 ], [ -91.117248434624173, 30.55750852575995 ], [ -91.117232502757318, 30.557503249830109 ], [ -91.117216797088631, 30.557497489866908 ], [ -91.11721674917932, 30.557497472649757 ], [ -91.117216725219748, 30.557497466296322 ], [ -91.117216700217881, 30.557497459941185 ], [ -91.117216675216, 30.557497453585992 ], [ -91.117216650210182, 30.557497449034916 ], [ -91.117216625202374, 30.557497445385923 ], [ -91.117216600194581, 30.55749744173691 ], [ -91.117216574140585, 30.557497439890287 ], [ -91.117216549128869, 30.557497438045324 ], [ -91.117216523072855, 30.557497437100764 ], [ -91.117216498057218, 30.557497437059904 ], [ -91.11721431951301, 30.557497478606532 ], [ -91.117023038587845, 30.557498042142839 ], [ -91.117053828226574, 30.557529842780163 ], [ -91.117068223000828, 30.557546434236624 ], [ -91.117081926818358, 30.557563458448772 ], [ -91.117094920964476, 30.55758089373704 ], [ -91.117107190893634, 30.557598718428725 ], [ -91.117118719979629, 30.557616909043531 ], [ -91.117129493676956, 30.557635443908758 ], [ -91.117139498490118, 30.557654297745138 ], [ -91.117148721958159, 30.557673448883328 ], [ -91.117157151629911, 30.557692871143669 ], [ -91.11716477817518, 30.557712541057793 ], [ -91.117171590183091, 30.557732433349909 ], [ -91.117177580411962, 30.557752522750832 ], [ -91.11718274057786, 30.557772783989805 ], [ -91.117187064481385, 30.557793191799465 ], [ -91.117190546969468, 30.557813719109863 ], [ -91.117193182884989, 30.557834340655386 ], [ -91.11723034118981, 30.557849927382357 ], [ -91.117248396218812, 30.55785860299299 ], [ -91.117266066430204, 30.557867849872469 ], [ -91.117283328916685, 30.557877657159043 ], [ -91.117300160776821, 30.557888011284799 ], [ -91.117316538070725, 30.557898896875923 ], [ -91.117332438941162, 30.557910299464115 ], [ -91.117334947167066, 30.557912035490741 ], [ -91.117336252483582, 30.557912844052332 ], [ -91.117337591242858, 30.557913612076234 ], [ -91.117338960319884, 30.557914338655312 ], [ -91.117340357634021, 30.557915021982041 ], [ -91.11734178318315, 30.557915662958475 ], [ -91.117343234890626, 30.557916257973108 ], [ -91.117344708583147, 30.557916808823094 ], [ -91.117346205307001, 30.557917313706156 ], [ -91.117347720894841, 30.557917771713392 ], [ -91.117349255346682, 30.557918182844848 ], [ -91.117350805537512, 30.557918546193289 ], [ -91.117352369382672, 30.557918861755368 ], [ -91.1173539447975, 30.557919129527704 ], [ -91.117355530743623, 30.557919347704413 ], [ -91.117357125136422, 30.557919516282265 ], [ -91.117358724846895, 30.557919636157994 ], [ -91.117406212455364, 30.557920960240725 ], [ -91.117429967047642, 30.557920497437603 ], [ -91.117453685749851, 30.557919284066575 ], [ -91.11747733832631, 30.557917323686592 ], [ -91.117500891418132, 30.557914618047381 ], [ -91.117524315833876, 30.557911169807529 ], [ -91.117546093179584, 30.557908288974534 ], [ -91.117557056339848, 30.557907345256279 ], [ -91.117568051087716, 30.557906734444828 ], [ -91.117579062830742, 30.557906456516474 ], [ -91.117590080099589, 30.557906513256501 ], [ -91.117601088305776, 30.557906902837058 ], [ -91.117612072854826, 30.557907626136483 ], [ -91.117623022283396, 30.557908682234036 ], [ -91.117633922002938, 30.557910069301826 ], [ -91.117644759509659, 30.557911785515408 ], [ -91.117655520214953, 30.557913829046978 ], [ -91.117666191615072, 30.557916198072043 ], [ -91.117676761211953, 30.557918888060044 ], [ -91.11768721545954, 30.557921897184787 ], [ -91.117697540817417, 30.557925220914079 ], [ -91.117707725826079, 30.557928856523116 ], [ -91.117717757991386, 30.557932797677182 ], [ -91.117727623773064, 30.557937039844091 ], [ -91.117737312755793, 30.557941579398669 ], [ -91.117746811405112, 30.557946409102577 ], [ -91.117756109307592, 30.557951524428567 ], [ -91.11776519397317, 30.557956917238045 ], [ -91.117774054988345, 30.557962583003626 ], [ -91.117782681947602, 30.557968513590193 ], [ -91.117791062358762, 30.557974701760969 ], [ -91.117799188941291, 30.557981140287762 ], [ -91.117807049204941, 30.557987821031769 ], [ -91.117814633788413, 30.557994734957411 ], [ -91.117821934366802, 30.558001875736792 ], [ -91.11782894262511, 30.558009232531813 ], [ -91.117835648155634, 30.558016798109236 ], [ -91.117842042643375, 30.558024561630944 ], [ -91.117848119853917, 30.558032514066372 ], [ -91.117853871470231, 30.558040645479398 ], [ -91.11785929125783, 30.558048946839513 ], [ -91.117864370901657, 30.558057407308603 ], [ -91.11786910625581, 30.558066016055371 ], [ -91.117873489003244, 30.558074763143733 ], [ -91.117877516040409, 30.558083637744172 ], [ -91.117881181136781, 30.558092629021932 ], [ -91.117884481188824, 30.558101726147374 ], [ -91.117887409967963, 30.558110917383775 ], [ -91.11788996541496, 30.558120191001187 ], [ -91.117892144424232, 30.558129537072038 ], [ -91.117893943894273, 30.558138943864581 ], [ -91.11789536176768, 30.558148398746852 ], [ -91.117896395983266, 30.558157890890957 ], [ -91.11789704552406, 30.558167408568568 ], [ -91.117897309371074, 30.558176940953384 ], [ -91.11789718755368, 30.558186474514795 ], [ -91.117896680095271, 30.558195998428232 ], [ -91.11789578806156, 30.558205501870805 ], [ -91.117894511479832, 30.558214972213843 ], [ -91.117892853502482, 30.558224397735888 ], [ -91.117890814152972, 30.558233767612336 ], [ -91.117888397627851, 30.558243069221323 ], [ -91.117885604990889, 30.55825229264202 ], [ -91.117882442523467, 30.558261425255861 ], [ -91.11787891128931, 30.558270457142129 ], [ -91.117875017569773, 30.558279375682222 ], [ -91.117870765555608, 30.558288170960392 ], [ -91.1178661594396, 30.558296832158927 ], [ -91.117861206539487, 30.55830534936716 ], [ -91.117855911051961, 30.558313709963031 ], [ -91.117850281333205, 30.558321905841812 ], [ -91.117844323662624, 30.558329925286976 ], [ -91.117838044311796, 30.558337760190266 ], [ -91.117831452687099, 30.558345398840267 ], [ -91.117824556100473, 30.558352834032508 ], [ -91.117817361869712, 30.558360055856244 ], [ -91.117809880439708, 30.55836705440592 ], [ -91.117802121207035, 30.558373822480426 ], [ -91.117794091487653, 30.558380351071051 ], [ -91.117753696822376, 30.558412063603239 ], [ -91.117800875834405, 30.558449496976145 ], [ -91.117823269026417, 30.55846928830481 ], [ -91.11784482791677, 30.558489763829098 ], [ -91.117865522338548, 30.558510895536969 ], [ -91.117885326290249, 30.558532657226955 ], [ -91.117904215860776, 30.558555019995016 ], [ -91.117937963470439, 30.558600137670066 ], [ -91.117953297551253, 30.558623512158157 ], [ -91.117967573636506, 30.558647381952564 ], [ -91.117980769909224, 30.558671713642294 ], [ -91.117992866646688, 30.558696469309535 ], [ -91.118003846210982, 30.5587216110398 ], [ -91.118013692000389, 30.558747103626462 ], [ -91.118042292859911, 30.558826221960036 ], [ -91.118154062147127, 30.559013281164471 ], [ -91.118164915383943, 30.558984748947381 ], [ -91.118171245622037, 30.558970762137914 ], [ -91.118178168490374, 30.558956986468505 ], [ -91.11818567352428, 30.558943440865125 ], [ -91.11819375025911, 30.558930144253676 ], [ -91.118202388230372, 30.55891711556011 ], [ -91.118211575938872, 30.558904370100429 ], [ -91.118221300835501, 30.558891926797177 ], [ -91.118231549332521, 30.558879802767169 ], [ -91.118242307844355, 30.558868014225034 ], [ -91.118253560702641, 30.558856576480046 ], [ -91.118265293277545, 30.558845506647241 ], [ -91.118277490947008, 30.558834818233564 ], [ -91.118290134915782, 30.558824526543106 ], [ -91.118303208477215, 30.558814645079405 ], [ -91.118316694922726, 30.558805188247963 ], [ -91.118417131324563, 30.558735918778357 ], [ -91.118466724999251, 30.558700615484639 ], [ -91.118487755385658, 30.558686554189435 ], [ -91.118498692166995, 30.558680020351687 ], [ -91.118509891916062, 30.558673828816254 ], [ -91.118521340024628, 30.558667986775902 ], [ -91.118533021880552, 30.558662503227261 ], [ -91.118544922879636, 30.558657383558891 ], [ -91.118557027369377, 30.558652635863766 ], [ -91.118569320747596, 30.558648264628463 ], [ -91.118581785279005, 30.558644277040511 ], [ -91.118594407405681, 30.558640676686046 ], [ -91.118607170438793, 30.558637468950327 ], [ -91.118620056650997, 30.558634657412721 ], [ -91.118633051440042, 30.558632246559785 ], [ -91.118646138122955, 30.558630239070542 ], [ -91.118659297934002, 30.558628636718659 ], [ -91.11867251627487, 30.558627442186619 ], [ -91.118685775420246, 30.558626658151773 ], [ -91.118699057652648, 30.558626283683399 ], [ -91.118712348377642, 30.55862631965983 ], [ -91.118725627789104, 30.558626766951051 ], [ -91.118738881296665, 30.558627624631352 ], [ -91.118752090142337, 30.558628890866181 ], [ -91.118765238691338, 30.558630565630331 ], [ -91.118778309233946, 30.558632644384797 ], [ -91.118791286135405, 30.558635127104282 ], [ -91.118804151687982, 30.558638008347835 ], [ -91.11881689130297, 30.558641286287759 ], [ -91.118829486230396, 30.558644955481405 ], [ -91.11884192188549, 30.558649012296982 ], [ -91.118854182647084, 30.558653450394917 ], [ -91.11886625289209, 30.558658264337648 ], [ -91.118878115954971, 30.55866344868592 ], [ -91.118889757256866, 30.558668997101872 ], [ -91.118901162222784, 30.5586749014434 ], [ -91.118912316277729, 30.558681153568639 ], [ -91.118923205883164, 30.558687748043358 ], [ -91.118933815427596, 30.558694674017882 ], [ -91.118944132420637, 30.558701923353386 ], [ -91.118954144371884, 30.558709487911486 ], [ -91.118963836714101, 30.558717355941901 ], [ -91.118988443020072, 30.558739584382923 ], [ -91.119000045054264, 30.558751251325006 ], [ -91.119011161648515, 30.558763268377266 ], [ -91.119021777202761, 30.558775619277924 ], [ -91.119031879242129, 30.55878828867192 ], [ -91.119041455291693, 30.558801261204387 ], [ -91.119050491838053, 30.558814519714652 ], [ -91.11905897849276, 30.558828047949053 ], [ -91.119066903827061, 30.558841828750374 ], [ -91.119074258496852, 30.558855844964548 ], [ -91.119081033161876, 30.558870077633649 ], [ -91.11908721952021, 30.558884509605278 ], [ -91.119092809270086, 30.558899123727194 ], [ -91.119097795159689, 30.558913899240601 ], [ -91.119102170969882, 30.558928819898632 ], [ -91.119105931533568, 30.558943864945853 ], [ -91.119109071677741, 30.558959016332974 ], [ -91.119111588316116, 30.558974255111981 ], [ -91.119113477321889, 30.558989561431186 ], [ -91.119114735610637, 30.559004915440472 ], [ -91.119115364263394, 30.559020299100794 ], [ -91.119115360195778, 30.559035692561896 ], [ -91.119114723450267, 30.559051075978839 ], [ -91.119105948358012, 30.559192764668765 ], [ -91.119120228576975, 30.559259762206658 ], [ -91.1196619686785, 30.559268885868338 ], [ -91.119871212540374, 30.559249916809208 ], [ -91.119976007795756, 30.559241976291826 ] ] ] } },
{ "type": "Feature", "properties": { "ID": 80, "BG_ID": 61, "PARKID": "CHNNP", "FACILITY_NAME": "Cohn Nature Reserve", "CLASSIFICATION": "Conservation", "FULL_ADDRESS": "11332 FOSTER RD", "CITY": "BATON ROUGE", "STATE": "LOUISIANA", "ZIP": 70811, "ACREAGE": 28.5, "AIRGUN_RANGE": "NO", "AIRNASIUM": "NO", "ARCHERY_RANGE": "NO", "BALL_MULTI_PURPOSE_FIELD": "NO", "BASKETBALL_INDOOR": "NO", "BASKETBALL_OUTDOOR": "NO", "BIKE_REPAIR_STATION": "NO", "BIRD_WATCHING_WILDLIFE_VIEWING": "NO", "BLUEWAY_TRAILHEAD": "NO", "BMX": "NO", "CANOE_KAYAK_LAUNCH": "NO", "CRICKET_PITCH": "NO", "CROQUET_COURT": "NO", "DISC_GOLF": "NO", "DOG_PARK": "NO", "EQUESTRIAN": "NO", "FISHING_ACCESS": "NO", "FITNESS_CENTERS": "NO", "GARDEN_ARBORETUM": "NO", "GOLF_COURSE_9_HOLE": "NO", "GOLF_COURSE_18_HOLE": "NO", "GREENWAY_TRAILHEAD": "NO", "MOUNTAIN_BIKING": "NO", "NATURE_TRAILS": "NO", "OUTDOOR_FITNESS_STATION": "NO", "PAVILION": "NO", "PLAYGROUND": "NO", "PRIMITIVE_TRAILS": "NO", "RECREATION_CENTER": "NO", "RUGBY_FIELD": "NO", "RV_PARK": "NO", "SAND_VOLLEYBALL": "NO", "SHUFFLEBOARD": "NO", "SKATE_PARK": "NO", "SOCCER_FIELD": "NO", "SPLASH_PAD": "NO", "STADIUM": "NO", "SWIMMING_POOL": "NO", "TENNIS_CENTER": "NO", "TENNIS_COURTS": "NO", "VELODROME": "NO", "WALKING_LOOP_OUTDOOR": "NO", "WALKING_TRACK_INDOOR": "NO" }, "geometry": { "type": "Polygon", "coordinates": [ [ [ -91.115091271611334, 30.551706947619053 ], [ -91.114753254990518, 30.550633377275251 ], [ -91.114718269627275, 30.550523752715193 ], [ -91.113695716626168, 30.550728625627997 ], [ -91.113509971808185, 30.550175189202879 ], [ -91.111349172100461, 30.550604406362517 ], [ -91.108875488746008, 30.551095729092218 ], [ -91.108624415683053, 30.552554379365422 ], [ -91.108694383373631, 30.552551127130911 ], [ -91.108951932796842, 30.552980828308499 ], [ -91.110841503193882, 30.552588786160474 ], [ -91.112047873170923, 30.552338478961005 ], [ -91.112264550467756, 30.552293519170703 ], [ -91.112542591256073, 30.552235826986216 ], [ -91.112727953343693, 30.552197363103023 ], [ -91.113131570517325, 30.552113610225589 ], [ -91.113316925888483, 30.552075148212079 ], [ -91.113587010357804, 30.552019103992958 ], [ -91.115091271611334, 30.551706947619053 ] ] ] } },
{ "type": "Feature", "properties": { "ID": 81, "BG_ID": 128, "PARKID": "PLMNO", "FACILITY_NAME": "Palomino Drive Park", "CLASSIFICATION": "Neighborhood", "FULL_ADDRESS": "14100 PALOMINO DR", "CITY": "GREENWELL SPRINGS", "STATE": "LOUISIANA", "ZIP": 70739, "ACREAGE": 149.89, "AIRGUN_RANGE": "NO", "AIRNASIUM": "NO", "ARCHERY_RANGE": "NO", "BALL_MULTI_PURPOSE_FIELD": "NO", "BASKETBALL_INDOOR": "NO", "BASKETBALL_OUTDOOR": "NO", "BIKE_REPAIR_STATION": "NO", "BIRD_WATCHING_WILDLIFE_VIEWING": "NO", "BLUEWAY_TRAILHEAD": "NO", "BMX": "NO", "CANOE_KAYAK_LAUNCH": "NO", "CRICKET_PITCH": "NO", "CROQUET_COURT": "NO", "DISC_GOLF": "NO", "DOG_PARK": "NO", "EQUESTRIAN": "NO", "FISHING_ACCESS": "YES", "FITNESS_CENTERS": "NO", "GARDEN_ARBORETUM": "NO", "GOLF_COURSE_9_HOLE": "NO", "GOLF_COURSE_18_HOLE": "NO", "GREENWAY_TRAILHEAD": "NO", "MOUNTAIN_BIKING": "NO", "NATURE_TRAILS": "NO", "OUTDOOR_FITNESS_STATION": "NO", "PAVILION": "YES", "PLAYGROUND": "YES", "PRIMITIVE_TRAILS": "NO", "RECREATION_CENTER": "YES", "RUGBY_FIELD": "NO", "RV_PARK": "NO", "SAND_VOLLEYBALL": "NO", "SHUFFLEBOARD": "NO", "SKATE_PARK": "NO", "SOCCER_FIELD": "NO", "SPLASH_PAD": "NO", "STADIUM": "NO", "SWIMMING_POOL": "NO", "TENNIS_CENTER": "NO", "TENNIS_COURTS": "YES", "VELODROME": "NO", "WALKING_LOOP_OUTDOOR": "NO", "WALKING_TRACK_INDOOR": "NO" }, "geometry": { "type": "Polygon", "coordinates": [ [ [ -91.015333992499421, 30.581467430415589 ], [ -91.015324546845434, 30.580406819860876 ], [ -91.01528304578207, 30.575746995519598 ], [ -91.015124167883386, 30.57574747441306 ], [ -91.011723789267023, 30.575757697206889 ], [ -91.011723111806631, 30.575702042020104 ], [ -91.011532699141398, 30.575699871893544 ], [ -91.011246722167357, 30.575700914020821 ], [ -91.010960742056781, 30.575701956424922 ], [ -91.010685553154886, 30.575702957751464 ], [ -91.010383672393303, 30.575704055786222 ], [ -91.010240676076137, 30.575704575667316 ], [ -91.009970574694464, 30.575705558152585 ], [ -91.009652805787056, 30.575706711342708 ], [ -91.009335036869317, 30.575707864672431 ], [ -91.009017271071713, 30.575709017247299 ], [ -91.0086995083972, 30.575710168165418 ], [ -91.008381742584817, 30.575711319215365 ], [ -91.00806397676503, 30.575712469502882 ], [ -91.007841542870196, 30.575713276059897 ], [ -91.007507907670558, 30.575714481625344 ], [ -91.007190138703038, 30.575715629808414 ], [ -91.006872369731113, 30.575716776326988 ], [ -91.006554603876396, 30.575717922992826 ], [ -91.006236834877868, 30.575719071594641 ], [ -91.005934954018201, 30.575720159488458 ], [ -91.005617186053811, 30.575721304801913 ], [ -91.005458302588593, 30.575721877625021 ], [ -91.00529941808206, 30.575722449352899 ], [ -91.005292410698658, 30.576988685540069 ], [ -91.005284573153872, 30.5784046226192 ], [ -91.005276025184088, 30.579948861462267 ], [ -91.005271435425286, 30.58077825604374 ], [ -91.005267095643106, 30.581562330494744 ], [ -91.006685450849588, 30.581555954400745 ], [ -91.007273326386382, 30.581552023229559 ], [ -91.007278526339633, 30.581177760596788 ], [ -91.009058005547615, 30.581165023196835 ], [ -91.009057915761161, 30.581227218049381 ], [ -91.009123241292201, 30.581217677394061 ], [ -91.009185636606247, 30.581220428912697 ], [ -91.00920616309277, 30.580850738270875 ], [ -91.010509542483973, 30.580835717545042 ], [ -91.010513487823388, 30.58152308511815 ], [ -91.011530401449534, 30.581511359036458 ], [ -91.015333992499421, 30.581467430415589 ] ] ] } },
{ "type": "Feature", "properties": { "ID": 82, "BG_ID": 139, "PARKID": "JCKSN", "FACILITY_NAME": "Jackson Community Park", "CLASSIFICATION": "Community", "FULL_ADDRESS": "12250 SULLIVAN RD", "CITY": "CENTRAL", "STATE": "LOUISIANA", "ZIP": 70818, "ACREAGE": 9.55, "AIRGUN_RANGE": "NO", "AIRNASIUM": "NO", "ARCHERY_RANGE": "NO", "BALL_MULTI_PURPOSE_FIELD": "NO", "BASKETBALL_INDOOR": "NO", "BASKETBALL_OUTDOOR": "NO", "BIKE_REPAIR_STATION": "NO", "BIRD_WATCHING_WILDLIFE_VIEWING": "NO", "BLUEWAY_TRAILHEAD": "NO", "BMX": "NO", "CANOE_KAYAK_LAUNCH": "NO", "CRICKET_PITCH": "NO", "CROQUET_COURT": "NO", "DISC_GOLF": "NO", "DOG_PARK": "NO", "EQUESTRIAN": "NO", "FISHING_ACCESS": "NO", "FITNESS_CENTERS": "NO", "GARDEN_ARBORETUM": "NO", "GOLF_COURSE_9_HOLE": "NO", "GOLF_COURSE_18_HOLE": "NO", "GREENWAY_TRAILHEAD": "NO", "MOUNTAIN_BIKING": "NO", "NATURE_TRAILS": "NO", "OUTDOOR_FITNESS_STATION": "YES", "PAVILION": "NO", "PLAYGROUND": "YES", "PRIMITIVE_TRAILS": "NO", "RECREATION_CENTER": "NO", "RUGBY_FIELD": "NO", "RV_PARK": "NO", "SAND_VOLLEYBALL": "NO", "SHUFFLEBOARD": "NO", "SKATE_PARK": "NO", "SOCCER_FIELD": "NO", "SPLASH_PAD": "YES", "STADIUM": "NO", "SWIMMING_POOL": "NO", "TENNIS_CENTER": "NO", "TENNIS_COURTS": "NO", "VELODROME": "NO", "WALKING_LOOP_OUTDOOR": "YES", "WALKING_TRACK_INDOOR": "NO" }, "geometry": { "type": "Polygon", "coordinates": [ [ [ -91.037774199640992, 30.558410860744218 ], [ -91.037872564375988, 30.558646397328619 ], [ -91.037959951815679, 30.55885563891529 ], [ -91.038038925361249, 30.55904474323285 ], [ -91.038124392596728, 30.559249388963341 ], [ -91.038201777073709, 30.559434681158738 ], [ -91.038290519629143, 30.559647170166233 ], [ -91.038375999280248, 30.559851845487447 ], [ -91.038481398547447, 30.560104217703209 ], [ -91.038630965890448, 30.560104449646211 ], [ -91.038899561920545, 30.560104862260687 ], [ -91.03914540977695, 30.560105240929616 ], [ -91.039417520455501, 30.560105356311247 ], [ -91.039676035113558, 30.560104980935822 ], [ -91.039938765058707, 30.560104598159068 ], [ -91.040398831704366, 30.560103929038338 ], [ -91.040372464410936, 30.560007246697712 ], [ -91.040273360135458, 30.559651969595446 ], [ -91.040204420747074, 30.559413471848277 ], [ -91.040124801639308, 30.559161652369852 ], [ -91.040064276737681, 30.559002094442384 ], [ -91.039985928536012, 30.558818059541945 ], [ -91.0399065302108, 30.558675503954344 ], [ -91.039766900262649, 30.558453203404024 ], [ -91.039695737381024, 30.558356622706558 ], [ -91.037774333998371, 30.558357737474246 ], [ -91.03777431695282, 30.558357861017129 ], [ -91.037774199640992, 30.558410860744218 ] ] ] } },
{ "type": "Feature", "properties": { "ID": 83, "BG_ID": 177, "PARKID": "ZCHCP", "FACILITY_NAME": "Zachary Community Park", "CLASSIFICATION": "Community", "FULL_ADDRESS": "20055 OLD SCENIC HWY", "CITY": "ZACHARY", "STATE": "LOUISIANA", "ZIP": 70791, "ACREAGE": 58.279, "AIRGUN_RANGE": "NO", "AIRNASIUM": "NO", "ARCHERY_RANGE": "NO", "BALL_MULTI_PURPOSE_FIELD": "NO", "BASKETBALL_INDOOR": "NO", "BASKETBALL_OUTDOOR": "YES", "BIKE_REPAIR_STATION": "NO", "BIRD_WATCHING_WILDLIFE_VIEWING": "NO", "BLUEWAY_TRAILHEAD": "NO", "BMX": "NO", "CANOE_KAYAK_LAUNCH": "NO", "CRICKET_PITCH": "NO", "CROQUET_COURT": "NO", "DISC_GOLF": "NO", "DOG_PARK": "YES", "EQUESTRIAN": "NO", "FISHING_ACCESS": "YES", "FITNESS_CENTERS": "NO", "GARDEN_ARBORETUM": "NO", "GOLF_COURSE_9_HOLE": "NO", "GOLF_COURSE_18_HOLE": "NO", "GREENWAY_TRAILHEAD": "NO", "MOUNTAIN_BIKING": "NO", "NATURE_TRAILS": "NO", "OUTDOOR_FITNESS_STATION": "YES", "PAVILION": "YES", "PLAYGROUND": "YES", "PRIMITIVE_TRAILS": "YES", "RECREATION_CENTER": "YES", "RUGBY_FIELD": "NO", "RV_PARK": "NO", "SAND_VOLLEYBALL": "YES", "SHUFFLEBOARD": "NO", "SKATE_PARK": "YES", "SOCCER_FIELD": "NO", "SPLASH_PAD": "YES", "STADIUM": "NO", "SWIMMING_POOL": "NO", "TENNIS_CENTER": "NO", "TENNIS_COURTS": "NO", "VELODROME": "NO", "WALKING_LOOP_OUTDOOR": "YES", "WALKING_TRACK_INDOOR": "NO" }, "geometry": { "type": "Polygon", "coordinates": [ [ [ -91.202662444550157, 30.648234396971386 ], [ -91.202684303808084, 30.64716042163937 ], [ -91.197788452020291, 30.647635119484491 ], [ -91.197771974641782, 30.648414340603225 ], [ -91.197297999541306, 30.648461041466415 ], [ -91.197291733616737, 30.648763426717192 ], [ -91.195119730415882, 30.648977215200116 ], [ -91.195013658796611, 30.648988372583247 ], [ -91.195111398989383, 30.649564804451526 ], [ -91.193321156289443, 30.649696287222987 ], [ -91.193325879133297, 30.649915642865871 ], [ -91.194399449397579, 30.649789666206097 ], [ -91.196532915211577, 30.649552385533649 ], [ -91.196665903838792, 30.652083331655607 ], [ -91.200030745470769, 30.65133708270011 ], [ -91.20023397004104, 30.649936486508249 ], [ -91.201096396947108, 30.650075090131129 ], [ -91.202612698115814, 30.65032256087493 ], [ -91.202649625488561, 30.648767728535177 ], [ -91.202662444550157, 30.648234396971386 ] ] ] } },
{ "type": "Feature", "properties": { "ID": 84, "BG_ID": 41, "PARKID": "BNBRG", "FACILITY_NAME": "Ben Burge Park", "CLASSIFICATION": "Neighborhood", "FULL_ADDRESS": "9350 ANTIGUA DR", "CITY": "BATON ROUGE", "STATE": "LOUISIANA", "ZIP": 70810, "ACREAGE": 18.504, "AIRGUN_RANGE": "NO", "AIRNASIUM": "NO", "ARCHERY_RANGE": "NO", "BALL_MULTI_PURPOSE_FIELD": "NO", "BASKETBALL_INDOOR": "NO", "BASKETBALL_OUTDOOR": "NO", "BIKE_REPAIR_STATION": "NO", "BIRD_WATCHING_WILDLIFE_VIEWING": "NO", "BLUEWAY_TRAILHEAD": "NO", "BMX": "NO", "CANOE_KAYAK_LAUNCH": "NO", "CRICKET_PITCH": "NO", "CROQUET_COURT": "NO", "DISC_GOLF": "NO", "DOG_PARK": "NO", "EQUESTRIAN": "NO", "FISHING_ACCESS": "NO", "FITNESS_CENTERS": "NO", "GARDEN_ARBORETUM": "NO", "GOLF_COURSE_9_HOLE": "NO", "GOLF_COURSE_18_HOLE": "NO", "GREENWAY_TRAILHEAD": "NO", "MOUNTAIN_BIKING": "NO", "NATURE_TRAILS": "NO", "OUTDOOR_FITNESS_STATION": "NO", "PAVILION": "YES", "PLAYGROUND": "YES", "PRIMITIVE_TRAILS": "NO", "RECREATION_CENTER": "YES", "RUGBY_FIELD": "NO", "RV_PARK": "NO", "SAND_VOLLEYBALL": "NO", "SHUFFLEBOARD": "NO", "SKATE_PARK": "NO", "SOCCER_FIELD": "NO", "SPLASH_PAD": "NO", "STADIUM": "NO", "SWIMMING_POOL": "NO", "TENNIS_CENTER": "NO", "TENNIS_COURTS": "NO", "VELODROME": "NO", "WALKING_LOOP_OUTDOOR": "NO", "WALKING_TRACK_INDOOR": "NO" }, "geometry": { "type": "Polygon", "coordinates": [ [ [ -91.1241511609268, 30.347913631220564 ], [ -91.124288691097149, 30.347839567815356 ], [ -91.124359647616515, 30.347805764548163 ], [ -91.124485390843446, 30.347751487093788 ], [ -91.124560972796075, 30.347716626546319 ], [ -91.124598139672131, 30.347698209270074 ], [ -91.124691107746756, 30.347648212640976 ], [ -91.124736443059419, 30.347621668536192 ], [ -91.124791447530541, 30.347587088395752 ], [ -91.124846450921353, 30.347552509132566 ], [ -91.125145659120264, 30.347362375289432 ], [ -91.12496765820292, 30.347151666163796 ], [ -91.12509552350221, 30.34707041222584 ], [ -91.125273524545122, 30.347281121183649 ], [ -91.125871935487879, 30.346900851749968 ], [ -91.125693933857391, 30.346690143577703 ], [ -91.125821799009202, 30.346608888928817 ], [ -91.125799453386577, 30.346582438399647 ], [ -91.12594905525728, 30.346487370461031 ], [ -91.126098656839901, 30.346392303252788 ], [ -91.125127746036469, 30.34524297727053 ], [ -91.125100928795192, 30.345252124749514 ], [ -91.125039612071134, 30.345124055470556 ], [ -91.125060872201118, 30.345115832020049 ], [ -91.124944846354339, 30.344860939689042 ], [ -91.122234928485554, 30.34578227574357 ], [ -91.122454993771015, 30.346042795143447 ], [ -91.122563372035629, 30.346171094040834 ], [ -91.122684915461221, 30.346314980556549 ], [ -91.122797430849545, 30.346448180668702 ], [ -91.122904503768424, 30.346574935494264 ], [ -91.123012070818461, 30.346702273774763 ], [ -91.123126901782399, 30.34683821245925 ], [ -91.123252049101964, 30.346986362995889 ], [ -91.123371914774452, 30.347128260646041 ], [ -91.123484350039078, 30.347261363489835 ], [ -91.123596787683269, 30.347394467138717 ], [ -91.12370922667057, 30.34752756978688 ], [ -91.12382166595151, 30.347660675943157 ], [ -91.123934104501075, 30.347793778389164 ], [ -91.124074672058214, 30.347960173250144 ], [ -91.1241511609268, 30.347913631220564 ] ] ] } },
{ "type": "Feature", "properties": { "ID": 85, "BG_ID": 59, "PARKID": "FLADM", "FACILITY_NAME": "Milton J. Womack Park", "CLASSIFICATION": "Special Facility", "FULL_ADDRESS": "6201 FLORIDA BLVD", "CITY": "BATON ROUGE", "STATE": "LOUISIANA", "ZIP": 70806, "ACREAGE": 20.564, "AIRGUN_RANGE": "NO", "AIRNASIUM": "NO", "ARCHERY_RANGE": "NO", "BALL_MULTI_PURPOSE_FIELD": "YES", "BASKETBALL_INDOOR": "NO", "BASKETBALL_OUTDOOR": "NO", "BIKE_REPAIR_STATION": "NO", "BIRD_WATCHING_WILDLIFE_VIEWING": "NO", "BLUEWAY_TRAILHEAD": "NO", "BMX": "NO", "CANOE_KAYAK_LAUNCH": "NO", "CRICKET_PITCH": "NO", "CROQUET_COURT": "NO", "DISC_GOLF": "NO", "DOG_PARK": "NO", "EQUESTRIAN": "NO", "FISHING_ACCESS": "NO", "FITNESS_CENTERS": "YES", "GARDEN_ARBORETUM": "NO", "GOLF_COURSE_9_HOLE": "NO", "GOLF_COURSE_18_HOLE": "NO", "GREENWAY_TRAILHEAD": "NO", "MOUNTAIN_BIKING": "NO", "NATURE_TRAILS": "NO", "OUTDOOR_FITNESS_STATION": "NO", "PAVILION": "NO", "PLAYGROUND": "NO", "PRIMITIVE_TRAILS": "NO", "RECREATION_CENTER": "NO", "RUGBY_FIELD": "NO", "RV_PARK": "NO", "SAND_VOLLEYBALL": "NO", "SHUFFLEBOARD": "NO", "SKATE_PARK": "NO", "SOCCER_FIELD": "NO", "SPLASH_PAD": "NO", "STADIUM": "NO", "SWIMMING_POOL": "NO", "TENNIS_CENTER": "NO", "TENNIS_COURTS": "NO", "VELODROME": "NO", "WALKING_LOOP_OUTDOOR": "YES", "WALKING_TRACK_INDOOR": "NO" }, "geometry": { "type": "Polygon", "coordinates": [ [ [ -91.12724780555267, 30.452250118163711 ], [ -91.126396084176889, 30.452280358345014 ], [ -91.126349826922663, 30.451503356296246 ], [ -91.124133218741392, 30.451582189814992 ], [ -91.124193697954198, 30.452955956286658 ], [ -91.124251051139495, 30.454247568598269 ], [ -91.127338852671485, 30.454144410612759 ], [ -91.127300687660608, 30.453348976237567 ], [ -91.12724780555267, 30.452250118163711 ] ] ] } },
{ "type": "Feature", "properties": { "ID": 86, "BG_ID": 135, "PARKID": "WMPLD", "FACILITY_NAME": "Milford Wampold Memorial Park", "CLASSIFICATION": "Neighborhood", "FULL_ADDRESS": "901 STANFORD AVE", "CITY": "BATON ROUGE", "STATE": "LOUISIANA", "ZIP": 70808, "ACREAGE": 4.15, "AIRGUN_RANGE": "NO", "AIRNASIUM": "NO", "ARCHERY_RANGE": "NO", "BALL_MULTI_PURPOSE_FIELD": "NO", "BASKETBALL_INDOOR": "NO", "BASKETBALL_OUTDOOR": "NO", "BIKE_REPAIR_STATION": "NO", "BIRD_WATCHING_WILDLIFE_VIEWING": "NO", "BLUEWAY_TRAILHEAD": "NO", "BMX": "NO", "CANOE_KAYAK_LAUNCH": "YES", "CRICKET_PITCH": "NO", "CROQUET_COURT": "NO", "DISC_GOLF": "NO", "DOG_PARK": "NO", "EQUESTRIAN": "NO", "FISHING_ACCESS": "YES", "FITNESS_CENTERS": "NO", "GARDEN_ARBORETUM": "NO", "GOLF_COURSE_9_HOLE": "NO", "GOLF_COURSE_18_HOLE": "NO", "GREENWAY_TRAILHEAD": "NO", "MOUNTAIN_BIKING": "NO", "NATURE_TRAILS": "NO", "OUTDOOR_FITNESS_STATION": "YES", "PAVILION": "NO", "PLAYGROUND": "NO", "PRIMITIVE_TRAILS": "NO", "RECREATION_CENTER": "NO", "RUGBY_FIELD": "NO", "RV_PARK": "NO", "SAND_VOLLEYBALL": "NO", "SHUFFLEBOARD": "NO", "SKATE_PARK": "NO", "SOCCER_FIELD": "NO", "SPLASH_PAD": "NO", "STADIUM": "NO", "SWIMMING_POOL": "NO", "TENNIS_CENTER": "NO", "TENNIS_COURTS": "NO", "VELODROME": "NO", "WALKING_LOOP_OUTDOOR": "NO", "WALKING_TRACK_INDOOR": "NO" }, "geometry": { "type": "Polygon", "coordinates": [ [ [ -91.164496316907531, 30.40756528775966 ], [ -91.1644987081078, 30.407441872339447 ], [ -91.164457283664774, 30.407422048333146 ], [ -91.163143075947204, 30.40888260114512 ], [ -91.163226414252179, 30.408913397477829 ], [ -91.163296758767444, 30.408902201032653 ], [ -91.163309614178999, 30.408902857147694 ], [ -91.163316012744346, 30.408903488720238 ], [ -91.163322380780301, 30.408904323223336 ], [ -91.163328708924666, 30.408905357938554 ], [ -91.163334989895304, 30.408906591052467 ], [ -91.16334121432385, 30.408908023455076 ], [ -91.163347374932684, 30.408909650626622 ], [ -91.163353462356611, 30.408911471652878 ], [ -91.163359469315012, 30.408913483818331 ], [ -91.163365387486365, 30.408915684406018 ], [ -91.163371209590068, 30.408918070700341 ], [ -91.163376927306189, 30.40892063908214 ], [ -91.163382532313378, 30.408923386834616 ], [ -91.163388019415535, 30.408926309440535 ], [ -91.163393379250437, 30.408929404181649 ], [ -91.163398604542095, 30.408932665636119 ], [ -91.163403690091343, 30.408936091090979 ], [ -91.163408628623628, 30.408939674222271 ], [ -91.163413411820656, 30.40894341050889 ], [ -91.16341803552551, 30.408947296337114 ], [ -91.163456880330415, 30.408977474230955 ], [ -91.163477245754436, 30.408991602758078 ], [ -91.163498203474902, 30.409005066301056 ], [ -91.163519724384159, 30.409017844976358 ], [ -91.163541778329318, 30.409029921605285 ], [ -91.16356433411498, 30.409041279909843 ], [ -91.163587362628789, 30.409051902712761 ], [ -91.163610830589136, 30.409061776439724 ], [ -91.163634704714383, 30.409070887516471 ], [ -91.163658953804315, 30.409079222371382 ], [ -91.163683543530354, 30.409086771037231 ], [ -91.163708440607593, 30.409093521743959 ], [ -91.163725227665182, 30.409102937637915 ], [ -91.163733312981421, 30.409108036695301 ], [ -91.163741178266392, 30.40911338805493 ], [ -91.163748813126389, 30.409118983584641 ], [ -91.163756208203779, 30.409124817859968 ], [ -91.163763353107939, 30.409130880944584 ], [ -91.163770238484233, 30.409137165609913 ], [ -91.16377685497973, 30.409143663725057 ], [ -91.16378319428371, 30.40915036625865 ], [ -91.16378924704469, 30.409157264177779 ], [ -91.163795005991204, 30.40916434935432 ], [ -91.163807611659976, 30.409174149577765 ], [ -91.163814205370031, 30.409178755980939 ], [ -91.163820981563688, 30.409183157843536 ], [ -91.163827931922597, 30.409187350644437 ], [ -91.163835049170473, 30.409191328961739 ], [ -91.163842322909005, 30.409195087369525 ], [ -91.163849744819686, 30.409198621346686 ], [ -91.163857305541896, 30.409201927272811 ], [ -91.16386499571631, 30.409205000625491 ], [ -91.163872805983729, 30.409207836882221 ], [ -91.163880726981915, 30.409210433324681 ], [ -91.163888747266967, 30.409212787232008 ], [ -91.163896859559713, 30.40921489498637 ], [ -91.163905051375551, 30.409216753865625 ], [ -91.163913314392886, 30.409218361152774 ], [ -91.163921637164819, 30.409219715931034 ], [ -91.163930009286773, 30.409220816382845 ], [ -91.163938421396338, 30.409221659790003 ], [ -91.163946863084405, 30.409222247041214 ], [ -91.163955322905508, 30.409222576317578 ], [ -91.163963790453565, 30.409222646703817 ], [ -91.163972256358434, 30.409222459991987 ], [ -91.16398070813409, 30.409222014361916 ], [ -91.163989137451239, 30.409221311607187 ], [ -91.163997533902148, 30.409220351714456 ], [ -91.16400588499458, 30.409219136471812 ], [ -91.16401418135851, 30.409217667671619 ], [ -91.164020037461029, 30.409217224127168 ], [ -91.164022974646883, 30.409217138581926 ], [ -91.16402591375747, 30.40921714505226 ], [ -91.164028851673478, 30.409217241729923 ], [ -91.16403178214884, 30.409217429508921 ], [ -91.164034704144356, 30.409217707485922 ], [ -91.164037612454649, 30.409218076556375 ], [ -91.164040503960535, 30.409218534911986 ], [ -91.164043374498974, 30.40921908254753 ], [ -91.164046220947682, 30.40921971945906 ], [ -91.164049038105858, 30.40922044383559 ], [ -91.164051824934418, 30.409221254773794 ], [ -91.164054576230967, 30.409222151364933 ], [ -91.164057288874758, 30.409223132702781 ], [ -91.164059958704385, 30.409224197880178 ], [ -91.164062583641353, 30.409225345090043 ], [ -91.164065158484888, 30.409226572521728 ], [ -91.164083606115852, 30.409235086602635 ], [ -91.164093080977025, 30.409238909156524 ], [ -91.164102707252283, 30.409242436920476 ], [ -91.16411247246306, 30.40924566356377 ], [ -91.164122365167117, 30.409248585463416 ], [ -91.16413237184058, 30.409251198993687 ], [ -91.164142479998802, 30.409253501432417 ], [ -91.16415267715864, 30.409255489155104 ], [ -91.164162948753983, 30.409257159436947 ], [ -91.164173283339395, 30.409258510459029 ], [ -91.164183666347128, 30.409259540398573 ], [ -91.164194086328692, 30.409260249240887 ], [ -91.164204527678706, 30.409260633357661 ], [ -91.164214978945552, 30.409260694538379 ], [ -91.164225425560034, 30.40926043186241 ], [ -91.164235855031293, 30.409259846215743 ], [ -91.164246253830882, 30.409258936679031 ], [ -91.16425660842259, 30.409257706843366 ], [ -91.164266905276463, 30.409256156691402 ], [ -91.164277131900079, 30.409254288011425 ], [ -91.164287274757299, 30.409252104394433 ], [ -91.164297321355832, 30.409249607628691 ], [ -91.164307258159511, 30.409246801305255 ], [ -91.164317073712184, 30.409243689919954 ], [ -91.164326754480783, 30.40924027525968 ], [ -91.164336287965256, 30.409236563623111 ], [ -91.164345661670311, 30.409232558602671 ], [ -91.16435486517905, 30.409228265597591 ], [ -91.164363885991477, 30.409223690906565 ], [ -91.164372711610739, 30.409218839024089 ], [ -91.164381332657626, 30.409213717155023 ], [ -91.164614760732675, 30.408931272570548 ], [ -91.164723706579736, 30.408785436396652 ], [ -91.164738637731872, 30.408749029077374 ], [ -91.164744955380073, 30.408730498298869 ], [ -91.16475049589215, 30.408711782502813 ], [ -91.164755254026417, 30.40869290423479 ], [ -91.164759221411359, 30.408673890546925 ], [ -91.164762392805272, 30.40865476398475 ], [ -91.164764766081205, 30.408635551608409 ], [ -91.164766337036795, 30.408616276866887 ], [ -91.164767102507341, 30.408596965014571 ], [ -91.164767063489734, 30.408577642213359 ], [ -91.164766218900695, 30.408558333720425 ], [ -91.164764569740228, 30.408539063893461 ], [ -91.1647621180458, 30.408519858895517 ], [ -91.164758867941174, 30.408500742186259 ], [ -91.164754823545408, 30.408481739931336 ], [ -91.164744681041554, 30.40844514006119 ], [ -91.164741270612026, 30.40834818817677 ], [ -91.164736416334947, 30.408299864279012 ], [ -91.164729470858958, 30.408251732564739 ], [ -91.16472044447967, 30.408203860703424 ], [ -91.164709348533492, 30.408156316365812 ], [ -91.164696200601085, 30.408109167230545 ], [ -91.164681018266307, 30.408062479171942 ], [ -91.164663822233351, 30.408016318970311 ], [ -91.164652374958237, 30.408008985713654 ], [ -91.164646883328743, 30.408005060030256 ], [ -91.164641555379433, 30.408000968571045 ], [ -91.164636398387927, 30.407996715855756 ], [ -91.164631418589437, 30.407992307304955 ], [ -91.164626621178641, 30.407987748337757 ], [ -91.164622014472258, 30.407983044377406 ], [ -91.164617602620993, 30.407978202645829 ], [ -91.16461339186182, 30.407973227661518 ], [ -91.164609386343798, 30.407968127548617 ], [ -91.164605592303801, 30.407962906825457 ], [ -91.164602013892562, 30.407957572714146 ], [ -91.164598656301521, 30.407952132438041 ], [ -91.16459552368292, 30.407946592317103 ], [ -91.164592619148266, 30.407940958669887 ], [ -91.164589946845226, 30.407935240522558 ], [ -91.164587509886772, 30.407929443291771 ], [ -91.164585311381359, 30.407923575100167 ], [ -91.164583354440424, 30.407917642266547 ], [ -91.164581641130169, 30.407911653814185 ], [ -91.164580173521259, 30.407905616060606 ], [ -91.164578954722131, 30.407899537128454 ], [ -91.164577984718989, 30.407893425136628 ], [ -91.164577264541705, 30.407887286400946 ], [ -91.164576797297229, 30.407881129946368 ], [ -91.164576580891747, 30.407874962986877 ], [ -91.164576617394474, 30.407868792741858 ], [ -91.164576905749215, 30.407862628230863 ], [ -91.164577446985987, 30.407856475769815 ], [ -91.16457823796712, 30.407850344375603 ], [ -91.164579280763462, 30.407844240365549 ], [ -91.16458057119651, 30.407838172755138 ], [ -91.164582110294774, 30.407832148762438 ], [ -91.164583893882934, 30.407826175598757 ], [ -91.164585919865672, 30.407820261380227 ], [ -91.164588187191455, 30.407814412420208 ], [ -91.164590692724204, 30.40780863683343 ], [ -91.16459343228712, 30.40780294273338 ], [ -91.16459640378946, 30.407797335529864 ], [ -91.164599602013695, 30.407791823335042 ], [ -91.164603023826771, 30.407786412459473 ], [ -91.164603578623968, 30.407766762953301 ], [ -91.164603241460128, 30.407756937866854 ], [ -91.164602494212602, 30.407747129396643 ], [ -91.164601337899299, 30.407737351075408 ], [ -91.164599774580353, 30.407727615534903 ], [ -91.164597805275193, 30.407717935405728 ], [ -91.164595434125445, 30.407708323322371 ], [ -91.164592663192849, 30.407698791014639 ], [ -91.164589495575129, 30.407689352919903 ], [ -91.164585936457854, 30.407680019869794 ], [ -91.164581991023326, 30.407670804500132 ], [ -91.164577662372395, 30.407661719444182 ], [ -91.16457295777208, 30.407652775536111 ], [ -91.1645678834454, 30.407643985413259 ], [ -91.164562445620064, 30.407635359006335 ], [ -91.164556650517667, 30.40762690985472 ], [ -91.164543602107557, 30.407610081856006 ], [ -91.164536543963607, 30.407601995535028 ], [ -91.164529141976004, 30.407594143317784 ], [ -91.164521407574568, 30.407586536043993 ], [ -91.164513351148244, 30.407579184551938 ], [ -91.164504984130105, 30.407572097877082 ], [ -91.164496316907531, 30.40756528775966 ] ] ] } },
{ "type": "Feature", "properties": { "ID": 87, "BG_ID": 174, "PARKID": "SPSTN", "FACILITY_NAME": "Spanish Town Park", "CLASSIFICATION": "Neighborhood", "FULL_ADDRESS": "1300 SPANISH TOWN RD", "CITY": "BATON ROUGE", "STATE": "LOUISIANA", "ZIP": 70802, "ACREAGE": 2.05, "AIRGUN_RANGE": "NO", "AIRNASIUM": "NO", "ARCHERY_RANGE": "NO", "BALL_MULTI_PURPOSE_FIELD": "NO", "BASKETBALL_INDOOR": "NO", "BASKETBALL_OUTDOOR": "YES", "BIKE_REPAIR_STATION": "NO", "BIRD_WATCHING_WILDLIFE_VIEWING": "NO", "BLUEWAY_TRAILHEAD": "NO", "BMX": "NO", "CANOE_KAYAK_LAUNCH": "NO", "CRICKET_PITCH": "NO", "CROQUET_COURT": "NO", "DISC_GOLF": "NO", "DOG_PARK": "NO", "EQUESTRIAN": "NO", "FISHING_ACCESS": "NO", "FITNESS_CENTERS": "NO", "GARDEN_ARBORETUM": "NO", "GOLF_COURSE_9_HOLE": "NO", "GOLF_COURSE_18_HOLE": "NO", "GREENWAY_TRAILHEAD": "NO", "MOUNTAIN_BIKING": "NO", "NATURE_TRAILS": "NO", "OUTDOOR_FITNESS_STATION": "NO", "PAVILION": "YES", "PLAYGROUND": "YES", "PRIMITIVE_TRAILS": "NO", "RECREATION_CENTER": "NO", "RUGBY_FIELD": "NO", "RV_PARK": "NO", "SAND_VOLLEYBALL": "NO", "SHUFFLEBOARD": "NO", "SKATE_PARK": "NO", "SOCCER_FIELD": "NO", "SPLASH_PAD": "NO", "STADIUM": "NO", "SWIMMING_POOL": "NO", "TENNIS_CENTER": "NO", "TENNIS_COURTS": "NO", "VELODROME": "NO", "WALKING_LOOP_OUTDOOR": "YES", "WALKING_TRACK_INDOOR": "NO" }, "geometry": { "type": "Polygon", "coordinates": [ [ [ -91.176831445703044, 30.453989044191918 ], [ -91.176621076642192, 30.453994381670697 ], [ -91.176461463538956, 30.453998432221983 ], [ -91.17628583454686, 30.45400288934535 ], [ -91.176127218960133, 30.454006913615466 ], [ -91.176027799943583, 30.454009435791729 ], [ -91.17604469362702, 30.454394108008152 ], [ -91.17606491856192, 30.454931806209554 ], [ -91.176178067067127, 30.454928779820243 ], [ -91.17634732019016, 30.454924253028512 ], [ -91.176517122058229, 30.454919710433476 ], [ -91.176687152992614, 30.454915162479228 ], [ -91.176860118264642, 30.454910533884728 ], [ -91.17685042895009, 30.454599088365146 ], [ -91.176845856351392, 30.454452110203068 ], [ -91.176841257887162, 30.454304375161026 ], [ -91.176841255932658, 30.454304293971745 ], [ -91.176831445703044, 30.453989044191918 ] ] ] } },
{ "type": "Feature", "properties": { "ID": 88, "BG_ID": 169, "PARKID": "TRRCE", "FACILITY_NAME": "Terrace Street Park", "CLASSIFICATION": "Neighborhood", "FULL_ADDRESS": "701 TERRACE ST", "CITY": "BATON ROUGE", "STATE": "LOUISIANA", "ZIP": 70802, "ACREAGE": 0.496, "AIRGUN_RANGE": "NO", "AIRNASIUM": "NO", "ARCHERY_RANGE": "NO", "BALL_MULTI_PURPOSE_FIELD": "NO", "BASKETBALL_INDOOR": "NO", "BASKETBALL_OUTDOOR": "YES", "BIKE_REPAIR_STATION": "NO", "BIRD_WATCHING_WILDLIFE_VIEWING": "NO", "BLUEWAY_TRAILHEAD": "NO", "BMX": "NO", "CANOE_KAYAK_LAUNCH": "NO", "CRICKET_PITCH": "NO", "CROQUET_COURT": "NO", "DISC_GOLF": "NO", "DOG_PARK": "NO", "EQUESTRIAN": "NO", "FISHING_ACCESS": "NO", "FITNESS_CENTERS": "NO", "GARDEN_ARBORETUM": "YES", "GOLF_COURSE_9_HOLE": "NO", "GOLF_COURSE_18_HOLE": "NO", "GREENWAY_TRAILHEAD": "NO", "MOUNTAIN_BIKING": "NO", "NATURE_TRAILS": "NO", "OUTDOOR_FITNESS_STATION": "NO", "PAVILION": "NO", "PLAYGROUND": "YES", "PRIMITIVE_TRAILS": "NO", "RECREATION_CENTER": "NO", "RUGBY_FIELD": "NO", "RV_PARK": "NO", "SAND_VOLLEYBALL": "NO", "SHUFFLEBOARD": "NO", "SKATE_PARK": "NO", "SOCCER_FIELD": "NO", "SPLASH_PAD": "NO", "STADIUM": "NO", "SWIMMING_POOL": "NO", "TENNIS_CENTER": "NO", "TENNIS_COURTS": "NO", "VELODROME": "NO", "WALKING_LOOP_OUTDOOR": "NO", "WALKING_TRACK_INDOOR": "NO" }, "geometry": { "type": "Polygon", "coordinates": [ [ [ -91.182962384724092, 30.436658149382446 ], [ -91.183158925219672, 30.436655996639463 ], [ -91.183357038954128, 30.43665370015351 ], [ -91.183345039535197, 30.436324439261988 ], [ -91.183145871686591, 30.436326171633127 ], [ -91.18294932872179, 30.436328323451264 ], [ -91.182752791993394, 30.436330475886454 ], [ -91.18275932017589, 30.436495390219402 ], [ -91.182765847340391, 30.436660303640981 ], [ -91.18286464489681, 30.436659220835452 ], [ -91.182962384724092, 30.436658149382446 ] ] ] } },
{ "type": "Feature", "properties": { "ID": 89, "BG_ID": 38, "PARKID": "ALAST", "FACILITY_NAME": "Alaska Street Park", "CLASSIFICATION": "Neighborhood", "FULL_ADDRESS": "3014 ALASKA ST", "CITY": "BATON ROUGE", "STATE": "LOUISIANA", "ZIP": 70802, "ACREAGE": 2.741, "AIRGUN_RANGE": "NO", "AIRNASIUM": "NO", "ARCHERY_RANGE": "NO", "BALL_MULTI_PURPOSE_FIELD": "NO", "BASKETBALL_INDOOR": "YES", "BASKETBALL_OUTDOOR": "YES", "BIKE_REPAIR_STATION": "NO", "BIRD_WATCHING_WILDLIFE_VIEWING": "NO", "BLUEWAY_TRAILHEAD": "NO", "BMX": "NO", "CANOE_KAYAK_LAUNCH": "NO", "CRICKET_PITCH": "NO", "CROQUET_COURT": "NO", "DISC_GOLF": "NO", "DOG_PARK": "NO", "EQUESTRIAN": "NO", "FISHING_ACCESS": "NO", "FITNESS_CENTERS": "NO", "GARDEN_ARBORETUM": "NO", "GOLF_COURSE_9_HOLE": "NO", "GOLF_COURSE_18_HOLE": "NO", "GREENWAY_TRAILHEAD": "NO", "MOUNTAIN_BIKING": "NO", "NATURE_TRAILS": "NO", "OUTDOOR_FITNESS_STATION": "NO", "PAVILION": "NO", "PLAYGROUND": "YES", "PRIMITIVE_TRAILS": "NO", "RECREATION_CENTER": "YES", "RUGBY_FIELD": "NO", "RV_PARK": "NO", "SAND_VOLLEYBALL": "NO", "SHUFFLEBOARD": "NO", "SKATE_PARK": "NO", "SOCCER_FIELD": "NO", "SPLASH_PAD": "NO", "STADIUM": "NO", "SWIMMING_POOL": "NO", "TENNIS_CENTER": "NO", "TENNIS_COURTS": "NO", "VELODROME": "NO", "WALKING_LOOP_OUTDOOR": "NO", "WALKING_TRACK_INDOOR": "NO" }, "geometry": { "type": "Polygon", "coordinates": [ [ [ -91.185149715841987, 30.421398917798477 ], [ -91.18514436198204, 30.421236758265653 ], [ -91.185613543472684, 30.421227087909532 ], [ -91.185607991089313, 30.421064932677069 ], [ -91.185602439764892, 30.420902777438229 ], [ -91.185596887419109, 30.420740621288459 ], [ -91.184962530138094, 30.420753695733261 ], [ -91.184956979886394, 30.420591539551019 ], [ -91.184951428610574, 30.420429384262111 ], [ -91.184945877352874, 30.420267228965539 ], [ -91.185580230487801, 30.420254154597725 ], [ -91.185572890654726, 30.420039780066762 ], [ -91.185360382519434, 30.420044160185366 ], [ -91.185147874365455, 30.420048539962362 ], [ -91.184938538889526, 30.420052853498088 ], [ -91.184729202353196, 30.420057167603321 ], [ -91.184516694143554, 30.420061546365833 ], [ -91.184304185915096, 30.42006592478678 ], [ -91.184311524052319, 30.420280299387727 ], [ -91.184317074273551, 30.420442455612417 ], [ -91.184322623473449, 30.420604610926215 ], [ -91.184328173732283, 30.420766766233601 ], [ -91.184333724007942, 30.42092892243538 ], [ -91.184339274303085, 30.421091077727485 ], [ -91.184344824616289, 30.42125323301201 ], [ -91.184350374946334, 30.421415389190948 ], [ -91.18435592425493, 30.421577544459016 ], [ -91.184990286878374, 30.421564472927582 ], [ -91.184984735493813, 30.421402317684404 ], [ -91.185149715841987, 30.421398917798477 ] ] ] } },
{ "type": "Feature", "properties": { "ID": 90, "BG_ID": 33, "PARKID": "FRTYE", "FACILITY_NAME": "Forty-Eighth Street Park", "CLASSIFICATION": "Neighborhood", "FULL_ADDRESS": "628 N 48TH ST", "CITY": "BATON ROUGE", "STATE": "LOUISIANA", "ZIP": 70806, "ACREAGE": 2.55, "AIRGUN_RANGE": "NO", "AIRNASIUM": "NO", "ARCHERY_RANGE": "NO", "BALL_MULTI_PURPOSE_FIELD": "NO", "BASKETBALL_INDOOR": "NO", "BASKETBALL_OUTDOOR": "YES", "BIKE_REPAIR_STATION": "NO", "BIRD_WATCHING_WILDLIFE_VIEWING": "NO", "BLUEWAY_TRAILHEAD": "NO", "BMX": "NO", "CANOE_KAYAK_LAUNCH": "NO", "CRICKET_PITCH": "NO", "CROQUET_COURT": "NO", "DISC_GOLF": "NO", "DOG_PARK": "NO", "EQUESTRIAN": "NO", "FISHING_ACCESS": "NO", "FITNESS_CENTERS": "NO", "GARDEN_ARBORETUM": "NO", "GOLF_COURSE_9_HOLE": "NO", "GOLF_COURSE_18_HOLE": "NO", "GREENWAY_TRAILHEAD": "NO", "MOUNTAIN_BIKING": "NO", "NATURE_TRAILS": "NO", "OUTDOOR_FITNESS_STATION": "NO", "PAVILION": "NO", "PLAYGROUND": "NO", "PRIMITIVE_TRAILS": "NO", "RECREATION_CENTER": "NO", "RUGBY_FIELD": "NO", "RV_PARK": "NO", "SAND_VOLLEYBALL": "YES", "SHUFFLEBOARD": "NO", "SKATE_PARK": "NO", "SOCCER_FIELD": "NO", "SPLASH_PAD": "NO", "STADIUM": "NO", "SWIMMING_POOL": "NO", "TENNIS_CENTER": "NO", "TENNIS_COURTS": "NO", "VELODROME": "NO", "WALKING_LOOP_OUTDOOR": "NO", "WALKING_TRACK_INDOOR": "NO" }, "geometry": { "type": "MultiPolygon", "coordinates": [ [ [ [ -91.141718511294812, 30.455368193587823 ], [ -91.141716933421151, 30.4553624567951 ], [ -91.141715965312528, 30.455359628281645 ], [ -91.14171487947867, 30.455356832974456 ], [ -91.14171367799679, 30.455354073582832 ], [ -91.141712361901327, 30.455351353716573 ], [ -91.141710932226445, 30.45534867698548 ], [ -91.14170939104946, 30.4553460460987 ], [ -91.1417077414837, 30.455343466473384 ], [ -91.141705985608155, 30.455340939916535 ], [ -91.141704124457121, 30.455338470038072 ], [ -91.14170216114735, 30.455336060450698 ], [ -91.141700098797386, 30.455333713865283 ], [ -91.141697939482739, 30.455331433893029 ], [ -91.141695685282471, 30.455329222341152 ], [ -91.14169334139406, 30.45532708372766 ], [ -91.141690908853491, 30.455325020760078 ], [ -91.14168839182409, 30.455323034346716 ], [ -91.141685792379647, 30.45532112900079 ], [ -91.141683115722813, 30.455319306534108 ], [ -91.141680364972188, 30.455317569657382 ], [ -91.141680319190442, 30.455317552451554 ], [ -91.141573894658336, 30.455277946740868 ], [ -91.141573426439265, 30.455277769254828 ], [ -91.141554053988472, 30.45526969463544 ], [ -91.141544633113753, 30.455265205768612 ], [ -91.141535406476223, 30.455260424909529 ], [ -91.141526386560471, 30.455255357489026 ], [ -91.14151758376677, 30.4552500098366 ], [ -91.141509010574381, 30.455244390089167 ], [ -91.141500678426638, 30.455238503675801 ], [ -91.141492597716777, 30.455232360534474 ], [ -91.141484779886355, 30.45522596699638 ], [ -91.141477234287407, 30.455219332998002 ], [ -91.1414699702772, 30.455212465769534 ], [ -91.141462999290198, 30.455205375250497 ], [ -91.141456329638928, 30.455198070473791 ], [ -91.141449969634166, 30.455190561374263 ], [ -91.141443927588369, 30.455182856984919 ], [ -91.141438211810581, 30.455174968142749 ], [ -91.141432830609745, 30.455166905684777 ], [ -91.1414277891746, 30.455158678639293 ], [ -91.141423095810623, 30.455150299647496 ], [ -91.141418756747797, 30.455141777739311 ], [ -91.14137996176747, 30.455142953681062 ], [ -91.141372747686844, 30.454964343571639 ], [ -91.141367199053036, 30.454826950896489 ], [ -91.141361649393374, 30.454689558214138 ], [ -91.141356100790304, 30.454552165527513 ], [ -91.140880337087552, 30.454566587531438 ], [ -91.140885885032986, 30.454703980237447 ], [ -91.140891434035055, 30.454841372939168 ], [ -91.140894264656325, 30.454911470296146 ], [ -91.140897128835149, 30.454978761336914 ], [ -91.140904195236857, 30.455157375768401 ], [ -91.140904902659614, 30.455174887927658 ], [ -91.140909744291349, 30.455294767549134 ], [ -91.1409158460893, 30.455477374959283 ], [ -91.140928449799517, 30.455779627132081 ], [ -91.140946172696118, 30.45608172976149 ], [ -91.140956041631767, 30.456281661589092 ], [ -91.141723600944658, 30.45544424699747 ], [ -91.141718511294812, 30.455368193587823 ] ] ], [ [ [ -91.141831611117311, 30.455320521118612 ], [ -91.141968647174664, 30.455166374888368 ], [ -91.142013980361341, 30.455115382878553 ], [ -91.142011541463944, 30.455055025849344 ], [ -91.141535775448261, 30.455069449306723 ], [ -91.141536309077466, 30.455082658300789 ], [ -91.141538952725071, 30.455090782636852 ], [ -91.141540520409762, 30.45509477930964 ], [ -91.141542250628021, 30.455098724799729 ], [ -91.141544141304223, 30.455102615495736 ], [ -91.141546188283968, 30.455106445979119 ], [ -91.141548390536414, 30.455110210835951 ], [ -91.141550745986095, 30.455113906454905 ], [ -91.141553249437266, 30.455117527415958 ], [ -91.141555898814403, 30.455121070107811 ], [ -91.141558692045464, 30.455124529114961 ], [ -91.141561623932972, 30.455127899919443 ], [ -91.14156469135844, 30.455131179810607 ], [ -91.141567890167337, 30.455134363369858 ], [ -91.141571217242841, 30.455137446984399 ], [ -91.141574668427111, 30.455140427039776 ], [ -91.141578238520708, 30.455143299920309 ], [ -91.141581923367511, 30.455146061109453 ], [ -91.141585718807647, 30.455148707894942 ], [ -91.141589618598957, 30.455151237561559 ], [ -91.141593620667649, 30.455153645595821 ], [ -91.141597717728473, 30.455155930183015 ], [ -91.141601905623389, 30.455158087708874 ], [ -91.14160617811018, 30.455160115457986 ], [ -91.141612056289716, 30.455162636264689 ], [ -91.141615044494912, 30.455163805178248 ], [ -91.141648064753753, 30.455176094229412 ], [ -91.141705856210962, 30.455197601410731 ], [ -91.141720953872181, 30.455203219772642 ], [ -91.141733129993057, 30.455208195229797 ], [ -91.141739057686593, 30.455210960565537 ], [ -91.141744867368089, 30.455213907949762 ], [ -91.141750551759372, 30.455217031959446 ], [ -91.141756104619802, 30.455220328977212 ], [ -91.141761518667778, 30.455223795384295 ], [ -91.141766787664466, 30.455227426661271 ], [ -91.141771903288657, 30.455231218285704 ], [ -91.141776860344592, 30.455235164837653 ], [ -91.141781651552179, 30.455239261796116 ], [ -91.141786271715702, 30.455243503741244 ], [ -91.141790714596411, 30.455247886153504 ], [ -91.141794975001943, 30.455252401808899 ], [ -91.141799046693521, 30.455257046187949 ], [ -91.141802925516615, 30.455261813872191 ], [ -91.141806606278948, 30.45526669763753 ], [ -91.141810083786396, 30.455271691161862 ], [ -91.14181335388264, 30.45527678992887 ], [ -91.141816412420113, 30.455281984911764 ], [ -91.141819256283796, 30.455287271595658 ], [ -91.141821880281356, 30.455292642756412 ], [ -91.141824282344061, 30.45529809117442 ], [ -91.141826459360459, 30.455303610530713 ], [ -91.141828408220647, 30.455309193604041 ], [ -91.141830125816554, 30.455314832271313 ], [ -91.141831611117311, 30.455320521118612 ] ] ] ] } },
{ "type": "Feature", "properties": { "ID": 91, "BG_ID": 96, "PARKID": "BCHNN", "FACILITY_NAME": "Buchanan Park", "CLASSIFICATION": "Neighborhood", "FULL_ADDRESS": "2300 MISSOURI ST", "CITY": "BATON ROUGE", "STATE": "LOUISIANA", "ZIP": 70802, "ACREAGE": 0.23, "AIRGUN_RANGE": "NO", "AIRNASIUM": "NO", "ARCHERY_RANGE": "NO", "BALL_MULTI_PURPOSE_FIELD": "NO", "BASKETBALL_INDOOR": "NO", "BASKETBALL_OUTDOOR": "YES", "BIKE_REPAIR_STATION": "NO", "BIRD_WATCHING_WILDLIFE_VIEWING": "NO", "BLUEWAY_TRAILHEAD": "NO", "BMX": "NO", "CANOE_KAYAK_LAUNCH": "NO", "CRICKET_PITCH": "NO", "CROQUET_COURT": "NO", "DISC_GOLF": "NO", "DOG_PARK": "NO", "EQUESTRIAN": "NO", "FISHING_ACCESS": "NO", "FITNESS_CENTERS": "NO", "GARDEN_ARBORETUM": "NO", "GOLF_COURSE_9_HOLE": "NO", "GOLF_COURSE_18_HOLE": "NO", "GREENWAY_TRAILHEAD": "NO", "MOUNTAIN_BIKING": "NO", "NATURE_TRAILS": "NO", "OUTDOOR_FITNESS_STATION": "NO", "PAVILION": "NO", "PLAYGROUND": "NO", "PRIMITIVE_TRAILS": "NO", "RECREATION_CENTER": "NO", "RUGBY_FIELD": "NO", "RV_PARK": "NO", "SAND_VOLLEYBALL": "NO", "SHUFFLEBOARD": "NO", "SKATE_PARK": "NO", "SOCCER_FIELD": "NO", "SPLASH_PAD": "NO", "STADIUM": "NO", "SWIMMING_POOL": "NO", "TENNIS_CENTER": "NO", "TENNIS_COURTS": "NO", "VELODROME": "NO", "WALKING_LOOP_OUTDOOR": "NO", "WALKING_TRACK_INDOOR": "NO" }, "geometry": { "type": "Polygon", "coordinates": [ [ [ -91.172522301380042, 30.425208148961811 ], [ -91.172205036176564, 30.425217314902515 ], [ -91.172211003989091, 30.425353876184293 ], [ -91.172217030945461, 30.425491847491283 ], [ -91.172532872951606, 30.425482726699013 ], [ -91.172528711888774, 30.425374364102808 ], [ -91.172526774556488, 30.425344246543851 ], [ -91.172524483616911, 30.425264442618563 ], [ -91.172522301380042, 30.425208148961811 ] ] ] } },
{ "type": "Feature", "properties": { "ID": 92, "BG_ID": 30, "PARKID": "MGCTY", "FACILITY_NAME": "Magnolia Cemetery", "CLASSIFICATION": "Special Facility", "FULL_ADDRESS": "422 N 19TH ST", "CITY": "BATON ROUGE", "STATE": "LOUISIANA", "ZIP": 70802, "ACREAGE": 16.5, "AIRGUN_RANGE": "NO", "AIRNASIUM": "NO", "ARCHERY_RANGE": "NO", "BALL_MULTI_PURPOSE_FIELD": "NO", "BASKETBALL_INDOOR": "NO", "BASKETBALL_OUTDOOR": "NO", "BIKE_REPAIR_STATION": "NO", "BIRD_WATCHING_WILDLIFE_VIEWING": "NO", "BLUEWAY_TRAILHEAD": "NO", "BMX": "NO", "CANOE_KAYAK_LAUNCH": "NO", "CRICKET_PITCH": "NO", "CROQUET_COURT": "NO", "DISC_GOLF": "NO", "DOG_PARK": "NO", "EQUESTRIAN": "NO", "FISHING_ACCESS": "NO", "FITNESS_CENTERS": "NO", "GARDEN_ARBORETUM": "NO", "GOLF_COURSE_9_HOLE": "NO", "GOLF_COURSE_18_HOLE": "NO", "GREENWAY_TRAILHEAD": "NO", "MOUNTAIN_BIKING": "NO", "NATURE_TRAILS": "NO", "OUTDOOR_FITNESS_STATION": "NO", "PAVILION": "NO", "PLAYGROUND": "NO", "PRIMITIVE_TRAILS": "NO", "RECREATION_CENTER": "NO", "RUGBY_FIELD": "NO", "RV_PARK": "NO", "SAND_VOLLEYBALL": "NO", "SHUFFLEBOARD": "NO", "SKATE_PARK": "NO", "SOCCER_FIELD": "NO", "SPLASH_PAD": "NO", "STADIUM": "NO", "SWIMMING_POOL": "NO", "TENNIS_CENTER": "NO", "TENNIS_COURTS": "NO", "VELODROME": "NO", "WALKING_LOOP_OUTDOOR": "NO", "WALKING_TRACK_INDOOR": "NO" }, "geometry": { "type": "Polygon", "coordinates": [ [ [ -91.169301677726807, 30.451902678578165 ], [ -91.169221108875021, 30.449975830389615 ], [ -91.166060861300053, 30.450072113849131 ], [ -91.166143007800017, 30.451976066727141 ], [ -91.169301677726807, 30.451902678578165 ] ] ] } },
{ "type": "Feature", "properties": { "ID": 93, "BG_ID": 55, "PARKID": "BELFR", "FACILITY_NAME": "Belfair Park", "CLASSIFICATION": "Neighborhood", "FULL_ADDRESS": "4390 FAIRFIELDS AVE", "CITY": "BATON ROUGE", "STATE": "LOUISIANA", "ZIP": 70802, "ACREAGE": 0.93, "AIRGUN_RANGE": "NO", "AIRNASIUM": "NO", "ARCHERY_RANGE": "NO", "BALL_MULTI_PURPOSE_FIELD": "NO", "BASKETBALL_INDOOR": "NO", "BASKETBALL_OUTDOOR": "YES", "BIKE_REPAIR_STATION": "NO", "BIRD_WATCHING_WILDLIFE_VIEWING": "NO", "BLUEWAY_TRAILHEAD": "NO", "BMX": "NO", "CANOE_KAYAK_LAUNCH": "NO", "CRICKET_PITCH": "NO", "CROQUET_COURT": "NO", "DISC_GOLF": "NO", "DOG_PARK": "NO", "EQUESTRIAN": "NO", "FISHING_ACCESS": "NO", "FITNESS_CENTERS": "NO", "GARDEN_ARBORETUM": "NO", "GOLF_COURSE_9_HOLE": "NO", "GOLF_COURSE_18_HOLE": "NO", "GREENWAY_TRAILHEAD": "NO", "MOUNTAIN_BIKING": "NO", "NATURE_TRAILS": "NO", "OUTDOOR_FITNESS_STATION": "NO", "PAVILION": "YES", "PLAYGROUND": "YES", "PRIMITIVE_TRAILS": "NO", "RECREATION_CENTER": "YES", "RUGBY_FIELD": "NO", "RV_PARK": "NO", "SAND_VOLLEYBALL": "NO", "SHUFFLEBOARD": "NO", "SKATE_PARK": "NO", "SOCCER_FIELD": "NO", "SPLASH_PAD": "NO", "STADIUM": "NO", "SWIMMING_POOL": "NO", "TENNIS_CENTER": "NO", "TENNIS_COURTS": "NO", "VELODROME": "NO", "WALKING_LOOP_OUTDOOR": "NO", "WALKING_TRACK_INDOOR": "NO" }, "geometry": { "type": "Polygon", "coordinates": [ [ [ -91.146362138080747, 30.46743385447439 ], [ -91.146783884450201, 30.467375403733641 ], [ -91.146791877116598, 30.467373683022281 ], [ -91.146806958616367, 30.467366319006821 ], [ -91.146818000151939, 30.467354769983256 ], [ -91.146823547177377, 30.467340562917737 ], [ -91.146822864077507, 30.467325576696496 ], [ -91.146816040851206, 30.46731179510774 ], [ -91.146803980076882, 30.467301038005029 ], [ -91.146732479514029, 30.467252171929069 ], [ -91.146665085759423, 30.467199109746801 ], [ -91.146615773291828, 30.467154428967014 ], [ -91.146403024806105, 30.467273931187069 ], [ -91.146134401318108, 30.467209282131474 ], [ -91.146088234583601, 30.467044516055179 ], [ -91.146080356538604, 30.467016398070058 ], [ -91.146052485059116, 30.466933165704404 ], [ -91.145641369951733, 30.467049157193749 ], [ -91.145685855992667, 30.467147936108528 ], [ -91.145726611275606, 30.467223364030666 ], [ -91.14581239237279, 30.467357309286616 ], [ -91.14584906395352, 30.467408821898328 ], [ -91.145918200794682, 30.467495466677487 ], [ -91.146154814527577, 30.467462651367487 ], [ -91.146362138080747, 30.46743385447439 ] ] ] } },
{ "type": "Feature", "properties": { "ID": 94, "BG_ID": 80, "PARKID": "GSYNG", "FACILITY_NAME": "Gus Young Park", "CLASSIFICATION": "Neighborhood", "FULL_ADDRESS": "4201 GUS YOUNG AVE", "CITY": "BATON ROUGE", "STATE": "LOUISIANA", "ZIP": 70802, "ACREAGE": 4.65, "AIRGUN_RANGE": "NO", "AIRNASIUM": "NO", "ARCHERY_RANGE": "NO", "BALL_MULTI_PURPOSE_FIELD": "NO", "BASKETBALL_INDOOR": "YES", "BASKETBALL_OUTDOOR": "YES", "BIKE_REPAIR_STATION": "NO", "BIRD_WATCHING_WILDLIFE_VIEWING": "NO", "BLUEWAY_TRAILHEAD": "NO", "BMX": "NO", "CANOE_KAYAK_LAUNCH": "NO", "CRICKET_PITCH": "NO", "CROQUET_COURT": "NO", "DISC_GOLF": "NO", "DOG_PARK": "NO", "EQUESTRIAN": "NO", "FISHING_ACCESS": "NO", "FITNESS_CENTERS": "NO", "GARDEN_ARBORETUM": "NO", "GOLF_COURSE_9_HOLE": "NO", "GOLF_COURSE_18_HOLE": "NO", "GREENWAY_TRAILHEAD": "NO", "MOUNTAIN_BIKING": "NO", "NATURE_TRAILS": "NO", "OUTDOOR_FITNESS_STATION": "NO", "PAVILION": "YES", "PLAYGROUND": "YES", "PRIMITIVE_TRAILS": "NO", "RECREATION_CENTER": "YES", "RUGBY_FIELD": "NO", "RV_PARK": "NO", "SAND_VOLLEYBALL": "NO", "SHUFFLEBOARD": "NO", "SKATE_PARK": "NO", "SOCCER_FIELD": "NO", "SPLASH_PAD": "NO", "STADIUM": "NO", "SWIMMING_POOL": "NO", "TENNIS_CENTER": "NO", "TENNIS_COURTS": "YES", "VELODROME": "NO", "WALKING_LOOP_OUTDOOR": "YES", "WALKING_TRACK_INDOOR": "NO" }, "geometry": { "type": "Polygon", "coordinates": [ [ [ -91.146823346467727, 30.463525753275231 ], [ -91.146829101682073, 30.463635621530806 ], [ -91.146518421028134, 30.463647831120387 ], [ -91.146523832246174, 30.463757712431089 ], [ -91.146834855867908, 30.463745489781154 ], [ -91.146840610071507, 30.463855355321424 ], [ -91.147224853713396, 30.463840287884167 ], [ -91.147284503954936, 30.463837907326244 ], [ -91.147601578355918, 30.463825444215317 ], [ -91.147595826435818, 30.463715578711493 ], [ -91.147590071409539, 30.463605710493326 ], [ -91.147584316395964, 30.4634958422713 ], [ -91.147578561393459, 30.463385974947641 ], [ -91.147572805364049, 30.463276106716563 ], [ -91.147512362786159, 30.462122122007358 ], [ -91.146444938968855, 30.462156222205124 ], [ -91.146507592380061, 30.463428068478812 ], [ -91.1465130066981, 30.463537949801466 ], [ -91.146823346467727, 30.463525753275231 ] ] ] } },
{ "type": "Feature", "properties": { "ID": 95, "BG_ID": 25, "PARKID": "CNVNT", "FACILITY_NAME": "Convention Street Park", "CLASSIFICATION": "Neighborhood", "FULL_ADDRESS": "717 CONVENTION ST", "CITY": "BATON ROUGE", "STATE": "LOUISIANA", "ZIP": 70801, "ACREAGE": 0.734, "AIRGUN_RANGE": "NO", "AIRNASIUM": "NO", "ARCHERY_RANGE": "NO", "BALL_MULTI_PURPOSE_FIELD": "NO", "BASKETBALL_INDOOR": "NO", "BASKETBALL_OUTDOOR": "NO", "BIKE_REPAIR_STATION": "NO", "BIRD_WATCHING_WILDLIFE_VIEWING": "NO", "BLUEWAY_TRAILHEAD": "NO", "BMX": "NO", "CANOE_KAYAK_LAUNCH": "NO", "CRICKET_PITCH": "NO", "CROQUET_COURT": "NO", "DISC_GOLF": "NO", "DOG_PARK": "NO", "EQUESTRIAN": "NO", "FISHING_ACCESS": "NO", "FITNESS_CENTERS": "NO", "GARDEN_ARBORETUM": "NO", "GOLF_COURSE_9_HOLE": "NO", "GOLF_COURSE_18_HOLE": "NO", "GREENWAY_TRAILHEAD": "NO", "MOUNTAIN_BIKING": "NO", "NATURE_TRAILS": "NO", "OUTDOOR_FITNESS_STATION": "NO", "PAVILION": "NO", "PLAYGROUND": "NO", "PRIMITIVE_TRAILS": "NO", "RECREATION_CENTER": "NO", "RUGBY_FIELD": "NO", "RV_PARK": "NO", "SAND_VOLLEYBALL": "NO", "SHUFFLEBOARD": "NO", "SKATE_PARK": "NO", "SOCCER_FIELD": "NO", "SPLASH_PAD": "NO", "STADIUM": "NO", "SWIMMING_POOL": "NO", "TENNIS_CENTER": "NO", "TENNIS_COURTS": "NO", "VELODROME": "NO", "WALKING_LOOP_OUTDOOR": "NO", "WALKING_TRACK_INDOOR": "NO" }, "geometry": { "type": "Polygon", "coordinates": [ [ [ -91.183936176885993, 30.448479384472396 ], [ -91.183465464890219, 30.448493961738457 ], [ -91.183489520668104, 30.449043474937678 ], [ -91.183757258713598, 30.449035183000568 ], [ -91.183960235267122, 30.449028896686286 ], [ -91.183936176885993, 30.448479384472396 ] ] ] } },
{ "type": "Feature", "properties": { "ID": 96, "BG_ID": 133, "PARKID": "PRKRD", "FACILITY_NAME": "Perkins Road Community Park", "CLASSIFICATION": "Community", "FULL_ADDRESS": "7122 PERKINS RD", "CITY": "BATON ROUGE", "STATE": "LOUISIANA", "ZIP": 70808, "ACREAGE": 52.2, "AIRGUN_RANGE": "NO", "AIRNASIUM": "NO", "ARCHERY_RANGE": "NO", "BALL_MULTI_PURPOSE_FIELD": "NO", "BASKETBALL_INDOOR": "YES", "BASKETBALL_OUTDOOR": "NO", "BIKE_REPAIR_STATION": "YES", "BIRD_WATCHING_WILDLIFE_VIEWING": "NO", "BLUEWAY_TRAILHEAD": "NO", "BMX": "YES", "CANOE_KAYAK_LAUNCH": "NO", "CRICKET_PITCH": "NO", "CROQUET_COURT": "NO", "DISC_GOLF": "NO", "DOG_PARK": "NO", "EQUESTRIAN": "NO", "FISHING_ACCESS": "YES", "FITNESS_CENTERS": "NO", "GARDEN_ARBORETUM": "NO", "GOLF_COURSE_9_HOLE": "NO", "GOLF_COURSE_18_HOLE": "NO", "GREENWAY_TRAILHEAD": "YES", "MOUNTAIN_BIKING": "NO", "NATURE_TRAILS": "NO", "OUTDOOR_FITNESS_STATION": "YES", "PAVILION": "YES", "PLAYGROUND": "YES", "PRIMITIVE_TRAILS": "NO", "RECREATION_CENTER": "YES", "RUGBY_FIELD": "NO", "RV_PARK": "NO", "SAND_VOLLEYBALL": "YES", "SHUFFLEBOARD": "NO", "SKATE_PARK": "YES", "SOCCER_FIELD": "NO", "SPLASH_PAD": "NO", "STADIUM": "YES", "SWIMMING_POOL": "NO", "TENNIS_CENTER": "NO", "TENNIS_COURTS": "YES", "VELODROME": "YES", "WALKING_LOOP_OUTDOOR": "YES", "WALKING_TRACK_INDOOR": "NO" }, "geometry": { "type": "Polygon", "coordinates": [ [ [ -91.118178255964125, 30.392692575242918 ], [ -91.115477382446926, 30.396689976303865 ], [ -91.11538675480341, 30.396824102524743 ], [ -91.115297632096087, 30.396934807420088 ], [ -91.11499880894344, 30.397390701844714 ], [ -91.114667254297075, 30.398002303917512 ], [ -91.11607374696986, 30.399084332922342 ], [ -91.116538680893527, 30.399458469498036 ], [ -91.117033638683111, 30.398999053625943 ], [ -91.117552686871235, 30.398517273517257 ], [ -91.119502359635391, 30.396759499337161 ], [ -91.119930600018733, 30.396379691347001 ], [ -91.120012562679307, 30.39629565837939 ], [ -91.120119927818195, 30.396178265443986 ], [ -91.120192064563398, 30.396094220119846 ], [ -91.120290539363523, 30.39597189539592 ], [ -91.120319674137178, 30.395934375590343 ], [ -91.12041791608425, 30.39580547683979 ], [ -91.120535509373283, 30.395660964167135 ], [ -91.120659032137425, 30.395519204189878 ], [ -91.120747107336157, 30.395425833095185 ], [ -91.120790022973239, 30.395383819465312 ], [ -91.121228845648588, 30.39497005042805 ], [ -91.121079360175841, 30.394929061122518 ], [ -91.120501890670454, 30.394808729725852 ], [ -91.120174417681824, 30.394715981055747 ], [ -91.119915915120131, 30.394681328599734 ], [ -91.11980991967215, 30.394647723138249 ], [ -91.119747403420732, 30.39457239026283 ], [ -91.119193843068231, 30.393856611783995 ], [ -91.118846036514071, 30.393407393446335 ], [ -91.118178255964125, 30.392692575242918 ] ] ] } },
{ "type": "Feature", "properties": { "ID": 97, "BG_ID": 27, "PARKID": "SVNTH", "FACILITY_NAME": "Seventh Street Park", "CLASSIFICATION": "Neighborhood", "FULL_ADDRESS": "639 N 7TH ST", "CITY": "BATON ROUGE", "STATE": "LOUISIANA", "ZIP": 70802, "ACREAGE": 0.3, "AIRGUN_RANGE": "NO", "AIRNASIUM": "NO", "ARCHERY_RANGE": "NO", "BALL_MULTI_PURPOSE_FIELD": "NO", "BASKETBALL_INDOOR": "NO", "BASKETBALL_OUTDOOR": "NO", "BIKE_REPAIR_STATION": "NO", "BIRD_WATCHING_WILDLIFE_VIEWING": "NO", "BLUEWAY_TRAILHEAD": "NO", "BMX": "NO", "CANOE_KAYAK_LAUNCH": "NO", "CRICKET_PITCH": "NO", "CROQUET_COURT": "NO", "DISC_GOLF": "NO", "DOG_PARK": "NO", "EQUESTRIAN": "NO", "FISHING_ACCESS": "NO", "FITNESS_CENTERS": "NO", "GARDEN_ARBORETUM": "YES", "GOLF_COURSE_9_HOLE": "NO", "GOLF_COURSE_18_HOLE": "NO", "GREENWAY_TRAILHEAD": "NO", "MOUNTAIN_BIKING": "NO", "NATURE_TRAILS": "NO", "OUTDOOR_FITNESS_STATION": "NO", "PAVILION": "YES", "PLAYGROUND": "YES", "PRIMITIVE_TRAILS": "NO", "RECREATION_CENTER": "NO", "RUGBY_FIELD": "NO", "RV_PARK": "NO", "SAND_VOLLEYBALL": "NO", "SHUFFLEBOARD": "NO", "SKATE_PARK": "NO", "SOCCER_FIELD": "NO", "SPLASH_PAD": "NO", "STADIUM": "NO", "SWIMMING_POOL": "NO", "TENNIS_CENTER": "NO", "TENNIS_COURTS": "NO", "VELODROME": "NO", "WALKING_LOOP_OUTDOOR": "NO", "WALKING_TRACK_INDOOR": "NO" }, "geometry": { "type": "Polygon", "coordinates": [ [ [ -91.184200045215846, 30.453185799964722 ], [ -91.18365600503806, 30.453199986702064 ], [ -91.183660364487494, 30.453309904376798 ], [ -91.183664833297769, 30.453422569899722 ], [ -91.184208874695415, 30.453408382224964 ], [ -91.184204405267039, 30.453295717621984 ], [ -91.184200045215846, 30.453185799964722 ] ] ] } },
{ "type": "Feature", "properties": { "ID": 98, "BG_ID": 113, "PARKID": "SPTAC", "FACILITY_NAME": "Sports Academy", "CLASSIFICATION": "Special Facility", "FULL_ADDRESS": "1002 LAUREL ST", "CITY": "BATON ROUGE", "STATE": "LOUISIANA", "ZIP": 70802, "ACREAGE": 1.0, "AIRGUN_RANGE": "NO", "AIRNASIUM": "NO", "ARCHERY_RANGE": "NO", "BALL_MULTI_PURPOSE_FIELD": "NO", "BASKETBALL_INDOOR": "YES", "BASKETBALL_OUTDOOR": "NO", "BIKE_REPAIR_STATION": "NO", "BIRD_WATCHING_WILDLIFE_VIEWING": "NO", "BLUEWAY_TRAILHEAD": "NO", "BMX": "NO", "CANOE_KAYAK_LAUNCH": "NO", "CRICKET_PITCH": "NO", "CROQUET_COURT": "NO", "DISC_GOLF": "NO", "DOG_PARK": "NO", "EQUESTRIAN": "NO", "FISHING_ACCESS": "NO", "FITNESS_CENTERS": "NO", "GARDEN_ARBORETUM": "NO", "GOLF_COURSE_9_HOLE": "NO", "GOLF_COURSE_18_HOLE": "NO", "GREENWAY_TRAILHEAD": "NO", "MOUNTAIN_BIKING": "NO", "NATURE_TRAILS": "NO", "OUTDOOR_FITNESS_STATION": "NO", "PAVILION": "NO", "PLAYGROUND": "NO", "PRIMITIVE_TRAILS": "NO", "RECREATION_CENTER": "YES", "RUGBY_FIELD": "NO", "RV_PARK": "NO", "SAND_VOLLEYBALL": "NO", "SHUFFLEBOARD": "NO", "SKATE_PARK": "NO", "SOCCER_FIELD": "NO", "SPLASH_PAD": "NO", "STADIUM": "NO", "SWIMMING_POOL": "NO", "TENNIS_CENTER": "NO", "TENNIS_COURTS": "NO", "VELODROME": "NO", "WALKING_LOOP_OUTDOOR": "NO", "WALKING_TRACK_INDOOR": "NO" }, "geometry": { "type": "Polygon", "coordinates": [ [ [ -91.179603329295873, 30.450175648346178 ], [ -91.179054805458776, 30.45019147527449 ], [ -91.17906931068282, 30.450565823151809 ], [ -91.179616121853783, 30.450549917495444 ], [ -91.179603329295873, 30.450175648346178 ] ] ] } },
{ "type": "Feature", "properties": { "ID": 99, "BG_ID": 155, "PARKID": "FRHAC", "FACILITY_NAME": "Farr Park Equestrian Center", "CLASSIFICATION": "Special Facility", "FULL_ADDRESS": "6400 RIVER RD", "CITY": "BATON ROUGE", "STATE": "LOUISIANA", "ZIP": 70820, "ACREAGE": 296.874, "AIRGUN_RANGE": "NO", "AIRNASIUM": "NO", "ARCHERY_RANGE": "NO", "BALL_MULTI_PURPOSE_FIELD": "NO", "BASKETBALL_INDOOR": "NO", "BASKETBALL_OUTDOOR": "NO", "BIKE_REPAIR_STATION": "NO", "BIRD_WATCHING_WILDLIFE_VIEWING": "NO", "BLUEWAY_TRAILHEAD": "NO", "BMX": "NO", "CANOE_KAYAK_LAUNCH": "NO", "CRICKET_PITCH": "NO", "CROQUET_COURT": "NO", "DISC_GOLF": "NO", "DOG_PARK": "NO", "EQUESTRIAN": "YES", "FISHING_ACCESS": "NO", "FITNESS_CENTERS": "NO", "GARDEN_ARBORETUM": "NO", "GOLF_COURSE_9_HOLE": "NO", "GOLF_COURSE_18_HOLE": "NO", "GREENWAY_TRAILHEAD": "YES", "MOUNTAIN_BIKING": "NO", "NATURE_TRAILS": "NO", "OUTDOOR_FITNESS_STATION": "NO", "PAVILION": "YES", "PLAYGROUND": "NO", "PRIMITIVE_TRAILS": "NO", "RECREATION_CENTER": "YES", "RUGBY_FIELD": "NO", "RV_PARK": "YES", "SAND_VOLLEYBALL": "NO", "SHUFFLEBOARD": "NO", "SKATE_PARK": "NO", "SOCCER_FIELD": "NO", "SPLASH_PAD": "NO", "STADIUM": "NO", "SWIMMING_POOL": "NO", "TENNIS_CENTER": "NO", "TENNIS_COURTS": "NO", "VELODROME": "NO", "WALKING_LOOP_OUTDOOR": "NO", "WALKING_TRACK_INDOOR": "NO" }, "geometry": { "type": "Polygon", "coordinates": [ [ [ -91.221927736319913, 30.379587475170361 ], [ -91.211592793238253, 30.378245768522465 ], [ -91.211359798047013, 30.378483058480814 ], [ -91.209511965705971, 30.379916830211702 ], [ -91.209343622961484, 30.380060037964977 ], [ -91.209122052439668, 30.380248528502829 ], [ -91.208751034918265, 30.380564154553181 ], [ -91.208360071852255, 30.380896748041149 ], [ -91.208313648484776, 30.380936241181637 ], [ -91.207162053889618, 30.381915873467776 ], [ -91.207019269568306, 30.382037334124025 ], [ -91.206669714669005, 30.382334683819426 ], [ -91.206510512240229, 30.382470107947981 ], [ -91.206306769745609, 30.382643419477084 ], [ -91.206091707220423, 30.382826359575887 ], [ -91.20588796326463, 30.382999670442722 ], [ -91.205684221719366, 30.383172980990455 ], [ -91.205457835376777, 30.383365549786429 ], [ -91.205254092330847, 30.383538859653978 ], [ -91.20506519093162, 30.38369954074383 ], [ -91.204850123833936, 30.383882478770275 ], [ -91.204666152292063, 30.38403896571889 ], [ -91.204439765125358, 30.384231531827098 ], [ -91.202909111316657, 30.385533482192212 ], [ -91.202438372111558, 30.385933874246568 ], [ -91.200726073669799, 30.387390247625085 ], [ -91.203555519964908, 30.387751715141974 ], [ -91.205865042585017, 30.388046714662885 ], [ -91.20727469050226, 30.388211384389656 ], [ -91.21136235645605, 30.388757151638014 ], [ -91.211608141739276, 30.388511764266713 ], [ -91.211681424172767, 30.38844823051857 ], [ -91.211777365602131, 30.388370120790338 ], [ -91.211990209190404, 30.388194794172311 ], [ -91.212177472598682, 30.388040604173806 ], [ -91.212361613927143, 30.387887165197114 ], [ -91.212634111669672, 30.387657879232577 ], [ -91.213032154175778, 30.387328856041172 ], [ -91.213415393938732, 30.387014997731775 ], [ -91.213830688857016, 30.386674390412296 ], [ -91.214226981380122, 30.38634903528774 ], [ -91.214605005294729, 30.386039929104026 ], [ -91.21498593033364, 30.385727841187027 ], [ -91.21541466878061, 30.385375468485972 ], [ -91.215587958536446, 30.385228611345838 ], [ -91.21576791165576, 30.385076109180226 ], [ -91.216130430009486, 30.384759626357059 ], [ -91.216503915849614, 30.384430084466103 ], [ -91.216829058807249, 30.384142016897112 ], [ -91.217143295251901, 30.383863013091737 ], [ -91.217532239080384, 30.38351933154901 ], [ -91.217866422251404, 30.383221299329488 ], [ -91.218191191081957, 30.382929609692603 ], [ -91.218470957713848, 30.382682272233648 ], [ -91.218732595285076, 30.382448768315783 ], [ -91.218986970733312, 30.382224660121754 ], [ -91.219191395361719, 30.382042561270342 ], [ -91.219501887369645, 30.381758112450939 ], [ -91.219794265525792, 30.381497806338295 ], [ -91.220085467304955, 30.381238545886649 ], [ -91.220333364132557, 30.381017839403111 ], [ -91.220615282125152, 30.380766840227128 ], [ -91.220813761934735, 30.38059012826141 ], [ -91.220936776194478, 30.380480603963004 ], [ -91.221166734466266, 30.380275863046521 ], [ -91.221346059037529, 30.380116202554071 ], [ -91.221544500837467, 30.379939520101399 ], [ -91.221767302203617, 30.379740538254762 ], [ -91.221825994001293, 30.379686134578943 ], [ -91.221854852576612, 30.379658795652382 ], [ -91.221881060750093, 30.379633621318487 ], [ -91.221905377807445, 30.379609906779969 ], [ -91.221927736319913, 30.379587475170361 ] ] ] } },
{ "type": "Feature", "properties": { "ID": 100, "BG_ID": 6, "PARKID": "BRBCA", "FACILITY_NAME": "Burbank Nature Reserve", "CLASSIFICATION": "Conservation", "FULL_ADDRESS": "8858 BURBANK DR", "CITY": "BATON ROUGE", "STATE": "LOUISIANA", "ZIP": 70820, "ACREAGE": 58.177, "AIRGUN_RANGE": "NO", "AIRNASIUM": "NO", "ARCHERY_RANGE": "NO", "BALL_MULTI_PURPOSE_FIELD": "NO", "BASKETBALL_INDOOR": "NO", "BASKETBALL_OUTDOOR": "NO", "BIKE_REPAIR_STATION": "NO", "BIRD_WATCHING_WILDLIFE_VIEWING": "NO", "BLUEWAY_TRAILHEAD": "NO", "BMX": "NO", "CANOE_KAYAK_LAUNCH": "NO", "CRICKET_PITCH": "NO", "CROQUET_COURT": "NO", "DISC_GOLF": "NO", "DOG_PARK": "NO", "EQUESTRIAN": "NO", "FISHING_ACCESS": "NO", "FITNESS_CENTERS": "NO", "GARDEN_ARBORETUM": "NO", "GOLF_COURSE_9_HOLE": "NO", "GOLF_COURSE_18_HOLE": "NO", "GREENWAY_TRAILHEAD": "NO", "MOUNTAIN_BIKING": "NO", "NATURE_TRAILS": "NO", "OUTDOOR_FITNESS_STATION": "NO", "PAVILION": "NO", "PLAYGROUND": "NO", "PRIMITIVE_TRAILS": "NO", "RECREATION_CENTER": "NO", "RUGBY_FIELD": "NO", "RV_PARK": "NO", "SAND_VOLLEYBALL": "NO", "SHUFFLEBOARD": "NO", "SKATE_PARK": "NO", "SOCCER_FIELD": "NO", "SPLASH_PAD": "NO", "STADIUM": "NO", "SWIMMING_POOL": "NO", "TENNIS_CENTER": "NO", "TENNIS_COURTS": "NO", "VELODROME": "NO", "WALKING_LOOP_OUTDOOR": "NO", "WALKING_TRACK_INDOOR": "NO" }, "geometry": { "type": "Polygon", "coordinates": [ [ [ -91.131104698059772, 30.36269956470429 ], [ -91.130593943236121, 30.363459178115942 ], [ -91.130926008701195, 30.363678405085636 ], [ -91.131258074589454, 30.363897632108657 ], [ -91.133993859084228, 30.359797567070419 ], [ -91.133545177967562, 30.359608294281028 ], [ -91.133765888248007, 30.359240444972173 ], [ -91.134066473308764, 30.35873946900265 ], [ -91.130462949816661, 30.357053549027693 ], [ -91.130159667519095, 30.357551146248326 ], [ -91.128343764649671, 30.36053039493968 ], [ -91.128677743281216, 30.360684821051585 ], [ -91.128409351838243, 30.361123058165248 ], [ -91.129281825195619, 30.361551521692778 ], [ -91.129703751329188, 30.361786459955503 ], [ -91.130115360681046, 30.362034779893964 ], [ -91.130777545976187, 30.362475038594951 ], [ -91.131104698059772, 30.36269956470429 ] ] ] } },
{ "type": "Feature", "properties": { "ID": 101, "BG_ID": 158, "PARKID": "RSVLT", "FACILITY_NAME": "Roosevelt Street Park", "CLASSIFICATION": "Neighborhood", "FULL_ADDRESS": "1011 W ROOSEVELT ST", "CITY": "BATON ROUGE", "STATE": "LOUISIANA", "ZIP": 70802, "ACREAGE": 3.3, "AIRGUN_RANGE": "NO", "AIRNASIUM": "NO", "ARCHERY_RANGE": "NO", "BALL_MULTI_PURPOSE_FIELD": "YES", "BASKETBALL_INDOOR": "NO", "BASKETBALL_OUTDOOR": "YES", "BIKE_REPAIR_STATION": "NO", "BIRD_WATCHING_WILDLIFE_VIEWING": "NO", "BLUEWAY_TRAILHEAD": "NO", "BMX": "NO", "CANOE_KAYAK_LAUNCH": "NO", "CRICKET_PITCH": "NO", "CROQUET_COURT": "NO", "DISC_GOLF": "NO", "DOG_PARK": "NO", "EQUESTRIAN": "NO", "FISHING_ACCESS": "NO", "FITNESS_CENTERS": "NO", "GARDEN_ARBORETUM": "NO", "GOLF_COURSE_9_HOLE": "NO", "GOLF_COURSE_18_HOLE": "NO", "GREENWAY_TRAILHEAD": "NO", "MOUNTAIN_BIKING": "NO", "NATURE_TRAILS": "NO", "OUTDOOR_FITNESS_STATION": "NO", "PAVILION": "NO", "PLAYGROUND": "YES", "PRIMITIVE_TRAILS": "NO", "RECREATION_CENTER": "NO", "RUGBY_FIELD": "NO", "RV_PARK": "NO", "SAND_VOLLEYBALL": "NO", "SHUFFLEBOARD": "NO", "SKATE_PARK": "NO", "SOCCER_FIELD": "NO", "SPLASH_PAD": "NO", "STADIUM": "NO", "SWIMMING_POOL": "NO", "TENNIS_CENTER": "NO", "TENNIS_COURTS": "NO", "VELODROME": "NO", "WALKING_LOOP_OUTDOOR": "NO", "WALKING_TRACK_INDOOR": "NO" }, "geometry": { "type": "Polygon", "coordinates": [ [ [ -91.190726454589822, 30.420522986218412 ], [ -91.189358951644479, 30.420554909341231 ], [ -91.189393403731373, 30.421487851553866 ], [ -91.190755909215312, 30.421455535685499 ], [ -91.190729338904276, 30.420614300272611 ], [ -91.190726454589822, 30.420522986218412 ] ] ] } },
{ "type": "Feature", "properties": { "ID": 102, "BG_ID": 92, "PARKID": "MDISN", "FACILITY_NAME": "Madison Avenue Park", "CLASSIFICATION": "Neighborhood", "FULL_ADDRESS": "1820 MADISON AVE", "CITY": "BATON ROUGE", "STATE": "LOUISIANA", "ZIP": 70802, "ACREAGE": 0.972, "AIRGUN_RANGE": "NO", "AIRNASIUM": "NO", "ARCHERY_RANGE": "NO", "BALL_MULTI_PURPOSE_FIELD": "NO", "BASKETBALL_INDOOR": "NO", "BASKETBALL_OUTDOOR": "YES", "BIKE_REPAIR_STATION": "NO", "BIRD_WATCHING_WILDLIFE_VIEWING": "NO", "BLUEWAY_TRAILHEAD": "NO", "BMX": "NO", "CANOE_KAYAK_LAUNCH": "NO", "CRICKET_PITCH": "NO", "CROQUET_COURT": "NO", "DISC_GOLF": "NO", "DOG_PARK": "NO", "EQUESTRIAN": "NO", "FISHING_ACCESS": "NO", "FITNESS_CENTERS": "NO", "GARDEN_ARBORETUM": "NO", "GOLF_COURSE_9_HOLE": "NO", "GOLF_COURSE_18_HOLE": "NO", "GREENWAY_TRAILHEAD": "NO", "MOUNTAIN_BIKING": "NO", "NATURE_TRAILS": "NO", "OUTDOOR_FITNESS_STATION": "NO", "PAVILION": "YES", "PLAYGROUND": "YES", "PRIMITIVE_TRAILS": "NO", "RECREATION_CENTER": "NO", "RUGBY_FIELD": "NO", "RV_PARK": "NO", "SAND_VOLLEYBALL": "NO", "SHUFFLEBOARD": "NO", "SKATE_PARK": "NO", "SOCCER_FIELD": "NO", "SPLASH_PAD": "NO", "STADIUM": "NO", "SWIMMING_POOL": "NO", "TENNIS_CENTER": "NO", "TENNIS_COURTS": "NO", "VELODROME": "NO", "WALKING_LOOP_OUTDOOR": "NO", "WALKING_TRACK_INDOOR": "NO" }, "geometry": { "type": "Polygon", "coordinates": [ [ [ -91.170490162493778, 30.466832502906005 ], [ -91.170175174039514, 30.4667914627986 ], [ -91.170149123337751, 30.466959843394733 ], [ -91.169798628059738, 30.466915640115957 ], [ -91.169440526021617, 30.467323563151798 ], [ -91.17024432232563, 30.467298298109245 ], [ -91.170310756071601, 30.467268307556068 ], [ -91.170281953940417, 30.467240931095954 ], [ -91.170405448649234, 30.467098013411483 ], [ -91.170466835697056, 30.467009649662948 ], [ -91.170475104335949, 30.466991786146998 ], [ -91.170485327466935, 30.466936569245732 ], [ -91.170490162493778, 30.466832502906005 ] ] ] } },
{ "type": "Feature", "properties": { "ID": 103, "BG_ID": 100, "PARKID": "NBLVD", "FACILITY_NAME": "North Boulevard Park", "CLASSIFICATION": "Neighborhood", "FULL_ADDRESS": "1640 NORTH BLVD", "CITY": "BATON ROUGE", "STATE": "LOUISIANA", "ZIP": 70802, "ACREAGE": 0.155, "AIRGUN_RANGE": "NO", "AIRNASIUM": "NO", "ARCHERY_RANGE": "NO", "BALL_MULTI_PURPOSE_FIELD": "NO", "BASKETBALL_INDOOR": "NO", "BASKETBALL_OUTDOOR": "YES", "BIKE_REPAIR_STATION": "NO", "BIRD_WATCHING_WILDLIFE_VIEWING": "NO", "BLUEWAY_TRAILHEAD": "NO", "BMX": "NO", "CANOE_KAYAK_LAUNCH": "NO", "CRICKET_PITCH": "NO", "CROQUET_COURT": "NO", "DISC_GOLF": "NO", "DOG_PARK": "NO", "EQUESTRIAN": "NO", "FISHING_ACCESS": "NO", "FITNESS_CENTERS": "NO", "GARDEN_ARBORETUM": "NO", "GOLF_COURSE_9_HOLE": "NO", "GOLF_COURSE_18_HOLE": "NO", "GREENWAY_TRAILHEAD": "NO", "MOUNTAIN_BIKING": "NO", "NATURE_TRAILS": "NO", "OUTDOOR_FITNESS_STATION": "NO", "PAVILION": "NO", "PLAYGROUND": "NO", "PRIMITIVE_TRAILS": "NO", "RECREATION_CENTER": "NO", "RUGBY_FIELD": "NO", "RV_PARK": "NO", "SAND_VOLLEYBALL": "NO", "SHUFFLEBOARD": "NO", "SKATE_PARK": "NO", "SOCCER_FIELD": "NO", "SPLASH_PAD": "NO", "STADIUM": "NO", "SWIMMING_POOL": "NO", "TENNIS_CENTER": "NO", "TENNIS_COURTS": "NO", "VELODROME": "NO", "WALKING_LOOP_OUTDOOR": "NO", "WALKING_TRACK_INDOOR": "NO" }, "geometry": { "type": "Polygon", "coordinates": [ [ [ -91.172299466361181, 30.447581139938315 ], [ -91.172288438362287, 30.447251840527311 ], [ -91.172115472475141, 30.447257233512712 ], [ -91.172126634745936, 30.447586203843059 ], [ -91.172299466361181, 30.447581139938315 ] ] ] } },
{ "type": "Feature", "properties": { "ID": 104, "BG_ID": 1, "PARKID": "EDWRD", "FACILITY_NAME": "Edward Avenue Park", "CLASSIFICATION": "Neighborhood", "FULL_ADDRESS": "3000 EDWARD AVE", "CITY": "BATON ROUGE", "STATE": "LOUISIANA", "ZIP": 70808, "ACREAGE": 0.3, "AIRGUN_RANGE": "NO", "AIRNASIUM": "NO", "ARCHERY_RANGE": "NO", "BALL_MULTI_PURPOSE_FIELD": "NO", "BASKETBALL_INDOOR": "NO", "BASKETBALL_OUTDOOR": "NO", "BIKE_REPAIR_STATION": "NO", "BIRD_WATCHING_WILDLIFE_VIEWING": "NO", "BLUEWAY_TRAILHEAD": "NO", "BMX": "NO", "CANOE_KAYAK_LAUNCH": "NO", "CRICKET_PITCH": "NO", "CROQUET_COURT": "NO", "DISC_GOLF": "NO", "DOG_PARK": "NO", "EQUESTRIAN": "NO", "FISHING_ACCESS": "NO", "FITNESS_CENTERS": "NO", "GARDEN_ARBORETUM": "NO", "GOLF_COURSE_9_HOLE": "NO", "GOLF_COURSE_18_HOLE": "NO", "GREENWAY_TRAILHEAD": "NO", "MOUNTAIN_BIKING": "NO", "NATURE_TRAILS": "NO", "OUTDOOR_FITNESS_STATION": "NO", "PAVILION": "NO", "PLAYGROUND": "YES", "PRIMITIVE_TRAILS": "NO", "RECREATION_CENTER": "NO", "RUGBY_FIELD": "NO", "RV_PARK": "NO", "SAND_VOLLEYBALL": "NO", "SHUFFLEBOARD": "NO", "SKATE_PARK": "NO", "SOCCER_FIELD": "NO", "SPLASH_PAD": "NO", "STADIUM": "NO", "SWIMMING_POOL": "NO", "TENNIS_CENTER": "NO", "TENNIS_COURTS": "NO", "VELODROME": "NO", "WALKING_LOOP_OUTDOOR": "NO", "WALKING_TRACK_INDOOR": "NO" }, "geometry": { "type": "Polygon", "coordinates": [ [ [ -91.157348151416116, 30.429517595498051 ], [ -91.157349955110291, 30.429516601997818 ], [ -91.157350825279536, 30.429516064611743 ], [ -91.157351672593705, 30.429515501034782 ], [ -91.157352497052699, 30.42951491126701 ], [ -91.157353296571458, 30.429514297109737 ], [ -91.157354070108966, 30.429513658561604 ], [ -91.157354817663645, 30.429512996524771 ], [ -91.157355537151943, 30.429512311898424 ], [ -91.157356227531309, 30.42951160558334 ], [ -91.157356889841026, 30.429510878482937 ], [ -91.157357520956637, 30.429510131495167 ], [ -91.15735812191754, 30.429509365523494 ], [ -91.157358690640137, 30.429508581467282 ], [ -91.15735922712291, 30.429507780228491 ], [ -91.157359730321559, 30.429506963610013 ], [ -91.15736020023617, 30.429506131611877 ], [ -91.157360634781611, 30.429505286035308 ], [ -91.157361036038168, 30.429504427785297 ], [ -91.157361400881342, 30.429503557759773 ], [ -91.157361729311191, 30.429502675958656 ], [ -91.157362022362236, 30.4295017859917 ], [ -91.157362278995052, 30.429500886955456 ], [ -91.157362498165583, 30.429499980652643 ], [ -91.157362679872193, 30.429499067985418 ], [ -91.157362825152603, 30.429498150759279 ], [ -91.157362931924908, 30.429497228971503 ], [ -91.15736300122532, 30.429496305329675 ], [ -91.157363032012796, 30.429495379832403 ], [ -91.157363025326774, 30.429494453383196 ], [ -91.157362981162365, 30.429493528688287 ], [ -91.157362899521289, 30.429492604845603 ], [ -91.157362779356163, 30.42949168546205 ], [ -91.157362621711115, 30.429490768734905 ], [ -91.157362426579738, 30.42948985827238 ], [ -91.157362193960438, 30.429488954976694 ], [ -91.15736192593522, 30.429488058850612 ], [ -91.157361620420446, 30.429487170793323 ], [ -91.157361278452399, 30.429486293512539 ], [ -91.157360901071982, 30.429485427009627 ], [ -91.157360488276069, 30.429484573088796 ], [ -91.157360041103956, 30.429483732653487 ], [ -91.157359559555687, 30.429482905703665 ], [ -91.157359045709981, 30.429482094046282 ], [ -91.157358497483358, 30.429481298580612 ], [ -91.157357917995512, 30.429480521115096 ], [ -91.157357306205412, 30.429479761648189 ], [ -91.157356664191923, 30.429479021986999 ], [ -91.15735599195655, 30.429478301229285 ], [ -91.157355290533886, 30.429477602984857 ], [ -91.157354562009132, 30.429476925452267 ], [ -91.157353805336498, 30.429476271336373 ], [ -91.157353022596311, 30.429475641542108 ], [ -91.157352214831135, 30.429475035168704 ], [ -91.157351382036225, 30.429474454922385 ], [ -91.15735052629509, 30.429473899903915 ], [ -91.157349648645535, 30.429473371918785 ], [ -91.157348750128506, 30.429472870968386 ], [ -91.157217420865948, 30.42942269991401 ], [ -91.157150713749388, 30.429402306040902 ], [ -91.157116735775631, 30.429393778468199 ], [ -91.157082406034007, 30.429386380729181 ], [ -91.157047775510449, 30.429380124618692 ], [ -91.157012895198676, 30.429375017421158 ], [ -91.156977815048265, 30.429371068223791 ], [ -91.156942587098698, 30.429368281606386 ], [ -91.156907261305918, 30.429366663047844 ], [ -91.156871890758381, 30.429366212619041 ], [ -91.15682422778282, 30.429366085858394 ], [ -91.156800431072796, 30.429364904835957 ], [ -91.156776699184377, 30.429362980578428 ], [ -91.156753063342521, 30.429360315833854 ], [ -91.156729553731225, 30.429356913348929 ], [ -91.15670620053119, 30.429352777674332 ], [ -91.156683034960921, 30.429347915166524 ], [ -91.156660087201075, 30.429342330376297 ], [ -91.156637386381817, 30.429336033265649 ], [ -91.15661496268217, 30.429329029287498 ], [ -91.156592845230477, 30.429321329305971 ], [ -91.156571063158424, 30.42931294238096 ], [ -91.156588842712708, 30.429739471479706 ], [ -91.15663541521937, 30.429717199926596 ], [ -91.156659352752456, 30.42970714751484 ], [ -91.156683685578884, 30.429697834433579 ], [ -91.156708383488251, 30.429689273271453 ], [ -91.156733415235678, 30.429681473007296 ], [ -91.156758749571523, 30.429674445326381 ], [ -91.156784354213116, 30.42966819740208 ], [ -91.156810197917281, 30.429662737311308 ], [ -91.156836248401476, 30.429658072227515 ], [ -91.156862472343761, 30.429654208420661 ], [ -91.156888838507498, 30.429651150359366 ], [ -91.15691531149362, 30.429648901604661 ], [ -91.15697118137372, 30.429643930776741 ], [ -91.156998913674855, 30.429640073464995 ], [ -91.15702645708474, 30.429635309301133 ], [ -91.157053772035894, 30.429629643645033 ], [ -91.157080819993794, 30.429623086368416 ], [ -91.157107562425708, 30.429615646440933 ], [ -91.157133959756166, 30.429607333732971 ], [ -91.157159975529652, 30.429598159923184 ], [ -91.157185571203797, 30.429588139393815 ], [ -91.157210711359326, 30.429577286531295 ], [ -91.157348151416116, 30.429517595498051 ] ] ] } },
{ "type": "Feature", "properties": { "ID": 105, "BG_ID": 31, "PARKID": "MJLAN", "FACILITY_NAME": "Mary J. Lands Park", "CLASSIFICATION": "Neighborhood", "FULL_ADDRESS": "802 N 30TH ST", "CITY": "BATON ROUGE", "STATE": "LOUISIANA", "ZIP": 70802, "ACREAGE": 3.5, "AIRGUN_RANGE": "NO", "AIRNASIUM": "NO", "ARCHERY_RANGE": "NO", "BALL_MULTI_PURPOSE_FIELD": "YES", "BASKETBALL_INDOOR": "NO", "BASKETBALL_OUTDOOR": "YES", "BIKE_REPAIR_STATION": "NO", "BIRD_WATCHING_WILDLIFE_VIEWING": "NO", "BLUEWAY_TRAILHEAD": "NO", "BMX": "NO", "CANOE_KAYAK_LAUNCH": "NO", "CRICKET_PITCH": "NO", "CROQUET_COURT": "NO", "DISC_GOLF": "NO", "DOG_PARK": "NO", "EQUESTRIAN": "NO", "FISHING_ACCESS": "NO", "FITNESS_CENTERS": "NO", "GARDEN_ARBORETUM": "NO", "GOLF_COURSE_9_HOLE": "NO", "GOLF_COURSE_18_HOLE": "NO", "GREENWAY_TRAILHEAD": "NO", "MOUNTAIN_BIKING": "NO", "NATURE_TRAILS": "NO", "OUTDOOR_FITNESS_STATION": "NO", "PAVILION": "NO", "PLAYGROUND": "YES", "PRIMITIVE_TRAILS": "NO", "RECREATION_CENTER": "NO", "RUGBY_FIELD": "NO", "RV_PARK": "NO", "SAND_VOLLEYBALL": "NO", "SHUFFLEBOARD": "NO", "SKATE_PARK": "NO", "SOCCER_FIELD": "NO", "SPLASH_PAD": "NO", "STADIUM": "NO", "SWIMMING_POOL": "NO", "TENNIS_CENTER": "NO", "TENNIS_COURTS": "NO", "VELODROME": "NO", "WALKING_LOOP_OUTDOOR": "YES", "WALKING_TRACK_INDOOR": "NO" }, "geometry": { "type": "Polygon", "coordinates": [ [ [ -91.158694759669842, 30.456764307303111 ], [ -91.158688867572977, 30.456613143899482 ], [ -91.158615615705614, 30.454823542457273 ], [ -91.158120550795687, 30.454838526885176 ], [ -91.15813542284009, 30.455118800389325 ], [ -91.158151524933828, 30.455501012036336 ], [ -91.158205633266888, 30.456776663123605 ], [ -91.158694759669842, 30.456764307303111 ] ] ] } },
{ "type": "Feature", "properties": { "ID": 106, "BG_ID": 118, "PARKID": "KRNAN", "FACILITY_NAME": "Kernan Avenue Park", "CLASSIFICATION": "Neighborhood", "FULL_ADDRESS": "333 KERNAN AVE", "CITY": "BATON ROUGE", "STATE": "LOUISIANA", "ZIP": 70802, "ACREAGE": 5.21, "AIRGUN_RANGE": "NO", "AIRNASIUM": "NO", "ARCHERY_RANGE": "NO", "BALL_MULTI_PURPOSE_FIELD": "NO", "BASKETBALL_INDOOR": "YES", "BASKETBALL_OUTDOOR": "YES", "BIKE_REPAIR_STATION": "NO", "BIRD_WATCHING_WILDLIFE_VIEWING": "NO", "BLUEWAY_TRAILHEAD": "NO", "BMX": "NO", "CANOE_KAYAK_LAUNCH": "NO", "CRICKET_PITCH": "NO", "CROQUET_COURT": "NO", "DISC_GOLF": "NO", "DOG_PARK": "NO", "EQUESTRIAN": "NO", "FISHING_ACCESS": "NO", "FITNESS_CENTERS": "NO", "GARDEN_ARBORETUM": "NO", "GOLF_COURSE_9_HOLE": "NO", "GOLF_COURSE_18_HOLE": "NO", "GREENWAY_TRAILHEAD": "NO", "MOUNTAIN_BIKING": "NO", "NATURE_TRAILS": "NO", "OUTDOOR_FITNESS_STATION": "NO", "PAVILION": "YES", "PLAYGROUND": "NO", "PRIMITIVE_TRAILS": "NO", "RECREATION_CENTER": "YES", "RUGBY_FIELD": "NO", "RV_PARK": "NO", "SAND_VOLLEYBALL": "NO", "SHUFFLEBOARD": "NO", "SKATE_PARK": "NO", "SOCCER_FIELD": "NO", "SPLASH_PAD": "NO", "STADIUM": "NO", "SWIMMING_POOL": "NO", "TENNIS_CENTER": "NO", "TENNIS_COURTS": "NO", "VELODROME": "NO", "WALKING_LOOP_OUTDOOR": "NO", "WALKING_TRACK_INDOOR": "NO" }, "geometry": { "type": "Polygon", "coordinates": [ [ [ -91.15679918682919, 30.450351897551567 ], [ -91.156138099081517, 30.450373282220813 ], [ -91.156114188503651, 30.451010512762778 ], [ -91.15598020435246, 30.451014581053382 ], [ -91.155984555777877, 30.451305872528806 ], [ -91.155986270894061, 30.451420555152538 ], [ -91.155990214218434, 30.451684441809356 ], [ -91.155992969764824, 30.451868931338179 ], [ -91.156007408702493, 30.452308789595719 ], [ -91.156211546136788, 30.452302652961503 ], [ -91.156378007165571, 30.45229764913628 ], [ -91.156549022705804, 30.452292507758862 ], [ -91.156878997879389, 30.452282586227927 ], [ -91.156874471323533, 30.452172675496801 ], [ -91.156869942696815, 30.452062763857178 ], [ -91.156865415121374, 30.451952852215253 ], [ -91.156860886513158, 30.45184294147035 ], [ -91.15722802300921, 30.451831902260281 ], [ -91.157224229139956, 30.451721969048723 ], [ -91.156856359999011, 30.451733029822474 ], [ -91.156851770637701, 30.451621577337324 ], [ -91.15684730491671, 30.451513207415076 ], [ -91.156842775308945, 30.451403295752073 ], [ -91.156833521858474, 30.451231248033249 ], [ -91.15682922968584, 30.451121329460964 ], [ -91.156824937524334, 30.451011409982954 ], [ -91.15679918682919, 30.450351897551567 ] ] ] } },
{ "type": "Feature", "properties": { "ID": 107, "BG_ID": 24, "PARKID": "CNGRS", "FACILITY_NAME": "Congress Park", "CLASSIFICATION": "Neighborhood", "FULL_ADDRESS": "5100 CONGRESS BLVD", "CITY": "BATON ROUGE", "STATE": "LOUISIANA", "ZIP": 70808, "ACREAGE": 2.92, "AIRGUN_RANGE": "NO", "AIRNASIUM": "NO", "ARCHERY_RANGE": "NO", "BALL_MULTI_PURPOSE_FIELD": "NO", "BASKETBALL_INDOOR": "NO", "BASKETBALL_OUTDOOR": "NO", "BIKE_REPAIR_STATION": "NO", "BIRD_WATCHING_WILDLIFE_VIEWING": "NO", "BLUEWAY_TRAILHEAD": "NO", "BMX": "NO", "CANOE_KAYAK_LAUNCH": "NO", "CRICKET_PITCH": "NO", "CROQUET_COURT": "NO", "DISC_GOLF": "NO", "DOG_PARK": "NO", "EQUESTRIAN": "NO", "FISHING_ACCESS": "NO", "FITNESS_CENTERS": "NO", "GARDEN_ARBORETUM": "NO", "GOLF_COURSE_9_HOLE": "NO", "GOLF_COURSE_18_HOLE": "NO", "GREENWAY_TRAILHEAD": "NO", "MOUNTAIN_BIKING": "NO", "NATURE_TRAILS": "NO", "OUTDOOR_FITNESS_STATION": "NO", "PAVILION": "YES", "PLAYGROUND": "NO", "PRIMITIVE_TRAILS": "NO", "RECREATION_CENTER": "NO", "RUGBY_FIELD": "NO", "RV_PARK": "NO", "SAND_VOLLEYBALL": "NO", "SHUFFLEBOARD": "NO", "SKATE_PARK": "NO", "SOCCER_FIELD": "NO", "SPLASH_PAD": "NO", "STADIUM": "NO", "SWIMMING_POOL": "NO", "TENNIS_CENTER": "NO", "TENNIS_COURTS": "NO", "VELODROME": "NO", "WALKING_LOOP_OUTDOOR": "YES", "WALKING_TRACK_INDOOR": "NO" }, "geometry": { "type": "Polygon", "coordinates": [ [ [ -91.134172455894429, 30.420160509747738 ], [ -91.134416906159558, 30.419739854904087 ], [ -91.134301633423988, 30.419688891235825 ], [ -91.134365505852344, 30.419580762207516 ], [ -91.133517647809256, 30.418608822649695 ], [ -91.133493027039336, 30.418623905320466 ], [ -91.133427140298323, 30.418659594219978 ], [ -91.133358116591367, 30.418690507203145 ], [ -91.133286415363685, 30.418716437480274 ], [ -91.133212509528278, 30.418737210758064 ], [ -91.133148198077606, 30.418750380396034 ], [ -91.133191569268789, 30.419730452577586 ], [ -91.134172455894429, 30.420160509747738 ] ] ] } },
{ "type": "Feature", "properties": { "ID": 108, "BG_ID": 50, "PARKID": "NEGTN", "FACILITY_NAME": "North 18th Street Park", "CLASSIFICATION": "Neighborhood", "FULL_ADDRESS": "1801 GAYOSA ST", "CITY": "BATON ROUGE", "STATE": "LOUISIANA", "ZIP": 70802, "ACREAGE": 0.998, "AIRGUN_RANGE": "NO", "AIRNASIUM": "NO", "ARCHERY_RANGE": "NO", "BALL_MULTI_PURPOSE_FIELD": "NO", "BASKETBALL_INDOOR": "NO", "BASKETBALL_OUTDOOR": "YES", "BIKE_REPAIR_STATION": "NO", "BIRD_WATCHING_WILDLIFE_VIEWING": "NO", "BLUEWAY_TRAILHEAD": "NO", "BMX": "NO", "CANOE_KAYAK_LAUNCH": "NO", "CRICKET_PITCH": "NO", "CROQUET_COURT": "NO", "DISC_GOLF": "NO", "DOG_PARK": "NO", "EQUESTRIAN": "NO", "FISHING_ACCESS": "NO", "FITNESS_CENTERS": "NO", "GARDEN_ARBORETUM": "NO", "GOLF_COURSE_9_HOLE": "NO", "GOLF_COURSE_18_HOLE": "NO", "GREENWAY_TRAILHEAD": "NO", "MOUNTAIN_BIKING": "NO", "NATURE_TRAILS": "NO", "OUTDOOR_FITNESS_STATION": "NO", "PAVILION": "NO", "PLAYGROUND": "YES", "PRIMITIVE_TRAILS": "NO", "RECREATION_CENTER": "NO", "RUGBY_FIELD": "NO", "RV_PARK": "NO", "SAND_VOLLEYBALL": "NO", "SHUFFLEBOARD": "NO", "SKATE_PARK": "NO", "SOCCER_FIELD": "NO", "SPLASH_PAD": "NO", "STADIUM": "NO", "SWIMMING_POOL": "NO", "TENNIS_CENTER": "NO", "TENNIS_COURTS": "NO", "VELODROME": "NO", "WALKING_LOOP_OUTDOOR": "NO", "WALKING_TRACK_INDOOR": "NO" }, "geometry": { "type": "Polygon", "coordinates": [ [ [ -91.170695346020835, 30.454161026632079 ], [ -91.170346409019061, 30.454170478460828 ], [ -91.170351421573784, 30.454289052798533 ], [ -91.170356347064214, 30.454405488199104 ], [ -91.170361271521998, 30.454521925398417 ], [ -91.170709435352308, 30.454512939855388 ], [ -91.170705302904835, 30.454396481091138 ], [ -91.170700381169041, 30.454280046610446 ], [ -91.170695346020835, 30.454161026632079 ] ] ] } },
{ "type": "Feature", "properties": { "ID": 109, "BG_ID": 40, "PARKID": "CLGTN", "FACILITY_NAME": "College Town Park", "CLASSIFICATION": "Neighborhood", "FULL_ADDRESS": "251 AMHERST AVE", "CITY": "BATON ROUGE", "STATE": "LOUISIANA", "ZIP": 70808, "ACREAGE": 1.2, "AIRGUN_RANGE": "NO", "AIRNASIUM": "NO", "ARCHERY_RANGE": "NO", "BALL_MULTI_PURPOSE_FIELD": "NO", "BASKETBALL_INDOOR": "NO", "BASKETBALL_OUTDOOR": "NO", "BIKE_REPAIR_STATION": "NO", "BIRD_WATCHING_WILDLIFE_VIEWING": "NO", "BLUEWAY_TRAILHEAD": "NO", "BMX": "NO", "CANOE_KAYAK_LAUNCH": "NO", "CRICKET_PITCH": "NO", "CROQUET_COURT": "NO", "DISC_GOLF": "NO", "DOG_PARK": "NO", "EQUESTRIAN": "NO", "FISHING_ACCESS": "NO", "FITNESS_CENTERS": "NO", "GARDEN_ARBORETUM": "NO", "GOLF_COURSE_9_HOLE": "NO", "GOLF_COURSE_18_HOLE": "NO", "GREENWAY_TRAILHEAD": "NO", "MOUNTAIN_BIKING": "NO", "NATURE_TRAILS": "NO", "OUTDOOR_FITNESS_STATION": "NO", "PAVILION": "YES", "PLAYGROUND": "NO", "PRIMITIVE_TRAILS": "NO", "RECREATION_CENTER": "NO", "RUGBY_FIELD": "NO", "RV_PARK": "NO", "SAND_VOLLEYBALL": "NO", "SHUFFLEBOARD": "NO", "SKATE_PARK": "NO", "SOCCER_FIELD": "NO", "SPLASH_PAD": "NO", "STADIUM": "NO", "SWIMMING_POOL": "NO", "TENNIS_CENTER": "NO", "TENNIS_COURTS": "NO", "VELODROME": "NO", "WALKING_LOOP_OUTDOOR": "NO", "WALKING_TRACK_INDOOR": "NO" }, "geometry": { "type": "Polygon", "coordinates": [ [ [ -91.171480150329018, 30.404663465956599 ], [ -91.171465335582667, 30.404706332280359 ], [ -91.171459372168272, 30.404728105042345 ], [ -91.171454383605536, 30.404750061219794 ], [ -91.171450377233086, 30.404772168346696 ], [ -91.171450275241156, 30.404772807803713 ], [ -91.171431792449127, 30.404877286894418 ], [ -91.171428282965749, 30.404903571305489 ], [ -91.171425983508882, 30.404916650599585 ], [ -91.171416721033196, 30.404956271680248 ], [ -91.171410839248622, 30.404975835319966 ], [ -91.171404132496519, 30.404995198586892 ], [ -91.171396612267074, 30.405014335334407 ], [ -91.171388286926813, 30.405033220314053 ], [ -91.171379167964432, 30.405051828281287 ], [ -91.171369267910748, 30.405070133090707 ], [ -91.171358599292475, 30.405088111303062 ], [ -91.171347177759785, 30.405105738580986 ], [ -91.17133501792361, 30.405122989683662 ], [ -91.171322136469115, 30.405139843883216 ], [ -91.171308551128092, 30.405156276844853 ], [ -91.171294278588661, 30.405172266036494 ], [ -91.171279339697492, 30.40518779163747 ], [ -91.171217664449486, 30.405256602317376 ], [ -91.171038706283184, 30.405456262420291 ], [ -91.17138778116724, 30.405695108359872 ], [ -91.171440978693695, 30.40563594139314 ], [ -91.171502493105635, 30.40556752643678 ], [ -91.171580487004064, 30.405480782204098 ], [ -91.171652999748957, 30.405400134760683 ], [ -91.171720443203895, 30.405325122749307 ], [ -91.171808362361986, 30.405227339907842 ], [ -91.171888510797345, 30.40513819765691 ], [ -91.171958663768478, 30.405056883218638 ], [ -91.17189975645833, 30.405008452053721 ], [ -91.171480150329018, 30.404663465956599 ] ] ] } },
{ "type": "Feature", "properties": { "ID": 110, "BG_ID": 108, "PARKID": "LEWRD", "FACILITY_NAME": "Leeward Drive Park", "CLASSIFICATION": "Neighborhood", "FULL_ADDRESS": "5800 MENLO DR", "CITY": "BATON ROUGE", "STATE": "LOUISIANA", "ZIP": 70808, "ACREAGE": 0.5, "AIRGUN_RANGE": "NO", "AIRNASIUM": "NO", "ARCHERY_RANGE": "NO", "BALL_MULTI_PURPOSE_FIELD": "NO", "BASKETBALL_INDOOR": "NO", "BASKETBALL_OUTDOOR": "NO", "BIKE_REPAIR_STATION": "NO", "BIRD_WATCHING_WILDLIFE_VIEWING": "NO", "BLUEWAY_TRAILHEAD": "NO", "BMX": "NO", "CANOE_KAYAK_LAUNCH": "NO", "CRICKET_PITCH": "NO", "CROQUET_COURT": "NO", "DISC_GOLF": "NO", "DOG_PARK": "NO", "EQUESTRIAN": "NO", "FISHING_ACCESS": "NO", "FITNESS_CENTERS": "NO", "GARDEN_ARBORETUM": "NO", "GOLF_COURSE_9_HOLE": "NO", "GOLF_COURSE_18_HOLE": "NO", "GREENWAY_TRAILHEAD": "NO", "MOUNTAIN_BIKING": "NO", "NATURE_TRAILS": "NO", "OUTDOOR_FITNESS_STATION": "NO", "PAVILION": "YES", "PLAYGROUND": "YES", "PRIMITIVE_TRAILS": "NO", "RECREATION_CENTER": "NO", "RUGBY_FIELD": "NO", "RV_PARK": "NO", "SAND_VOLLEYBALL": "NO", "SHUFFLEBOARD": "NO", "SKATE_PARK": "NO", "SOCCER_FIELD": "NO", "SPLASH_PAD": "NO", "STADIUM": "NO", "SWIMMING_POOL": "NO", "TENNIS_CENTER": "NO", "TENNIS_COURTS": "NO", "VELODROME": "NO", "WALKING_LOOP_OUTDOOR": "NO", "WALKING_TRACK_INDOOR": "NO" }, "geometry": { "type": "Polygon", "coordinates": [ [ [ -91.152923947357934, 30.393312154313431 ], [ -91.152925990146898, 30.393312102975944 ], [ -91.152927009023472, 30.393312031297011 ], [ -91.152928023793322, 30.393311928941291 ], [ -91.152929033415901, 30.393311795907312 ], [ -91.152930037891196, 30.39331163219526 ], [ -91.152931035136362, 30.393311438704178 ], [ -91.152932023071912, 30.393311214529238 ], [ -91.152933002736702, 30.393310960573896 ], [ -91.152933969968444, 30.393310676832535 ], [ -91.152934926844935, 30.393310365112118 ], [ -91.152935869207141, 30.393310023602822 ], [ -91.152936798092412, 30.393309654110247 ], [ -91.152937711419511, 30.393309256631575 ], [ -91.152938607107231, 30.393308831163928 ], [ -91.152939486192921, 30.393308379512856 ], [ -91.152940346595329, 30.393307901675612 ], [ -91.152941186233392, 30.393307397649295 ], [ -91.152942006145921, 30.393306868337511 ], [ -91.152942804250145, 30.393306314639435 ], [ -91.152943578463265, 30.393305737454249 ], [ -91.152944329825857, 30.393305136783521 ], [ -91.152945056255064, 30.393304513526434 ], [ -91.152945756707069, 30.393303869485752 ], [ -91.152946431183452, 30.393303203759334 ], [ -91.152947078640352, 30.393302518150005 ], [ -91.152947698035533, 30.393301813558399 ], [ -91.152948288326797, 30.39330109088527 ], [ -91.152948849514118, 30.393300350130534 ], [ -91.152949380551973, 30.393299593999046 ], [ -91.152949880403042, 30.393298820685246 ], [ -91.152950348020212, 30.393298033796057 ], [ -91.152950784444087, 30.393297233332891 ], [ -91.152951188634006, 30.39329641929432 ], [ -91.152951559544491, 30.393295594385272 ], [ -91.152951897177218, 30.393294757703551 ], [ -91.152952200486638, 30.39329391195405 ], [ -91.152952469471117, 30.393293058038882 ], [ -91.152952704130641, 30.393292195958065 ], [ -91.152952904463604, 30.393291326613642 ], [ -91.152953068383908, 30.393290452709032 ], [ -91.152953197972721, 30.393289574247152 ], [ -91.152953291147185, 30.393288692127193 ], [ -91.152953349986959, 30.393287807254051 ], [ -91.152953372405847, 30.393286922331274 ], [ -91.152953358405455, 30.393286036456704 ], [ -91.152953310063808, 30.393285151437301 ], [ -91.152953225296358, 30.393284269074496 ], [ -91.152953105143737, 30.393283389369721 ], [ -91.152952949602692, 30.393282514127065 ], [ -91.152952758673138, 30.393281643346597 ], [ -91.152952533390845, 30.393280779736006 ], [ -91.152952272715154, 30.393279923293861 ], [ -91.152951977685106, 30.393279074923676 ], [ -91.15295164933795, 30.393278236431026 ], [ -91.152951287673702, 30.393277407815948 ], [ -91.152950891646881, 30.393276591783291 ], [ -91.152950463340275, 30.393275787433794 ], [ -91.152950002750629, 30.393274996571595 ], [ -91.152949510916926, 30.393274220100274 ], [ -91.152948988878038, 30.393273458923343 ], [ -91.152948435591853, 30.393272713941386 ], [ -91.152947852095608, 30.39327198696013 ], [ -91.152947240472159, 30.393271277080185 ], [ -91.152946600716575, 30.393270587007951 ], [ -91.152945932828928, 30.393269916743353 ], [ -91.152945238890268, 30.393269266289217 ], [ -91.152685082875479, 30.393098255712491 ], [ -91.152558058767795, 30.393009354866937 ], [ -91.152556571248624, 30.393007918504257 ], [ -91.152555784762328, 30.393007234544051 ], [ -91.152554971174652, 30.393006575805384 ], [ -91.15255413152785, 30.393005941387539 ], [ -91.152553266859243, 30.393005333096244 ], [ -91.152552378207673, 30.393004751834891 ], [ -91.152551466613843, 30.393004197604974 ], [ -91.15255053311671, 30.393003671309959 ], [ -91.152549578756819, 30.393003172951257 ], [ -91.152548605610406, 30.393002705238089 ], [ -91.152547613680809, 30.393002266366206 ], [ -91.152546604005323, 30.393001858141204 ], [ -91.152545579705745, 30.39300148056736 ], [ -91.152544539739793, 30.393001134545351 ], [ -91.152543487229295, 30.393000820079433 ], [ -91.152542422172559, 30.393000538071703 ], [ -91.152541346650793, 30.39300028852502 ], [ -91.152540261704573, 30.393000071440731 ], [ -91.152539168372869, 30.392999887722485 ], [ -91.152538068738522, 30.392999736470983 ], [ -91.152536962798209, 30.392999619490329 ], [ -91.152535853675403, 30.392999535882797 ], [ -91.152534741368385, 30.392999486550423 ], [ -91.152533627961731, 30.39299946969188 ], [ -91.152532514490986, 30.392999488014926 ], [ -91.152531403040712, 30.392999539718133 ], [ -91.152530293610837, 30.39299962480154 ], [ -91.152529188282614, 30.392999743268053 ], [ -91.152528089137164, 30.392999895120411 ], [ -91.152526996172881, 30.393000081260769 ], [ -91.152525911474257, 30.393000299887788 ], [ -91.152524836081838, 30.393000551002892 ], [ -91.152523772076847, 30.39300083460893 ], [ -91.152522719459242, 30.393001150705889 ], [ -91.152521680311821, 30.393001498394511 ], [ -91.15252065671757, 30.393001876775571 ], [ -91.152519648674669, 30.393002286751123 ], [ -91.152518657225428, 30.393002727420583 ], [ -91.15251768445431, 30.393003196982612 ], [ -91.152516731400297, 30.393003696340589 ], [ -91.152515799107164, 30.393004223691921 ], [ -91.152514888613965, 30.39300477994 ], [ -91.152514000966235, 30.39300536238007 ], [ -91.15251313720286, 30.393005971915596 ], [ -91.152512299406609, 30.393006607647383 ], [ -91.15251148654032, 30.393007267769732 ], [ -91.152510701725689, 30.393007952286926 ], [ -91.152509944964322, 30.393008660296996 ], [ -91.152509217298544, 30.393009390899167 ], [ -91.15250851872996, 30.393010143191407 ], [ -91.152507851341383, 30.393010916274406 ], [ -91.152507216175067, 30.393011709247521 ], [ -91.152506613234266, 30.393012520306552 ], [ -91.152506043559612, 30.39301334945306 ], [ -91.152505507152725, 30.393014195784815 ], [ -91.152505005057463, 30.393015057499035 ], [ -91.152504538314474, 30.393015934597258 ], [ -91.152504107969278, 30.393016824374548 ], [ -91.152503712981243, 30.393017726829491 ], [ -91.152503355433183, 30.393018641062913 ], [ -91.152503034287832, 30.393019565269128 ], [ -91.152502750587431, 30.393020498547525 ], [ -91.152502505372539, 30.393021440899524 ], [ -91.152502297609118, 30.393022388715288 ], [ -91.152502128336224, 30.39302334289831 ], [ -91.152501998597586, 30.393024301645941 ], [ -91.152501906313788, 30.393025264053218 ], [ -91.152497814992529, 30.393023954931255 ], [ -91.152504611093917, 30.393146302503499 ], [ -91.152504287307565, 30.393207555993147 ], [ -91.152501480739403, 30.393268761882627 ], [ -91.152496195685245, 30.393329844401844 ], [ -91.152488438522084, 30.393390727783434 ], [ -91.152478218745387, 30.393451338068299 ], [ -91.152478033961373, 30.393453381056425 ], [ -91.152478003999477, 30.393454405793225 ], [ -91.152478015659838, 30.393455431489063 ], [ -91.152478068947417, 30.393456455437747 ], [ -91.152478162823215, 30.393457476735584 ], [ -91.152478298327907, 30.39345849538411 ], [ -91.152478474425735, 30.393459508675676 ], [ -91.152478692157345, 30.393460516611608 ], [ -91.152478949446476, 30.393461516482819 ], [ -91.152479247333687, 30.393462508290757 ], [ -91.152479585820657, 30.393463491133311 ], [ -91.152479962831123, 30.39346446230137 ], [ -91.152480379405688, 30.393465421796311 ], [ -91.152480834507003, 30.393466367812589 ], [ -91.152481328136702, 30.393467299448083 ], [ -91.152481858216916, 30.39346821489579 ], [ -91.152482424745997, 30.39346911505778 ], [ -91.152483027730511, 30.393469996325649 ], [ -91.152483666128248, 30.393470859600139 ], [ -91.152484338903463, 30.393471702173528 ], [ -91.152485045015624, 30.393472524044377 ], [ -91.152485784466307, 30.393473324310555 ], [ -91.152486555177688, 30.393474101165125 ], [ -91.152487357149695, 30.393474854608034 ], [ -91.152488189343401, 30.39347558373575 ], [ -91.1524890496826, 30.393476285839192 ], [ -91.152489938165488, 30.393476961820436 ], [ -91.152490853753264, 30.393477610775928 ], [ -91.152491794366284, 30.393478231800813 ], [ -91.152492760007917, 30.393478823090877 ], [ -91.152493749635809, 30.393479385546705 ], [ -91.152494760133209, 30.393479916457853 ], [ -91.152495792537323, 30.393480417629874 ], [ -91.152496843731356, 30.393480886352251 ], [ -91.152497912674718, 30.393481322623543 ], [ -91.152498999365704, 30.393481727345858 ], [ -91.15250010172808, 30.393482097810029 ], [ -91.152501218719607, 30.393482434916827 ], [ -91.152502348260668, 30.393482737761179 ], [ -91.152503489310774, 30.39348300634175 ], [ -91.152504640830898, 30.393483239755021 ], [ -91.152505800739846, 30.393483437998107 ], [ -91.15250696799707, 30.393483601069619 ], [ -91.152508141561896, 30.393483728968107 ], [ -91.152509319354778, 30.393483820788646 ], [ -91.15251049929293, 30.393483877430484 ], [ -91.152511681379607, 30.393483897089428 ], [ -91.152512863530305, 30.393483881566777 ], [ -91.152514044706123, 30.393483829959088 ], [ -91.152515222824164, 30.393483743165568 ], [ -91.152516396847119, 30.393483619380671 ], [ -91.152517564688878, 30.393483461307714 ], [ -91.152518726352767, 30.393483267142596 ], [ -91.152519878715282, 30.393483037783081 ], [ -91.152521020734213, 30.3934827741299 ], [ -91.152522152411194, 30.393482475280877 ], [ -91.152523270621131, 30.393482143036032 ], [ -91.152524374325054, 30.393481776491818 ], [ -91.1525254635214, 30.393481376550241 ], [ -91.152526535086693, 30.393480944109218 ], [ -91.152527589020863, 30.393480479168698 ], [ -91.152528623241153, 30.393479982627955 ], [ -91.152529637747534, 30.393479454486997 ], [ -91.152530629414912, 30.393478896545719 ], [ -91.152531597202739, 30.393478308802628 ], [ -91.152532542149885, 30.393477692161394 ], [ -91.152533461134666, 30.393477046617619 ], [ -91.15253435311314, 30.393476373974107 ], [ -91.152535217044672, 30.393475674229432 ], [ -91.152536052925996, 30.39347494918777 ], [ -91.152536858675987, 30.393474198846327 ], [ -91.152537633250688, 30.393473425007741 ], [ -91.152538376650156, 30.39347262767215 ], [ -91.152571715302471, 30.3934452397136 ], [ -91.152589228115531, 30.393432355611019 ], [ -91.152607273723135, 30.393420036944793 ], [ -91.152625826085881, 30.393408297210616 ], [ -91.152644862277967, 30.393397154418725 ], [ -91.152664355217738, 30.393386622965419 ], [ -91.152684279908144, 30.393376715445694 ], [ -91.152704608225463, 30.393367447156425 ], [ -91.152725315175886, 30.393358828888459 ], [ -91.152746370559541, 30.393350873229608 ], [ -91.152767748343763, 30.393343590067222 ], [ -91.152789419372553, 30.39333699018643 ], [ -91.152811353454211, 30.39333108166468 ], [ -91.152833522478332, 30.393325872582338 ], [ -91.152855896256582, 30.39332136921265 ], [ -91.152878445639615, 30.393317578732518 ], [ -91.152901139401706, 30.393314505609766 ], [ -91.152923947357934, 30.393312154313431 ] ] ] } },
{ "type": "Feature", "properties": { "ID": 111, "BG_ID": 65, "PARKID": "CRPPW", "FACILITY_NAME": "Corporate Parkway", "CLASSIFICATION": "Neighborhood", "FULL_ADDRESS": "333 E GRANT ST", "CITY": "BATON ROUGE", "STATE": "LOUISIANA", "ZIP": 70802, "ACREAGE": 0.054, "AIRGUN_RANGE": "NO", "AIRNASIUM": "NO", "ARCHERY_RANGE": "NO", "BALL_MULTI_PURPOSE_FIELD": "NO", "BASKETBALL_INDOOR": "NO", "BASKETBALL_OUTDOOR": "NO", "BIKE_REPAIR_STATION": "NO", "BIRD_WATCHING_WILDLIFE_VIEWING": "NO", "BLUEWAY_TRAILHEAD": "NO", "BMX": "NO", "CANOE_KAYAK_LAUNCH": "NO", "CRICKET_PITCH": "NO", "CROQUET_COURT": "NO", "DISC_GOLF": "NO", "DOG_PARK": "NO", "EQUESTRIAN": "NO", "FISHING_ACCESS": "NO", "FITNESS_CENTERS": "NO", "GARDEN_ARBORETUM": "NO", "GOLF_COURSE_9_HOLE": "NO", "GOLF_COURSE_18_HOLE": "NO", "GREENWAY_TRAILHEAD": "NO", "MOUNTAIN_BIKING": "NO", "NATURE_TRAILS": "NO", "OUTDOOR_FITNESS_STATION": "NO", "PAVILION": "NO", "PLAYGROUND": "NO", "PRIMITIVE_TRAILS": "NO", "RECREATION_CENTER": "NO", "RUGBY_FIELD": "NO", "RV_PARK": "NO", "SAND_VOLLEYBALL": "NO", "SHUFFLEBOARD": "NO", "SKATE_PARK": "NO", "SOCCER_FIELD": "NO", "SPLASH_PAD": "NO", "STADIUM": "NO", "SWIMMING_POOL": "NO", "TENNIS_CENTER": "NO", "TENNIS_COURTS": "NO", "VELODROME": "NO", "WALKING_LOOP_OUTDOOR": "NO", "WALKING_TRACK_INDOOR": "NO" }, "geometry": { "type": "MultiPolygon", "coordinates": [ [ [ [ -91.177488561652765, 30.423774371454552 ], [ -91.177615445965827, 30.423772001422162 ], [ -91.177605667551006, 30.423484608983177 ], [ -91.177595883114378, 30.423197110067004 ], [ -91.177469021414609, 30.42320013051042 ], [ -91.177478799483737, 30.423487473367921 ], [ -91.177488561652765, 30.423774371454552 ] ] ], [ [ [ -91.177635203747599, 30.425703203786107 ], [ -91.177642812094433, 30.425956077922603 ], [ -91.177769677069406, 30.425953210668887 ], [ -91.177762068399801, 30.425700336539514 ], [ -91.177754399430682, 30.425445446161028 ], [ -91.177627544019714, 30.425448602078134 ], [ -91.177635203747599, 30.425703203786107 ] ] ], [ [ [ -91.177734282254576, 30.425098708871303 ], [ -91.177607430072001, 30.425102079468925 ], [ -91.177616298574023, 30.425350497932786 ], [ -91.177743156987077, 30.425347339323832 ], [ -91.177734282254576, 30.425098708871303 ] ] ], [ [ [ -91.177597915426219, 30.424559478571652 ], [ -91.17747112397268, 30.42456239536093 ], [ -91.177483005962912, 30.424952501597929 ], [ -91.177609854834444, 30.424949132018018 ], [ -91.177597915426219, 30.424559478571652 ] ] ], [ [ [ -91.177524095373997, 30.42444647851725 ], [ -91.177650974119757, 30.424443559073811 ], [ -91.177637571179915, 30.424161392713955 ], [ -91.177624170300476, 30.423879288576533 ], [ -91.177497283247789, 30.42388199058156 ], [ -91.177510688794783, 30.424164207498208 ], [ -91.177524095373997, 30.42444647851725 ] ] ] ] } },
{ "type": "Feature", "properties": { "ID": 112, "BG_ID": 60, "PARKID": "MMSTD", "FACILITY_NAME": "Memorial Sports Complex", "CLASSIFICATION": "Special Facility", "FULL_ADDRESS": "1702 FOSS ST", "CITY": "BATON ROUGE", "STATE": "LOUISIANA", "ZIP": 70802, "ACREAGE": 36.83, "AIRGUN_RANGE": "NO", "AIRNASIUM": "NO", "ARCHERY_RANGE": "NO", "BALL_MULTI_PURPOSE_FIELD": "YES", "BASKETBALL_INDOOR": "NO", "BASKETBALL_OUTDOOR": "NO", "BIKE_REPAIR_STATION": "NO", "BIRD_WATCHING_WILDLIFE_VIEWING": "NO", "BLUEWAY_TRAILHEAD": "NO", "BMX": "NO", "CANOE_KAYAK_LAUNCH": "NO", "CRICKET_PITCH": "NO", "CROQUET_COURT": "NO", "DISC_GOLF": "NO", "DOG_PARK": "NO", "EQUESTRIAN": "NO", "FISHING_ACCESS": "NO", "FITNESS_CENTERS": "NO", "GARDEN_ARBORETUM": "NO", "GOLF_COURSE_9_HOLE": "NO", "GOLF_COURSE_18_HOLE": "NO", "GREENWAY_TRAILHEAD": "NO", "MOUNTAIN_BIKING": "NO", "NATURE_TRAILS": "NO", "OUTDOOR_FITNESS_STATION": "NO", "PAVILION": "NO", "PLAYGROUND": "NO", "PRIMITIVE_TRAILS": "NO", "RECREATION_CENTER": "NO", "RUGBY_FIELD": "NO", "RV_PARK": "NO", "SAND_VOLLEYBALL": "NO", "SHUFFLEBOARD": "NO", "SKATE_PARK": "NO", "SOCCER_FIELD": "NO", "SPLASH_PAD": "NO", "STADIUM": "YES", "SWIMMING_POOL": "NO", "TENNIS_CENTER": "NO", "TENNIS_COURTS": "NO", "VELODROME": "NO", "WALKING_LOOP_OUTDOOR": "NO", "WALKING_TRACK_INDOOR": "NO" }, "geometry": { "type": "MultiPolygon", "coordinates": [ [ [ [ -91.174636885704672, 30.457874149209442 ], [ -91.173055162938837, 30.457840213781406 ], [ -91.171400476754187, 30.457871550831982 ], [ -91.170051564357379, 30.45815543671965 ], [ -91.170288218944876, 30.45912725220731 ], [ -91.17032579778504, 30.459703172183726 ], [ -91.170343041585582, 30.45974505246712 ], [ -91.170416900378967, 30.459784553354773 ], [ -91.17048795586436, 30.459799419564277 ], [ -91.172771196251702, 30.459718465717096 ], [ -91.174731801525326, 30.459656376891157 ], [ -91.174636885704672, 30.457874149209442 ] ] ], [ [ [ -91.168749564139532, 30.45864043372325 ], [ -91.168109746826914, 30.459035584397384 ], [ -91.167735136053736, 30.459528846574969 ], [ -91.167730850652973, 30.45986494663191 ], [ -91.170015966059978, 30.459808690111384 ], [ -91.170089946286936, 30.459774297774953 ], [ -91.170130604777015, 30.459717886107001 ], [ -91.170086353928369, 30.459348092166138 ], [ -91.170040178228604, 30.459101006122609 ], [ -91.169505667640991, 30.459179616921045 ], [ -91.169098762197848, 30.45908321710311 ], [ -91.168749564139532, 30.45864043372325 ] ] ], [ [ [ -91.170194331146774, 30.459931944363849 ], [ -91.169896269000247, 30.459942837927475 ], [ -91.16973699300182, 30.459948659679487 ], [ -91.167748640694455, 30.460021314009104 ], [ -91.167728847535045, 30.460022037952697 ], [ -91.167804550108883, 30.461538111643804 ], [ -91.168078675543939, 30.4615302563383 ], [ -91.16820556568662, 30.461526619773259 ], [ -91.168332456862828, 30.461522982185691 ], [ -91.168459346986921, 30.461519345377212 ], [ -91.168586237101678, 30.461515708447013 ], [ -91.168713127207212, 30.461512071395056 ], [ -91.16884001730341, 30.461508434221301 ], [ -91.168966908431628, 30.461504796927205 ], [ -91.169093798509209, 30.461501159510071 ], [ -91.169220688577511, 30.461497521971225 ], [ -91.169347578636533, 30.461493884310578 ], [ -91.169374434340355, 30.461493114754667 ], [ -91.16949140853373, 30.461489760545479 ], [ -91.169531525989413, 30.461488610470379 ], [ -91.169635239458799, 30.461485637527211 ], [ -91.16976212948741, 30.461481999468958 ], [ -91.169889019508247, 30.461478360386856 ], [ -91.170015909518227, 30.461474722085143 ], [ -91.170142799518928, 30.461471083661682 ], [ -91.170266718503186, 30.461467530759375 ], [ -91.170194331146774, 30.459931944363849 ] ] ] ] } },
{ "type": "Feature", "properties": { "ID": 113, "BG_ID": 51, "PARKID": "GAYSA", "FACILITY_NAME": "Gayosa Street Park", "CLASSIFICATION": "Neighborhood", "FULL_ADDRESS": "2129 GAYOSA ST", "CITY": "BATON ROUGE", "STATE": "LOUISIANA", "ZIP": 70802, "ACREAGE": 0.327, "AIRGUN_RANGE": "NO", "AIRNASIUM": "NO", "ARCHERY_RANGE": "NO", "BALL_MULTI_PURPOSE_FIELD": "NO", "BASKETBALL_INDOOR": "NO", "BASKETBALL_OUTDOOR": "YES", "BIKE_REPAIR_STATION": "NO", "BIRD_WATCHING_WILDLIFE_VIEWING": "NO", "BLUEWAY_TRAILHEAD": "NO", "BMX": "NO", "CANOE_KAYAK_LAUNCH": "NO", "CRICKET_PITCH": "NO", "CROQUET_COURT": "NO", "DISC_GOLF": "NO", "DOG_PARK": "NO", "EQUESTRIAN": "NO", "FISHING_ACCESS": "NO", "FITNESS_CENTERS": "NO", "GARDEN_ARBORETUM": "NO", "GOLF_COURSE_9_HOLE": "NO", "GOLF_COURSE_18_HOLE": "NO", "GREENWAY_TRAILHEAD": "NO", "MOUNTAIN_BIKING": "NO", "NATURE_TRAILS": "NO", "OUTDOOR_FITNESS_STATION": "NO", "PAVILION": "YES", "PLAYGROUND": "NO", "PRIMITIVE_TRAILS": "NO", "RECREATION_CENTER": "NO", "RUGBY_FIELD": "NO", "RV_PARK": "NO", "SAND_VOLLEYBALL": "NO", "SHUFFLEBOARD": "NO", "SKATE_PARK": "NO", "SOCCER_FIELD": "NO", "SPLASH_PAD": "NO", "STADIUM": "NO", "SWIMMING_POOL": "NO", "TENNIS_CENTER": "NO", "TENNIS_COURTS": "NO", "VELODROME": "NO", "WALKING_LOOP_OUTDOOR": "NO", "WALKING_TRACK_INDOOR": "NO" }, "geometry": { "type": "Polygon", "coordinates": [ [ [ -91.166809662369403, 30.454267923776385 ], [ -91.166682793559161, 30.45427179085922 ], [ -91.166540065877044, 30.454276140279561 ], [ -91.166498832830882, 30.454277397190356 ], [ -91.166502660275214, 30.454371661899415 ], [ -91.16650642875868, 30.454464459753378 ], [ -91.166510210201636, 30.45455760492089 ], [ -91.166513927690943, 30.454649156034353 ], [ -91.166517778168114, 30.454743982755904 ], [ -91.166518137138041, 30.454752811839978 ], [ -91.16655936934778, 30.454751550411657 ], [ -91.166702097712573, 30.454747200971056 ], [ -91.166828967129618, 30.454743333870205 ], [ -91.166809662369403, 30.454267923776385 ] ] ] } },
{ "type": "Feature", "properties": { "ID": 114, "BG_ID": 9, "PARKID": "JFRTR", "FACILITY_NAME": "Jefferson Terrace Park", "CLASSIFICATION": "Neighborhood", "FULL_ADDRESS": "10282 CAL RD", "CITY": "BATON ROUGE", "STATE": "LOUISIANA", "ZIP": 70809, "ACREAGE": 11.13, "AIRGUN_RANGE": "NO", "AIRNASIUM": "NO", "ARCHERY_RANGE": "NO", "BALL_MULTI_PURPOSE_FIELD": "NO", "BASKETBALL_INDOOR": "NO", "BASKETBALL_OUTDOOR": "YES", "BIKE_REPAIR_STATION": "NO", "BIRD_WATCHING_WILDLIFE_VIEWING": "NO", "BLUEWAY_TRAILHEAD": "NO", "BMX": "NO", "CANOE_KAYAK_LAUNCH": "NO", "CRICKET_PITCH": "NO", "CROQUET_COURT": "NO", "DISC_GOLF": "NO", "DOG_PARK": "NO", "EQUESTRIAN": "NO", "FISHING_ACCESS": "NO", "FITNESS_CENTERS": "NO", "GARDEN_ARBORETUM": "NO", "GOLF_COURSE_9_HOLE": "NO", "GOLF_COURSE_18_HOLE": "NO", "GREENWAY_TRAILHEAD": "NO", "MOUNTAIN_BIKING": "NO", "NATURE_TRAILS": "NO", "OUTDOOR_FITNESS_STATION": "YES", "PAVILION": "YES", "PLAYGROUND": "NO", "PRIMITIVE_TRAILS": "NO", "RECREATION_CENTER": "NO", "RUGBY_FIELD": "NO", "RV_PARK": "NO", "SAND_VOLLEYBALL": "NO", "SHUFFLEBOARD": "NO", "SKATE_PARK": "NO", "SOCCER_FIELD": "NO", "SPLASH_PAD": "NO", "STADIUM": "NO", "SWIMMING_POOL": "NO", "TENNIS_CENTER": "NO", "TENNIS_COURTS": "YES", "VELODROME": "NO", "WALKING_LOOP_OUTDOOR": "YES", "WALKING_TRACK_INDOOR": "NO" }, "geometry": { "type": "Polygon", "coordinates": [ [ [ -91.070769204256436, 30.401009568660296 ], [ -91.071152873249815, 30.400159895880993 ], [ -91.071459977689315, 30.399479772766188 ], [ -91.071337788952675, 30.399382357202306 ], [ -91.071286412648789, 30.399331776050989 ], [ -91.071275565961898, 30.399320280828697 ], [ -91.071255121421302, 30.399290968283712 ], [ -91.071241380425406, 30.399257475196464 ], [ -91.071239182134462, 30.399230812187277 ], [ -91.071236982806397, 30.399204148273693 ], [ -91.071036181638675, 30.398549643227039 ], [ -91.07097399461162, 30.398340260367942 ], [ -91.070778590778517, 30.398277028076269 ], [ -91.070517966078128, 30.398192688563174 ], [ -91.070502606695769, 30.398227845072658 ], [ -91.070255368225716, 30.398147837346208 ], [ -91.069991318304375, 30.398062388517477 ], [ -91.069553988576189, 30.39876605313161 ], [ -91.069317617380278, 30.399146375471986 ], [ -91.06926856620899, 30.399225294526769 ], [ -91.069225313353598, 30.399294888484558 ], [ -91.06933765718604, 30.39954075189782 ], [ -91.06943093086943, 30.399744876984073 ], [ -91.069531175422568, 30.39996425405521 ], [ -91.069567814709998, 30.400044436615925 ], [ -91.06962556456574, 30.400192250578773 ], [ -91.069720440290254, 30.400435090120897 ], [ -91.069874983497172, 30.400830641981575 ], [ -91.069973907718051, 30.400836778478226 ], [ -91.07010532776853, 30.400850540050168 ], [ -91.070235816343455, 30.400869841192076 ], [ -91.070365063479173, 30.400894629870646 ], [ -91.070492767543826, 30.400924851364088 ], [ -91.070618538535186, 30.400960417398657 ], [ -91.070769204256436, 30.401009568660296 ] ] ] } },
{ "type": "Feature", "properties": { "ID": 115, "BG_ID": 45, "PARKID": "BRNGR", "FACILITY_NAME": "Baringer Road Park", "CLASSIFICATION": "Neighborhood", "FULL_ADDRESS": "7401 BARINGER RD", "CITY": "BATON ROUGE", "STATE": "LOUISIANA", "ZIP": 70817, "ACREAGE": 4.7, "AIRGUN_RANGE": "NO", "AIRNASIUM": "NO", "ARCHERY_RANGE": "NO", "BALL_MULTI_PURPOSE_FIELD": "YES", "BASKETBALL_INDOOR": "NO", "BASKETBALL_OUTDOOR": "YES", "BIKE_REPAIR_STATION": "NO", "BIRD_WATCHING_WILDLIFE_VIEWING": "NO", "BLUEWAY_TRAILHEAD": "NO", "BMX": "NO", "CANOE_KAYAK_LAUNCH": "NO", "CRICKET_PITCH": "NO", "CROQUET_COURT": "NO", "DISC_GOLF": "NO", "DOG_PARK": "NO", "EQUESTRIAN": "NO", "FISHING_ACCESS": "NO", "FITNESS_CENTERS": "NO", "GARDEN_ARBORETUM": "NO", "GOLF_COURSE_9_HOLE": "NO", "GOLF_COURSE_18_HOLE": "NO", "GREENWAY_TRAILHEAD": "NO", "MOUNTAIN_BIKING": "NO", "NATURE_TRAILS": "NO", "OUTDOOR_FITNESS_STATION": "NO", "PAVILION": "YES", "PLAYGROUND": "YES", "PRIMITIVE_TRAILS": "NO", "RECREATION_CENTER": "YES", "RUGBY_FIELD": "NO", "RV_PARK": "NO", "SAND_VOLLEYBALL": "NO", "SHUFFLEBOARD": "NO", "SKATE_PARK": "NO", "SOCCER_FIELD": "NO", "SPLASH_PAD": "NO", "STADIUM": "NO", "SWIMMING_POOL": "NO", "TENNIS_CENTER": "NO", "TENNIS_COURTS": "YES", "VELODROME": "NO", "WALKING_LOOP_OUTDOOR": "YES", "WALKING_TRACK_INDOOR": "NO" }, "geometry": { "type": "Polygon", "coordinates": [ [ [ -91.018934321493916, 30.384314047896829 ], [ -91.01898988188465, 30.383966328477413 ], [ -91.019001163721185, 30.383875673738434 ], [ -91.019006126881195, 30.383784591710494 ], [ -91.019004747432277, 30.383693417015625 ], [ -91.018997033717341, 30.383602478037012 ], [ -91.01898301278807, 30.383512109516221 ], [ -91.018962735658235, 30.38342263632774 ], [ -91.018936273093104, 30.383334388804862 ], [ -91.018903726088183, 30.383247679310077 ], [ -91.018877175413095, 30.38318762843608 ], [ -91.018709908974927, 30.383293262954247 ], [ -91.018525345705157, 30.38340982196247 ], [ -91.018326345316268, 30.383535493574101 ], [ -91.018136173060498, 30.383655592930374 ], [ -91.017942351273604, 30.383777996280223 ], [ -91.017815228973831, 30.383858275460661 ], [ -91.01781510824128, 30.384005059107164 ], [ -91.017814935424923, 30.384213453189957 ], [ -91.017814764352138, 30.384420970426291 ], [ -91.017814589470163, 30.384630997277416 ], [ -91.017814428244279, 30.384830499377252 ], [ -91.017814251124335, 30.385043851331176 ], [ -91.017814081786753, 30.385248200358998 ], [ -91.017813909994146, 30.385455943060052 ], [ -91.017813687747477, 30.385723799590838 ], [ -91.01792689496942, 30.385738718949675 ], [ -91.018154856110925, 30.385768765840407 ], [ -91.018220234988235, 30.385777382498894 ], [ -91.018405694138607, 30.385801825727871 ], [ -91.018690596285182, 30.385839376588486 ], [ -91.018721063128794, 30.385648709660732 ], [ -91.018751529846924, 30.385458045422382 ], [ -91.018781996456653, 30.385267378460942 ], [ -91.01881246294657, 30.385076712384716 ], [ -91.018842929322432, 30.384886045389631 ], [ -91.018372572444065, 30.384824051826175 ], [ -91.018403036453762, 30.384633388520388 ], [ -91.018873395581366, 30.384695378377678 ], [ -91.018903858601831, 30.384504711341489 ], [ -91.018934321493916, 30.384314047896829 ] ] ] } },
{ "type": "Feature", "properties": { "ID": 116, "BG_ID": 141, "PARKID": "ESTRN", "FACILITY_NAME": "Erich and Lea Sternberg Park", "CLASSIFICATION": "Neighborhood", "FULL_ADDRESS": "8715 ROUND OAK DR", "CITY": "BATON ROUGE", "STATE": "LOUISIANA", "ZIP": 70817, "ACREAGE": 26.09, "AIRGUN_RANGE": "NO", "AIRNASIUM": "NO", "ARCHERY_RANGE": "NO", "BALL_MULTI_PURPOSE_FIELD": "YES", "BASKETBALL_INDOOR": "NO", "BASKETBALL_OUTDOOR": "YES", "BIKE_REPAIR_STATION": "NO", "BIRD_WATCHING_WILDLIFE_VIEWING": "NO", "BLUEWAY_TRAILHEAD": "NO", "BMX": "NO", "CANOE_KAYAK_LAUNCH": "NO", "CRICKET_PITCH": "NO", "CROQUET_COURT": "NO", "DISC_GOLF": "NO", "DOG_PARK": "NO", "EQUESTRIAN": "NO", "FISHING_ACCESS": "NO", "FITNESS_CENTERS": "NO", "GARDEN_ARBORETUM": "NO", "GOLF_COURSE_9_HOLE": "NO", "GOLF_COURSE_18_HOLE": "NO", "GREENWAY_TRAILHEAD": "NO", "MOUNTAIN_BIKING": "NO", "NATURE_TRAILS": "NO", "OUTDOOR_FITNESS_STATION": "NO", "PAVILION": "NO", "PLAYGROUND": "NO", "PRIMITIVE_TRAILS": "NO", "RECREATION_CENTER": "NO", "RUGBY_FIELD": "NO", "RV_PARK": "NO", "SAND_VOLLEYBALL": "NO", "SHUFFLEBOARD": "NO", "SKATE_PARK": "NO", "SOCCER_FIELD": "NO", "SPLASH_PAD": "NO", "STADIUM": "NO", "SWIMMING_POOL": "NO", "TENNIS_CENTER": "NO", "TENNIS_COURTS": "YES", "VELODROME": "NO", "WALKING_LOOP_OUTDOOR": "NO", "WALKING_TRACK_INDOOR": "NO" }, "geometry": { "type": "Polygon", "coordinates": [ [ [ -90.996055714899001, 30.368746272881431 ], [ -90.995998733453604, 30.368776513837478 ], [ -90.996004779582051, 30.368867937451633 ], [ -90.996156659682384, 30.370356675589928 ], [ -90.994952950358581, 30.370461255679935 ], [ -90.994945488525815, 30.371517088522936 ], [ -90.99893525173745, 30.371509013927579 ], [ -90.998937359513661, 30.371509020163156 ], [ -90.998888947029783, 30.371150099519358 ], [ -90.998852145881784, 30.370877254246697 ], [ -90.998785734185645, 30.370889572122785 ], [ -90.99878611624365, 30.370720794437592 ], [ -90.998787081170008, 30.370294553056009 ], [ -90.998787706315724, 30.370019588686759 ], [ -90.9987883272875, 30.369744626993228 ], [ -90.998788928776676, 30.369479467467031 ], [ -90.998789572800305, 30.369193949397935 ], [ -90.998790319616361, 30.368863995836538 ], [ -90.998790554781493, 30.368761397684622 ], [ -90.997464374169212, 30.368759488790733 ], [ -90.997421878706859, 30.367850908151791 ], [ -90.997401832391517, 30.367882321612029 ], [ -90.996055714899001, 30.368746272881431 ] ] ] } },
{ "type": "Feature", "properties": { "ID": 117, "BG_ID": 103, "PARKID": "BBSWP", "FACILITY_NAME": "Bluebonnet Swamp Nature Center", "CLASSIFICATION": "Conservation", "FULL_ADDRESS": "10503 N OAK HILLS PKWY", "CITY": "BATON ROUGE", "STATE": "LOUISIANA", "ZIP": 70810, "ACREAGE": 102.751, "AIRGUN_RANGE": "NO", "AIRNASIUM": "NO", "ARCHERY_RANGE": "NO", "BALL_MULTI_PURPOSE_FIELD": "NO", "BASKETBALL_INDOOR": "NO", "BASKETBALL_OUTDOOR": "NO", "BIKE_REPAIR_STATION": "NO", "BIRD_WATCHING_WILDLIFE_VIEWING": "YES", "BLUEWAY_TRAILHEAD": "NO", "BMX": "NO", "CANOE_KAYAK_LAUNCH": "NO", "CRICKET_PITCH": "NO", "CROQUET_COURT": "NO", "DISC_GOLF": "NO", "DOG_PARK": "NO", "EQUESTRIAN": "NO", "FISHING_ACCESS": "NO", "FITNESS_CENTERS": "NO", "GARDEN_ARBORETUM": "NO", "GOLF_COURSE_9_HOLE": "NO", "GOLF_COURSE_18_HOLE": "NO", "GREENWAY_TRAILHEAD": "NO", "MOUNTAIN_BIKING": "NO", "NATURE_TRAILS": "YES", "OUTDOOR_FITNESS_STATION": "NO", "PAVILION": "NO", "PLAYGROUND": "NO", "PRIMITIVE_TRAILS": "NO", "RECREATION_CENTER": "NO", "RUGBY_FIELD": "NO", "RV_PARK": "NO", "SAND_VOLLEYBALL": "NO", "SHUFFLEBOARD": "NO", "SKATE_PARK": "NO", "SOCCER_FIELD": "NO", "SPLASH_PAD": "NO", "STADIUM": "NO", "SWIMMING_POOL": "NO", "TENNIS_CENTER": "NO", "TENNIS_COURTS": "NO", "VELODROME": "NO", "WALKING_LOOP_OUTDOOR": "NO", "WALKING_TRACK_INDOOR": "NO" }, "geometry": { "type": "Polygon", "coordinates": [ [ [ -91.105450484436986, 30.368054147793387 ], [ -91.105446341038288, 30.36806719042599 ], [ -91.105443875288785, 30.368073608223288 ], [ -91.1054411517148, 30.368079947995358 ], [ -91.105438173457884, 30.368086200726481 ], [ -91.105434943655496, 30.368092359205356 ], [ -91.105431467527978, 30.368098415322031 ], [ -91.105427747172484, 30.368104361863285 ], [ -91.105423789887809, 30.368110191624947 ], [ -91.105419597771245, 30.368115897393746 ], [ -91.105415178121518, 30.368121471965491 ], [ -91.10541053511453, 30.368126909032686 ], [ -91.105405676049074, 30.368132201391017 ], [ -91.105400605100954, 30.368137342733029 ], [ -91.105395328528743, 30.368142325852673 ], [ -91.105389854665418, 30.368147146253776 ], [ -91.105384188729175, 30.368151796728597 ], [ -91.105378338014788, 30.368156271877019 ], [ -91.105372309817, 30.368160566299004 ], [ -91.105366111428481, 30.36816467549664 ], [ -91.105359751188487, 30.368168592267534 ], [ -91.105353235345206, 30.368172313915988 ], [ -91.105346573274076, 30.368175835045705 ], [ -91.105339773308174, 30.368179151160486 ], [ -91.105332842740154, 30.368182257762481 ], [ -91.105325790939233, 30.368185152161349 ], [ -91.105311137338788, 30.3681903392104 ], [ -91.105303660474377, 30.36819259057954 ], [ -91.105296095715502, 30.368194609054747 ], [ -91.105288452429363, 30.368196392848084 ], [ -91.105280741025553, 30.368197939271106 ], [ -91.105272970871169, 30.368199246535827 ], [ -91.105265151331494, 30.368200313756301 ], [ -91.105257293856269, 30.368201138245986 ], [ -91.105249406770398, 30.368201719117014 ], [ -91.105241501517625, 30.368202056389276 ], [ -91.105233587462948, 30.36820214917682 ], [ -91.105225673967425, 30.368201998397918 ], [ -91.105217771438618, 30.368201602266225 ], [ -91.105209891316036, 30.368200962605773 ], [ -91.105202041920336, 30.368200080333043 ], [ -91.105194233654927, 30.368198955465946 ], [ -91.105186476916984, 30.368197590728773 ], [ -91.105178780027117, 30.368195987038053 ], [ -91.105171155463125, 30.368194147121532 ], [ -91.105163610503354, 30.368192072796013 ], [ -91.105156155546922, 30.368189765883702 ], [ -91.105148799946576, 30.368187230911285 ], [ -91.10514155305907, 30.368184470601193 ], [ -91.105134424239225, 30.368181488578003 ], [ -91.105127422843822, 30.368178287564167 ], [ -91.105120557185231, 30.368174872084641 ], [ -91.105113836613967, 30.368171247568085 ], [ -91.104882916088101, 30.368579007263303 ], [ -91.104916660183946, 30.368595018327525 ], [ -91.104646883279557, 30.369023924176386 ], [ -91.10455576816527, 30.369168783506954 ], [ -91.104261042715834, 30.369637348522105 ], [ -91.10402599839631, 30.370010481356818 ], [ -91.103910648724536, 30.370194412284352 ], [ -91.103597158122824, 30.370692798100968 ], [ -91.103249397503788, 30.371245660762384 ], [ -91.102972290385551, 30.371686193546839 ], [ -91.103364538824366, 30.371855813713232 ], [ -91.103701200871285, 30.371789724995374 ], [ -91.103935130051724, 30.371743324959159 ], [ -91.104056580583688, 30.37179724941095 ], [ -91.104310661929276, 30.3719100581493 ], [ -91.10444318779264, 30.371968898029525 ], [ -91.104295140384636, 30.372242759641566 ], [ -91.104396699981919, 30.372293836552586 ], [ -91.104643703963092, 30.37241806196538 ], [ -91.104890708568192, 30.372542284206137 ], [ -91.105137713784643, 30.372666508687331 ], [ -91.105553322693225, 30.372874969121408 ], [ -91.105888559563937, 30.37302328773718 ], [ -91.106053111289825, 30.373096091458454 ], [ -91.106268919243803, 30.373191571602103 ], [ -91.10645252782831, 30.373272802493929 ], [ -91.10663613358571, 30.373354035829799 ], [ -91.106805501124938, 30.373429213973733 ], [ -91.106975096625249, 30.373503997169916 ], [ -91.10714458683745, 30.373578983840584 ], [ -91.10732819476894, 30.373660215308032 ], [ -91.107464188326134, 30.373720381433149 ], [ -91.107511621279627, 30.373741751117397 ], [ -91.107681215037175, 30.373816395375332 ], [ -91.107850774917637, 30.373891409216263 ], [ -91.108020077457226, 30.373966695734861 ], [ -91.108189746813451, 30.37404137284091 ], [ -91.108373356455942, 30.374122601944165 ], [ -91.108556967436968, 30.374203831694441 ], [ -91.108606503310227, 30.374225746720128 ], [ -91.108801303271875, 30.373903167176156 ], [ -91.10920730097898, 30.373230868260123 ], [ -91.109416914091369, 30.372894955475584 ], [ -91.109521044565895, 30.372728074007117 ], [ -91.109617563876682, 30.372573391276909 ], [ -91.109855387405617, 30.372184197920546 ], [ -91.110041941254778, 30.371769655100866 ], [ -91.109986914268376, 30.371663920004885 ], [ -91.10997826555537, 30.371647300451052 ], [ -91.109874183310751, 30.371587268421802 ], [ -91.109849056216945, 30.371585892628893 ], [ -91.109714239556126, 30.371578515434191 ], [ -91.109310303515556, 30.371459538148915 ], [ -91.109220228751397, 30.371433008948685 ], [ -91.108875462976712, 30.371270208356194 ], [ -91.108870488382607, 30.37122487844643 ], [ -91.108887589981777, 30.370976168081398 ], [ -91.108902685324225, 30.370756629984633 ], [ -91.109015785158419, 30.370539653340522 ], [ -91.109026145204894, 30.370519779636066 ], [ -91.109067678408124, 30.370410578836459 ], [ -91.109142434796397, 30.370214029078209 ], [ -91.109141176502746, 30.370074545237738 ], [ -91.109138975982972, 30.369830251172647 ], [ -91.109165357719988, 30.369716616057097 ], [ -91.109197730743674, 30.369577170300204 ], [ -91.109256837526772, 30.369373608032166 ], [ -91.10927055389304, 30.3693263711946 ], [ -91.109135366094733, 30.368973532814856 ], [ -91.109136816796777, 30.368687466830007 ], [ -91.109248399417609, 30.368517370326479 ], [ -91.109759429810694, 30.368300619661625 ], [ -91.10992043729162, 30.368286909417574 ], [ -91.110037549737029, 30.368313952046645 ], [ -91.110172490328921, 30.368266966795421 ], [ -91.109864734775414, 30.368123961854597 ], [ -91.10943186408177, 30.367927958787771 ], [ -91.1089989919831, 30.367731950679108 ], [ -91.108455795476189, 30.367489598396748 ], [ -91.106933233019646, 30.366800178370816 ], [ -91.10699518731677, 30.366699703932735 ], [ -91.107924333223181, 30.365192844001736 ], [ -91.108444473599278, 30.364349272879178 ], [ -91.108903330375398, 30.363605077356084 ], [ -91.108780304858499, 30.363546593530263 ], [ -91.107551308880005, 30.362984285546858 ], [ -91.106267841676171, 30.362366718864561 ], [ -91.105846995720739, 30.36216421570337 ], [ -91.105703368604225, 30.36237296448893 ], [ -91.105522283003069, 30.362685881821481 ], [ -91.105250225960148, 30.363277844893691 ], [ -91.105142218456081, 30.363541895548934 ], [ -91.105397845569726, 30.363605266403635 ], [ -91.105492399951657, 30.363991154310373 ], [ -91.10551493714668, 30.364083134389617 ], [ -91.105618979647943, 30.364507740441503 ], [ -91.105703434179148, 30.364852406345904 ], [ -91.10578788416079, 30.365197043288916 ], [ -91.105816375075477, 30.365534584412284 ], [ -91.105843681486803, 30.365864759613846 ], [ -91.104940795115937, 30.366067239264339 ], [ -91.104892875264838, 30.366163103833564 ], [ -91.105326448488725, 30.366121877014869 ], [ -91.105751958287613, 30.36604549446724 ], [ -91.105944189524749, 30.366010986273658 ], [ -91.106139652228848, 30.366294342940989 ], [ -91.106420265203184, 30.366701140996167 ], [ -91.1065277919582, 30.367182332634069 ], [ -91.1065793545133, 30.367413073687146 ], [ -91.106443236436988, 30.367648816792968 ], [ -91.106239496780191, 30.368001675053193 ], [ -91.106161529159763, 30.368136705382504 ], [ -91.106061007975512, 30.368310796589885 ], [ -91.105450484436986, 30.368054147793387 ] ] ] } },
{ "type": "Feature", "properties": { "ID": 118, "BG_ID": 3, "PARKID": "BRKFD", "FACILITY_NAME": "Brookfield Avenue Park", "CLASSIFICATION": "Neighborhood", "FULL_ADDRESS": "17650 BROOKFIELD AVE", "CITY": "BATON ROUGE", "STATE": "LOUISIANA", "ZIP": 70817, "ACREAGE": 6.48, "AIRGUN_RANGE": "NO", "AIRNASIUM": "NO", "ARCHERY_RANGE": "NO", "BALL_MULTI_PURPOSE_FIELD": "NO", "BASKETBALL_INDOOR": "NO", "BASKETBALL_OUTDOOR": "NO", "BIKE_REPAIR_STATION": "NO", "BIRD_WATCHING_WILDLIFE_VIEWING": "NO", "BLUEWAY_TRAILHEAD": "NO", "BMX": "NO", "CANOE_KAYAK_LAUNCH": "NO", "CRICKET_PITCH": "NO", "CROQUET_COURT": "NO", "DISC_GOLF": "NO", "DOG_PARK": "NO", "EQUESTRIAN": "NO", "FISHING_ACCESS": "NO", "FITNESS_CENTERS": "NO", "GARDEN_ARBORETUM": "NO", "GOLF_COURSE_9_HOLE": "NO", "GOLF_COURSE_18_HOLE": "NO", "GREENWAY_TRAILHEAD": "NO", "MOUNTAIN_BIKING": "NO", "NATURE_TRAILS": "NO", "OUTDOOR_FITNESS_STATION": "NO", "PAVILION": "YES", "PLAYGROUND": "YES", "PRIMITIVE_TRAILS": "NO", "RECREATION_CENTER": "NO", "RUGBY_FIELD": "NO", "RV_PARK": "NO", "SAND_VOLLEYBALL": "NO", "SHUFFLEBOARD": "NO", "SKATE_PARK": "NO", "SOCCER_FIELD": "NO", "SPLASH_PAD": "NO", "STADIUM": "NO", "SWIMMING_POOL": "NO", "TENNIS_CENTER": "NO", "TENNIS_COURTS": "YES", "VELODROME": "NO", "WALKING_LOOP_OUTDOOR": "YES", "WALKING_TRACK_INDOOR": "NO" }, "geometry": { "type": "Polygon", "coordinates": [ [ [ -91.000623552536481, 30.358673425101593 ], [ -91.000571335709111, 30.358611898203087 ], [ -91.000336413102886, 30.35833509107318 ], [ -91.000220336878456, 30.358204279336164 ], [ -91.000070779648226, 30.35803573643258 ], [ -90.999955844049239, 30.357906214631097 ], [ -90.999951344570675, 30.357909147747346 ], [ -90.99979924947958, 30.358008247983495 ], [ -90.999642089550676, 30.358110647779249 ], [ -90.999489998003654, 30.35820974766477 ], [ -90.999337905113066, 30.35830884736999 ], [ -90.999185812962409, 30.358407945998117 ], [ -90.999033720514447, 30.358507042644412 ], [ -90.998881626713782, 30.358606141816686 ], [ -90.998729533653076, 30.358705239911931 ], [ -90.99857744237552, 30.358804336030534 ], [ -90.998425348705084, 30.358903434672612 ], [ -90.99827325369408, 30.359002532232225 ], [ -90.998121159416954, 30.359101630519014 ], [ -90.997998562392027, 30.359181506581503 ], [ -90.998377998134927, 30.35962212653768 ], [ -90.998659830063943, 30.359954378308867 ], [ -91.000469834651554, 30.358771761531138 ], [ -91.000623552536481, 30.358673425101593 ] ] ] } },
{ "type": "Feature", "properties": { "ID": 119, "BG_ID": 52, "PARKID": "GNTCT", "FACILITY_NAME": "Gentilly Court Park", "CLASSIFICATION": "Neighborhood", "FULL_ADDRESS": "13750 GENTILLY CT", "CITY": "BATON ROUGE", "STATE": "LOUISIANA", "ZIP": 70810, "ACREAGE": 6.0, "AIRGUN_RANGE": "NO", "AIRNASIUM": "NO", "ARCHERY_RANGE": "NO", "BALL_MULTI_PURPOSE_FIELD": "NO", "BASKETBALL_INDOOR": "NO", "BASKETBALL_OUTDOOR": "YES", "BIKE_REPAIR_STATION": "NO", "BIRD_WATCHING_WILDLIFE_VIEWING": "NO", "BLUEWAY_TRAILHEAD": "NO", "BMX": "NO", "CANOE_KAYAK_LAUNCH": "NO", "CRICKET_PITCH": "NO", "CROQUET_COURT": "NO", "DISC_GOLF": "NO", "DOG_PARK": "NO", "EQUESTRIAN": "NO", "FISHING_ACCESS": "NO", "FITNESS_CENTERS": "NO", "GARDEN_ARBORETUM": "NO", "GOLF_COURSE_9_HOLE": "NO", "GOLF_COURSE_18_HOLE": "NO", "GREENWAY_TRAILHEAD": "NO", "MOUNTAIN_BIKING": "NO", "NATURE_TRAILS": "NO", "OUTDOOR_FITNESS_STATION": "NO", "PAVILION": "NO", "PLAYGROUND": "YES", "PRIMITIVE_TRAILS": "NO", "RECREATION_CENTER": "NO", "RUGBY_FIELD": "NO", "RV_PARK": "NO", "SAND_VOLLEYBALL": "NO", "SHUFFLEBOARD": "NO", "SKATE_PARK": "NO", "SOCCER_FIELD": "NO", "SPLASH_PAD": "NO", "STADIUM": "NO", "SWIMMING_POOL": "NO", "TENNIS_CENTER": "NO", "TENNIS_COURTS": "YES", "VELODROME": "NO", "WALKING_LOOP_OUTDOOR": "NO", "WALKING_TRACK_INDOOR": "NO" }, "geometry": { "type": "Polygon", "coordinates": [ [ [ -91.064252887441015, 30.371070450432768 ], [ -91.063731276460842, 30.37081463789772 ], [ -91.063939067908748, 30.370471067452513 ], [ -91.063117863536291, 30.370093627339934 ], [ -91.063088872922989, 30.370079097468576 ], [ -91.063064222187734, 30.370064751474093 ], [ -91.062993602817883, 30.370016165147682 ], [ -91.062953021638066, 30.36997028430055 ], [ -91.062926401851499, 30.369931746237814 ], [ -91.062904567816773, 30.369884380988918 ], [ -91.062891608239752, 30.369835409214964 ], [ -91.062887271967583, 30.369785747840556 ], [ -91.062891434016464, 30.36973620850091 ], [ -91.062897678116698, 30.369711400892204 ], [ -91.062490276826168, 30.36965031436036 ], [ -91.062434041975763, 30.369741373468123 ], [ -91.062335706238827, 30.369900604538632 ], [ -91.062245071641172, 30.37004736535896 ], [ -91.062141718373368, 30.370214716609375 ], [ -91.062034930932469, 30.370387634798803 ], [ -91.061913833701922, 30.370600642602497 ], [ -91.063833591104085, 30.371759365920351 ], [ -91.064252887441015, 30.371070450432768 ] ] ] } },
{ "type": "Feature", "properties": { "ID": 120, "BG_ID": 19, "PARKID": "CDRRG", "FACILITY_NAME": "Cedar Ridge Avenue Park", "CLASSIFICATION": "Neighborhood", "FULL_ADDRESS": "13300 CEDAR RIDGE AVE", "CITY": "BATON ROUGE", "STATE": "LOUISIANA", "ZIP": 70817, "ACREAGE": 19.59, "AIRGUN_RANGE": "NO", "AIRNASIUM": "NO", "ARCHERY_RANGE": "NO", "BALL_MULTI_PURPOSE_FIELD": "NO", "BASKETBALL_INDOOR": "NO", "BASKETBALL_OUTDOOR": "NO", "BIKE_REPAIR_STATION": "NO", "BIRD_WATCHING_WILDLIFE_VIEWING": "NO", "BLUEWAY_TRAILHEAD": "NO", "BMX": "NO", "CANOE_KAYAK_LAUNCH": "NO", "CRICKET_PITCH": "NO", "CROQUET_COURT": "NO", "DISC_GOLF": "NO", "DOG_PARK": "NO", "EQUESTRIAN": "NO", "FISHING_ACCESS": "NO", "FITNESS_CENTERS": "NO", "GARDEN_ARBORETUM": "NO", "GOLF_COURSE_9_HOLE": "NO", "GOLF_COURSE_18_HOLE": "NO", "GREENWAY_TRAILHEAD": "NO", "MOUNTAIN_BIKING": "NO", "NATURE_TRAILS": "NO", "OUTDOOR_FITNESS_STATION": "NO", "PAVILION": "NO", "PLAYGROUND": "YES", "PRIMITIVE_TRAILS": "YES", "RECREATION_CENTER": "YES", "RUGBY_FIELD": "NO", "RV_PARK": "NO", "SAND_VOLLEYBALL": "NO", "SHUFFLEBOARD": "NO", "SKATE_PARK": "NO", "SOCCER_FIELD": "NO", "SPLASH_PAD": "NO", "STADIUM": "NO", "SWIMMING_POOL": "NO", "TENNIS_CENTER": "NO", "TENNIS_COURTS": "NO", "VELODROME": "NO", "WALKING_LOOP_OUTDOOR": "NO", "WALKING_TRACK_INDOOR": "NO" }, "geometry": { "type": "Polygon", "coordinates": [ [ [ -91.034461624853066, 30.401161610620626 ], [ -91.034463216042823, 30.401160232211328 ], [ -91.034543936864551, 30.40109027784354 ], [ -91.035400227073595, 30.400348192854899 ], [ -91.032276199137996, 30.397717029813307 ], [ -91.03168175903582, 30.40075500786751 ], [ -91.031721392443188, 30.400760432379922 ], [ -91.031939376675837, 30.400790130319663 ], [ -91.03205907574177, 30.400804508307672 ], [ -91.032130381033397, 30.400825786998425 ], [ -91.032143856153397, 30.400827715705542 ], [ -91.032167635512678, 30.400831206858431 ], [ -91.0327367603944, 30.400913091647087 ], [ -91.032996750480152, 30.400950637746334 ], [ -91.033255948269982, 30.400988015549725 ], [ -91.033512768350292, 30.401025030222353 ], [ -91.033771174113326, 30.401062213071711 ], [ -91.03410178957327, 30.401109876129372 ], [ -91.034138173739962, 30.40111512116335 ], [ -91.034461624853066, 30.401161610620626 ] ] ] } },
{ "type": "Feature", "properties": { "ID": 121, "BG_ID": 85, "PARKID": "SHRLF", "FACILITY_NAME": "South Harrell's Ferry Nature Reserve", "CLASSIFICATION": "Conservation", "FULL_ADDRESS": "15750 S HARRELL'S FERRY RD", "CITY": "BATON ROUGE", "STATE": "LOUISIANA", "ZIP": 70816, "ACREAGE": 29.289, "AIRGUN_RANGE": "NO", "AIRNASIUM": "NO", "ARCHERY_RANGE": "NO", "BALL_MULTI_PURPOSE_FIELD": "NO", "BASKETBALL_INDOOR": "NO", "BASKETBALL_OUTDOOR": "NO", "BIKE_REPAIR_STATION": "NO", "BIRD_WATCHING_WILDLIFE_VIEWING": "NO", "BLUEWAY_TRAILHEAD": "NO", "BMX": "NO", "CANOE_KAYAK_LAUNCH": "NO", "CRICKET_PITCH": "NO", "CROQUET_COURT": "NO", "DISC_GOLF": "NO", "DOG_PARK": "NO", "EQUESTRIAN": "NO", "FISHING_ACCESS": "NO", "FITNESS_CENTERS": "NO", "GARDEN_ARBORETUM": "NO", "GOLF_COURSE_9_HOLE": "NO", "GOLF_COURSE_18_HOLE": "NO", "GREENWAY_TRAILHEAD": "NO", "MOUNTAIN_BIKING": "NO", "NATURE_TRAILS": "NO", "OUTDOOR_FITNESS_STATION": "NO", "PAVILION": "NO", "PLAYGROUND": "NO", "PRIMITIVE_TRAILS": "NO", "RECREATION_CENTER": "NO", "RUGBY_FIELD": "NO", "RV_PARK": "NO", "SAND_VOLLEYBALL": "NO", "SHUFFLEBOARD": "NO", "SKATE_PARK": "NO", "SOCCER_FIELD": "NO", "SPLASH_PAD": "NO", "STADIUM": "NO", "SWIMMING_POOL": "NO", "TENNIS_CENTER": "NO", "TENNIS_COURTS": "NO", "VELODROME": "NO", "WALKING_LOOP_OUTDOOR": "NO", "WALKING_TRACK_INDOOR": "NO" }, "geometry": { "type": "Polygon", "coordinates": [ [ [ -91.010674122551734, 30.425598783514534 ], [ -91.011398970523487, 30.425712849384265 ], [ -91.012096551435931, 30.425990758828355 ], [ -91.01257667521736, 30.426023713952979 ], [ -91.012539696280967, 30.425832120105667 ], [ -91.012507250931833, 30.425629203410285 ], [ -91.012494104229333, 30.425543709544957 ], [ -91.012536202711004, 30.42534754811037 ], [ -91.012439227157202, 30.425236334375793 ], [ -91.012343765914153, 30.425126875194255 ], [ -91.012124091119446, 30.424920276041146 ], [ -91.012133264035185, 30.42484168589225 ], [ -91.012152729998178, 30.424674809060861 ], [ -91.012148713514222, 30.424576827161459 ], [ -91.012196134782684, 30.424449792168033 ], [ -91.01225317316684, 30.424296966361542 ], [ -91.012046076034963, 30.424086112649899 ], [ -91.012020865129998, 30.424056107482251 ], [ -91.012048194960954, 30.424056313716427 ], [ -91.01204696688869, 30.423540830603287 ], [ -91.012052291731237, 30.423012046712493 ], [ -91.012057684061787, 30.422476541446951 ], [ -91.012063041245511, 30.421944481993037 ], [ -91.012068328999746, 30.421419387316643 ], [ -91.012073843800664, 30.420871711127663 ], [ -91.012080764940649, 30.420184337180736 ], [ -91.01201939465939, 30.419495182417663 ], [ -91.010768524913615, 30.419571128071858 ], [ -91.010565774975788, 30.420157395263299 ], [ -91.010309635735169, 30.420590608632708 ], [ -91.009968901085358, 30.420558347871886 ], [ -91.009987605550393, 30.420691102608536 ], [ -91.010008381419041, 30.420838569155944 ], [ -91.010029660980535, 30.420989601980203 ], [ -91.010052254039621, 30.421149961092596 ], [ -91.010095773889162, 30.4214588506326 ], [ -91.010150494554665, 30.421847239703411 ], [ -91.01015740676057, 30.421896304954547 ], [ -91.010214953272055, 30.422304741652418 ], [ -91.010237762619553, 30.422466632044795 ], [ -91.010293427559745, 30.422861710431263 ], [ -91.010320332288089, 30.423052668854215 ], [ -91.01034486855734, 30.423226812867082 ], [ -91.01036848922385, 30.423394457791595 ], [ -91.010393461136019, 30.423571688885612 ], [ -91.01045172890619, 30.423985235568715 ], [ -91.010498342254905, 30.424316062936093 ], [ -91.010670074555037, 30.425569242898561 ], [ -91.010674122551734, 30.425598783514534 ] ] ] } },
{ "type": "Feature", "properties": { "ID": 122, "BG_ID": 117, "PARKID": "KNDLW", "FACILITY_NAME": "Kendalwood Road Conservation Area", "CLASSIFICATION": "Conservation", "FULL_ADDRESS": "24700 KENDALWOOD RD", "CITY": "BATON ROUGE", "STATE": "LOUISIANA", "ZIP": 70817, "ACREAGE": 85.116, "AIRGUN_RANGE": "NO", "AIRNASIUM": "NO", "ARCHERY_RANGE": "NO", "BALL_MULTI_PURPOSE_FIELD": "NO", "BASKETBALL_INDOOR": "NO", "BASKETBALL_OUTDOOR": "NO", "BIKE_REPAIR_STATION": "NO", "BIRD_WATCHING_WILDLIFE_VIEWING": "YES", "BLUEWAY_TRAILHEAD": "NO", "BMX": "NO", "CANOE_KAYAK_LAUNCH": "NO", "CRICKET_PITCH": "NO", "CROQUET_COURT": "NO", "DISC_GOLF": "NO", "DOG_PARK": "NO", "EQUESTRIAN": "NO", "FISHING_ACCESS": "NO", "FITNESS_CENTERS": "NO", "GARDEN_ARBORETUM": "NO", "GOLF_COURSE_9_HOLE": "NO", "GOLF_COURSE_18_HOLE": "NO", "GREENWAY_TRAILHEAD": "NO", "MOUNTAIN_BIKING": "NO", "NATURE_TRAILS": "NO", "OUTDOOR_FITNESS_STATION": "NO", "PAVILION": "NO", "PLAYGROUND": "YES", "PRIMITIVE_TRAILS": "YES", "RECREATION_CENTER": "NO", "RUGBY_FIELD": "NO", "RV_PARK": "NO", "SAND_VOLLEYBALL": "NO", "SHUFFLEBOARD": "NO", "SKATE_PARK": "NO", "SOCCER_FIELD": "NO", "SPLASH_PAD": "NO", "STADIUM": "NO", "SWIMMING_POOL": "NO", "TENNIS_CENTER": "NO", "TENNIS_COURTS": "NO", "VELODROME": "NO", "WALKING_LOOP_OUTDOOR": "NO", "WALKING_TRACK_INDOOR": "NO" }, "geometry": { "type": "Polygon", "coordinates": [ [ [ -90.915902400338183, 30.340583500233038 ], [ -90.914547371983915, 30.340669665481776 ], [ -90.913528099334542, 30.340916263687337 ], [ -90.913175387370813, 30.341001595271173 ], [ -90.912944012161091, 30.341027408325498 ], [ -90.912742038053239, 30.341016639274677 ], [ -90.912576838492484, 30.340996740409423 ], [ -90.912360737768793, 30.340924985503854 ], [ -90.910826269943087, 30.349872233261564 ], [ -90.911237793545766, 30.350004782856605 ], [ -90.911515716144564, 30.350091923756402 ], [ -90.911952516273587, 30.350224224342558 ], [ -90.912123335261043, 30.350268697200114 ], [ -90.912191474501753, 30.350284700407972 ], [ -90.912306560287462, 30.350309250015925 ], [ -90.912381268429513, 30.350323225369799 ], [ -90.912594285878754, 30.350358103719323 ], [ -90.912944339505941, 30.350409519551135 ], [ -90.913291526876293, 30.350461906835342 ], [ -90.91353662940395, 30.35050027849206 ], [ -90.914184087530757, 30.350604768488544 ], [ -90.915902400338183, 30.340583500233038 ] ] ] } },
{ "type": "Feature", "properties": { "ID": 123, "BG_ID": 137, "PARKID": "LMWLE", "FACILITY_NAME": "Leo and Murlin Willie Park", "CLASSIFICATION": "Neighborhood", "FULL_ADDRESS": "4101 STUMBERG LN", "CITY": "BATON ROUGE", "STATE": "LOUISIANA", "ZIP": 70817, "ACREAGE": 2.539, "AIRGUN_RANGE": "NO", "AIRNASIUM": "NO", "ARCHERY_RANGE": "NO", "BALL_MULTI_PURPOSE_FIELD": "NO", "BASKETBALL_INDOOR": "NO", "BASKETBALL_OUTDOOR": "NO", "BIKE_REPAIR_STATION": "NO", "BIRD_WATCHING_WILDLIFE_VIEWING": "NO", "BLUEWAY_TRAILHEAD": "NO", "BMX": "NO", "CANOE_KAYAK_LAUNCH": "NO", "CRICKET_PITCH": "NO", "CROQUET_COURT": "NO", "DISC_GOLF": "NO", "DOG_PARK": "NO", "EQUESTRIAN": "NO", "FISHING_ACCESS": "NO", "FITNESS_CENTERS": "NO", "GARDEN_ARBORETUM": "NO", "GOLF_COURSE_9_HOLE": "NO", "GOLF_COURSE_18_HOLE": "NO", "GREENWAY_TRAILHEAD": "NO", "MOUNTAIN_BIKING": "NO", "NATURE_TRAILS": "NO", "OUTDOOR_FITNESS_STATION": "YES", "PAVILION": "NO", "PLAYGROUND": "NO", "PRIMITIVE_TRAILS": "NO", "RECREATION_CENTER": "NO", "RUGBY_FIELD": "NO", "RV_PARK": "NO", "SAND_VOLLEYBALL": "NO", "SHUFFLEBOARD": "NO", "SKATE_PARK": "NO", "SOCCER_FIELD": "NO", "SPLASH_PAD": "NO", "STADIUM": "NO", "SWIMMING_POOL": "NO", "TENNIS_CENTER": "NO", "TENNIS_COURTS": "NO", "VELODROME": "NO", "WALKING_LOOP_OUTDOOR": "NO", "WALKING_TRACK_INDOOR": "NO" }, "geometry": { "type": "Polygon", "coordinates": [ [ [ -91.034149238018273, 30.413764732248655 ], [ -91.033513175030606, 30.413763291336217 ], [ -91.033521874683757, 30.413771394693679 ], [ -91.033729100820935, 30.413959165408876 ], [ -91.033870677693315, 30.414088028573719 ], [ -91.034011464900189, 30.414215872236234 ], [ -91.034220272881811, 30.414405707912859 ], [ -91.034624447175872, 30.414772478659899 ], [ -91.035264570366749, 30.4147521640576 ], [ -91.035309581081236, 30.414751403128651 ], [ -91.035314350206974, 30.413767362809988 ], [ -91.034149238018273, 30.413764732248655 ] ] ] } },
{ "type": "Feature", "properties": { "ID": 124, "BG_ID": 42, "PARKID": "ANTOC", "FACILITY_NAME": "Antioch Boulevard Park", "CLASSIFICATION": "Neighborhood", "FULL_ADDRESS": "6229 ANTIOCH BLVD", "CITY": "BATON ROUGE", "STATE": "LOUISIANA", "ZIP": 70817, "ACREAGE": 30.37, "AIRGUN_RANGE": "NO", "AIRNASIUM": "NO", "ARCHERY_RANGE": "NO", "BALL_MULTI_PURPOSE_FIELD": "NO", "BASKETBALL_INDOOR": "YES", "BASKETBALL_OUTDOOR": "YES", "BIKE_REPAIR_STATION": "NO", "BIRD_WATCHING_WILDLIFE_VIEWING": "NO", "BLUEWAY_TRAILHEAD": "NO", "BMX": "NO", "CANOE_KAYAK_LAUNCH": "NO", "CRICKET_PITCH": "NO", "CROQUET_COURT": "NO", "DISC_GOLF": "NO", "DOG_PARK": "NO", "EQUESTRIAN": "NO", "FISHING_ACCESS": "NO", "FITNESS_CENTERS": "NO", "GARDEN_ARBORETUM": "NO", "GOLF_COURSE_9_HOLE": "NO", "GOLF_COURSE_18_HOLE": "NO", "GREENWAY_TRAILHEAD": "NO", "MOUNTAIN_BIKING": "NO", "NATURE_TRAILS": "NO", "OUTDOOR_FITNESS_STATION": "NO", "PAVILION": "YES", "PLAYGROUND": "YES", "PRIMITIVE_TRAILS": "NO", "RECREATION_CENTER": "YES", "RUGBY_FIELD": "NO", "RV_PARK": "NO", "SAND_VOLLEYBALL": "NO", "SHUFFLEBOARD": "NO", "SKATE_PARK": "NO", "SOCCER_FIELD": "NO", "SPLASH_PAD": "NO", "STADIUM": "NO", "SWIMMING_POOL": "NO", "TENNIS_CENTER": "NO", "TENNIS_COURTS": "YES", "VELODROME": "NO", "WALKING_LOOP_OUTDOOR": "YES", "WALKING_TRACK_INDOOR": "NO" }, "geometry": { "type": "Polygon", "coordinates": [ [ [ -90.999888654406647, 30.393594384414897 ], [ -90.999684891243348, 30.393594447581947 ], [ -90.999491481071473, 30.393594506813933 ], [ -90.999301262438209, 30.393594564807213 ], [ -90.999110892915269, 30.39359462304731 ], [ -90.998921860570348, 30.393594680787906 ], [ -90.998731370337808, 30.393594738176034 ], [ -90.998539441985912, 30.393594796157618 ], [ -90.998350405480991, 30.39359485216826 ], [ -90.998160649914723, 30.393594908791606 ], [ -90.997987885366953, 30.393594959536692 ], [ -90.997397099974151, 30.393595132781201 ], [ -90.997202665840788, 30.393595189670169 ], [ -90.996322870823107, 30.393595441966085 ], [ -90.995202101600242, 30.393595754179934 ], [ -90.994618263285233, 30.393595912929484 ], [ -90.993919462964357, 30.393596099609717 ], [ -90.99295682631643, 30.393596351301571 ], [ -90.992963546928721, 30.393606564997945 ], [ -90.993428960196269, 30.394314406781749 ], [ -90.993760266061301, 30.394821018263276 ], [ -90.993964747281808, 30.395082424042069 ], [ -90.994136876480468, 30.395065323703765 ], [ -90.994357389954686, 30.395044056861742 ], [ -90.994593766836346, 30.395021484378528 ], [ -90.994830143143304, 30.394999048589767 ], [ -90.995050652761464, 30.394978826110492 ], [ -90.995200567433713, 30.394965103616581 ], [ -90.995271955234927, 30.394958605291219 ], [ -90.995506741796575, 30.394937208853854 ], [ -90.99572725702626, 30.394915253237087 ], [ -90.995947772719163, 30.394893132170214 ], [ -90.996168281874645, 30.394872907825896 ], [ -90.996373721547201, 30.394853662263742 ], [ -90.996610095841831, 30.394831580517817 ], [ -90.996851228908156, 30.394809152331192 ], [ -90.997103474055493, 30.394783508937174 ], [ -90.997191514072625, 30.39477685888356 ], [ -90.997234345546403, 30.394773269205 ], [ -90.997277177017082, 30.394769679512564 ], [ -90.997545280268071, 30.394744239772937 ], [ -90.997781655154142, 30.394721826669286 ], [ -90.998020409971701, 30.394699061048371 ], [ -90.998257578237144, 30.394676456058122 ], [ -90.998348003311335, 30.394667913271281 ], [ -90.998478089315014, 30.394655375386343 ], [ -90.998730328467929, 30.394631267848659 ], [ -90.998954805259658, 30.394609839190668 ], [ -90.99922528360888, 30.394585254533084 ], [ -90.99960363602824, 30.394550794950604 ], [ -90.999805899645608, 30.394532416482388 ], [ -90.999842361676144, 30.394536467776582 ], [ -91.000034975043576, 30.394558262890758 ], [ -91.000286244921924, 30.394586557181796 ], [ -91.000538307885932, 30.394614852991413 ], [ -91.000811772347518, 30.394645621579446 ], [ -91.001078895733997, 30.394675686265629 ], [ -91.001346812318772, 30.394705724438566 ], [ -91.001356517113521, 30.394649053012539 ], [ -91.001404235037199, 30.394369567433497 ], [ -91.001442241574779, 30.394148678313375 ], [ -91.001490766282771, 30.393864905226774 ], [ -91.001535246327066, 30.393604987793779 ], [ -91.002032896605286, 30.393666253372022 ], [ -91.002051490520756, 30.393557555941147 ], [ -91.002063343067761, 30.393488264999299 ], [ -91.001595906010536, 30.393255777287425 ], [ -91.00162175961907, 30.393105303119562 ], [ -91.001669275163778, 30.392831444097464 ], [ -91.001719952985525, 30.392540076973912 ], [ -91.001732139176269, 30.392473740341732 ], [ -91.001529088074321, 30.392448237317993 ], [ -91.001313281641629, 30.39242113229562 ], [ -91.00099639648198, 30.392382165549545 ], [ -91.000714894233823, 30.392353627812611 ], [ -91.000094798264684, 30.392275740497734 ], [ -90.999951855232808, 30.393196669047281 ], [ -90.999888654406647, 30.393594384414897 ] ] ] } },
{ "type": "Feature", "properties": { "ID": 125, "BG_ID": 159, "PARKID": "JNCRK", "FACILITY_NAME": "Jones Creek Nature Reserve", "CLASSIFICATION": "Conservation", "FULL_ADDRESS": "12300 OLD HAMMOND HWY", "CITY": "BATON ROUGE", "STATE": "LOUISIANA", "ZIP": 70816, "ACREAGE": 11.69, "AIRGUN_RANGE": "NO", "AIRNASIUM": "NO", "ARCHERY_RANGE": "NO", "BALL_MULTI_PURPOSE_FIELD": "NO", "BASKETBALL_INDOOR": "NO", "BASKETBALL_OUTDOOR": "NO", "BIKE_REPAIR_STATION": "NO", "BIRD_WATCHING_WILDLIFE_VIEWING": "NO", "BLUEWAY_TRAILHEAD": "NO", "BMX": "NO", "CANOE_KAYAK_LAUNCH": "NO", "CRICKET_PITCH": "NO", "CROQUET_COURT": "NO", "DISC_GOLF": "NO", "DOG_PARK": "NO", "EQUESTRIAN": "NO", "FISHING_ACCESS": "NO", "FITNESS_CENTERS": "NO", "GARDEN_ARBORETUM": "NO", "GOLF_COURSE_9_HOLE": "NO", "GOLF_COURSE_18_HOLE": "NO", "GREENWAY_TRAILHEAD": "NO", "MOUNTAIN_BIKING": "NO", "NATURE_TRAILS": "NO", "OUTDOOR_FITNESS_STATION": "NO", "PAVILION": "NO", "PLAYGROUND": "YES", "PRIMITIVE_TRAILS": "NO", "RECREATION_CENTER": "NO", "RUGBY_FIELD": "NO", "RV_PARK": "NO", "SAND_VOLLEYBALL": "NO", "SHUFFLEBOARD": "NO", "SKATE_PARK": "NO", "SOCCER_FIELD": "NO", "SPLASH_PAD": "NO", "STADIUM": "NO", "SWIMMING_POOL": "NO", "TENNIS_CENTER": "NO", "TENNIS_COURTS": "NO", "VELODROME": "NO", "WALKING_LOOP_OUTDOOR": "NO", "WALKING_TRACK_INDOOR": "NO" }, "geometry": { "type": "Polygon", "coordinates": [ [ [ -91.042252148823792, 30.435482882407427 ], [ -91.04223599324105, 30.43558183075497 ], [ -91.042194817483377, 30.435826944660462 ], [ -91.042154439711908, 30.436070384221097 ], [ -91.042106795806575, 30.436356920155934 ], [ -91.042045429464125, 30.436724015306922 ], [ -91.041975992202552, 30.437137999170353 ], [ -91.041925929565934, 30.437437425816572 ], [ -91.041882321887073, 30.437699746799893 ], [ -91.041835486900013, 30.437980427060239 ], [ -91.041791076327101, 30.43824585388213 ], [ -91.041746657524286, 30.438514002237447 ], [ -91.041705479827499, 30.438758950704887 ], [ -91.041664302327675, 30.439003762928554 ], [ -91.041623124221942, 30.439248712238079 ], [ -91.041581945833585, 30.439493688579855 ], [ -91.041540767806623, 30.439738472749145 ], [ -91.041531075480592, 30.439797208555913 ], [ -91.04154717126751, 30.439989025159591 ], [ -91.04157015333908, 30.440267138489137 ], [ -91.041587008250389, 30.440470642320687 ], [ -91.041467254408403, 30.440458170188695 ], [ -91.040986654184252, 30.440407780925803 ], [ -91.041123426041423, 30.440837536076515 ], [ -91.041079118282099, 30.441598197142277 ], [ -91.042276931316479, 30.441217638498763 ], [ -91.042202138181651, 30.439823433518082 ], [ -91.04273091317225, 30.435881575940648 ], [ -91.042252148823792, 30.435482882407427 ] ] ] } },
{ "type": "Feature", "properties": { "ID": 126, "BG_ID": 119, "PARKID": "PNHRS", "FACILITY_NAME": "Pinehurst Park", "CLASSIFICATION": "Neighborhood", "FULL_ADDRESS": "13888 PINEHURST AVE", "CITY": "BATON ROUGE", "STATE": "LOUISIANA", "ZIP": 70817, "ACREAGE": 5.0, "AIRGUN_RANGE": "NO", "AIRNASIUM": "NO", "ARCHERY_RANGE": "NO", "BALL_MULTI_PURPOSE_FIELD": "NO", "BASKETBALL_INDOOR": "NO", "BASKETBALL_OUTDOOR": "NO", "BIKE_REPAIR_STATION": "NO", "BIRD_WATCHING_WILDLIFE_VIEWING": "NO", "BLUEWAY_TRAILHEAD": "NO", "BMX": "NO", "CANOE_KAYAK_LAUNCH": "NO", "CRICKET_PITCH": "NO", "CROQUET_COURT": "NO", "DISC_GOLF": "NO", "DOG_PARK": "NO", "EQUESTRIAN": "NO", "FISHING_ACCESS": "NO", "FITNESS_CENTERS": "NO", "GARDEN_ARBORETUM": "NO", "GOLF_COURSE_9_HOLE": "NO", "GOLF_COURSE_18_HOLE": "NO", "GREENWAY_TRAILHEAD": "NO", "MOUNTAIN_BIKING": "NO", "NATURE_TRAILS": "NO", "OUTDOOR_FITNESS_STATION": "NO", "PAVILION": "NO", "PLAYGROUND": "YES", "PRIMITIVE_TRAILS": "NO", "RECREATION_CENTER": "NO", "RUGBY_FIELD": "NO", "RV_PARK": "NO", "SAND_VOLLEYBALL": "NO", "SHUFFLEBOARD": "NO", "SKATE_PARK": "NO", "SOCCER_FIELD": "NO", "SPLASH_PAD": "NO", "STADIUM": "NO", "SWIMMING_POOL": "NO", "TENNIS_CENTER": "NO", "TENNIS_COURTS": "NO", "VELODROME": "NO", "WALKING_LOOP_OUTDOOR": "NO", "WALKING_TRACK_INDOOR": "NO" }, "geometry": { "type": "Polygon", "coordinates": [ [ [ -91.03328417845222, 30.381370505763908 ], [ -91.031893939321279, 30.380611156649689 ], [ -91.031636890377897, 30.380470753909758 ], [ -91.031273601132938, 30.381604812332316 ], [ -91.032823139846329, 30.382430473397601 ], [ -91.03328417845222, 30.381370505763908 ] ] ] } },
{ "type": "Feature", "properties": { "ID": 127, "BG_ID": 165, "PARKID": "WDLNA", "FACILITY_NAME": "Woodlawn Acres Park", "CLASSIFICATION": "Neighborhood", "FULL_ADDRESS": "16600 WOODLAWN ACRES AVE", "CITY": "BATON ROUGE", "STATE": "LOUISIANA", "ZIP": 70817, "ACREAGE": 28.7, "AIRGUN_RANGE": "NO", "AIRNASIUM": "NO", "ARCHERY_RANGE": "NO", "BALL_MULTI_PURPOSE_FIELD": "YES", "BASKETBALL_INDOOR": "NO", "BASKETBALL_OUTDOOR": "NO", "BIKE_REPAIR_STATION": "NO", "BIRD_WATCHING_WILDLIFE_VIEWING": "NO", "BLUEWAY_TRAILHEAD": "NO", "BMX": "NO", "CANOE_KAYAK_LAUNCH": "NO", "CRICKET_PITCH": "YES", "CROQUET_COURT": "NO", "DISC_GOLF": "NO", "DOG_PARK": "NO", "EQUESTRIAN": "NO", "FISHING_ACCESS": "NO", "FITNESS_CENTERS": "NO", "GARDEN_ARBORETUM": "NO", "GOLF_COURSE_9_HOLE": "NO", "GOLF_COURSE_18_HOLE": "NO", "GREENWAY_TRAILHEAD": "NO", "MOUNTAIN_BIKING": "NO", "NATURE_TRAILS": "NO", "OUTDOOR_FITNESS_STATION": "NO", "PAVILION": "YES", "PLAYGROUND": "YES", "PRIMITIVE_TRAILS": "NO", "RECREATION_CENTER": "NO", "RUGBY_FIELD": "NO", "RV_PARK": "NO", "SAND_VOLLEYBALL": "NO", "SHUFFLEBOARD": "NO", "SKATE_PARK": "NO", "SOCCER_FIELD": "NO", "SPLASH_PAD": "NO", "STADIUM": "NO", "SWIMMING_POOL": "NO", "TENNIS_CENTER": "NO", "TENNIS_COURTS": "NO", "VELODROME": "NO", "WALKING_LOOP_OUTDOOR": "NO", "WALKING_TRACK_INDOOR": "NO" }, "geometry": { "type": "Polygon", "coordinates": [ [ [ -90.998091365094979, 30.382146543598019 ], [ -90.998084059113538, 30.382157553221848 ], [ -90.998080075833627, 30.382162884443879 ], [ -90.998075879672697, 30.382168091538269 ], [ -90.998071474816953, 30.382173167298827 ], [ -90.99806686753054, 30.382178105426771 ], [ -90.998062063034155, 30.382182900522718 ], [ -90.998057066551397, 30.382187546285135 ], [ -90.998051886424363, 30.382192037322646 ], [ -90.998046525795857, 30.382196367328469 ], [ -90.99804099404534, 30.382200531815887 ], [ -90.998035297433987, 30.382204525388243 ], [ -90.998029442222858, 30.382208342648745 ], [ -90.99802343570758, 30.382211980007476 ], [ -90.998017285189704, 30.382215432070357 ], [ -90.998010999008315, 30.382218694348023 ], [ -90.998004585499444, 30.382221763253312 ], [ -90.99799804987768, 30.38222463519093 ], [ -90.997991403603535, 30.382227305679422 ], [ -90.997984651885474, 30.382229772927904 ], [ -90.997977805140479, 30.382232033354306 ], [ -90.997970871704609, 30.382234083371468 ], [ -90.997963858867337, 30.382235921193537 ], [ -90.997956776002169, 30.382237544138146 ], [ -90.997949631439027, 30.382238950422039 ], [ -90.997942434548293, 30.382240138264962 ], [ -90.997935193656886, 30.382241106785862 ], [ -90.997927918135346, 30.382241854204281 ], [ -90.997920617353984, 30.3822423787399 ], [ -90.997913299633652, 30.382242681315862 ], [ -90.9979059733013, 30.382242761051156 ], [ -90.997898648764775, 30.38224261707018 ], [ -90.997891335382306, 30.382242251200811 ], [ -90.997884040443438, 30.382241661657435 ], [ -90.997876774343766, 30.382240851172686 ], [ -90.997869545407269, 30.382239819767676 ], [ -90.997862361951618, 30.382238569267763 ], [ -90.997855234378548, 30.382237100601468 ], [ -90.997848171006027, 30.382235415594067 ], [ -90.997841180151582, 30.382233516070841 ], [ -90.997834270127044, 30.38223140566144 ], [ -90.997827449250167, 30.38222908619105 ], [ -90.997820727919617, 30.382226559490348 ], [ -90.99781411235999, 30.382223830987705 ], [ -90.997807610892139, 30.382220901606381 ], [ -90.997801232862059, 30.382217776782689 ], [ -90.997794985541006, 30.382214460143519 ], [ -90.997788875162641, 30.382210954411057 ], [ -90.997782912113507, 30.382207265024228 ], [ -90.997777100540318, 30.382203396503996 ], [ -90.997771450832573, 30.382199353387403 ], [ -90.997765967133944, 30.382195141097544 ], [ -90.997760658793467, 30.382190764168556 ], [ -90.997755529954787, 30.382186228023709 ], [ -90.997750587879878, 30.382181538996086 ], [ -90.997745839836924, 30.382176701614711 ], [ -90.997741289960288, 30.382171724008895 ], [ -90.997736944480707, 30.382166609802923 ], [ -90.997732808576117, 30.382161366226832 ], [ -90.997728887424529, 30.382156000510417 ], [ -90.99772518724744, 30.382150518984307 ], [ -90.9977217101045, 30.382144927968369 ], [ -90.997718462214124, 30.382139234695284 ], [ -90.99771544667631, 30.382133445487565 ], [ -90.997712668666068, 30.38212756847728 ], [ -90.997710129202503, 30.382121609981709 ], [ -90.997707832416936, 30.38211557903238 ], [ -90.997705782453011, 30.382109481052318 ], [ -90.997703979283287, 30.382103324160454 ], [ -90.997702428082562, 30.382097116488797 ], [ -90.997701128826492, 30.382090865254114 ], [ -90.997700082528084, 30.382084578577828 ], [ -90.997699292284281, 30.382078263684594 ], [ -90.997698759108133, 30.382071928695915 ], [ -90.99769848193165, 30.382065581727971 ], [ -90.997699965065905, 30.382037423778218 ], [ -90.997702061253861, 30.382024603062543 ], [ -90.997703497782084, 30.382018247817008 ], [ -90.997705191145954, 30.382011941034861 ], [ -90.99770713819953, 30.382005689924981 ], [ -90.99770933787795, 30.38199950170138 ], [ -90.997711787035342, 30.381993383572894 ], [ -90.997714481479321, 30.381987344549742 ], [ -90.997717420148007, 30.381981390943974 ], [ -90.997720596771089, 30.3819755308586 ], [ -90.99772401028676, 30.381969770605505 ], [ -90.997727654424736, 30.381964118287669 ], [ -90.997731525001711, 30.381958580209162 ], [ -90.997735617831381, 30.381953163576046 ], [ -90.997739927690048, 30.381947874689857 ], [ -90.997744448310485, 30.381942720751375 ], [ -90.997749176552944, 30.381937707165196 ], [ -90.997754104069244, 30.381932841126893 ], [ -90.997759224598298, 30.381928128033135 ], [ -90.997764533959909, 30.381923573285942 ], [ -90.997770024849345, 30.381919183181317 ], [ -90.997775689965124, 30.381914963113402 ], [ -90.997781522005596, 30.381910918476191 ], [ -90.997787514712698, 30.381907053764188 ], [ -90.997793660787906, 30.381903373469509 ], [ -90.99779995188922, 30.381899882983447 ], [ -90.99780637968054, 30.381896585893191 ], [ -90.997812937903959, 30.381893486693329 ], [ -90.997819617183012, 30.381890588968492 ], [ -90.997826410219147, 30.381887897210575 ], [ -90.997833307642082, 30.38188541320002 ], [ -90.997840302153335, 30.381883141428727 ], [ -90.997847383345075, 30.381881082772409 ], [ -90.997854543915778, 30.381879242625075 ], [ -90.997861774504315, 30.381877620060848 ], [ -90.997869066771727, 30.381876219569051 ], [ -90.997876411350674, 30.381875042028074 ], [ -90.99788379887093, 30.38187408921819 ], [ -90.997891219968182, 30.381873361115733 ], [ -90.997898667353198, 30.381872859506331 ], [ -90.99790612853721, 30.381872585260389 ], [ -90.997913597274433, 30.381872539264194 ], [ -90.997921063166245, 30.381872719687099 ], [ -90.99792851788591, 30.381873127410127 ], [ -90.997935951031735, 30.381873761504732 ], [ -90.997943353239549, 30.381874621947212 ], [ -90.997950716188598, 30.381875707814341 ], [ -90.997958031564366, 30.381877016378692 ], [ -90.997965287921673, 30.381878547611283 ], [ -90.998003447966369, 30.381714447133341 ], [ -90.997721868351618, 30.381717391323615 ], [ -90.997561693809487, 30.381720110263483 ], [ -90.996906232569813, 30.381732402490851 ], [ -90.996144537383145, 30.381065546886791 ], [ -90.996140507499305, 30.381746759264228 ], [ -90.996091405116303, 30.381747679513197 ], [ -90.996093990135478, 30.382428010153756 ], [ -90.996095931590375, 30.382867586084373 ], [ -90.996097709539683, 30.383307516972462 ], [ -90.996098986657984, 30.383623414328174 ], [ -90.996306697262327, 30.38423970829006 ], [ -90.996697769050385, 30.385400021762464 ], [ -90.99702962504557, 30.385404306274509 ], [ -90.997162154756154, 30.385387758859668 ], [ -90.997690510082748, 30.385288435653106 ], [ -90.998066687981776, 30.385224791180711 ], [ -90.99843848764732, 30.385178210355217 ], [ -90.998489496820511, 30.385174840355344 ], [ -90.998835839152605, 30.385151956978266 ], [ -90.999274048046559, 30.385127355484265 ], [ -90.999599758051772, 30.385171869618357 ], [ -91.000482929920466, 30.385334929916485 ], [ -91.000601073898537, 30.385396948019249 ], [ -91.001508739500721, 30.38597669601177 ], [ -91.001713977696511, 30.385996703640938 ], [ -91.002156407858607, 30.386039834471909 ], [ -91.002369314060317, 30.385986723635455 ], [ -91.002796485831681, 30.385880162437587 ], [ -91.002941773240181, 30.385885775001675 ], [ -91.003178455855178, 30.38457804862669 ], [ -91.00360983539457, 30.384646229850873 ], [ -91.003752262687399, 30.384419770606399 ], [ -91.003557355559025, 30.384327632185485 ], [ -91.003362447760594, 30.384235490765949 ], [ -91.003190700969128, 30.384154300647161 ], [ -91.003098463546564, 30.384110695538872 ], [ -91.002930005331919, 30.384123943114343 ], [ -91.002700760427558, 30.384141967489423 ], [ -91.002504604909745, 30.384157391456746 ], [ -91.002304797236093, 30.384173102776174 ], [ -91.002102753905504, 30.384188989512634 ], [ -91.001900976949983, 30.384204854957893 ], [ -91.001768875982393, 30.384215241457074 ], [ -91.001705599574635, 30.384216509823318 ], [ -91.001642323165214, 30.384217778159304 ], [ -91.001461013377025, 30.384212304649015 ], [ -91.001427090897806, 30.384210399934553 ], [ -91.001374610298939, 30.384207454489697 ], [ -91.001235258717159, 30.384201745955082 ], [ -91.001029535049639, 30.384193318379861 ], [ -91.000918745664151, 30.384188777369612 ], [ -91.000807956285726, 30.384184237168515 ], [ -91.000633552837186, 30.384177092072836 ], [ -91.000548827663124, 30.384173323604337 ], [ -91.000313273427153, 30.384162845108225 ], [ -90.999627950312558, 30.384129369917474 ], [ -90.999644480163042, 30.383756285810183 ], [ -90.99965178680786, 30.383591408820358 ], [ -90.999685808432204, 30.382823568162774 ], [ -90.999696502710762, 30.382582183688022 ], [ -90.999440354718629, 30.382571110375139 ], [ -90.999162485550343, 30.382559101199409 ], [ -90.99893879413608, 30.382549431449853 ], [ -90.99870532359266, 30.382539337834977 ], [ -90.998492752431687, 30.38253014924025 ], [ -90.998453623251237, 30.382528458800039 ], [ -90.998351233236491, 30.382524031632663 ], [ -90.998248843227842, 30.382519605288085 ], [ -90.998260158266135, 30.382322866432101 ], [ -90.998270052915785, 30.382150832445447 ], [ -90.998091365094979, 30.382146543598019 ] ] ] } },
{ "type": "Feature", "properties": { "ID": 128, "BG_ID": 86, "PARKID": "FREST", "FACILITY_NAME": "Forest Community Park", "CLASSIFICATION": "Community", "FULL_ADDRESS": "13900 S HARRELL'S FERRY RD", "CITY": "BATON ROUGE", "STATE": "LOUISIANA", "ZIP": 70816, "ACREAGE": 115.62, "AIRGUN_RANGE": "NO", "AIRNASIUM": "NO", "ARCHERY_RANGE": "NO", "BALL_MULTI_PURPOSE_FIELD": "NO", "BASKETBALL_INDOOR": "YES", "BASKETBALL_OUTDOOR": "NO", "BIKE_REPAIR_STATION": "NO", "BIRD_WATCHING_WILDLIFE_VIEWING": "YES", "BLUEWAY_TRAILHEAD": "NO", "BMX": "NO", "CANOE_KAYAK_LAUNCH": "NO", "CRICKET_PITCH": "NO", "CROQUET_COURT": "NO", "DISC_GOLF": "NO", "DOG_PARK": "YES", "EQUESTRIAN": "NO", "FISHING_ACCESS": "YES", "FITNESS_CENTERS": "NO", "GARDEN_ARBORETUM": "NO", "GOLF_COURSE_9_HOLE": "NO", "GOLF_COURSE_18_HOLE": "NO", "GREENWAY_TRAILHEAD": "NO", "MOUNTAIN_BIKING": "NO", "NATURE_TRAILS": "YES", "OUTDOOR_FITNESS_STATION": "NO", "PAVILION": "YES", "PLAYGROUND": "YES", "PRIMITIVE_TRAILS": "YES", "RECREATION_CENTER": "YES", "RUGBY_FIELD": "NO", "RV_PARK": "NO", "SAND_VOLLEYBALL": "NO", "SHUFFLEBOARD": "NO", "SKATE_PARK": "NO", "SOCCER_FIELD": "NO", "SPLASH_PAD": "YES", "STADIUM": "NO", "SWIMMING_POOL": "NO", "TENNIS_CENTER": "YES", "TENNIS_COURTS": "YES", "VELODROME": "NO", "WALKING_LOOP_OUTDOOR": "YES", "WALKING_TRACK_INDOOR": "NO" }, "geometry": { "type": "Polygon", "coordinates": [ [ [ -91.025287344625056, 30.429869343733003 ], [ -91.025660503671574, 30.429879613156004 ], [ -91.026516724228031, 30.427690639555138 ], [ -91.027151412125221, 30.427905676131367 ], [ -91.027993383458877, 30.42819506032253 ], [ -91.028705981751031, 30.428439974982876 ], [ -91.027726689098969, 30.430199361586716 ], [ -91.02805606976716, 30.430281433745911 ], [ -91.028192458295862, 30.430247472890034 ], [ -91.029210182676096, 30.43052924401858 ], [ -91.031056919019107, 30.430992249520365 ], [ -91.031044354111131, 30.424034248107329 ], [ -91.030890039021543, 30.424035031852775 ], [ -91.030614008898851, 30.42403577496458 ], [ -91.03035146279754, 30.424036548398632 ], [ -91.030064328175015, 30.424037264917189 ], [ -91.029639971657218, 30.424038353100336 ], [ -91.029174369369812, 30.424039510130818 ], [ -91.028878509266406, 30.424040369084477 ], [ -91.028558060643334, 30.424041169799843 ], [ -91.027949683587252, 30.424042873782273 ], [ -91.0272841971898, 30.424044606970536 ], [ -91.026725791409604, 30.424046062848916 ], [ -91.026410101815941, 30.424046870296173 ], [ -91.026057132344036, 30.424047754539725 ], [ -91.025693851462592, 30.424048642717068 ], [ -91.02553521322433, 30.424049125997033 ], [ -91.025059298928696, 30.42405043667662 ], [ -91.024742022951656, 30.424051236442825 ], [ -91.023993310100749, 30.424049052124975 ], [ -91.022843670231268, 30.424041785737138 ], [ -91.021878855311982, 30.42403534626942 ], [ -91.021378191054325, 30.424031986555221 ], [ -91.020964158142263, 30.424029139952495 ], [ -91.019163818293038, 30.424029244225856 ], [ -91.019144531539879, 30.425890236525738 ], [ -91.019451218935401, 30.425892675262592 ], [ -91.019590024946666, 30.425893857164116 ], [ -91.019674101191981, 30.42589474402229 ], [ -91.019715346079835, 30.425895199081253 ], [ -91.019793080084682, 30.425895026203868 ], [ -91.019823228435939, 30.425892870436087 ], [ -91.019862885896245, 30.425893651849133 ], [ -91.019897786371132, 30.425893734583642 ], [ -91.020112739922595, 30.425894766254686 ], [ -91.02034038516635, 30.425895635474809 ], [ -91.020568823521472, 30.425896533241698 ], [ -91.020787743654026, 30.425897381053161 ], [ -91.021011422342028, 30.425898431886736 ], [ -91.02123430844874, 30.4258992874244 ], [ -91.021457987661393, 30.42590017332385 ], [ -91.021613452396153, 30.425900869181682 ], [ -91.021676907206512, 30.425901211806377 ], [ -91.021900584877073, 30.42590259129727 ], [ -91.022124263071177, 30.425903805329046 ], [ -91.022343181597279, 30.425905172869921 ], [ -91.022502611705633, 30.425906070055245 ], [ -91.022553370105143, 30.425908086455337 ], [ -91.022563680578003, 30.42590844085225 ], [ -91.022584300925487, 30.425909340884772 ], [ -91.022602545906437, 30.425908889417887 ], [ -91.022669972711654, 30.425907315846047 ], [ -91.022692978485182, 30.42590635234145 ], [ -91.022792920257615, 30.425906752180065 ], [ -91.023003114710548, 30.425907767975183 ], [ -91.023257728051689, 30.425908859642991 ], [ -91.023385431489714, 30.425909352097872 ], [ -91.023576581349289, 30.425912879755092 ], [ -91.023620998004176, 30.425913671189832 ], [ -91.023735211344388, 30.425916000833062 ], [ -91.024211100277427, 30.425925720149035 ], [ -91.025853711415252, 30.425959107880221 ], [ -91.025987074963027, 30.426260135882824 ], [ -91.025671011413095, 30.427068460982088 ], [ -91.025688003997914, 30.427216289403155 ], [ -91.025693405222583, 30.42726510666968 ], [ -91.025711949704672, 30.427424101111416 ], [ -91.025470432748548, 30.427802814155118 ], [ -91.025377175484607, 30.427948323679757 ], [ -91.025336459578241, 30.428032777817677 ], [ -91.025249441469526, 30.428212506192484 ], [ -91.025168010774507, 30.428380892058247 ], [ -91.025079394958681, 30.428564053530781 ], [ -91.02499396986255, 30.428741366030401 ], [ -91.024910942217517, 30.428912854776375 ], [ -91.024706560540011, 30.429336497405693 ], [ -91.024678618356475, 30.429394172924098 ], [ -91.024503341646849, 30.429757234062155 ], [ -91.024728965891626, 30.429807660620064 ], [ -91.024843229417058, 30.42982745289617 ], [ -91.024958253834342, 30.429843594300984 ], [ -91.025073886174752, 30.429856062825916 ], [ -91.025189968247616, 30.429864841863264 ], [ -91.025222408101683, 30.429866630516525 ], [ -91.025238636691469, 30.429867417061057 ], [ -91.025271104953191, 30.429868773669298 ], [ -91.025287344625056, 30.429869343733003 ] ] ] } },
{ "type": "Feature", "properties": { "ID": 129, "BG_ID": 43, "PARKID": "LACLA", "FACILITY_NAME": "Claycut Bayou Park", "CLASSIFICATION": "Neighborhood", "FULL_ADDRESS": "6998 ANTIOCH RD", "CITY": "BATON ROUGE", "STATE": "LOUISIANA", "ZIP": 70817, "ACREAGE": 7.3, "AIRGUN_RANGE": "NO", "AIRNASIUM": "NO", "ARCHERY_RANGE": "YES", "BALL_MULTI_PURPOSE_FIELD": "YES", "BASKETBALL_INDOOR": "NO", "BASKETBALL_OUTDOOR": "NO", "BIKE_REPAIR_STATION": "NO", "BIRD_WATCHING_WILDLIFE_VIEWING": "NO", "BLUEWAY_TRAILHEAD": "NO", "BMX": "NO", "CANOE_KAYAK_LAUNCH": "NO", "CRICKET_PITCH": "NO", "CROQUET_COURT": "NO", "DISC_GOLF": "NO", "DOG_PARK": "NO", "EQUESTRIAN": "NO", "FISHING_ACCESS": "NO", "FITNESS_CENTERS": "NO", "GARDEN_ARBORETUM": "NO", "GOLF_COURSE_9_HOLE": "NO", "GOLF_COURSE_18_HOLE": "NO", "GREENWAY_TRAILHEAD": "NO", "MOUNTAIN_BIKING": "NO", "NATURE_TRAILS": "NO", "OUTDOOR_FITNESS_STATION": "NO", "PAVILION": "YES", "PLAYGROUND": "YES", "PRIMITIVE_TRAILS": "NO", "RECREATION_CENTER": "NO", "RUGBY_FIELD": "NO", "RV_PARK": "NO", "SAND_VOLLEYBALL": "NO", "SHUFFLEBOARD": "NO", "SKATE_PARK": "NO", "SOCCER_FIELD": "NO", "SPLASH_PAD": "NO", "STADIUM": "NO", "SWIMMING_POOL": "NO", "TENNIS_CENTER": "NO", "TENNIS_COURTS": "NO", "VELODROME": "NO", "WALKING_LOOP_OUTDOOR": "NO", "WALKING_TRACK_INDOOR": "NO" }, "geometry": { "type": "Polygon", "coordinates": [ [ [ -91.009695415375688, 30.388747671903861 ], [ -91.007523317107598, 30.388232748252726 ], [ -91.007521606705652, 30.388292632447566 ], [ -91.00752121126736, 30.388435094224416 ], [ -91.007520920890713, 30.388539494082089 ], [ -91.007513983114407, 30.388858149899775 ], [ -91.008137277526686, 30.38893037769682 ], [ -91.008228514917434, 30.389163634471529 ], [ -91.008493961335247, 30.389201828763049 ], [ -91.008800271738195, 30.389247354067621 ], [ -91.00911219472917, 30.389293023232568 ], [ -91.009380886710929, 30.389332365755369 ], [ -91.009600008405087, 30.389364448941542 ], [ -91.009608563468618, 30.389327858303542 ], [ -91.009865149727048, 30.389373312566828 ], [ -91.010097934781356, 30.389419936783018 ], [ -91.010677818427752, 30.387614389677161 ], [ -91.010093750544044, 30.387477245698054 ], [ -91.009695415375688, 30.388747671903861 ] ] ] } },
{ "type": "Feature", "properties": { "ID": 130, "BG_ID": 95, "PARKID": "MYRTH", "FACILITY_NAME": "Mary Ruth Park", "CLASSIFICATION": "Neighborhood", "FULL_ADDRESS": "8808 MARY RUTH AVE", "CITY": "BATON ROUGE", "STATE": "LOUISIANA", "ZIP": 70810, "ACREAGE": 0.5, "AIRGUN_RANGE": "NO", "AIRNASIUM": "NO", "ARCHERY_RANGE": "NO", "BALL_MULTI_PURPOSE_FIELD": "NO", "BASKETBALL_INDOOR": "NO", "BASKETBALL_OUTDOOR": "NO", "BIKE_REPAIR_STATION": "NO", "BIRD_WATCHING_WILDLIFE_VIEWING": "NO", "BLUEWAY_TRAILHEAD": "NO", "BMX": "NO", "CANOE_KAYAK_LAUNCH": "NO", "CRICKET_PITCH": "NO", "CROQUET_COURT": "NO", "DISC_GOLF": "NO", "DOG_PARK": "NO", "EQUESTRIAN": "NO", "FISHING_ACCESS": "NO", "FITNESS_CENTERS": "NO", "GARDEN_ARBORETUM": "NO", "GOLF_COURSE_9_HOLE": "NO", "GOLF_COURSE_18_HOLE": "NO", "GREENWAY_TRAILHEAD": "NO", "MOUNTAIN_BIKING": "NO", "NATURE_TRAILS": "NO", "OUTDOOR_FITNESS_STATION": "NO", "PAVILION": "NO", "PLAYGROUND": "NO", "PRIMITIVE_TRAILS": "NO", "RECREATION_CENTER": "NO", "RUGBY_FIELD": "NO", "RV_PARK": "NO", "SAND_VOLLEYBALL": "NO", "SHUFFLEBOARD": "NO", "SKATE_PARK": "NO", "SOCCER_FIELD": "NO", "SPLASH_PAD": "NO", "STADIUM": "NO", "SWIMMING_POOL": "NO", "TENNIS_CENTER": "NO", "TENNIS_COURTS": "NO", "VELODROME": "NO", "WALKING_LOOP_OUTDOOR": "NO", "WALKING_TRACK_INDOOR": "NO" }, "geometry": { "type": "Polygon", "coordinates": [ [ [ -91.111595801443798, 30.386081235920649 ], [ -91.111763871199145, 30.386158600031695 ], [ -91.111822731536719, 30.386185693897922 ], [ -91.112018443115886, 30.385886644217752 ], [ -91.111949780839851, 30.385855037974419 ], [ -91.111781710412771, 30.385777674091688 ], [ -91.111613644415584, 30.385700307294339 ], [ -91.111427735077768, 30.386003868893265 ], [ -91.111595801443798, 30.386081235920649 ] ] ] } },
{ "type": "Feature", "properties": { "ID": 131, "BG_ID": 107, "PARKID": "MDWPK", "FACILITY_NAME": "Meadow Park", "CLASSIFICATION": "Neighborhood", "FULL_ADDRESS": "6951 MEADOW PARK AVE", "CITY": "BATON ROUGE", "STATE": "LOUISIANA", "ZIP": 70810, "ACREAGE": 8.14, "AIRGUN_RANGE": "NO", "AIRNASIUM": "NO", "ARCHERY_RANGE": "NO", "BALL_MULTI_PURPOSE_FIELD": "NO", "BASKETBALL_INDOOR": "NO", "BASKETBALL_OUTDOOR": "YES", "BIKE_REPAIR_STATION": "NO", "BIRD_WATCHING_WILDLIFE_VIEWING": "NO", "BLUEWAY_TRAILHEAD": "NO", "BMX": "NO", "CANOE_KAYAK_LAUNCH": "NO", "CRICKET_PITCH": "NO", "CROQUET_COURT": "NO", "DISC_GOLF": "NO", "DOG_PARK": "NO", "EQUESTRIAN": "NO", "FISHING_ACCESS": "NO", "FITNESS_CENTERS": "NO", "GARDEN_ARBORETUM": "NO", "GOLF_COURSE_9_HOLE": "NO", "GOLF_COURSE_18_HOLE": "NO", "GREENWAY_TRAILHEAD": "NO", "MOUNTAIN_BIKING": "NO", "NATURE_TRAILS": "NO", "OUTDOOR_FITNESS_STATION": "NO", "PAVILION": "YES", "PLAYGROUND": "NO", "PRIMITIVE_TRAILS": "NO", "RECREATION_CENTER": "NO", "RUGBY_FIELD": "NO", "RV_PARK": "NO", "SAND_VOLLEYBALL": "YES", "SHUFFLEBOARD": "NO", "SKATE_PARK": "NO", "SOCCER_FIELD": "NO", "SPLASH_PAD": "NO", "STADIUM": "NO", "SWIMMING_POOL": "NO", "TENNIS_CENTER": "NO", "TENNIS_COURTS": "YES", "VELODROME": "NO", "WALKING_LOOP_OUTDOOR": "YES", "WALKING_TRACK_INDOOR": "NO" }, "geometry": { "type": "Polygon", "coordinates": [ [ [ -91.068603475191452, 30.370480218599113 ], [ -91.068598150938996, 30.370477756927521 ], [ -91.068763193611758, 30.370212166408383 ], [ -91.06872312279323, 30.370193944946561 ], [ -91.068685065777956, 30.370196944898815 ], [ -91.068626463997234, 30.370186970280351 ], [ -91.068600869274647, 30.370173630173536 ], [ -91.068552567811707, 30.370136045733105 ], [ -91.068537625014031, 30.370120092823747 ], [ -91.068518006271233, 30.370071179532708 ], [ -91.068518378082118, 30.37004604596498 ], [ -91.068232137315164, 30.370012169226918 ], [ -91.068098558699376, 30.370246775578067 ], [ -91.068318140717437, 30.370348297324792 ], [ -91.068376269905897, 30.370375172877964 ], [ -91.068448053672697, 30.370408361608469 ], [ -91.068321238171066, 30.370614592630307 ], [ -91.067979391556634, 30.37045606892616 ], [ -91.067350434678147, 30.371560691461159 ], [ -91.067280277012728, 30.371683906060738 ], [ -91.068031971551932, 30.372000901364675 ], [ -91.068960202550301, 30.37239300533259 ], [ -91.068949560136772, 30.37237280678174 ], [ -91.068933142327978, 30.372312431595095 ], [ -91.068937337551034, 30.372250505441496 ], [ -91.068961799057888, 30.372192210187347 ], [ -91.069004477817046, 30.372142423886203 ], [ -91.069061805673272, 30.372105314302313 ], [ -91.06912898449319, 30.372083979557612 ], [ -91.069200393582577, 30.372080209896232 ], [ -91.069270059331345, 30.37209431993514 ], [ -91.069024523296022, 30.371989317235759 ], [ -91.069138183252832, 30.371806673577115 ], [ -91.069226609996321, 30.371664577481358 ], [ -91.069315026037629, 30.371522498439973 ], [ -91.069403745909469, 30.371379916569808 ], [ -91.069490250428828, 30.371240917863005 ], [ -91.069575472795904, 30.371103945358442 ], [ -91.069659413291788, 30.370968897122072 ], [ -91.069572774125746, 30.370928354356099 ], [ -91.069390783777706, 30.370844214783617 ], [ -91.069218957429527, 30.37076463103049 ], [ -91.069038723349408, 30.370681447998024 ], [ -91.068895533298956, 30.370615246908471 ], [ -91.06885751217753, 30.370597668277949 ], [ -91.068774465515602, 30.370559272856266 ], [ -91.068755625904316, 30.370550562349777 ], [ -91.068603475191452, 30.370480218599113 ] ] ] } },
{ "type": "Feature", "properties": { "ID": 132, "BG_ID": 8, "PARKID": "CDLST", "FACILITY_NAME": "Cadillac Street Park", "CLASSIFICATION": "Neighborhood", "FULL_ADDRESS": "6117 CADILLAC ST", "CITY": "BATON ROUGE", "STATE": "LOUISIANA", "ZIP": 70811, "ACREAGE": 5.53, "AIRGUN_RANGE": "NO", "AIRNASIUM": "NO", "ARCHERY_RANGE": "NO", "BALL_MULTI_PURPOSE_FIELD": "YES", "BASKETBALL_INDOOR": "YES", "BASKETBALL_OUTDOOR": "YES", "BIKE_REPAIR_STATION": "NO", "BIRD_WATCHING_WILDLIFE_VIEWING": "NO", "BLUEWAY_TRAILHEAD": "NO", "BMX": "NO", "CANOE_KAYAK_LAUNCH": "NO", "CRICKET_PITCH": "NO", "CROQUET_COURT": "NO", "DISC_GOLF": "NO", "DOG_PARK": "NO", "EQUESTRIAN": "NO", "FISHING_ACCESS": "NO", "FITNESS_CENTERS": "NO", "GARDEN_ARBORETUM": "NO", "GOLF_COURSE_9_HOLE": "NO", "GOLF_COURSE_18_HOLE": "NO", "GREENWAY_TRAILHEAD": "NO", "MOUNTAIN_BIKING": "NO", "NATURE_TRAILS": "NO", "OUTDOOR_FITNESS_STATION": "NO", "PAVILION": "NO", "PLAYGROUND": "YES", "PRIMITIVE_TRAILS": "NO", "RECREATION_CENTER": "YES", "RUGBY_FIELD": "NO", "RV_PARK": "NO", "SAND_VOLLEYBALL": "NO", "SHUFFLEBOARD": "NO", "SKATE_PARK": "NO", "SOCCER_FIELD": "NO", "SPLASH_PAD": "NO", "STADIUM": "NO", "SWIMMING_POOL": "NO", "TENNIS_CENTER": "NO", "TENNIS_COURTS": "NO", "VELODROME": "NO", "WALKING_LOOP_OUTDOOR": "YES", "WALKING_TRACK_INDOOR": "NO" }, "geometry": { "type": "Polygon", "coordinates": [ [ [ -91.129741912209255, 30.51943624568802 ], [ -91.129781848066216, 30.519435220129917 ], [ -91.129742087788571, 30.518145388434256 ], [ -91.128066284699827, 30.518190857301519 ], [ -91.128221283535737, 30.519475285302555 ], [ -91.128284888994273, 30.519473652804166 ], [ -91.128348325650435, 30.519472024524166 ], [ -91.128411758136849, 30.519470396207264 ], [ -91.128475367756735, 30.519468763623792 ], [ -91.128538939863603, 30.519467131853801 ], [ -91.128602373385661, 30.519465503447176 ], [ -91.128665578712344, 30.519463880971681 ], [ -91.128729287313661, 30.519462244811027 ], [ -91.128792867747507, 30.519460612931976 ], [ -91.128856077235639, 30.519458990371948 ], [ -91.128919522210239, 30.519457360928957 ], [ -91.129043728015475, 30.519454172679744 ], [ -91.129106789535442, 30.519452553379868 ], [ -91.129170226164618, 30.519450924705865 ], [ -91.129234075415781, 30.519449284910998 ], [ -91.129297795457617, 30.519447649396454 ], [ -91.129361789538706, 30.519446006154965 ], [ -91.129423953905956, 30.519444409676961 ], [ -91.129488087607484, 30.519442762981328 ], [ -91.129552764176253, 30.519441102657478 ], [ -91.129615946549606, 30.519439479692814 ], [ -91.129678635021691, 30.519437870371018 ], [ -91.129741912209255, 30.51943624568802 ] ] ] } },
{ "type": "Feature", "properties": { "ID": 133, "BG_ID": 97, "PARKID": "MYRTL", "FACILITY_NAME": "Myrtle Street Park", "CLASSIFICATION": "Neighborhood", "FULL_ADDRESS": "5530 MYRTLE ST", "CITY": "BAKER", "STATE": "LOUISIANA", "ZIP": 70714, "ACREAGE": 6.5, "AIRGUN_RANGE": "NO", "AIRNASIUM": "NO", "ARCHERY_RANGE": "NO", "BALL_MULTI_PURPOSE_FIELD": "NO", "BASKETBALL_INDOOR": "NO", "BASKETBALL_OUTDOOR": "NO", "BIKE_REPAIR_STATION": "NO", "BIRD_WATCHING_WILDLIFE_VIEWING": "NO", "BLUEWAY_TRAILHEAD": "NO", "BMX": "NO", "CANOE_KAYAK_LAUNCH": "NO", "CRICKET_PITCH": "NO", "CROQUET_COURT": "NO", "DISC_GOLF": "NO", "DOG_PARK": "NO", "EQUESTRIAN": "NO", "FISHING_ACCESS": "NO", "FITNESS_CENTERS": "NO", "GARDEN_ARBORETUM": "NO", "GOLF_COURSE_9_HOLE": "NO", "GOLF_COURSE_18_HOLE": "NO", "GREENWAY_TRAILHEAD": "NO", "MOUNTAIN_BIKING": "NO", "NATURE_TRAILS": "NO", "OUTDOOR_FITNESS_STATION": "NO", "PAVILION": "NO", "PLAYGROUND": "YES", "PRIMITIVE_TRAILS": "NO", "RECREATION_CENTER": "NO", "RUGBY_FIELD": "NO", "RV_PARK": "NO", "SAND_VOLLEYBALL": "NO", "SHUFFLEBOARD": "NO", "SKATE_PARK": "NO", "SOCCER_FIELD": "NO", "SPLASH_PAD": "NO", "STADIUM": "NO", "SWIMMING_POOL": "NO", "TENNIS_CENTER": "NO", "TENNIS_COURTS": "NO", "VELODROME": "NO", "WALKING_LOOP_OUTDOOR": "NO", "WALKING_TRACK_INDOOR": "NO" }, "geometry": { "type": "Polygon", "coordinates": [ [ [ -91.142432507713906, 30.579118679123578 ], [ -91.142438295677351, 30.579098243567369 ], [ -91.14244593194968, 30.578656055996532 ], [ -91.142649823572285, 30.578653251202738 ], [ -91.142866747330459, 30.578650267290907 ], [ -91.143081784020254, 30.57864730917828 ], [ -91.143291972739874, 30.578644416825348 ], [ -91.143508896459394, 30.578641431861694 ], [ -91.143497331855102, 30.57828625027572 ], [ -91.143280333099867, 30.578286906938803 ], [ -91.143070071278558, 30.578287542255694 ], [ -91.142854960570574, 30.578288191913764 ], [ -91.14263796180856, 30.578288846622321 ], [ -91.142437260130464, 30.578289452303878 ], [ -91.142435174415354, 30.578225348310479 ], [ -91.14117226457185, 30.578243650965277 ], [ -91.141185383117701, 30.579035354357899 ], [ -91.141202229204566, 30.579611766108254 ], [ -91.142292799247912, 30.579611897771233 ], [ -91.142322982318149, 30.579606446062687 ], [ -91.142343641760064, 30.579598232089349 ], [ -91.142359558955306, 30.579579018982113 ], [ -91.142364673416012, 30.579547786813677 ], [ -91.142432507713906, 30.579118679123578 ] ] ] } },
{ "type": "Feature", "properties": { "ID": 134, "BG_ID": 78, "PARKID": "JFRST", "FACILITY_NAME": "Jefferson Street Park", "CLASSIFICATION": "Neighborhood", "FULL_ADDRESS": "3503 JEFFERSON ST", "CITY": "BAKER", "STATE": "LOUISIANA", "ZIP": 70714, "ACREAGE": 10.0, "AIRGUN_RANGE": "NO", "AIRNASIUM": "NO", "ARCHERY_RANGE": "NO", "BALL_MULTI_PURPOSE_FIELD": "YES", "BASKETBALL_INDOOR": "NO", "BASKETBALL_OUTDOOR": "YES", "BIKE_REPAIR_STATION": "NO", "BIRD_WATCHING_WILDLIFE_VIEWING": "NO", "BLUEWAY_TRAILHEAD": "NO", "BMX": "NO", "CANOE_KAYAK_LAUNCH": "NO", "CRICKET_PITCH": "NO", "CROQUET_COURT": "NO", "DISC_GOLF": "NO", "DOG_PARK": "NO", "EQUESTRIAN": "NO", "FISHING_ACCESS": "NO", "FITNESS_CENTERS": "NO", "GARDEN_ARBORETUM": "NO", "GOLF_COURSE_9_HOLE": "NO", "GOLF_COURSE_18_HOLE": "NO", "GREENWAY_TRAILHEAD": "NO", "MOUNTAIN_BIKING": "NO", "NATURE_TRAILS": "NO", "OUTDOOR_FITNESS_STATION": "NO", "PAVILION": "YES", "PLAYGROUND": "YES", "PRIMITIVE_TRAILS": "NO", "RECREATION_CENTER": "NO", "RUGBY_FIELD": "NO", "RV_PARK": "NO", "SAND_VOLLEYBALL": "NO", "SHUFFLEBOARD": "NO", "SKATE_PARK": "NO", "SOCCER_FIELD": "NO", "SPLASH_PAD": "NO", "STADIUM": "NO", "SWIMMING_POOL": "NO", "TENNIS_CENTER": "NO", "TENNIS_COURTS": "YES", "VELODROME": "NO", "WALKING_LOOP_OUTDOOR": "NO", "WALKING_TRACK_INDOOR": "NO" }, "geometry": { "type": "Polygon", "coordinates": [ [ [ -91.162610715632738, 30.590647428496013 ], [ -91.161053535718068, 30.590655807334972 ], [ -91.160565118710565, 30.592971726825049 ], [ -91.162168334463502, 30.592965219967912 ], [ -91.162610715632738, 30.590647428496013 ] ] ] } },
{ "type": "Feature", "properties": { "ID": 135, "BG_ID": 136, "PARKID": "ANATJ", "FACILITY_NAME": "Anna T. Jordan Community Park", "CLASSIFICATION": "Community", "FULL_ADDRESS": "1750 STILT ST", "CITY": "BATON ROUGE", "STATE": "LOUISIANA", "ZIP": 70807, "ACREAGE": 39.62, "AIRGUN_RANGE": "NO", "AIRNASIUM": "NO", "ARCHERY_RANGE": "NO", "BALL_MULTI_PURPOSE_FIELD": "NO", "BASKETBALL_INDOOR": "YES", "BASKETBALL_OUTDOOR": "YES", "BIKE_REPAIR_STATION": "NO", "BIRD_WATCHING_WILDLIFE_VIEWING": "NO", "BLUEWAY_TRAILHEAD": "NO", "BMX": "NO", "CANOE_KAYAK_LAUNCH": "NO", "CRICKET_PITCH": "NO", "CROQUET_COURT": "NO", "DISC_GOLF": "NO", "DOG_PARK": "NO", "EQUESTRIAN": "NO", "FISHING_ACCESS": "NO", "FITNESS_CENTERS": "YES", "GARDEN_ARBORETUM": "YES", "GOLF_COURSE_9_HOLE": "NO", "GOLF_COURSE_18_HOLE": "NO", "GREENWAY_TRAILHEAD": "NO", "MOUNTAIN_BIKING": "NO", "NATURE_TRAILS": "NO", "OUTDOOR_FITNESS_STATION": "NO", "PAVILION": "YES", "PLAYGROUND": "YES", "PRIMITIVE_TRAILS": "NO", "RECREATION_CENTER": "YES", "RUGBY_FIELD": "NO", "RV_PARK": "NO", "SAND_VOLLEYBALL": "NO", "SHUFFLEBOARD": "NO", "SKATE_PARK": "NO", "SOCCER_FIELD": "NO", "SPLASH_PAD": "NO", "STADIUM": "NO", "SWIMMING_POOL": "YES", "TENNIS_CENTER": "NO", "TENNIS_COURTS": "YES", "VELODROME": "NO", "WALKING_LOOP_OUTDOOR": "YES", "WALKING_TRACK_INDOOR": "NO" }, "geometry": { "type": "Polygon", "coordinates": [ [ [ -91.177882464944545, 30.529896642346781 ], [ -91.177859890492414, 30.52986133188492 ], [ -91.177407165438453, 30.529484853663277 ], [ -91.176219424520852, 30.528386754447151 ], [ -91.175316352008736, 30.527461367487941 ], [ -91.175213873487579, 30.527356352966653 ], [ -91.173925050931928, 30.52603564066716 ], [ -91.173809462696752, 30.525945689822858 ], [ -91.17371062993476, 30.525928862756501 ], [ -91.173207673437219, 30.525916284051888 ], [ -91.17304621786856, 30.525859729858997 ], [ -91.172872761765774, 30.525769763127325 ], [ -91.172747512405607, 30.525688205010503 ], [ -91.172610260306797, 30.525575320863638 ], [ -91.172436913435192, 30.525418558090589 ], [ -91.17236242425237, 30.525259827981518 ], [ -91.172256493495183, 30.525101118197231 ], [ -91.172165742409774, 30.525023997218582 ], [ -91.172067136821866, 30.524971997947155 ], [ -91.171679000173782, 30.524837863811904 ], [ -91.171803936755097, 30.529964683311938 ], [ -91.171883229550645, 30.529963798611476 ], [ -91.172105552195774, 30.52996131471064 ], [ -91.172327874829762, 30.52995883043636 ], [ -91.172550197452637, 30.52995634578873 ], [ -91.173058362958514, 30.529950665706799 ], [ -91.173248923838102, 30.529948533818668 ], [ -91.17343948366603, 30.529946402556959 ], [ -91.173915887362313, 30.529941076815764 ], [ -91.174182925050374, 30.529935670993815 ], [ -91.174450093554881, 30.529935099814303 ], [ -91.174718785233239, 30.529932092563474 ], [ -91.174988429327769, 30.529929075081924 ], [ -91.175702831926401, 30.529921078576749 ], [ -91.17600695948417, 30.529917673407613 ], [ -91.176165781472946, 30.529915893792204 ], [ -91.176324596163255, 30.529914113075517 ], [ -91.176483410846416, 30.529912333070364 ], [ -91.176642225525271, 30.529910551972659 ], [ -91.176801040197063, 30.529908771586371 ], [ -91.177004009645557, 30.529906495616022 ], [ -91.17718219913624, 30.529904498608023 ], [ -91.177341013790056, 30.52990271667187 ], [ -91.177499829478748, 30.52990093544846 ], [ -91.177658644119731, 30.529899154033274 ], [ -91.177874673538824, 30.529896729716537 ], [ -91.177882464944545, 30.529896642346781 ] ] ] } },
{ "type": "Feature", "properties": { "ID": 136, "BG_ID": 10, "PARKID": "CUNRD", "FACILITY_NAME": "Cunard-Gore Road Park", "CLASSIFICATION": "Neighborhood", "FULL_ADDRESS": "2290 CUNARD AVE", "CITY": "BATON ROUGE", "STATE": "LOUISIANA", "ZIP": 70807, "ACREAGE": 3.8, "AIRGUN_RANGE": "NO", "AIRNASIUM": "NO", "ARCHERY_RANGE": "NO", "BALL_MULTI_PURPOSE_FIELD": "NO", "BASKETBALL_INDOOR": "NO", "BASKETBALL_OUTDOOR": "YES", "BIKE_REPAIR_STATION": "NO", "BIRD_WATCHING_WILDLIFE_VIEWING": "NO", "BLUEWAY_TRAILHEAD": "NO", "BMX": "NO", "CANOE_KAYAK_LAUNCH": "NO", "CRICKET_PITCH": "NO", "CROQUET_COURT": "NO", "DISC_GOLF": "NO", "DOG_PARK": "NO", "EQUESTRIAN": "NO", "FISHING_ACCESS": "NO", "FITNESS_CENTERS": "NO", "GARDEN_ARBORETUM": "NO", "GOLF_COURSE_9_HOLE": "NO", "GOLF_COURSE_18_HOLE": "NO", "GREENWAY_TRAILHEAD": "NO", "MOUNTAIN_BIKING": "NO", "NATURE_TRAILS": "NO", "OUTDOOR_FITNESS_STATION": "NO", "PAVILION": "YES", "PLAYGROUND": "NO", "PRIMITIVE_TRAILS": "NO", "RECREATION_CENTER": "NO", "RUGBY_FIELD": "NO", "RV_PARK": "NO", "SAND_VOLLEYBALL": "NO", "SHUFFLEBOARD": "NO", "SKATE_PARK": "NO", "SOCCER_FIELD": "NO", "SPLASH_PAD": "NO", "STADIUM": "NO", "SWIMMING_POOL": "NO", "TENNIS_CENTER": "NO", "TENNIS_COURTS": "NO", "VELODROME": "NO", "WALKING_LOOP_OUTDOOR": "YES", "WALKING_TRACK_INDOOR": "NO" }, "geometry": { "type": "Polygon", "coordinates": [ [ [ -91.170154482476363, 30.553542384378449 ], [ -91.170251703479437, 30.552996513082554 ], [ -91.170253481456285, 30.552854623678009 ], [ -91.170365598386525, 30.552292880908752 ], [ -91.17020598932848, 30.55228493934823 ], [ -91.170046112456333, 30.552276983734227 ], [ -91.169886506577726, 30.552269040890359 ], [ -91.169727164395269, 30.552261111710656 ], [ -91.169567555440963, 30.552253168478405 ], [ -91.169407947553026, 30.552245225957066 ], [ -91.169248338649851, 30.552237282339885 ], [ -91.169088730813073, 30.552229339433705 ], [ -91.168919819072414, 30.552974327980344 ], [ -91.168815195358263, 30.553446318429813 ], [ -91.170154482476363, 30.553542384378449 ] ] ] } },
{ "type": "Feature", "properties": { "ID": 137, "BG_ID": 54, "PARKID": "EVNGL", "FACILITY_NAME": "Evangeline Street Park", "CLASSIFICATION": "Neighborhood", "FULL_ADDRESS": "4201 EVANGELINE ST", "CITY": "BATON ROUGE", "STATE": "LOUISIANA", "ZIP": 70805, "ACREAGE": 7.944, "AIRGUN_RANGE": "NO", "AIRNASIUM": "NO", "ARCHERY_RANGE": "NO", "BALL_MULTI_PURPOSE_FIELD": "YES", "BASKETBALL_INDOOR": "NO", "BASKETBALL_OUTDOOR": "YES", "BIKE_REPAIR_STATION": "NO", "BIRD_WATCHING_WILDLIFE_VIEWING": "NO", "BLUEWAY_TRAILHEAD": "NO", "BMX": "NO", "CANOE_KAYAK_LAUNCH": "NO", "CRICKET_PITCH": "NO", "CROQUET_COURT": "NO", "DISC_GOLF": "NO", "DOG_PARK": "NO", "EQUESTRIAN": "NO", "FISHING_ACCESS": "NO", "FITNESS_CENTERS": "NO", "GARDEN_ARBORETUM": "NO", "GOLF_COURSE_9_HOLE": "NO", "GOLF_COURSE_18_HOLE": "NO", "GREENWAY_TRAILHEAD": "NO", "MOUNTAIN_BIKING": "NO", "NATURE_TRAILS": "NO", "OUTDOOR_FITNESS_STATION": "NO", "PAVILION": "YES", "PLAYGROUND": "YES", "PRIMITIVE_TRAILS": "NO", "RECREATION_CENTER": "NO", "RUGBY_FIELD": "NO", "RV_PARK": "NO", "SAND_VOLLEYBALL": "NO", "SHUFFLEBOARD": "NO", "SKATE_PARK": "NO", "SOCCER_FIELD": "NO", "SPLASH_PAD": "NO", "STADIUM": "NO", "SWIMMING_POOL": "NO", "TENNIS_CENTER": "NO", "TENNIS_COURTS": "NO", "VELODROME": "NO", "WALKING_LOOP_OUTDOOR": "YES", "WALKING_TRACK_INDOOR": "NO" }, "geometry": { "type": "Polygon", "coordinates": [ [ [ -91.148908504852443, 30.493024061960266 ], [ -91.146929329250341, 30.493102693844396 ], [ -91.146985215958296, 30.494308964461769 ], [ -91.147152999464595, 30.494303141463817 ], [ -91.147343341532377, 30.49429652998472 ], [ -91.147533687736384, 30.494289920943888 ], [ -91.14772402974836, 30.494283311623331 ], [ -91.1479143759084, 30.494276698426564 ], [ -91.148104720994638, 30.494270088562761 ], [ -91.148295067097166, 30.494263478426578 ], [ -91.148485412137774, 30.494256865308927 ], [ -91.148675758189555, 30.494250254625058 ], [ -91.14886610317437, 30.494243643665989 ], [ -91.149056449180506, 30.494237029728293 ], [ -91.149246794114589, 30.494230418221498 ], [ -91.149449367826293, 30.494223380520918 ], [ -91.149525543448021, 30.494219296258773 ], [ -91.149522668141955, 30.494091260089188 ], [ -91.149495424754278, 30.494008564936212 ], [ -91.149442020375361, 30.49394155193945 ], [ -91.149354449254062, 30.493844512120084 ], [ -91.149289777957833, 30.493795788137977 ], [ -91.148910425983829, 30.493594450782609 ], [ -91.148879374192205, 30.493555324536985 ], [ -91.148849890133178, 30.493509461125317 ], [ -91.148828208288734, 30.493452827078737 ], [ -91.148812761368305, 30.493390810968673 ], [ -91.148811315415173, 30.493331509758086 ], [ -91.148817665583735, 30.493264133287294 ], [ -91.148830248125364, 30.49319272153765 ], [ -91.148850596687055, 30.493129407646641 ], [ -91.148874036145543, 30.493078227257318 ], [ -91.148908504852443, 30.493024061960266 ] ] ] } },
{ "type": "Feature", "properties": { "ID": 138, "BG_ID": 145, "PARKID": "CLFTS", "FACILITY_NAME": "Clifford T. Seymour, Sr. Park", "CLASSIFICATION": "Neighborhood", "FULL_ADDRESS": "12000 SCOTLAND-ZACHARY HWY", "CITY": "BATON ROUGE", "STATE": "LOUISIANA", "ZIP": 70807, "ACREAGE": 18.314, "AIRGUN_RANGE": "NO", "AIRNASIUM": "NO", "ARCHERY_RANGE": "NO", "BALL_MULTI_PURPOSE_FIELD": "NO", "BASKETBALL_INDOOR": "NO", "BASKETBALL_OUTDOOR": "YES", "BIKE_REPAIR_STATION": "NO", "BIRD_WATCHING_WILDLIFE_VIEWING": "NO", "BLUEWAY_TRAILHEAD": "NO", "BMX": "NO", "CANOE_KAYAK_LAUNCH": "NO", "CRICKET_PITCH": "NO", "CROQUET_COURT": "NO", "DISC_GOLF": "NO", "DOG_PARK": "NO", "EQUESTRIAN": "NO", "FISHING_ACCESS": "NO", "FITNESS_CENTERS": "NO", "GARDEN_ARBORETUM": "NO", "GOLF_COURSE_9_HOLE": "NO", "GOLF_COURSE_18_HOLE": "NO", "GREENWAY_TRAILHEAD": "NO", "MOUNTAIN_BIKING": "NO", "NATURE_TRAILS": "NO", "OUTDOOR_FITNESS_STATION": "NO", "PAVILION": "NO", "PLAYGROUND": "NO", "PRIMITIVE_TRAILS": "NO", "RECREATION_CENTER": "NO", "RUGBY_FIELD": "NO", "RV_PARK": "NO", "SAND_VOLLEYBALL": "NO", "SHUFFLEBOARD": "NO", "SKATE_PARK": "NO", "SOCCER_FIELD": "NO", "SPLASH_PAD": "NO", "STADIUM": "NO", "SWIMMING_POOL": "NO", "TENNIS_CENTER": "NO", "TENNIS_COURTS": "NO", "VELODROME": "NO", "WALKING_LOOP_OUTDOOR": "NO", "WALKING_TRACK_INDOOR": "NO" }, "geometry": { "type": "Polygon", "coordinates": [ [ [ -91.174600727653271, 30.553770344200903 ], [ -91.174136099760432, 30.553746528802066 ], [ -91.173976834460319, 30.553738366695054 ], [ -91.173817571276828, 30.553730200790731 ], [ -91.173658306029154, 30.553722038300549 ], [ -91.17349904289226, 30.553713875621252 ], [ -91.173339774574558, 30.553705710037981 ], [ -91.173180508363274, 30.553697546971687 ], [ -91.173021246351681, 30.553689381012763 ], [ -91.172861980194313, 30.55368121666125 ], [ -91.172702717192863, 30.553673050317851 ], [ -91.17254345212875, 30.553664886486427 ], [ -91.172384189179823, 30.553656719759829 ], [ -91.17222492104132, 30.553648555541468 ], [ -91.172065658140411, 30.553640391137819 ], [ -91.171906393187086, 30.553632222931839 ], [ -91.171747130338616, 30.55362405814499 ], [ -91.171587865436265, 30.553615890457859 ], [ -91.171508233512384, 30.553611808798241 ], [ -91.171098522990405, 30.556112774012583 ], [ -91.172532064044745, 30.556093473445173 ], [ -91.172590412191738, 30.555795860809653 ], [ -91.17420984914331, 30.555789068880863 ], [ -91.174600727653271, 30.553770344200903 ] ] ] } },
{ "type": "Feature", "properties": { "ID": 139, "BG_ID": 93, "PARKID": "STHMG", "FACILITY_NAME": "South Magnolia Park", "CLASSIFICATION": "Neighborhood", "FULL_ADDRESS": "2409 S MAGNOLIA DR", "CITY": "BAKER", "STATE": "LOUISIANA", "ZIP": 70714, "ACREAGE": 6.75, "AIRGUN_RANGE": "NO", "AIRNASIUM": "NO", "ARCHERY_RANGE": "NO", "BALL_MULTI_PURPOSE_FIELD": "NO", "BASKETBALL_INDOOR": "NO", "BASKETBALL_OUTDOOR": "NO", "BIKE_REPAIR_STATION": "NO", "BIRD_WATCHING_WILDLIFE_VIEWING": "NO", "BLUEWAY_TRAILHEAD": "NO", "BMX": "NO", "CANOE_KAYAK_LAUNCH": "NO", "CRICKET_PITCH": "NO", "CROQUET_COURT": "NO", "DISC_GOLF": "NO", "DOG_PARK": "NO", "EQUESTRIAN": "NO", "FISHING_ACCESS": "NO", "FITNESS_CENTERS": "NO", "GARDEN_ARBORETUM": "NO", "GOLF_COURSE_9_HOLE": "NO", "GOLF_COURSE_18_HOLE": "NO", "GREENWAY_TRAILHEAD": "NO", "MOUNTAIN_BIKING": "NO", "NATURE_TRAILS": "NO", "OUTDOOR_FITNESS_STATION": "NO", "PAVILION": "NO", "PLAYGROUND": "YES", "PRIMITIVE_TRAILS": "NO", "RECREATION_CENTER": "NO", "RUGBY_FIELD": "NO", "RV_PARK": "NO", "SAND_VOLLEYBALL": "NO", "SHUFFLEBOARD": "NO", "SKATE_PARK": "NO", "SOCCER_FIELD": "NO", "SPLASH_PAD": "NO", "STADIUM": "NO", "SWIMMING_POOL": "NO", "TENNIS_CENTER": "NO", "TENNIS_COURTS": "YES", "VELODROME": "NO", "WALKING_LOOP_OUTDOOR": "NO", "WALKING_TRACK_INDOOR": "NO" }, "geometry": { "type": "Polygon", "coordinates": [ [ [ -91.177557415600845, 30.57661400612384 ], [ -91.17747931598349, 30.576603455044435 ], [ -91.177296889285415, 30.576539794119579 ], [ -91.176952969602766, 30.576416942403124 ], [ -91.176902670916419, 30.576738863707991 ], [ -91.176650894812539, 30.576709412034539 ], [ -91.176433553277448, 30.576683987713547 ], [ -91.176076834509189, 30.578961938977976 ], [ -91.176439923587537, 30.579004003388242 ], [ -91.176435743552204, 30.579031305967895 ], [ -91.177178588447831, 30.579116452741019 ], [ -91.177557415600845, 30.57661400612384 ] ] ] } },
{ "type": "Feature", "properties": { "ID": 140, "BG_ID": 79, "PARKID": "BAKRP", "FACILITY_NAME": "Baker Park", "CLASSIFICATION": "Neighborhood", "FULL_ADDRESS": "4331 JEFFERSON ST", "CITY": "BAKER", "STATE": "LOUISIANA", "ZIP": 70714, "ACREAGE": 13.01, "AIRGUN_RANGE": "NO", "AIRNASIUM": "NO", "ARCHERY_RANGE": "NO", "BALL_MULTI_PURPOSE_FIELD": "NO", "BASKETBALL_INDOOR": "NO", "BASKETBALL_OUTDOOR": "NO", "BIKE_REPAIR_STATION": "NO", "BIRD_WATCHING_WILDLIFE_VIEWING": "NO", "BLUEWAY_TRAILHEAD": "NO", "BMX": "NO", "CANOE_KAYAK_LAUNCH": "NO", "CRICKET_PITCH": "NO", "CROQUET_COURT": "NO", "DISC_GOLF": "NO", "DOG_PARK": "NO", "EQUESTRIAN": "NO", "FISHING_ACCESS": "NO", "FITNESS_CENTERS": "NO", "GARDEN_ARBORETUM": "NO", "GOLF_COURSE_9_HOLE": "NO", "GOLF_COURSE_18_HOLE": "NO", "GREENWAY_TRAILHEAD": "NO", "MOUNTAIN_BIKING": "NO", "NATURE_TRAILS": "NO", "OUTDOOR_FITNESS_STATION": "NO", "PAVILION": "YES", "PLAYGROUND": "YES", "PRIMITIVE_TRAILS": "NO", "RECREATION_CENTER": "NO", "RUGBY_FIELD": "NO", "RV_PARK": "NO", "SAND_VOLLEYBALL": "NO", "SHUFFLEBOARD": "NO", "SKATE_PARK": "NO", "SOCCER_FIELD": "NO", "SPLASH_PAD": "NO", "STADIUM": "NO", "SWIMMING_POOL": "NO", "TENNIS_CENTER": "NO", "TENNIS_COURTS": "NO", "VELODROME": "NO", "WALKING_LOOP_OUTDOOR": "NO", "WALKING_TRACK_INDOOR": "NO" }, "geometry": { "type": "Polygon", "coordinates": [ [ [ -91.155193677937987, 30.592946867676346 ], [ -91.155183704953714, 30.591279155009502 ], [ -91.154355707364701, 30.591282345098463 ], [ -91.154353548792045, 30.590676087983219 ], [ -91.153531645450528, 30.590679250480168 ], [ -91.153533599914482, 30.591229131699727 ], [ -91.153122930439054, 30.591230223425349 ], [ -91.153120980336411, 30.590680916801791 ], [ -91.152705135133161, 30.590682629810427 ], [ -91.152713184372885, 30.592953474151063 ], [ -91.155193677937987, 30.592946867676346 ] ] ] } },
{ "type": "Feature", "properties": { "ID": 141, "BG_ID": 14, "PARKID": "DOVER", "FACILITY_NAME": "Dover Street Park", "CLASSIFICATION": "Neighborhood", "FULL_ADDRESS": "7300 DOVER ST", "CITY": "BATON ROUGE", "STATE": "LOUISIANA", "ZIP": 70812, "ACREAGE": 4.0, "AIRGUN_RANGE": "NO", "AIRNASIUM": "NO", "ARCHERY_RANGE": "NO", "BALL_MULTI_PURPOSE_FIELD": "YES", "BASKETBALL_INDOOR": "NO", "BASKETBALL_OUTDOOR": "YES", "BIKE_REPAIR_STATION": "NO", "BIRD_WATCHING_WILDLIFE_VIEWING": "NO", "BLUEWAY_TRAILHEAD": "NO", "BMX": "NO", "CANOE_KAYAK_LAUNCH": "NO", "CRICKET_PITCH": "NO", "CROQUET_COURT": "NO", "DISC_GOLF": "NO", "DOG_PARK": "NO", "EQUESTRIAN": "NO", "FISHING_ACCESS": "NO", "FITNESS_CENTERS": "NO", "GARDEN_ARBORETUM": "NO", "GOLF_COURSE_9_HOLE": "NO", "GOLF_COURSE_18_HOLE": "NO", "GREENWAY_TRAILHEAD": "NO", "MOUNTAIN_BIKING": "NO", "NATURE_TRAILS": "NO", "OUTDOOR_FITNESS_STATION": "YES", "PAVILION": "YES", "PLAYGROUND": "NO", "PRIMITIVE_TRAILS": "NO", "RECREATION_CENTER": "NO", "RUGBY_FIELD": "NO", "RV_PARK": "NO", "SAND_VOLLEYBALL": "NO", "SHUFFLEBOARD": "NO", "SKATE_PARK": "NO", "SOCCER_FIELD": "NO", "SPLASH_PAD": "NO", "STADIUM": "NO", "SWIMMING_POOL": "NO", "TENNIS_CENTER": "NO", "TENNIS_COURTS": "NO", "VELODROME": "NO", "WALKING_LOOP_OUTDOOR": "YES", "WALKING_TRACK_INDOOR": "NO" }, "geometry": { "type": "Polygon", "coordinates": [ [ [ -91.116965974463199, 30.499821478261282 ], [ -91.116956034267389, 30.499583641343698 ], [ -91.116949750002192, 30.49943250795199 ], [ -91.116943562687439, 30.499283739026637 ], [ -91.116937845540235, 30.499146279163682 ], [ -91.116932128395064, 30.499008825609152 ], [ -91.116926414392793, 30.498871371151608 ], [ -91.116920697285238, 30.498733914878883 ], [ -91.116919704564992, 30.498710022031766 ], [ -91.115541963772856, 30.498757829902591 ], [ -91.115550497878544, 30.498905706129481 ], [ -91.115563652359384, 30.499133629378267 ], [ -91.115576805858936, 30.499361552608175 ], [ -91.115589960458649, 30.499589476724704 ], [ -91.115603115120791, 30.49981739992203 ], [ -91.115606015265456, 30.499868670002211 ], [ -91.116965974463199, 30.499821478261282 ] ] ] } },
{ "type": "Feature", "properties": { "ID": 142, "BG_ID": 84, "PARKID": "HRDNG", "FACILITY_NAME": "Harding Street Park", "CLASSIFICATION": "Neighborhood", "FULL_ADDRESS": "4037 HARDING ST", "CITY": "BAKER", "STATE": "LOUISIANA", "ZIP": 70714, "ACREAGE": 10.33, "AIRGUN_RANGE": "NO", "AIRNASIUM": "NO", "ARCHERY_RANGE": "NO", "BALL_MULTI_PURPOSE_FIELD": "YES", "BASKETBALL_INDOOR": "NO", "BASKETBALL_OUTDOOR": "NO", "BIKE_REPAIR_STATION": "NO", "BIRD_WATCHING_WILDLIFE_VIEWING": "NO", "BLUEWAY_TRAILHEAD": "NO", "BMX": "NO", "CANOE_KAYAK_LAUNCH": "NO", "CRICKET_PITCH": "NO", "CROQUET_COURT": "NO", "DISC_GOLF": "NO", "DOG_PARK": "NO", "EQUESTRIAN": "NO", "FISHING_ACCESS": "NO", "FITNESS_CENTERS": "NO", "GARDEN_ARBORETUM": "NO", "GOLF_COURSE_9_HOLE": "NO", "GOLF_COURSE_18_HOLE": "NO", "GREENWAY_TRAILHEAD": "NO", "MOUNTAIN_BIKING": "NO", "NATURE_TRAILS": "NO", "OUTDOOR_FITNESS_STATION": "NO", "PAVILION": "NO", "PLAYGROUND": "YES", "PRIMITIVE_TRAILS": "NO", "RECREATION_CENTER": "NO", "RUGBY_FIELD": "NO", "RV_PARK": "NO", "SAND_VOLLEYBALL": "NO", "SHUFFLEBOARD": "NO", "SKATE_PARK": "NO", "SOCCER_FIELD": "NO", "SPLASH_PAD": "NO", "STADIUM": "NO", "SWIMMING_POOL": "NO", "TENNIS_CENTER": "NO", "TENNIS_COURTS": "YES", "VELODROME": "NO", "WALKING_LOOP_OUTDOOR": "NO", "WALKING_TRACK_INDOOR": "NO" }, "geometry": { "type": "Polygon", "coordinates": [ [ [ -91.157628691247041, 30.586637260090207 ], [ -91.157823682668038, 30.585475799498091 ], [ -91.157869533395015, 30.585202685311863 ], [ -91.158085503810369, 30.583788075671677 ], [ -91.156828055087828, 30.583682861433253 ], [ -91.156386163195648, 30.586599891429923 ], [ -91.157143128625165, 30.586626285785023 ], [ -91.157079040273643, 30.587047990978526 ], [ -91.157556525309943, 30.587058538051867 ], [ -91.157628691247041, 30.586637260090207 ] ] ] } },
{ "type": "Feature", "properties": { "ID": 143, "BG_ID": 88, "PARKID": "LNGFL", "FACILITY_NAME": "Longfellow Park", "CLASSIFICATION": "Neighborhood", "FULL_ADDRESS": "5201 LONGFELLOW DR", "CITY": "BATON ROUGE", "STATE": "LOUISIANA", "ZIP": 70805, "ACREAGE": 10.91, "AIRGUN_RANGE": "NO", "AIRNASIUM": "NO", "ARCHERY_RANGE": "NO", "BALL_MULTI_PURPOSE_FIELD": "NO", "BASKETBALL_INDOOR": "NO", "BASKETBALL_OUTDOOR": "YES", "BIKE_REPAIR_STATION": "NO", "BIRD_WATCHING_WILDLIFE_VIEWING": "NO", "BLUEWAY_TRAILHEAD": "NO", "BMX": "NO", "CANOE_KAYAK_LAUNCH": "NO", "CRICKET_PITCH": "NO", "CROQUET_COURT": "NO", "DISC_GOLF": "NO", "DOG_PARK": "NO", "EQUESTRIAN": "NO", "FISHING_ACCESS": "NO", "FITNESS_CENTERS": "NO", "GARDEN_ARBORETUM": "NO", "GOLF_COURSE_9_HOLE": "NO", "GOLF_COURSE_18_HOLE": "NO", "GREENWAY_TRAILHEAD": "NO", "MOUNTAIN_BIKING": "NO", "NATURE_TRAILS": "NO", "OUTDOOR_FITNESS_STATION": "NO", "PAVILION": "NO", "PLAYGROUND": "YES", "PRIMITIVE_TRAILS": "NO", "RECREATION_CENTER": "YES", "RUGBY_FIELD": "NO", "RV_PARK": "NO", "SAND_VOLLEYBALL": "NO", "SHUFFLEBOARD": "NO", "SKATE_PARK": "NO", "SOCCER_FIELD": "NO", "SPLASH_PAD": "NO", "STADIUM": "NO", "SWIMMING_POOL": "NO", "TENNIS_CENTER": "NO", "TENNIS_COURTS": "NO", "VELODROME": "NO", "WALKING_LOOP_OUTDOOR": "NO", "WALKING_TRACK_INDOOR": "NO" }, "geometry": { "type": "MultiPolygon", "coordinates": [ [ [ [ -91.160132331926164, 30.49701360094614 ], [ -91.160033958601247, 30.497016350639431 ], [ -91.159861007298886, 30.497021184608759 ], [ -91.159688055981263, 30.497026017449912 ], [ -91.159515104645223, 30.497030850967146 ], [ -91.159261230071081, 30.497037945751629 ], [ -91.158990677239899, 30.497045505191398 ], [ -91.158800271517308, 30.497050825345536 ], [ -91.158609865774267, 30.497056145225759 ], [ -91.158444626320389, 30.497060762010161 ], [ -91.157840890008629, 30.49707762694737 ], [ -91.157690836505168, 30.497509319942157 ], [ -91.157642951876554, 30.497647076718852 ], [ -91.157342442249828, 30.498511602466884 ], [ -91.15876989045114, 30.498467965997254 ], [ -91.158829323274446, 30.498466427885862 ], [ -91.158832558995172, 30.498466316688525 ], [ -91.158869264087443, 30.498462342776321 ], [ -91.158903400647347, 30.498454046377567 ], [ -91.158935736357193, 30.498441454665766 ], [ -91.158965550914559, 30.498424842725164 ], [ -91.158992184273714, 30.498404578632737 ], [ -91.159016209627026, 30.498379922549432 ], [ -91.159455192576203, 30.497854485694265 ], [ -91.159480247113137, 30.49782196486078 ], [ -91.15950855557864, 30.49777713239104 ], [ -91.159531444443999, 30.49773031095755 ], [ -91.159584460545119, 30.497582100787668 ], [ -91.158978394454309, 30.497602334367027 ], [ -91.158968449951473, 30.49746508996725 ], [ -91.159887376785079, 30.497434640554136 ], [ -91.160132331926164, 30.49701360094614 ] ] ], [ [ [ -91.157499938684168, 30.497104594428784 ], [ -91.156908327521322, 30.497122439139961 ], [ -91.156373385702437, 30.497141638839892 ], [ -91.156383983591326, 30.497531405085031 ], [ -91.156921599577743, 30.497513890357961 ], [ -91.157362662708536, 30.497499519581062 ], [ -91.157499938684168, 30.497104594428784 ] ] ] ] } },
{ "type": "Feature", "properties": { "ID": 144, "BG_ID": 170, "PARKID": "GRNWD", "FACILITY_NAME": "Baton Rouge Zoo", "CLASSIFICATION": "Special Facility", "FULL_ADDRESS": "3601 THOMAS RD", "CITY": "BAKER", "STATE": "LOUISIANA", "ZIP": 70714, "ACREAGE": 658.854, "AIRGUN_RANGE": "NO", "AIRNASIUM": "NO", "ARCHERY_RANGE": "NO", "BALL_MULTI_PURPOSE_FIELD": "YES", "BASKETBALL_INDOOR": "NO", "BASKETBALL_OUTDOOR": "NO", "BIKE_REPAIR_STATION": "NO", "BIRD_WATCHING_WILDLIFE_VIEWING": "YES", "BLUEWAY_TRAILHEAD": "NO", "BMX": "NO", "CANOE_KAYAK_LAUNCH": "YES", "CRICKET_PITCH": "NO", "CROQUET_COURT": "NO", "DISC_GOLF": "YES", "DOG_PARK": "YES", "EQUESTRIAN": "NO", "FISHING_ACCESS": "YES", "FITNESS_CENTERS": "NO", "GARDEN_ARBORETUM": "NO", "GOLF_COURSE_9_HOLE": "YES", "GOLF_COURSE_18_HOLE": "NO", "GREENWAY_TRAILHEAD": "YES", "MOUNTAIN_BIKING": "NO", "NATURE_TRAILS": "YES", "OUTDOOR_FITNESS_STATION": "YES", "PAVILION": "YES", "PLAYGROUND": "YES", "PRIMITIVE_TRAILS": "NO", "RECREATION_CENTER": "NO", "RUGBY_FIELD": "NO", "RV_PARK": "NO", "SAND_VOLLEYBALL": "NO", "SHUFFLEBOARD": "NO", "SKATE_PARK": "NO", "SOCCER_FIELD": "NO", "SPLASH_PAD": "YES", "STADIUM": "NO", "SWIMMING_POOL": "NO", "TENNIS_CENTER": "YES", "TENNIS_COURTS": "YES", "VELODROME": "NO", "WALKING_LOOP_OUTDOOR": "YES", "WALKING_TRACK_INDOOR": "NO" }, "geometry": { "type": "Polygon", "coordinates": [ [ [ -91.16115950735032, 30.561823914724723 ], [ -91.160944513092744, 30.562175153951237 ], [ -91.160804111314576, 30.562404405987692 ], [ -91.160648505316061, 30.562564524054789 ], [ -91.16042774690365, 30.56272777267073 ], [ -91.160130152858557, 30.562891109858853 ], [ -91.160042205847702, 30.5629593979479 ], [ -91.15998224838566, 30.563055292798762 ], [ -91.159957780926902, 30.563154071031828 ], [ -91.159910414196261, 30.563338774453069 ], [ -91.15949490437427, 30.564134512654054 ], [ -91.159103310715665, 30.564369165249882 ], [ -91.158627408127742, 30.564612771938247 ], [ -91.158153834086221, 30.564769005014128 ], [ -91.157745902332209, 30.564927173547879 ], [ -91.157005621394958, 30.56503437954439 ], [ -91.157011468880199, 30.565589745937952 ], [ -91.157015059922742, 30.565875268319232 ], [ -91.15702034162554, 30.566295128391708 ], [ -91.157025073558472, 30.566671277215306 ], [ -91.157028241010764, 30.566923046164518 ], [ -91.157031254064549, 30.567162579532805 ], [ -91.157034445211053, 30.567416283361965 ], [ -91.157036612596016, 30.567588554501004 ], [ -91.160959155946315, 30.56712964028608 ], [ -91.161933267339123, 30.567195048327157 ], [ -91.162069315132129, 30.568129890130848 ], [ -91.163530961979873, 30.567957667679099 ], [ -91.16359579347548, 30.567945751781792 ], [ -91.163627807781793, 30.567938329286239 ], [ -91.163659502665254, 30.567929942086629 ], [ -91.16369083953667, 30.567920600958207 ], [ -91.163721778762806, 30.567910317577144 ], [ -91.16375228488188, 30.567899102722841 ], [ -91.163782317210647, 30.567886972580265 ], [ -91.163811842367636, 30.567873940637703 ], [ -91.163840821754633, 30.567860023082911 ], [ -91.163869220943212, 30.567845236109015 ], [ -91.163897005498882, 30.567829599517335 ], [ -91.163924140990261, 30.567813131305101 ], [ -91.163950594025394, 30.567795851274962 ], [ -91.163976332250272, 30.56777778193711 ], [ -91.164001324356349, 30.567758943999021 ], [ -91.164025539030689, 30.567739360874167 ], [ -91.164048948084485, 30.567719057784242 ], [ -91.164071522289802, 30.56769805814556 ], [ -91.164093233456498, 30.567676388081793 ], [ -91.164114055479487, 30.567654073719339 ], [ -91.164133962250446, 30.567631142988613 ], [ -91.164152930787168, 30.567607624726165 ], [ -91.164170937069528, 30.567583545061055 ], [ -91.164187958109139, 30.567558936437916 ], [ -91.164203975095162, 30.567533826796517 ], [ -91.164218966081819, 30.567508248582804 ], [ -91.164232915382527, 30.567482231544673 ], [ -91.164245803134932, 30.567455809032776 ], [ -91.164257615735991, 30.567429011699588 ], [ -91.164268337491649, 30.56740187380311 ], [ -91.164277955838116, 30.567374427801134 ], [ -91.164286459252807, 30.567346707055062 ], [ -91.164293837252387, 30.567318746731306 ], [ -91.164300079358071, 30.567290579290503 ], [ -91.16430518029722, 30.567262240807796 ], [ -91.164312304419354, 30.567204641629715 ], [ -91.164317613242872, 30.567176039111597 ], [ -91.164324078847557, 30.567147615772495 ], [ -91.164331692833045, 30.567119406781362 ], [ -91.164340445759748, 30.567091445501621 ], [ -91.164350327141065, 30.567063768001525 ], [ -91.164361324411786, 30.567036406738552 ], [ -91.164373423959745, 30.567009396874681 ], [ -91.164386612177324, 30.566982770866097 ], [ -91.16440087024489, 30.566956561162023 ], [ -91.164416183511236, 30.566930801119231 ], [ -91.164432531074979, 30.566905521380207 ], [ -91.164449894118292, 30.566880753492249 ], [ -91.164468250697766, 30.566856528096505 ], [ -91.164487577829036, 30.566832874930835 ], [ -91.164507851486974, 30.566809822829672 ], [ -91.164529048689033, 30.566787400628794 ], [ -91.164551140199706, 30.566765636253852 ], [ -91.164574101998767, 30.566744555833228 ], [ -91.164597903813004, 30.566724184585212 ], [ -91.16462251640877, 30.566704549533465 ], [ -91.164647910560134, 30.566685673191444 ], [ -91.164674054953309, 30.566667579874139 ], [ -91.164700915151997, 30.566650291186374 ], [ -91.164728460889577, 30.566633828738304 ], [ -91.164756657731417, 30.566618213232648 ], [ -91.164785469162823, 30.566603462663512 ], [ -91.164814861794795, 30.566589595931088 ], [ -91.164844798071684, 30.566576630125919 ], [ -91.16487524148215, 30.566564581438165 ], [ -91.164906154475318, 30.566553464252401 ], [ -91.164937499502074, 30.566543292051271 ], [ -91.16496923797078, 30.566534078316053 ], [ -91.165001329209801, 30.566525833819437 ], [ -91.165033736718655, 30.566518568437157 ], [ -91.165066417742395, 30.566512292037309 ], [ -91.16509933265948, 30.566507010883559 ], [ -91.165132442887781, 30.566502733045176 ], [ -91.165143404757288, 30.566282825367761 ], [ -91.164646035789332, 30.566089761855331 ], [ -91.164298913234674, 30.563742491178843 ], [ -91.164254184422035, 30.563576194903259 ], [ -91.164226736511282, 30.563494181805002 ], [ -91.164195944197516, 30.563413061963953 ], [ -91.164161847965545, 30.563332938262928 ], [ -91.164124488302761, 30.563253911780471 ], [ -91.164083912997413, 30.563176080898103 ], [ -91.164040174004967, 30.563099544904613 ], [ -91.163993325371479, 30.563024399483066 ], [ -91.163943426355743, 30.562950739421069 ], [ -91.163890539346056, 30.562878657705941 ], [ -91.163834731948114, 30.562808243723509 ], [ -91.163776073851778, 30.562739586862079 ], [ -91.163714638918677, 30.562672774711157 ], [ -91.163650504147697, 30.562607888550012 ], [ -91.163583749657903, 30.562545013269947 ], [ -91.163514461835774, 30.562484225651971 ], [ -91.163442724982303, 30.562425602474438 ], [ -91.163368630697391, 30.562369218721063 ], [ -91.163292272674269, 30.562315143965854 ], [ -91.163213746690062, 30.562263447785863 ], [ -91.163133150616915, 30.562214193446433 ], [ -91.163050587537896, 30.562167444219835 ], [ -91.162966160544826, 30.562123257966174 ], [ -91.162879974815027, 30.562081691646362 ], [ -91.162792139705601, 30.562042795912653 ], [ -91.162702766657745, 30.562006621420089 ], [ -91.162611967122771, 30.561973212509749 ], [ -91.162519854641076, 30.561942610819397 ], [ -91.16242654692482, 30.561914856188398 ], [ -91.162332159610571, 30.561889983041549 ], [ -91.16223681355234, 30.561868022202322 ], [ -91.162140626481275, 30.561849001784491 ], [ -91.162043720305462, 30.561832945397157 ], [ -91.161946216939043, 30.561819873041717 ], [ -91.161848239342746, 30.561809802014945 ], [ -91.161749911527394, 30.561802745105282 ], [ -91.161651355428234, 30.561798709686357 ], [ -91.161552696109098, 30.561797702234479 ], [ -91.161454057602342, 30.56179972291017 ], [ -91.161355563941811, 30.561804770972703 ], [ -91.161257339175648, 30.561812837563043 ], [ -91.16115950735032, 30.561823914724723 ] ] ] } },
{ "type": "Feature", "properties": { "ID": 145, "BG_ID": 171, "PARKID": "GRNWD", "FACILITY_NAME": "J.S. Clark Golf Course", "CLASSIFICATION": "Golf Course", "FULL_ADDRESS": "2301 THOMAS RD", "CITY": "BAKER", "STATE": "LOUISIANA", "ZIP": 70714, "ACREAGE": 658.854, "AIRGUN_RANGE": "NO", "AIRNASIUM": "NO", "ARCHERY_RANGE": "NO", "BALL_MULTI_PURPOSE_FIELD": "YES", "BASKETBALL_INDOOR": "NO", "BASKETBALL_OUTDOOR": "NO", "BIKE_REPAIR_STATION": "NO", "BIRD_WATCHING_WILDLIFE_VIEWING": "YES", "BLUEWAY_TRAILHEAD": "NO", "BMX": "NO", "CANOE_KAYAK_LAUNCH": "YES", "CRICKET_PITCH": "NO", "CROQUET_COURT": "NO", "DISC_GOLF": "YES", "DOG_PARK": "YES", "EQUESTRIAN": "NO", "FISHING_ACCESS": "YES", "FITNESS_CENTERS": "NO", "GARDEN_ARBORETUM": "NO", "GOLF_COURSE_9_HOLE": "YES", "GOLF_COURSE_18_HOLE": "NO", "GREENWAY_TRAILHEAD": "YES", "MOUNTAIN_BIKING": "NO", "NATURE_TRAILS": "YES", "OUTDOOR_FITNESS_STATION": "YES", "PAVILION": "YES", "PLAYGROUND": "YES", "PRIMITIVE_TRAILS": "NO", "RECREATION_CENTER": "NO", "RUGBY_FIELD": "NO", "RV_PARK": "NO", "SAND_VOLLEYBALL": "NO", "SHUFFLEBOARD": "NO", "SKATE_PARK": "NO", "SOCCER_FIELD": "NO", "SPLASH_PAD": "YES", "STADIUM": "NO", "SWIMMING_POOL": "NO", "TENNIS_CENTER": "YES", "TENNIS_COURTS": "YES", "VELODROME": "NO", "WALKING_LOOP_OUTDOOR": "YES", "WALKING_TRACK_INDOOR": "NO" }, "geometry": { "type": "Polygon", "coordinates": [ [ [ -91.170071592969293, 30.563672302738475 ], [ -91.170110744373346, 30.563654954124772 ], [ -91.170129719143034, 30.563645324707089 ], [ -91.170148257123103, 30.563635077748184 ], [ -91.170166329105925, 30.563624225840861 ], [ -91.170183911085232, 30.563612787898755 ], [ -91.170200978021512, 30.563600777421911 ], [ -91.170217502779991, 30.563588214222097 ], [ -91.170233462401455, 30.563575114508133 ], [ -91.170289288878948, 30.563529808486368 ], [ -91.17031578181998, 30.563505905284675 ], [ -91.170341282662619, 30.563481207054878 ], [ -91.17036576008374, 30.563455745330572 ], [ -91.170389183802584, 30.563429551646756 ], [ -91.170411524579364, 30.563402658441653 ], [ -91.170432754214005, 30.563375099958886 ], [ -91.170452845548709, 30.563346910443357 ], [ -91.170471775595459, 30.563318124145137 ], [ -91.17048951927697, 30.563288778017757 ], [ -91.170506054644861, 30.563258908116548 ], [ -91.170521361833991, 30.563228551401497 ], [ -91.170535420976364, 30.563197746636639 ], [ -91.170548214291799, 30.563166530784407 ], [ -91.170559727122864, 30.563134943517138 ], [ -91.170569943768385, 30.563103025408115 ], [ -91.170578852701141, 30.563070814329357 ], [ -91.17058644134724, 30.563038350857774 ], [ -91.170592701300734, 30.56300567647752 ], [ -91.170597624158717, 30.562972830868464 ], [ -91.170615640640023, 30.562935351295923 ], [ -91.170625776540476, 30.562917044072872 ], [ -91.170636647833874, 30.562899055273157 ], [ -91.170648240930461, 30.562881408333084 ], [ -91.170660541204157, 30.562864123079631 ], [ -91.170673535066896, 30.562847222047097 ], [ -91.170687204765542, 30.562830725058411 ], [ -91.170701534630254, 30.5628146528414 ], [ -91.170716506906487, 30.562799026120949 ], [ -91.170732102803285, 30.562783862012814 ], [ -91.170748303523837, 30.562769181240679 ], [ -91.170765088192454, 30.562755000917669 ], [ -91.170782438018406, 30.562741338159391 ], [ -91.170800330041359, 30.562728210076354 ], [ -91.170818743387258, 30.562715632879502 ], [ -91.170837654056513, 30.562703621874121 ], [ -91.170857040135715, 30.562692191465725 ], [ -91.170876876583023, 30.562681356958286 ], [ -91.170897140447153, 30.562671130050038 ], [ -91.170917806687783, 30.562661525142815 ], [ -91.170938848187177, 30.562652552125709 ], [ -91.170960240950379, 30.562644223597871 ], [ -91.170981956818892, 30.562636548544919 ], [ -91.171003971802179, 30.562629536859962 ], [ -91.171026255657139, 30.562623197526158 ], [ -91.171048783353797, 30.562617538631184 ], [ -91.17107152673826, 30.562612566454657 ], [ -91.171094457657972, 30.56260828637437 ], [ -91.171117546915198, 30.562604705570838 ], [ -91.17114076844662, 30.562601826718065 ], [ -91.171164090974173, 30.562599654288082 ], [ -91.171187487393723, 30.562598190051634 ], [ -91.171210929555713, 30.56259743758244 ], [ -91.171234387233355, 30.562597395941435 ], [ -91.171257832281597, 30.562598065996152 ], [ -91.17128123551602, 30.562599446808861 ], [ -91.171304568795946, 30.562601536541113 ], [ -91.171327802938407, 30.562604333353057 ], [ -91.171350909807117, 30.562607832700152 ], [ -91.171373860222076, 30.562612030938563 ], [ -91.172751527063483, 30.563165524533233 ], [ -91.173153887141225, 30.56108060165856 ], [ -91.171685718631835, 30.560939548491735 ], [ -91.171739289120978, 30.560554750629876 ], [ -91.171252389432283, 30.560444194970717 ], [ -91.170125631857942, 30.560232391993182 ], [ -91.170049851793422, 30.561240273081246 ], [ -91.170040286703639, 30.561281019412434 ], [ -91.170034271442702, 30.561301149308537 ], [ -91.170027442414408, 30.561321085162298 ], [ -91.170019810086444, 30.561340799925272 ], [ -91.170011382832939, 30.561360271958293 ], [ -91.170002171120146, 30.561379475114897 ], [ -91.169992186449306, 30.561398387759908 ], [ -91.16998144032766, 30.561416984649998 ], [ -91.169969947383564, 30.561435244153969 ], [ -91.169957720163751, 30.561453142833788 ], [ -91.169944775381367, 30.561470659060781 ], [ -91.169931127663432, 30.561487772105643 ], [ -91.169916794767033, 30.561504459438972 ], [ -91.169901794443462, 30.561520702139415 ], [ -91.169886143405989, 30.561536478578258 ], [ -91.169869863575371, 30.561551769839248 ], [ -91.169852972701463, 30.561566557903237 ], [ -91.169835492706554, 30.561580822951981 ], [ -91.169817444464755, 30.561594548774163 ], [ -91.169798851978655, 30.561607718260273 ], [ -91.169779736122436, 30.561620315199082 ], [ -91.169760120897323, 30.56163232338308 ], [ -91.169740031343991, 30.561643728410235 ], [ -91.169719491460881, 30.561654515877326 ], [ -91.169698527328066, 30.561664673187593 ], [ -91.169677162941085, 30.561674187741914 ], [ -91.169655426463336, 30.561683047848273 ], [ -91.169633343973686, 30.561691241812092 ], [ -91.169610943631113, 30.561698760647516 ], [ -91.169588251511541, 30.561705594464218 ], [ -91.169565295774021, 30.561711734276262 ], [ -91.16954210561569, 30.561717173805388 ], [ -91.169518709192701, 30.561721905869966 ], [ -91.169495135702164, 30.561725924191567 ], [ -91.169471413297316, 30.561729223392707 ], [ -91.169447571169314, 30.561731800803301 ], [ -91.169423639554708, 30.561733651950558 ], [ -91.16939964764164, 30.561734775968365 ], [ -91.169375625663747, 30.561735170188062 ], [ -91.169351601765314, 30.561734834644486 ], [ -91.169327606173979, 30.561733770277076 ], [ -91.169303669118833, 30.561731977123369 ], [ -91.169279818739682, 30.561729457924368 ], [ -91.16925608630207, 30.56172621632701 ], [ -91.169232498901934, 30.561722255973205 ], [ -91.169209087803225, 30.561717581411962 ], [ -91.169185879055092, 30.561712198990019 ], [ -91.169162903918419, 30.561706115060513 ], [ -91.169140189481681, 30.561699337775686 ], [ -91.169117763878631, 30.561691873484779 ], [ -91.169095655234102, 30.561683733949547 ], [ -91.169073889594102, 30.561674927320784 ], [ -91.169052495084827, 30.561665464458219 ], [ -91.169031496700896, 30.561655358923655 ], [ -91.169010922568503, 30.561644621576807 ], [ -91.168990795598845, 30.56163326507496 ], [ -91.168971140783555, 30.561621304784136 ], [ -91.168951984157886, 30.561608755169637 ], [ -91.168933347586218, 30.56159563159358 ], [ -91.168915256058412, 30.561581950324211 ], [ -91.168897729352508, 30.56156772762295 ], [ -91.168880790370636, 30.56155298155954 ], [ -91.168864459930077, 30.561537730201003 ], [ -91.168848757805804, 30.561521991613088 ], [ -91.168833703768087, 30.561505786567594 ], [ -91.168819316547953, 30.561489134031159 ], [ -91.168805612788717, 30.561472054771603 ], [ -91.168792611218123, 30.561454569559579 ], [ -91.168780325349317, 30.561436700963228 ], [ -91.168768772867693, 30.561418469751956 ], [ -91.168757966242424, 30.561399899394534 ], [ -91.168747918988004, 30.561381011557096 ], [ -91.168738644614194, 30.56136183061199 ], [ -91.16873015350545, 30.561342380025494 ], [ -91.168722456045927, 30.561322683263828 ], [ -91.168715562618473, 30.561302764695434 ], [ -91.168605063938344, 30.561081275565872 ], [ -91.168556791686697, 30.560968094191178 ], [ -91.168513255263164, 30.560853483531435 ], [ -91.168474512779142, 30.560737591599406 ], [ -91.168440611918427, 30.560620568198477 ], [ -91.168411599317423, 30.56050256583644 ], [ -91.168387510148776, 30.560383735202354 ], [ -91.168368377490992, 30.560264232394264 ], [ -91.168354224001504, 30.560144211692741 ], [ -91.168345070252769, 30.560023827375275 ], [ -91.168340926388893, 30.559903236411841 ], [ -91.168341798387644, 30.559782593962673 ], [ -91.168347685969565, 30.559662056983726 ], [ -91.168114666576315, 30.558654307347261 ], [ -91.167986713031269, 30.558663555991618 ], [ -91.167318965303622, 30.558711823461135 ], [ -91.167034867959401, 30.558732181595875 ], [ -91.166734784832741, 30.55875402993976 ], [ -91.16651030713939, 30.558770422576814 ], [ -91.166365842736127, 30.55878089097245 ], [ -91.165975662211295, 30.558792075396418 ], [ -91.165583632404903, 30.558803312254792 ], [ -91.165400321924182, 30.558811421132518 ], [ -91.165250372133755, 30.558815383898359 ], [ -91.166442083921808, 30.562252573975677 ], [ -91.167442337766687, 30.562449872881434 ], [ -91.167457863518763, 30.562419579928726 ], [ -91.167466534720091, 30.562404804428805 ], [ -91.167475797532788, 30.562390300283582 ], [ -91.167485640460484, 30.562376085519436 ], [ -91.167496052008246, 30.562362177260741 ], [ -91.167507019638833, 30.562348592630517 ], [ -91.167518528731762, 30.562335347847327 ], [ -91.167530565708987, 30.562322459130737 ], [ -91.167543116992519, 30.562309942700526 ], [ -91.167556164837833, 30.562297812967067 ], [ -91.16756969566697, 30.562286086150138 ], [ -91.167583691735544, 30.562274776660114 ], [ -91.167598136346001, 30.562263896202531 ], [ -91.167613011752564, 30.562253460089885 ], [ -91.167628300215313, 30.562243480026424 ], [ -91.167643981906807, 30.562233969517944 ], [ -91.167660038047842, 30.562224938463309 ], [ -91.167676449856387, 30.562216398565553 ], [ -91.167693195424803, 30.562208360621657 ], [ -91.16771025701631, 30.562200834531829 ], [ -91.167727611683986, 30.562193829287803 ], [ -91.167745238567164, 30.562187352981745 ], [ -91.167763115761119, 30.562181414606638 ], [ -91.167781222408379, 30.562176020450671 ], [ -91.167799536608769, 30.562171176800653 ], [ -91.167818034376097, 30.562166890842946 ], [ -91.167836694855765, 30.562163167061659 ], [ -91.16785549406454, 30.562160010838998 ], [ -91.167874409066158, 30.562157424852398 ], [ -91.167893416924301, 30.562155411779294 ], [ -91.167912494699621, 30.562153976101275 ], [ -91.167931618416532, 30.562153118690301 ], [ -91.16795076514326, 30.562152839517786 ], [ -91.167969911944994, 30.562153140359204 ], [ -91.167989034849086, 30.562154020282506 ], [ -91.168008109882976, 30.562155478355752 ], [ -91.168027115161721, 30.562157511845463 ], [ -91.168046026712688, 30.562160119819787 ], [ -91.168064820567679, 30.562163298640584 ], [ -91.168083474844892, 30.562167043770362 ], [ -91.168101966620029, 30.562171350670344 ], [ -91.168120272968693, 30.562176214801724 ], [ -91.168138370969643, 30.562181629821687 ], [ -91.168156239786299, 30.562187589389946 ], [ -91.168173856500303, 30.562194085359668 ], [ -91.168191200275032, 30.562201111390532 ], [ -91.16820825028131, 30.562208656632112 ], [ -91.16822498359933, 30.562216713839611 ], [ -91.168241382526929, 30.562225272166476 ], [ -91.168257425191129, 30.562234321663055 ], [ -91.168273091806455, 30.56224385057812 ], [ -91.1682883646709, 30.562253848065236 ], [ -91.168303224000425, 30.562264301471206 ], [ -91.168317652095936, 30.562275198145421 ], [ -91.168331630217295, 30.562286524533935 ], [ -91.168345143795349, 30.562298266185998 ], [ -91.16835817304613, 30.562310410448475 ], [ -91.168370704444314, 30.562322941969757 ], [ -91.168382722382788, 30.562335843591757 ], [ -91.168394211248469, 30.562349101764259 ], [ -91.168405157518933, 30.562362699331842 ], [ -91.168415547670193, 30.562376620040855 ], [ -91.168425369223797, 30.562390845834909 ], [ -91.168434609696575, 30.562405361363904 ], [ -91.168443258697607, 30.562420146769789 ], [ -91.168451303746792, 30.562435184898394 ], [ -91.168458737578831, 30.562450456797617 ], [ -91.168465549799691, 30.562465944413834 ], [ -91.16847173210023, 30.56248162969576 ], [ -91.168477276177157, 30.56249749098399 ], [ -91.168482176846808, 30.56251351113335 ], [ -91.168486426846826, 30.562529669387668 ], [ -91.168490020996558, 30.562545946797574 ], [ -91.168492956202982, 30.562562322612184 ], [ -91.168495227285462, 30.562578777882099 ], [ -91.168496832194876, 30.562595290955738 ], [ -91.168502306765447, 30.562641685558038 ], [ -91.168506459856317, 30.56266472811603 ], [ -91.16851155028013, 30.562687629316994 ], [ -91.168517572872219, 30.562710361190891 ], [ -91.168524518299719, 30.562732894860481 ], [ -91.168532378272246, 30.562755201449754 ], [ -91.168541144494853, 30.562777254788937 ], [ -91.168550804505998, 30.562799026898855 ], [ -91.16856134688652, 30.562820489801592 ], [ -91.168572758131006, 30.56284161641878 ], [ -91.168585024729495, 30.562862382378032 ], [ -91.168598130050768, 30.56288275969505 ], [ -91.168612059540948, 30.562902724898201 ], [ -91.168626794482478, 30.562922250902588 ], [ -91.16864231719272, 30.562941315134697 ], [ -91.168658607907147, 30.562959893214448 ], [ -91.168675646859796, 30.562977961663776 ], [ -91.168693411154422, 30.562995498804717 ], [ -91.168711881023455, 30.563012482061357 ], [ -91.168731031485734, 30.563028889753088 ], [ -91.16875084068279, 30.563044702909583 ], [ -91.168771281547251, 30.563059900749717 ], [ -91.168792330135759, 30.563074464300577 ], [ -91.168813959374688, 30.563088376389217 ], [ -91.168836143235922, 30.563101618040136 ], [ -91.168858853600412, 30.563114173883296 ], [ -91.168882062349056, 30.563126028548705 ], [ -91.168905739279552, 30.563137165761763 ], [ -91.16892985731063, 30.563147572860004 ], [ -91.168954383106637, 30.563157237173005 ], [ -91.168979289586304, 30.563166146038387 ], [ -91.169004543412399, 30.563174287687939 ], [ -91.169030113328049, 30.563181653062209 ], [ -91.169052377728377, 30.563185320447168 ], [ -91.169063377181274, 30.563187689338537 ], [ -91.169074266603715, 30.563190408988927 ], [ -91.169085032449161, 30.563193476675341 ], [ -91.169095659088157, 30.563196888770229 ], [ -91.169106130892544, 30.563200640744064 ], [ -91.168919692887542, 30.563509163894132 ], [ -91.168954088760046, 30.564052901926608 ], [ -91.168819342243594, 30.56442537918743 ], [ -91.168980037706049, 30.565433552797543 ], [ -91.169749519664279, 30.565434505624093 ], [ -91.169938786285329, 30.566247226057143 ], [ -91.170141933247422, 30.567206578064742 ], [ -91.170176407468176, 30.567707552825262 ], [ -91.169769947840308, 30.570168946522433 ], [ -91.170136021277926, 30.570798617002183 ], [ -91.170587660745682, 30.570915242554243 ], [ -91.171004952597471, 30.570451476683445 ], [ -91.171347772706824, 30.570424945172842 ], [ -91.172022642008415, 30.56692819278447 ], [ -91.172044281925949, 30.566816494419086 ], [ -91.172005489845333, 30.566802081177414 ], [ -91.171934488566379, 30.566770709892637 ], [ -91.171900058679697, 30.566753317967887 ], [ -91.171866407209222, 30.56673481927055 ], [ -91.171833581020252, 30.566715240919784 ], [ -91.171801626978066, 30.566694610034695 ], [ -91.17177059090092, 30.566672956439376 ], [ -91.171740515479712, 30.566650309953989 ], [ -91.171711444443147, 30.56662670310628 ], [ -91.171683416307872, 30.566602168417475 ], [ -91.171628345123921, 30.566548009075639 ], [ -91.171602693856585, 30.566519568705374 ], [ -91.171578353263556, 30.566490279301309 ], [ -91.171484391013351, 30.56635483319695 ], [ -91.171433269460991, 30.56628937866293 ], [ -91.171379474657968, 30.566225549933772 ], [ -91.17132307423374, 30.566163426469259 ], [ -91.171264142067301, 30.566103090442748 ], [ -91.171202752048686, 30.566044616811261 ], [ -91.171138983276393, 30.565988082342418 ], [ -91.171072917984446, 30.565933558395159 ], [ -91.171004640493919, 30.565881114527212 ], [ -91.170934237211441, 30.565830819396691 ], [ -91.17086180080797, 30.565782735355242 ], [ -91.170787421867374, 30.565736925654178 ], [ -91.170711196192343, 30.565693449040822 ], [ -91.170633221677349, 30.565652359755308 ], [ -91.17055359725984, 30.565613711136997 ], [ -91.170472427093486, 30.565577553825591 ], [ -91.17038981221431, 30.565543932143083 ], [ -91.170305860954755, 30.56551289042045 ], [ -91.170220680613355, 30.565484467575434 ], [ -91.170134378489493, 30.565458701623896 ], [ -91.170047066063759, 30.565435623370853 ], [ -91.169958855857189, 30.565415264524781 ], [ -91.1698698604024, 30.565397649578053 ], [ -91.169780193275642, 30.565382802122734 ], [ -91.169736685798014, 30.564298992451306 ], [ -91.169731320360327, 30.5642536489453 ], [ -91.169730042424874, 30.564230881506553 ], [ -91.169729703724983, 30.56420808997083 ], [ -91.169730305256294, 30.564185302302654 ], [ -91.169731845928112, 30.564162547366287 ], [ -91.169734323607472, 30.564139854024603 ], [ -91.169737735115888, 30.564117252943149 ], [ -91.16974207624007, 30.564094770276 ], [ -91.169747341716842, 30.564072436686292 ], [ -91.169753524204239, 30.564050279226038 ], [ -91.169760615313493, 30.564028327652512 ], [ -91.169768607704128, 30.564006608115765 ], [ -91.169777490904181, 30.563985149468191 ], [ -91.169787252359811, 30.563963978755563 ], [ -91.169797879517319, 30.563943123023602 ], [ -91.169809360866822, 30.563922608417212 ], [ -91.169821679686592, 30.563902461074946 ], [ -91.169834822382157, 30.563882707139186 ], [ -91.169848770149954, 30.563863370941586 ], [ -91.169863506269962, 30.563844477718764 ], [ -91.169879011938832, 30.563826051802433 ], [ -91.169895267312342, 30.563808116621093 ], [ -91.169912251506943, 30.56379069379777 ], [ -91.169929942593768, 30.563773806758409 ], [ -91.169948319689396, 30.563757477126103 ], [ -91.169967357743843, 30.563741724714667 ], [ -91.169987032748097, 30.563726570241325 ], [ -91.170007319653735, 30.56371203261785 ], [ -91.170028193414026, 30.563698129854057 ], [ -91.170049626895874, 30.563684880859224 ], [ -91.170071592969293, 30.563672302738475 ] ] ] } },
{ "type": "Feature", "properties": { "ID": 146, "BG_ID": 146, "PARKID": "GRNWD", "FACILITY_NAME": "Greenwood Community Park", "CLASSIFICATION": "Community", "FULL_ADDRESS": "13350 SCOTLAND-ZACHARY HWY", "CITY": "BAKER", "STATE": "LOUISIANA", "ZIP": 70714, "ACREAGE": 658.854, "AIRGUN_RANGE": "NO", "AIRNASIUM": "NO", "ARCHERY_RANGE": "NO", "BALL_MULTI_PURPOSE_FIELD": "YES", "BASKETBALL_INDOOR": "NO", "BASKETBALL_OUTDOOR": "NO", "BIKE_REPAIR_STATION": "NO", "BIRD_WATCHING_WILDLIFE_VIEWING": "YES", "BLUEWAY_TRAILHEAD": "NO", "BMX": "NO", "CANOE_KAYAK_LAUNCH": "YES", "CRICKET_PITCH": "NO", "CROQUET_COURT": "NO", "DISC_GOLF": "YES", "DOG_PARK": "YES", "EQUESTRIAN": "NO", "FISHING_ACCESS": "YES", "FITNESS_CENTERS": "NO", "GARDEN_ARBORETUM": "NO", "GOLF_COURSE_9_HOLE": "YES", "GOLF_COURSE_18_HOLE": "NO", "GREENWAY_TRAILHEAD": "YES", "MOUNTAIN_BIKING": "NO", "NATURE_TRAILS": "YES", "OUTDOOR_FITNESS_STATION": "YES", "PAVILION": "YES", "PLAYGROUND": "YES", "PRIMITIVE_TRAILS": "NO", "RECREATION_CENTER": "NO", "RUGBY_FIELD": "NO", "RV_PARK": "NO", "SAND_VOLLEYBALL": "NO", "SHUFFLEBOARD": "NO", "SKATE_PARK": "NO", "SOCCER_FIELD": "NO", "SPLASH_PAD": "YES", "STADIUM": "NO", "SWIMMING_POOL": "NO", "TENNIS_CENTER": "YES", "TENNIS_COURTS": "YES", "VELODROME": "NO", "WALKING_LOOP_OUTDOOR": "YES", "WALKING_TRACK_INDOOR": "NO" }, "geometry": { "type": "MultiPolygon", "coordinates": [ [ [ [ -91.16115950735032, 30.561823914724723 ], [ -91.161355563941811, 30.561804770972703 ], [ -91.161454057602342, 30.56179972291017 ], [ -91.161552696109098, 30.561797702234479 ], [ -91.161651355428234, 30.561798709686357 ], [ -91.161749911527394, 30.561802745105282 ], [ -91.161848239342746, 30.561809802014945 ], [ -91.161946216939043, 30.561819873041717 ], [ -91.162043720305462, 30.561832945397157 ], [ -91.162140626481275, 30.561849001784491 ], [ -91.16223681355234, 30.561868022202322 ], [ -91.162332159610571, 30.561889983041549 ], [ -91.16242654692482, 30.561914856188398 ], [ -91.162519854641076, 30.561942610819397 ], [ -91.162611967122771, 30.561973212509749 ], [ -91.162702766657745, 30.562006621420089 ], [ -91.162792139705601, 30.562042795912653 ], [ -91.162879974815027, 30.562081691646362 ], [ -91.162966160544826, 30.562123257966174 ], [ -91.163050587537896, 30.562167444219835 ], [ -91.163133150616915, 30.562214193446433 ], [ -91.163213746690062, 30.562263447785863 ], [ -91.163292272674269, 30.562315143965854 ], [ -91.163368630697391, 30.562369218721063 ], [ -91.163442724982303, 30.562425602474438 ], [ -91.163514461835774, 30.562484225651971 ], [ -91.163583749657903, 30.562545013269947 ], [ -91.163650504147697, 30.562607888550012 ], [ -91.163714638918677, 30.562672774711157 ], [ -91.163776073851778, 30.562739586862079 ], [ -91.163834731948114, 30.562808243723509 ], [ -91.163890539346056, 30.562878657705941 ], [ -91.163943426355743, 30.562950739421069 ], [ -91.163993325371479, 30.563024399483066 ], [ -91.164040174004967, 30.563099544904613 ], [ -91.164083912997413, 30.563176080898103 ], [ -91.164124488302761, 30.563253911780471 ], [ -91.164161847965545, 30.563332938262928 ], [ -91.164195944197516, 30.563413061963953 ], [ -91.164226736511282, 30.563494181805002 ], [ -91.164254184422035, 30.563576194903259 ], [ -91.16427825265346, 30.563659000186334 ], [ -91.164298913234674, 30.563742491178843 ], [ -91.164646035789332, 30.566089761855331 ], [ -91.165143404757288, 30.566282825367761 ], [ -91.165132442887781, 30.566502733045176 ], [ -91.165066417742395, 30.566512292037309 ], [ -91.165033736718655, 30.566518568437157 ], [ -91.165001329209801, 30.566525833819437 ], [ -91.16496923797078, 30.566534078316053 ], [ -91.164937499502074, 30.566543292051271 ], [ -91.164906154475318, 30.566553464252401 ], [ -91.16487524148215, 30.566564581438165 ], [ -91.164844798071684, 30.566576630125919 ], [ -91.164814861794795, 30.566589595931088 ], [ -91.164785469162823, 30.566603462663512 ], [ -91.164756657731417, 30.566618213232648 ], [ -91.164728460889577, 30.566633828738304 ], [ -91.164700915151997, 30.566650291186374 ], [ -91.164674054953309, 30.566667579874139 ], [ -91.164647910560134, 30.566685673191444 ], [ -91.16462251640877, 30.566704549533465 ], [ -91.164597903813004, 30.566724184585212 ], [ -91.164574101998767, 30.566744555833228 ], [ -91.164551140199706, 30.566765636253852 ], [ -91.164529048689033, 30.566787400628794 ], [ -91.164507851486974, 30.566809822829672 ], [ -91.164487577829036, 30.566832874930835 ], [ -91.164468250697766, 30.566856528096505 ], [ -91.164449894118292, 30.566880753492249 ], [ -91.164432531074979, 30.566905521380207 ], [ -91.164416183511236, 30.566930801119231 ], [ -91.16440087024489, 30.566956561162023 ], [ -91.164386612177324, 30.566982770866097 ], [ -91.164373423959745, 30.567009396874681 ], [ -91.164361324411786, 30.567036406738552 ], [ -91.164350327141065, 30.567063768001525 ], [ -91.164340445759748, 30.567091445501621 ], [ -91.164331692833045, 30.567119406781362 ], [ -91.164324078847557, 30.567147615772495 ], [ -91.164317613242872, 30.567176039111597 ], [ -91.164312304419354, 30.567204641629715 ], [ -91.164308157651476, 30.567233387251878 ], [ -91.16430518029722, 30.567262240807796 ], [ -91.164293837252387, 30.567318746731306 ], [ -91.164286459252807, 30.567346707055062 ], [ -91.164277955838116, 30.567374427801134 ], [ -91.164268337491649, 30.56740187380311 ], [ -91.164257615735991, 30.567429011699588 ], [ -91.164245803134932, 30.567455809032776 ], [ -91.164232915382527, 30.567482231544673 ], [ -91.164218966081819, 30.567508248582804 ], [ -91.164203975095162, 30.567533826796517 ], [ -91.164187958109139, 30.567558936437916 ], [ -91.164170937069528, 30.567583545061055 ], [ -91.164152930787168, 30.567607624726165 ], [ -91.164133962250446, 30.567631142988613 ], [ -91.164114055479487, 30.567654073719339 ], [ -91.164093233456498, 30.567676388081793 ], [ -91.164071522289802, 30.56769805814556 ], [ -91.164048948084485, 30.567719057784242 ], [ -91.164025539030689, 30.567739360874167 ], [ -91.164001324356349, 30.567758943999021 ], [ -91.163976332250272, 30.56777778193711 ], [ -91.163950594025394, 30.567795851274962 ], [ -91.163924140990261, 30.567813131305101 ], [ -91.163897005498882, 30.567829599517335 ], [ -91.163869220943212, 30.567845236109015 ], [ -91.163840821754633, 30.567860023082911 ], [ -91.163811842367636, 30.567873940637703 ], [ -91.163782317210647, 30.567886972580265 ], [ -91.16375228488188, 30.567899102722841 ], [ -91.163721778762806, 30.567910317577144 ], [ -91.16369083953667, 30.567920600958207 ], [ -91.163659502665254, 30.567929942086629 ], [ -91.163627807781793, 30.567938329286239 ], [ -91.16359579347548, 30.567945751781792 ], [ -91.163563498332451, 30.567952200601997 ], [ -91.163530961979873, 30.567957667679099 ], [ -91.162069315132129, 30.568129890130848 ], [ -91.161933267339123, 30.567195048327157 ], [ -91.160959155946315, 30.56712964028608 ], [ -91.157036612596016, 30.567588554501004 ], [ -91.157037463753838, 30.567656264113694 ], [ -91.157040672377505, 30.567911295736806 ], [ -91.157043753954937, 30.568156295516943 ], [ -91.157050492144251, 30.568375061435969 ], [ -91.157057479009453, 30.568578274596661 ], [ -91.157066371415425, 30.568890597218203 ], [ -91.157075853511827, 30.569198447348004 ], [ -91.157085252902277, 30.569503596611824 ], [ -91.15709442267773, 30.569801309076375 ], [ -91.157099383109056, 30.569962347018105 ], [ -91.157101174889689, 30.570020522308187 ], [ -91.157107941894552, 30.570240227158237 ], [ -91.157114822270998, 30.570463612487512 ], [ -91.157121564722488, 30.570682502725528 ], [ -91.157129226764084, 30.570931249157521 ], [ -91.157132126054719, 30.571068991688691 ], [ -91.157136108781174, 30.571299250291506 ], [ -91.157139874026655, 30.571516977379627 ], [ -91.157140931868923, 30.57157813743164 ], [ -91.15714425382123, 30.57177019983228 ], [ -91.157147830038056, 30.57197699204827 ], [ -91.15715662657928, 30.572485580162738 ], [ -91.157205476260813, 30.575310075454968 ], [ -91.170430705099591, 30.57517620855193 ], [ -91.171347772706824, 30.570424945172842 ], [ -91.171004952597471, 30.570451476683445 ], [ -91.170587660745682, 30.570915242554243 ], [ -91.170136021277926, 30.570798617002183 ], [ -91.169769947840308, 30.570168946522433 ], [ -91.170176407468176, 30.567707552825262 ], [ -91.170141933247422, 30.567206578064742 ], [ -91.169938786285329, 30.566247226057143 ], [ -91.169749519664279, 30.565434505624093 ], [ -91.168980037706049, 30.565433552797543 ], [ -91.168819342243594, 30.56442537918743 ], [ -91.168954088760046, 30.564052901926608 ], [ -91.168919692887542, 30.563509163894132 ], [ -91.169106130892544, 30.563200640744064 ], [ -91.169085032449161, 30.563193476675341 ], [ -91.169074266603715, 30.563190408988927 ], [ -91.169063377181274, 30.563187689338537 ], [ -91.169052377728377, 30.563185320447168 ], [ -91.16904128491386, 30.563183307747625 ], [ -91.169030113328049, 30.563181653062209 ], [ -91.168979289586304, 30.563166146038387 ], [ -91.168954383106637, 30.563157237173005 ], [ -91.16892985731063, 30.563147572860004 ], [ -91.168905739279552, 30.563137165761763 ], [ -91.168882062349056, 30.563126028548705 ], [ -91.168858853600412, 30.563114173883296 ], [ -91.168836143235922, 30.563101618040136 ], [ -91.168813959374688, 30.563088376389217 ], [ -91.168792330135759, 30.563074464300577 ], [ -91.168771281547251, 30.563059900749717 ], [ -91.16875084068279, 30.563044702909583 ], [ -91.168731031485734, 30.563028889753088 ], [ -91.168711881023455, 30.563012482061357 ], [ -91.168693411154422, 30.562995498804717 ], [ -91.168675646859796, 30.562977961663776 ], [ -91.168658607907147, 30.562959893214448 ], [ -91.16864231719272, 30.562941315134697 ], [ -91.168626794482478, 30.562922250902588 ], [ -91.168612059540948, 30.562902724898201 ], [ -91.168598130050768, 30.56288275969505 ], [ -91.168585024729495, 30.562862382378032 ], [ -91.168572758131006, 30.56284161641878 ], [ -91.16856134688652, 30.562820489801592 ], [ -91.168550804505998, 30.562799026898855 ], [ -91.168541144494853, 30.562777254788937 ], [ -91.168532378272246, 30.562755201449754 ], [ -91.168524518299719, 30.562732894860481 ], [ -91.168517572872219, 30.562710361190891 ], [ -91.16851155028013, 30.562687629316994 ], [ -91.168506459856317, 30.56266472811603 ], [ -91.168502306765447, 30.562641685558038 ], [ -91.168499096170891, 30.562618530515053 ], [ -91.168496832194876, 30.562595290955738 ], [ -91.168492956202982, 30.562562322612184 ], [ -91.168490020996558, 30.562545946797574 ], [ -91.168486426846826, 30.562529669387668 ], [ -91.168482176846808, 30.56251351113335 ], [ -91.168477276177157, 30.56249749098399 ], [ -91.16847173210023, 30.56248162969576 ], [ -91.168465549799691, 30.562465944413834 ], [ -91.168458737578831, 30.562450456797617 ], [ -91.168451303746792, 30.562435184898394 ], [ -91.168443258697607, 30.562420146769789 ], [ -91.168434609696575, 30.562405361363904 ], [ -91.168425369223797, 30.562390845834909 ], [ -91.168415547670193, 30.562376620040855 ], [ -91.168405157518933, 30.562362699331842 ], [ -91.168394211248469, 30.562349101764259 ], [ -91.168382722382788, 30.562335843591757 ], [ -91.168370704444314, 30.562322941969757 ], [ -91.16835817304613, 30.562310410448475 ], [ -91.168345143795349, 30.562298266185998 ], [ -91.168331630217295, 30.562286524533935 ], [ -91.168317652095936, 30.562275198145421 ], [ -91.168303224000425, 30.562264301471206 ], [ -91.1682883646709, 30.562253848065236 ], [ -91.168273091806455, 30.56224385057812 ], [ -91.168257425191129, 30.562234321663055 ], [ -91.168241382526929, 30.562225272166476 ], [ -91.16822498359933, 30.562216713839611 ], [ -91.16820825028131, 30.562208656632112 ], [ -91.168191200275032, 30.562201111390532 ], [ -91.168173856500303, 30.562194085359668 ], [ -91.168156239786299, 30.562187589389946 ], [ -91.168138370969643, 30.562181629821687 ], [ -91.168120272968693, 30.562176214801724 ], [ -91.168101966620029, 30.562171350670344 ], [ -91.168083474844892, 30.562167043770362 ], [ -91.168064820567679, 30.562163298640584 ], [ -91.168046026712688, 30.562160119819787 ], [ -91.168027115161721, 30.562157511845463 ], [ -91.168008109882976, 30.562155478355752 ], [ -91.167989034849086, 30.562154020282506 ], [ -91.167969911944994, 30.562153140359204 ], [ -91.16795076514326, 30.562152839517786 ], [ -91.167931618416532, 30.562153118690301 ], [ -91.167912494699621, 30.562153976101275 ], [ -91.167893416924301, 30.562155411779294 ], [ -91.167874409066158, 30.562157424852398 ], [ -91.16785549406454, 30.562160010838998 ], [ -91.167836694855765, 30.562163167061659 ], [ -91.167818034376097, 30.562166890842946 ], [ -91.167799536608769, 30.562171176800653 ], [ -91.167781222408379, 30.562176020450671 ], [ -91.167763115761119, 30.562181414606638 ], [ -91.167745238567164, 30.562187352981745 ], [ -91.167727611683986, 30.562193829287803 ], [ -91.16771025701631, 30.562200834531829 ], [ -91.167693195424803, 30.562208360621657 ], [ -91.167676449856387, 30.562216398565553 ], [ -91.167660038047842, 30.562224938463309 ], [ -91.167643981906807, 30.562233969517944 ], [ -91.167628300215313, 30.562243480026424 ], [ -91.167613011752564, 30.562253460089885 ], [ -91.167598136346001, 30.562263896202531 ], [ -91.167583691735544, 30.562274776660114 ], [ -91.16756969566697, 30.562286086150138 ], [ -91.167556164837833, 30.562297812967067 ], [ -91.167543116992519, 30.562309942700526 ], [ -91.167530565708987, 30.562322459130737 ], [ -91.167518528731762, 30.562335347847327 ], [ -91.167507019638833, 30.562348592630517 ], [ -91.167496052008246, 30.562362177260741 ], [ -91.167485640460484, 30.562376085519436 ], [ -91.167475797532788, 30.562390300283582 ], [ -91.167466534720091, 30.562404804428805 ], [ -91.167457863518763, 30.562419579928726 ], [ -91.167449794382946, 30.562434608755503 ], [ -91.167442337766687, 30.562449872881434 ], [ -91.166442083921808, 30.562252573975677 ], [ -91.165250372133755, 30.558815383898359 ], [ -91.164121160276878, 30.558845219652458 ], [ -91.161795713271772, 30.558905501608248 ], [ -91.161631469717051, 30.558909412891829 ], [ -91.160880927878651, 30.558928085012695 ], [ -91.160716375397627, 30.558932179678887 ], [ -91.160243978282708, 30.558943942700989 ], [ -91.159614081236896, 30.558959625266745 ], [ -91.159437144098717, 30.558964029537666 ], [ -91.158377008281491, 30.558978675919132 ], [ -91.157437744966529, 30.558986713584673 ], [ -91.15689338111784, 30.558990251495931 ], [ -91.156997406111728, 30.56458954222251 ], [ -91.157002092144651, 30.564844274785269 ], [ -91.157005621394958, 30.56503437954439 ], [ -91.157745902332209, 30.564927173547879 ], [ -91.158153834086221, 30.564769005014128 ], [ -91.158627408127742, 30.564612771938247 ], [ -91.159103310715665, 30.564369165249882 ], [ -91.15949490437427, 30.564134512654054 ], [ -91.159910414196261, 30.563338774453069 ], [ -91.159957780926902, 30.563154071031828 ], [ -91.15998224838566, 30.563055292798762 ], [ -91.160042205847702, 30.5629593979479 ], [ -91.160130152858557, 30.562891109858853 ], [ -91.16042774690365, 30.56272777267073 ], [ -91.160648505316061, 30.562564524054789 ], [ -91.160804111314576, 30.562404405987692 ], [ -91.160944513092744, 30.562175153951237 ], [ -91.16115950735032, 30.561823914724723 ] ] ], [ [ [ -91.171373860222076, 30.562612030938563 ], [ -91.171327802938407, 30.562604333353057 ], [ -91.171304568795946, 30.562601536541113 ], [ -91.17128123551602, 30.562599446808861 ], [ -91.171257832281597, 30.562598065996152 ], [ -91.171234387233355, 30.562597395941435 ], [ -91.171210929555713, 30.56259743758244 ], [ -91.171187487393723, 30.562598190051634 ], [ -91.171164090974173, 30.562599654288082 ], [ -91.17114076844662, 30.562601826718065 ], [ -91.171117546915198, 30.562604705570838 ], [ -91.171094457657972, 30.56260828637437 ], [ -91.17107152673826, 30.562612566454657 ], [ -91.171048783353797, 30.562617538631184 ], [ -91.171026255657139, 30.562623197526158 ], [ -91.171003971802179, 30.562629536859962 ], [ -91.170981956818892, 30.562636548544919 ], [ -91.170960240950379, 30.562644223597871 ], [ -91.170938848187177, 30.562652552125709 ], [ -91.170917806687783, 30.562661525142815 ], [ -91.170897140447153, 30.562671130050038 ], [ -91.170876876583023, 30.562681356958286 ], [ -91.170857040135715, 30.562692191465725 ], [ -91.170837654056513, 30.562703621874121 ], [ -91.170818743387258, 30.562715632879502 ], [ -91.170800330041359, 30.562728210076354 ], [ -91.170782438018406, 30.562741338159391 ], [ -91.170765088192454, 30.562755000917669 ], [ -91.170748303523837, 30.562769181240679 ], [ -91.170732102803285, 30.562783862012814 ], [ -91.170716506906487, 30.562799026120949 ], [ -91.170701534630254, 30.5628146528414 ], [ -91.170687204765542, 30.562830725058411 ], [ -91.170673535066896, 30.562847222047097 ], [ -91.170660541204157, 30.562864123079631 ], [ -91.170648240930461, 30.562881408333084 ], [ -91.170636647833874, 30.562899055273157 ], [ -91.170625776540476, 30.562917044072872 ], [ -91.170615640640023, 30.562935351295923 ], [ -91.170606252678269, 30.562953954406769 ], [ -91.170597624158717, 30.562972830868464 ], [ -91.17058644134724, 30.563038350857774 ], [ -91.170578852701141, 30.563070814329357 ], [ -91.170569943768385, 30.563103025408115 ], [ -91.170559727122864, 30.563134943517138 ], [ -91.170548214291799, 30.563166530784407 ], [ -91.170535420976364, 30.563197746636639 ], [ -91.170521361833991, 30.563228551401497 ], [ -91.170506054644861, 30.563258908116548 ], [ -91.17048951927697, 30.563288778017757 ], [ -91.170471775595459, 30.563318124145137 ], [ -91.170452845548709, 30.563346910443357 ], [ -91.170432754214005, 30.563375099958886 ], [ -91.170411524579364, 30.563402658441653 ], [ -91.170389183802584, 30.563429551646756 ], [ -91.17036576008374, 30.563455745330572 ], [ -91.170341282662619, 30.563481207054878 ], [ -91.17031578181998, 30.563505905284675 ], [ -91.170289288878948, 30.563529808486368 ], [ -91.170261838285654, 30.563552887836249 ], [ -91.170233462401455, 30.563575114508133 ], [ -91.170200978021512, 30.563600777421911 ], [ -91.170183911085232, 30.563612787898755 ], [ -91.170166329105925, 30.563624225840861 ], [ -91.170148257123103, 30.563635077748184 ], [ -91.170129719143034, 30.563645324707089 ], [ -91.170110744373346, 30.563654954124772 ], [ -91.17009135994158, 30.563663950699677 ], [ -91.170071592969293, 30.563672302738475 ], [ -91.170028193414026, 30.563698129854057 ], [ -91.170007319653735, 30.56371203261785 ], [ -91.169987032748097, 30.563726570241325 ], [ -91.169967357743843, 30.563741724714667 ], [ -91.169948319689396, 30.563757477126103 ], [ -91.169929942593768, 30.563773806758409 ], [ -91.169912251506943, 30.56379069379777 ], [ -91.169895267312342, 30.563808116621093 ], [ -91.169879011938832, 30.563826051802433 ], [ -91.169863506269962, 30.563844477718764 ], [ -91.169848770149954, 30.563863370941586 ], [ -91.169834822382157, 30.563882707139186 ], [ -91.169821679686592, 30.563902461074946 ], [ -91.169809360866822, 30.563922608417212 ], [ -91.169797879517319, 30.563943123023602 ], [ -91.169787252359811, 30.563963978755563 ], [ -91.169777490904181, 30.563985149468191 ], [ -91.169768607704128, 30.564006608115765 ], [ -91.169760615313493, 30.564028327652512 ], [ -91.169753524204239, 30.564050279226038 ], [ -91.169747341716842, 30.564072436686292 ], [ -91.16974207624007, 30.564094770276 ], [ -91.169737735115888, 30.564117252943149 ], [ -91.169734323607472, 30.564139854024603 ], [ -91.169731845928112, 30.564162547366287 ], [ -91.169730305256294, 30.564185302302654 ], [ -91.169729703724983, 30.56420808997083 ], [ -91.169730042424874, 30.564230881506553 ], [ -91.169731320360327, 30.5642536489453 ], [ -91.169733535497883, 30.564276361614887 ], [ -91.169736685798014, 30.564298992451306 ], [ -91.169780193275642, 30.565382802122734 ], [ -91.169958855857189, 30.565415264524781 ], [ -91.170047066063759, 30.565435623370853 ], [ -91.170134378489493, 30.565458701623896 ], [ -91.170220680613355, 30.565484467575434 ], [ -91.170305860954755, 30.56551289042045 ], [ -91.17038981221431, 30.565543932143083 ], [ -91.170472427093486, 30.565577553825591 ], [ -91.17055359725984, 30.565613711136997 ], [ -91.170633221677349, 30.565652359755308 ], [ -91.170711196192343, 30.565693449040822 ], [ -91.170787421867374, 30.565736925654178 ], [ -91.17086180080797, 30.565782735355242 ], [ -91.170934237211441, 30.565830819396691 ], [ -91.171004640493919, 30.565881114527212 ], [ -91.171072917984446, 30.565933558395159 ], [ -91.171138983276393, 30.565988082342418 ], [ -91.171202752048686, 30.566044616811261 ], [ -91.171264142067301, 30.566103090442748 ], [ -91.17132307423374, 30.566163426469259 ], [ -91.171379474657968, 30.566225549933772 ], [ -91.171433269460991, 30.56628937866293 ], [ -91.171484391013351, 30.56635483319695 ], [ -91.171532772736185, 30.566421828665238 ], [ -91.171578353263556, 30.566490279301309 ], [ -91.171628345123921, 30.566548009075639 ], [ -91.171655266483924, 30.566575556161563 ], [ -91.171683416307872, 30.566602168417475 ], [ -91.171740515479712, 30.566650309953989 ], [ -91.17177059090092, 30.566672956439376 ], [ -91.171801626978066, 30.566694610034695 ], [ -91.171833581020252, 30.566715240919784 ], [ -91.171866407209222, 30.56673481927055 ], [ -91.171900058679697, 30.566753317967887 ], [ -91.171934488566379, 30.566770709892637 ], [ -91.171969648953976, 30.566786972434716 ], [ -91.172005489845333, 30.566802081177414 ], [ -91.172044281925949, 30.566816494419086 ], [ -91.172733317076066, 30.563259881840132 ], [ -91.172751527063483, 30.563165524533233 ], [ -91.171373860222076, 30.562612030938563 ] ] ], [ [ [ -91.170049851793422, 30.561240273081246 ], [ -91.170125631857942, 30.560232391993182 ], [ -91.171252389432283, 30.560444194970717 ], [ -91.171739289120978, 30.560554750629876 ], [ -91.171685718631835, 30.560939548491735 ], [ -91.173153887141225, 30.56108060165856 ], [ -91.173569042593186, 30.558880586626728 ], [ -91.173557705252577, 30.558861733665029 ], [ -91.173541178289241, 30.558846014470028 ], [ -91.173520558648931, 30.558834469523664 ], [ -91.173497217841899, 30.558827870829099 ], [ -91.173477596074036, 30.558826455280535 ], [ -91.172849452257282, 30.558837504152688 ], [ -91.172161088250235, 30.558849923642271 ], [ -91.171899298644647, 30.558849095968323 ], [ -91.171745759063612, 30.558841028386389 ], [ -91.171591428326252, 30.558827238868595 ], [ -91.17125277570949, 30.558779987694898 ], [ -91.170537931863421, 30.558671466572029 ], [ -91.169986184844163, 30.558584202117267 ], [ -91.169895244484749, 30.558572780011179 ], [ -91.169849475283243, 30.558569209126748 ], [ -91.169803588024124, 30.558567070533801 ], [ -91.169402675235702, 30.558547726476714 ], [ -91.169315379289756, 30.558543673710801 ], [ -91.169271661592347, 30.558543786428032 ], [ -91.169227979055691, 30.558545327117375 ], [ -91.169184395266001, 30.558548292249391 ], [ -91.169140970684126, 30.558552677388924 ], [ -91.169097768897771, 30.5585584781048 ], [ -91.1687916105829, 30.558584975438965 ], [ -91.168545868556791, 30.558611031297865 ], [ -91.168388922592612, 30.558628434846412 ], [ -91.168182616151967, 30.558649395670287 ], [ -91.168114666576315, 30.558654307347261 ], [ -91.168347685969565, 30.559662056983726 ], [ -91.168340926388893, 30.559903236411841 ], [ -91.168345070252769, 30.560023827375275 ], [ -91.168354224001504, 30.560144211692741 ], [ -91.168368377490992, 30.560264232394264 ], [ -91.168387510148776, 30.560383735202354 ], [ -91.168411599317423, 30.56050256583644 ], [ -91.168440611918427, 30.560620568198477 ], [ -91.168474512779142, 30.560737591599406 ], [ -91.168513255263164, 30.560853483531435 ], [ -91.168556791686697, 30.560968094191178 ], [ -91.168605063938344, 30.561081275565872 ], [ -91.168658010777378, 30.561192880540471 ], [ -91.168715562618473, 30.561302764695434 ], [ -91.16873015350545, 30.561342380025494 ], [ -91.168738644614194, 30.56136183061199 ], [ -91.168747918988004, 30.561381011557096 ], [ -91.168757966242424, 30.561399899394534 ], [ -91.168768772867693, 30.561418469751956 ], [ -91.168780325349317, 30.561436700963228 ], [ -91.168792611218123, 30.561454569559579 ], [ -91.168805612788717, 30.561472054771603 ], [ -91.168819316547953, 30.561489134031159 ], [ -91.168833703768087, 30.561505786567594 ], [ -91.168848757805804, 30.561521991613088 ], [ -91.168864459930077, 30.561537730201003 ], [ -91.168880790370636, 30.56155298155954 ], [ -91.168897729352508, 30.56156772762295 ], [ -91.168915256058412, 30.561581950324211 ], [ -91.168933347586218, 30.56159563159358 ], [ -91.168951984157886, 30.561608755169637 ], [ -91.168971140783555, 30.561621304784136 ], [ -91.168990795598845, 30.56163326507496 ], [ -91.169010922568503, 30.561644621576807 ], [ -91.169031496700896, 30.561655358923655 ], [ -91.169052495084827, 30.561665464458219 ], [ -91.169073889594102, 30.561674927320784 ], [ -91.169095655234102, 30.561683733949547 ], [ -91.169117763878631, 30.561691873484779 ], [ -91.169140189481681, 30.561699337775686 ], [ -91.169162903918419, 30.561706115060513 ], [ -91.169185879055092, 30.561712198990019 ], [ -91.169209087803225, 30.561717581411962 ], [ -91.169232498901934, 30.561722255973205 ], [ -91.16925608630207, 30.56172621632701 ], [ -91.169279818739682, 30.561729457924368 ], [ -91.169303669118833, 30.561731977123369 ], [ -91.169327606173979, 30.561733770277076 ], [ -91.169351601765314, 30.561734834644486 ], [ -91.169375625663747, 30.561735170188062 ], [ -91.16939964764164, 30.561734775968365 ], [ -91.169423639554708, 30.561733651950558 ], [ -91.169447571169314, 30.561731800803301 ], [ -91.169471413297316, 30.561729223392707 ], [ -91.169495135702164, 30.561725924191567 ], [ -91.169518709192701, 30.561721905869966 ], [ -91.16954210561569, 30.561717173805388 ], [ -91.169565295774021, 30.561711734276262 ], [ -91.169588251511541, 30.561705594464218 ], [ -91.169610943631113, 30.561698760647516 ], [ -91.169633343973686, 30.561691241812092 ], [ -91.169655426463336, 30.561683047848273 ], [ -91.169677162941085, 30.561674187741914 ], [ -91.169698527328066, 30.561664673187593 ], [ -91.169719491460881, 30.561654515877326 ], [ -91.169740031343991, 30.561643728410235 ], [ -91.169760120897323, 30.56163232338308 ], [ -91.169779736122436, 30.561620315199082 ], [ -91.169798851978655, 30.561607718260273 ], [ -91.169817444464755, 30.561594548774163 ], [ -91.169835492706554, 30.561580822951981 ], [ -91.169852972701463, 30.561566557903237 ], [ -91.169869863575371, 30.561551769839248 ], [ -91.169886143405989, 30.561536478578258 ], [ -91.169901794443462, 30.561520702139415 ], [ -91.169916794767033, 30.561504459438972 ], [ -91.169931127663432, 30.561487772105643 ], [ -91.169944775381367, 30.561470659060781 ], [ -91.169957720163751, 30.561453142833788 ], [ -91.169969947383564, 30.561435244153969 ], [ -91.16998144032766, 30.561416984649998 ], [ -91.169992186449306, 30.561398387759908 ], [ -91.170002171120146, 30.561379475114897 ], [ -91.170011382832939, 30.561360271958293 ], [ -91.170019810086444, 30.561340799925272 ], [ -91.170027442414408, 30.561321085162298 ], [ -91.170034271442702, 30.561301149308537 ], [ -91.170040286703639, 30.561281019412434 ], [ -91.17004548294716, 30.561260718921005 ], [ -91.170049851793422, 30.561240273081246 ] ] ] ] } },
{ "type": "Feature", "properties": { "ID": 147, "BG_ID": 83, "PARKID": "SCTVL", "FACILITY_NAME": "Scotlandville Parkway", "CLASSIFICATION": "Neighborhood", "FULL_ADDRESS": "3200 HARDING BLVD", "CITY": "BATON ROUGE", "STATE": "LOUISIANA", "ZIP": 70807, "ACREAGE": 109.8, "AIRGUN_RANGE": "NO", "AIRNASIUM": "NO", "ARCHERY_RANGE": "NO", "BALL_MULTI_PURPOSE_FIELD": "NO", "BASKETBALL_INDOOR": "YES", "BASKETBALL_OUTDOOR": "YES", "BIKE_REPAIR_STATION": "NO", "BIRD_WATCHING_WILDLIFE_VIEWING": "NO", "BLUEWAY_TRAILHEAD": "NO", "BMX": "NO", "CANOE_KAYAK_LAUNCH": "NO", "CRICKET_PITCH": "NO", "CROQUET_COURT": "NO", "DISC_GOLF": "YES", "DOG_PARK": "NO", "EQUESTRIAN": "NO", "FISHING_ACCESS": "NO", "FITNESS_CENTERS": "NO", "GARDEN_ARBORETUM": "NO", "GOLF_COURSE_9_HOLE": "NO", "GOLF_COURSE_18_HOLE": "NO", "GREENWAY_TRAILHEAD": "YES", "MOUNTAIN_BIKING": "NO", "NATURE_TRAILS": "NO", "OUTDOOR_FITNESS_STATION": "NO", "PAVILION": "YES", "PLAYGROUND": "YES", "PRIMITIVE_TRAILS": "NO", "RECREATION_CENTER": "NO", "RUGBY_FIELD": "NO", "RV_PARK": "NO", "SAND_VOLLEYBALL": "NO", "SHUFFLEBOARD": "NO", "SKATE_PARK": "NO", "SOCCER_FIELD": "NO", "SPLASH_PAD": "NO", "STADIUM": "NO", "SWIMMING_POOL": "NO", "TENNIS_CENTER": "NO", "TENNIS_COURTS": "YES", "VELODROME": "NO", "WALKING_LOOP_OUTDOOR": "NO", "WALKING_TRACK_INDOOR": "NO" }, "geometry": { "type": "MultiPolygon", "coordinates": [ [ [ [ -91.158158354403724, 30.513356538652836 ], [ -91.158156241200231, 30.513322493854879 ], [ -91.159417257405934, 30.51326916097937 ], [ -91.159484585406119, 30.514643761913995 ], [ -91.15948787320194, 30.514670718017932 ], [ -91.159715086322308, 30.514662582006821 ], [ -91.160263830530297, 30.514648961566287 ], [ -91.16028097263036, 30.514647658853818 ], [ -91.160267275755714, 30.514373168060018 ], [ -91.160253565766666, 30.514098474260457 ], [ -91.160245109729573, 30.513929020891815 ], [ -91.160220317537693, 30.51343223583423 ], [ -91.160212910489946, 30.513283837016214 ], [ -91.160198827408252, 30.513001616729373 ], [ -91.160185121956218, 30.51272692822393 ], [ -91.160178266657169, 30.51258958215444 ], [ -91.160164681050588, 30.512317327531459 ], [ -91.160151857576025, 30.512060322336438 ], [ -91.160150579153722, 30.51203470300646 ], [ -91.160142819565309, 30.511897394510893 ], [ -91.16012501807549, 30.511611867681481 ], [ -91.160116458373707, 30.511474587887257 ], [ -91.160107898698755, 30.511337306282517 ], [ -91.160099339042731, 30.511200027377576 ], [ -91.160090779416734, 30.511062744858101 ], [ -91.16008221981285, 30.510925463234219 ], [ -91.160079661879749, 30.510884431387797 ], [ -91.160073291396998, 30.510788197358231 ], [ -91.160064204644954, 30.510650933072689 ], [ -91.160055121037232, 30.510513672393003 ], [ -91.160050043816966, 30.510436947143845 ], [ -91.160047364830106, 30.510376361125275 ], [ -91.160041286094184, 30.510238986197283 ], [ -91.160035206338009, 30.510101608555594 ], [ -91.160022992962553, 30.509825510914336 ], [ -91.160176208285847, 30.509697200931619 ], [ -91.160430005005765, 30.509687568577235 ], [ -91.160432418585771, 30.509579542516544 ], [ -91.160011181667116, 30.509588848344933 ], [ -91.159628024085563, 30.509522631619983 ], [ -91.159354840030801, 30.509499271973009 ], [ -91.158026588398144, 30.509543519836534 ], [ -91.15778747605934, 30.509566202768756 ], [ -91.157529315414394, 30.509631574436803 ], [ -91.156887664147092, 30.509818007643531 ], [ -91.156614429879298, 30.509890589261232 ], [ -91.155110021071465, 30.509901440653767 ], [ -91.153894599361635, 30.509910195441336 ], [ -91.155302774015254, 30.51287338248833 ], [ -91.155928076269447, 30.51481252228637 ], [ -91.156128880017832, 30.514776722382912 ], [ -91.156204221679303, 30.514767572600803 ], [ -91.156442132214778, 30.514747161430186 ], [ -91.156459003672879, 30.514745175088532 ], [ -91.156649916608487, 30.514735111415483 ], [ -91.157010652374041, 30.514720491097002 ], [ -91.157364729108338, 30.514709574727807 ], [ -91.157717489145881, 30.514695540846816 ], [ -91.157789143728507, 30.514692689775941 ], [ -91.158019773095276, 30.514683513913251 ], [ -91.158115023682143, 30.513786506657851 ], [ -91.158132813183414, 30.51367045022927 ], [ -91.158140026667553, 30.513612245238015 ], [ -91.158154645745668, 30.513441894929951 ], [ -91.158158354403724, 30.513356538652836 ] ], [ [ -91.158013379413589, 30.511020881289692 ], [ -91.157941507987459, 30.509635655641258 ], [ -91.159241526402056, 30.509605754882589 ], [ -91.159297300826708, 30.510819960114517 ], [ -91.159411306782573, 30.513147655381101 ], [ -91.158149035465229, 30.513206397104202 ], [ -91.158013379413589, 30.511020881289692 ] ] ], [ [ [ -91.157989735358143, 30.514904899475212 ], [ -91.157729150520524, 30.514915266856473 ], [ -91.157375079974315, 30.514929353149977 ], [ -91.157021111859748, 30.514940266083627 ], [ -91.156663576167588, 30.514954756295346 ], [ -91.156483870268886, 30.514964229680754 ], [ -91.156471780941075, 30.514965653215562 ], [ -91.156234404450529, 30.514986019148253 ], [ -91.155984268723074, 30.51502988519475 ], [ -91.156271629866168, 30.516055357653848 ], [ -91.15755414531391, 30.517384745380522 ], [ -91.157721227956046, 30.519803661937427 ], [ -91.157780435046675, 30.520642296966574 ], [ -91.157805570747954, 30.521083326446639 ], [ -91.160266504342673, 30.521018469829293 ], [ -91.16028826137422, 30.520990811366463 ], [ -91.160298276440869, 30.520976498854029 ], [ -91.160307701246424, 30.520961887889516 ], [ -91.160316521170998, 30.520946997397193 ], [ -91.160324725763871, 30.52093184540475 ], [ -91.160332305613295, 30.520916451745276 ], [ -91.160339251309111, 30.520900835349767 ], [ -91.160345553441005, 30.520885015149304 ], [ -91.160351203637703, 30.520869011880425 ], [ -91.16035619561319, 30.520852845380329 ], [ -91.160360523081664, 30.520836535486094 ], [ -91.160364179753998, 30.520820103839025 ], [ -91.160367162471715, 30.520803569378373 ], [ -91.160369465986122, 30.520786954648717 ], [ -91.160371089221087, 30.520770279494009 ], [ -91.160372027973011, 30.52075356465614 ], [ -91.160372282204449, 30.520736831784589 ], [ -91.160371851879646, 30.52072010162658 ], [ -91.160370736961184, 30.520703395831532 ], [ -91.160368939498667, 30.520686734247427 ], [ -91.160366461540079, 30.520670137624197 ], [ -91.160363305131952, 30.520653627614017 ], [ -91.160359475448075, 30.520637224970965 ], [ -91.160354976620269, 30.520620950447686 ], [ -91.16034981486591, 30.520604823897532 ], [ -91.160343997442595, 30.520588866077368 ], [ -91.16033752952724, 30.520573095937124 ], [ -91.160330420459758, 30.520557535138298 ], [ -91.160322678544347, 30.520542201732816 ], [ -91.160314315209504, 30.520527114678753 ], [ -91.160305338754696, 30.520512294734335 ], [ -91.160295761654965, 30.520497758152683 ], [ -91.158978975532307, 30.518775933677315 ], [ -91.158900267851095, 30.518708010385733 ], [ -91.158863176207277, 30.518672179478102 ], [ -91.158827663078569, 30.518635169844242 ], [ -91.158793778387306, 30.51859703206657 ], [ -91.158761569963829, 30.518557821234985 ], [ -91.158731082512389, 30.518517592435462 ], [ -91.158530153590789, 30.518236312912808 ], [ -91.158439002097111, 30.51809096259754 ], [ -91.15835423343529, 30.517942744882994 ], [ -91.158275969115707, 30.517791870121929 ], [ -91.158204318138701, 30.517638551355905 ], [ -91.158139384283331, 30.517483007031423 ], [ -91.158081258822079, 30.517325456479636 ], [ -91.158030023640436, 30.517166123528753 ], [ -91.157985751242023, 30.517005233797661 ], [ -91.1579485037051, 30.516843015596912 ], [ -91.157918335810166, 30.51667969903021 ], [ -91.157871944858314, 30.51632484983681 ], [ -91.157860113867727, 30.516146555365431 ], [ -91.157855883926331, 30.515968004853292 ], [ -91.157859261857041, 30.515789440964543 ], [ -91.157870243022131, 30.51561110634697 ], [ -91.157888810281548, 30.515433243630479 ], [ -91.157914940246016, 30.51525609453336 ], [ -91.15794859702612, 30.51507989985398 ], [ -91.157989735358143, 30.514904899475212 ] ] ], [ [ [ -91.159552083731853, 30.515197129765422 ], [ -91.160412082031996, 30.517205294524867 ], [ -91.160774549499138, 30.518229367055376 ], [ -91.161091258276358, 30.519264750985535 ], [ -91.161455297504389, 30.519922242208963 ], [ -91.161836458407024, 30.520579754476472 ], [ -91.161883625689697, 30.520631009266161 ], [ -91.161908782557987, 30.520655495782623 ], [ -91.161934945248703, 30.520679180763612 ], [ -91.16196207943571, 30.520702030788062 ], [ -91.161990149743247, 30.520724016943525 ], [ -91.162019119753325, 30.520745110316454 ], [ -91.16204895095936, 30.520765284696704 ], [ -91.162079604857809, 30.520784512070097 ], [ -91.162111040856431, 30.520802767125776 ], [ -91.162143219400207, 30.520820027260701 ], [ -91.16217609676616, 30.520836269866269 ], [ -91.162209630271676, 30.520851473237318 ], [ -91.162243776190564, 30.520865616569527 ], [ -91.162278490788722, 30.520878683568771 ], [ -91.162313728252741, 30.520890655232328 ], [ -91.162349442761467, 30.520901517067472 ], [ -91.16241772557666, 30.520922993992059 ], [ -91.162452477144768, 30.520932164998516 ], [ -91.162487579596089, 30.520940274724772 ], [ -91.162522989183799, 30.520947314093533 ], [ -91.162558661119135, 30.520953274026201 ], [ -91.162594552694031, 30.520958147250948 ], [ -91.162630620156904, 30.520961927396769 ], [ -91.162666818709596, 30.520964610797542 ], [ -91.16270310355543, 30.520966192885165 ], [ -91.164243789992653, 30.520911712939288 ], [ -91.164224606470128, 30.520443141598228 ], [ -91.164066989520308, 30.520447842813045 ], [ -91.163894597203935, 30.520452983172188 ], [ -91.163751411721861, 30.520457254161723 ], [ -91.163560155260299, 30.520462958958912 ], [ -91.163401454589021, 30.520467687759172 ], [ -91.163242754939915, 30.520472419076569 ], [ -91.163084054227554, 30.520477153810624 ], [ -91.162909484056996, 30.520482358641893 ], [ -91.1626873086404, 30.520488984859906 ], [ -91.162465130068398, 30.520495610701015 ], [ -91.16230643345574, 30.520500340899734 ], [ -91.162290241559887, 30.520136085447906 ], [ -91.161888640712405, 30.520148573548209 ], [ -91.161884649619651, 30.520052402503374 ], [ -91.161879314986876, 30.519910704565369 ], [ -91.161871037607185, 30.519690848350017 ], [ -91.161862760259496, 30.519470994825305 ], [ -91.16185468010022, 30.519256433925943 ], [ -91.161846940758679, 30.51905087059929 ], [ -91.161838417383279, 30.518824527290494 ], [ -91.161830140184847, 30.518604670998304 ], [ -91.161824016795066, 30.518467299154434 ], [ -91.161817756927618, 30.518329929833666 ], [ -91.161811497077537, 30.518192560506776 ], [ -91.161804612925593, 30.518041456497347 ], [ -91.161796489964104, 30.517899394029261 ], [ -91.161768708262585, 30.517321200467958 ], [ -91.161702852882129, 30.51732363093096 ], [ -91.161544181234447, 30.517329487821826 ], [ -91.161353677172613, 30.517334301875589 ], [ -91.161179281496089, 30.517342953226684 ], [ -91.161009077300733, 30.517349234680264 ], [ -91.160850431624837, 30.517355087165107 ], [ -91.160498396865194, 30.517368075835169 ], [ -91.160489044271387, 30.517217062306727 ], [ -91.160479687538484, 30.517066048765095 ], [ -91.160470335006323, 30.516915032514994 ], [ -91.160460982497938, 30.51676401896334 ], [ -91.160451625852048, 30.516613004496371 ], [ -91.16044312257857, 30.516475720500356 ], [ -91.160434619330161, 30.516338435595888 ], [ -91.160422522422351, 30.51618752306814 ], [ -91.160411729012409, 30.516050323559725 ], [ -91.160400933553319, 30.515913121335764 ], [ -91.160390140203077, 30.515775921813937 ], [ -91.16038042527731, 30.515652441335249 ], [ -91.160360417598568, 30.515398112474102 ], [ -91.160340745315139, 30.51514807603477 ], [ -91.160313773035213, 30.514805258452213 ], [ -91.159507545591765, 30.514831999924539 ], [ -91.159552083731853, 30.515197129765422 ] ] ], [ [ [ -91.162088744198897, 30.522937887974024 ], [ -91.162608473253357, 30.523805405347272 ], [ -91.16336278835, 30.523777830507246 ], [ -91.163360701166511, 30.52374019845162 ], [ -91.163358613983078, 30.523702567297555 ], [ -91.163359396617594, 30.523695201189689 ], [ -91.163340184080909, 30.52334479797813 ], [ -91.162920008802246, 30.523390676708399 ], [ -91.162640134888633, 30.522725457223991 ], [ -91.162700293378975, 30.522586675447386 ], [ -91.162705477491158, 30.522575546212643 ], [ -91.162708405363148, 30.522570106061199 ], [ -91.162711551884954, 30.522564759103631 ], [ -91.162714913919899, 30.522559511650229 ], [ -91.162718487290775, 30.522554369108033 ], [ -91.162722267817443, 30.522549338688055 ], [ -91.162726249237181, 30.522544426696619 ], [ -91.162730428414889, 30.52253963854206 ], [ -91.162734799087971, 30.522534980530676 ], [ -91.162739356035814, 30.522530458970071 ], [ -91.162744094039326, 30.522526079266015 ], [ -91.162749007881018, 30.522521845921908 ], [ -91.162754089215923, 30.52251776433938 ], [ -91.162759333865409, 30.522513840827436 ], [ -91.162764734529588, 30.522510078984883 ], [ -91.162770284947484, 30.522506484216049 ], [ -91.162775977819223, 30.522503060119675 ], [ -91.162781805843451, 30.522499811196603 ], [ -91.162787762759095, 30.522496742851185 ], [ -91.162793840227508, 30.522493856876704 ], [ -91.162800031989292, 30.522491157775441 ], [ -91.162806328660594, 30.522488649143469 ], [ -91.162812723985198, 30.52248633367898 ], [ -91.162819208580828, 30.52248421407597 ], [ -91.162825776191184, 30.522482293032489 ], [ -91.162832417432583, 30.522480574144787 ], [ -91.162839123969434, 30.522479057402062 ], [ -91.162845888501892, 30.522477746403197 ], [ -91.162852701650877, 30.52247664203805 ], [ -91.162859555079265, 30.522475745198051 ], [ -91.162944174211205, 30.522459977017807 ], [ -91.162975942594528, 30.522450722192549 ], [ -91.16299152169799, 30.522445367775891 ], [ -91.163006871344848, 30.522439537676995 ], [ -91.16302197172547, 30.52243323908699 ], [ -91.163036804070558, 30.522426480100336 ], [ -91.163051349610996, 30.522419268811394 ], [ -91.163065590616327, 30.522411615120223 ], [ -91.163079508316017, 30.522403528023254 ], [ -91.16309308602159, 30.522395017421857 ], [ -91.16310630495623, 30.522386095920794 ], [ -91.163119149475179, 30.522376772520616 ], [ -91.163131603927397, 30.52236705983012 ], [ -91.163143651620032, 30.522356970456837 ], [ -91.163155276902074, 30.522346517009492 ], [ -91.163166466205126, 30.522335713001702 ], [ -91.163177205962029, 30.52232457104488 ], [ -91.163187481560882, 30.522313105553451 ], [ -91.163197279430079, 30.522301331844837 ], [ -91.16320658808354, 30.522289264337569 ], [ -91.163215396035085, 30.522276917449801 ], [ -91.163223691794045, 30.522264308305935 ], [ -91.163231463874354, 30.522251451324376 ], [ -91.163238703911205, 30.522238363633456 ], [ -91.163245403541296, 30.522225061459707 ], [ -91.163251551275536, 30.522211561025387 ], [ -91.163257141871924, 30.52219788126715 ], [ -91.163262168010746, 30.522184037510655 ], [ -91.163266622367516, 30.522170047787721 ], [ -91.163270499701966, 30.522155930132772 ], [ -91.16327379581702, 30.522141701679754 ], [ -91.163276505470805, 30.522127381365074 ], [ -91.163278625508283, 30.522112986323908 ], [ -91.163280153813318, 30.52209853549677 ], [ -91.163281088271418, 30.522084046922181 ], [ -91.163281427809963, 30.522069538639929 ], [ -91.163281171356275, 30.522055028689824 ], [ -91.163280318878151, 30.522040536015062 ], [ -91.163278873470816, 30.522026078660797 ], [ -91.16327683510363, 30.522011674668136 ], [ -91.163274206870085, 30.52199734298426 ], [ -91.163265429652711, 30.521949843706089 ], [ -91.163259610061502, 30.521926322252813 ], [ -91.163252846142754, 30.521902990822205 ], [ -91.163245146183115, 30.521879878290644 ], [ -91.163236518472345, 30.521857011730347 ], [ -91.163226973381029, 30.521834420020454 ], [ -91.163216524406934, 30.52181213114185 ], [ -91.163205182967189, 30.521790171268837 ], [ -91.163192963604615, 30.521768566579496 ], [ -91.163179879816909, 30.521747345054823 ], [ -91.163165949274187, 30.521726531974934 ], [ -91.163151187562704, 30.521706152617369 ], [ -91.163135613395909, 30.521686231361279 ], [ -91.163119245487252, 30.521666792586281 ], [ -91.163102103592081, 30.521647860673003 ], [ -91.163084209552693, 30.521629458200739 ], [ -91.16306558416936, 30.521611607747431 ], [ -91.163046251369664, 30.521594330992976 ], [ -91.163026232998789, 30.521577648712555 ], [ -91.163005554029255, 30.521561580783356 ], [ -91.162984240472369, 30.521546148887829 ], [ -91.162962317306736, 30.521531369295037 ], [ -91.162939812630498, 30.521517261886189 ], [ -91.162916751422145, 30.521503842930077 ], [ -91.162893163869839, 30.521491128702426 ], [ -91.162869079121236, 30.521479134575539 ], [ -91.162844524238551, 30.521467876821081 ], [ -91.162819531503004, 30.521457366305114 ], [ -91.162794129020156, 30.521447618398561 ], [ -91.162768350113012, 30.521438643968825 ], [ -91.162742224978786, 30.521430453879443 ], [ -91.162715784858037, 30.521423058093003 ], [ -91.162689063076783, 30.521416465673006 ], [ -91.162662091920623, 30.521410684779365 ], [ -91.162634904718601, 30.521405722671435 ], [ -91.162607532718908, 30.521401584801708 ], [ -91.162580011337624, 30.521398276628155 ], [ -91.162552373909847, 30.521395801801976 ], [ -91.162524652728891, 30.521394163972879 ], [ -91.162496883218452, 30.521393364088734 ], [ -91.16246909767483, 30.521393403995233 ], [ -91.162441330479794, 30.521394284638902 ], [ -91.162413616022889, 30.521396002455866 ], [ -91.161579445623474, 30.521438566951836 ], [ -91.161047328573829, 30.521723548524069 ], [ -91.161105377699329, 30.522604447795732 ], [ -91.161330678402365, 30.522603955979253 ], [ -91.161392012984621, 30.52260341234787 ], [ -91.161422658020243, 30.522604558980312 ], [ -91.161453236819128, 30.522606649975433 ], [ -91.16148370979262, 30.522609682575691 ], [ -91.16151403943914, 30.522613652222034 ], [ -91.161544186171497, 30.522618555255104 ], [ -91.161574111450847, 30.522624384408427 ], [ -91.161603778820464, 30.52263113332052 ], [ -91.161633148704126, 30.522638792017549 ], [ -91.161662185691782, 30.522647351433093 ], [ -91.161690852292551, 30.522656800694104 ], [ -91.161719111017049, 30.522667128025507 ], [ -91.161746927504836, 30.52267831985202 ], [ -91.161774266353504, 30.52269036259716 ], [ -91.161801092163628, 30.522703240880421 ], [ -91.161827370580866, 30.522716937518368 ], [ -91.161853069333119, 30.522731436232444 ], [ -91.161878155110998, 30.522746718036633 ], [ -91.161902596688847, 30.522762763947654 ], [ -91.161926361802216, 30.522779553176527 ], [ -91.16194942235596, 30.52279706403802 ], [ -91.161971747127325, 30.522815275744602 ], [ -91.161993308027292, 30.522834163002621 ], [ -91.162014079044312, 30.522853704129375 ], [ -91.162034033132727, 30.522873872930543 ], [ -91.162053144287057, 30.522894644115098 ], [ -91.162071388587322, 30.522915991492813 ], [ -91.162088744198897, 30.522937887974024 ] ] ], [ [ [ -91.162728729538642, 30.523945549976666 ], [ -91.162742778230097, 30.524507343955577 ], [ -91.162941845226754, 30.524503844197586 ], [ -91.162968591807129, 30.524558376485004 ], [ -91.162995338418526, 30.524612907864107 ], [ -91.163022080896013, 30.524667436525377 ], [ -91.16304735103968, 30.52472199395601 ], [ -91.163048675586793, 30.524772262861386 ], [ -91.163050301505677, 30.524833926052349 ], [ -91.163051683805321, 30.524886366284569 ], [ -91.163053067149988, 30.524938805615182 ], [ -91.163212795500669, 30.524936874931623 ], [ -91.163410740160003, 30.525286757948617 ], [ -91.163570488949162, 30.525569121309097 ], [ -91.163608263413565, 30.525635888674771 ], [ -91.163608025732984, 30.525774806214624 ], [ -91.163793839770918, 30.525760529332487 ], [ -91.164148869618558, 30.525636808094283 ], [ -91.164287377586987, 30.525647940556521 ], [ -91.164275338448221, 30.525375261877798 ], [ -91.164211872584261, 30.525377504503467 ], [ -91.164148405675419, 30.525379747097332 ], [ -91.164136620895917, 30.525112741751858 ], [ -91.163987429923651, 30.525126830540508 ], [ -91.163743224946273, 30.524546557524907 ], [ -91.163840339476806, 30.524406093409159 ], [ -91.163713376713801, 30.524409940417591 ], [ -91.163704484805706, 30.5241873506065 ], [ -91.163641019690388, 30.524189592057215 ], [ -91.16356899842441, 30.524192136420123 ], [ -91.163494507148926, 30.524084225922039 ], [ -91.163478515906064, 30.523917554594824 ], [ -91.162728729538642, 30.523945549976666 ] ] ], [ [ [ -91.163692036065996, 30.525895434277459 ], [ -91.163691836187212, 30.526094572342235 ], [ -91.16370425340682, 30.526105654703002 ], [ -91.163763426600838, 30.526102885431936 ], [ -91.163821134632613, 30.526100185520555 ], [ -91.163878842662797, 30.526097484682033 ], [ -91.163939520323808, 30.526182677830278 ], [ -91.163937255475162, 30.526305677744578 ], [ -91.164023096344621, 30.526345752346817 ], [ -91.164384725538241, 30.52678082678171 ], [ -91.164384867349142, 30.526925156200413 ], [ -91.164392135721513, 30.526935310920589 ], [ -91.164394776697492, 30.527148524644936 ], [ -91.164458289801118, 30.527147351832042 ], [ -91.164521799777233, 30.527146178984673 ], [ -91.164585309750322, 30.527145007008905 ], [ -91.164609912208519, 30.527144551260442 ], [ -91.164649482153678, 30.527196699130851 ], [ -91.164714058399881, 30.527281800341061 ], [ -91.164775000048252, 30.527362110571403 ], [ -91.164777584727574, 30.527370397457645 ], [ -91.164773984553577, 30.527378396830006 ], [ -91.164896969692833, 30.527438300268681 ], [ -91.165010006346037, 30.527559351344145 ], [ -91.165270828127262, 30.527344010724292 ], [ -91.165576707943117, 30.527269240206806 ], [ -91.165590490302421, 30.527111008802201 ], [ -91.165295383315623, 30.527124205947942 ], [ -91.165290838923255, 30.527065900192397 ], [ -91.16528655862389, 30.527011012667511 ], [ -91.1652822814507, 30.526956127851587 ], [ -91.165278000118775, 30.526901240323152 ], [ -91.165067741983279, 30.52690260412405 ], [ -91.164687373569635, 30.526385813734315 ], [ -91.164691093358527, 30.526265145680668 ], [ -91.164634877115773, 30.526177937054435 ], [ -91.164552386645937, 30.526042033384819 ], [ -91.164485884466743, 30.525966255080153 ], [ -91.164419383429617, 30.525890477643678 ], [ -91.164413343544169, 30.52575371072254 ], [ -91.164243047569315, 30.525748032223653 ], [ -91.164216138599869, 30.525756371650228 ], [ -91.163812506645584, 30.525881459687472 ], [ -91.163692036065996, 30.525895434277459 ] ] ], [ [ [ -91.16552298982451, 30.528271224451018 ], [ -91.16558014602478, 30.527468577638949 ], [ -91.165576459264386, 30.527416288808514 ], [ -91.165455629449852, 30.527439009991657 ], [ -91.165047487915757, 30.527716251467769 ], [ -91.165120084429319, 30.527797499149568 ], [ -91.165134869684465, 30.52812494132559 ], [ -91.165396337171643, 30.528116095784263 ], [ -91.165483225603296, 30.528222519766953 ], [ -91.16552298982451, 30.528271224451018 ] ] ], [ [ [ -91.165723005397766, 30.527811874225023 ], [ -91.165616330779599, 30.528592684420097 ], [ -91.165783076246882, 30.528589786200854 ], [ -91.166098114400597, 30.528975648965805 ], [ -91.166430191407287, 30.529382377149602 ], [ -91.166762339776199, 30.529789184817805 ], [ -91.167107875423227, 30.530212387053627 ], [ -91.167304964428297, 30.530442992630029 ], [ -91.167438090443326, 30.530586597374729 ], [ -91.167415470942473, 30.531210808396722 ], [ -91.168596826914538, 30.531612620116928 ], [ -91.169291433756655, 30.531597143791579 ], [ -91.169274175141311, 30.530620062639631 ], [ -91.168315314662181, 30.530648280503893 ], [ -91.16830685744867, 30.530548703655899 ], [ -91.168284922402279, 30.530098500397337 ], [ -91.168228143186496, 30.530100285118863 ], [ -91.167994305880612, 30.530107631860933 ], [ -91.167947809983161, 30.530109092839368 ], [ -91.16778721632393, 30.529923401249484 ], [ -91.167572440859715, 30.529683446036145 ], [ -91.167410748955191, 30.529511014628945 ], [ -91.16725453735917, 30.529352434661057 ], [ -91.166839473155576, 30.528931074754848 ], [ -91.166468854462167, 30.528519029140966 ], [ -91.166117276170368, 30.528128148005354 ], [ -91.165726907580179, 30.52773672064075 ], [ -91.165723005397766, 30.527811874225023 ] ] ], [ [ [ -91.171168741961822, 30.533184275684722 ], [ -91.170532542568893, 30.532629585515675 ], [ -91.170421518634299, 30.532527894552626 ], [ -91.170419557456341, 30.532437178674385 ], [ -91.170343340039906, 30.532436055603625 ], [ -91.170157871140205, 30.532260746132636 ], [ -91.169846500878194, 30.532239043645486 ], [ -91.169567469436643, 30.531933602579691 ], [ -91.169563910803873, 30.531768883606158 ], [ -91.169493545135055, 30.531770849611163 ], [ -91.169489748816218, 30.531770926097344 ], [ -91.169472934574443, 30.531774531550539 ], [ -91.169458720381058, 30.531783103334096 ], [ -91.169448983795206, 30.531795510790786 ], [ -91.16944501759626, 30.531810108367253 ], [ -91.169447343912111, 30.531824969016217 ], [ -91.169446533092213, 30.531856567043295 ], [ -91.169445723313856, 30.531888165071315 ], [ -91.169781101380323, 30.532244765784327 ], [ -91.170712403731585, 30.533060209973844 ], [ -91.171333490506441, 30.533544781050189 ], [ -91.172009208956098, 30.534008820889991 ], [ -91.172205310896473, 30.534129966756012 ], [ -91.172164635560037, 30.533958078352299 ], [ -91.172009784712628, 30.533846390236491 ], [ -91.171715424068637, 30.53363408055807 ], [ -91.171554922307138, 30.533513287765704 ], [ -91.171168741961822, 30.533184275684722 ] ] ], [ [ [ -91.172360112476923, 30.534113817061662 ], [ -91.172544905674016, 30.534225145127671 ], [ -91.172739167509178, 30.534318511864658 ], [ -91.172933428667932, 30.534411878312561 ], [ -91.173212598860431, 30.534523319758446 ], [ -91.173748316754029, 30.534729835572055 ], [ -91.174314305572921, 30.534893904174769 ], [ -91.174563434978637, 30.534907274896845 ], [ -91.17469178614455, 30.534907428777935 ], [ -91.175332992629919, 30.534746716027026 ], [ -91.174385596999173, 30.534785066611921 ], [ -91.173697873750768, 30.534461751530564 ], [ -91.173148995821748, 30.534293401775706 ], [ -91.172755746336989, 30.534172781450412 ], [ -91.172440980161085, 30.534076234709765 ], [ -91.172355476772722, 30.533976104517929 ], [ -91.172360112476923, 30.534113817061662 ] ] ], [ [ [ -91.177782817737622, 30.535358778944715 ], [ -91.177806904032423, 30.535359791387659 ], [ -91.17781896210451, 30.535359751430697 ], [ -91.177831012412611, 30.535359346131106 ], [ -91.177843038280457, 30.535358577273435 ], [ -91.177855025117196, 30.535357445742761 ], [ -91.177866960416267, 30.535355952426272 ], [ -91.177878827499924, 30.53535410001065 ], [ -91.177890612819454, 30.535351889382046 ], [ -91.177902301779966, 30.535349324131602 ], [ -91.177913879787823, 30.535346406948285 ], [ -91.177925333288684, 30.535343142326607 ], [ -91.177936648731148, 30.535339532956744 ], [ -91.177947811517384, 30.535335584234026 ], [ -91.177958807050985, 30.535331300651539 ], [ -91.177969624903966, 30.535326686707389 ], [ -91.177980248391577, 30.535321749598513 ], [ -91.177990667085822, 30.535316493822982 ], [ -91.178000867429546, 30.535310925679326 ], [ -91.178010837945706, 30.535305054174611 ], [ -91.17802056403788, 30.535298883802177 ], [ -91.178030036313231, 30.535292423571462 ], [ -91.178039241211849, 30.535285681585218 ], [ -91.178048169343668, 30.535278665048857 ], [ -91.178056809231535, 30.535271382969526 ], [ -91.178065150440517, 30.535263844355608 ], [ -91.178073181493545, 30.535256058214255 ], [ -91.178080894038459, 30.535248034458373 ], [ -91.178088278682281, 30.535239782097442 ], [ -91.178095326029464, 30.535231311945246 ], [ -91.178102026687057, 30.535222633011362 ], [ -91.178108373340805, 30.53521375791604 ], [ -91.17811435868056, 30.53520469657337 ], [ -91.178119974354345, 30.535195458896158 ], [ -91.178125215131871, 30.535186057507143 ], [ -91.178130072658263, 30.535176504123285 ], [ -91.178134541707735, 30.535166808661074 ], [ -91.178138618090728, 30.535156984646527 ], [ -91.178142294494492, 30.535147043797757 ], [ -91.178145568816618, 30.535136997839111 ], [ -91.178198909815094, 30.534823355305097 ], [ -91.175869666829612, 30.534859818351521 ], [ -91.175759688139351, 30.534856081968307 ], [ -91.175704652585651, 30.534856735383094 ], [ -91.175649678967261, 30.534859070279907 ], [ -91.175594833981847, 30.534863082228039 ], [ -91.175540186409776, 30.534868767701418 ], [ -91.175485805038562, 30.534876118663824 ], [ -91.175431757613836, 30.534885127077828 ], [ -91.175378110846339, 30.534895780394759 ], [ -91.175324931446838, 30.534908066065821 ], [ -91.175272286130635, 30.534921968836365 ], [ -91.175220240575285, 30.534937470744307 ], [ -91.175092640944726, 30.534977670816495 ], [ -91.17467258683962, 30.535110006486821 ], [ -91.174714059556081, 30.535142733140237 ], [ -91.176073072238296, 30.535141087358436 ], [ -91.177782817737622, 30.535358778944715 ] ] ], [ [ [ -91.177677954200817, 30.536902859197234 ], [ -91.177604574039819, 30.536818778066124 ], [ -91.177545829050146, 30.536777983879425 ], [ -91.177466483481581, 30.536747346904047 ], [ -91.1773562616319, 30.536717945400959 ], [ -91.176644902972129, 30.536599420538749 ], [ -91.176010422591503, 30.536559218453021 ], [ -91.17559533101182, 30.536454156486339 ], [ -91.174803004878612, 30.536178718290412 ], [ -91.173463790934008, 30.535598715422729 ], [ -91.173261274745784, 30.535496242583211 ], [ -91.172026681096384, 30.534871530171145 ], [ -91.171954155107386, 30.534954208961938 ], [ -91.172523706260492, 30.535290495513223 ], [ -91.173219472716013, 30.535701297720827 ], [ -91.173247126271932, 30.536342736493214 ], [ -91.173515711179249, 30.536334653873109 ], [ -91.173939826420025, 30.536321889680725 ], [ -91.174236410636937, 30.536312962511701 ], [ -91.174606449627689, 30.536301823436478 ], [ -91.174796774149613, 30.536296094337356 ], [ -91.174931567579705, 30.536343045288064 ], [ -91.175042966462129, 30.536383829644933 ], [ -91.175193093562171, 30.536440601292579 ], [ -91.175291123508941, 30.536476834837874 ], [ -91.175401198299411, 30.536517543341951 ], [ -91.175489594805967, 30.536545519562274 ], [ -91.175606979515749, 30.536577419024045 ], [ -91.175738579946298, 30.536607797302246 ], [ -91.17586476516982, 30.536628659545762 ], [ -91.175974549172608, 30.536641402623253 ], [ -91.176011672203558, 30.536640606031519 ], [ -91.176170439798966, 30.53663719902999 ], [ -91.176329207381983, 30.536633792740044 ], [ -91.176487974955592, 30.536630385357658 ], [ -91.176558443251807, 30.536628873097037 ], [ -91.176647102985257, 30.536639575407072 ], [ -91.176806538251938, 30.536659465802572 ], [ -91.17696607826457, 30.536683022982348 ], [ -91.177120154326587, 30.53670344970622 ], [ -91.177126233252935, 30.536915643613355 ], [ -91.177602537210845, 30.536905418930154 ], [ -91.177677954200817, 30.536902859197234 ] ] ], [ [ [ -91.180096737495532, 30.536528302082413 ], [ -91.180028993008904, 30.535975153044451 ], [ -91.17863500224955, 30.535903502101291 ], [ -91.17852972997315, 30.536448952681795 ], [ -91.17904099349019, 30.536475229268859 ], [ -91.17935734266517, 30.536491489111068 ], [ -91.179649514271304, 30.53650633277006 ], [ -91.180096737495532, 30.536528302082413 ] ] ], [ [ [ -91.185440822900588, 30.536393630968224 ], [ -91.183568339516015, 30.536424203616143 ], [ -91.180472580488939, 30.536551374581776 ], [ -91.180473067352736, 30.536541776378819 ], [ -91.180342235669102, 30.536414790918357 ], [ -91.180336078179323, 30.536274086696864 ], [ -91.180216299700334, 30.53627658761916 ], [ -91.180242258757488, 30.536774621356884 ], [ -91.180377101908718, 30.536771143753821 ], [ -91.180511946091229, 30.536767666916617 ], [ -91.18056930195624, 30.536763237276912 ], [ -91.180679221702079, 30.536752591740935 ], [ -91.180687008490708, 30.536751789772957 ], [ -91.180733053846595, 30.536747036712693 ], [ -91.180781116347703, 30.536739808918675 ], [ -91.180840372659532, 30.536724065074708 ], [ -91.180864767880635, 30.536715520046265 ], [ -91.180879782513443, 30.536714833736067 ], [ -91.180920308260198, 30.536713865589981 ], [ -91.181057369773541, 30.536707782007824 ], [ -91.181288723650795, 30.53669979684037 ], [ -91.181479144851991, 30.536693097556871 ], [ -91.181635784899001, 30.536689337877277 ], [ -91.181762728310233, 30.536684780875067 ], [ -91.181994584149948, 30.536670109019042 ], [ -91.182258706959118, 30.536650369759379 ], [ -91.182512132043158, 30.536630235313801 ], [ -91.182797811907506, 30.536621253988873 ], [ -91.183051748828404, 30.536613268867814 ], [ -91.183337428595024, 30.536604286378367 ], [ -91.183432656213128, 30.536601292981384 ], [ -91.18385529019514, 30.536588001019741 ], [ -91.184262739925344, 30.536575186740805 ], [ -91.184357967488936, 30.536572191776148 ], [ -91.184707134824635, 30.536561210254039 ], [ -91.184932744497203, 30.536554282105953 ], [ -91.185384882507563, 30.53688021886602 ], [ -91.185409538518499, 30.537386250330744 ], [ -91.186075619151353, 30.537365624183714 ], [ -91.186064659069302, 30.537100459370876 ], [ -91.186159887007818, 30.53709751362549 ], [ -91.186255118070989, 30.537094565108912 ], [ -91.186350346003536, 30.537091615618255 ], [ -91.186445577055437, 30.537088666964678 ], [ -91.186456535037536, 30.537353825429083 ], [ -91.187636558607153, 30.537317572390815 ], [ -91.187722564965014, 30.537318965078526 ], [ -91.187765468819549, 30.537321657989864 ], [ -91.187808234212127, 30.537325678559277 ], [ -91.187850806965528, 30.537331019510976 ], [ -91.18789313081416, 30.537337676272998 ], [ -91.187935153668761, 30.537345638865798 ], [ -91.187976819271739, 30.537354897305317 ], [ -91.18801807657708, 30.537365440711095 ], [ -91.188058871417851, 30.53737725459122 ], [ -91.18809915171245, 30.537390323554042 ], [ -91.188138865379244, 30.537404632207974 ], [ -91.188177963469428, 30.537420160654655 ], [ -91.188216394947176, 30.53743689079754 ], [ -91.188254109825294, 30.537454800031028 ], [ -91.188291060200768, 30.537473865751942 ], [ -91.188327199216388, 30.537494062651987 ], [ -91.188362480013581, 30.537515366324975 ], [ -91.188396858865204, 30.537537748760116 ], [ -91.188430289959769, 30.537561181944191 ], [ -91.188462731659385, 30.537585634260413 ], [ -91.188494141281282, 30.537611075895047 ], [ -91.18852448031484, 30.537637474332648 ], [ -91.188553708167831, 30.537664795251505 ], [ -91.188581788417579, 30.537693003432405 ], [ -91.188608685684699, 30.537722062755119 ], [ -91.188634363547564, 30.537751937098431 ], [ -91.188658791842286, 30.537782586739667 ], [ -91.188681936233863, 30.537813973755682 ], [ -91.18870376968718, 30.537846056623081 ], [ -91.188724263080061, 30.537878795620284 ], [ -91.188743390420598, 30.537912148322945 ], [ -91.188761126758735, 30.537946072307903 ], [ -91.18877745027477, 30.5379805224491 ], [ -91.18879233914349, 30.538015457228713 ], [ -91.188805774672602, 30.538050830622016 ], [ -91.189430588084718, 30.539332469612219 ], [ -91.189467284965431, 30.53950394844793 ], [ -91.189646416490234, 30.539498592660987 ], [ -91.189854190152033, 30.53949237915495 ], [ -91.189024665911816, 30.538096818003982 ], [ -91.188885558028062, 30.537885582874257 ], [ -91.188809051753751, 30.537783603311759 ], [ -91.188728059674276, 30.537684253702452 ], [ -91.188642702466893, 30.537587681205117 ], [ -91.188553107065204, 30.537494029376987 ], [ -91.188459407703689, 30.537403436371026 ], [ -91.188204651379309, 30.537221103780773 ], [ -91.188071784289747, 30.537135970980746 ], [ -91.187935483827459, 30.537055008080383 ], [ -91.18779592386268, 30.536978318996759 ], [ -91.18765328244028, 30.536906002239899 ], [ -91.187507742824181, 30.536838149109478 ], [ -91.187359492450213, 30.536774847302254 ], [ -91.187208720846101, 30.536716178203559 ], [ -91.187055619631167, 30.536662216887262 ], [ -91.186900385644563, 30.536613031217456 ], [ -91.186743218855426, 30.536568685454213 ], [ -91.186584319242399, 30.53652923664195 ], [ -91.186423890961962, 30.53649473461428 ], [ -91.186262139220801, 30.536465222892399 ], [ -91.18609927027228, 30.536440741391381 ], [ -91.185935494553434, 30.536421319207449 ], [ -91.185771020420347, 30.536406982729137 ], [ -91.185606059368396, 30.536397749329012 ], [ -91.185440822900588, 30.536393630968224 ] ] ], [ [ [ -91.187104661473768, 30.534490378785001 ], [ -91.186882529530237, 30.534088198990592 ], [ -91.18682963278647, 30.534110042364208 ], [ -91.186863955888583, 30.534128920676164 ], [ -91.187034618021116, 30.534401407447501 ], [ -91.187035230265053, 30.534514083855548 ], [ -91.187041479502653, 30.534696454769509 ], [ -91.187046187133589, 30.53483386734105 ], [ -91.1868556923217, 30.534838756909323 ], [ -91.186860741316536, 30.534986177259515 ], [ -91.186599470326527, 30.534992882442722 ], [ -91.186289015186432, 30.535000852191722 ], [ -91.186130268345337, 30.535004925340431 ], [ -91.185972500044926, 30.535008974130562 ], [ -91.185994553750049, 30.535615766942865 ], [ -91.185835839935322, 30.535620786933347 ], [ -91.185645386675475, 30.535626807787903 ], [ -91.185486674897476, 30.53563183548053 ], [ -91.185315725256416, 30.535637241693525 ], [ -91.185125275062362, 30.535643259999123 ], [ -91.18496656012293, 30.535648275337941 ], [ -91.184807846209623, 30.535653290487677 ], [ -91.18465835314629, 30.535658013615123 ], [ -91.18432063995823, 30.535668684064539 ], [ -91.184283459478991, 30.535669858176362 ], [ -91.183924318088899, 30.535679558132191 ], [ -91.183373754581808, 30.535286805025407 ], [ -91.182993012048129, 30.534933454893331 ], [ -91.183000435683141, 30.535018140150235 ], [ -91.18321742753416, 30.53522434814964 ], [ -91.183315132616642, 30.53529668195733 ], [ -91.183331802159799, 30.535700287503246 ], [ -91.18333555268724, 30.535805695977764 ], [ -91.185664519633136, 30.535743597445506 ], [ -91.186461223754378, 30.535630113139383 ], [ -91.186527450270859, 30.535612838279629 ], [ -91.186559978589457, 30.535602654968518 ], [ -91.186592059259539, 30.53559145814539 ], [ -91.186623649533203, 30.535579262196013 ], [ -91.186654708742836, 30.535566084214793 ], [ -91.186685197264381, 30.535551940395155 ], [ -91.186715072343517, 30.535536849633242 ], [ -91.18674429643518, 30.535520831733145 ], [ -91.186772830949565, 30.53550390830187 ], [ -91.186800638339093, 30.535486100947622 ], [ -91.186827683137778, 30.535467433084946 ], [ -91.186853927794218, 30.535447929028319 ], [ -91.186879338922807, 30.535427614900801 ], [ -91.186903883136665, 30.535406517727591 ], [ -91.186927528092482, 30.535384663632996 ], [ -91.186971644279822, 30.535339198326717 ], [ -91.186992257414133, 30.535315466397513 ], [ -91.187011873142126, 30.535291108238223 ], [ -91.187030465365396, 30.535266155392414 ], [ -91.187048010067258, 30.535240641210041 ], [ -91.187064483233627, 30.535214597236916 ], [ -91.187079866056976, 30.535188057730554 ], [ -91.187094136602397, 30.535161057847453 ], [ -91.187107278147991, 30.535133630945417 ], [ -91.18711927188383, 30.535105813086201 ], [ -91.187130104210439, 30.535077640337374 ], [ -91.187139759444307, 30.53504914876396 ], [ -91.187148226070178, 30.535020374435867 ], [ -91.187155492567726, 30.534991357030876 ], [ -91.187161550550655, 30.534962130818109 ], [ -91.187166391623549, 30.534932736380888 ], [ -91.187170008439779, 30.534903209793395 ], [ -91.187172398860355, 30.534873588939796 ], [ -91.187173557616219, 30.534843914406729 ], [ -91.187173483613179, 30.534814222275262 ], [ -91.187172177837269, 30.534784551334866 ], [ -91.187168981991846, 30.534724290515719 ], [ -91.18716542582149, 30.534694280623 ], [ -91.187160569976555, 30.534664407309094 ], [ -91.18715442273232, 30.534634712979827 ], [ -91.187146990281249, 30.534605239136276 ], [ -91.187138285066879, 30.534576028188607 ], [ -91.187128319535404, 30.53454712074274 ], [ -91.187117106132902, 30.534518557404724 ], [ -91.187104661473768, 30.534490378785001 ] ] ], [ [ [ -91.189200979488561, 30.536361448173089 ], [ -91.189147244624294, 30.536277615828293 ], [ -91.189117508805367, 30.536237165067202 ], [ -91.189085923824251, 30.536197778512697 ], [ -91.189052540652952, 30.536159519362911 ], [ -91.189017412350054, 30.536122449014055 ], [ -91.188801217168304, 30.535924872404596 ], [ -91.18858502284921, 30.535727294527671 ], [ -91.188118161770703, 30.535325467954319 ], [ -91.188116851631079, 30.535323492820595 ], [ -91.188116137114818, 30.535322537662498 ], [ -91.188115381925456, 30.535321604109122 ], [ -91.188114590226149, 30.535320695773184 ], [ -91.188113760976066, 30.53531981175157 ], [ -91.188112896256769, 30.53531895385062 ], [ -91.188111996066922, 30.535318122972413 ], [ -91.188111062488034, 30.535317320923312 ], [ -91.188110096562241, 30.53531654770449 ], [ -91.188109099328912, 30.535315805121204 ], [ -91.18810807182895, 30.53531509407664 ], [ -91.188107015102943, 30.535314415473977 ], [ -91.188105932277281, 30.53531376931663 ], [ -91.188104823349306, 30.535313157408762 ], [ -91.188103689361071, 30.535312579751498 ], [ -91.188102532395447, 30.535312037249131 ], [ -91.188101353491803, 30.535311531706924 ], [ -91.18810015473575, 30.535311062225176 ], [ -91.188098938208753, 30.53531063061023 ], [ -91.188097703910856, 30.535310236862063 ], [ -91.18809645392615, 30.535309880982968 ], [ -91.188093952731094, 30.535309294609121 ], [ -91.188092685897388, 30.535309058684849 ], [ -91.188091410670197, 30.535308861539715 ], [ -91.188090127049477, 30.535308703173751 ], [ -91.188088839203658, 30.535308583591497 ], [ -91.188087546089292, 30.535308503693901 ], [ -91.188086250832598, 30.535308463484313 ], [ -91.188084955517809, 30.535308462965105 ], [ -91.188083660146233, 30.535308501234201 ], [ -91.188082367842782, 30.535308579197054 ], [ -91.188081078608775, 30.535308695951638 ], [ -91.18807979556918, 30.535308852403443 ], [ -91.188078519767373, 30.535309047651516 ], [ -91.188077252245478, 30.535309281697049 ], [ -91.188075995087587, 30.535309554542312 ], [ -91.188074750379258, 30.535309865287513 ], [ -91.18807351812184, 30.535310213030645 ], [ -91.188072301440187, 30.535310598677189 ], [ -91.188071100335634, 30.535311021325057 ], [ -91.188069917937185, 30.535311479173583 ], [ -91.188068755284121, 30.535311974028012 ], [ -91.188067612380564, 30.535312503182187 ], [ -91.188066492352647, 30.535313066639585 ], [ -91.188065395200397, 30.535313664400174 ], [ -91.188064324051453, 30.535314295565293 ], [ -91.188063277866362, 30.535314958329753 ], [ -91.188062260814689, 30.535315651796033 ], [ -91.188061271853158, 30.535316376865062 ], [ -91.188060312026394, 30.535317131733883 ], [ -91.188059384463401, 30.535317914601826 ], [ -91.188058489164092, 30.535318725468873 ], [ -91.188057627171887, 30.535319563434026 ], [ -91.188056800573648, 30.535320426695673 ], [ -91.18805600832853, 30.535321314350476 ], [ -91.188055253562865, 30.535322226401867 ], [ -91.188054535238535, 30.535323160142589 ], [ -91.188053856481758, 30.535324115576088 ], [ -91.188053216253095, 30.535325090896993 ], [ -91.188052615595993, 30.535326085204566 ], [ -91.188052056597243, 30.535327096696857 ], [ -91.188051539258112, 30.53532812447186 ], [ -91.188051062536587, 30.535329168528413 ], [ -91.188050629564216, 30.535330225261752 ], [ -91.188050240339706, 30.535331295573961 ], [ -91.188049893826161, 30.535332375855681 ], [ -91.188049592106438, 30.535333467011124 ], [ -91.188049334142562, 30.535334566333173 ], [ -91.188049120977766, 30.535335672920816 ], [ -91.18804895365686, 30.53533678497103 ], [ -91.188048831139071, 30.535337901580736 ], [ -91.188048754467843, 30.535339021849019 ], [ -91.188048722605004, 30.535340143068467 ], [ -91.18804873659397, 30.535341264338285 ], [ -91.188048796436092, 30.535342384756376 ], [ -91.188048901090625, 30.53534350341949 ], [ -91.188049051603514, 30.535344617622698 ], [ -91.18804924797621, 30.535345726463941 ], [ -91.18804948812712, 30.535346828136738 ], [ -91.188049773098328, 30.535347922642313 ], [ -91.188050102893854, 30.535349007274419 ], [ -91.188050476472867, 30.535350081129955 ], [ -91.188050892794593, 30.535351143305682 ], [ -91.188051351860409, 30.535352192899531 ], [ -91.188051853675589, 30.535353226303297 ], [ -91.188052398237474, 30.535354245321166 ], [ -91.188052982425134, 30.535355246341332 ], [ -91.188427668089332, 30.535906221771043 ], [ -91.188571905310695, 30.535959847983193 ], [ -91.188642143043964, 30.535990201343587 ], [ -91.188710988349925, 30.536022856993295 ], [ -91.18877834125918, 30.536057767918372 ], [ -91.188844102853366, 30.536094880791843 ], [ -91.188908177337183, 30.536134144094273 ], [ -91.188970471010791, 30.536175498190392 ], [ -91.189030892256781, 30.536218884349008 ], [ -91.189089353634785, 30.536264237529522 ], [ -91.189200979488561, 30.536361448173089 ] ] ], [ [ [ -91.190117778019498, 30.538286105063147 ], [ -91.190119312508742, 30.538290096508973 ], [ -91.190120201735255, 30.53829205492859 ], [ -91.190121170204435, 30.538293984568188 ], [ -91.190122216878095, 30.53829588272054 ], [ -91.190123341758792, 30.538297747581407 ], [ -91.190124541722838, 30.538299577343437 ], [ -91.190125815733353, 30.538301368397214 ], [ -91.190127161707309, 30.538303119838346 ], [ -91.190128579648629, 30.538304828960907 ], [ -91.190130066434975, 30.538306493055124 ], [ -91.190131621026751, 30.538308110315882 ], [ -91.190133240300142, 30.538309678935693 ], [ -91.19013492321578, 30.538311197109238 ], [ -91.190136666651142, 30.538312662127055 ], [ -91.190138469565412, 30.538314073085957 ], [ -91.190140328834886, 30.538315428178421 ], [ -91.190142243421278, 30.538316724697122 ], [ -91.190144209157452, 30.538317961735597 ], [ -91.190146223960497, 30.53831913838944 ], [ -91.190148285751377, 30.538320251048262 ], [ -91.19015039244448, 30.538321300611827 ], [ -91.190152540917467, 30.538322284370565 ], [ -91.190154728043879, 30.53832320232117 ], [ -91.190156951743433, 30.538324051755108 ], [ -91.190159207847714, 30.538324832667961 ], [ -91.190161495315778, 30.538325544156546 ], [ -91.190163811023908, 30.538326184413318 ], [ -91.190166150803705, 30.538326753433825 ], [ -91.190168512573408, 30.538327249411658 ], [ -91.190170893205462, 30.538327673245522 ], [ -91.190173289574801, 30.538328024029976 ], [ -91.190175698556288, 30.538328300859597 ], [ -91.190178118067038, 30.538328502830073 ], [ -91.19018054393598, 30.538328631740907 ], [ -91.190182973040635, 30.538328684882746 ], [ -91.190185403294151, 30.538328664057261 ], [ -91.190187831571507, 30.538328568359116 ], [ -91.190190253704145, 30.538328397783832 ], [ -91.190192667606638, 30.538328153231124 ], [ -91.190195070152555, 30.538327834697629 ], [ -91.190197458214229, 30.538327443082071 ], [ -91.190199828666579, 30.53832697747897 ], [ -91.190202178379437, 30.538326440591124 ], [ -91.190204504228973, 30.538325830611047 ], [ -91.19020680412703, 30.538325150242624 ], [ -91.19020907494729, 30.538324399482544 ], [ -91.190211313560809, 30.538323580131454 ], [ -91.190213516842448, 30.538322691283962 ], [ -91.190321139783393, 30.538283588984047 ], [ -91.190445351346199, 30.538234903939617 ], [ -91.190267777625195, 30.537937816325229 ], [ -91.190155869653552, 30.537987888343757 ], [ -91.190002254766, 30.537731639709701 ], [ -91.189955703063731, 30.537753605739372 ], [ -91.190117778019498, 30.538286105063147 ] ] ], [ [ [ -91.190518268152488, 30.539036281795244 ], [ -91.190623883848133, 30.538989742362805 ], [ -91.19048486362496, 30.538759994413294 ], [ -91.190597454095197, 30.53870902802641 ], [ -91.190457617685468, 30.538477567950579 ], [ -91.190437430291993, 30.538443166171128 ], [ -91.190267107161375, 30.538486453100372 ], [ -91.190261559862094, 30.538487958045859 ], [ -91.190258835531552, 30.53848883640838 ], [ -91.19025614860017, 30.538489795996149 ], [ -91.190253502192988, 30.538490837714541 ], [ -91.190250899441622, 30.538491957958811 ], [ -91.190248343471026, 30.538493157634342 ], [ -91.19024583741286, 30.538494433136368 ], [ -91.190243385435537, 30.53849578446934 ], [ -91.190240988585089, 30.538497208928188 ], [ -91.190238652073418, 30.538498705616568 ], [ -91.190236376945251, 30.538500272731508 ], [ -91.190234167373006, 30.538501907571295 ], [ -91.190232024401325, 30.538503608333027 ], [ -91.190229952201321, 30.538505373217049 ], [ -91.190227952861207, 30.538507199519486 ], [ -91.190226028466412, 30.538509086340561 ], [ -91.19022418214989, 30.538511029173357 ], [ -91.190222414953709, 30.538513028018993 ], [ -91.190220731052932, 30.538515078371752 ], [ -91.190219130448739, 30.538517179329581 ], [ -91.190217615230722, 30.53851932728649 ], [ -91.190216188529064, 30.538521519539778 ], [ -91.190214852430572, 30.538523754287525 ], [ -91.190213606940588, 30.538526027921538 ], [ -91.190212454147158, 30.538528337737926 ], [ -91.190211396137173, 30.538530681934787 ], [ -91.190210432917155, 30.538533056001981 ], [ -91.190209567616023, 30.538535458138654 ], [ -91.190208799195602, 30.538537885637599 ], [ -91.190208129746637, 30.538540333990763 ], [ -91.190207560313894, 30.538542801395234 ], [ -91.190207090901254, 30.538545285144806 ], [ -91.190206722557349, 30.538547780730365 ], [ -91.190206455284809, 30.53855028634776 ], [ -91.19020629012968, 30.538552799292013 ], [ -91.190206226056333, 30.538555315051703 ], [ -91.190206265152895, 30.538557830922947 ], [ -91.190206405339069, 30.5385603441973 ], [ -91.190206647660887, 30.538562852169797 ], [ -91.190206991082761, 30.538565350328966 ], [ -91.19020743560597, 30.538567837772774 ], [ -91.190207980196206, 30.53857030908782 ], [ -91.19020862485614, 30.538572762470007 ], [ -91.190209369589596, 30.538575195213081 ], [ -91.190256041818586, 30.538667851441943 ], [ -91.190420174672269, 30.538993695504928 ], [ -91.190421461909835, 30.538997888739505 ], [ -91.190422233233846, 30.538999954373807 ], [ -91.190423087965556, 30.53900199393857 ], [ -91.190424025064274, 30.539004006530597 ], [ -91.190425043491672, 30.539005989442693 ], [ -91.190426141167364, 30.539007939966346 ], [ -91.190427319136219, 30.539009856298577 ], [ -91.190428573234797, 30.539011734826751 ], [ -91.190429903465827, 30.539013573746747 ], [ -91.190431308789684, 30.53901537125326 ], [ -91.190432785041793, 30.539017124635706 ], [ -91.190434332224797, 30.539018832089894 ], [ -91.190435948257004, 30.539020491809591 ], [ -91.190437631059368, 30.539022100184223 ], [ -91.190439377505527, 30.539023657210436 ], [ -91.190441186558516, 30.539025159278953 ], [ -91.190443056135422, 30.539026605485393 ], [ -91.190444983113778, 30.539027993120264 ], [ -91.190446965410601, 30.539029321279266 ], [ -91.190448999900823, 30.539030589056967 ], [ -91.190451085547494, 30.539031792843982 ], [ -91.190453219224253, 30.539032932636971 ], [ -91.190455397807369, 30.539034006628452 ], [ -91.190457618171678, 30.53903501391299 ], [ -91.190459878235529, 30.53903595268423 ], [ -91.190462175917361, 30.539036821135877 ], [ -91.190464507048574, 30.53903761926335 ], [ -91.190466869546242, 30.539038346162293 ], [ -91.190469259243116, 30.539039000926316 ], [ -91.19047167509973, 30.53903958175006 ], [ -91.190474112948863, 30.539040087727066 ], [ -91.190476569662835, 30.539040519755879 ], [ -91.190479042116493, 30.539040876931193 ], [ -91.190481528227011, 30.539041158348681 ], [ -91.190484023827054, 30.539041363101717 ], [ -91.19048652578897, 30.539041492089066 ], [ -91.190489032029873, 30.539041544406359 ], [ -91.190491539423292, 30.539041520050308 ], [ -91.190494043799433, 30.539041419918394 ], [ -91.190496542033273, 30.539041243105252 ], [ -91.190499032040492, 30.53904098960853 ], [ -91.190501509650034, 30.539040661227972 ], [ -91.19050397277887, 30.539040257059174 ], [ -91.190506418300671, 30.539039777098804 ], [ -91.190508842043045, 30.539039224048533 ], [ -91.190511241923048, 30.539038597004048 ], [ -91.190513614812886, 30.539037896863977 ], [ -91.190515958627131, 30.539037124528257 ], [ -91.190518268152488, 30.539036281795244 ] ] ], [ [ [ -91.190561059793808, 30.539112430638689 ], [ -91.190556093009619, 30.539114603742256 ], [ -91.190553679798015, 30.539115803577442 ], [ -91.190551318586202, 30.539117077437101 ], [ -91.190549010418906, 30.539118423518268 ], [ -91.190546759467225, 30.539119840021257 ], [ -91.190544568860076, 30.539121325145466 ], [ -91.190542440684425, 30.539122877088914 ], [ -91.19054037702702, 30.539124494049833 ], [ -91.190538382060254, 30.539126173326522 ], [ -91.19053645787109, 30.539127913117145 ], [ -91.190534606546279, 30.539129711619861 ], [ -91.190532830174007, 30.539131566130713 ], [ -91.190531131884526, 30.539133473947036 ], [ -91.190529512722591, 30.539135433265727 ], [ -91.190527976860594, 30.539137441385133 ], [ -91.190526523258967, 30.539139496500049 ], [ -91.190525156092832, 30.539141594104812 ], [ -91.190523876405507, 30.539143733298335 ], [ -91.19052268524436, 30.539145910473636 ], [ -91.190521584697535, 30.539148122926807 ], [ -91.190520576853203, 30.539150367953937 ], [ -91.190519661715257, 30.539152642848769 ], [ -91.190518840331052, 30.539154944004363 ], [ -91.190518114787366, 30.539157269618798 ], [ -91.190517486131583, 30.539159616084952 ], [ -91.190516954367624, 30.53916198069675 ], [ -91.190516520542772, 30.539164359847064 ], [ -91.190516184661007, 30.539166750829718 ], [ -91.190515798934172, 30.539171913770421 ], [ -91.190515777492863, 30.539174500838012 ], [ -91.190515871728948, 30.539177087128323 ], [ -91.190516079564716, 30.53917966812892 ], [ -91.190516401005297, 30.539182240231519 ], [ -91.190516837098116, 30.539184799829009 ], [ -91.190517385765375, 30.539187342408955 ], [ -91.190518047009661, 30.539189866167238 ], [ -91.19072127723858, 30.53960844341816 ], [ -91.190750921525662, 30.539644129929254 ], [ -91.190780565835311, 30.539679815531215 ], [ -91.190782502321369, 30.539682576097004 ], [ -91.190783554002422, 30.539683909562918 ], [ -91.190784659922329, 30.539685209711283 ], [ -91.190785817998204, 30.539686475637716 ], [ -91.190787027190439, 30.539687705537023 ], [ -91.19078828646083, 30.539688896701957 ], [ -91.1907895937251, 30.539690049130197 ], [ -91.190790947944961, 30.539691160114561 ], [ -91.190792345995348, 30.539692228749544 ], [ -91.190793786834149, 30.539693255034067 ], [ -91.190795269424399, 30.539694235358745 ], [ -91.190796790639666, 30.539695169720261 ], [ -91.190798349439177, 30.539696057215476 ], [ -91.190799943742505, 30.539696895135936 ], [ -91.190801571462814, 30.539697685283514 ], [ -91.190803229478888, 30.539698424046573 ], [ -91.190804917790686, 30.539699111425154 ], [ -91.190806633273183, 30.539699746513882 ], [ -91.190808373843339, 30.539700328408447 ], [ -91.190810136374765, 30.539700857105434 ], [ -91.190811919827922, 30.539701330799609 ], [ -91.19081372107641, 30.539701749487676 ], [ -91.190815539078173, 30.539702113168431 ], [ -91.190817370709269, 30.539702420034523 ], [ -91.190819213884197, 30.539702670985584 ], [ -91.190821065477863, 30.539702865116368 ], [ -91.190822924448085, 30.539703002425629 ], [ -91.190824787668561, 30.539703082910087 ], [ -91.190826653056192, 30.539703105665385 ], [ -91.1908285185268, 30.53970307068932 ], [ -91.190830380952661, 30.539702978880563 ], [ -91.190832238249499, 30.539702830236894 ], [ -91.190834089375144, 30.539702624757133 ], [ -91.190835930161157, 30.539702362436806 ], [ -91.190837758523216, 30.539702043273692 ], [ -91.190839573416511, 30.539701669070812 ], [ -91.190841371716104, 30.539701238922692 ], [ -91.190843150294157, 30.539700753728056 ], [ -91.190844909149448, 30.539700214388919 ], [ -91.190846644113435, 30.539699620900826 ], [ -91.190848354141323, 30.539698975066742 ], [ -91.190850036106838, 30.5396982768833 ], [ -91.190851688965139, 30.539697528153539 ], [ -91.190853309589883, 30.539696728873977 ], [ -91.190894865689103, 30.539677166552117 ], [ -91.191019947080406, 30.53964427327848 ], [ -91.190839943589779, 30.539346800583996 ], [ -91.190668098316081, 30.539062811290076 ], [ -91.190561059793808, 30.539112430638689 ] ] ], [ [ [ -91.163856575760761, 30.522022439238675 ], [ -91.16384460454023, 30.52170912794271 ], [ -91.16403494656349, 30.521700929174408 ], [ -91.164225288555286, 30.521692730132372 ], [ -91.1644156305141, 30.52168453171867 ], [ -91.164605973484939, 30.521676332130454 ], [ -91.16464092497128, 30.521674826943919 ], [ -91.164307498626457, 30.521353601333775 ], [ -91.164225880936868, 30.521240699073282 ], [ -91.164010730574091, 30.521253539950742 ], [ -91.163922798058664, 30.521290152069103 ], [ -91.163837850617682, 30.521353000737829 ], [ -91.16373766356817, 30.521468293591507 ], [ -91.163707256281583, 30.521531212047055 ], [ -91.163688179316622, 30.522055829720955 ], [ -91.16366680240418, 30.522152861171243 ], [ -91.163660155853037, 30.522169889840612 ], [ -91.163683154364222, 30.522173205522236 ], [ -91.163697713745591, 30.522151148091421 ], [ -91.163705657084037, 30.522140466165506 ], [ -91.16371403032106, 30.522130032856335 ], [ -91.163722821971987, 30.522119861679855 ], [ -91.163732022639195, 30.522109964350779 ], [ -91.16374161979617, 30.522100354383845 ], [ -91.163751601964407, 30.522091041686952 ], [ -91.163761956617492, 30.522082039774787 ], [ -91.163772671233545, 30.522073359455984 ], [ -91.163783732250238, 30.522065010635718 ], [ -91.163795125061867, 30.522057004119901 ], [ -91.163806837148186, 30.522049349815063 ], [ -91.163818853904985, 30.52204205762504 ], [ -91.16383115864582, 30.522035136549082 ], [ -91.163843737813139, 30.522028593786086 ], [ -91.163856575760761, 30.522022439238675 ] ] ] ] } },
{ "type": "Feature", "properties": { "ID": 148, "BG_ID": 21, "PARKID": "CHMBR", "FACILITY_NAME": "Chamberlain Street Park", "CLASSIFICATION": "Neighborhood", "FULL_ADDRESS": "16900 CHAMBERLAIN AVE", "CITY": "BAKER", "STATE": "LOUISIANA", "ZIP": 70714, "ACREAGE": 4.706, "AIRGUN_RANGE": "NO", "AIRNASIUM": "NO", "ARCHERY_RANGE": "NO", "BALL_MULTI_PURPOSE_FIELD": "YES", "BASKETBALL_INDOOR": "NO", "BASKETBALL_OUTDOOR": "YES", "BIKE_REPAIR_STATION": "NO", "BIRD_WATCHING_WILDLIFE_VIEWING": "NO", "BLUEWAY_TRAILHEAD": "NO", "BMX": "NO", "CANOE_KAYAK_LAUNCH": "NO", "CRICKET_PITCH": "NO", "CROQUET_COURT": "NO", "DISC_GOLF": "NO", "DOG_PARK": "NO", "EQUESTRIAN": "NO", "FISHING_ACCESS": "NO", "FITNESS_CENTERS": "NO", "GARDEN_ARBORETUM": "NO", "GOLF_COURSE_9_HOLE": "NO", "GOLF_COURSE_18_HOLE": "NO", "GREENWAY_TRAILHEAD": "NO", "MOUNTAIN_BIKING": "NO", "NATURE_TRAILS": "NO", "OUTDOOR_FITNESS_STATION": "NO", "PAVILION": "YES", "PLAYGROUND": "YES", "PRIMITIVE_TRAILS": "NO", "RECREATION_CENTER": "NO", "RUGBY_FIELD": "NO", "RV_PARK": "NO", "SAND_VOLLEYBALL": "NO", "SHUFFLEBOARD": "NO", "SKATE_PARK": "NO", "SOCCER_FIELD": "NO", "SPLASH_PAD": "NO", "STADIUM": "NO", "SWIMMING_POOL": "NO", "TENNIS_CENTER": "NO", "TENNIS_COURTS": "YES", "VELODROME": "NO", "WALKING_LOOP_OUTDOOR": "YES", "WALKING_TRACK_INDOOR": "NO" }, "geometry": { "type": "Polygon", "coordinates": [ [ [ -91.183370961020302, 30.60139705842824 ], [ -91.183680869562608, 30.599554522394595 ], [ -91.182662672377674, 30.599431761050731 ], [ -91.182366926076597, 30.601268820248666 ], [ -91.183370961020302, 30.60139705842824 ] ] ] } },
{ "type": "Feature", "properties": { "ID": 149, "BG_ID": 132, "PARKID": "FRTAD", "FACILITY_NAME": "Fortune Addition Park", "CLASSIFICATION": "Neighborhood", "FULL_ADDRESS": "5900 PEERLESS ST", "CITY": "BATON ROUGE", "STATE": "LOUISIANA", "ZIP": 70811, "ACREAGE": 10.18, "AIRGUN_RANGE": "NO", "AIRNASIUM": "NO", "ARCHERY_RANGE": "NO", "BALL_MULTI_PURPOSE_FIELD": "YES", "BASKETBALL_INDOOR": "NO", "BASKETBALL_OUTDOOR": "YES", "BIKE_REPAIR_STATION": "NO", "BIRD_WATCHING_WILDLIFE_VIEWING": "NO", "BLUEWAY_TRAILHEAD": "NO", "BMX": "NO", "CANOE_KAYAK_LAUNCH": "NO", "CRICKET_PITCH": "NO", "CROQUET_COURT": "NO", "DISC_GOLF": "NO", "DOG_PARK": "NO", "EQUESTRIAN": "NO", "FISHING_ACCESS": "NO", "FITNESS_CENTERS": "NO", "GARDEN_ARBORETUM": "NO", "GOLF_COURSE_9_HOLE": "NO", "GOLF_COURSE_18_HOLE": "NO", "GREENWAY_TRAILHEAD": "NO", "MOUNTAIN_BIKING": "NO", "NATURE_TRAILS": "NO", "OUTDOOR_FITNESS_STATION": "NO", "PAVILION": "YES", "PLAYGROUND": "YES", "PRIMITIVE_TRAILS": "NO", "RECREATION_CENTER": "NO", "RUGBY_FIELD": "NO", "RV_PARK": "NO", "SAND_VOLLEYBALL": "NO", "SHUFFLEBOARD": "NO", "SKATE_PARK": "NO", "SOCCER_FIELD": "NO", "SPLASH_PAD": "NO", "STADIUM": "NO", "SWIMMING_POOL": "NO", "TENNIS_CENTER": "NO", "TENNIS_COURTS": "NO", "VELODROME": "NO", "WALKING_LOOP_OUTDOOR": "YES", "WALKING_TRACK_INDOOR": "NO" }, "geometry": { "type": "Polygon", "coordinates": [ [ [ -91.1321495302751, 30.516600927763236 ], [ -91.132134773640573, 30.516066785028318 ], [ -91.132129895314691, 30.515890164853083 ], [ -91.132124199638568, 30.515684010841063 ], [ -91.132118505022561, 30.515477859523376 ], [ -91.132113070374544, 30.515281213608542 ], [ -91.132111069648317, 30.515088738622136 ], [ -91.132109072039015, 30.514896271747507 ], [ -91.13210707028091, 30.514703799442774 ], [ -91.132103760453518, 30.514385225942014 ], [ -91.132101982057705, 30.514214139122952 ], [ -91.132028575339746, 30.514236155062402 ], [ -91.131999675100062, 30.514244821408631 ], [ -91.13057148303028, 30.514275343501939 ], [ -91.130572645268373, 30.51430158084495 ], [ -91.130573343362911, 30.514306657815595 ], [ -91.13058998603988, 30.514375037937754 ], [ -91.130607034633684, 30.514427315073441 ], [ -91.13063054007101, 30.514485027094189 ], [ -91.130633788080857, 30.514491411448724 ], [ -91.130640890198009, 30.514504823353647 ], [ -91.130646067945094, 30.51451315370398 ], [ -91.130668956089437, 30.514552773023059 ], [ -91.130682585516738, 30.514584047622058 ], [ -91.130689636947537, 30.51461156949404 ], [ -91.130690908141133, 30.514634469372165 ], [ -91.130695310530584, 30.514707177766542 ], [ -91.130709842530223, 30.515558610725112 ], [ -91.130723647881382, 30.516407325336541 ], [ -91.130731002244033, 30.516821254522135 ], [ -91.132100204428099, 30.516828762996123 ], [ -91.132093955529371, 30.516602569818044 ], [ -91.1321495302751, 30.516600927763236 ] ] ] } },
{ "type": "Feature", "properties": { "ID": 150, "BG_ID": 4, "PARKID": "EBRKT", "FACILITY_NAME": "East Brookstown Park", "CLASSIFICATION": "Neighborhood", "FULL_ADDRESS": "4300 E BROOKSTOWN DR", "CITY": "BATON ROUGE", "STATE": "LOUISIANA", "ZIP": 70805, "ACREAGE": 1.0, "AIRGUN_RANGE": "NO", "AIRNASIUM": "NO", "ARCHERY_RANGE": "NO", "BALL_MULTI_PURPOSE_FIELD": "NO", "BASKETBALL_INDOOR": "NO", "BASKETBALL_OUTDOOR": "NO", "BIKE_REPAIR_STATION": "NO", "BIRD_WATCHING_WILDLIFE_VIEWING": "NO", "BLUEWAY_TRAILHEAD": "NO", "BMX": "NO", "CANOE_KAYAK_LAUNCH": "NO", "CRICKET_PITCH": "NO", "CROQUET_COURT": "NO", "DISC_GOLF": "NO", "DOG_PARK": "NO", "EQUESTRIAN": "NO", "FISHING_ACCESS": "NO", "FITNESS_CENTERS": "NO", "GARDEN_ARBORETUM": "NO", "GOLF_COURSE_9_HOLE": "NO", "GOLF_COURSE_18_HOLE": "NO", "GREENWAY_TRAILHEAD": "NO", "MOUNTAIN_BIKING": "NO", "NATURE_TRAILS": "NO", "OUTDOOR_FITNESS_STATION": "NO", "PAVILION": "NO", "PLAYGROUND": "YES", "PRIMITIVE_TRAILS": "NO", "RECREATION_CENTER": "NO", "RUGBY_FIELD": "NO", "RV_PARK": "NO", "SAND_VOLLEYBALL": "NO", "SHUFFLEBOARD": "NO", "SKATE_PARK": "NO", "SOCCER_FIELD": "NO", "SPLASH_PAD": "NO", "STADIUM": "NO", "SWIMMING_POOL": "NO", "TENNIS_CENTER": "NO", "TENNIS_COURTS": "NO", "VELODROME": "NO", "WALKING_LOOP_OUTDOOR": "NO", "WALKING_TRACK_INDOOR": "NO" }, "geometry": { "type": "Polygon", "coordinates": [ [ [ -91.128025580798194, 30.496102625677011 ], [ -91.128104815836949, 30.496270413031795 ], [ -91.128173207523432, 30.496395744889462 ], [ -91.128508450598858, 30.496209963113294 ], [ -91.128505874619393, 30.496205881784235 ], [ -91.128461049390182, 30.496127042117529 ], [ -91.128448002264918, 30.496099854371671 ], [ -91.128421864445755, 30.496045401230162 ], [ -91.128405829044922, 30.496005975924099 ], [ -91.12839690449664, 30.49598402925038 ], [ -91.128388248075026, 30.495960369966316 ], [ -91.128364451688668, 30.495884892357893 ], [ -91.128360624631966, 30.495872761749492 ], [ -91.128350240725894, 30.495799881215277 ], [ -91.128349880068626, 30.495780834417126 ], [ -91.127969698902447, 30.495786068664913 ], [ -91.127978810516055, 30.495944077105509 ], [ -91.128025580798194, 30.496102625677011 ] ] ] } },
{ "type": "Feature", "properties": { "ID": 151, "BG_ID": 167, "PARKID": "HWLCP", "FACILITY_NAME": "Howell Community Park", "CLASSIFICATION": "Community", "FULL_ADDRESS": "5509 WINBOURNE AVE", "CITY": "BATON ROUGE", "STATE": "LOUISIANA", "ZIP": 70805, "ACREAGE": 113.032, "AIRGUN_RANGE": "NO", "AIRNASIUM": "NO", "ARCHERY_RANGE": "NO", "BALL_MULTI_PURPOSE_FIELD": "YES", "BASKETBALL_INDOOR": "NO", "BASKETBALL_OUTDOOR": "YES", "BIKE_REPAIR_STATION": "NO", "BIRD_WATCHING_WILDLIFE_VIEWING": "YES", "BLUEWAY_TRAILHEAD": "NO", "BMX": "NO", "CANOE_KAYAK_LAUNCH": "NO", "CRICKET_PITCH": "NO", "CROQUET_COURT": "NO", "DISC_GOLF": "NO", "DOG_PARK": "NO", "EQUESTRIAN": "NO", "FISHING_ACCESS": "YES", "FITNESS_CENTERS": "NO", "GARDEN_ARBORETUM": "YES", "GOLF_COURSE_9_HOLE": "NO", "GOLF_COURSE_18_HOLE": "NO", "GREENWAY_TRAILHEAD": "NO", "MOUNTAIN_BIKING": "NO", "NATURE_TRAILS": "NO", "OUTDOOR_FITNESS_STATION": "YES", "PAVILION": "YES", "PLAYGROUND": "YES", "PRIMITIVE_TRAILS": "NO", "RECREATION_CENTER": "NO", "RUGBY_FIELD": "NO", "RV_PARK": "NO", "SAND_VOLLEYBALL": "YES", "SHUFFLEBOARD": "NO", "SKATE_PARK": "NO", "SOCCER_FIELD": "NO", "SPLASH_PAD": "NO", "STADIUM": "NO", "SWIMMING_POOL": "NO", "TENNIS_CENTER": "NO", "TENNIS_COURTS": "YES", "VELODROME": "NO", "WALKING_LOOP_OUTDOOR": "YES", "WALKING_TRACK_INDOOR": "NO" }, "geometry": { "type": "Polygon", "coordinates": [ [ [ -91.13717741742559, 30.482401921190938 ], [ -91.137170312663798, 30.482186636968031 ], [ -91.137162983864684, 30.481964573338967 ], [ -91.137036962329958, 30.479129820835983 ], [ -91.136657440475346, 30.479143826534926 ], [ -91.135614603847557, 30.479190468906623 ], [ -91.134702206012534, 30.479231271321492 ], [ -91.133297090590219, 30.479294095260048 ], [ -91.132784283907156, 30.479315147222948 ], [ -91.132090773175051, 30.479325020016319 ], [ -91.13173149282099, 30.479330134420124 ], [ -91.131234332902963, 30.479331347824964 ], [ -91.130209181321604, 30.479333841671938 ], [ -91.130254646988675, 30.481437026889964 ], [ -91.128159236165416, 30.481444736939419 ], [ -91.128171572259163, 30.482015937300499 ], [ -91.128175735645257, 30.482208717140569 ], [ -91.128237370978667, 30.485062504442947 ], [ -91.128690845663314, 30.485056082073328 ], [ -91.128938437204525, 30.485052577778909 ], [ -91.129162220031503, 30.485049408837437 ], [ -91.129386007008534, 30.485046240426012 ], [ -91.129609789805073, 30.485043071629569 ], [ -91.129833576755388, 30.485039901559006 ], [ -91.130057359523306, 30.485036732005565 ], [ -91.130281142278818, 30.485033561171573 ], [ -91.130504929184397, 30.485030390867529 ], [ -91.130728711909441, 30.485027220178608 ], [ -91.130952498793761, 30.485024045509302 ], [ -91.131176281490156, 30.485020874063334 ], [ -91.131400065219367, 30.4850176995342 ], [ -91.131623851013728, 30.485014526433947 ], [ -91.131847633672706, 30.485011351146287 ], [ -91.132071420478127, 30.485008178192615 ], [ -91.132295596830005, 30.485004996431723 ], [ -91.132692560536313, 30.484999363006587 ], [ -91.132753060081725, 30.484724443435478 ], [ -91.132745326452579, 30.48449876631269 ], [ -91.132731667907066, 30.484100250805007 ], [ -91.132953850367073, 30.484096221472456 ], [ -91.133176032810837, 30.4840921908647 ], [ -91.133398222525571, 30.484088160796961 ], [ -91.133620404931449, 30.484084130345025 ], [ -91.133842590449348, 30.48408009681857 ], [ -91.134064772820921, 30.48407606471833 ], [ -91.134286959344266, 30.48407203044717 ], [ -91.134509144807993, 30.484067995801297 ], [ -91.134731330248229, 30.484063963488506 ], [ -91.134890037104043, 30.484061080463761 ], [ -91.135175702123263, 30.484055894136834 ], [ -91.135413758195043, 30.484051570526631 ], [ -91.135635943567138, 30.484047533988473 ], [ -91.135858126832673, 30.484043499780288 ], [ -91.136080312168602, 30.48403946249589 ], [ -91.136302497477502, 30.484035429348669 ], [ -91.136334235704709, 30.484034853279429 ], [ -91.136346839339069, 30.484038086120449 ], [ -91.136341181750922, 30.483873265906318 ], [ -91.136334586068017, 30.483680999708163 ], [ -91.136327989336849, 30.483488749734267 ], [ -91.136321393672802, 30.483296499750512 ], [ -91.13631479699275, 30.483104249753865 ], [ -91.136759161317244, 30.483096175076874 ], [ -91.136756282953328, 30.483012338710157 ], [ -91.137355908880565, 30.48299859218417 ], [ -91.137350889955087, 30.48284656516844 ], [ -91.137346342793833, 30.482708812302548 ], [ -91.137335338008796, 30.482375460264702 ], [ -91.137293237802993, 30.482371971826247 ], [ -91.137225671348077, 30.48237941570714 ], [ -91.13717741742559, 30.482401921190938 ] ] ] } },
{ "type": "Feature", "properties": { "ID": 152, "BG_ID": 109, "PARKID": "BRDSN", "FACILITY_NAME": "Bird Station Park", "CLASSIFICATION": "Neighborhood", "FULL_ADDRESS": "2623 MICHELLI DR", "CITY": "BATON ROUGE", "STATE": "LOUISIANA", "ZIP": 70805, "ACREAGE": 4.0, "AIRGUN_RANGE": "NO", "AIRNASIUM": "NO", "ARCHERY_RANGE": "NO", "BALL_MULTI_PURPOSE_FIELD": "NO", "BASKETBALL_INDOOR": "NO", "BASKETBALL_OUTDOOR": "YES", "BIKE_REPAIR_STATION": "NO", "BIRD_WATCHING_WILDLIFE_VIEWING": "NO", "BLUEWAY_TRAILHEAD": "NO", "BMX": "NO", "CANOE_KAYAK_LAUNCH": "NO", "CRICKET_PITCH": "NO", "CROQUET_COURT": "NO", "DISC_GOLF": "NO", "DOG_PARK": "NO", "EQUESTRIAN": "NO", "FISHING_ACCESS": "NO", "FITNESS_CENTERS": "NO", "GARDEN_ARBORETUM": "NO", "GOLF_COURSE_9_HOLE": "NO", "GOLF_COURSE_18_HOLE": "NO", "GREENWAY_TRAILHEAD": "NO", "MOUNTAIN_BIKING": "NO", "NATURE_TRAILS": "NO", "OUTDOOR_FITNESS_STATION": "NO", "PAVILION": "NO", "PLAYGROUND": "YES", "PRIMITIVE_TRAILS": "NO", "RECREATION_CENTER": "NO", "RUGBY_FIELD": "NO", "RV_PARK": "NO", "SAND_VOLLEYBALL": "NO", "SHUFFLEBOARD": "NO", "SKATE_PARK": "NO", "SOCCER_FIELD": "NO", "SPLASH_PAD": "NO", "STADIUM": "NO", "SWIMMING_POOL": "NO", "TENNIS_CENTER": "NO", "TENNIS_COURTS": "NO", "VELODROME": "NO", "WALKING_LOOP_OUTDOOR": "NO", "WALKING_TRACK_INDOOR": "NO" }, "geometry": { "type": "MultiPolygon", "coordinates": [ [ [ [ -91.127066126785607, 30.472607010529973 ], [ -91.127083288979208, 30.472585741145259 ], [ -91.125008051655584, 30.472652070829245 ], [ -91.125019531302598, 30.472871913304829 ], [ -91.125162276815544, 30.472867257789655 ], [ -91.12532088941731, 30.472862189565276 ], [ -91.125479500961461, 30.472857121149094 ], [ -91.125638112493135, 30.472852050738549 ], [ -91.125796724008651, 30.472846980137852 ], [ -91.125955335504173, 30.472841911151146 ], [ -91.126113945942024, 30.472836841972605 ], [ -91.126272559486111, 30.472831773510858 ], [ -91.126431169891575, 30.472826703952006 ], [ -91.126589781322338, 30.472821634204571 ], [ -91.126748391695386, 30.472816564265369 ], [ -91.126907005176562, 30.472811494140807 ], [ -91.126983349357872, 30.472809054065269 ], [ -91.126985292247397, 30.472795231923524 ], [ -91.126990052054936, 30.472769963259527 ], [ -91.127004106383126, 30.472720271029157 ], [ -91.127024080102998, 30.472672125160678 ], [ -91.127049757581659, 30.472626050321935 ], [ -91.127056437845823, 30.472618280357672 ], [ -91.127066126785607, 30.472607010529973 ] ] ], [ [ [ -91.127904305568691, 30.472779610333312 ], [ -91.127891233126007, 30.472554387478329 ], [ -91.127872536660291, 30.472232247047849 ], [ -91.127382162670003, 30.472246546448275 ], [ -91.127385366467266, 30.472305593933161 ], [ -91.12737627336341, 30.472381571326384 ], [ -91.127358059902178, 30.472456307697698 ], [ -91.12733092771559, 30.472528985177 ], [ -91.127295173161315, 30.472598808592085 ], [ -91.127251186268822, 30.472665011781586 ], [ -91.127212065214422, 30.472713004268108 ], [ -91.127195993189943, 30.472743904997873 ], [ -91.127183740535969, 30.4727760944252 ], [ -91.127176707326839, 30.472802868721526 ], [ -91.127600775583218, 30.472789314027928 ], [ -91.127904305568691, 30.472779610333312 ] ] ] ] } },
{ "type": "Feature", "properties": { "ID": 153, "BG_ID": 12, "PARKID": "DAYTN", "FACILITY_NAME": "Dayton Street Park", "CLASSIFICATION": "Neighborhood", "FULL_ADDRESS": "2404 DAYTON ST", "CITY": "BATON ROUGE", "STATE": "LOUISIANA", "ZIP": 70805, "ACREAGE": 0.5, "AIRGUN_RANGE": "NO", "AIRNASIUM": "NO", "ARCHERY_RANGE": "NO", "BALL_MULTI_PURPOSE_FIELD": "NO", "BASKETBALL_INDOOR": "NO", "BASKETBALL_OUTDOOR": "YES", "BIKE_REPAIR_STATION": "NO", "BIRD_WATCHING_WILDLIFE_VIEWING": "NO", "BLUEWAY_TRAILHEAD": "NO", "BMX": "NO", "CANOE_KAYAK_LAUNCH": "NO", "CRICKET_PITCH": "NO", "CROQUET_COURT": "NO", "DISC_GOLF": "NO", "DOG_PARK": "NO", "EQUESTRIAN": "NO", "FISHING_ACCESS": "NO", "FITNESS_CENTERS": "NO", "GARDEN_ARBORETUM": "NO", "GOLF_COURSE_9_HOLE": "NO", "GOLF_COURSE_18_HOLE": "NO", "GREENWAY_TRAILHEAD": "NO", "MOUNTAIN_BIKING": "NO", "NATURE_TRAILS": "NO", "OUTDOOR_FITNESS_STATION": "NO", "PAVILION": "NO", "PLAYGROUND": "YES", "PRIMITIVE_TRAILS": "NO", "RECREATION_CENTER": "NO", "RUGBY_FIELD": "NO", "RV_PARK": "NO", "SAND_VOLLEYBALL": "NO", "SHUFFLEBOARD": "NO", "SKATE_PARK": "NO", "SOCCER_FIELD": "NO", "SPLASH_PAD": "NO", "STADIUM": "NO", "SWIMMING_POOL": "NO", "TENNIS_CENTER": "NO", "TENNIS_COURTS": "NO", "VELODROME": "NO", "WALKING_LOOP_OUTDOOR": "NO", "WALKING_TRACK_INDOOR": "NO" }, "geometry": { "type": "Polygon", "coordinates": [ [ [ -91.16595195621052, 30.48758421777228 ], [ -91.165890927337742, 30.487969540322624 ], [ -91.165930305543, 30.488003617076636 ], [ -91.166438191458795, 30.48798838860079 ], [ -91.166590726933123, 30.48757142112337 ], [ -91.16595195621052, 30.48758421777228 ] ] ] } },
{ "type": "Feature", "properties": { "ID": 154, "BG_ID": 34, "PARKID": "ACTWY", "FACILITY_NAME": "Acadian Thruway Park", "CLASSIFICATION": "Neighborhood", "FULL_ADDRESS": "2751 N ACADIAN THWY W", "CITY": "BATON ROUGE", "STATE": "LOUISIANA", "ZIP": 70805, "ACREAGE": 0.641, "AIRGUN_RANGE": "NO", "AIRNASIUM": "NO", "ARCHERY_RANGE": "NO", "BALL_MULTI_PURPOSE_FIELD": "NO", "BASKETBALL_INDOOR": "NO", "BASKETBALL_OUTDOOR": "YES", "BIKE_REPAIR_STATION": "NO", "BIRD_WATCHING_WILDLIFE_VIEWING": "NO", "BLUEWAY_TRAILHEAD": "NO", "BMX": "NO", "CANOE_KAYAK_LAUNCH": "NO", "CRICKET_PITCH": "NO", "CROQUET_COURT": "NO", "DISC_GOLF": "NO", "DOG_PARK": "NO", "EQUESTRIAN": "NO", "FISHING_ACCESS": "NO", "FITNESS_CENTERS": "NO", "GARDEN_ARBORETUM": "NO", "GOLF_COURSE_9_HOLE": "NO", "GOLF_COURSE_18_HOLE": "NO", "GREENWAY_TRAILHEAD": "NO", "MOUNTAIN_BIKING": "NO", "NATURE_TRAILS": "NO", "OUTDOOR_FITNESS_STATION": "NO", "PAVILION": "NO", "PLAYGROUND": "YES", "PRIMITIVE_TRAILS": "NO", "RECREATION_CENTER": "NO", "RUGBY_FIELD": "NO", "RV_PARK": "NO", "SAND_VOLLEYBALL": "NO", "SHUFFLEBOARD": "NO", "SKATE_PARK": "NO", "SOCCER_FIELD": "NO", "SPLASH_PAD": "NO", "STADIUM": "NO", "SWIMMING_POOL": "NO", "TENNIS_CENTER": "NO", "TENNIS_COURTS": "NO", "VELODROME": "NO", "WALKING_LOOP_OUTDOOR": "YES", "WALKING_TRACK_INDOOR": "NO" }, "geometry": { "type": "Polygon", "coordinates": [ [ [ -91.156658958842968, 30.472960503148631 ], [ -91.156668876755234, 30.473199619765541 ], [ -91.156889389468816, 30.473193759219068 ], [ -91.156879471025945, 30.47295464261823 ], [ -91.157117433229743, 30.472948317846292 ], [ -91.157252608338126, 30.472944724465918 ], [ -91.157249006305648, 30.472834788584816 ], [ -91.157238079761626, 30.472547068768421 ], [ -91.157079439635993, 30.472551285777385 ], [ -91.15692080053833, 30.472555502597487 ], [ -91.156762161428802, 30.472559718325272 ], [ -91.156637470355918, 30.47256303203428 ], [ -91.156648396202058, 30.472850751900332 ], [ -91.156658958842968, 30.472960503148631 ] ] ] } },
{ "type": "Feature", "properties": { "ID": 155, "BG_ID": 162, "PARKID": "TRSTN", "FACILITY_NAME": "Tristian Nature Reserve", "CLASSIFICATION": "Conservation", "FULL_ADDRESS": "5209 TRISTIAN AVE", "CITY": "BAKER", "STATE": "LOUISIANA", "ZIP": 70714, "ACREAGE": 10.0, "AIRGUN_RANGE": "NO", "AIRNASIUM": "NO", "ARCHERY_RANGE": "NO", "BALL_MULTI_PURPOSE_FIELD": "NO", "BASKETBALL_INDOOR": "NO", "BASKETBALL_OUTDOOR": "NO", "BIKE_REPAIR_STATION": "NO", "BIRD_WATCHING_WILDLIFE_VIEWING": "NO", "BLUEWAY_TRAILHEAD": "NO", "BMX": "NO", "CANOE_KAYAK_LAUNCH": "NO", "CRICKET_PITCH": "NO", "CROQUET_COURT": "NO", "DISC_GOLF": "NO", "DOG_PARK": "NO", "EQUESTRIAN": "NO", "FISHING_ACCESS": "NO", "FITNESS_CENTERS": "NO", "GARDEN_ARBORETUM": "NO", "GOLF_COURSE_9_HOLE": "NO", "GOLF_COURSE_18_HOLE": "NO", "GREENWAY_TRAILHEAD": "NO", "MOUNTAIN_BIKING": "NO", "NATURE_TRAILS": "NO", "OUTDOOR_FITNESS_STATION": "NO", "PAVILION": "NO", "PLAYGROUND": "NO", "PRIMITIVE_TRAILS": "NO", "RECREATION_CENTER": "NO", "RUGBY_FIELD": "NO", "RV_PARK": "NO", "SAND_VOLLEYBALL": "NO", "SHUFFLEBOARD": "NO", "SKATE_PARK": "NO", "SOCCER_FIELD": "NO", "SPLASH_PAD": "NO", "STADIUM": "NO", "SWIMMING_POOL": "NO", "TENNIS_CENTER": "NO", "TENNIS_COURTS": "NO", "VELODROME": "NO", "WALKING_LOOP_OUTDOOR": "NO", "WALKING_TRACK_INDOOR": "NO" }, "geometry": { "type": "Polygon", "coordinates": [ [ [ -91.14021134167335, 30.59851734192058 ], [ -91.140200007822273, 30.598516356608361 ], [ -91.140194316919988, 30.598516128213792 ], [ -91.140188621500457, 30.598516077513661 ], [ -91.140182926780952, 30.598516202711547 ], [ -91.140177241101625, 30.598516504721676 ], [ -91.140171570719033, 30.598516983553079 ], [ -91.140165925021392, 30.598517637415426 ], [ -91.140160309224157, 30.598518465414273 ], [ -91.140154732710286, 30.598519468465444 ], [ -91.140149199657813, 30.598520642966722 ], [ -91.14014372049418, 30.598521988933413 ], [ -91.140138299395659, 30.598523503665518 ], [ -91.140132945748761, 30.598525186274635 ], [ -91.140127664774212, 30.59852703316033 ], [ -91.140122463773025, 30.598529043431125 ], [ -91.140117349008676, 30.598531213488084 ], [ -91.140112327785715, 30.59853354063576 ], [ -91.140107406365857, 30.598536022177129 ], [ -91.140102591010972, 30.598538655415318 ], [ -91.140097887986187, 30.598541435849167 ], [ -91.1400933035534, 30.598544360781759 ], [ -91.140088842935057, 30.59854742571062 ], [ -91.140084512394736, 30.598550627036612 ], [ -91.140080318195984, 30.598553961160949 ], [ -91.140076263477553, 30.598557422675778 ], [ -91.140072355545726, 30.598561007983722 ], [ -91.140068599623106, 30.598564712582203 ], [ -91.140064998848516, 30.598568531063645 ], [ -91.140061558444458, 30.598572458925442 ], [ -91.140058283635256, 30.598576490763033 ], [ -91.140037206530252, 30.598595700458159 ], [ -91.140012876189402, 30.598624983861701 ], [ -91.139992955163379, 30.598654513638131 ], [ -91.139982422408735, 30.59867690937395 ], [ -91.139976869653211, 30.598691921087006 ], [ -91.139941217226792, 30.59881249934914 ], [ -91.139932718606346, 30.598926950920465 ], [ -91.139935987639404, 30.598942456295987 ], [ -91.139939538362327, 30.598954146466404 ], [ -91.139943379111699, 30.598962024149994 ], [ -91.139947218818861, 30.598969901831929 ], [ -91.139959024856694, 30.598989714267447 ], [ -91.139966701158613, 30.599005464213374 ], [ -91.139982055841188, 30.599036971322999 ], [ -91.139992481847472, 30.599055424175155 ], [ -91.140002170190556, 30.599070892913772 ], [ -91.140053726833443, 30.599144411993453 ], [ -91.140082027942412, 30.599180471616801 ], [ -91.140090279111277, 30.599188593867552 ], [ -91.140126258670094, 30.599240407029171 ], [ -91.140162522028064, 30.599288407684263 ], [ -91.140166362818633, 30.599296279948351 ], [ -91.140182286181215, 30.599320158433404 ], [ -91.140186126965801, 30.599328035206952 ], [ -91.140206178027981, 30.599355970754758 ], [ -91.140210302580982, 30.599360032325567 ], [ -91.140226517033597, 30.599380092907403 ], [ -91.140230641584935, 30.599384156281666 ], [ -91.140392005235213, 30.599506124885259 ], [ -91.140409077266682, 30.599514746160708 ], [ -91.140569795999667, 30.599615739444761 ], [ -91.14065399527432, 30.599674116378047 ], [ -91.140696379218483, 30.599699489171382 ], [ -91.140729945476991, 30.599724365638654 ], [ -91.140747015488131, 30.599732987768913 ], [ -91.14079879094821, 30.599751220129725 ], [ -91.14090887823383, 30.599818712619939 ], [ -91.140925377661873, 30.599834969638223 ], [ -91.14101782549757, 30.59990147393993 ], [ -91.141043143729604, 30.59991822543363 ], [ -91.141059641114168, 30.599934480627642 ], [ -91.141093204415071, 30.599959356996312 ], [ -91.14110819892818, 30.599974131564995 ], [ -91.143739931002131, 30.599557034132392 ], [ -91.143617454697932, 30.599058247127758 ], [ -91.143567477943222, 30.599065017490727 ], [ -91.143483738889714, 30.598699304650086 ], [ -91.143262260426866, 30.598715827165016 ], [ -91.143175144303996, 30.598460987633 ], [ -91.141149170562713, 30.59847939240808 ], [ -91.141124611097524, 30.598503337428738 ], [ -91.141110241960178, 30.598517855610993 ], [ -91.141105259965769, 30.598525238770829 ], [ -91.141095585959945, 30.598536189894009 ], [ -91.141090602922489, 30.598543572149662 ], [ -91.141066842450996, 30.598565225340586 ], [ -91.141057452163793, 30.598572363060121 ], [ -91.141038672638615, 30.598586633086477 ], [ -91.141024871980846, 30.598593521753127 ], [ -91.141020176836292, 30.598597089709394 ], [ -91.141011074447661, 30.59860041132492 ], [ -91.14099755751873, 30.598603484784046 ], [ -91.14095701297822, 30.598612707868408 ], [ -91.14092998536411, 30.598618857489466 ], [ -91.140880050510304, 30.598635215553799 ], [ -91.14087094498521, 30.598638537155072 ], [ -91.140857431175036, 30.59864161060446 ], [ -91.140835094533074, 30.598644190445455 ], [ -91.140821865499802, 30.598643450492585 ], [ -91.140813045797387, 30.598642956888753 ], [ -91.140799816764485, 30.598642216933666 ], [ -91.140790997062297, 30.598641723328317 ], [ -91.140760413412238, 30.59863618005221 ], [ -91.14074305983398, 30.598631379438796 ], [ -91.140721297975659, 30.598626329765246 ], [ -91.140699532991363, 30.598621280083574 ], [ -91.140677769050242, 30.598616231301822 ], [ -91.140664825847637, 30.598611678838427 ], [ -91.140656290939191, 30.59860736911973 ], [ -91.14063481283371, 30.59859850603209 ], [ -91.1406174592734, 30.598593702696078 ], [ -91.140604516081751, 30.598589147520649 ], [ -91.140548327743758, 30.598570680438147 ], [ -91.140487447394989, 30.598555780371637 ], [ -91.140465705174549, 30.598549763700788 ], [ -91.140443962958514, 30.5985437461243 ], [ -91.140438971047899, 30.598542266730664 ], [ -91.140433980180191, 30.598540787338386 ], [ -91.140395984506981, 30.598535337820262 ], [ -91.140387164818065, 30.598534843285961 ], [ -91.140264259802322, 30.598520304677468 ], [ -91.140255441158132, 30.598519810135947 ], [ -91.140242211101281, 30.598519071025617 ], [ -91.140237802825581, 30.598518821951661 ], [ -91.140228981051663, 30.598518328305889 ], [ -91.140224572768958, 30.598518082839597 ], [ -91.140215750996958, 30.598517588290864 ], [ -91.14021134167335, 30.59851734192058 ] ] ] } },
{ "type": "Feature", "properties": { "ID": 156, "BG_ID": 39, "PARKID": "ALXST", "FACILITY_NAME": "Alexander Street Park", "CLASSIFICATION": "Neighborhood", "FULL_ADDRESS": "6000 ALEXANDER AVE", "CITY": "BATON ROUGE", "STATE": "LOUISIANA", "ZIP": 70805, "ACREAGE": 8.83, "AIRGUN_RANGE": "NO", "AIRNASIUM": "NO", "ARCHERY_RANGE": "NO", "BALL_MULTI_PURPOSE_FIELD": "NO", "BASKETBALL_INDOOR": "NO", "BASKETBALL_OUTDOOR": "NO", "BIKE_REPAIR_STATION": "NO", "BIRD_WATCHING_WILDLIFE_VIEWING": "NO", "BLUEWAY_TRAILHEAD": "NO", "BMX": "NO", "CANOE_KAYAK_LAUNCH": "NO", "CRICKET_PITCH": "NO", "CROQUET_COURT": "NO", "DISC_GOLF": "NO", "DOG_PARK": "NO", "EQUESTRIAN": "NO", "FISHING_ACCESS": "NO", "FITNESS_CENTERS": "NO", "GARDEN_ARBORETUM": "NO", "GOLF_COURSE_9_HOLE": "NO", "GOLF_COURSE_18_HOLE": "NO", "GREENWAY_TRAILHEAD": "NO", "MOUNTAIN_BIKING": "NO", "NATURE_TRAILS": "NO", "OUTDOOR_FITNESS_STATION": "NO", "PAVILION": "NO", "PLAYGROUND": "NO", "PRIMITIVE_TRAILS": "NO", "RECREATION_CENTER": "NO", "RUGBY_FIELD": "NO", "RV_PARK": "NO", "SAND_VOLLEYBALL": "NO", "SHUFFLEBOARD": "NO", "SKATE_PARK": "NO", "SOCCER_FIELD": "NO", "SPLASH_PAD": "NO", "STADIUM": "NO", "SWIMMING_POOL": "NO", "TENNIS_CENTER": "NO", "TENNIS_COURTS": "NO", "VELODROME": "NO", "WALKING_LOOP_OUTDOOR": "NO", "WALKING_TRACK_INDOOR": "NO" }, "geometry": { "type": "Polygon", "coordinates": [ [ [ -91.161495929066731, 30.504597961586708 ], [ -91.161471661804441, 30.504161524112373 ], [ -91.16126650285716, 30.504170348514641 ], [ -91.161094997366874, 30.504177725292724 ], [ -91.160857140320459, 30.504187897480964 ], [ -91.160632213493116, 30.504197516012329 ], [ -91.160619283225202, 30.504198069241632 ], [ -91.160460712149614, 30.504204849576954 ], [ -91.160302141050764, 30.504211630624265 ], [ -91.160143569931833, 30.504218410579583 ], [ -91.159984997747898, 30.504225191245482 ], [ -91.159826426585596, 30.504231970820697 ], [ -91.159683554889227, 30.504238079826859 ], [ -91.159736700863448, 30.505226228039227 ], [ -91.159741993850631, 30.505324625790323 ], [ -91.160560117432951, 30.505294687999374 ], [ -91.160718664100642, 30.505287365372745 ], [ -91.161532510175803, 30.505255863539311 ], [ -91.16150356388917, 30.504735278266285 ], [ -91.161495929066731, 30.504597961586708 ] ] ] } },
{ "type": "Feature", "properties": { "ID": 157, "BG_ID": 104, "PARKID": "TMSAM", "FACILITY_NAME": "Thomas Maher Park", "CLASSIFICATION": "Neighborhood", "FULL_ADDRESS": "8200 OAK VIEW DR", "CITY": "BATON ROUGE", "STATE": "LOUISIANA", "ZIP": 70814, "ACREAGE": 5.43, "AIRGUN_RANGE": "NO", "AIRNASIUM": "NO", "ARCHERY_RANGE": "NO", "BALL_MULTI_PURPOSE_FIELD": "YES", "BASKETBALL_INDOOR": "NO", "BASKETBALL_OUTDOOR": "NO", "BIKE_REPAIR_STATION": "NO", "BIRD_WATCHING_WILDLIFE_VIEWING": "NO", "BLUEWAY_TRAILHEAD": "NO", "BMX": "NO", "CANOE_KAYAK_LAUNCH": "NO", "CRICKET_PITCH": "NO", "CROQUET_COURT": "NO", "DISC_GOLF": "NO", "DOG_PARK": "NO", "EQUESTRIAN": "NO", "FISHING_ACCESS": "NO", "FITNESS_CENTERS": "NO", "GARDEN_ARBORETUM": "NO", "GOLF_COURSE_9_HOLE": "NO", "GOLF_COURSE_18_HOLE": "NO", "GREENWAY_TRAILHEAD": "NO", "MOUNTAIN_BIKING": "NO", "NATURE_TRAILS": "NO", "OUTDOOR_FITNESS_STATION": "NO", "PAVILION": "NO", "PLAYGROUND": "YES", "PRIMITIVE_TRAILS": "NO", "RECREATION_CENTER": "NO", "RUGBY_FIELD": "NO", "RV_PARK": "NO", "SAND_VOLLEYBALL": "NO", "SHUFFLEBOARD": "NO", "SKATE_PARK": "NO", "SOCCER_FIELD": "NO", "SPLASH_PAD": "NO", "STADIUM": "NO", "SWIMMING_POOL": "NO", "TENNIS_CENTER": "NO", "TENNIS_COURTS": "YES", "VELODROME": "NO", "WALKING_LOOP_OUTDOOR": "NO", "WALKING_TRACK_INDOOR": "NO" }, "geometry": { "type": "Polygon", "coordinates": [ [ [ -91.104299522442901, 30.48441289815381 ], [ -91.104292670299571, 30.484183530397765 ], [ -91.104284869713481, 30.483922409006183 ], [ -91.104276663308497, 30.483647600677195 ], [ -91.104268862829485, 30.483386469319878 ], [ -91.104260242608703, 30.483097851331337 ], [ -91.104252032326045, 30.482822977074704 ], [ -91.104243823130361, 30.482548102796653 ], [ -91.104235612940684, 30.482273227591573 ], [ -91.104228634523508, 30.482039583649424 ], [ -91.104221247290809, 30.481792200440964 ], [ -91.104208608161827, 30.481369118944862 ], [ -91.104207942224164, 30.481346737406689 ], [ -91.103527705878378, 30.481362079032962 ], [ -91.103533420720879, 30.481542900095029 ], [ -91.103542104940047, 30.481817750972713 ], [ -91.103550789215674, 30.482092598218809 ], [ -91.103559473537317, 30.482367446343805 ], [ -91.10356815790081, 30.482642297151802 ], [ -91.103576833650649, 30.482916840315401 ], [ -91.103585976057389, 30.4832062314469 ], [ -91.103594660573918, 30.483481079477773 ], [ -91.103603345138552, 30.483755927485429 ], [ -91.10361206470165, 30.484031875154336 ], [ -91.103620681571854, 30.48430451202325 ], [ -91.103660797352063, 30.484307067772921 ], [ -91.103781419395091, 30.484320259704372 ], [ -91.103901086298478, 30.484338886647365 ], [ -91.103959032100121, 30.484349261699666 ], [ -91.104116291139533, 30.484376784882965 ], [ -91.104299522442901, 30.48441289815381 ] ] ] } },
{ "type": "Feature", "properties": { "ID": 158, "BG_ID": 5, "PARKID": "WBRKT", "FACILITY_NAME": "West Brookstown Park", "CLASSIFICATION": "Neighborhood", "FULL_ADDRESS": "4550 W BROOKSTOWN DR", "CITY": "BATON ROUGE", "STATE": "LOUISIANA", "ZIP": 70805, "ACREAGE": 4.81, "AIRGUN_RANGE": "NO", "AIRNASIUM": "NO", "ARCHERY_RANGE": "NO", "BALL_MULTI_PURPOSE_FIELD": "NO", "BASKETBALL_INDOOR": "NO", "BASKETBALL_OUTDOOR": "YES", "BIKE_REPAIR_STATION": "NO", "BIRD_WATCHING_WILDLIFE_VIEWING": "NO", "BLUEWAY_TRAILHEAD": "NO", "BMX": "NO", "CANOE_KAYAK_LAUNCH": "NO", "CRICKET_PITCH": "NO", "CROQUET_COURT": "NO", "DISC_GOLF": "NO", "DOG_PARK": "NO", "EQUESTRIAN": "NO", "FISHING_ACCESS": "NO", "FITNESS_CENTERS": "NO", "GARDEN_ARBORETUM": "NO", "GOLF_COURSE_9_HOLE": "NO", "GOLF_COURSE_18_HOLE": "NO", "GREENWAY_TRAILHEAD": "NO", "MOUNTAIN_BIKING": "NO", "NATURE_TRAILS": "NO", "OUTDOOR_FITNESS_STATION": "NO", "PAVILION": "NO", "PLAYGROUND": "YES", "PRIMITIVE_TRAILS": "NO", "RECREATION_CENTER": "NO", "RUGBY_FIELD": "NO", "RV_PARK": "NO", "SAND_VOLLEYBALL": "YES", "SHUFFLEBOARD": "NO", "SKATE_PARK": "NO", "SOCCER_FIELD": "NO", "SPLASH_PAD": "NO", "STADIUM": "NO", "SWIMMING_POOL": "NO", "TENNIS_CENTER": "NO", "TENNIS_COURTS": "YES", "VELODROME": "NO", "WALKING_LOOP_OUTDOOR": "NO", "WALKING_TRACK_INDOOR": "NO" }, "geometry": { "type": "Polygon", "coordinates": [ [ [ -91.132892351318958, 30.492147033524652 ], [ -91.132886877274274, 30.491986781005316 ], [ -91.132885702069387, 30.491916768838148 ], [ -91.132883990063903, 30.491902628135264 ], [ -91.132878645441565, 30.491746385491556 ], [ -91.132486598862016, 30.491753305198593 ], [ -91.132296990147637, 30.491756651681534 ], [ -91.132097333481681, 30.491760175654033 ], [ -91.131911922670128, 30.491763445881443 ], [ -91.131714360775931, 30.49176693096981 ], [ -91.131531625983612, 30.491770155128233 ], [ -91.131335725520771, 30.49177361241691 ], [ -91.131141853179614, 30.491777031019708 ], [ -91.130956225635316, 30.491780304989184 ], [ -91.130765969942459, 30.491783660015713 ], [ -91.130575929861223, 30.49178701149075 ], [ -91.130546350614978, 30.491787533561798 ], [ -91.130352761549815, 30.49179094783435 ], [ -91.130162363107488, 30.491794304480159 ], [ -91.129972242780056, 30.491797654965001 ], [ -91.129782352643474, 30.491801003726657 ], [ -91.129583196846568, 30.491804512949408 ], [ -91.129409365066024, 30.49180757829749 ], [ -91.129215130090444, 30.491811000735069 ], [ -91.129024582612615, 30.491814358220044 ], [ -91.128834472622842, 30.491817707988211 ], [ -91.12863994906337, 30.491821135449918 ], [ -91.128402756592081, 30.491825315624901 ], [ -91.128417247514335, 30.492225962649311 ], [ -91.128782125209256, 30.49221953529624 ], [ -91.128972584934445, 30.492216178024101 ], [ -91.129163047769794, 30.492212821384612 ], [ -91.129353514760638, 30.492209463575353 ], [ -91.129543977572055, 30.492206105485508 ], [ -91.129734441410363, 30.492202748025168 ], [ -91.129924907320927, 30.492199389391757 ], [ -91.130115371135318, 30.492196030481047 ], [ -91.13030583389515, 30.492192671294525 ], [ -91.130481616331195, 30.49218957257796 ], [ -91.130646761185446, 30.492186661200645 ], [ -91.130819092534537, 30.49218362350226 ], [ -91.131009552121867, 30.492180263297968 ], [ -91.131200011696265, 30.492176902819615 ], [ -91.131390475424311, 30.492173542073374 ], [ -91.131580934971069, 30.492170181948723 ], [ -91.131771395548412, 30.492166820649416 ], [ -91.131961858196135, 30.49216345907918 ], [ -91.13215231770603, 30.492160097229966 ], [ -91.13234278136774, 30.492156736015058 ], [ -91.132533240851842, 30.492153373617544 ], [ -91.132892351318958, 30.492147033524652 ] ] ] } },
{ "type": "Feature", "properties": { "ID": 159, "BG_ID": 163, "PARKID": "WRNOW", "FACILITY_NAME": "Warren O. Watson Park", "CLASSIFICATION": "Neighborhood", "FULL_ADDRESS": "2700 TROTTER DR", "CITY": "BAKER", "STATE": "LOUISIANA", "ZIP": 70714, "ACREAGE": 14.01, "AIRGUN_RANGE": "NO", "AIRNASIUM": "NO", "ARCHERY_RANGE": "NO", "BALL_MULTI_PURPOSE_FIELD": "NO", "BASKETBALL_INDOOR": "NO", "BASKETBALL_OUTDOOR": "YES", "BIKE_REPAIR_STATION": "NO", "BIRD_WATCHING_WILDLIFE_VIEWING": "NO", "BLUEWAY_TRAILHEAD": "NO", "BMX": "NO", "CANOE_KAYAK_LAUNCH": "NO", "CRICKET_PITCH": "NO", "CROQUET_COURT": "NO", "DISC_GOLF": "NO", "DOG_PARK": "NO", "EQUESTRIAN": "NO", "FISHING_ACCESS": "NO", "FITNESS_CENTERS": "NO", "GARDEN_ARBORETUM": "NO", "GOLF_COURSE_9_HOLE": "NO", "GOLF_COURSE_18_HOLE": "NO", "GREENWAY_TRAILHEAD": "NO", "MOUNTAIN_BIKING": "NO", "NATURE_TRAILS": "NO", "OUTDOOR_FITNESS_STATION": "NO", "PAVILION": "NO", "PLAYGROUND": "YES", "PRIMITIVE_TRAILS": "NO", "RECREATION_CENTER": "NO", "RUGBY_FIELD": "NO", "RV_PARK": "NO", "SAND_VOLLEYBALL": "NO", "SHUFFLEBOARD": "NO", "SKATE_PARK": "NO", "SOCCER_FIELD": "NO", "SPLASH_PAD": "NO", "STADIUM": "NO", "SWIMMING_POOL": "NO", "TENNIS_CENTER": "NO", "TENNIS_COURTS": "NO", "VELODROME": "NO", "WALKING_LOOP_OUTDOOR": "NO", "WALKING_TRACK_INDOOR": "NO" }, "geometry": { "type": "Polygon", "coordinates": [ [ [ -91.153664753692027, 30.604572686702191 ], [ -91.152937577141373, 30.604574731994749 ], [ -91.151211511730352, 30.604577689546574 ], [ -91.151185393400837, 30.604897137304519 ], [ -91.150815475361242, 30.605046918002525 ], [ -91.15076912823271, 30.605047460305641 ], [ -91.150528307908431, 30.606706082751323 ], [ -91.153672063802333, 30.606704253374723 ], [ -91.153666225977986, 30.605156708526412 ], [ -91.153664753692027, 30.604572686702191 ] ] ] } },
{ "type": "Feature", "properties": { "ID": 160, "BG_ID": 53, "PARKID": "KRWRN", "FACILITY_NAME": "Kerr Warren Park", "CLASSIFICATION": "Neighborhood", "FULL_ADDRESS": "4100 GERONIMO ST", "CITY": "BATON ROUGE", "STATE": "LOUISIANA", "ZIP": 70805, "ACREAGE": 5.143, "AIRGUN_RANGE": "NO", "AIRNASIUM": "NO", "ARCHERY_RANGE": "NO", "BALL_MULTI_PURPOSE_FIELD": "YES", "BASKETBALL_INDOOR": "YES", "BASKETBALL_OUTDOOR": "YES", "BIKE_REPAIR_STATION": "NO", "BIRD_WATCHING_WILDLIFE_VIEWING": "NO", "BLUEWAY_TRAILHEAD": "NO", "BMX": "NO", "CANOE_KAYAK_LAUNCH": "NO", "CRICKET_PITCH": "NO", "CROQUET_COURT": "NO", "DISC_GOLF": "NO", "DOG_PARK": "NO", "EQUESTRIAN": "NO", "FISHING_ACCESS": "NO", "FITNESS_CENTERS": "NO", "GARDEN_ARBORETUM": "NO", "GOLF_COURSE_9_HOLE": "NO", "GOLF_COURSE_18_HOLE": "NO", "GREENWAY_TRAILHEAD": "NO", "MOUNTAIN_BIKING": "NO", "NATURE_TRAILS": "NO", "OUTDOOR_FITNESS_STATION": "NO", "PAVILION": "YES", "PLAYGROUND": "YES", "PRIMITIVE_TRAILS": "NO", "RECREATION_CENTER": "YES", "RUGBY_FIELD": "NO", "RV_PARK": "NO", "SAND_VOLLEYBALL": "NO", "SHUFFLEBOARD": "NO", "SKATE_PARK": "NO", "SOCCER_FIELD": "NO", "SPLASH_PAD": "NO", "STADIUM": "NO", "SWIMMING_POOL": "NO", "TENNIS_CENTER": "NO", "TENNIS_COURTS": "NO", "VELODROME": "NO", "WALKING_LOOP_OUTDOOR": "NO", "WALKING_TRACK_INDOOR": "NO" }, "geometry": { "type": "Polygon", "coordinates": [ [ [ -91.163485122916484, 30.486814033289704 ], [ -91.16287869777284, 30.486839511741401 ], [ -91.16271809336402, 30.486846258785345 ], [ -91.162401895884159, 30.486859541364122 ], [ -91.162084258750539, 30.486872884468806 ], [ -91.161928075019304, 30.486879445036923 ], [ -91.161611260667101, 30.486892751989338 ], [ -91.161295174347629, 30.486906027557385 ], [ -91.161132318702954, 30.486912868074821 ], [ -91.160814813519409, 30.486926201989451 ], [ -91.16070854684574, 30.486930664838695 ], [ -91.160500145723177, 30.486939416167253 ], [ -91.160514472750123, 30.486970468755985 ], [ -91.160524012464123, 30.487080002294075 ], [ -91.160520020919606, 30.487168044407646 ], [ -91.160720578533869, 30.487160989529347 ], [ -91.160727566795018, 30.487295570166648 ], [ -91.160741700704662, 30.487567696728846 ], [ -91.160853595386016, 30.487564044932945 ], [ -91.161011942263343, 30.48755887944025 ], [ -91.161172177632992, 30.487553649462242 ], [ -91.161332851517869, 30.487548405427212 ], [ -91.16149040774043, 30.487543262689954 ], [ -91.161646849385718, 30.487538156205677 ], [ -91.161804780569511, 30.487533000049549 ], [ -91.161964492947504, 30.487527787377598 ], [ -91.162126224017413, 30.487522508567757 ], [ -91.162274252226482, 30.487517677312475 ], [ -91.1624359801434, 30.487512395413749 ], [ -91.16259826948486, 30.487507097804571 ], [ -91.162759340085799, 30.487501839018286 ], [ -91.162896571302127, 30.487498130655467 ], [ -91.163213879811636, 30.487489233278815 ], [ -91.163372526596234, 30.487484572309427 ], [ -91.163521643905426, 30.48747990433208 ], [ -91.163485122916484, 30.486814033289704 ] ] ] } },
{ "type": "Feature", "properties": { "ID": 161, "BG_ID": 161, "PARKID": "ALSEN", "FACILITY_NAME": "Alsen Park", "CLASSIFICATION": "Neighborhood", "FULL_ADDRESS": "601 OLD RAFE MAYER RD", "CITY": "BATON ROUGE", "STATE": "LOUISIANA", "ZIP": 70807, "ACREAGE": 19.852, "AIRGUN_RANGE": "NO", "AIRNASIUM": "NO", "ARCHERY_RANGE": "NO", "BALL_MULTI_PURPOSE_FIELD": "YES", "BASKETBALL_INDOOR": "YES", "BASKETBALL_OUTDOOR": "YES", "BIKE_REPAIR_STATION": "NO", "BIRD_WATCHING_WILDLIFE_VIEWING": "NO", "BLUEWAY_TRAILHEAD": "NO", "BMX": "NO", "CANOE_KAYAK_LAUNCH": "NO", "CRICKET_PITCH": "NO", "CROQUET_COURT": "NO", "DISC_GOLF": "NO", "DOG_PARK": "NO", "EQUESTRIAN": "NO", "FISHING_ACCESS": "NO", "FITNESS_CENTERS": "NO", "GARDEN_ARBORETUM": "YES", "GOLF_COURSE_9_HOLE": "NO", "GOLF_COURSE_18_HOLE": "NO", "GREENWAY_TRAILHEAD": "NO", "MOUNTAIN_BIKING": "NO", "NATURE_TRAILS": "NO", "OUTDOOR_FITNESS_STATION": "NO", "PAVILION": "NO", "PLAYGROUND": "YES", "PRIMITIVE_TRAILS": "NO", "RECREATION_CENTER": "YES", "RUGBY_FIELD": "NO", "RV_PARK": "NO", "SAND_VOLLEYBALL": "NO", "SHUFFLEBOARD": "NO", "SKATE_PARK": "NO", "SOCCER_FIELD": "NO", "SPLASH_PAD": "NO", "STADIUM": "NO", "SWIMMING_POOL": "NO", "TENNIS_CENTER": "NO", "TENNIS_COURTS": "YES", "VELODROME": "NO", "WALKING_LOOP_OUTDOOR": "YES", "WALKING_TRACK_INDOOR": "NO" }, "geometry": { "type": "Polygon", "coordinates": [ [ [ -91.199903087645978, 30.573201904817935 ], [ -91.199828753431447, 30.572397283254034 ], [ -91.199705689387216, 30.5710440645672 ], [ -91.199170319895742, 30.57098691273735 ], [ -91.198596615304112, 30.570919937068407 ], [ -91.196144130430071, 30.570618231572301 ], [ -91.196160120810177, 30.571016019180313 ], [ -91.196230639726465, 30.572770045345937 ], [ -91.1998553086828, 30.573196285645206 ], [ -91.199903087645978, 30.573201904817935 ] ] ] } },
{ "type": "Feature", "properties": { "ID": 162, "BG_ID": 37, "PARKID": "BAKRC", "FACILITY_NAME": "Baker Recreation Center", "CLASSIFICATION": "Neighborhood", "FULL_ADDRESS": "1420 ALABAMA AVE", "CITY": "BAKER", "STATE": "LOUISIANA", "ZIP": 70714, "ACREAGE": 0.5, "AIRGUN_RANGE": "NO", "AIRNASIUM": "NO", "ARCHERY_RANGE": "NO", "BALL_MULTI_PURPOSE_FIELD": "NO", "BASKETBALL_INDOOR": "NO", "BASKETBALL_OUTDOOR": "NO", "BIKE_REPAIR_STATION": "NO", "BIRD_WATCHING_WILDLIFE_VIEWING": "NO", "BLUEWAY_TRAILHEAD": "NO", "BMX": "NO", "CANOE_KAYAK_LAUNCH": "NO", "CRICKET_PITCH": "NO", "CROQUET_COURT": "NO", "DISC_GOLF": "NO", "DOG_PARK": "NO", "EQUESTRIAN": "NO", "FISHING_ACCESS": "NO", "FITNESS_CENTERS": "NO", "GARDEN_ARBORETUM": "NO", "GOLF_COURSE_9_HOLE": "NO", "GOLF_COURSE_18_HOLE": "NO", "GREENWAY_TRAILHEAD": "NO", "MOUNTAIN_BIKING": "NO", "NATURE_TRAILS": "NO", "OUTDOOR_FITNESS_STATION": "YES", "PAVILION": "NO", "PLAYGROUND": "NO", "PRIMITIVE_TRAILS": "NO", "RECREATION_CENTER": "YES", "RUGBY_FIELD": "NO", "RV_PARK": "NO", "SAND_VOLLEYBALL": "NO", "SHUFFLEBOARD": "NO", "SKATE_PARK": "NO", "SOCCER_FIELD": "NO", "SPLASH_PAD": "NO", "STADIUM": "NO", "SWIMMING_POOL": "NO", "TENNIS_CENTER": "NO", "TENNIS_COURTS": "NO", "VELODROME": "NO", "WALKING_LOOP_OUTDOOR": "NO", "WALKING_TRACK_INDOOR": "NO" }, "geometry": { "type": "Polygon", "coordinates": [ [ [ -91.164312008250803, 30.590532433739579 ], [ -91.165125030994218, 30.59053330817488 ], [ -91.165258196583821, 30.589848787932624 ], [ -91.16446095413589, 30.58973697997525 ], [ -91.164312008250803, 30.590532433739579 ] ] ] } },
{ "type": "Feature", "properties": { "ID": 163, "BG_ID": 164, "PARKID": "TSCRA", "FACILITY_NAME": "Tuscarora Street Park", "CLASSIFICATION": "Neighborhood", "FULL_ADDRESS": "4200 TUSCARORA ST", "CITY": "BATON ROUGE", "STATE": "LOUISIANA", "ZIP": 70805, "ACREAGE": 0.3, "AIRGUN_RANGE": "NO", "AIRNASIUM": "NO", "ARCHERY_RANGE": "NO", "BALL_MULTI_PURPOSE_FIELD": "NO", "BASKETBALL_INDOOR": "NO", "BASKETBALL_OUTDOOR": "NO", "BIKE_REPAIR_STATION": "NO", "BIRD_WATCHING_WILDLIFE_VIEWING": "NO", "BLUEWAY_TRAILHEAD": "NO", "BMX": "NO", "CANOE_KAYAK_LAUNCH": "NO", "CRICKET_PITCH": "NO", "CROQUET_COURT": "NO", "DISC_GOLF": "NO", "DOG_PARK": "NO", "EQUESTRIAN": "NO", "FISHING_ACCESS": "NO", "FITNESS_CENTERS": "NO", "GARDEN_ARBORETUM": "NO", "GOLF_COURSE_9_HOLE": "NO", "GOLF_COURSE_18_HOLE": "NO", "GREENWAY_TRAILHEAD": "NO", "MOUNTAIN_BIKING": "NO", "NATURE_TRAILS": "NO", "OUTDOOR_FITNESS_STATION": "NO", "PAVILION": "NO", "PLAYGROUND": "NO", "PRIMITIVE_TRAILS": "NO", "RECREATION_CENTER": "NO", "RUGBY_FIELD": "NO", "RV_PARK": "NO", "SAND_VOLLEYBALL": "NO", "SHUFFLEBOARD": "NO", "SKATE_PARK": "NO", "SOCCER_FIELD": "NO", "SPLASH_PAD": "NO", "STADIUM": "NO", "SWIMMING_POOL": "NO", "TENNIS_CENTER": "NO", "TENNIS_COURTS": "NO", "VELODROME": "NO", "WALKING_LOOP_OUTDOOR": "NO", "WALKING_TRACK_INDOOR": "NO" }, "geometry": { "type": "Polygon", "coordinates": [ [ [ -91.165471512108041, 30.487651027909543 ], [ -91.165467617501164, 30.487566732775758 ], [ -91.165302614694312, 30.487571528908038 ], [ -91.165158463392174, 30.487575718087648 ], [ -91.164831939899258, 30.487585209170092 ], [ -91.1644960530502, 30.487594972552543 ], [ -91.164457506159664, 30.487596093341388 ], [ -91.164427284853829, 30.487680950245714 ], [ -91.164505876511967, 30.487678704271179 ], [ -91.164616928902163, 30.487675446030313 ], [ -91.164727984305557, 30.487672249040706 ], [ -91.164839038712316, 30.487669021286312 ], [ -91.164950092071749, 30.487665792535338 ], [ -91.165061146462534, 30.487662565496613 ], [ -91.165172200849142, 30.487659336560473 ], [ -91.165283258197476, 30.487656199545889 ], [ -91.165297331287249, 30.488033166606616 ], [ -91.165488894195278, 30.488027268472113 ], [ -91.165471512108041, 30.487651027909543 ] ] ] } },
{ "type": "Feature", "properties": { "ID": 164, "BG_ID": 94, "PARKID": "MPLWD", "FACILITY_NAME": "Maplewood Park", "CLASSIFICATION": "Neighborhood", "FULL_ADDRESS": "7950 MAPLEWOOD DR", "CITY": "BATON ROUGE", "STATE": "LOUISIANA", "ZIP": 70812, "ACREAGE": 11.2, "AIRGUN_RANGE": "NO", "AIRNASIUM": "NO", "ARCHERY_RANGE": "NO", "BALL_MULTI_PURPOSE_FIELD": "YES", "BASKETBALL_INDOOR": "NO", "BASKETBALL_OUTDOOR": "YES", "BIKE_REPAIR_STATION": "NO", "BIRD_WATCHING_WILDLIFE_VIEWING": "NO", "BLUEWAY_TRAILHEAD": "NO", "BMX": "NO", "CANOE_KAYAK_LAUNCH": "NO", "CRICKET_PITCH": "NO", "CROQUET_COURT": "NO", "DISC_GOLF": "NO", "DOG_PARK": "NO", "EQUESTRIAN": "NO", "FISHING_ACCESS": "NO", "FITNESS_CENTERS": "NO", "GARDEN_ARBORETUM": "NO", "GOLF_COURSE_9_HOLE": "NO", "GOLF_COURSE_18_HOLE": "NO", "GREENWAY_TRAILHEAD": "NO", "MOUNTAIN_BIKING": "NO", "NATURE_TRAILS": "NO", "OUTDOOR_FITNESS_STATION": "NO", "PAVILION": "NO", "PLAYGROUND": "YES", "PRIMITIVE_TRAILS": "NO", "RECREATION_CENTER": "YES", "RUGBY_FIELD": "NO", "RV_PARK": "NO", "SAND_VOLLEYBALL": "NO", "SHUFFLEBOARD": "NO", "SKATE_PARK": "NO", "SOCCER_FIELD": "NO", "SPLASH_PAD": "NO", "STADIUM": "NO", "SWIMMING_POOL": "NO", "TENNIS_CENTER": "NO", "TENNIS_COURTS": "YES", "VELODROME": "NO", "WALKING_LOOP_OUTDOOR": "NO", "WALKING_TRACK_INDOOR": "NO" }, "geometry": { "type": "Polygon", "coordinates": [ [ [ -91.111726003599401, 30.507667087595028 ], [ -91.11170636500583, 30.507250437409365 ], [ -91.111402387478819, 30.507242334411963 ], [ -91.110480325998267, 30.507367763024337 ], [ -91.11004797213937, 30.507025774424857 ], [ -91.109742617893787, 30.507325225809705 ], [ -91.109673151147419, 30.507493374917306 ], [ -91.109680097506796, 30.50761230483608 ], [ -91.109689719040077, 30.507777073133916 ], [ -91.109699343730753, 30.507941841427986 ], [ -91.109708966375891, 30.508106607003302 ], [ -91.10971859112847, 30.508271376181295 ], [ -91.109728215914998, 30.508436144448183 ], [ -91.109737873830341, 30.50860148196405 ], [ -91.109747926977278, 30.508773597341865 ], [ -91.109757659127098, 30.508940233033783 ], [ -91.109767213779406, 30.509103819442064 ], [ -91.109776899893831, 30.509269645886864 ], [ -91.109779190049693, 30.509308838997669 ], [ -91.111797750188487, 30.50919283361322 ], [ -91.111790289236325, 30.509032564145581 ], [ -91.111780660257438, 30.508825657966018 ], [ -91.111771570205164, 30.508633092779107 ], [ -91.111762125443789, 30.508432834187751 ], [ -91.111752799926762, 30.508235177334551 ], [ -91.111743394991166, 30.508035779352699 ], [ -91.111732483084467, 30.507804449385073 ], [ -91.111726003599401, 30.507667087595028 ] ] ] } },
{ "type": "Feature", "properties": { "ID": 165, "BG_ID": 67, "PARKID": "MNTSO", "FACILITY_NAME": "Monte Sano Park", "CLASSIFICATION": "Neighborhood", "FULL_ADDRESS": "2727 GREENWELL ST", "CITY": "BAKER", "STATE": "LOUISIANA", "ZIP": 70714, "ACREAGE": 54.145, "AIRGUN_RANGE": "NO", "AIRNASIUM": "NO", "ARCHERY_RANGE": "NO", "BALL_MULTI_PURPOSE_FIELD": "NO", "BASKETBALL_INDOOR": "YES", "BASKETBALL_OUTDOOR": "YES", "BIKE_REPAIR_STATION": "NO", "BIRD_WATCHING_WILDLIFE_VIEWING": "NO", "BLUEWAY_TRAILHEAD": "NO", "BMX": "NO", "CANOE_KAYAK_LAUNCH": "NO", "CRICKET_PITCH": "NO", "CROQUET_COURT": "NO", "DISC_GOLF": "NO", "DOG_PARK": "NO", "EQUESTRIAN": "NO", "FISHING_ACCESS": "NO", "FITNESS_CENTERS": "NO", "GARDEN_ARBORETUM": "NO", "GOLF_COURSE_9_HOLE": "NO", "GOLF_COURSE_18_HOLE": "NO", "GREENWAY_TRAILHEAD": "NO", "MOUNTAIN_BIKING": "NO", "NATURE_TRAILS": "NO", "OUTDOOR_FITNESS_STATION": "NO", "PAVILION": "NO", "PLAYGROUND": "YES", "PRIMITIVE_TRAILS": "NO", "RECREATION_CENTER": "YES", "RUGBY_FIELD": "NO", "RV_PARK": "NO", "SAND_VOLLEYBALL": "NO", "SHUFFLEBOARD": "NO", "SKATE_PARK": "NO", "SOCCER_FIELD": "NO", "SPLASH_PAD": "NO", "STADIUM": "NO", "SWIMMING_POOL": "NO", "TENNIS_CENTER": "NO", "TENNIS_COURTS": "NO", "VELODROME": "NO", "WALKING_LOOP_OUTDOOR": "NO", "WALKING_TRACK_INDOOR": "NO" }, "geometry": { "type": "MultiPolygon", "coordinates": [ [ [ [ -91.163843884340636, 30.504895372763244 ], [ -91.163857995087113, 30.505091773744951 ], [ -91.164319495312171, 30.505075986996282 ], [ -91.16430943734224, 30.504711314826988 ], [ -91.164722177635866, 30.504703656931323 ], [ -91.164732060569534, 30.505061875480536 ], [ -91.165303190307142, 30.50504233252488 ], [ -91.165289260329885, 30.504537601968099 ], [ -91.165351577819933, 30.504538137531728 ], [ -91.165440286107497, 30.504523424685274 ], [ -91.165510777990548, 30.504508141126152 ], [ -91.165516757827987, 30.504506846129136 ], [ -91.165522737666777, 30.504505550229762 ], [ -91.16560206344765, 30.504486095855214 ], [ -91.165675761309956, 30.504455090590181 ], [ -91.165745025915513, 30.504418216253672 ], [ -91.165762863229389, 30.504405742549253 ], [ -91.165780700538775, 30.504393268842403 ], [ -91.165798151474704, 30.505025461837082 ], [ -91.166150096681221, 30.505014475076795 ], [ -91.166194829566763, 30.505013052197437 ], [ -91.167178589187515, 30.504981720213387 ], [ -91.167248408161058, 30.504979495867925 ], [ -91.16723588377674, 30.504547120930336 ], [ -91.167642234812277, 30.504532738160997 ], [ -91.167654600205353, 30.504966557065003 ], [ -91.167873519137871, 30.504962566908645 ], [ -91.167820200306736, 30.503032203061561 ], [ -91.167434898590088, 30.503039848185963 ], [ -91.167142889632089, 30.503045640177952 ], [ -91.16714212281066, 30.503013975853765 ], [ -91.167099593666237, 30.50125907481198 ], [ -91.166622596412608, 30.501265381852019 ], [ -91.166178380870122, 30.501279998716488 ], [ -91.166184636851256, 30.501444883322698 ], [ -91.166190893900932, 30.501609764313358 ], [ -91.16619662823976, 30.501760908895658 ], [ -91.166203404926932, 30.501939532579289 ], [ -91.166208618664427, 30.502076933533651 ], [ -91.166213832410293, 30.502214338090202 ], [ -91.166219047216899, 30.502351739935953 ], [ -91.166225054956826, 30.502510082400683 ], [ -91.1662250635638, 30.502540229407508 ], [ -91.166225210952049, 30.50306384642597 ], [ -91.166140992098846, 30.5030630120818 ], [ -91.165684497706323, 30.50305848981602 ], [ -91.165525721043551, 30.503056916529165 ], [ -91.165366943347124, 30.503055341246384 ], [ -91.16524833171971, 30.50305416589622 ], [ -91.165208165652629, 30.5030537675772 ], [ -91.165049398181594, 30.503053539610555 ], [ -91.164890654517379, 30.503056470513165 ], [ -91.16473190980507, 30.503059399419929 ], [ -91.164335308427155, 30.503066717126938 ], [ -91.164297554417601, 30.502971907943827 ], [ -91.164211513808539, 30.502746667081325 ], [ -91.164254210788101, 30.502727127899529 ], [ -91.16424228450802, 30.5024712095871 ], [ -91.164237214297287, 30.50236242765282 ], [ -91.163794283596204, 30.502254240104186 ], [ -91.163739446341339, 30.502378571761025 ], [ -91.163957260668425, 30.502516789932926 ], [ -91.163992240449048, 30.502540537348189 ], [ -91.164008969027805, 30.502553211111444 ], [ -91.164025160236193, 30.502566398361807 ], [ -91.164040793270146, 30.502580081031535 ], [ -91.164055849409195, 30.502594241055558 ], [ -91.164070306807403, 30.502608860364912 ], [ -91.164084148827612, 30.502623920897129 ], [ -91.164097356753743, 30.502639401881048 ], [ -91.164109913951577, 30.5026552834501 ], [ -91.164121802743708, 30.50267154663856 ], [ -91.164133009625658, 30.502688168877704 ], [ -91.164143519006487, 30.502705129400251 ], [ -91.164153318423374, 30.50272240563887 ], [ -91.164162393328638, 30.502739975925497 ], [ -91.164170733344477, 30.502757816793434 ], [ -91.164178328090046, 30.502775906579942 ], [ -91.164185166148854, 30.502794220012724 ], [ -91.164191240265183, 30.502812735433125 ], [ -91.164196542147749, 30.502831427572801 ], [ -91.164201064545438, 30.502850272066887 ], [ -91.164204801247379, 30.50286924545378 ], [ -91.164207748127666, 30.502888323372648 ], [ -91.164209902103607, 30.502907480561639 ], [ -91.164211259050816, 30.502926691757821 ], [ -91.164211816925373, 30.502945933504854 ], [ -91.164211576813102, 30.502965179644406 ], [ -91.164210537713316, 30.502984405819308 ], [ -91.164208701750582, 30.503003587676599 ], [ -91.164206070009271, 30.503022699959836 ], [ -91.164205031446926, 30.503029386537936 ], [ -91.164203992884438, 30.503036073115972 ], [ -91.164198844284726, 30.503069235443203 ], [ -91.164186781730649, 30.503146922948467 ], [ -91.164140636893862, 30.503346375331486 ], [ -91.164032810490298, 30.503773630056191 ], [ -91.164021113726378, 30.503819977582236 ], [ -91.163923160234177, 30.504208113249078 ], [ -91.163922605022847, 30.50420991576442 ], [ -91.163914952452956, 30.50423541633938 ], [ -91.163911262586254, 30.50424819656936 ], [ -91.163873130181329, 30.5044078563784 ], [ -91.16385934635305, 30.504488512115099 ], [ -91.163849111122715, 30.504569562986909 ], [ -91.163842440325837, 30.504650891746625 ], [ -91.163839343545618, 30.504732382040817 ], [ -91.16383982516146, 30.504813914802856 ], [ -91.163843884340636, 30.504895372763244 ] ] ], [ [ [ -91.154843187414542, 30.502802825658538 ], [ -91.154208499371165, 30.502679584957484 ], [ -91.153567650388311, 30.502544020555938 ], [ -91.153351980124398, 30.502510130003284 ], [ -91.153207172260579, 30.502528615634315 ], [ -91.152832366310335, 30.502461552397307 ], [ -91.152382967365099, 30.502358225952261 ], [ -91.152357333605039, 30.502439111514999 ], [ -91.15299834941878, 30.502657000823891 ], [ -91.153282821608471, 30.502727273836534 ], [ -91.154344370267566, 30.502945729012534 ], [ -91.155884567651682, 30.503252652371174 ], [ -91.156195749564048, 30.50328346253735 ], [ -91.156451472927074, 30.503280381263348 ], [ -91.156858841268019, 30.503278323592593 ], [ -91.1582404296053, 30.503257071395197 ], [ -91.158318364961076, 30.502722676031283 ], [ -91.158387886141028, 30.502531696248305 ], [ -91.158639921155981, 30.501356238305913 ], [ -91.158398669003958, 30.501370156889639 ], [ -91.158232295143051, 30.501382480959506 ], [ -91.158053596376988, 30.501410210197403 ], [ -91.157760901143035, 30.50147183011978 ], [ -91.157546869159802, 30.501550382836179 ], [ -91.15744251295726, 30.501594740322577 ], [ -91.157340120713627, 30.501642406405949 ], [ -91.157239831090379, 30.501693314522356 ], [ -91.157141781709939, 30.501747397204912 ], [ -91.157046107084824, 30.501804578864075 ], [ -91.15688601904138, 30.501919513171458 ], [ -91.156809628038985, 30.501980616386028 ], [ -91.156735803824162, 30.502044040385261 ], [ -91.156664638214096, 30.502109704110087 ], [ -91.156596224071734, 30.502177524698808 ], [ -91.156530648015305, 30.502247416575059 ], [ -91.156467992506549, 30.502319288744616 ], [ -91.156408338964567, 30.502393051113913 ], [ -91.156338647881185, 30.502461115218388 ], [ -91.156301743649806, 30.502493489664722 ], [ -91.156263528868394, 30.502524703193814 ], [ -91.156224052569627, 30.502554716179304 ], [ -91.156183364825097, 30.502583490800472 ], [ -91.156141517788498, 30.502610990141385 ], [ -91.15609856465062, 30.502637179993744 ], [ -91.156054559645682, 30.50266202524865 ], [ -91.15600955908215, 30.502685496212475 ], [ -91.155963620313429, 30.502707561388728 ], [ -91.15591680172696, 30.502728193792873 ], [ -91.155869162750363, 30.502747367343858 ], [ -91.155732517093, 30.502788555410486 ], [ -91.155662959993762, 30.50280581415403 ], [ -91.155592707899316, 30.502820816766128 ], [ -91.155521859817, 30.502833542631187 ], [ -91.155450512669276, 30.502843972033151 ], [ -91.155378766489591, 30.502852093378873 ], [ -91.155306720272975, 30.502857893270019 ], [ -91.155234475086516, 30.502861364625531 ], [ -91.155037620193781, 30.502838164549608 ], [ -91.154940038548773, 30.502822002448383 ], [ -91.154843187414542, 30.502802825658538 ] ] ], [ [ [ -91.16384507668046, 30.502650124783592 ], [ -91.163844932033783, 30.50265003348979 ], [ -91.163749899780498, 30.502589729603113 ], [ -91.163633154174534, 30.502515646731769 ], [ -91.163512102225852, 30.502617440969413 ], [ -91.163456652481571, 30.502656228933855 ], [ -91.16338650108564, 30.50269773576056 ], [ -91.163312351445498, 30.502733749252339 ], [ -91.163238573510483, 30.502762554782795 ], [ -91.163162260873051, 30.502785945527634 ], [ -91.163083801331453, 30.502803771336765 ], [ -91.163003777507228, 30.502815873290952 ], [ -91.162922340603032, 30.502822172200446 ], [ -91.162823936715455, 30.502821822633301 ], [ -91.162740043615486, 30.502814639618446 ], [ -91.162657499857502, 30.502801244870604 ], [ -91.16257651788699, 30.502781688279871 ], [ -91.162498414920506, 30.502756322452601 ], [ -91.162450851003783, 30.502737484568289 ], [ -91.162421172429532, 30.502724331124512 ], [ -91.162379726065183, 30.502704057812142 ], [ -91.162348412246601, 30.502687116274647 ], [ -91.162311540796765, 30.50266529820297 ], [ -91.162251573890757, 30.502624736935658 ], [ -91.162216978872195, 30.502599193547372 ], [ -91.162154883739319, 30.502551398533853 ], [ -91.162083547917646, 30.502496638418698 ], [ -91.161868899367747, 30.50272773009852 ], [ -91.161815634320973, 30.502787113436003 ], [ -91.161760707374171, 30.502855677612704 ], [ -91.161714810077356, 30.502923123189198 ], [ -91.161674633627655, 30.502993194862626 ], [ -91.16166706973253, 30.503008708677452 ], [ -91.161630717398623, 30.503090866645298 ], [ -91.161621072613116, 30.503114495434591 ], [ -91.161606907708787, 30.503158565450967 ], [ -91.161597850912969, 30.503186746818056 ], [ -91.16159085753651, 30.503213287300902 ], [ -91.161575066911382, 30.503290178618556 ], [ -91.161569044903288, 30.503333298498699 ], [ -91.161563385502291, 30.503407662748739 ], [ -91.161572329856114, 30.503638834647191 ], [ -91.162064461128125, 30.503620985589617 ], [ -91.162102490340445, 30.503658457840334 ], [ -91.162191561733863, 30.503747724974048 ], [ -91.162279589285987, 30.503850983515633 ], [ -91.162308689648214, 30.503887309365773 ], [ -91.16235381011694, 30.503943633021681 ], [ -91.162388127944268, 30.503993704031341 ], [ -91.162453921878537, 30.505128776746783 ], [ -91.162454555579146, 30.505142513291045 ], [ -91.162978410777342, 30.505123508363187 ], [ -91.163422564284588, 30.50510739210057 ], [ -91.163667588520937, 30.505098464828674 ], [ -91.163653733560579, 30.504905615580078 ], [ -91.163648702805787, 30.504740563006891 ], [ -91.16365129940192, 30.50465802568165 ], [ -91.163657300255807, 30.50457562171437 ], [ -91.163666696846064, 30.504493455733044 ], [ -91.163679479609442, 30.504411632364206 ], [ -91.163695630647439, 30.504330257125435 ], [ -91.163715128939373, 30.504249433726013 ], [ -91.163737950339609, 30.504169265870843 ], [ -91.163759483521446, 30.50408394286687 ], [ -91.163832342857702, 30.503782286731077 ], [ -91.163849266941256, 30.50372818635978 ], [ -91.163954159412512, 30.503312560141875 ], [ -91.163998778651731, 30.503119700861841 ], [ -91.164007005132959, 30.503066721420456 ], [ -91.164017294019828, 30.503000457207943 ], [ -91.16401731508104, 30.503000324631394 ], [ -91.164020367807595, 30.502974448309374 ], [ -91.164021105659032, 30.502961455917553 ], [ -91.16402131536644, 30.502948450221108 ], [ -91.164020998988889, 30.502935445655613 ], [ -91.164020154415439, 30.502922458455519 ], [ -91.164018784742197, 30.502909505764077 ], [ -91.164016889944861, 30.502896602014175 ], [ -91.164014474162784, 30.502883763448342 ], [ -91.16401153840873, 30.502871007206998 ], [ -91.164008087866989, 30.502858347729816 ], [ -91.164004126678535, 30.502845800357129 ], [ -91.163999657941091, 30.502833381329992 ], [ -91.163994689961044, 30.50282110689621 ], [ -91.1639892258423, 30.502808989688557 ], [ -91.163983274931368, 30.502797046858198 ], [ -91.163976843455856, 30.502785291943972 ], [ -91.163969938683479, 30.502773739388083 ], [ -91.163962571005555, 30.502762404538991 ], [ -91.163954747691349, 30.502751300936765 ], [ -91.163936466783397, 30.50272831277919 ], [ -91.163926589026516, 30.502717282318702 ], [ -91.163916239838386, 30.50270658231161 ], [ -91.163905431695369, 30.502696227206691 ], [ -91.16389418019898, 30.502686231456956 ], [ -91.163882501990884, 30.502676610418618 ], [ -91.163870414759245, 30.502667376743162 ], [ -91.163857933065287, 30.502658543980125 ], [ -91.16384507668046, 30.502650124783592 ] ] ], [ [ [ -91.161534668341716, 30.502965545365274 ], [ -91.161574391016529, 30.502898888360708 ], [ -91.161596404899939, 30.50286658152886 ], [ -91.161619813424124, 30.502835017999686 ], [ -91.161644582131217, 30.502804243733127 ], [ -91.161645752347965, 30.502802846149351 ], [ -91.161697576374792, 30.502748508964348 ], [ -91.161999485669824, 30.502431951705727 ], [ -91.161885099450501, 30.502343751226171 ], [ -91.161209943518543, 30.501824089245471 ], [ -91.160985457672695, 30.50165130242986 ], [ -91.160949361403908, 30.501624406355472 ], [ -91.160879712096715, 30.501575836837908 ], [ -91.160806949058738, 30.501531493907475 ], [ -91.160757606572957, 30.501504382956867 ], [ -91.160709685193694, 30.501479577715095 ], [ -91.160592375921695, 30.501425548808694 ], [ -91.160522131160718, 30.501403238333317 ], [ -91.160444358445034, 30.501384761683898 ], [ -91.160316936783332, 30.501359728824415 ], [ -91.160260826871337, 30.501351451170279 ], [ -91.160230639557668, 30.501347872884455 ], [ -91.160140521435849, 30.501340702624869 ], [ -91.160080243926345, 30.501338789821848 ], [ -91.160013055868234, 30.50133909243241 ], [ -91.160012398518106, 30.501339102396255 ], [ -91.159538644145329, 30.501353251449689 ], [ -91.159221053073296, 30.501364733098558 ], [ -91.159021089181124, 30.50255326038916 ], [ -91.159595543123601, 30.502658812287788 ], [ -91.159594740306034, 30.502680615036017 ], [ -91.159592061657904, 30.502754569986394 ], [ -91.159585004946095, 30.502946087055768 ], [ -91.158964501539813, 30.503229095547354 ], [ -91.158963912606467, 30.503245889406333 ], [ -91.159628809900923, 30.503223715202285 ], [ -91.159770811253537, 30.503217643902495 ], [ -91.159929380800179, 30.503210863489738 ], [ -91.160087950323572, 30.503204083789061 ], [ -91.160246520868654, 30.503197302997634 ], [ -91.160405090348704, 30.503190522916899 ], [ -91.160563659808659, 30.503183741744053 ], [ -91.16072222924538, 30.503176961283227 ], [ -91.160880799703719, 30.503170179731708 ], [ -91.161039369097082, 30.503163398890866 ], [ -91.161197938470337, 30.503156616957963 ], [ -91.161415214824089, 30.503147324898361 ], [ -91.161460669775138, 30.50314538045809 ], [ -91.161479507453592, 30.503087811719237 ], [ -91.16149042103342, 30.5030594216875 ], [ -91.161513004404739, 30.503008101896452 ], [ -91.161534668341716, 30.502965545365274 ] ] ] ] } },
{ "type": "Feature", "properties": { "ID": 166, "BG_ID": 46, "PARKID": "BLWTR", "FACILITY_NAME": "Blackwater Conservation Area", "CLASSIFICATION": "Conservation", "FULL_ADDRESS": "9385 BLACKWATER RD", "CITY": "BAKER", "STATE": "LOUISIANA", "ZIP": 70714, "ACREAGE": 57.48, "AIRGUN_RANGE": "NO", "AIRNASIUM": "NO", "ARCHERY_RANGE": "NO", "BALL_MULTI_PURPOSE_FIELD": "NO", "BASKETBALL_INDOOR": "NO", "BASKETBALL_OUTDOOR": "NO", "BIKE_REPAIR_STATION": "NO", "BIRD_WATCHING_WILDLIFE_VIEWING": "YES", "BLUEWAY_TRAILHEAD": "NO", "BMX": "NO", "CANOE_KAYAK_LAUNCH": "NO", "CRICKET_PITCH": "NO", "CROQUET_COURT": "NO", "DISC_GOLF": "NO", "DOG_PARK": "NO", "EQUESTRIAN": "NO", "FISHING_ACCESS": "YES", "FITNESS_CENTERS": "NO", "GARDEN_ARBORETUM": "NO", "GOLF_COURSE_9_HOLE": "NO", "GOLF_COURSE_18_HOLE": "NO", "GREENWAY_TRAILHEAD": "NO", "MOUNTAIN_BIKING": "NO", "NATURE_TRAILS": "YES", "OUTDOOR_FITNESS_STATION": "NO", "PAVILION": "NO", "PLAYGROUND": "NO", "PRIMITIVE_TRAILS": "YES", "RECREATION_CENTER": "NO", "RUGBY_FIELD": "NO", "RV_PARK": "NO", "SAND_VOLLEYBALL": "NO", "SHUFFLEBOARD": "NO", "SKATE_PARK": "NO", "SOCCER_FIELD": "NO", "SPLASH_PAD": "NO", "STADIUM": "NO", "SWIMMING_POOL": "NO", "TENNIS_CENTER": "NO", "TENNIS_COURTS": "NO", "VELODROME": "NO", "WALKING_LOOP_OUTDOOR": "YES", "WALKING_TRACK_INDOOR": "NO" }, "geometry": { "type": "Polygon", "coordinates": [ [ [ -91.092867244921692, 30.531154676711346 ], [ -91.090925993382228, 30.531189696225674 ], [ -91.090760436746251, 30.53122185077628 ], [ -91.090472696174643, 30.531291739585722 ], [ -91.090217689540239, 30.531374610768864 ], [ -91.089997228965117, 30.531470033053274 ], [ -91.089829037517546, 30.5315428319117 ], [ -91.089505260394304, 30.531734729554071 ], [ -91.089481425753419, 30.531752020485726 ], [ -91.089324206877748, 30.531866084582724 ], [ -91.088426890320179, 30.532579410697142 ], [ -91.088103699338291, 30.532829753834282 ], [ -91.087780077764279, 30.533050901192041 ], [ -91.08776283674915, 30.533061437709279 ], [ -91.087536337277157, 30.533199854732111 ], [ -91.086988676694602, 30.533500663144022 ], [ -91.086977713672027, 30.53391328235378 ], [ -91.086951553640574, 30.5348978321583 ], [ -91.086944279187236, 30.5351716387765 ], [ -91.086982821985288, 30.535173687817711 ], [ -91.08756750031182, 30.535204767984691 ], [ -91.087994782077658, 30.535207122034691 ], [ -91.087998398629509, 30.535556192992374 ], [ -91.08799052837972, 30.535852521042525 ], [ -91.087979943811845, 30.536251062332521 ], [ -91.088170577912365, 30.536250763337005 ], [ -91.090852329369696, 30.536246518034069 ], [ -91.090856672858379, 30.536246510655182 ], [ -91.095476546478068, 30.53623919651632 ], [ -91.095457599766334, 30.536139815430783 ], [ -91.094724590879935, 30.535404713209576 ], [ -91.093564378630504, 30.53496398832349 ], [ -91.093306350824932, 30.53478786867112 ], [ -91.092688893933627, 30.534563721381605 ], [ -91.092260831069552, 30.534293447693337 ], [ -91.091893859414597, 30.534083417839376 ], [ -91.091831299901429, 30.533964645376052 ], [ -91.091566681620904, 30.533604608820973 ], [ -91.091454912677037, 30.533372767257188 ], [ -91.091607845097613, 30.532836798089118 ], [ -91.092027071054602, 30.532128897848057 ], [ -91.092097267752081, 30.532010363767746 ], [ -91.092867244921692, 30.531154676711346 ] ] ] } },
{ "type": "Feature", "properties": { "ID": 167, "BG_ID": 150, "PARKID": "NSFCP", "FACILITY_NAME": "North Sherwood Forest Community Park", "CLASSIFICATION": "Community", "FULL_ADDRESS": "3140 N SHERWOOD FOREST DR", "CITY": "BATON ROUGE", "STATE": "LOUISIANA", "ZIP": 70814, "ACREAGE": 138.36, "AIRGUN_RANGE": "NO", "AIRNASIUM": "NO", "ARCHERY_RANGE": "NO", "BALL_MULTI_PURPOSE_FIELD": "NO", "BASKETBALL_INDOOR": "NO", "BASKETBALL_OUTDOOR": "YES", "BIKE_REPAIR_STATION": "NO", "BIRD_WATCHING_WILDLIFE_VIEWING": "NO", "BLUEWAY_TRAILHEAD": "NO", "BMX": "NO", "CANOE_KAYAK_LAUNCH": "NO", "CRICKET_PITCH": "NO", "CROQUET_COURT": "NO", "DISC_GOLF": "NO", "DOG_PARK": "NO", "EQUESTRIAN": "NO", "FISHING_ACCESS": "YES", "FITNESS_CENTERS": "YES", "GARDEN_ARBORETUM": "NO", "GOLF_COURSE_9_HOLE": "NO", "GOLF_COURSE_18_HOLE": "NO", "GREENWAY_TRAILHEAD": "NO", "MOUNTAIN_BIKING": "NO", "NATURE_TRAILS": "NO", "OUTDOOR_FITNESS_STATION": "YES", "PAVILION": "YES", "PLAYGROUND": "YES", "PRIMITIVE_TRAILS": "NO", "RECREATION_CENTER": "YES", "RUGBY_FIELD": "NO", "RV_PARK": "NO", "SAND_VOLLEYBALL": "NO", "SHUFFLEBOARD": "NO", "SKATE_PARK": "NO", "SOCCER_FIELD": "NO", "SPLASH_PAD": "YES", "STADIUM": "NO", "SWIMMING_POOL": "NO", "TENNIS_CENTER": "NO", "TENNIS_COURTS": "YES", "VELODROME": "NO", "WALKING_LOOP_OUTDOOR": "YES", "WALKING_TRACK_INDOOR": "YES" }, "geometry": { "type": "MultiPolygon", "coordinates": [ [ [ [ -91.057936295074697, 30.475625902037656 ], [ -91.057872697988344, 30.473754567412936 ], [ -91.055593831223007, 30.473812893733736 ], [ -91.050706152959407, 30.47394235357995 ], [ -91.049890636891902, 30.473963935539057 ], [ -91.049569185758713, 30.473972442165042 ], [ -91.049254153712539, 30.473980701094948 ], [ -91.048936972223373, 30.473988905039899 ], [ -91.048619800594182, 30.473997283248092 ], [ -91.048387129987233, 30.474003428780964 ], [ -91.048396918142885, 30.474283628655431 ], [ -91.048452505198298, 30.475874804509253 ], [ -91.057936295074697, 30.475625902037656 ] ] ], [ [ [ -91.053337411895342, 30.480120268255668 ], [ -91.054045951201658, 30.480099746300404 ], [ -91.054292112625504, 30.480093317057381 ], [ -91.054511837498765, 30.480087577658161 ], [ -91.054719746586997, 30.480082145876189 ], [ -91.054940486955985, 30.48007637993944 ], [ -91.055161377291057, 30.48007060853736 ], [ -91.055371892361322, 30.480065106337953 ], [ -91.055655978818081, 30.480057682570362 ], [ -91.055871338244614, 30.480052055334998 ], [ -91.056074760024416, 30.480046741009335 ], [ -91.05630533281618, 30.480040712856429 ], [ -91.056519394354609, 30.480035117931436 ], [ -91.056727404258936, 30.480029679597539 ], [ -91.056941461583705, 30.480024083980993 ], [ -91.057331365595857, 30.480013891780828 ], [ -91.057363549682336, 30.47987628734575 ], [ -91.058150336909449, 30.479857277760569 ], [ -91.058062359537757, 30.477356818994167 ], [ -91.056590449091857, 30.477399693471305 ], [ -91.056618761988958, 30.478164651000281 ], [ -91.053306771108709, 30.478251560888914 ], [ -91.051038575407659, 30.478311033035581 ], [ -91.051211333275688, 30.478989451785498 ], [ -91.051217909538892, 30.480173566827194 ], [ -91.053337411895342, 30.480120268255668 ] ] ], [ [ [ -91.059813723548473, 30.478628165075694 ], [ -91.059798466464372, 30.478215965692101 ], [ -91.059711749810916, 30.475873039468372 ], [ -91.058376880054851, 30.475908222083067 ], [ -91.058459547090408, 30.47825079621688 ], [ -91.058513640705939, 30.479745283810139 ], [ -91.058597516794222, 30.479741371627274 ], [ -91.058681393919812, 30.479737458491311 ], [ -91.069026689861289, 30.479462272995757 ], [ -91.069618747772921, 30.478558584796907 ], [ -91.069752690536163, 30.478355700483927 ], [ -91.069870872048838, 30.478176686854663 ], [ -91.070017604672486, 30.477954425041798 ], [ -91.070086272981854, 30.477850411095297 ], [ -91.068082992846826, 30.477903064446043 ], [ -91.068118489663988, 30.478931678724177 ], [ -91.063994774126186, 30.479040032658947 ], [ -91.063976202428293, 30.478519930194668 ], [ -91.059813723548473, 30.478628165075694 ] ] ], [ [ [ -91.059829346403419, 30.474601494241863 ], [ -91.05979270649685, 30.473141549867165 ], [ -91.058615451635148, 30.473143913035308 ], [ -91.05826300428248, 30.473144617670233 ], [ -91.058263040769461, 30.473145731807655 ], [ -91.058266208282632, 30.473241752457845 ], [ -91.058266244730291, 30.473241753435694 ], [ -91.058615715739805, 30.473242646498548 ], [ -91.058619418676386, 30.474630483191877 ], [ -91.059829346403419, 30.474601494241863 ] ] ] ] } },
{ "type": "Feature", "properties": { "ID": 168, "BG_ID": 20, "PARKID": "KOLBY", "FACILITY_NAME": "Kolby Park", "CLASSIFICATION": "Neighborhood", "FULL_ADDRESS": "10620 CENTRAL PINE DR", "CITY": "CENTRAL", "STATE": "LOUISIANA", "ZIP": 70818, "ACREAGE": 1.4, "AIRGUN_RANGE": "NO", "AIRNASIUM": "NO", "ARCHERY_RANGE": "NO", "BALL_MULTI_PURPOSE_FIELD": "NO", "BASKETBALL_INDOOR": "NO", "BASKETBALL_OUTDOOR": "YES", "BIKE_REPAIR_STATION": "NO", "BIRD_WATCHING_WILDLIFE_VIEWING": "NO", "BLUEWAY_TRAILHEAD": "NO", "BMX": "NO", "CANOE_KAYAK_LAUNCH": "NO", "CRICKET_PITCH": "NO", "CROQUET_COURT": "NO", "DISC_GOLF": "NO", "DOG_PARK": "NO", "EQUESTRIAN": "NO", "FISHING_ACCESS": "NO", "FITNESS_CENTERS": "NO", "GARDEN_ARBORETUM": "NO", "GOLF_COURSE_9_HOLE": "NO", "GOLF_COURSE_18_HOLE": "NO", "GREENWAY_TRAILHEAD": "NO", "MOUNTAIN_BIKING": "NO", "NATURE_TRAILS": "NO", "OUTDOOR_FITNESS_STATION": "NO", "PAVILION": "NO", "PLAYGROUND": "NO", "PRIMITIVE_TRAILS": "NO", "RECREATION_CENTER": "NO", "RUGBY_FIELD": "NO", "RV_PARK": "NO", "SAND_VOLLEYBALL": "NO", "SHUFFLEBOARD": "NO", "SKATE_PARK": "NO", "SOCCER_FIELD": "NO", "SPLASH_PAD": "NO", "STADIUM": "NO", "SWIMMING_POOL": "NO", "TENNIS_CENTER": "NO", "TENNIS_COURTS": "NO", "VELODROME": "NO", "WALKING_LOOP_OUTDOOR": "NO", "WALKING_TRACK_INDOOR": "NO" }, "geometry": { "type": "Polygon", "coordinates": [ [ [ -91.021204756169823, 30.544994901360528 ], [ -91.021205667074128, 30.544981314952654 ], [ -91.021206579023229, 30.544967727645226 ], [ -91.021214553723993, 30.544937972319129 ], [ -91.0212285552347, 30.544909930671995 ], [ -91.021250245633894, 30.54488234554719 ], [ -91.020943452071563, 30.544684950542045 ], [ -91.02091356653608, 30.544854252572112 ], [ -91.020903819689238, 30.544882791337088 ], [ -91.020903820731419, 30.544882791339553 ], [ -91.020833910743477, 30.545087461365188 ], [ -91.020810550198703, 30.545155851441198 ], [ -91.020810364006266, 30.545156398548961 ], [ -91.020755762426219, 30.545229797940966 ], [ -91.02071073011119, 30.545290334052403 ], [ -91.020655907534788, 30.545364033262796 ], [ -91.020785570470281, 30.545363008904886 ], [ -91.021283085922278, 30.545359073270802 ], [ -91.021282258585558, 30.545285815448022 ], [ -91.02128157767099, 30.545225644078435 ], [ -91.021280747999, 30.545152135475806 ], [ -91.021280444805697, 30.545125277881137 ], [ -91.02125871347117, 30.545108226530463 ], [ -91.021236806877226, 30.545084276749154 ], [ -91.021234908757577, 30.545081717655012 ], [ -91.02121886642928, 30.545054509941778 ], [ -91.021208704348453, 30.545025256698516 ], [ -91.021204756169823, 30.544994901360528 ] ] ] } },
{ "type": "Feature", "properties": { "ID": 169, "BG_ID": 105, "PARKID": "CRTPL", "FACILITY_NAME": "Cortana Place Park", "CLASSIFICATION": "Neighborhood", "FULL_ADDRESS": "1901 OAK VILLA BLVD", "CITY": "BATON ROUGE", "STATE": "LOUISIANA", "ZIP": 70815, "ACREAGE": 12.0, "AIRGUN_RANGE": "NO", "AIRNASIUM": "NO", "ARCHERY_RANGE": "NO", "BALL_MULTI_PURPOSE_FIELD": "NO", "BASKETBALL_INDOOR": "NO", "BASKETBALL_OUTDOOR": "NO", "BIKE_REPAIR_STATION": "NO", "BIRD_WATCHING_WILDLIFE_VIEWING": "NO", "BLUEWAY_TRAILHEAD": "NO", "BMX": "NO", "CANOE_KAYAK_LAUNCH": "NO", "CRICKET_PITCH": "NO", "CROQUET_COURT": "NO", "DISC_GOLF": "NO", "DOG_PARK": "NO", "EQUESTRIAN": "NO", "FISHING_ACCESS": "NO", "FITNESS_CENTERS": "NO", "GARDEN_ARBORETUM": "NO", "GOLF_COURSE_9_HOLE": "NO", "GOLF_COURSE_18_HOLE": "NO", "GREENWAY_TRAILHEAD": "NO", "MOUNTAIN_BIKING": "NO", "NATURE_TRAILS": "NO", "OUTDOOR_FITNESS_STATION": "NO", "PAVILION": "NO", "PLAYGROUND": "NO", "PRIMITIVE_TRAILS": "NO", "RECREATION_CENTER": "NO", "RUGBY_FIELD": "NO", "RV_PARK": "NO", "SAND_VOLLEYBALL": "NO", "SHUFFLEBOARD": "NO", "SKATE_PARK": "NO", "SOCCER_FIELD": "NO", "SPLASH_PAD": "NO", "STADIUM": "NO", "SWIMMING_POOL": "NO", "TENNIS_CENTER": "NO", "TENNIS_COURTS": "NO", "VELODROME": "NO", "WALKING_LOOP_OUTDOOR": "NO", "WALKING_TRACK_INDOOR": "NO" }, "geometry": { "type": "Polygon", "coordinates": [ [ [ -91.091023041372694, 30.46590555570139 ], [ -91.091058778712068, 30.466768281254797 ], [ -91.091075893370089, 30.467181415233771 ], [ -91.091144075902434, 30.46882733249549 ], [ -91.091149880304044, 30.468967456069691 ], [ -91.092715551126958, 30.468923286231778 ], [ -91.092725397012387, 30.466389664136244 ], [ -91.091023041372694, 30.46590555570139 ] ] ] } },
{ "type": "Feature", "properties": { "ID": 170, "BG_ID": 134, "PARKID": "TDBHM", "FACILITY_NAME": "T. D. Bickham, Jr. Park", "CLASSIFICATION": "Neighborhood", "FULL_ADDRESS": "6850 PETTIT RD", "CITY": "BAKER", "STATE": "LOUISIANA", "ZIP": 70714, "ACREAGE": 205.25, "AIRGUN_RANGE": "NO", "AIRNASIUM": "NO", "ARCHERY_RANGE": "NO", "BALL_MULTI_PURPOSE_FIELD": "NO", "BASKETBALL_INDOOR": "YES", "BASKETBALL_OUTDOOR": "YES", "BIKE_REPAIR_STATION": "NO", "BIRD_WATCHING_WILDLIFE_VIEWING": "NO", "BLUEWAY_TRAILHEAD": "NO", "BMX": "NO", "CANOE_KAYAK_LAUNCH": "NO", "CRICKET_PITCH": "NO", "CROQUET_COURT": "NO", "DISC_GOLF": "NO", "DOG_PARK": "NO", "EQUESTRIAN": "NO", "FISHING_ACCESS": "NO", "FITNESS_CENTERS": "NO", "GARDEN_ARBORETUM": "NO", "GOLF_COURSE_9_HOLE": "NO", "GOLF_COURSE_18_HOLE": "NO", "GREENWAY_TRAILHEAD": "NO", "MOUNTAIN_BIKING": "NO", "NATURE_TRAILS": "NO", "OUTDOOR_FITNESS_STATION": "NO", "PAVILION": "YES", "PLAYGROUND": "YES", "PRIMITIVE_TRAILS": "NO", "RECREATION_CENTER": "YES", "RUGBY_FIELD": "NO", "RV_PARK": "NO", "SAND_VOLLEYBALL": "NO", "SHUFFLEBOARD": "NO", "SKATE_PARK": "NO", "SOCCER_FIELD": "NO", "SPLASH_PAD": "NO", "STADIUM": "NO", "SWIMMING_POOL": "NO", "TENNIS_CENTER": "NO", "TENNIS_COURTS": "NO", "VELODROME": "NO", "WALKING_LOOP_OUTDOOR": "NO", "WALKING_TRACK_INDOOR": "NO" }, "geometry": { "type": "Polygon", "coordinates": [ [ [ -91.121671793613245, 30.579134228307776 ], [ -91.123102896076702, 30.579138301041294 ], [ -91.123115538899484, 30.579139859995546 ], [ -91.123181983422811, 30.579138525786089 ], [ -91.123308098728046, 30.579135994460326 ], [ -91.123500696023854, 30.579138063246088 ], [ -91.123693084784335, 30.579146064159154 ], [ -91.123885023194092, 30.579159986895291 ], [ -91.123896661758366, 30.579161193291949 ], [ -91.1239001108015, 30.579161550543045 ], [ -91.124076267367684, 30.579179813932324 ], [ -91.124266573434141, 30.57920552053282 ], [ -91.124455837173826, 30.579237105634213 ], [ -91.124462101646969, 30.579216917868145 ], [ -91.124462467983491, 30.579215737671529 ], [ -91.124671564312223, 30.578541897359635 ], [ -91.124858253040188, 30.577940258744501 ], [ -91.124897183504899, 30.577814775417735 ], [ -91.124898055760269, 30.577811965121075 ], [ -91.125008963322117, 30.577454477566253 ], [ -91.124951798964858, 30.577486835041579 ], [ -91.124949316869774, 30.577488240128083 ], [ -91.124946335850495, 30.577489927671181 ], [ -91.124746898562833, 30.577602817464157 ], [ -91.124547460821049, 30.577715706952578 ], [ -91.124348023667636, 30.577828596138104 ], [ -91.124148586060102, 30.577941485019117 ], [ -91.12394914799836, 30.578054373595631 ], [ -91.123749709482468, 30.578167261867545 ], [ -91.1235103820391, 30.578302727030092 ], [ -91.123388408010683, 30.578372083071081 ], [ -91.123089229362478, 30.578541424424088 ], [ -91.123016100962346, 30.578582816734798 ], [ -91.122896220982057, 30.578420699607918 ], [ -91.122844843969077, 30.578351220159128 ], [ -91.122707838950546, 30.578165942726375 ], [ -91.123082574532972, 30.577958494489337 ], [ -91.123083254402786, 30.57795941384893 ], [ -91.123167112777878, 30.577838521584685 ], [ -91.12292866850504, 30.577516064717123 ], [ -91.123169567735488, 30.577382703926446 ], [ -91.123370317292611, 30.577271570347811 ], [ -91.123571066399663, 30.577160436460765 ], [ -91.123621785397049, 30.577132358589125 ], [ -91.123765624582802, 30.577052728354033 ], [ -91.123966372803665, 30.576941593859775 ], [ -91.124167120574484, 30.576830459057209 ], [ -91.124367867895288, 30.576719323946286 ], [ -91.124497041325796, 30.576647812515617 ], [ -91.124522039510126, 30.576478751184752 ], [ -91.124552284261142, 30.576274210800861 ], [ -91.12458252888743, 30.576069670396333 ], [ -91.124612773388947, 30.57586512997117 ], [ -91.124643017765607, 30.575660589525341 ], [ -91.124673262017524, 30.575456049058875 ], [ -91.124702015782447, 30.57525873791251 ], [ -91.124702937112247, 30.575252415131821 ], [ -91.12470423183683, 30.575243531133733 ], [ -91.124708337081515, 30.575215364053047 ], [ -91.124733706808456, 30.575047251237645 ], [ -91.124733947936107, 30.575045618015221 ], [ -91.124734201754094, 30.575043899118597 ], [ -91.124735029813749, 30.57503830143397 ], [ -91.124770000908171, 30.574801801701359 ], [ -91.124802599793895, 30.57458133024187 ], [ -91.124834860108379, 30.57436315392879 ], [ -91.124867189027313, 30.574144509539394 ], [ -91.124899448015057, 30.573926333177717 ], [ -91.124931707903301, 30.573708156794201 ], [ -91.124963966607112, 30.573489980385578 ], [ -91.124996225167052, 30.573271804855501 ], [ -91.125027273796732, 30.573061808946111 ], [ -91.125028483588807, 30.573053627497949 ], [ -91.125059533122482, 30.57284363246966 ], [ -91.125060741866719, 30.572835451018914 ], [ -91.125096906413447, 30.572590855250446 ], [ -91.125099108136169, 30.57257596234102 ], [ -91.125112939900418, 30.572445343612483 ], [ -91.125114832006091, 30.57242746985839 ], [ -91.125120754664522, 30.5720624332365 ], [ -91.125121037394251, 30.572044953849606 ], [ -91.125103205323398, 30.572045208151401 ], [ -91.125020562714809, 30.572046387946578 ], [ -91.121279974808189, 30.57209971899664 ], [ -91.121247014813349, 30.572100224580112 ], [ -91.12124200242566, 30.572100301344708 ], [ -91.116140500954856, 30.572178434156221 ], [ -91.115005871242175, 30.572196507203461 ], [ -91.115028273156412, 30.572757050667423 ], [ -91.115079679330677, 30.575354566894706 ], [ -91.115079888589094, 30.575492038795197 ], [ -91.116032651353407, 30.575491078038223 ], [ -91.116030657271182, 30.576400914391119 ], [ -91.116103176554915, 30.5764763531377 ], [ -91.116132255025732, 30.576506603971147 ], [ -91.115920800710654, 30.577250434183757 ], [ -91.116017943827941, 30.577669391772609 ], [ -91.11616138532132, 30.577920590036602 ], [ -91.11617400234644, 30.577942850610047 ], [ -91.11621622237864, 30.578016458934037 ], [ -91.116220439708286, 30.578023003859563 ], [ -91.116237832711903, 30.578049987237343 ], [ -91.116276416265208, 30.578103684183983 ], [ -91.116316599726034, 30.578153292070773 ], [ -91.116359797585403, 30.578200822966831 ], [ -91.116390206590907, 30.578230748463604 ], [ -91.116418790922523, 30.578258880408164 ], [ -91.116483139478376, 30.578312347071229 ], [ -91.116536028039931, 30.578351714044377 ], [ -91.116591467958628, 30.578388598237666 ], [ -91.116649270851042, 30.578422854110691 ], [ -91.116709250398031, 30.578454345147229 ], [ -91.116715326460522, 30.578457151420189 ], [ -91.116771242092355, 30.578482971850544 ], [ -91.116835034540983, 30.578508621117024 ], [ -91.116900417349413, 30.578531199689699 ], [ -91.116967185315332, 30.578550623341094 ], [ -91.117035136310335, 30.578566832204178 ], [ -91.117104076535853, 30.578579770936148 ], [ -91.117173753798838, 30.578589389511489 ], [ -91.117243932557059, 30.578595651463033 ], [ -91.117316942700583, 30.578598643578278 ], [ -91.117375799698877, 30.578598566374669 ], [ -91.117391303425919, 30.578598542042695 ], [ -91.117393728616406, 30.579148423456068 ], [ -91.117870375439878, 30.579146849052908 ], [ -91.117867948648467, 30.578596967649705 ], [ -91.118185712121019, 30.578595917401994 ], [ -91.118503478708675, 30.578594869103092 ], [ -91.118821241127193, 30.578593816426785 ], [ -91.118823674260014, 30.579143692402582 ], [ -91.119014337142445, 30.579143061156163 ], [ -91.119011902946355, 30.578593187889869 ], [ -91.119329669518407, 30.5785921367066 ], [ -91.119647436081792, 30.578591085662879 ], [ -91.119965199516656, 30.578590031145566 ], [ -91.120282966074299, 30.57858897496881 ], [ -91.120600729495649, 30.578587918926601 ], [ -91.120598349815211, 30.578051787420897 ], [ -91.121297426790306, 30.578049460917317 ], [ -91.121125040068037, 30.57858617303269 ], [ -91.121013823809562, 30.578586545025185 ], [ -91.121016269121924, 30.579136411941473 ], [ -91.121671793613245, 30.579134228307776 ] ] ] } },
{ "type": "Feature", "properties": { "ID": 171, "BG_ID": 154, "PARKID": "RTAST", "FACILITY_NAME": "Rita Street Park", "CLASSIFICATION": "Neighborhood", "FULL_ADDRESS": "2315 RITA ST", "CITY": "ZACHARY", "STATE": "LOUISIANA", "ZIP": 70791, "ACREAGE": 12.91, "AIRGUN_RANGE": "NO", "AIRNASIUM": "NO", "ARCHERY_RANGE": "NO", "BALL_MULTI_PURPOSE_FIELD": "YES", "BASKETBALL_INDOOR": "NO", "BASKETBALL_OUTDOOR": "NO", "BIKE_REPAIR_STATION": "NO", "BIRD_WATCHING_WILDLIFE_VIEWING": "NO", "BLUEWAY_TRAILHEAD": "NO", "BMX": "NO", "CANOE_KAYAK_LAUNCH": "NO", "CRICKET_PITCH": "NO", "CROQUET_COURT": "NO", "DISC_GOLF": "NO", "DOG_PARK": "NO", "EQUESTRIAN": "NO", "FISHING_ACCESS": "NO", "FITNESS_CENTERS": "NO", "GARDEN_ARBORETUM": "NO", "GOLF_COURSE_9_HOLE": "NO", "GOLF_COURSE_18_HOLE": "NO", "GREENWAY_TRAILHEAD": "NO", "MOUNTAIN_BIKING": "NO", "NATURE_TRAILS": "NO", "OUTDOOR_FITNESS_STATION": "NO", "PAVILION": "NO", "PLAYGROUND": "YES", "PRIMITIVE_TRAILS": "NO", "RECREATION_CENTER": "NO", "RUGBY_FIELD": "NO", "RV_PARK": "NO", "SAND_VOLLEYBALL": "NO", "SHUFFLEBOARD": "NO", "SKATE_PARK": "NO", "SOCCER_FIELD": "NO", "SPLASH_PAD": "NO", "STADIUM": "NO", "SWIMMING_POOL": "NO", "TENNIS_CENTER": "NO", "TENNIS_COURTS": "YES", "VELODROME": "NO", "WALKING_LOOP_OUTDOOR": "NO", "WALKING_TRACK_INDOOR": "NO" }, "geometry": { "type": "Polygon", "coordinates": [ [ [ -91.183109726799131, 30.664896507938089 ], [ -91.183311637059361, 30.663695429844992 ], [ -91.182908076139981, 30.66367516691583 ], [ -91.182458634344243, 30.663635044070208 ], [ -91.182142863783113, 30.663590664079397 ], [ -91.181835745451949, 30.663551894745662 ], [ -91.181518843342488, 30.663510893632314 ], [ -91.181213147735846, 30.663466668187077 ], [ -91.180898273253561, 30.663421113634637 ], [ -91.180586071329856, 30.663366064984636 ], [ -91.180271055128188, 30.663316729327988 ], [ -91.178962684773438, 30.663125299715897 ], [ -91.178856636729208, 30.663808313742706 ], [ -91.179046597736018, 30.663834685338426 ], [ -91.17896227010381, 30.664274529303743 ], [ -91.179753513135253, 30.664384371365834 ], [ -91.180761596392216, 30.664554018577796 ], [ -91.183109726799131, 30.664896507938089 ] ] ] } },
{ "type": "Feature", "properties": { "ID": 172, "BG_ID": 168, "PARKID": "TAMDR", "FACILITY_NAME": "Tams Drive Park", "CLASSIFICATION": "Neighborhood", "FULL_ADDRESS": "11600 TAMS DR", "CITY": "BATON ROUGE", "STATE": "LOUISIANA", "ZIP": 70815, "ACREAGE": 6.0, "AIRGUN_RANGE": "NO", "AIRNASIUM": "NO", "ARCHERY_RANGE": "NO", "BALL_MULTI_PURPOSE_FIELD": "YES", "BASKETBALL_INDOOR": "NO", "BASKETBALL_OUTDOOR": "YES", "BIKE_REPAIR_STATION": "NO", "BIRD_WATCHING_WILDLIFE_VIEWING": "NO", "BLUEWAY_TRAILHEAD": "NO", "BMX": "NO", "CANOE_KAYAK_LAUNCH": "NO", "CRICKET_PITCH": "NO", "CROQUET_COURT": "NO", "DISC_GOLF": "NO", "DOG_PARK": "NO", "EQUESTRIAN": "NO", "FISHING_ACCESS": "NO", "FITNESS_CENTERS": "NO", "GARDEN_ARBORETUM": "NO", "GOLF_COURSE_9_HOLE": "NO", "GOLF_COURSE_18_HOLE": "NO", "GREENWAY_TRAILHEAD": "NO", "MOUNTAIN_BIKING": "NO", "NATURE_TRAILS": "NO", "OUTDOOR_FITNESS_STATION": "NO", "PAVILION": "YES", "PLAYGROUND": "YES", "PRIMITIVE_TRAILS": "NO", "RECREATION_CENTER": "NO", "RUGBY_FIELD": "NO", "RV_PARK": "NO", "SAND_VOLLEYBALL": "NO", "SHUFFLEBOARD": "NO", "SKATE_PARK": "NO", "SOCCER_FIELD": "NO", "SPLASH_PAD": "NO", "STADIUM": "NO", "SWIMMING_POOL": "NO", "TENNIS_CENTER": "NO", "TENNIS_COURTS": "NO", "VELODROME": "NO", "WALKING_LOOP_OUTDOOR": "NO", "WALKING_TRACK_INDOOR": "NO" }, "geometry": { "type": "Polygon", "coordinates": [ [ [ -91.056000630100201, 30.466638761962599 ], [ -91.056003473147769, 30.466189220161684 ], [ -91.05394036748099, 30.466172835119615 ], [ -91.053937793159463, 30.466523587516843 ], [ -91.053937515552477, 30.466622212701409 ], [ -91.053936438544881, 30.466722925402571 ], [ -91.05393500366732, 30.466950775921589 ], [ -91.053933707086713, 30.467129492451384 ], [ -91.053932406631716, 30.467309583727054 ], [ -91.054138719515336, 30.467311229013298 ], [ -91.054345031941821, 30.467313039056663 ], [ -91.054551344839467, 30.467314683699353 ], [ -91.054757657822421, 30.467316300056098 ], [ -91.054963970731137, 30.467317944957344 ], [ -91.05599553546547, 30.467326133064407 ], [ -91.056000630100201, 30.466638761962599 ] ] ] } },
{ "type": "Feature", "properties": { "ID": 173, "BG_ID": 57, "PARKID": "FLNCR", "FACILITY_NAME": "Flannery Road Park", "CLASSIFICATION": "Neighborhood", "FULL_ADDRESS": "801 S FLANNERY RD", "CITY": "BATON ROUGE", "STATE": "LOUISIANA", "ZIP": 70815, "ACREAGE": 175.0, "AIRGUN_RANGE": "NO", "AIRNASIUM": "NO", "ARCHERY_RANGE": "NO", "BALL_MULTI_PURPOSE_FIELD": "YES", "BASKETBALL_INDOOR": "NO", "BASKETBALL_OUTDOOR": "YES", "BIKE_REPAIR_STATION": "NO", "BIRD_WATCHING_WILDLIFE_VIEWING": "NO", "BLUEWAY_TRAILHEAD": "NO", "BMX": "NO", "CANOE_KAYAK_LAUNCH": "NO", "CRICKET_PITCH": "NO", "CROQUET_COURT": "NO", "DISC_GOLF": "YES", "DOG_PARK": "NO", "EQUESTRIAN": "NO", "FISHING_ACCESS": "YES", "FITNESS_CENTERS": "NO", "GARDEN_ARBORETUM": "NO", "GOLF_COURSE_9_HOLE": "NO", "GOLF_COURSE_18_HOLE": "NO", "GREENWAY_TRAILHEAD": "NO", "MOUNTAIN_BIKING": "NO", "NATURE_TRAILS": "NO", "OUTDOOR_FITNESS_STATION": "NO", "PAVILION": "YES", "PLAYGROUND": "NO", "PRIMITIVE_TRAILS": "NO", "RECREATION_CENTER": "YES", "RUGBY_FIELD": "NO", "RV_PARK": "NO", "SAND_VOLLEYBALL": "NO", "SHUFFLEBOARD": "NO", "SKATE_PARK": "NO", "SOCCER_FIELD": "YES", "SPLASH_PAD": "NO", "STADIUM": "NO", "SWIMMING_POOL": "NO", "TENNIS_CENTER": "NO", "TENNIS_COURTS": "NO", "VELODROME": "NO", "WALKING_LOOP_OUTDOOR": "YES", "WALKING_TRACK_INDOOR": "NO" }, "geometry": { "type": "Polygon", "coordinates": [ [ [ -91.037777794545647, 30.449771281747285 ], [ -91.034983282174792, 30.449408013412405 ], [ -91.034926704120338, 30.449741193815829 ], [ -91.034882642301667, 30.450256767039246 ], [ -91.034591761751614, 30.451990623386212 ], [ -91.034987901784504, 30.45204642447548 ], [ -91.035428264456129, 30.452097844260184 ], [ -91.035614911072116, 30.452119692541057 ], [ -91.035606036210751, 30.452168834127875 ], [ -91.035886789601719, 30.452206584610806 ], [ -91.036029545598467, 30.452225795138073 ], [ -91.036146920889763, 30.452242226006494 ], [ -91.036232257052632, 30.45225407260013 ], [ -91.036484870623383, 30.450889308820262 ], [ -91.037925228845396, 30.451081944480809 ], [ -91.037948641249244, 30.450946223747863 ], [ -91.038018077401517, 30.450541508852901 ], [ -91.0378871526881, 30.450546386277384 ], [ -91.037910024944125, 30.450058916033221 ], [ -91.037864803495964, 30.450058292710938 ], [ -91.037821968344545, 30.450055612548702 ], [ -91.037732408773195, 30.450049340507267 ], [ -91.037754412694269, 30.449913191740013 ], [ -91.037777794545647, 30.449771281747285 ] ] ] } },
{ "type": "Feature", "properties": { "ID": 174, "BG_ID": 148, "PARKID": "GRWSP", "FACILITY_NAME": "Greenwell Springs Park", "CLASSIFICATION": "Neighborhood", "FULL_ADDRESS": "7550 SHADY PARK DR", "CITY": "GREENWELL SPRINGS", "STATE": "LOUISIANA", "ZIP": 70739, "ACREAGE": 13.0, "AIRGUN_RANGE": "NO", "AIRNASIUM": "NO", "ARCHERY_RANGE": "NO", "BALL_MULTI_PURPOSE_FIELD": "NO", "BASKETBALL_INDOOR": "NO", "BASKETBALL_OUTDOOR": "NO", "BIKE_REPAIR_STATION": "NO", "BIRD_WATCHING_WILDLIFE_VIEWING": "NO", "BLUEWAY_TRAILHEAD": "NO", "BMX": "NO", "CANOE_KAYAK_LAUNCH": "NO", "CRICKET_PITCH": "NO", "CROQUET_COURT": "NO", "DISC_GOLF": "NO", "DOG_PARK": "NO", "EQUESTRIAN": "YES", "FISHING_ACCESS": "NO", "FITNESS_CENTERS": "NO", "GARDEN_ARBORETUM": "NO", "GOLF_COURSE_9_HOLE": "NO", "GOLF_COURSE_18_HOLE": "NO", "GREENWAY_TRAILHEAD": "NO", "MOUNTAIN_BIKING": "NO", "NATURE_TRAILS": "NO", "OUTDOOR_FITNESS_STATION": "NO", "PAVILION": "YES", "PLAYGROUND": "YES", "PRIMITIVE_TRAILS": "NO", "RECREATION_CENTER": "NO", "RUGBY_FIELD": "NO", "RV_PARK": "NO", "SAND_VOLLEYBALL": "NO", "SHUFFLEBOARD": "NO", "SKATE_PARK": "NO", "SOCCER_FIELD": "NO", "SPLASH_PAD": "NO", "STADIUM": "NO", "SWIMMING_POOL": "NO", "TENNIS_CENTER": "NO", "TENNIS_COURTS": "YES", "VELODROME": "NO", "WALKING_LOOP_OUTDOOR": "NO", "WALKING_TRACK_INDOOR": "NO" }, "geometry": { "type": "MultiPolygon", "coordinates": [ [ [ [ -91.006916994148582, 30.521946666468789 ], [ -91.007174929361895, 30.521984951681173 ], [ -91.007490259819718, 30.522031751539224 ], [ -91.007805588488239, 30.522078551542311 ], [ -91.008120916406369, 30.52212535259499 ], [ -91.008427550629875, 30.522170859647524 ], [ -91.008742704176527, 30.522217631726239 ], [ -91.009051240649924, 30.522263421635309 ], [ -91.00981294913943, 30.522376461141551 ], [ -91.009824065309573, 30.522108209764699 ], [ -91.009829692971991, 30.522046839123224 ], [ -91.009840787032019, 30.521991119726575 ], [ -91.009845832075285, 30.521969098297266 ], [ -91.009855863987738, 30.521939379133777 ], [ -91.009865513605675, 30.521911544344015 ], [ -91.009885923414842, 30.52186422335107 ], [ -91.009927607511116, 30.521801629210671 ], [ -91.009958158293273, 30.521761102054988 ], [ -91.010005486009192, 30.521709219227464 ], [ -91.010036924701481, 30.521679491901466 ], [ -91.010157126931389, 30.521581315483012 ], [ -91.010234419377909, 30.521524444263573 ], [ -91.01031579208653, 30.521470425353026 ], [ -91.010384916786933, 30.5214288430025 ], [ -91.01039717124435, 30.521421119680806 ], [ -91.010543959257788, 30.521327365629418 ], [ -91.010636521752616, 30.521266090560285 ], [ -91.01068571605515, 30.5212318229887 ], [ -91.010825383680512, 30.521131091855509 ], [ -91.01090612296602, 30.521070759306024 ], [ -91.010946162892765, 30.521039922428383 ], [ -91.010813464057719, 30.521023344886444 ], [ -91.009801645894655, 30.520896933954823 ], [ -91.008174616324553, 30.520693645247615 ], [ -91.007167784341007, 30.52056783619512 ], [ -91.006715146850127, 30.520511309009226 ], [ -91.006916994148582, 30.521946666468789 ] ] ], [ [ [ -91.011170282156101, 30.521067921489983 ], [ -91.011077530672424, 30.521160590936205 ], [ -91.010948639857631, 30.521256904124733 ], [ -91.010806500112437, 30.521359414540612 ], [ -91.010754186415426, 30.521395860249189 ], [ -91.010658519496033, 30.521459186335115 ], [ -91.010509787243379, 30.521554184221433 ], [ -91.010495372565487, 30.521563267103772 ], [ -91.010428237664854, 30.521603652818428 ], [ -91.010354216111111, 30.521652791538877 ], [ -91.01028434027883, 30.521704206315231 ], [ -91.010172805105427, 30.521795302074739 ], [ -91.010150768751345, 30.521816141824235 ], [ -91.010110409508343, 30.521860385019234 ], [ -91.010058952305144, 30.521934717329039 ], [ -91.010046265514418, 30.521964131440839 ], [ -91.01003861654695, 30.521986193424645 ], [ -91.010031146572857, 30.522008322597674 ], [ -91.01002821024997, 30.522021142742759 ], [ -91.010019004991236, 30.522067381589512 ], [ -91.010014391983148, 30.522117662064407 ], [ -91.010002502760912, 30.522404588752298 ], [ -91.010789467656892, 30.522521368342854 ], [ -91.011556630798978, 30.521116186194494 ], [ -91.011170282156101, 30.521067921489983 ] ] ] ] } },
{ "type": "Feature", "properties": { "ID": 175, "BG_ID": 73, "PARKID": "HNTPT", "FACILITY_NAME": "Hunters Point Drive Park", "CLASSIFICATION": "Neighborhood", "FULL_ADDRESS": "4366 HUNTERS POINT DR", "CITY": "ZACHARY", "STATE": "LOUISIANA", "ZIP": 70791, "ACREAGE": 0.2, "AIRGUN_RANGE": "NO", "AIRNASIUM": "NO", "ARCHERY_RANGE": "NO", "BALL_MULTI_PURPOSE_FIELD": "NO", "BASKETBALL_INDOOR": "NO", "BASKETBALL_OUTDOOR": "NO", "BIKE_REPAIR_STATION": "NO", "BIRD_WATCHING_WILDLIFE_VIEWING": "NO", "BLUEWAY_TRAILHEAD": "NO", "BMX": "NO", "CANOE_KAYAK_LAUNCH": "NO", "CRICKET_PITCH": "NO", "CROQUET_COURT": "NO", "DISC_GOLF": "NO", "DOG_PARK": "NO", "EQUESTRIAN": "NO", "FISHING_ACCESS": "NO", "FITNESS_CENTERS": "NO", "GARDEN_ARBORETUM": "NO", "GOLF_COURSE_9_HOLE": "NO", "GOLF_COURSE_18_HOLE": "NO", "GREENWAY_TRAILHEAD": "NO", "MOUNTAIN_BIKING": "NO", "NATURE_TRAILS": "NO", "OUTDOOR_FITNESS_STATION": "NO", "PAVILION": "NO", "PLAYGROUND": "YES", "PRIMITIVE_TRAILS": "NO", "RECREATION_CENTER": "NO", "RUGBY_FIELD": "NO", "RV_PARK": "NO", "SAND_VOLLEYBALL": "NO", "SHUFFLEBOARD": "NO", "SKATE_PARK": "NO", "SOCCER_FIELD": "NO", "SPLASH_PAD": "NO", "STADIUM": "NO", "SWIMMING_POOL": "NO", "TENNIS_CENTER": "NO", "TENNIS_COURTS": "NO", "VELODROME": "NO", "WALKING_LOOP_OUTDOOR": "NO", "WALKING_TRACK_INDOOR": "NO" }, "geometry": { "type": "Polygon", "coordinates": [ [ [ -91.160578637700908, 30.638677325891262 ], [ -91.160841824276815, 30.638717687941718 ], [ -91.160838704476646, 30.638734870151755 ], [ -91.161098633282379, 30.638771739322195 ], [ -91.161200637099711, 30.638541202564447 ], [ -91.160353318086123, 30.638417963324869 ], [ -91.160313516767346, 30.638636666731756 ], [ -91.160225090170627, 30.639122561976318 ], [ -91.160269475929411, 30.639128832190689 ], [ -91.16036475111791, 30.638644524399879 ], [ -91.160578637700908, 30.638677325891262 ] ] ] } },
{ "type": "Feature", "properties": { "ID": 176, "BG_ID": 127, "PARKID": "QRTHS", "FACILITY_NAME": "Quarterhorse Nature Reserve", "CLASSIFICATION": "Conservation", "FULL_ADDRESS": "23400-23500 QUARTER HORSE DR", "CITY": "ZACHARY", "STATE": "LOUISIANA", "ZIP": 70791, "ACREAGE": 21.934, "AIRGUN_RANGE": "NO", "AIRNASIUM": "NO", "ARCHERY_RANGE": "NO", "BALL_MULTI_PURPOSE_FIELD": "NO", "BASKETBALL_INDOOR": "NO", "BASKETBALL_OUTDOOR": "NO", "BIKE_REPAIR_STATION": "NO", "BIRD_WATCHING_WILDLIFE_VIEWING": "NO", "BLUEWAY_TRAILHEAD": "NO", "BMX": "NO", "CANOE_KAYAK_LAUNCH": "NO", "CRICKET_PITCH": "NO", "CROQUET_COURT": "NO", "DISC_GOLF": "NO", "DOG_PARK": "NO", "EQUESTRIAN": "NO", "FISHING_ACCESS": "NO", "FITNESS_CENTERS": "NO", "GARDEN_ARBORETUM": "NO", "GOLF_COURSE_9_HOLE": "NO", "GOLF_COURSE_18_HOLE": "NO", "GREENWAY_TRAILHEAD": "NO", "MOUNTAIN_BIKING": "NO", "NATURE_TRAILS": "NO", "OUTDOOR_FITNESS_STATION": "NO", "PAVILION": "NO", "PLAYGROUND": "NO", "PRIMITIVE_TRAILS": "NO", "RECREATION_CENTER": "NO", "RUGBY_FIELD": "NO", "RV_PARK": "NO", "SAND_VOLLEYBALL": "NO", "SHUFFLEBOARD": "NO", "SKATE_PARK": "NO", "SOCCER_FIELD": "NO", "SPLASH_PAD": "NO", "STADIUM": "NO", "SWIMMING_POOL": "NO", "TENNIS_CENTER": "NO", "TENNIS_COURTS": "NO", "VELODROME": "NO", "WALKING_LOOP_OUTDOOR": "NO", "WALKING_TRACK_INDOOR": "NO" }, "geometry": { "type": "Polygon", "coordinates": [ [ [ -91.171080805767531, 30.69195136062266 ], [ -91.170391092576921, 30.69186731007802 ], [ -91.170123443832495, 30.693458398996661 ], [ -91.170265887379429, 30.693475180196444 ], [ -91.170253103278455, 30.693550099580822 ], [ -91.1708038302788, 30.693620781423252 ], [ -91.170778914261817, 30.693756556094247 ], [ -91.170749012441505, 30.693919488567765 ], [ -91.170719113655608, 30.694082420126708 ], [ -91.170697204276408, 30.694201795459826 ], [ -91.1706900986497, 30.694245465504167 ], [ -91.170663523349063, 30.694408825051035 ], [ -91.170639165365756, 30.694558569713944 ], [ -91.171244413078256, 30.694636244888763 ], [ -91.171382933857871, 30.694653720942597 ], [ -91.171966119154121, 30.69472398655736 ], [ -91.172533347119526, 30.694792327922652 ], [ -91.172672912220804, 30.694803945363343 ], [ -91.173271369760073, 30.69487800223909 ], [ -91.173292876908221, 30.694747347342179 ], [ -91.173319766238265, 30.694584031870971 ], [ -91.173337202283733, 30.694478110465806 ], [ -91.173349992125267, 30.694398913504937 ], [ -91.173374181083858, 30.694249150998296 ], [ -91.173398368924083, 30.694099389379836 ], [ -91.173424754911608, 30.693936012807576 ], [ -91.173451140812077, 30.693772636220338 ], [ -91.173477526625476, 30.693609259618153 ], [ -91.17350391339555, 30.693445883002177 ], [ -91.173530295897748, 30.693282509974228 ], [ -91.173538354857016, 30.693232605340263 ], [ -91.173556675191875, 30.693119130613471 ], [ -91.173583054394584, 30.692955753943792 ], [ -91.173609433510208, 30.69279237725906 ], [ -91.173635809407585, 30.692629000555648 ], [ -91.173662188349198, 30.692465623840985 ], [ -91.173688564076869, 30.692302244401567 ], [ -91.173692975131573, 30.692274922507014 ], [ -91.171080805767531, 30.69195136062266 ] ] ] } },
{ "type": "Feature", "properties": { "ID": 177, "BG_ID": 102, "PARKID": "RLYRS", "FACILITY_NAME": "Railey Roshto Park", "CLASSIFICATION": "Neighborhood", "FULL_ADDRESS": "11207 NORWAY PINE DR", "CITY": "GREENWELL SPRINGS", "STATE": "LOUISIANA", "ZIP": 70739, "ACREAGE": 13.445, "AIRGUN_RANGE": "NO", "AIRNASIUM": "NO", "ARCHERY_RANGE": "NO", "BALL_MULTI_PURPOSE_FIELD": "NO", "BASKETBALL_INDOOR": "NO", "BASKETBALL_OUTDOOR": "NO", "BIKE_REPAIR_STATION": "NO", "BIRD_WATCHING_WILDLIFE_VIEWING": "NO", "BLUEWAY_TRAILHEAD": "NO", "BMX": "NO", "CANOE_KAYAK_LAUNCH": "NO", "CRICKET_PITCH": "NO", "CROQUET_COURT": "NO", "DISC_GOLF": "NO", "DOG_PARK": "NO", "EQUESTRIAN": "NO", "FISHING_ACCESS": "NO", "FITNESS_CENTERS": "NO", "GARDEN_ARBORETUM": "NO", "GOLF_COURSE_9_HOLE": "NO", "GOLF_COURSE_18_HOLE": "NO", "GREENWAY_TRAILHEAD": "NO", "MOUNTAIN_BIKING": "NO", "NATURE_TRAILS": "NO", "OUTDOOR_FITNESS_STATION": "NO", "PAVILION": "YES", "PLAYGROUND": "YES", "PRIMITIVE_TRAILS": "NO", "RECREATION_CENTER": "NO", "RUGBY_FIELD": "NO", "RV_PARK": "NO", "SAND_VOLLEYBALL": "NO", "SHUFFLEBOARD": "NO", "SKATE_PARK": "NO", "SOCCER_FIELD": "NO", "SPLASH_PAD": "NO", "STADIUM": "NO", "SWIMMING_POOL": "NO", "TENNIS_CENTER": "NO", "TENNIS_COURTS": "NO", "VELODROME": "NO", "WALKING_LOOP_OUTDOOR": "NO", "WALKING_TRACK_INDOOR": "NO" }, "geometry": { "type": "Polygon", "coordinates": [ [ [ -91.007020748702843, 30.553785103998685 ], [ -91.007020017227859, 30.552364036919858 ], [ -91.003446650451068, 30.552376811183692 ], [ -91.003449746056972, 30.553027904580436 ], [ -91.002973228104068, 30.553031346689824 ], [ -91.002385944577398, 30.55303558641134 ], [ -91.002387881961084, 30.553228045161426 ], [ -91.002974152605631, 30.553225960612153 ], [ -91.003450661667614, 30.553220459088237 ], [ -91.00345336662221, 30.553789411312195 ], [ -91.007020748702843, 30.553785103998685 ] ] ] } },
{ "type": "Feature", "properties": { "ID": 178, "BG_ID": 120, "PARKID": null, "FACILITY_NAME": "Erie Street Park", "CLASSIFICATION": "Neighborhood", "FULL_ADDRESS": "3069 PLANK RD", "CITY": "BATON ROUGE", "STATE": "LOUISIANA", "ZIP": 70805, "ACREAGE": null, "AIRGUN_RANGE": null, "AIRNASIUM": null, "ARCHERY_RANGE": null, "BALL_MULTI_PURPOSE_FIELD": null, "BASKETBALL_INDOOR": null, "BASKETBALL_OUTDOOR": null, "BIKE_REPAIR_STATION": null, "BIRD_WATCHING_WILDLIFE_VIEWING": null, "BLUEWAY_TRAILHEAD": null, "BMX": null, "CANOE_KAYAK_LAUNCH": null, "CRICKET_PITCH": null, "CROQUET_COURT": null, "DISC_GOLF": null, "DOG_PARK": null, "EQUESTRIAN": null, "FISHING_ACCESS": null, "FITNESS_CENTERS": null, "GARDEN_ARBORETUM": null, "GOLF_COURSE_9_HOLE": null, "GOLF_COURSE_18_HOLE": null, "GREENWAY_TRAILHEAD": null, "MOUNTAIN_BIKING": null, "NATURE_TRAILS": null, "OUTDOOR_FITNESS_STATION": null, "PAVILION": null, "PLAYGROUND": null, "PRIMITIVE_TRAILS": null, "RECREATION_CENTER": null, "RUGBY_FIELD": null, "RV_PARK": null, "SAND_VOLLEYBALL": null, "SHUFFLEBOARD": null, "SKATE_PARK": null, "SOCCER_FIELD": null, "SPLASH_PAD": null, "STADIUM": null, "SWIMMING_POOL": null, "TENNIS_CENTER": null, "TENNIS_COURTS": null, "VELODROME": null, "WALKING_LOOP_OUTDOOR": null, "WALKING_TRACK_INDOOR": null }, "geometry": { "type": "Polygon", "coordinates": [ [ [ -91.161817398329148, 30.476240941343335 ], [ -91.161860286892576, 30.476128900093503 ], [ -91.161903175357637, 30.476016859728137 ], [ -91.161544411748139, 30.476030367439609 ], [ -91.161504957854604, 30.476142278643113 ], [ -91.161465502829131, 30.476254190731851 ], [ -91.161817398329148, 30.476240941343335 ] ] ] } }
]
}
