{
"type": "FeatureCollection",
"name": "Church",
"crs": { "type": "name", "properties": { "name": "urn:ogc:def:crs:OGC:1.3:CRS84" } },
"features": [
{ "type": "Feature", "properties": { "ID": 1, "CHURCH_NAME": "ST. AGNES CATHOLIC CHURCH", "FULL_ADDRESS": "749 EAST BLVD", "CITY": "BATON ROUGE", "STATE": "LOUISIANA", "ZIP": 70802, "PHONE_NUMBER": null, "WEBSITE": null }, "geometry": { "type": "Point", "coordinates": [ -91.179848716084237, 30.441382089054045 ] } },
{ "type": "Feature", "properties": { "ID": 2, "CHURCH_NAME": "SHILOH BAPTIST CHURCH", "FULL_ADDRESS": "185 EDDIE ROBINSON SR DR", "CITY": "BATON ROUGE", "STATE": "LOUISIANA", "ZIP": 70802, "PHONE_NUMBER": "225-388-9998", "WEBSITE": null }, "geometry": { "type": "Point", "coordinates": [ -91.175742943752496, 30.446418681938567 ] } },
{ "type": "Feature", "properties": { "ID": 3, "CHURCH_NAME": "SHILOH BAPTIST CHURCH BARGAIN CENTER", "FULL_ADDRESS": "945 EDDIE ROBINSON SR DR", "CITY": "BATON ROUGE", "STATE": "LOUISIANA", "ZIP": 70802, "PHONE_NUMBER": null, "WEBSITE": null }, "geometry": { "type": "Point", "coordinates": [ -91.175431920482367, 30.439120853926624 ] } },
{ "type": "Feature", "properties": { "ID": 4, "CHURCH_NAME": "NEW SALEM BAPTIST CHURCH", "FULL_ADDRESS": "318 EDDIE ROBINSON SR DR", "CITY": "BATON ROUGE", "STATE": "LOUISIANA", "ZIP": 70802, "PHONE_NUMBER": null, "WEBSITE": null }, "geometry": { "type": "Point", "coordinates": [ -91.176087305699184, 30.444774725078258 ] } },
{ "type": "Feature", "properties": { "ID": 5, "CHURCH_NAME": "FIRST EMMANUEL MISSIONARY BAPTIST CHURCH", "FULL_ADDRESS": "575 EDUCATION ST", "CITY": "BATON ROUGE", "STATE": "LOUISIANA", "ZIP": 70802, "PHONE_NUMBER": null, "WEBSITE": null }, "geometry": { "type": "Point", "coordinates": [ -91.180140735290962, 30.433058067377818 ] } },
{ "type": "Feature", "properties": { "ID": 6, "CHURCH_NAME": "BEECH GROVE BAPTIST CHURCH", "FULL_ADDRESS": "9455 ELM GROVE GARDEN DR", "CITY": "BATON ROUGE", "STATE": "LOUISIANA", "ZIP": 70807, "PHONE_NUMBER": null, "WEBSITE": null }, "geometry": { "type": "Point", "coordinates": [ -91.170228081026352, 30.531256738484309 ] } },
{ "type": "Feature", "properties": { "ID": 7, "CHURCH_NAME": "GREATER KING DAVID BAPTIST CHURCH ANNEX BUILDING", "FULL_ADDRESS": "131 ELMER AVE", "CITY": "BATON ROUGE", "STATE": "LOUISIANA", "ZIP": 70807, "PHONE_NUMBER": null, "WEBSITE": null }, "geometry": { "type": "Point", "coordinates": [ -91.200748353725075, 30.53822470882319 ] } },
{ "type": "Feature", "properties": { "ID": 8, "CHURCH_NAME": "TRUE WORSHIPERS CHRISTIAN CENTER", "FULL_ADDRESS": "633 N CARROLLTON AVE", "CITY": "BATON ROUGE", "STATE": "LOUISIANA", "ZIP": 70806, "PHONE_NUMBER": null, "WEBSITE": null }, "geometry": { "type": "Point", "coordinates": [ -91.123797099946501, 30.455030213819001 ] } },
{ "type": "Feature", "properties": { "ID": 9, "CHURCH_NAME": "RLFM GLORY HOUSE", "FULL_ADDRESS": "722 N CARROLLTON AVE", "CITY": "BATON ROUGE", "STATE": "LOUISIANA", "ZIP": 70806, "PHONE_NUMBER": "225-925-8081", "WEBSITE": null }, "geometry": { "type": "Point", "coordinates": [ -91.123299632948701, 30.45625668978326 ] } },
{ "type": "Feature", "properties": { "ID": 10, "CHURCH_NAME": "FAIRVIEW BAPTIST CHURCH", "FULL_ADDRESS": "1636 BRADDOCK ST", "CITY": "BATON ROUGE", "STATE": "LOUISIANA", "ZIP": 70802, "PHONE_NUMBER": null, "WEBSITE": null }, "geometry": { "type": "Point", "coordinates": [ -91.176473659826982, 30.43291092706226 ] } },
{ "type": "Feature", "properties": { "ID": 11, "CHURCH_NAME": "CHRISTIAN FAITH CHURCH OF BATON ROUGE", "FULL_ADDRESS": "2924 BRAKLEY DR, STE B6", "CITY": "BATON ROUGE", "STATE": "LOUISIANA", "ZIP": 70816, "PHONE_NUMBER": null, "WEBSITE": null }, "geometry": { "type": "Point", "coordinates": [ -91.050879984798883, 30.425536104594382 ] } },
{ "type": "Feature", "properties": { "ID": 12, "CHURCH_NAME": "MOODY ADAMS EVANGELISTIC ASSN", "FULL_ADDRESS": "11715 BRICKSOME AVE", "CITY": "BATON ROUGE", "STATE": "LOUISIANA", "ZIP": 70816, "PHONE_NUMBER": null, "WEBSITE": null }, "geometry": { "type": "Point", "coordinates": [ -91.051815853650965, 30.426685900940374 ] } },
{ "type": "Feature", "properties": { "ID": 13, "CHURCH_NAME": "MOODY ADAMS EVANGELISTIC ASSN", "FULL_ADDRESS": "11715 BRICKSOME AVE, STE B3", "CITY": "BATON ROUGE", "STATE": "LOUISIANA", "ZIP": 70816, "PHONE_NUMBER": null, "WEBSITE": null }, "geometry": { "type": "Point", "coordinates": [ -91.051802076848617, 30.426820587386313 ] } },
{ "type": "Feature", "properties": { "ID": 14, "CHURCH_NAME": "CLOSER WALK MINISTRIES", "FULL_ADDRESS": "11853 BRICKSOME AVE, STE A", "CITY": "BATON ROUGE", "STATE": "LOUISIANA", "ZIP": 70816, "PHONE_NUMBER": null, "WEBSITE": null }, "geometry": { "type": "Point", "coordinates": [ -91.04970017967166, 30.426485191175594 ] } },
{ "type": "Feature", "properties": { "ID": 15, "CHURCH_NAME": "FIRST BAPTIST DEAF CHURCH", "FULL_ADDRESS": "2538 BRIGHTSIDE DR", "CITY": "BATON ROUGE", "STATE": "LOUISIANA", "ZIP": 70820, "PHONE_NUMBER": null, "WEBSITE": null }, "geometry": { "type": "Point", "coordinates": [ -91.187139885517354, 30.38916365505613 ] } },
{ "type": "Feature", "properties": { "ID": 16, "CHURCH_NAME": "CATHOLIC DEAF CENTER", "FULL_ADDRESS": "2585 BRIGHTSIDE DR", "CITY": "BATON ROUGE", "STATE": "LOUISIANA", "ZIP": 70820, "PHONE_NUMBER": null, "WEBSITE": null }, "geometry": { "type": "Point", "coordinates": [ -91.187654333965511, 30.388596635529996 ] } },
{ "type": "Feature", "properties": { "ID": 17, "CHURCH_NAME": "THE LIFE CHURCH OF BATON ROUGE", "FULL_ADDRESS": "12773 BROGDON LN", "CITY": "BATON ROUGE", "STATE": "LOUISIANA", "ZIP": 70816, "PHONE_NUMBER": null, "WEBSITE": null }, "geometry": { "type": "Point", "coordinates": [ -91.03845590552514, 30.404511295297954 ] } },
{ "type": "Feature", "properties": { "ID": 18, "CHURCH_NAME": "ST. PATRICK CATHOLIC CHURCH", "FULL_ADDRESS": "12424 BROGDON LN", "CITY": "BATON ROUGE", "STATE": "LOUISIANA", "ZIP": 70816, "PHONE_NUMBER": null, "WEBSITE": null }, "geometry": { "type": "Point", "coordinates": [ -91.042091049996927, 30.403918414266254 ] } },
{ "type": "Feature", "properties": { "ID": 19, "CHURCH_NAME": "JESUS CHRIST IS LORD MINISTRIES", "FULL_ADDRESS": "4055 E BROOKSTOWN DR", "CITY": "BATON ROUGE", "STATE": "LOUISIANA", "ZIP": 70805, "PHONE_NUMBER": null, "WEBSITE": null }, "geometry": { "type": "Point", "coordinates": [ -91.128479991072567, 30.487725789218334 ] } },
{ "type": "Feature", "properties": { "ID": 20, "CHURCH_NAME": "OASIS CHRISTIAN CHURCH", "FULL_ADDRESS": "4524 E BROOKSTOWN DR", "CITY": "BATON ROUGE", "STATE": "LOUISIANA", "ZIP": 70805, "PHONE_NUMBER": null, "WEBSITE": null }, "geometry": { "type": "Point", "coordinates": [ -91.127285236305468, 30.491585936602917 ] } },
{ "type": "Feature", "properties": { "ID": 21, "CHURCH_NAME": "BELIEVERS FAITH FELLOWSHIP CHURCH", "FULL_ADDRESS": "3965 E BROOKSTOWN DR", "CITY": "BATON ROUGE", "STATE": "LOUISIANA", "ZIP": 70805, "PHONE_NUMBER": null, "WEBSITE": null }, "geometry": { "type": "Point", "coordinates": [ -91.128310331440076, 30.486870893471526 ] } },
{ "type": "Feature", "properties": { "ID": 22, "CHURCH_NAME": "BETHLEHEM BAPTIST CHURCH", "FULL_ADDRESS": "4156 W BROOKSTOWN DR", "CITY": "BATON ROUGE", "STATE": "LOUISIANA", "ZIP": 70805, "PHONE_NUMBER": null, "WEBSITE": null }, "geometry": { "type": "Point", "coordinates": [ -91.132608058906001, 30.48828370608916 ] } },
{ "type": "Feature", "properties": { "ID": 23, "CHURCH_NAME": "TAM BAO TEMPLE", "FULL_ADDRESS": "4040 W BROOKSTOWN DR", "CITY": "BATON ROUGE", "STATE": "LOUISIANA", "ZIP": 70805, "PHONE_NUMBER": null, "WEBSITE": null }, "geometry": { "type": "Point", "coordinates": [ -91.132571902070111, 30.486907946351788 ] } },
{ "type": "Feature", "properties": { "ID": 24, "CHURCH_NAME": "SALVATION ARMY WORSHIP & COMMUNITY CENTER", "FULL_ADDRESS": "4025 W BROOKSTOWN DR", "CITY": "BATON ROUGE", "STATE": "LOUISIANA", "ZIP": 70805, "PHONE_NUMBER": null, "WEBSITE": null }, "geometry": { "type": "Point", "coordinates": [ -91.133090716761899, 30.486730766933835 ] } },
{ "type": "Feature", "properties": { "ID": 25, "CHURCH_NAME": "MOUNT GILLION BAPTIST CHURCH", "FULL_ADDRESS": "346 E BUCHANAN ST", "CITY": "BATON ROUGE", "STATE": "LOUISIANA", "ZIP": 70802, "PHONE_NUMBER": null, "WEBSITE": null }, "geometry": { "type": "Point", "coordinates": [ -91.178267530723446, 30.424733424390855 ] } },
{ "type": "Feature", "properties": { "ID": 26, "CHURCH_NAME": "MAGNOLIA BAPTIST CHURCH", "FULL_ADDRESS": "960 E BUCHANAN ST", "CITY": "BATON ROUGE", "STATE": "LOUISIANA", "ZIP": 70802, "PHONE_NUMBER": null, "WEBSITE": null }, "geometry": { "type": "Point", "coordinates": [ -91.173792741848601, 30.424909097009138 ] } },
{ "type": "Feature", "properties": { "ID": 27, "CHURCH_NAME": "SWEETHOME BAPTIST CHURCH", "FULL_ADDRESS": "343 W BUCHANAN ST", "CITY": "BATON ROUGE", "STATE": "LOUISIANA", "ZIP": 70802, "PHONE_NUMBER": null, "WEBSITE": null }, "geometry": { "type": "Point", "coordinates": [ -91.181141309597862, 30.424887711067221 ] } },
{ "type": "Feature", "properties": { "ID": 28, "CHURCH_NAME": "CHURCH OF EPHESUS", "FULL_ADDRESS": "9531 BURBANK DR", "CITY": "BATON ROUGE", "STATE": "LOUISIANA", "ZIP": 70810, "PHONE_NUMBER": null, "WEBSITE": null }, "geometry": { "type": "Point", "coordinates": [ -91.120888180173438, 30.359355988008943 ] } },
{ "type": "Feature", "properties": { "ID": 29, "CHURCH_NAME": "KOREAN BAPTIST MISSIONARY CHURCH", "FULL_ADDRESS": "264 BURGIN AVE", "CITY": "BATON ROUGE", "STATE": "LOUISIANA", "ZIP": 70808, "PHONE_NUMBER": null, "WEBSITE": null }, "geometry": { "type": "Point", "coordinates": [ -91.157715263006594, 30.394066912066428 ] } },
{ "type": "Feature", "properties": { "ID": 30, "CHURCH_NAME": "CHRIST COMMUNITY MINISTIRES", "FULL_ADDRESS": "2651 CABLE ST", "CITY": "BATON ROUGE", "STATE": "LOUISIANA", "ZIP": 70805, "PHONE_NUMBER": null, "WEBSITE": null }, "geometry": { "type": "Point", "coordinates": [ -91.163782588953964, 30.490413153368035 ] } },
{ "type": "Feature", "properties": { "ID": 31, "CHURCH_NAME": "TRUE GOSPEL FELLOWSHIP FAITH CHURCH", "FULL_ADDRESS": "4449 CANNON ST", "CITY": "BATON ROUGE", "STATE": "LOUISIANA", "ZIP": 70805, "PHONE_NUMBER": null, "WEBSITE": null }, "geometry": { "type": "Point", "coordinates": [ -91.146628087773905, 30.506085705885926 ] } },
{ "type": "Feature", "properties": { "ID": 32, "CHURCH_NAME": "INGLESIDE UNITED METHODIST CHURCH", "FULL_ADDRESS": "4264 CAPITAL HEIGHTS AVE", "CITY": "BATON ROUGE", "STATE": "LOUISIANA", "ZIP": 70806, "PHONE_NUMBER": null, "WEBSITE": null }, "geometry": { "type": "Point", "coordinates": [ -91.145822545096891, 30.442194909541829 ] } },
{ "type": "Feature", "properties": { "ID": 33, "CHURCH_NAME": "FAITH BIBLE CHURCH", "FULL_ADDRESS": "1292 CARDINAL ST", "CITY": "BATON ROUGE", "STATE": "LOUISIANA", "ZIP": 70807, "PHONE_NUMBER": null, "WEBSITE": null }, "geometry": { "type": "Point", "coordinates": [ -91.180335912587552, 30.527380479508196 ] } },
{ "type": "Feature", "properties": { "ID": 34, "CHURCH_NAME": "THE PENTECOSTALS OF BATON ROUGE", "FULL_ADDRESS": "13460 COURSEY BLVD", "CITY": "BATON ROUGE", "STATE": "LOUISIANA", "ZIP": 70817, "PHONE_NUMBER": null, "WEBSITE": null }, "geometry": { "type": "Point", "coordinates": [ -91.028993520361226, 30.408053632980916 ] } },
{ "type": "Feature", "properties": { "ID": 35, "CHURCH_NAME": "LOUISIANA CHURCH OF GOD", "FULL_ADDRESS": "12005 COURSEY BLVD", "CITY": "BATON ROUGE", "STATE": "LOUISIANA", "ZIP": 70816, "PHONE_NUMBER": null, "WEBSITE": null }, "geometry": { "type": "Point", "coordinates": [ -91.046820506727641, 30.411739814928499 ] } },
{ "type": "Feature", "properties": { "ID": 36, "CHURCH_NAME": "NEW BEACHGROVE BAPTIST CHURCH", "FULL_ADDRESS": "4420 CROWN AVE", "CITY": "BATON ROUGE", "STATE": "LOUISIANA", "ZIP": 70811, "PHONE_NUMBER": null, "WEBSITE": null }, "geometry": { "type": "Point", "coordinates": [ -91.147214762182173, 30.513828601628258 ] } },
{ "type": "Feature", "properties": { "ID": 37, "CHURCH_NAME": "TRUE LOVE BAPTIST CHURCH", "FULL_ADDRESS": "2143 CURTIS ST", "CITY": "BATON ROUGE", "STATE": "LOUISIANA", "ZIP": 70807, "PHONE_NUMBER": null, "WEBSITE": null }, "geometry": { "type": "Point", "coordinates": [ -91.17039494550734, 30.521847875465536 ] } },
{ "type": "Feature", "properties": { "ID": 38, "CHURCH_NAME": "TRUE LOVE BAPTIST CHURCH", "FULL_ADDRESS": "2749 CURTIS ST", "CITY": "BATON ROUGE", "STATE": "LOUISIANA", "ZIP": 70807, "PHONE_NUMBER": null, "WEBSITE": null }, "geometry": { "type": "Point", "coordinates": [ -91.163939919839777, 30.522250872415832 ] } },
{ "type": "Feature", "properties": { "ID": 39, "CHURCH_NAME": "IMMACULATE CONCEPTION OF THE BLESSED VIRGIN MARY CATHOLIC CHURCH", "FULL_ADDRESS": "1565 CURTIS ST", "CITY": "BATON ROUGE", "STATE": "LOUISIANA", "ZIP": 70807, "PHONE_NUMBER": "225-774-3661", "WEBSITE": "http://immaculateconceptionbr.org/" }, "geometry": { "type": "Point", "coordinates": [ -91.177288582512091, 30.521618303064646 ] } },
{ "type": "Feature", "properties": { "ID": 40, "CHURCH_NAME": "NEW LIGHT BAPTIST CHURCH", "FULL_ADDRESS": "17954 S SPUR LN", "CITY": "BAKER", "STATE": "LOUISIANA", "ZIP": 70714, "PHONE_NUMBER": null, "WEBSITE": null }, "geometry": { "type": "Point", "coordinates": [ -91.162562964716358, 30.623924353827977 ] } },
{ "type": "Feature", "properties": { "ID": 41, "CHURCH_NAME": "POTTERS HOUSE, THE", "FULL_ADDRESS": "1986 DALLAS DR", "CITY": "BATON ROUGE", "STATE": "LOUISIANA", "ZIP": 70806, "PHONE_NUMBER": null, "WEBSITE": null }, "geometry": { "type": "Point", "coordinates": [ -91.111761709441708, 30.468415937525389 ] } },
{ "type": "Feature", "properties": { "ID": 42, "CHURCH_NAME": "IN HIS PRESENCE FAITH MINISTRY", "FULL_ADDRESS": "1717 DALLAS DR", "CITY": "BATON ROUGE", "STATE": "LOUISIANA", "ZIP": 70806, "PHONE_NUMBER": null, "WEBSITE": null }, "geometry": { "type": "Point", "coordinates": [ -91.110034570070511, 30.465027504488706 ] } },
{ "type": "Feature", "properties": { "ID": 43, "CHURCH_NAME": "ONE TOUCH MINISTRY", "FULL_ADDRESS": "1717 DALLAS DR", "CITY": "BATON ROUGE", "STATE": "LOUISIANA", "ZIP": 70806, "PHONE_NUMBER": null, "WEBSITE": null }, "geometry": { "type": "Point", "coordinates": [ -91.110034570070511, 30.465027504488706 ] } },
{ "type": "Feature", "properties": { "ID": 44, "CHURCH_NAME": "EMMANUEL INTERNATIONAL MINISTRY", "FULL_ADDRESS": "1921 DALLAS DR", "CITY": "BATON ROUGE", "STATE": "LOUISIANA", "ZIP": 70806, "PHONE_NUMBER": null, "WEBSITE": null }, "geometry": { "type": "Point", "coordinates": [ -91.111409434863049, 30.467149227480011 ] } },
{ "type": "Feature", "properties": { "ID": 45, "CHURCH_NAME": "KEEP  LOVE ALIVE CHRISTIAN CENTER", "FULL_ADDRESS": "1804 DALLAS DR", "CITY": "BATON ROUGE", "STATE": "LOUISIANA", "ZIP": 70806, "PHONE_NUMBER": null, "WEBSITE": null }, "geometry": { "type": "Point", "coordinates": [ -91.110101693909442, 30.466117336441709 ] } },
{ "type": "Feature", "properties": { "ID": 46, "CHURCH_NAME": "LAEL FULL GOSPEL CHURCH", "FULL_ADDRESS": "1987 DALLAS DR", "CITY": "BATON ROUGE", "STATE": "LOUISIANA", "ZIP": 70806, "PHONE_NUMBER": null, "WEBSITE": null }, "geometry": { "type": "Point", "coordinates": [ -91.112159906712705, 30.468115401208593 ] } },
{ "type": "Feature", "properties": { "ID": 47, "CHURCH_NAME": "UNIVERSITY UNITED METHODIST CHURCH", "FULL_ADDRESS": "3350 DALRYMPLE DR", "CITY": "BATON ROUGE", "STATE": "LOUISIANA", "ZIP": 70802, "PHONE_NUMBER": null, "WEBSITE": null }, "geometry": { "type": "Point", "coordinates": [ -91.172058107310988, 30.417683138844051 ] } },
{ "type": "Feature", "properties": { "ID": 48, "CHURCH_NAME": "UNIVERSITY PRESBYTERIAN CHURCH", "FULL_ADDRESS": "3240 DALRYMPLE DR", "CITY": "BATON ROUGE", "STATE": "LOUISIANA", "ZIP": 70802, "PHONE_NUMBER": null, "WEBSITE": null }, "geometry": { "type": "Point", "coordinates": [ -91.172021616364859, 30.418660133655131 ] } },
{ "type": "Feature", "properties": { "ID": 49, "CHURCH_NAME": "REDEMPTION LIFE FELLOWSHIP", "FULL_ADDRESS": "2400 DEBRA DR", "CITY": "BAKER", "STATE": "LOUISIANA", "ZIP": 70714, "PHONE_NUMBER": null, "WEBSITE": null }, "geometry": { "type": "Point", "coordinates": [ -91.156881946182096, 30.600635888502328 ] } },
{ "type": "Feature", "properties": { "ID": 50, "CHURCH_NAME": "ABUNDANT LIFE TABERNACLE", "FULL_ADDRESS": "4025 DENHAM ST", "CITY": "BATON ROUGE", "STATE": "LOUISIANA", "ZIP": 70805, "PHONE_NUMBER": null, "WEBSITE": null }, "geometry": { "type": "Point", "coordinates": [ -91.149894067567516, 30.504655977305838 ] } },
{ "type": "Feature", "properties": { "ID": 51, "CHURCH_NAME": "ABIDING HOPE FELLOWSHIP", "FULL_ADDRESS": "7935 DIRECTOR DR", "CITY": "BATON ROUGE", "STATE": "LOUISIANA", "ZIP": 70817, "PHONE_NUMBER": null, "WEBSITE": null }, "geometry": { "type": "Point", "coordinates": [ -91.020953480194109, 30.378877808282617 ] } },
{ "type": "Feature", "properties": { "ID": 52, "CHURCH_NAME": "ASPIRATIONS WHOLISTIC TUTORIAL", "FULL_ADDRESS": "967 N DONMOOR AVE", "CITY": "BATON ROUGE", "STATE": "LOUISIANA", "ZIP": 70806, "PHONE_NUMBER": null, "WEBSITE": null }, "geometry": { "type": "Point", "coordinates": [ -91.119026482310204, 30.458846684737576 ] } },
{ "type": "Feature", "properties": { "ID": 53, "CHURCH_NAME": "THE LIFE CENTER", "FULL_ADDRESS": "753 N DONMOOR AVE", "CITY": "BATON ROUGE", "STATE": "LOUISIANA", "ZIP": 70806, "PHONE_NUMBER": null, "WEBSITE": null }, "geometry": { "type": "Point", "coordinates": [ -91.11872306087686, 30.456384460046596 ] } },
{ "type": "Feature", "properties": { "ID": 54, "CHURCH_NAME": "DOUGLAS AVENUE BAPTIST CHURCH", "FULL_ADDRESS": "5265 DOUGLAS AVE", "CITY": "BATON ROUGE", "STATE": "LOUISIANA", "ZIP": 70805, "PHONE_NUMBER": null, "WEBSITE": null }, "geometry": { "type": "Point", "coordinates": [ -91.16142636264307, 30.497427251135175 ] } },
{ "type": "Feature", "properties": { "ID": 55, "CHURCH_NAME": "CEDARCREST BAPTIST CHURCH", "FULL_ADDRESS": "2020 CEDARCREST AVE, BLDG A", "CITY": "BATON ROUGE", "STATE": "LOUISIANA", "ZIP": 70816, "PHONE_NUMBER": null, "WEBSITE": null }, "geometry": { "type": "Point", "coordinates": [ -91.067118699152715, 30.433798638222566 ] } },
{ "type": "Feature", "properties": { "ID": 56, "CHURCH_NAME": "FREEDOM LAND MISSIONARY", "FULL_ADDRESS": "2635 CHAMBERLAIN AVE", "CITY": "BAKER", "STATE": "LOUISIANA", "ZIP": 70714, "PHONE_NUMBER": null, "WEBSITE": null }, "geometry": { "type": "Point", "coordinates": [ -91.184230793686098, 30.598151558501385 ] } },
{ "type": "Feature", "properties": { "ID": 57, "CHURCH_NAME": "FREEDOM LAND MISSIONARY", "FULL_ADDRESS": "2322 CHAMBERLAIN AVE", "CITY": "BAKER", "STATE": "LOUISIANA", "ZIP": 70714, "PHONE_NUMBER": null, "WEBSITE": null }, "geometry": { "type": "Point", "coordinates": [ -91.18423128254345, 30.595339940157597 ] } },
{ "type": "Feature", "properties": { "ID": 58, "CHURCH_NAME": "SHILOH FELLOWSHIP B.C.", "FULL_ADDRESS": "2005 CHAMBERLAIN AVE", "CITY": "BAKER", "STATE": "LOUISIANA", "ZIP": 70714, "PHONE_NUMBER": null, "WEBSITE": null }, "geometry": { "type": "Point", "coordinates": [ -91.185105550169666, 30.592811673949722 ] } },
{ "type": "Feature", "properties": { "ID": 59, "CHURCH_NAME": "FIRST ALPINE BAPTIST CHURCH", "FULL_ADDRESS": "1855 CHESTNUT ST", "CITY": "BATON ROUGE", "STATE": "LOUISIANA", "ZIP": 70802, "PHONE_NUMBER": null, "WEBSITE": null }, "geometry": { "type": "Point", "coordinates": [ -91.170654375485469, 30.465623672815354 ] } },
{ "type": "Feature", "properties": { "ID": 60, "CHURCH_NAME": "UNITED CAMPUS MINISTRIES", "FULL_ADDRESS": "333 E CHIMES ST", "CITY": "BATON ROUGE", "STATE": "LOUISIANA", "ZIP": 70802, "PHONE_NUMBER": null, "WEBSITE": null }, "geometry": { "type": "Point", "coordinates": [ -91.173561098914291, 30.417184692409084 ] } },
{ "type": "Feature", "properties": { "ID": 61, "CHURCH_NAME": "ISLAMIC CENTER OF BATON ROUGE", "FULL_ADDRESS": "820 W CHIMES ST", "CITY": "BATON ROUGE", "STATE": "LOUISIANA", "ZIP": 70802, "PHONE_NUMBER": null, "WEBSITE": null }, "geometry": { "type": "Point", "coordinates": [ -91.186011049658973, 30.417992299279067 ] } },
{ "type": "Feature", "properties": { "ID": 62, "CHURCH_NAME": "INSTITUTE OF DIVINE METAPHYSICAL RESEARCH", "FULL_ADDRESS": "4109 CHOCTAW DR", "CITY": "BATON ROUGE", "STATE": "LOUISIANA", "ZIP": 70805, "PHONE_NUMBER": null, "WEBSITE": null }, "geometry": { "type": "Point", "coordinates": [ -91.148513734751688, 30.470728493070837 ] } },
{ "type": "Feature", "properties": { "ID": 63, "CHURCH_NAME": "STS. ANTHONY OF PADUA & EMMANUEL LE VAN PHUNG CATHOLIC CHURCH", "FULL_ADDRESS": "2305 CHOCTAW DR", "CITY": "BATON ROUGE", "STATE": "LOUISIANA", "ZIP": 70805, "PHONE_NUMBER": null, "WEBSITE": null }, "geometry": { "type": "Point", "coordinates": [ -91.165774477514063, 30.470126431961408 ] } },
{ "type": "Feature", "properties": { "ID": 64, "CHURCH_NAME": "OPEN DOOR FELLOWSHIP LIFE CENTER", "FULL_ADDRESS": "4439 CHOCTAW DR", "CITY": "BATON ROUGE", "STATE": "LOUISIANA", "ZIP": 70805, "PHONE_NUMBER": null, "WEBSITE": null }, "geometry": { "type": "Point", "coordinates": [ -91.145136447324433, 30.470729576960579 ] } },
{ "type": "Feature", "properties": { "ID": 65, "CHURCH_NAME": "FAITH HOPE & LOVE WORSHIP CENTER", "FULL_ADDRESS": "4055 CHOCTAW DR", "CITY": "BATON ROUGE", "STATE": "LOUISIANA", "ZIP": 70805, "PHONE_NUMBER": null, "WEBSITE": null }, "geometry": { "type": "Point", "coordinates": [ -91.149042937199511, 30.471046934369635 ] } },
{ "type": "Feature", "properties": { "ID": 66, "CHURCH_NAME": "GLORYLAND BAPTIST CHURCH COMMUNITY CENTER", "FULL_ADDRESS": "6387 CHOCTAW DR", "CITY": "BATON ROUGE", "STATE": "LOUISIANA", "ZIP": 70805, "PHONE_NUMBER": "225-356-0577", "WEBSITE": null }, "geometry": { "type": "Point", "coordinates": [ -91.126109184435592, 30.471269101462632 ] } },
{ "type": "Feature", "properties": { "ID": 67, "CHURCH_NAME": "MIRACLES BY FAITH", "FULL_ADDRESS": "5373 CHOCTAW DR", "CITY": "BATON ROUGE", "STATE": "LOUISIANA", "ZIP": 70805, "PHONE_NUMBER": null, "WEBSITE": null }, "geometry": { "type": "Point", "coordinates": [ -91.13655630863245, 30.471527117220056 ] } },
{ "type": "Feature", "properties": { "ID": 68, "CHURCH_NAME": "MARIANITA SUPERMARKET", "FULL_ADDRESS": "9516 S CHOCTAW DR", "CITY": "BATON ROUGE", "STATE": "LOUISIANA", "ZIP": 70815, "PHONE_NUMBER": null, "WEBSITE": null }, "geometry": { "type": "Point", "coordinates": [ -91.080064052909705, 30.471600158966453 ] } },
{ "type": "Feature", "properties": { "ID": 69, "CHURCH_NAME": "IGLESIAS APOSTLES Y PROFETAS", "FULL_ADDRESS": "9526 S CHOCTAW DR", "CITY": "BATON ROUGE", "STATE": "LOUISIANA", "ZIP": 70815, "PHONE_NUMBER": null, "WEBSITE": null }, "geometry": { "type": "Point", "coordinates": [ -91.079728228793329, 30.471633668125897 ] } },
{ "type": "Feature", "properties": { "ID": 70, "CHURCH_NAME": "FIVE FOLD MINISTRIES", "FULL_ADDRESS": "12121 S CHOCTAW DR", "CITY": "BATON ROUGE", "STATE": "LOUISIANA", "ZIP": 70815, "PHONE_NUMBER": null, "WEBSITE": null }, "geometry": { "type": "Point", "coordinates": [ -91.048452245313399, 30.472627566553484 ] } },
{ "type": "Feature", "properties": { "ID": 71, "CHURCH_NAME": "CHURCH OF NO COMPROMISE", "FULL_ADDRESS": "9516 S CHOCTAW DR", "CITY": "BATON ROUGE", "STATE": "LOUISIANA", "ZIP": 70815, "PHONE_NUMBER": null, "WEBSITE": null }, "geometry": { "type": "Point", "coordinates": [ -91.080064052909705, 30.471600158966453 ] } },
{ "type": "Feature", "properties": { "ID": 72, "CHURCH_NAME": "FAITH HEALING AND DELIVERANCE", "FULL_ADDRESS": "13541 S CHOCTAW DR", "CITY": "BATON ROUGE", "STATE": "LOUISIANA", "ZIP": 70815, "PHONE_NUMBER": null, "WEBSITE": null }, "geometry": { "type": "Point", "coordinates": [ -91.035248797817886, 30.472937861249456 ] } },
{ "type": "Feature", "properties": { "ID": 73, "CHURCH_NAME": "HEAVENLY HOPE", "FULL_ADDRESS": "12241 S CHOCTAW DR", "CITY": "BATON ROUGE", "STATE": "LOUISIANA", "ZIP": 70815, "PHONE_NUMBER": null, "WEBSITE": null }, "geometry": { "type": "Point", "coordinates": [ -91.047187435699882, 30.472360368386621 ] } },
{ "type": "Feature", "properties": { "ID": 74, "CHURCH_NAME": "BATON ROUGE GREATER APOSTOLIC CHURCH", "FULL_ADDRESS": "3674 CLAYTON ST", "CITY": "BATON ROUGE", "STATE": "LOUISIANA", "ZIP": 70805, "PHONE_NUMBER": null, "WEBSITE": null }, "geometry": { "type": "Point", "coordinates": [ -91.152648754222412, 30.49067936772671 ] } },
{ "type": "Feature", "properties": { "ID": 75, "CHURCH_NAME": "HARVEST LIFE CENTER CHURCH", "FULL_ADDRESS": "3688 CLAYTON ST", "CITY": "BATON ROUGE", "STATE": "LOUISIANA", "ZIP": 70805, "PHONE_NUMBER": null, "WEBSITE": null }, "geometry": { "type": "Point", "coordinates": [ -91.152518730629524, 30.490780695298653 ] } },
{ "type": "Feature", "properties": { "ID": 76, "CHURCH_NAME": "NEW LIFE COMMUNITY BAPTIST CHURCH", "FULL_ADDRESS": "4100 CLAYTON ST", "CITY": "BATON ROUGE", "STATE": "LOUISIANA", "ZIP": 70805, "PHONE_NUMBER": null, "WEBSITE": null }, "geometry": { "type": "Point", "coordinates": [ -91.148565098856039, 30.490670372509644 ] } },
{ "type": "Feature", "properties": { "ID": 77, "CHURCH_NAME": "HEARD CHAPEL AFRICAN METHODIST EPISCOPAL CHURCH", "FULL_ADDRESS": "2019 COLORADO ST", "CITY": "BATON ROUGE", "STATE": "LOUISIANA", "ZIP": 70802, "PHONE_NUMBER": null, "WEBSITE": null }, "geometry": { "type": "Point", "coordinates": [ -91.178892879721104, 30.428711683192681 ] } },
{ "type": "Feature", "properties": { "ID": 78, "CHURCH_NAME": "ARK OF SAFETY CHURCH", "FULL_ADDRESS": "1002 COLUMBUS DUNN DR", "CITY": "BATON ROUGE", "STATE": "LOUISIANA", "ZIP": 70802, "PHONE_NUMBER": null, "WEBSITE": null }, "geometry": { "type": "Point", "coordinates": [ -91.144017465509691, 30.457388349434709 ] } },
{ "type": "Feature", "properties": { "ID": 79, "CHURCH_NAME": "CHURCH OF SCIENTOLOGY MISSION", "FULL_ADDRESS": "9432 COMMON ST", "CITY": "BATON ROUGE", "STATE": "LOUISIANA", "ZIP": 70809, "PHONE_NUMBER": null, "WEBSITE": null }, "geometry": { "type": "Point", "coordinates": [ -91.083023308662703, 30.429879971116943 ] } },
{ "type": "Feature", "properties": { "ID": 80, "CHURCH_NAME": "THE INTERFAITH FEDERATION OF GREATER BATON ROUGE", "FULL_ADDRESS": "3112 CONVENTION ST", "CITY": "BATON ROUGE", "STATE": "LOUISIANA", "ZIP": 70806, "PHONE_NUMBER": "225-267-5600", "WEBSITE": null }, "geometry": { "type": "Point", "coordinates": [ -91.156491574756373, 30.449062373575213 ] } },
{ "type": "Feature", "properties": { "ID": 81, "CHURCH_NAME": "MOUNT PLEASANT BAPTIST CHURCH", "FULL_ADDRESS": "1743 CONVENTION ST", "CITY": "BATON ROUGE", "STATE": "LOUISIANA", "ZIP": 70802, "PHONE_NUMBER": null, "WEBSITE": null }, "geometry": { "type": "Point", "coordinates": [ -91.170903636397767, 30.448908116047075 ] } },
{ "type": "Feature", "properties": { "ID": 82, "CHURCH_NAME": "FIRST BAPTIST CHURCH", "FULL_ADDRESS": "529 CONVENTION ST", "CITY": "BATON ROUGE", "STATE": "LOUISIANA", "ZIP": 70801, "PHONE_NUMBER": null, "WEBSITE": null }, "geometry": { "type": "Point", "coordinates": [ -91.185237954919344, 30.448628797597706 ] } },
{ "type": "Feature", "properties": { "ID": 83, "CHURCH_NAME": "LOUISIANA CONFERENCE - DISASTER RECOVERY MINISTRY, THE", "FULL_ADDRESS": "141 N 6TH ST", "CITY": "BATON ROUGE", "STATE": "LOUISIANA", "ZIP": 70802, "PHONE_NUMBER": null, "WEBSITE": null }, "geometry": { "type": "Point", "coordinates": [ -91.184874433362623, 30.447948110714464 ] } },
{ "type": "Feature", "properties": { "ID": 84, "CHURCH_NAME": "LITTLE RISING SUN BAPTIST CHURCH", "FULL_ADDRESS": "1275 S 16TH ST", "CITY": "BATON ROUGE", "STATE": "LOUISIANA", "ZIP": 70802, "PHONE_NUMBER": null, "WEBSITE": null }, "geometry": { "type": "Point", "coordinates": [ -91.17153307730284, 30.43694942847948 ] } },
{ "type": "Feature", "properties": { "ID": 85, "CHURCH_NAME": "FIRST LITTLE ROCK BAPTIST CHURCH", "FULL_ADDRESS": "312 S 17TH ST", "CITY": "BATON ROUGE", "STATE": "LOUISIANA", "ZIP": 70802, "PHONE_NUMBER": null, "WEBSITE": null }, "geometry": { "type": "Point", "coordinates": [ -91.171700090472569, 30.445290851636781 ] } },
{ "type": "Feature", "properties": { "ID": 86, "CHURCH_NAME": "NEW BEGINNINGS MINISTRIES OF BATON ROUGE", "FULL_ADDRESS": "1901 N 18TH ST", "CITY": "BATON ROUGE", "STATE": "LOUISIANA", "ZIP": 70802, "PHONE_NUMBER": null, "WEBSITE": null }, "geometry": { "type": "Point", "coordinates": [ -91.171668599017934, 30.465094674117942 ] } },
{ "type": "Feature", "properties": { "ID": 87, "CHURCH_NAME": "NORTH 19TH STREET BAPTIST CHURCH", "FULL_ADDRESS": "800 N 19TH ST", "CITY": "BATON ROUGE", "STATE": "LOUISIANA", "ZIP": 70802, "PHONE_NUMBER": null, "WEBSITE": null }, "geometry": { "type": "Point", "coordinates": [ -91.169455371250422, 30.455303023468769 ] } },
{ "type": "Feature", "properties": { "ID": 88, "CHURCH_NAME": "MOUNT NEBO BAPTIST CHURCH", "FULL_ADDRESS": "917 N 19TH ST", "CITY": "BATON ROUGE", "STATE": "LOUISIANA", "ZIP": 70802, "PHONE_NUMBER": null, "WEBSITE": null }, "geometry": { "type": "Point", "coordinates": [ -91.169823587195282, 30.456482496576264 ] } },
{ "type": "Feature", "properties": { "ID": 89, "CHURCH_NAME": "GREATER NEW BETHEL BAPTIST CHURCH", "FULL_ADDRESS": "110 S 19TH ST", "CITY": "BATON ROUGE", "STATE": "LOUISIANA", "ZIP": 70802, "PHONE_NUMBER": null, "WEBSITE": null }, "geometry": { "type": "Point", "coordinates": [ -91.169610098218214, 30.447358382892581 ] } },
{ "type": "Feature", "properties": { "ID": 90, "CHURCH_NAME": "EL SHADDAI MINISTRIES", "FULL_ADDRESS": "254 S 19TH ST", "CITY": "BATON ROUGE", "STATE": "LOUISIANA", "ZIP": 70802, "PHONE_NUMBER": null, "WEBSITE": null }, "geometry": { "type": "Point", "coordinates": [ -91.169241921523948, 30.4458962150632 ] } },
{ "type": "Feature", "properties": { "ID": 91, "CHURCH_NAME": "LIVING WORD CHURCH", "FULL_ADDRESS": "360 S 21ST ST", "CITY": "BATON ROUGE", "STATE": "LOUISIANA", "ZIP": 70806, "PHONE_NUMBER": null, "WEBSITE": null }, "geometry": { "type": "Point", "coordinates": [ -91.16701329144378, 30.444998673515499 ] } },
{ "type": "Feature", "properties": { "ID": 92, "CHURCH_NAME": "JEHOVAH'S WITNESS MID-CITY CONGREGATION", "FULL_ADDRESS": "401 S 22ND ST", "CITY": "BATON ROUGE", "STATE": "LOUISIANA", "ZIP": 70806, "PHONE_NUMBER": null, "WEBSITE": null }, "geometry": { "type": "Point", "coordinates": [ -91.165320644447931, 30.444613740875472 ] } },
{ "type": "Feature", "properties": { "ID": 93, "CHURCH_NAME": "GREATER ST LUKE BAPTIST CHURCH", "FULL_ADDRESS": "132 N 23RD ST", "CITY": "BATON ROUGE", "STATE": "LOUISIANA", "ZIP": 70806, "PHONE_NUMBER": null, "WEBSITE": null }, "geometry": { "type": "Point", "coordinates": [ -91.164134763408924, 30.448446997174987 ] } },
{ "type": "Feature", "properties": { "ID": 94, "CHURCH_NAME": "N 32ND ST CHURCH OF CHRIST", "FULL_ADDRESS": "1414 N 32ND ST", "CITY": "BATON ROUGE", "STATE": "LOUISIANA", "ZIP": 70802, "PHONE_NUMBER": null, "WEBSITE": null }, "geometry": { "type": "Point", "coordinates": [ -91.156804566757401, 30.461794731661836 ] } },
{ "type": "Feature", "properties": { "ID": 95, "CHURCH_NAME": "WORD OF HIS POWER MINISTRIES", "FULL_ADDRESS": "1608 N 32ND ST", "CITY": "BATON ROUGE", "STATE": "LOUISIANA", "ZIP": 70802, "PHONE_NUMBER": null, "WEBSITE": null }, "geometry": { "type": "Point", "coordinates": [ -91.156721757142719, 30.463134981670066 ] } },
{ "type": "Feature", "properties": { "ID": 96, "CHURCH_NAME": "GREEN'S CHAPEL AME CHURCH", "FULL_ADDRESS": "1232 N 32ND ST", "CITY": "BATON ROUGE", "STATE": "LOUISIANA", "ZIP": 70802, "PHONE_NUMBER": null, "WEBSITE": null }, "geometry": { "type": "Point", "coordinates": [ -91.156601468887317, 30.459907600051693 ] } },
{ "type": "Feature", "properties": { "ID": 97, "CHURCH_NAME": "NEW PILGRIM BAPTIST CHURCH", "FULL_ADDRESS": "736 N 35TH ST", "CITY": "BATON ROUGE", "STATE": "LOUISIANA", "ZIP": 70802, "PHONE_NUMBER": null, "WEBSITE": null }, "geometry": { "type": "Point", "coordinates": [ -91.153577680455456, 30.455352347747848 ] } },
{ "type": "Feature", "properties": { "ID": 98, "CHURCH_NAME": "MOUNT HERMAN BAPTIST CHURCH", "FULL_ADDRESS": "1293 N 36TH ST", "CITY": "BATON ROUGE", "STATE": "LOUISIANA", "ZIP": 70802, "PHONE_NUMBER": null, "WEBSITE": null }, "geometry": { "type": "Point", "coordinates": [ -91.153862291760319, 30.460162484726883 ] } },
{ "type": "Feature", "properties": { "ID": 99, "CHURCH_NAME": "FAITH BAPTIST CHURCH", "FULL_ADDRESS": "721 N 37TH ST", "CITY": "BATON ROUGE", "STATE": "LOUISIANA", "ZIP": 70802, "PHONE_NUMBER": null, "WEBSITE": null }, "geometry": { "type": "Point", "coordinates": [ -91.152785079766801, 30.454898161007023 ] } },
{ "type": "Feature", "properties": { "ID": 100, "CHURCH_NAME": "GREATER ST MICHAEL BAPTIST CHURCH", "FULL_ADDRESS": "1619 N 37TH ST", "CITY": "BATON ROUGE", "STATE": "LOUISIANA", "ZIP": 70802, "PHONE_NUMBER": null, "WEBSITE": null }, "geometry": { "type": "Point", "coordinates": [ -91.153255662612011, 30.462772638266088 ] } },
{ "type": "Feature", "properties": { "ID": 101, "CHURCH_NAME": "HUGHES UNITED METHODIST CHURCH", "FULL_ADDRESS": "802 N 38TH ST", "CITY": "BATON ROUGE", "STATE": "LOUISIANA", "ZIP": 70802, "PHONE_NUMBER": null, "WEBSITE": null }, "geometry": { "type": "Point", "coordinates": [ -91.151693375887064, 30.455979768031558 ] } },
{ "type": "Feature", "properties": { "ID": 102, "CHURCH_NAME": "ELM GROVE BAPTIST CHURCH", "FULL_ADDRESS": "1069 N 38TH ST", "CITY": "BATON ROUGE", "STATE": "LOUISIANA", "ZIP": 70802, "PHONE_NUMBER": "225-343-7865", "WEBSITE": null }, "geometry": { "type": "Point", "coordinates": [ -91.152222473868903, 30.457876639534554 ] } },
{ "type": "Feature", "properties": { "ID": 103, "CHURCH_NAME": "2ND COMMANDMENT FULL GOSPEL CHURCH", "FULL_ADDRESS": "1000 N 39TH ST", "CITY": "BATON ROUGE", "STATE": "LOUISIANA", "ZIP": 70802, "PHONE_NUMBER": null, "WEBSITE": null }, "geometry": { "type": "Point", "coordinates": [ -91.150950445414779, 30.457470699940391 ] } },
{ "type": "Feature", "properties": { "ID": 104, "CHURCH_NAME": "MT. MARIAH BAPTIST CHURCH", "FULL_ADDRESS": "1076 N 39TH ST", "CITY": "BATON ROUGE", "STATE": "LOUISIANA", "ZIP": 70802, "PHONE_NUMBER": null, "WEBSITE": null }, "geometry": { "type": "Point", "coordinates": [ -91.151104779610421, 30.458022591241601 ] } },
{ "type": "Feature", "properties": { "ID": 105, "CHURCH_NAME": "EVERGREEN BAPTIST CHURCH", "FULL_ADDRESS": "956 N 39TH ST", "CITY": "BATON ROUGE", "STATE": "LOUISIANA", "ZIP": 70802, "PHONE_NUMBER": null, "WEBSITE": null }, "geometry": { "type": "Point", "coordinates": [ -91.150950825457855, 30.457040541482996 ] } },
{ "type": "Feature", "properties": { "ID": 106, "CHURCH_NAME": "GREATER COMMUNITY BAPTIST CHURCH", "FULL_ADDRESS": "649 N 40TH ST", "CITY": "BATON ROUGE", "STATE": "LOUISIANA", "ZIP": 70802, "PHONE_NUMBER": null, "WEBSITE": null }, "geometry": { "type": "Point", "coordinates": [ -91.15050368178666, 30.454316396657248 ] } },
{ "type": "Feature", "properties": { "ID": 107, "CHURCH_NAME": "HOLY GHOST TEMPLE", "FULL_ADDRESS": "1428 N 43RD ST", "CITY": "BATON ROUGE", "STATE": "LOUISIANA", "ZIP": 70802, "PHONE_NUMBER": null, "WEBSITE": null }, "geometry": { "type": "Point", "coordinates": [ -91.146219549691111, 30.461169912162209 ] } },
{ "type": "Feature", "properties": { "ID": 108, "CHURCH_NAME": "ST. JAMES BAPTIST CHURCH", "FULL_ADDRESS": "1105 N 44TH ST", "CITY": "BATON ROUGE", "STATE": "LOUISIANA", "ZIP": 70802, "PHONE_NUMBER": null, "WEBSITE": null }, "geometry": { "type": "Point", "coordinates": [ -91.14520819395986, 30.458446628368247 ] } },
{ "type": "Feature", "properties": { "ID": 109, "CHURCH_NAME": "NEW JERUSALEM FAITH FELLOWSHIP", "FULL_ADDRESS": "960 N 46TH ST", "CITY": "BATON ROUGE", "STATE": "LOUISIANA", "ZIP": 70802, "PHONE_NUMBER": null, "WEBSITE": null }, "geometry": { "type": "Point", "coordinates": [ -91.143139085013061, 30.457179596251802 ] } },
{ "type": "Feature", "properties": { "ID": 110, "CHURCH_NAME": "GREATER ST. JOHN CHRISTIAN CENTER", "FULL_ADDRESS": "1385 N 46TH ST", "CITY": "BATON ROUGE", "STATE": "LOUISIANA", "ZIP": 70802, "PHONE_NUMBER": null, "WEBSITE": null }, "geometry": { "type": "Point", "coordinates": [ -91.143841469191997, 30.461247020816725 ] } },
{ "type": "Feature", "properties": { "ID": 111, "CHURCH_NAME": "FAITH FAMILY BAPTIST CHURCH", "FULL_ADDRESS": "1201 N 47TH ST", "CITY": "BATON ROUGE", "STATE": "LOUISIANA", "ZIP": 70802, "PHONE_NUMBER": null, "WEBSITE": null }, "geometry": { "type": "Point", "coordinates": [ -91.142872695089636, 30.459742375449853 ] } },
{ "type": "Feature", "properties": { "ID": 112, "CHURCH_NAME": "BANKS CHAPEL BAPTIST", "FULL_ADDRESS": "835 N 48TH ST", "CITY": "BATON ROUGE", "STATE": "LOUISIANA", "ZIP": 70802, "PHONE_NUMBER": null, "WEBSITE": null }, "geometry": { "type": "Point", "coordinates": [ -91.141969292732568, 30.455762178161397 ] } },
{ "type": "Feature", "properties": { "ID": 113, "CHURCH_NAME": "HOUSE OF REFUGE FULL GOSPEL CHURCH", "FULL_ADDRESS": "977 N 48TH ST", "CITY": "BATON ROUGE", "STATE": "LOUISIANA", "ZIP": 70802, "PHONE_NUMBER": null, "WEBSITE": null }, "geometry": { "type": "Point", "coordinates": [ -91.141958175144737, 30.457199520201659 ] } },
{ "type": "Feature", "properties": { "ID": 114, "CHURCH_NAME": "WORLD SHAKERS CHURCH INTERNATIONAL", "FULL_ADDRESS": "851 N 48TH ST", "CITY": "BATON ROUGE", "STATE": "LOUISIANA", "ZIP": 70802, "PHONE_NUMBER": null, "WEBSITE": null }, "geometry": { "type": "Point", "coordinates": [ -91.141943117780372, 30.456154236333848 ] } },
{ "type": "Feature", "properties": { "ID": 115, "CHURCH_NAME": "LIVING WORD CHRISTIAN CENTER", "FULL_ADDRESS": "1640 N 48TH ST", "CITY": "BATON ROUGE", "STATE": "LOUISIANA", "ZIP": 70802, "PHONE_NUMBER": null, "WEBSITE": null }, "geometry": { "type": "Point", "coordinates": [ -91.141937076195248, 30.463632655029109 ] } },
{ "type": "Feature", "properties": { "ID": 116, "CHURCH_NAME": "NEW GALILEE BAPTIST CHURCH", "FULL_ADDRESS": "946 N 48TH ST", "CITY": "BATON ROUGE", "STATE": "LOUISIANA", "ZIP": 70802, "PHONE_NUMBER": null, "WEBSITE": null }, "geometry": { "type": "Point", "coordinates": [ -91.141608110120146, 30.456783751972555 ] } },
{ "type": "Feature", "properties": { "ID": 117, "CHURCH_NAME": "SIXTY-EIGHTH AVENUE BAPTIST CHURCH", "FULL_ADDRESS": "2331 68TH AVE", "CITY": "BATON ROUGE", "STATE": "LOUISIANA", "ZIP": 70807, "PHONE_NUMBER": null, "WEBSITE": null }, "geometry": { "type": "Point", "coordinates": [ -91.168032891593583, 30.511895815517885 ] } },
{ "type": "Feature", "properties": { "ID": 118, "CHURCH_NAME": "HIGH TOWER BAPTIST CHURCH", "FULL_ADDRESS": "2908 69TH AVE", "CITY": "BATON ROUGE", "STATE": "LOUISIANA", "ZIP": 70807, "PHONE_NUMBER": null, "WEBSITE": null }, "geometry": { "type": "Point", "coordinates": [ -91.162060570886823, 30.512381762707232 ] } },
{ "type": "Feature", "properties": { "ID": 119, "CHURCH_NAME": "CHURCH OF GOD IN CHRIST NEW MACEDONIA", "FULL_ADDRESS": "2580 72ND AVE", "CITY": "BATON ROUGE", "STATE": "LOUISIANA", "ZIP": 70807, "PHONE_NUMBER": null, "WEBSITE": null }, "geometry": { "type": "Point", "coordinates": [ -91.16580142866016, 30.51431558433212 ] } },
{ "type": "Feature", "properties": { "ID": 120, "CHURCH_NAME": "KING SOLOMON BAPTIST CHURCH", "FULL_ADDRESS": "2612 72ND AVE", "CITY": "BATON ROUGE", "STATE": "LOUISIANA", "ZIP": 70807, "PHONE_NUMBER": null, "WEBSITE": null }, "geometry": { "type": "Point", "coordinates": [ -91.165420593521119, 30.514329198214021 ] } },
{ "type": "Feature", "properties": { "ID": 121, "CHURCH_NAME": "LITTLE ZION BAPTIST CHURCH", "FULL_ADDRESS": "1955 74TH AVE", "CITY": "BATON ROUGE", "STATE": "LOUISIANA", "ZIP": 70807, "PHONE_NUMBER": null, "WEBSITE": null }, "geometry": { "type": "Point", "coordinates": [ -91.1724529198856, 30.515987054238476 ] } },
{ "type": "Feature", "properties": { "ID": 122, "CHURCH_NAME": "FEED MY SHEEP CHURCH", "FULL_ADDRESS": "1689 75TH AVE", "CITY": "BATON ROUGE", "STATE": "LOUISIANA", "ZIP": 70807, "PHONE_NUMBER": null, "WEBSITE": null }, "geometry": { "type": "Point", "coordinates": [ -91.175198400540111, 30.51593920182421 ] } },
{ "type": "Feature", "properties": { "ID": 123, "CHURCH_NAME": "ST. MICHAELS SCHOOL", "FULL_ADDRESS": "1620 77TH AVE", "CITY": "BATON ROUGE", "STATE": "LOUISIANA", "ZIP": 70807, "PHONE_NUMBER": null, "WEBSITE": null }, "geometry": { "type": "Point", "coordinates": [ -91.175346986944419, 30.516999713546948 ] } },
{ "type": "Feature", "properties": { "ID": 124, "CHURCH_NAME": "ROSEHILL BAPTIST CHURCH", "FULL_ADDRESS": "3765 N ACADIAN THWY", "CITY": "BATON ROUGE", "STATE": "LOUISIANA", "ZIP": 70805, "PHONE_NUMBER": null, "WEBSITE": null }, "geometry": { "type": "Point", "coordinates": [ -91.156971565814985, 30.483112540168086 ] } },
{ "type": "Feature", "properties": { "ID": 125, "CHURCH_NAME": "ST. MARY BAPTIST CHURCH", "FULL_ADDRESS": "1252 N ACADIAN THWY E", "CITY": "BATON ROUGE", "STATE": "LOUISIANA", "ZIP": 70802, "PHONE_NUMBER": null, "WEBSITE": null }, "geometry": { "type": "Point", "coordinates": [ -91.154961417097013, 30.459766001647768 ] } },
{ "type": "Feature", "properties": { "ID": 126, "CHURCH_NAME": "KING OF KINGS REVIVAL MINISTRY", "FULL_ADDRESS": "1402 N ACADIAN THWY W", "CITY": "BATON ROUGE", "STATE": "LOUISIANA", "ZIP": 70802, "PHONE_NUMBER": null, "WEBSITE": null }, "geometry": { "type": "Point", "coordinates": [ -91.155961815833365, 30.460413987544911 ] } },
{ "type": "Feature", "properties": { "ID": 127, "CHURCH_NAME": "SECOND BAPTIST CHURCH ANNEX", "FULL_ADDRESS": "910 N ACADIAN THWY W", "CITY": "BATON ROUGE", "STATE": "LOUISIANA", "ZIP": 70802, "PHONE_NUMBER": null, "WEBSITE": null }, "geometry": { "type": "Point", "coordinates": [ -91.155426169341126, 30.457118792064662 ] } },
{ "type": "Feature", "properties": { "ID": 128, "CHURCH_NAME": "NEW REVELATION PRAYER MINISTRY", "FULL_ADDRESS": "1737 N ACADIAN THWY W", "CITY": "BATON ROUGE", "STATE": "LOUISIANA", "ZIP": 70802, "PHONE_NUMBER": null, "WEBSITE": null }, "geometry": { "type": "Point", "coordinates": [ -91.156495975290611, 30.463879367443077 ] } },
{ "type": "Feature", "properties": { "ID": 129, "CHURCH_NAME": "MOUNT NEBO BAPTIST CHURCH", "FULL_ADDRESS": "1215 N ACADIAN THWY W", "CITY": "BATON ROUGE", "STATE": "LOUISIANA", "ZIP": 70802, "PHONE_NUMBER": null, "WEBSITE": null }, "geometry": { "type": "Point", "coordinates": [ -91.156209435906518, 30.458881816363451 ] } },
{ "type": "Feature", "properties": { "ID": 130, "CHURCH_NAME": "GREEN'S CHAPEL AME CHURCH", "FULL_ADDRESS": "1251 N ACADIAN THWY W", "CITY": "BATON ROUGE", "STATE": "LOUISIANA", "ZIP": 70802, "PHONE_NUMBER": null, "WEBSITE": null }, "geometry": { "type": "Point", "coordinates": [ -91.156297743829725, 30.459467689736243 ] } },
{ "type": "Feature", "properties": { "ID": 131, "CHURCH_NAME": "SECOND BAPTIST CHURCH", "FULL_ADDRESS": "914 N ACADIAN THWY W", "CITY": "BATON ROUGE", "STATE": "LOUISIANA", "ZIP": 70802, "PHONE_NUMBER": null, "WEBSITE": null }, "geometry": { "type": "Point", "coordinates": [ -91.155613603545319, 30.456608255593977 ] } },
{ "type": "Feature", "properties": { "ID": 132, "CHURCH_NAME": "CHRISTLAND CHRISTIAN COMMUNITY CHURCH", "FULL_ADDRESS": "2708 N ACADIAN THWY W", "CITY": "BATON ROUGE", "STATE": "LOUISIANA", "ZIP": 70805, "PHONE_NUMBER": null, "WEBSITE": null }, "geometry": { "type": "Point", "coordinates": [ -91.156231556002041, 30.472493824364353 ] } },
{ "type": "Feature", "properties": { "ID": 133, "CHURCH_NAME": "SECOND BAPTIST CHURCH EDUC BLDG", "FULL_ADDRESS": "902 N ACADIAN THWY W", "CITY": "BATON ROUGE", "STATE": "LOUISIANA", "ZIP": 70802, "PHONE_NUMBER": null, "WEBSITE": null }, "geometry": { "type": "Point", "coordinates": [ -91.155653307899954, 30.455931100707236 ] } },
{ "type": "Feature", "properties": { "ID": 134, "CHURCH_NAME": "CATHOLIC DIOCESE OF BATON ROUGE", "FULL_ADDRESS": "1800 S ACADIAN THWY", "CITY": "BATON ROUGE", "STATE": "LOUISIANA", "ZIP": 70808, "PHONE_NUMBER": null, "WEBSITE": null }, "geometry": { "type": "Point", "coordinates": [ -91.154141498263087, 30.431456181698952 ] } },
{ "type": "Feature", "properties": { "ID": 135, "CHURCH_NAME": "CATHOLIC DIOCESE OF BATON ROUGE", "FULL_ADDRESS": "1900 S ACADIAN THWY", "CITY": "BATON ROUGE", "STATE": "LOUISIANA", "ZIP": 70808, "PHONE_NUMBER": null, "WEBSITE": null }, "geometry": { "type": "Point", "coordinates": [ -91.154985309362701, 30.430535530065601 ] } },
{ "type": "Feature", "properties": { "ID": 136, "CHURCH_NAME": "CATHOLIC LIFE CENTER ARTS & CR", "FULL_ADDRESS": "1800 S ACADIAN THWY", "CITY": "BATON ROUGE", "STATE": "LOUISIANA", "ZIP": 70808, "PHONE_NUMBER": null, "WEBSITE": null }, "geometry": { "type": "Point", "coordinates": [ -91.154141498263087, 30.431456181698952 ] } },
{ "type": "Feature", "properties": { "ID": 137, "CHURCH_NAME": "MY FATHER'S HOUSE MINISTRIES INC", "FULL_ADDRESS": "2961 ADDISON ST", "CITY": "BATON ROUGE", "STATE": "LOUISIANA", "ZIP": 70805, "PHONE_NUMBER": null, "WEBSITE": null }, "geometry": { "type": "Point", "coordinates": [ -91.144182064956169, 30.475416294386942 ] } },
{ "type": "Feature", "properties": { "ID": 138, "CHURCH_NAME": "JEHOVAH MINISTRY", "FULL_ADDRESS": "6356 AIRLINE HWY", "CITY": "BATON ROUGE", "STATE": "LOUISIANA", "ZIP": 70805, "PHONE_NUMBER": null, "WEBSITE": null }, "geometry": { "type": "Point", "coordinates": [ -91.128111121803684, 30.496650358859601 ] } },
{ "type": "Feature", "properties": { "ID": 139, "CHURCH_NAME": "CROSSPOINT BAPTIST CHURCH", "FULL_ADDRESS": "14965 AIRLINE HWY", "CITY": "BATON ROUGE", "STATE": "LOUISIANA", "ZIP": 70817, "PHONE_NUMBER": null, "WEBSITE": null }, "geometry": { "type": "Point", "coordinates": [ -91.009538550956549, 30.360238452817885 ] } },
{ "type": "Feature", "properties": { "ID": 140, "CHURCH_NAME": "CROSSPOINT BAPTIST CHURCH", "FULL_ADDRESS": "14965 AIRLINE HWY", "CITY": "BATON ROUGE", "STATE": "LOUISIANA", "ZIP": 70817, "PHONE_NUMBER": null, "WEBSITE": null }, "geometry": { "type": "Point", "coordinates": [ -91.009213259753707, 30.360663002555214 ] } },
{ "type": "Feature", "properties": { "ID": 141, "CHURCH_NAME": "NEW LIFE MINISTRIES", "FULL_ADDRESS": "5521 AIRLINE HWY", "CITY": "BATON ROUGE", "STATE": "LOUISIANA", "ZIP": 70812, "PHONE_NUMBER": null, "WEBSITE": null }, "geometry": { "type": "Point", "coordinates": [ -91.133930258530029, 30.505821465227747 ] } },
{ "type": "Feature", "properties": { "ID": 142, "CHURCH_NAME": "ALL SAINTS ANGLICAN CHURCH", "FULL_ADDRESS": "14141 AIRLINE HWY", "CITY": "BATON ROUGE", "STATE": "LOUISIANA", "ZIP": 70817, "PHONE_NUMBER": null, "WEBSITE": null }, "geometry": { "type": "Point", "coordinates": [ -91.024933592728559, 30.367298312661287 ] } },
{ "type": "Feature", "properties": { "ID": 143, "CHURCH_NAME": "HERITAGE SEARCH MINISTRY", "FULL_ADDRESS": "4315 AIRLINE HWY", "CITY": "BATON ROUGE", "STATE": "LOUISIANA", "ZIP": 70811, "PHONE_NUMBER": null, "WEBSITE": null }, "geometry": { "type": "Point", "coordinates": [ -91.145993104701077, 30.510134132372063 ] } },
{ "type": "Feature", "properties": { "ID": 144, "CHURCH_NAME": "ALL SAINTS ANGLICAN CHURCH", "FULL_ADDRESS": "14141 AIRLINE HWY, STE 4Y", "CITY": "BATON ROUGE", "STATE": "LOUISIANA", "ZIP": 70817, "PHONE_NUMBER": null, "WEBSITE": null }, "geometry": { "type": "Point", "coordinates": [ -91.022040929769162, 30.368247029816715 ] } },
{ "type": "Feature", "properties": { "ID": 145, "CHURCH_NAME": "WORD OF FAITH CHRISTIAN CENTER", "FULL_ADDRESS": "8894 AIRLINE HWY, STE C", "CITY": "BATON ROUGE", "STATE": "LOUISIANA", "ZIP": 70806, "PHONE_NUMBER": null, "WEBSITE": null }, "geometry": { "type": "Point", "coordinates": [ -91.093281827443889, 30.447421809477081 ] } },
{ "type": "Feature", "properties": { "ID": 146, "CHURCH_NAME": "BAPTIST ASSOCIATION OF GREATER BATON ROUGE", "FULL_ADDRESS": "10560 AIRLINE HWY", "CITY": "BATON ROUGE", "STATE": "LOUISIANA", "ZIP": 70809, "PHONE_NUMBER": null, "WEBSITE": null }, "geometry": { "type": "Point", "coordinates": [ -91.065573190662832, 30.409575283452803 ] } },
{ "type": "Feature", "properties": { "ID": 147, "CHURCH_NAME": "RIZ UP LOUISIANA", "FULL_ADDRESS": "4331 AIRLINE HWY", "CITY": "BATON ROUGE", "STATE": "LOUISIANA", "ZIP": 70811, "PHONE_NUMBER": null, "WEBSITE": null }, "geometry": { "type": "Point", "coordinates": [ -91.145034333549859, 30.510184116183392 ] } },
{ "type": "Feature", "properties": { "ID": 148, "CHURCH_NAME": "BETHEL TEMPLE ASSEMBLY OF GOD CHURCH", "FULL_ADDRESS": "12124 AIRLINE HWY", "CITY": "BATON ROUGE", "STATE": "LOUISIANA", "ZIP": 70809, "PHONE_NUMBER": null, "WEBSITE": null }, "geometry": { "type": "Point", "coordinates": [ -91.046629674489111, 30.389613151653492 ] } },
{ "type": "Feature", "properties": { "ID": 149, "CHURCH_NAME": "ISLAMIC CENTER OF BATON ROUGE", "FULL_ADDRESS": "285 E AIRPORT AVE", "CITY": "BATON ROUGE", "STATE": "LOUISIANA", "ZIP": 70806, "PHONE_NUMBER": null, "WEBSITE": null }, "geometry": { "type": "Point", "coordinates": [ -91.10102372766309, 30.449208770476179 ] } },
{ "type": "Feature", "properties": { "ID": 150, "CHURCH_NAME": "FELLOWSHIP TABERNACLE", "FULL_ADDRESS": "1450 N AIRWAY DR", "CITY": "BATON ROUGE", "STATE": "LOUISIANA", "ZIP": 70815, "PHONE_NUMBER": null, "WEBSITE": null }, "geometry": { "type": "Point", "coordinates": [ -91.096282960419359, 30.462484406892884 ] } },
{ "type": "Feature", "properties": { "ID": 151, "CHURCH_NAME": "ROCK ZION BAPTIST CHURCH", "FULL_ADDRESS": "1768 ALABAMA AVE", "CITY": "BAKER", "STATE": "LOUISIANA", "ZIP": 70714, "PHONE_NUMBER": null, "WEBSITE": null }, "geometry": { "type": "Point", "coordinates": [ -91.164130694045411, 30.592743403413191 ] } },
{ "type": "Feature", "properties": { "ID": 152, "CHURCH_NAME": "CLEAR VIEW BAPTIST CHURCH", "FULL_ADDRESS": "10657 ALCO AVE", "CITY": "BATON ROUGE", "STATE": "LOUISIANA", "ZIP": 70816, "PHONE_NUMBER": null, "WEBSITE": null }, "geometry": { "type": "Point", "coordinates": [ -91.06163603796081, 30.410308623791721 ] } },
{ "type": "Feature", "properties": { "ID": 153, "CHURCH_NAME": "FAITH FULL GOSPEL MINISTRIES", "FULL_ADDRESS": "135 ALELLO DR", "CITY": "BATON ROUGE", "STATE": "LOUISIANA", "ZIP": 70806, "PHONE_NUMBER": null, "WEBSITE": null }, "geometry": { "type": "Point", "coordinates": [ -91.120811976611463, 30.450723848417852 ] } },
{ "type": "Feature", "properties": { "ID": 154, "CHURCH_NAME": "ST. LUKE'S UNITED METHODIST CHURCH OF BATON ROUGE", "FULL_ADDRESS": "3791 ALETHA DR", "CITY": "BATON ROUGE", "STATE": "LOUISIANA", "ZIP": 70814, "PHONE_NUMBER": null, "WEBSITE": null }, "geometry": { "type": "Point", "coordinates": [ -91.07444625922092, 30.485292834226982 ] } },
{ "type": "Feature", "properties": { "ID": 155, "CHURCH_NAME": "GREATER MT. GIDEON BAPTIST CHURCH", "FULL_ADDRESS": "205 ALICE ST", "CITY": "BATON ROUGE", "STATE": "LOUISIANA", "ZIP": 70802, "PHONE_NUMBER": null, "WEBSITE": null }, "geometry": { "type": "Point", "coordinates": [ -91.181947924653983, 30.431864756048405 ] } },
{ "type": "Feature", "properties": { "ID": 156, "CHURCH_NAME": "NEW SUNLIGHT BAPTIST CHURCH", "FULL_ADDRESS": "1777 AMERICA ST", "CITY": "BATON ROUGE", "STATE": "LOUISIANA", "ZIP": 70802, "PHONE_NUMBER": null, "WEBSITE": null }, "geometry": { "type": "Point", "coordinates": [ -91.170656892287951, 30.44679773691697 ] } },
{ "type": "Feature", "properties": { "ID": 157, "CHURCH_NAME": "COVENANT PRESBYTERIAN CHURCH", "FULL_ADDRESS": "8025 ANTIOCH RD", "CITY": "BATON ROUGE", "STATE": "LOUISIANA", "ZIP": 70817, "PHONE_NUMBER": null, "WEBSITE": null }, "geometry": { "type": "Point", "coordinates": [ -91.00664524951101, 30.379578942270989 ] } },
{ "type": "Feature", "properties": { "ID": 158, "CHURCH_NAME": "COLONIAL BAPTIST CHURCH", "FULL_ADDRESS": "7340 ANTIOCH RD", "CITY": "BATON ROUGE", "STATE": "LOUISIANA", "ZIP": 70817, "PHONE_NUMBER": null, "WEBSITE": null }, "geometry": { "type": "Point", "coordinates": [ -91.007797862509776, 30.38515494008325 ] } },
{ "type": "Feature", "properties": { "ID": 159, "CHURCH_NAME": "COMMUNITY OF CHRIST CHURCH", "FULL_ADDRESS": "7660 ANTIOCH RD", "CITY": "BATON ROUGE", "STATE": "LOUISIANA", "ZIP": 70817, "PHONE_NUMBER": null, "WEBSITE": null }, "geometry": { "type": "Point", "coordinates": [ -91.007627637429593, 30.38205128442883 ] } },
{ "type": "Feature", "properties": { "ID": 160, "CHURCH_NAME": "ANTIOCH FAMILY CHURCH", "FULL_ADDRESS": "7140 ANTIOCH RD", "CITY": "BATON ROUGE", "STATE": "LOUISIANA", "ZIP": 70817, "PHONE_NUMBER": null, "WEBSITE": null }, "geometry": { "type": "Point", "coordinates": [ -91.009442755048099, 30.387935207325913 ] } },
{ "type": "Feature", "properties": { "ID": 161, "CHURCH_NAME": "GREATER ST JAMES BAPTIST CHURCH", "FULL_ADDRESS": "1919 ARIZONA ST", "CITY": "BATON ROUGE", "STATE": "LOUISIANA", "ZIP": 70802, "PHONE_NUMBER": null, "WEBSITE": null }, "geometry": { "type": "Point", "coordinates": [ -91.180592605871169, 30.429686314978607 ] } },
{ "type": "Feature", "properties": { "ID": 162, "CHURCH_NAME": "GRACE & COMPASSSION CHURCH", "FULL_ADDRESS": "329 ATKINSON ST", "CITY": "BATON ROUGE", "STATE": "LOUISIANA", "ZIP": 70802, "PHONE_NUMBER": null, "WEBSITE": null }, "geometry": { "type": "Point", "coordinates": [ -91.160320123375044, 30.4506203640635 ] } },
{ "type": "Feature", "properties": { "ID": 163, "CHURCH_NAME": "ANTIOCH MISSIONARY BAPTIST CHURCH", "FULL_ADDRESS": "2835 AUBIN LN", "CITY": "BATON ROUGE", "STATE": "LOUISIANA", "ZIP": 70816, "PHONE_NUMBER": null, "WEBSITE": null }, "geometry": { "type": "Point", "coordinates": [ -91.063991820669628, 30.425091116374524 ] } },
{ "type": "Feature", "properties": { "ID": 164, "CHURCH_NAME": "JOY OF DELIVERANCE MINISTRIES", "FULL_ADDRESS": "2835 AUBIN LN", "CITY": "BATON ROUGE", "STATE": "LOUISIANA", "ZIP": 70816, "PHONE_NUMBER": null, "WEBSITE": null }, "geometry": { "type": "Point", "coordinates": [ -91.063991820669628, 30.425091116374524 ] } },
{ "type": "Feature", "properties": { "ID": 165, "CHURCH_NAME": "FIRST NEW TESTAMENT CHURCH", "FULL_ADDRESS": "3235 AUBIN LN", "CITY": "BATON ROUGE", "STATE": "LOUISIANA", "ZIP": 70816, "PHONE_NUMBER": null, "WEBSITE": null }, "geometry": { "type": "Point", "coordinates": [ -91.062620549026775, 30.420069920715285 ] } },
{ "type": "Feature", "properties": { "ID": 166, "CHURCH_NAME": "GREATER NEW HOPE BAPTIST CHURCH", "FULL_ADDRESS": "9915 AVENUE A", "CITY": "BATON ROUGE", "STATE": "LOUISIANA", "ZIP": 70807, "PHONE_NUMBER": null, "WEBSITE": null }, "geometry": { "type": "Point", "coordinates": [ -91.190614382266659, 30.534799589274382 ] } },
{ "type": "Feature", "properties": { "ID": 167, "CHURCH_NAME": "CAPITAL MISSIONARY BAPTIST CHURCH", "FULL_ADDRESS": "10362 AVENUE D", "CITY": "BATON ROUGE", "STATE": "LOUISIANA", "ZIP": 70807, "PHONE_NUMBER": null, "WEBSITE": null }, "geometry": { "type": "Point", "coordinates": [ -91.19314419002842, 30.53864266837855 ] } },
{ "type": "Feature", "properties": { "ID": 168, "CHURCH_NAME": "HEAVENLY HOPE MINISTRIES", "FULL_ADDRESS": "10362 AVENUE D", "CITY": "BATON ROUGE", "STATE": "LOUISIANA", "ZIP": 70807, "PHONE_NUMBER": null, "WEBSITE": null }, "geometry": { "type": "Point", "coordinates": [ -91.19314419002842, 30.53864266837855 ] } },
{ "type": "Feature", "properties": { "ID": 169, "CHURCH_NAME": "ANNOINTED LIFE MINISTRIES", "FULL_ADDRESS": "2506 BADLEY RD", "CITY": "BATON ROUGE", "STATE": "LOUISIANA", "ZIP": 70807, "PHONE_NUMBER": null, "WEBSITE": null }, "geometry": { "type": "Point", "coordinates": [ -91.166886248085362, 30.523259645566689 ] } },
{ "type": "Feature", "properties": { "ID": 170, "CHURCH_NAME": "FIRST PENTECOSTAL CHURCH OF BAKER", "FULL_ADDRESS": "4110 BAKER BLVD", "CITY": "BAKER", "STATE": "LOUISIANA", "ZIP": 70714, "PHONE_NUMBER": null, "WEBSITE": null }, "geometry": { "type": "Point", "coordinates": [ -91.156191962851324, 30.593479099438802 ] } },
{ "type": "Feature", "properties": { "ID": 171, "CHURCH_NAME": "NEW GIDEON BAPTIST CHURCH", "FULL_ADDRESS": "2552 BALIS DR", "CITY": "BATON ROUGE", "STATE": "LOUISIANA", "ZIP": 70808, "PHONE_NUMBER": null, "WEBSITE": null }, "geometry": { "type": "Point", "coordinates": [ -91.141660342400058, 30.425551093111089 ] } },
{ "type": "Feature", "properties": { "ID": 172, "CHURCH_NAME": "NEW MORNING STAR BAPTIST CHIURCH", "FULL_ADDRESS": "2261 BALIS DR", "CITY": "BATON ROUGE", "STATE": "LOUISIANA", "ZIP": 70808, "PHONE_NUMBER": null, "WEBSITE": null }, "geometry": { "type": "Point", "coordinates": [ -91.139447822288318, 30.428003670058207 ] } },
{ "type": "Feature", "properties": { "ID": 173, "CHURCH_NAME": "ACACIA CHURCH", "FULL_ADDRESS": "10210 BARINGER FOREMAN RD", "CITY": "BATON ROUGE", "STATE": "LOUISIANA", "ZIP": 70809, "PHONE_NUMBER": null, "WEBSITE": null }, "geometry": { "type": "Point", "coordinates": [ -91.029055177751346, 30.358707273916526 ] } },
{ "type": "Feature", "properties": { "ID": 174, "CHURCH_NAME": "GRACE & GLORY INC", "FULL_ADDRESS": "2127 BEAUMONT DR", "CITY": "BATON ROUGE", "STATE": "LOUISIANA", "ZIP": 70806, "PHONE_NUMBER": null, "WEBSITE": null }, "geometry": { "type": "Point", "coordinates": [ -91.111748978465812, 30.4695956977293 ] } },
{ "type": "Feature", "properties": { "ID": 175, "CHURCH_NAME": "BETHEL HOUSE OF GOD", "FULL_ADDRESS": "1906 BEAUMONT DR", "CITY": "BATON ROUGE", "STATE": "LOUISIANA", "ZIP": 70806, "PHONE_NUMBER": null, "WEBSITE": null }, "geometry": { "type": "Point", "coordinates": [ -91.109816136887815, 30.467773719591651 ] } },
{ "type": "Feature", "properties": { "ID": 176, "CHURCH_NAME": "SHEKINAH GLORY", "FULL_ADDRESS": "2127 BEAUMONT DR", "CITY": "BATON ROUGE", "STATE": "LOUISIANA", "ZIP": 70806, "PHONE_NUMBER": null, "WEBSITE": null }, "geometry": { "type": "Point", "coordinates": [ -91.111748978465812, 30.4695956977293 ] } },
{ "type": "Feature", "properties": { "ID": 177, "CHURCH_NAME": "BETHEL CHRISTIAN CHURCH", "FULL_ADDRESS": "1906 BEAUMONT DR", "CITY": "BATON ROUGE", "STATE": "LOUISIANA", "ZIP": 70806, "PHONE_NUMBER": null, "WEBSITE": null }, "geometry": { "type": "Point", "coordinates": [ -91.109816136887815, 30.467773719591651 ] } },
{ "type": "Feature", "properties": { "ID": 178, "CHURCH_NAME": "NEW FREEDOM MISSIONARY BAPTIST CHURCH", "FULL_ADDRESS": "388 N BECK ST", "CITY": "BATON ROUGE", "STATE": "LOUISIANA", "ZIP": 70806, "PHONE_NUMBER": null, "WEBSITE": null }, "geometry": { "type": "Point", "coordinates": [ -91.144217090097001, 30.451608563909392 ] } },
{ "type": "Feature", "properties": { "ID": 179, "CHURCH_NAME": "COUNSEL OF GOD MINISTRIES", "FULL_ADDRESS": "6465 BEECHWOOD DR", "CITY": "BATON ROUGE", "STATE": "LOUISIANA", "ZIP": 70805, "PHONE_NUMBER": null, "WEBSITE": null }, "geometry": { "type": "Point", "coordinates": [ -91.144812575498818, 30.508751094642292 ] } },
{ "type": "Feature", "properties": { "ID": 180, "CHURCH_NAME": "GOD FIRST EVANGELISTIC MINISTRIES", "FULL_ADDRESS": "4224 BEECHWOOD DR", "CITY": "BATON ROUGE", "STATE": "LOUISIANA", "ZIP": 70805, "PHONE_NUMBER": null, "WEBSITE": null }, "geometry": { "type": "Point", "coordinates": [ -91.143262950003148, 30.489261439645894 ] } },
{ "type": "Feature", "properties": { "ID": 181, "CHURCH_NAME": "ARISE MINISTRIES", "FULL_ADDRESS": "185 BELLEWOOD DR", "CITY": "BATON ROUGE", "STATE": "LOUISIANA", "ZIP": 70806, "PHONE_NUMBER": null, "WEBSITE": null }, "geometry": { "type": "Point", "coordinates": [ -91.121857574804537, 30.449503832258809 ] } },
{ "type": "Feature", "properties": { "ID": 182, "CHURCH_NAME": "ARISE GOSPEL MINISTRIES", "FULL_ADDRESS": "180 BELLEWOOD DR", "CITY": "BATON ROUGE", "STATE": "LOUISIANA", "ZIP": 70806, "PHONE_NUMBER": null, "WEBSITE": null }, "geometry": { "type": "Point", "coordinates": [ -91.122256225148391, 30.449583105142619 ] } },
{ "type": "Feature", "properties": { "ID": 183, "CHURCH_NAME": "CLUB HOUSE OF JESUS", "FULL_ADDRESS": "4253 BILLOPS ST", "CITY": "BATON ROUGE", "STATE": "LOUISIANA", "ZIP": 70802, "PHONE_NUMBER": null, "WEBSITE": null }, "geometry": { "type": "Point", "coordinates": [ -91.147451913914125, 30.461106266346974 ] } },
{ "type": "Feature", "properties": { "ID": 184, "CHURCH_NAME": "ROCK ZION BAPTIST CHURCH", "FULL_ADDRESS": "3996 BILLOPS ST", "CITY": "BATON ROUGE", "STATE": "LOUISIANA", "ZIP": 70802, "PHONE_NUMBER": null, "WEBSITE": null }, "geometry": { "type": "Point", "coordinates": [ -91.150361183114342, 30.460633462771771 ] } },
{ "type": "Feature", "properties": { "ID": 185, "CHURCH_NAME": "MIRACLE TEMPLE CHURCH OF GOD IN CHRIST", "FULL_ADDRESS": "4184 BILLOPS ST", "CITY": "BATON ROUGE", "STATE": "LOUISIANA", "ZIP": 70802, "PHONE_NUMBER": null, "WEBSITE": null }, "geometry": { "type": "Point", "coordinates": [ -91.148332488647924, 30.460810390420125 ] } },
{ "type": "Feature", "properties": { "ID": 186, "CHURCH_NAME": "GREATER RISEN SUN BAPTIST CHURCH", "FULL_ADDRESS": "6444 BLACKBERRY ST", "CITY": "BATON ROUGE", "STATE": "LOUISIANA", "ZIP": 70806, "PHONE_NUMBER": null, "WEBSITE": null }, "geometry": { "type": "Point", "coordinates": [ -91.125561919800845, 30.468932921830493 ] } },
{ "type": "Feature", "properties": { "ID": 187, "CHURCH_NAME": "GREATER KING DAVID BAPTIST CHURCH", "FULL_ADDRESS": "222 BLOUNT AVE", "CITY": "BATON ROUGE", "STATE": "LOUISIANA", "ZIP": 70807, "PHONE_NUMBER": "225-927-0577", "WEBSITE": "http://greaterkingdavid.org/" }, "geometry": { "type": "Point", "coordinates": [ -91.199767287275208, 30.539205461337332 ] } },
{ "type": "Feature", "properties": { "ID": 188, "CHURCH_NAME": "NEW LIGHT BAPTIST CHURCH", "FULL_ADDRESS": "650 BLOUNT RD", "CITY": "BATON ROUGE", "STATE": "LOUISIANA", "ZIP": 70807, "PHONE_NUMBER": null, "WEBSITE": null }, "geometry": { "type": "Point", "coordinates": [ -91.19005572225069, 30.54040468380251 ] } },
{ "type": "Feature", "properties": { "ID": 189, "CHURCH_NAME": "NEW ZION BAPTIST CHURCH", "FULL_ADDRESS": "6413 BLUEBERRY ST", "CITY": "BATON ROUGE", "STATE": "LOUISIANA", "ZIP": 70806, "PHONE_NUMBER": null, "WEBSITE": null }, "geometry": { "type": "Point", "coordinates": [ -91.125404943720838, 30.468237820924063 ] } },
{ "type": "Feature", "properties": { "ID": 190, "CHURCH_NAME": "PLEASANT VALLEY CHURCH", "FULL_ADDRESS": "6159 BLUEBERRY ST", "CITY": "BATON ROUGE", "STATE": "LOUISIANA", "ZIP": 70806, "PHONE_NUMBER": null, "WEBSITE": null }, "geometry": { "type": "Point", "coordinates": [ -91.127233381268354, 30.467206121967322 ] } },
{ "type": "Feature", "properties": { "ID": 191, "CHURCH_NAME": "BETHLEHEM BAPTIST CHURCH", "FULL_ADDRESS": "1011 N BON MARCHE DR", "CITY": "BATON ROUGE", "STATE": "LOUISIANA", "ZIP": 70806, "PHONE_NUMBER": null, "WEBSITE": null }, "geometry": { "type": "Point", "coordinates": [ -91.115876215962047, 30.460156216324531 ] } },
{ "type": "Feature", "properties": { "ID": 192, "CHURCH_NAME": "LIFE CHANGERS WORSHIP CENTER", "FULL_ADDRESS": "1011 N BON MARCHE DR", "CITY": "BATON ROUGE", "STATE": "LOUISIANA", "ZIP": 70806, "PHONE_NUMBER": null, "WEBSITE": null }, "geometry": { "type": "Point", "coordinates": [ -91.115876215962047, 30.460156216324531 ] } },
{ "type": "Feature", "properties": { "ID": 193, "CHURCH_NAME": "ABUNDANT CARE SERVICES, LLC", "FULL_ADDRESS": "1011 N BON MARCHE DR", "CITY": "BATON ROUGE", "STATE": "LOUISIANA", "ZIP": 70806, "PHONE_NUMBER": null, "WEBSITE": null }, "geometry": { "type": "Point", "coordinates": [ -91.115876215962047, 30.460156216324531 ] } },
{ "type": "Feature", "properties": { "ID": 194, "CHURCH_NAME": "CENTER FOR CHRISTIAN UNITY", "FULL_ADDRESS": "3006 FUQUA ST", "CITY": "BATON ROUGE", "STATE": "LOUISIANA", "ZIP": 70802, "PHONE_NUMBER": null, "WEBSITE": null }, "geometry": { "type": "Point", "coordinates": [ -91.158671182705163, 30.457336374222194 ] } },
{ "type": "Feature", "properties": { "ID": 195, "CHURCH_NAME": "GREATER SIXTY AID BAPTIST CHURCH", "FULL_ADDRESS": "655 GARDERE LN", "CITY": "BATON ROUGE", "STATE": "LOUISIANA", "ZIP": 70810, "PHONE_NUMBER": null, "WEBSITE": null }, "geometry": { "type": "Point", "coordinates": [ -91.122317381927658, 30.361304037161542 ] } },
{ "type": "Feature", "properties": { "ID": 196, "CHURCH_NAME": "COMMUNITY BAPTIST CHURCH PASTOR'S RESIDENCE", "FULL_ADDRESS": "2261 GENERAL JACKSON AVE", "CITY": "BATON ROUGE", "STATE": "LOUISIANA", "ZIP": 70810, "PHONE_NUMBER": null, "WEBSITE": null }, "geometry": { "type": "Point", "coordinates": [ -91.132012851267234, 30.350346610967812 ] } },
{ "type": "Feature", "properties": { "ID": 197, "CHURCH_NAME": "CALVARY THIRD BAPTIST CHURCH", "FULL_ADDRESS": "1911 GEORGIA ST", "CITY": "BATON ROUGE", "STATE": "LOUISIANA", "ZIP": 70802, "PHONE_NUMBER": null, "WEBSITE": null }, "geometry": { "type": "Point", "coordinates": [ -91.175133855492547, 30.429918367216533 ] } },
{ "type": "Feature", "properties": { "ID": 198, "CHURCH_NAME": "NEW BEGINNINGS- BAKER CHURCH OF GOD", "FULL_ADDRESS": "1124 GEORGIA ST", "CITY": "BAKER", "STATE": "LOUISIANA", "ZIP": 70714, "PHONE_NUMBER": null, "WEBSITE": null }, "geometry": { "type": "Point", "coordinates": [ -91.147894145353945, 30.585786329136287 ] } },
{ "type": "Feature", "properties": { "ID": 199, "CHURCH_NAME": "RESURRECTION LIFE ASSEMBLY OF GOD", "FULL_ADDRESS": "3884 GERONIMO ST", "CITY": "BATON ROUGE", "STATE": "LOUISIANA", "ZIP": 70805, "PHONE_NUMBER": null, "WEBSITE": null }, "geometry": { "type": "Point", "coordinates": [ -91.161655082238894, 30.484487875304175 ] } },
{ "type": "Feature", "properties": { "ID": 200, "CHURCH_NAME": "TEMPLE OF GREATER HEALING MINISTRY", "FULL_ADDRESS": "11022 GIBBENS RD", "CITY": "BATON ROUGE", "STATE": "LOUISIANA", "ZIP": 70807, "PHONE_NUMBER": null, "WEBSITE": null }, "geometry": { "type": "Point", "coordinates": [ -91.155655992576357, 30.545604525512907 ] } },
{ "type": "Feature", "properties": { "ID": 201, "CHURCH_NAME": "SERENITY OF HOPE LLC", "FULL_ADDRESS": "5420 ENTERPRISE ST", "CITY": "BATON ROUGE", "STATE": "LOUISIANA", "ZIP": 70805, "PHONE_NUMBER": null, "WEBSITE": null }, "geometry": { "type": "Point", "coordinates": [ -91.132478308852683, 30.499160707726919 ] } },
{ "type": "Feature", "properties": { "ID": 202, "CHURCH_NAME": "DATTA TEMPLE", "FULL_ADDRESS": "6221 EQUITY DR", "CITY": "BATON ROUGE", "STATE": "LOUISIANA", "ZIP": 70809, "PHONE_NUMBER": null, "WEBSITE": null }, "geometry": { "type": "Point", "coordinates": [ -91.053768450055728, 30.391094230518885 ] } },
{ "type": "Feature", "properties": { "ID": 203, "CHURCH_NAME": "ARK OF SAFETY CHURCH", "FULL_ADDRESS": "2830 ERIE ST", "CITY": "BATON ROUGE", "STATE": "LOUISIANA", "ZIP": 70805, "PHONE_NUMBER": null, "WEBSITE": null }, "geometry": { "type": "Point", "coordinates": [ -91.160893335371384, 30.475894718389803 ] } },
{ "type": "Feature", "properties": { "ID": 204, "CHURCH_NAME": "CHURCH OF LIFE BAPTIST FELLOWSHIP", "FULL_ADDRESS": "6066 EVANGELINE ST", "CITY": "BATON ROUGE", "STATE": "LOUISIANA", "ZIP": 70805, "PHONE_NUMBER": null, "WEBSITE": null }, "geometry": { "type": "Point", "coordinates": [ -91.129483793068616, 30.493298235403834 ] } },
{ "type": "Feature", "properties": { "ID": 205, "CHURCH_NAME": "GREATER MOUNT CANAAN BAPTIST CHURCH", "FULL_ADDRESS": "5820 EVANGELINE ST", "CITY": "BATON ROUGE", "STATE": "LOUISIANA", "ZIP": 70805, "PHONE_NUMBER": null, "WEBSITE": null }, "geometry": { "type": "Point", "coordinates": [ -91.132799362160128, 30.493207965923855 ] } },
{ "type": "Feature", "properties": { "ID": 206, "CHURCH_NAME": "IN JESUS NAME REFUGE MINISTRY", "FULL_ADDRESS": "5474 EVANGELINE ST", "CITY": "BATON ROUGE", "STATE": "LOUISIANA", "ZIP": 70805, "PHONE_NUMBER": null, "WEBSITE": null }, "geometry": { "type": "Point", "coordinates": [ -91.135431692666657, 30.493053055222951 ] } },
{ "type": "Feature", "properties": { "ID": 207, "CHURCH_NAME": "BAPTIST BUILDERS INTERNATIONAL, INC", "FULL_ADDRESS": "1075 EXECUTIVE PARK AVE", "CITY": "BATON ROUGE", "STATE": "LOUISIANA", "ZIP": 70806, "PHONE_NUMBER": null, "WEBSITE": null }, "geometry": { "type": "Point", "coordinates": [ -91.125600047811133, 30.459868983559367 ] } },
{ "type": "Feature", "properties": { "ID": 208, "CHURCH_NAME": "TIMBERLAND RESTORATION", "FULL_ADDRESS": "1075 EXECUTIVE PARK AVE", "CITY": "BATON ROUGE", "STATE": "LOUISIANA", "ZIP": 70806, "PHONE_NUMBER": null, "WEBSITE": null }, "geometry": { "type": "Point", "coordinates": [ -91.125600047811133, 30.459868983559367 ] } },
{ "type": "Feature", "properties": { "ID": 209, "CHURCH_NAME": "EBENEZER BAPTIST CHURCH", "FULL_ADDRESS": "1915 FAIRCHILD ST", "CITY": "BATON ROUGE", "STATE": "LOUISIANA", "ZIP": 70807, "PHONE_NUMBER": null, "WEBSITE": null }, "geometry": { "type": "Point", "coordinates": [ -91.172867941758284, 30.522847731372622 ] } },
{ "type": "Feature", "properties": { "ID": 210, "CHURCH_NAME": "WHITE STONE BAPTIST CHURCH", "FULL_ADDRESS": "1651 FAIRCHILD ST", "CITY": "BATON ROUGE", "STATE": "LOUISIANA", "ZIP": 70807, "PHONE_NUMBER": null, "WEBSITE": null }, "geometry": { "type": "Point", "coordinates": [ -91.176058883029768, 30.522532348108442 ] } },
{ "type": "Feature", "properties": { "ID": 211, "CHURCH_NAME": "BELFAIR BAPTIST CHURCH", "FULL_ADDRESS": "4444 FAIRFIELDS AVE", "CITY": "BATON ROUGE", "STATE": "LOUISIANA", "ZIP": 70802, "PHONE_NUMBER": null, "WEBSITE": null }, "geometry": { "type": "Point", "coordinates": [ -91.144985751341821, 30.46750132824301 ] } },
{ "type": "Feature", "properties": { "ID": 212, "CHURCH_NAME": "BEREAN SEVENTH DAY ADVENTIST CHURCH", "FULL_ADDRESS": "4555 FAIRFIELDS AVE", "CITY": "BATON ROUGE", "STATE": "LOUISIANA", "ZIP": 70802, "PHONE_NUMBER": null, "WEBSITE": null }, "geometry": { "type": "Point", "coordinates": [ -91.144569151070115, 30.467759012709394 ] } },
{ "type": "Feature", "properties": { "ID": 213, "CHURCH_NAME": "GREATER NEW GUIDE BAPTIST CHURCH", "FULL_ADDRESS": "3445 FAIRFIELDS AVE", "CITY": "BATON ROUGE", "STATE": "LOUISIANA", "ZIP": 70802, "PHONE_NUMBER": null, "WEBSITE": null }, "geometry": { "type": "Point", "coordinates": [ -91.153911351748974, 30.467280783974442 ] } },
{ "type": "Feature", "properties": { "ID": 214, "CHURCH_NAME": "DOVE OUTREACH CENTER II", "FULL_ADDRESS": "5224 N FLANNERY RD", "CITY": "BATON ROUGE", "STATE": "LOUISIANA", "ZIP": 70814, "PHONE_NUMBER": null, "WEBSITE": null }, "geometry": { "type": "Point", "coordinates": [ -91.041792450771894, 30.497208080520178 ] } },
{ "type": "Feature", "properties": { "ID": 215, "CHURCH_NAME": "VICTORY HARVEST CHURCH", "FULL_ADDRESS": "3953 N FLANNERY RD", "CITY": "BATON ROUGE", "STATE": "LOUISIANA", "ZIP": 70814, "PHONE_NUMBER": null, "WEBSITE": null }, "geometry": { "type": "Point", "coordinates": [ -91.035601834878179, 30.487775088373471 ] } },
{ "type": "Feature", "properties": { "ID": 216, "CHURCH_NAME": "SHERWOOD BAPTIST CHURCH", "FULL_ADDRESS": "1180 S FLANNERY RD", "CITY": "BATON ROUGE", "STATE": "LOUISIANA", "ZIP": 70815, "PHONE_NUMBER": null, "WEBSITE": null }, "geometry": { "type": "Point", "coordinates": [ -91.035855672262485, 30.447161351765402 ] } },
{ "type": "Feature", "properties": { "ID": 217, "CHURCH_NAME": "GREATER NEW HOPE BAPTIST CHURCH", "FULL_ADDRESS": "1896 FLONACHER RD", "CITY": "ZACHARY", "STATE": "LOUISIANA", "ZIP": 70791, "PHONE_NUMBER": null, "WEBSITE": null }, "geometry": { "type": "Point", "coordinates": [ -91.203715119813111, 30.665249203396037 ] } },
{ "type": "Feature", "properties": { "ID": 218, "CHURCH_NAME": "NEW LIFE MISSIONARY BAPTIST CHURCH", "FULL_ADDRESS": "280 W FLONACHER RD", "CITY": "ZACHARY", "STATE": "LOUISIANA", "ZIP": 70791, "PHONE_NUMBER": null, "WEBSITE": null }, "geometry": { "type": "Point", "coordinates": [ -91.266460385015591, 30.669496055715282 ] } },
{ "type": "Feature", "properties": { "ID": 219, "CHURCH_NAME": "CENTRAL BAPTIST CHURCH", "FULL_ADDRESS": "17017 FLORIDA BLVD", "CITY": "BATON ROUGE", "STATE": "LOUISIANA", "ZIP": 70819, "PHONE_NUMBER": null, "WEBSITE": null }, "geometry": { "type": "Point", "coordinates": [ -90.999909022850659, 30.46828507976873 ] } },
{ "type": "Feature", "properties": { "ID": 220, "CHURCH_NAME": "LIGHTHOUSE CHRISTIAN CENTER", "FULL_ADDRESS": "16950 FLORIDA BLVD", "CITY": "BATON ROUGE", "STATE": "LOUISIANA", "ZIP": 70816, "PHONE_NUMBER": null, "WEBSITE": null }, "geometry": { "type": "Point", "coordinates": [ -91.000039366489631, 30.466881901154448 ] } },
{ "type": "Feature", "properties": { "ID": 221, "CHURCH_NAME": "AL AZAR GROTTO", "FULL_ADDRESS": "14332 FLORIDA BLVD", "CITY": "BATON ROUGE", "STATE": "LOUISIANA", "ZIP": 70819, "PHONE_NUMBER": null, "WEBSITE": null }, "geometry": { "type": "Point", "coordinates": [ -91.025271001006416, 30.463451370482073 ] } },
{ "type": "Feature", "properties": { "ID": 222, "CHURCH_NAME": "FLORIDA BOULEVARD BAPTIST CHURCH", "FULL_ADDRESS": "10915 FLORIDA BLVD", "CITY": "BATON ROUGE", "STATE": "LOUISIANA", "ZIP": 70815, "PHONE_NUMBER": null, "WEBSITE": null }, "geometry": { "type": "Point", "coordinates": [ -91.063249183085006, 30.459139071799264 ] } },
{ "type": "Feature", "properties": { "ID": 223, "CHURCH_NAME": "HOUSE OF HOPE FULL GOSPEL CHURCH", "FULL_ADDRESS": "16273 FLORIDA BLVD", "CITY": "BATON ROUGE", "STATE": "LOUISIANA", "ZIP": 70819, "PHONE_NUMBER": null, "WEBSITE": null }, "geometry": { "type": "Point", "coordinates": [ -91.007673132525483, 30.467551488833831 ] } },
{ "type": "Feature", "properties": { "ID": 224, "CHURCH_NAME": "CRISTO PARA TODOS LAS NACIONES", "FULL_ADDRESS": "10120 FLORIDA BLVD", "CITY": "BATON ROUGE", "STATE": "LOUISIANA", "ZIP": 70815, "PHONE_NUMBER": null, "WEBSITE": null }, "geometry": { "type": "Point", "coordinates": [ -91.070521038524177, 30.455943387705464 ] } },
{ "type": "Feature", "properties": { "ID": 225, "CHURCH_NAME": "ST. GARABED ARMENIAN CHURCH", "FULL_ADDRESS": "6208 FLORIDA BLVD", "CITY": "BATON ROUGE", "STATE": "LOUISIANA", "ZIP": 70806, "PHONE_NUMBER": null, "WEBSITE": null }, "geometry": { "type": "Point", "coordinates": [ -91.126053556842152, 30.450846196058659 ] } },
{ "type": "Feature", "properties": { "ID": 226, "CHURCH_NAME": "JUBILEE CHRISTIAN CENTER CHURCH", "FULL_ADDRESS": "14595 FLORIDA BLVD", "CITY": "BATON ROUGE", "STATE": "LOUISIANA", "ZIP": 70819, "PHONE_NUMBER": null, "WEBSITE": null }, "geometry": { "type": "Point", "coordinates": [ -91.024134653763539, 30.464993866450513 ] } },
{ "type": "Feature", "properties": { "ID": 227, "CHURCH_NAME": "WORLD MISSION CENTER", "FULL_ADDRESS": "12183 FLORIDA BLVD", "CITY": "BATON ROUGE", "STATE": "LOUISIANA", "ZIP": 70815, "PHONE_NUMBER": null, "WEBSITE": null }, "geometry": { "type": "Point", "coordinates": [ -91.047223081306072, 30.462301304135995 ] } },
{ "type": "Feature", "properties": { "ID": 228, "CHURCH_NAME": "NEW SAINTS IN CHRIST", "FULL_ADDRESS": "12333 FLORIDA BLVD, STE B", "CITY": "BATON ROUGE", "STATE": "LOUISIANA", "ZIP": 70815, "PHONE_NUMBER": null, "WEBSITE": null }, "geometry": { "type": "Point", "coordinates": [ -91.045415753124615, 30.461824812217511 ] } },
{ "type": "Feature", "properties": { "ID": 229, "CHURCH_NAME": "HEARTS EASE FAMILY LIFE CENTER", "FULL_ADDRESS": "12112 FLORIDA BLVD", "CITY": "BATON ROUGE", "STATE": "LOUISIANA", "ZIP": 70815, "PHONE_NUMBER": null, "WEBSITE": null }, "geometry": { "type": "Point", "coordinates": [ -91.048071136256297, 30.459219960680763 ] } },
{ "type": "Feature", "properties": { "ID": 230, "CHURCH_NAME": "ROSE OF SHARON BAPTIST CHURCH", "FULL_ADDRESS": "1553 FLORIDA ST", "CITY": "BATON ROUGE", "STATE": "LOUISIANA", "ZIP": 70802, "PHONE_NUMBER": null, "WEBSITE": null }, "geometry": { "type": "Point", "coordinates": [ -91.17248757794124, 30.449903217966483 ] } },
{ "type": "Feature", "properties": { "ID": 231, "CHURCH_NAME": "ST. JAMES MINISTRIES CENTER", "FULL_ADDRESS": "352 FLORIDA ST", "CITY": "BATON ROUGE", "STATE": "LOUISIANA", "ZIP": 70801, "PHONE_NUMBER": null, "WEBSITE": null }, "geometry": { "type": "Point", "coordinates": [ -91.187258690678632, 30.449252062015347 ] } },
{ "type": "Feature", "properties": { "ID": 232, "CHURCH_NAME": "CENTER POINT MINISTRIES", "FULL_ADDRESS": "1206 FLORIDA ST", "CITY": "BATON ROUGE", "STATE": "LOUISIANA", "ZIP": 70802, "PHONE_NUMBER": null, "WEBSITE": null }, "geometry": { "type": "Point", "coordinates": [ -91.17732001418571, 30.449454307605123 ] } },
{ "type": "Feature", "properties": { "ID": 233, "CHURCH_NAME": "GREATER BEACH GROVE BAPTIST CHURCH, THE", "FULL_ADDRESS": "5352 FORD ST", "CITY": "BATON ROUGE", "STATE": "LOUISIANA", "ZIP": 70811, "PHONE_NUMBER": null, "WEBSITE": null }, "geometry": { "type": "Point", "coordinates": [ -91.137591014973921, 30.519334335088708 ] } },
{ "type": "Feature", "properties": { "ID": 234, "CHURCH_NAME": "HOUR OF PRAYER MINISTRIES, THE", "FULL_ADDRESS": "5211 FORD ST", "CITY": "BATON ROUGE", "STATE": "LOUISIANA", "ZIP": 70811, "PHONE_NUMBER": null, "WEBSITE": null }, "geometry": { "type": "Point", "coordinates": [ -91.139743127060711, 30.519673771283703 ] } },
{ "type": "Feature", "properties": { "ID": 235, "CHURCH_NAME": "OLD ANTIOCH BAPTIST CHURCH", "FULL_ADDRESS": "5247 FORD ST", "CITY": "BATON ROUGE", "STATE": "LOUISIANA", "ZIP": 70811, "PHONE_NUMBER": null, "WEBSITE": null }, "geometry": { "type": "Point", "coordinates": [ -91.139015421831417, 30.519819579215323 ] } },
{ "type": "Feature", "properties": { "ID": 236, "CHURCH_NAME": "PLAINVIEW CHURCH OF CHRIST HOLINESS", "FULL_ADDRESS": "1111 N FOSTER DR", "CITY": "BATON ROUGE", "STATE": "LOUISIANA", "ZIP": 70806, "PHONE_NUMBER": null, "WEBSITE": null }, "geometry": { "type": "Point", "coordinates": [ -91.140491334668766, 30.458888462671261 ] } },
{ "type": "Feature", "properties": { "ID": 237, "CHURCH_NAME": "STAR HILL BAPTIST CHURCH", "FULL_ADDRESS": "1400 N FOSTER DR", "CITY": "BATON ROUGE", "STATE": "LOUISIANA", "ZIP": 70806, "PHONE_NUMBER": null, "WEBSITE": null }, "geometry": { "type": "Point", "coordinates": [ -91.138492708218948, 30.46174944813087 ] } },
{ "type": "Feature", "properties": { "ID": 238, "CHURCH_NAME": "REVELATION AND WISDOM MINISTRIES", "FULL_ADDRESS": "4203 N FOSTER DR", "CITY": "BATON ROUGE", "STATE": "LOUISIANA", "ZIP": 70805, "PHONE_NUMBER": null, "WEBSITE": null }, "geometry": { "type": "Point", "coordinates": [ -91.140738292468072, 30.488837571935154 ] } },
{ "type": "Feature", "properties": { "ID": 239, "CHURCH_NAME": "NEW GALILEE BAPTIST CHURCH", "FULL_ADDRESS": "2870 N FOSTER DR", "CITY": "BATON ROUGE", "STATE": "LOUISIANA", "ZIP": 70805, "PHONE_NUMBER": null, "WEBSITE": null }, "geometry": { "type": "Point", "coordinates": [ -91.140175291422622, 30.475153127444898 ] } },
{ "type": "Feature", "properties": { "ID": 240, "CHURCH_NAME": "MINISTRY OF NEW BEGINNINGS", "FULL_ADDRESS": "5925 N FOSTER DR", "CITY": "BATON ROUGE", "STATE": "LOUISIANA", "ZIP": 70805, "PHONE_NUMBER": null, "WEBSITE": null }, "geometry": { "type": "Point", "coordinates": [ -91.141780187892323, 30.504096442876708 ] } },
{ "type": "Feature", "properties": { "ID": 241, "CHURCH_NAME": "CHURCH OF THE WAY PRESBYTERIAN", "FULL_ADDRESS": "250 S FOSTER DR", "CITY": "BATON ROUGE", "STATE": "LOUISIANA", "ZIP": 70806, "PHONE_NUMBER": null, "WEBSITE": null }, "geometry": { "type": "Point", "coordinates": [ -91.139628129783006, 30.44669883998797 ] } },
{ "type": "Feature", "properties": { "ID": 242, "CHURCH_NAME": "CHURCH OF CHRIST", "FULL_ADDRESS": "9724 FOSTER RD", "CITY": "BATON ROUGE", "STATE": "LOUISIANA", "ZIP": 70811, "PHONE_NUMBER": null, "WEBSITE": null }, "geometry": { "type": "Point", "coordinates": [ -91.109578597796457, 30.536118929213771 ] } },
{ "type": "Feature", "properties": { "ID": 243, "CHURCH_NAME": "FOSTER RD BAPTIST CHURCH", "FULL_ADDRESS": "11333 FOSTER RD", "CITY": "BATON ROUGE", "STATE": "LOUISIANA", "ZIP": 70811, "PHONE_NUMBER": null, "WEBSITE": null }, "geometry": { "type": "Point", "coordinates": [ -91.116602470298517, 30.550633488345468 ] } },
{ "type": "Feature", "properties": { "ID": 244, "CHURCH_NAME": "SISTERS OF ST. JOSEPH OF MEDAILLE CONVENT", "FULL_ADDRESS": "3080 KLEINERT AVE", "CITY": "BATON ROUGE", "STATE": "LOUISIANA", "ZIP": 70806, "PHONE_NUMBER": null, "WEBSITE": null }, "geometry": { "type": "Point", "coordinates": [ -91.156783577926106, 30.437519416142184 ] } },
{ "type": "Feature", "properties": { "ID": 245, "CHURCH_NAME": "B'NAI ISRAEL SYNAGOGUE", "FULL_ADDRESS": "3354 KLEINERT AVE", "CITY": "BATON ROUGE", "STATE": "LOUISIANA", "ZIP": 70806, "PHONE_NUMBER": "225-343-0111", "WEBSITE": "http://bnaibr.org/" }, "geometry": { "type": "Point", "coordinates": [ -91.154613954631373, 30.437785868870833 ] } },
{ "type": "Feature", "properties": { "ID": 246, "CHURCH_NAME": "PRAYER CARE", "FULL_ADDRESS": "1133 KNOLLHAVEN DR", "CITY": "BATON ROUGE", "STATE": "LOUISIANA", "ZIP": 70810, "PHONE_NUMBER": null, "WEBSITE": null }, "geometry": { "type": "Point", "coordinates": [ -91.063889560651603, 30.359403620293381 ] } },
{ "type": "Feature", "properties": { "ID": 247, "CHURCH_NAME": "ST. MARK UNITED METHODIST CHURCH", "FULL_ADDRESS": "6217 GLEN OAKS DR", "CITY": "BATON ROUGE", "STATE": "LOUISIANA", "ZIP": 70811, "PHONE_NUMBER": null, "WEBSITE": null }, "geometry": { "type": "Point", "coordinates": [ -91.128165930698955, 30.511818732782729 ] } },
{ "type": "Feature", "properties": { "ID": 248, "CHURCH_NAME": "HOUSE OF GOD MINISTRY", "FULL_ADDRESS": "2151 GLENMORE AVE", "CITY": "BATON ROUGE", "STATE": "LOUISIANA", "ZIP": 70808, "PHONE_NUMBER": null, "WEBSITE": null }, "geometry": { "type": "Point", "coordinates": [ -91.145996612770205, 30.428194139729463 ] } },
{ "type": "Feature", "properties": { "ID": 249, "CHURCH_NAME": "HOUSE OF GOD MINISTRY", "FULL_ADDRESS": "2151 GLENMORE AVE", "CITY": "BATON ROUGE", "STATE": "LOUISIANA", "ZIP": 70808, "PHONE_NUMBER": null, "WEBSITE": null }, "geometry": { "type": "Point", "coordinates": [ -91.14553062949301, 30.428358522297067 ] } },
{ "type": "Feature", "properties": { "ID": 250, "CHURCH_NAME": "GOODWOOD BAPTIST CHURCH", "FULL_ADDRESS": "7125 GOODWOOD AVE", "CITY": "BATON ROUGE", "STATE": "LOUISIANA", "ZIP": 70806, "PHONE_NUMBER": null, "WEBSITE": null }, "geometry": { "type": "Point", "coordinates": [ -91.11528861235, 30.442393960968833 ] } },
{ "type": "Feature", "properties": { "ID": 251, "CHURCH_NAME": "GOODWOOD CHURCH OF CHRIST", "FULL_ADDRESS": "10715 GOODWOOD BLVD", "CITY": "BATON ROUGE", "STATE": "LOUISIANA", "ZIP": 70815, "PHONE_NUMBER": "225-272-8936", "WEBSITE": "http://goodwoodchurch.org" }, "geometry": { "type": "Point", "coordinates": [ -91.067664317004741, 30.446188989751867 ] } },
{ "type": "Feature", "properties": { "ID": 252, "CHURCH_NAME": "ST. LUKES EPISCOPAL CHURCH", "FULL_ADDRESS": "8833 GOODWOOD BLVD", "CITY": "BATON ROUGE", "STATE": "LOUISIANA", "ZIP": 70806, "PHONE_NUMBER": null, "WEBSITE": null }, "geometry": { "type": "Point", "coordinates": [ -91.093031029369698, 30.443084838294912 ] } },
{ "type": "Feature", "properties": { "ID": 253, "CHURCH_NAME": "UNITARIAN CHURCH OF BATON ROUGE", "FULL_ADDRESS": "8470 GOODWOOD BLVD", "CITY": "BATON ROUGE", "STATE": "LOUISIANA", "ZIP": 70806, "PHONE_NUMBER": null, "WEBSITE": null }, "geometry": { "type": "Point", "coordinates": [ -91.097021947647363, 30.442217657461409 ] } },
{ "type": "Feature", "properties": { "ID": 254, "CHURCH_NAME": "HOSANNA FIRST ASSEMBLY OF GOD CHURCH", "FULL_ADDRESS": "8850 GOODWOOD BLVD", "CITY": "BATON ROUGE", "STATE": "LOUISIANA", "ZIP": 70806, "PHONE_NUMBER": null, "WEBSITE": null }, "geometry": { "type": "Point", "coordinates": [ -91.092148162461726, 30.442498943908625 ] } },
{ "type": "Feature", "properties": { "ID": 255, "CHURCH_NAME": "BROADMOOR BAPTIST CHURCH", "FULL_ADDRESS": "9755 GOODWOOD BLVD", "CITY": "BATON ROUGE", "STATE": "LOUISIANA", "ZIP": 70815, "PHONE_NUMBER": "225-927-5454", "WEBSITE": "http://broadmoorbaptist.com" }, "geometry": { "type": "Point", "coordinates": [ -91.079243805080949, 30.443920824457106 ] } },
{ "type": "Feature", "properties": { "ID": 256, "CHURCH_NAME": "ST. THOMAS MORE CATHOLIC CHURCH AND SCHOOL", "FULL_ADDRESS": "11441 GOODWOOD BLVD", "CITY": "BATON ROUGE", "STATE": "LOUISIANA", "ZIP": 70815, "PHONE_NUMBER": null, "WEBSITE": null }, "geometry": { "type": "Point", "coordinates": [ -91.055588503809659, 30.449918521210364 ] } },
{ "type": "Feature", "properties": { "ID": 257, "CHURCH_NAME": "HOOPER ROAD BAPTIST CHURCH", "FULL_ADDRESS": "8767 GOVERNOR CLAIBORNE DR", "CITY": "BATON ROUGE", "STATE": "LOUISIANA", "ZIP": 70811, "PHONE_NUMBER": null, "WEBSITE": null }, "geometry": { "type": "Point", "coordinates": [ -91.120833001060902, 30.528303458932239 ] } },
{ "type": "Feature", "properties": { "ID": 258, "CHURCH_NAME": "IN HIS HANDS BAPTIST CHURCH", "FULL_ADDRESS": "8767 GOVERNOR CLAIBORNE DR", "CITY": "BATON ROUGE", "STATE": "LOUISIANA", "ZIP": 70811, "PHONE_NUMBER": null, "WEBSITE": null }, "geometry": { "type": "Point", "coordinates": [ -91.120833001060902, 30.528303458932239 ] } },
{ "type": "Feature", "properties": { "ID": 259, "CHURCH_NAME": "CHARTWELLS", "FULL_ADDRESS": "1120 GOVERNMENT ST", "CITY": "BATON ROUGE", "STATE": "LOUISIANA", "ZIP": 70802, "PHONE_NUMBER": null, "WEBSITE": null }, "geometry": { "type": "Point", "coordinates": [ -91.176746922265721, 30.443240298229934 ] } },
{ "type": "Feature", "properties": { "ID": 260, "CHURCH_NAME": "SHEKINAH GLORY", "FULL_ADDRESS": "3613 GOVERNMENT ST", "CITY": "BATON ROUGE", "STATE": "LOUISIANA", "ZIP": 70806, "PHONE_NUMBER": null, "WEBSITE": null }, "geometry": { "type": "Point", "coordinates": [ -91.152417700737161, 30.444481703366534 ] } },
{ "type": "Feature", "properties": { "ID": 261, "CHURCH_NAME": "WESLEY UNITED METHODIST CHURCH", "FULL_ADDRESS": "544 GOVERNMENT ST", "CITY": "BATON ROUGE", "STATE": "LOUISIANA", "ZIP": 70802, "PHONE_NUMBER": null, "WEBSITE": null }, "geometry": { "type": "Point", "coordinates": [ -91.184456544974225, 30.443250227549754 ] } },
{ "type": "Feature", "properties": { "ID": 262, "CHURCH_NAME": "MINISTRY OF RECONCILIATION FELLOWSHIP, THE", "FULL_ADDRESS": "6785 GOYA AVE", "CITY": "BATON ROUGE", "STATE": "LOUISIANA", "ZIP": 70806, "PHONE_NUMBER": null, "WEBSITE": null }, "geometry": { "type": "Point", "coordinates": [ -91.121445547816492, 30.459290660190181 ] } },
{ "type": "Feature", "properties": { "ID": 263, "CHURCH_NAME": "MOUNT CALVARY BAPTIST CHURCH", "FULL_ADDRESS": "3059 GRACIE ST", "CITY": "BATON ROUGE", "STATE": "LOUISIANA", "ZIP": 70802, "PHONE_NUMBER": null, "WEBSITE": null }, "geometry": { "type": "Point", "coordinates": [ -91.158273533133993, 30.457106691242419 ] } },
{ "type": "Feature", "properties": { "ID": 264, "CHURCH_NAME": "DONALDSON CHAPEL BAPTIST CHURCH", "FULL_ADDRESS": "2501 GRACIE ST", "CITY": "BATON ROUGE", "STATE": "LOUISIANA", "ZIP": 70802, "PHONE_NUMBER": null, "WEBSITE": null }, "geometry": { "type": "Point", "coordinates": [ -91.162857608689819, 30.456791818299337 ] } },
{ "type": "Feature", "properties": { "ID": 265, "CHURCH_NAME": "ROSE HILL MISSIONARY BAPTIST CHURCH", "FULL_ADDRESS": "1384 W GRANT ST", "CITY": "BATON ROUGE", "STATE": "LOUISIANA", "ZIP": 70802, "PHONE_NUMBER": null, "WEBSITE": null }, "geometry": { "type": "Point", "coordinates": [ -91.192729675959967, 30.422892944978134 ] } },
{ "type": "Feature", "properties": { "ID": 266, "CHURCH_NAME": "TRUEVINE BAPTIST CHURCH", "FULL_ADDRESS": "905 GREBE ST", "CITY": "BATON ROUGE", "STATE": "LOUISIANA", "ZIP": 70807, "PHONE_NUMBER": null, "WEBSITE": null }, "geometry": { "type": "Point", "coordinates": [ -91.184835900568302, 30.526621664600533 ] } },
{ "type": "Feature", "properties": { "ID": 267, "CHURCH_NAME": "KINGDOM HALL OF JEHOVAH'S WITNESSES", "FULL_ADDRESS": "1165 GREEN OAK DR", "CITY": "BATON ROUGE", "STATE": "LOUISIANA", "ZIP": 70815, "PHONE_NUMBER": null, "WEBSITE": null }, "geometry": { "type": "Point", "coordinates": [ -91.064475998177841, 30.459998792959233 ] } },
{ "type": "Feature", "properties": { "ID": 268, "CHURCH_NAME": "CALVARY LUTHERAN CHURCH", "FULL_ADDRESS": "5219 GREENWELL ST", "CITY": "BATON ROUGE", "STATE": "LOUISIANA", "ZIP": 70805, "PHONE_NUMBER": null, "WEBSITE": null }, "geometry": { "type": "Point", "coordinates": [ -91.13824733000385, 30.502640718661848 ] } },
{ "type": "Feature", "properties": { "ID": 269, "CHURCH_NAME": "INTERDENOMINATIONAL FAITH ASSEMBLY", "FULL_ADDRESS": "5045 GREENWELL ST", "CITY": "BATON ROUGE", "STATE": "LOUISIANA", "ZIP": 70805, "PHONE_NUMBER": null, "WEBSITE": null }, "geometry": { "type": "Point", "coordinates": [ -91.14093264951552, 30.502417136806777 ] } },
{ "type": "Feature", "properties": { "ID": 270, "CHURCH_NAME": "WAY OF HOLINESS MINISTRIEST", "FULL_ADDRESS": "7220 GREENWELL ST", "CITY": "BATON ROUGE", "STATE": "LOUISIANA", "ZIP": 70812, "PHONE_NUMBER": null, "WEBSITE": null }, "geometry": { "type": "Point", "coordinates": [ -91.117994070189752, 30.500660193857957 ] } },
{ "type": "Feature", "properties": { "ID": 271, "CHURCH_NAME": "EVER INCREASING LIFE MINISTRIES", "FULL_ADDRESS": "6363 GREENWELL ST", "CITY": "BATON ROUGE", "STATE": "LOUISIANA", "ZIP": 70812, "PHONE_NUMBER": null, "WEBSITE": null }, "geometry": { "type": "Point", "coordinates": [ -91.128434561410003, 30.502128845353571 ] } },
{ "type": "Feature", "properties": { "ID": 272, "CHURCH_NAME": "UNITY OF FAITH & TRUTH APOSTOLIC MINISTRY", "FULL_ADDRESS": "6533 GREENWELL ST", "CITY": "BATON ROUGE", "STATE": "LOUISIANA", "ZIP": 70812, "PHONE_NUMBER": null, "WEBSITE": null }, "geometry": { "type": "Point", "coordinates": [ -91.126408518010351, 30.502779628560521 ] } },
{ "type": "Feature", "properties": { "ID": 273, "CHURCH_NAME": "THE LIFE CHURCH OF BATON ROUGE", "FULL_ADDRESS": "8731 GREENWELL SPRINGS RD", "CITY": "BATON ROUGE", "STATE": "LOUISIANA", "ZIP": 70814, "PHONE_NUMBER": null, "WEBSITE": null }, "geometry": { "type": "Point", "coordinates": [ -91.095059723809541, 30.484141926100559 ] } },
{ "type": "Feature", "properties": { "ID": 274, "CHURCH_NAME": "JESUS CHRIST CHURCH ASSEMBLY", "FULL_ADDRESS": "30231 GREENWELL SPRINGS RD", "CITY": "GREENWELL SPRINGS", "STATE": "LOUISIANA", "ZIP": 70739, "PHONE_NUMBER": null, "WEBSITE": null }, "geometry": { "type": "Point", "coordinates": [ -90.945351246925583, 30.623237064132404 ] } },
{ "type": "Feature", "properties": { "ID": 275, "CHURCH_NAME": "MOUNT OLIVE BAPTIST CHURCH", "FULL_ADDRESS": "9108 GREENWELL SPRINGS RD", "CITY": "BATON ROUGE", "STATE": "LOUISIANA", "ZIP": 70814, "PHONE_NUMBER": null, "WEBSITE": null }, "geometry": { "type": "Point", "coordinates": [ -91.088482846677493, 30.483681804590535 ] } },
{ "type": "Feature", "properties": { "ID": 276, "CHURCH_NAME": "NEW HOPE BAPTIST CHURCH", "FULL_ADDRESS": "5856 GREENWELL SPRINGS RD", "CITY": "BATON ROUGE", "STATE": "LOUISIANA", "ZIP": 70806, "PHONE_NUMBER": null, "WEBSITE": null }, "geometry": { "type": "Point", "coordinates": [ -91.131238031012415, 30.466599864213695 ] } },
{ "type": "Feature", "properties": { "ID": 277, "CHURCH_NAME": "NEW HOPE BAPTIST CHURCH EDUCATION CENTER", "FULL_ADDRESS": "5925 GREENWELL SPRINGS RD", "CITY": "BATON ROUGE", "STATE": "LOUISIANA", "ZIP": 70806, "PHONE_NUMBER": null, "WEBSITE": null }, "geometry": { "type": "Point", "coordinates": [ -91.130871948840436, 30.467555522408659 ] } },
{ "type": "Feature", "properties": { "ID": 278, "CHURCH_NAME": "NEW LIFE CHRISTIAN CENTER", "FULL_ADDRESS": "12116 GREENWELL SPRINGS RD", "CITY": "BATON ROUGE", "STATE": "LOUISIANA", "ZIP": 70814, "PHONE_NUMBER": null, "WEBSITE": null }, "geometry": { "type": "Point", "coordinates": [ -91.050022123452294, 30.497578989751769 ] } },
{ "type": "Feature", "properties": { "ID": 279, "CHURCH_NAME": "VIETNAMESE HOPE BAPTIST CHURCH", "FULL_ADDRESS": "7133 GREENWELL SPRINGS RD", "CITY": "BATON ROUGE", "STATE": "LOUISIANA", "ZIP": 70805, "PHONE_NUMBER": null, "WEBSITE": null }, "geometry": { "type": "Point", "coordinates": [ -91.11882558469091, 30.474256272448269 ] } },
{ "type": "Feature", "properties": { "ID": 280, "CHURCH_NAME": "WORD OF LIFE FAITH MINISTRIES", "FULL_ADDRESS": "9666 GREENWELL SPRINGS RD", "CITY": "BAKER", "STATE": "LOUISIANA", "ZIP": 70714, "PHONE_NUMBER": null, "WEBSITE": null }, "geometry": { "type": "Point", "coordinates": [ -91.079811645947544, 30.485615153573676 ] } },
{ "type": "Feature", "properties": { "ID": 281, "CHURCH_NAME": "FAITH A-G WORSHIP CENTER", "FULL_ADDRESS": "12215 GREENWELL SPRINGS RD", "CITY": "BATON ROUGE", "STATE": "LOUISIANA", "ZIP": 70814, "PHONE_NUMBER": null, "WEBSITE": null }, "geometry": { "type": "Point", "coordinates": [ -91.048725778719728, 30.499511501544816 ] } },
{ "type": "Feature", "properties": { "ID": 282, "CHURCH_NAME": "OAKCREST BAPTIST CHURCH", "FULL_ADDRESS": "8837 GREENWELL SPRINGS RD", "CITY": "BATON ROUGE", "STATE": "LOUISIANA", "ZIP": 70814, "PHONE_NUMBER": null, "WEBSITE": null }, "geometry": { "type": "Point", "coordinates": [ -91.093945641962947, 30.483094833656352 ] } },
{ "type": "Feature", "properties": { "ID": 283, "CHURCH_NAME": "TEMPLE OF FAITH", "FULL_ADDRESS": "5695 GREENWELL SPRINGS RD", "CITY": "BATON ROUGE", "STATE": "LOUISIANA", "ZIP": 70806, "PHONE_NUMBER": null, "WEBSITE": null }, "geometry": { "type": "Point", "coordinates": [ -91.132172552278021, 30.466669188704003 ] } },
{ "type": "Feature", "properties": { "ID": 284, "CHURCH_NAME": "GREENWELL SPRINGS ROAD CHURCH", "FULL_ADDRESS": "11932 GREENWELL SPRINGS RD", "CITY": "BATON ROUGE", "STATE": "LOUISIANA", "ZIP": 70814, "PHONE_NUMBER": null, "WEBSITE": null }, "geometry": { "type": "Point", "coordinates": [ -91.050782630570069, 30.496979937952915 ] } },
{ "type": "Feature", "properties": { "ID": 285, "CHURCH_NAME": "AGAPE WORLD CHURCH HEADQUARTERS", "FULL_ADDRESS": "9362 GREENWELL SPRINGS RD", "CITY": "BATON ROUGE", "STATE": "LOUISIANA", "ZIP": 70814, "PHONE_NUMBER": null, "WEBSITE": null }, "geometry": { "type": "Point", "coordinates": [ -91.085530123060479, 30.484428763158906 ] } },
{ "type": "Feature", "properties": { "ID": 286, "CHURCH_NAME": "JOE NORTHERN MINISTRIES", "FULL_ADDRESS": "9366 GREENWELL SPRINGS RD", "CITY": "BATON ROUGE", "STATE": "LOUISIANA", "ZIP": 70814, "PHONE_NUMBER": null, "WEBSITE": null }, "geometry": { "type": "Point", "coordinates": [ -91.085198299123448, 30.484512905219205 ] } },
{ "type": "Feature", "properties": { "ID": 287, "CHURCH_NAME": "ONE WAY DELIVERANCE MINISTRIES", "FULL_ADDRESS": "10770 GREENWELL SPRINGS RD", "CITY": "BATON ROUGE", "STATE": "LOUISIANA", "ZIP": 70814, "PHONE_NUMBER": null, "WEBSITE": null }, "geometry": { "type": "Point", "coordinates": [ -91.064058355343974, 30.493172641372748 ] } },
{ "type": "Feature", "properties": { "ID": 288, "CHURCH_NAME": "CHANGING A GENERATION FULL GOSPEL CHURCH", "FULL_ADDRESS": "10148 GREENWELL SPRINGS RD", "CITY": "BATON ROUGE", "STATE": "LOUISIANA", "ZIP": 70814, "PHONE_NUMBER": null, "WEBSITE": null }, "geometry": { "type": "Point", "coordinates": [ -91.071613296614288, 30.490592706262948 ] } },
{ "type": "Feature", "properties": { "ID": 289, "CHURCH_NAME": "GLORYLAND BAPTIST CHURCH", "FULL_ADDRESS": "6745 GREENWELL SPRINGS RD", "CITY": "BATON ROUGE", "STATE": "LOUISIANA", "ZIP": 70805, "PHONE_NUMBER": null, "WEBSITE": null }, "geometry": { "type": "Point", "coordinates": [ -91.12398419047436, 30.472197810414126 ] } },
{ "type": "Feature", "properties": { "ID": 290, "CHURCH_NAME": "WHITE DOVE FELLOWSHIP", "FULL_ADDRESS": "10957 GREENWELL SPRINGS RD", "CITY": "BATON ROUGE", "STATE": "LOUISIANA", "ZIP": 70814, "PHONE_NUMBER": null, "WEBSITE": null }, "geometry": { "type": "Point", "coordinates": [ -91.061008391285498, 30.49516224735763 ] } },
{ "type": "Feature", "properties": { "ID": 291, "CHURCH_NAME": "RIVER OF LIFE FELLOWSHIP", "FULL_ADDRESS": "8852 GREENWELL SPRINGS RD", "CITY": "BATON ROUGE", "STATE": "LOUISIANA", "ZIP": 70814, "PHONE_NUMBER": null, "WEBSITE": null }, "geometry": { "type": "Point", "coordinates": [ -91.093175007031917, 30.482208435971749 ] } },
{ "type": "Feature", "properties": { "ID": 292, "CHURCH_NAME": "GREATER FAITH KINGDOM AND POWER LIVING", "FULL_ADDRESS": "9405 GREENWELL SPRINGS RD", "CITY": "BATON ROUGE", "STATE": "LOUISIANA", "ZIP": 70814, "PHONE_NUMBER": null, "WEBSITE": null }, "geometry": { "type": "Point", "coordinates": [ -91.083369604971352, 30.485793706367154 ] } },
{ "type": "Feature", "properties": { "ID": 293, "CHURCH_NAME": "COMITE BAPTIST CHURCH", "FULL_ADDRESS": "12250 GREENWELL SPRINGS RD", "CITY": "BATON ROUGE", "STATE": "LOUISIANA", "ZIP": 70814, "PHONE_NUMBER": null, "WEBSITE": null }, "geometry": { "type": "Point", "coordinates": [ -91.047542534510185, 30.499402704967725 ] } },
{ "type": "Feature", "properties": { "ID": 294, "CHURCH_NAME": "SAINT ALPHONSUS LIGURI CHURCH AND SCHOOL", "FULL_ADDRESS": "12250 GREENWELL SPRINGS RD", "CITY": "BATON ROUGE", "STATE": "LOUISIANA", "ZIP": 70814, "PHONE_NUMBER": null, "WEBSITE": null }, "geometry": { "type": "Point", "coordinates": [ -91.047542534510185, 30.499402704967725 ] } },
{ "type": "Feature", "properties": { "ID": 295, "CHURCH_NAME": "GREENWELL SPRINGS BAPTIST CHURCH", "FULL_ADDRESS": "19421 GREENWELL SPRINGS RD", "CITY": "GREENWELL SPRINGS", "STATE": "LOUISIANA", "ZIP": 70739, "PHONE_NUMBER": null, "WEBSITE": null }, "geometry": { "type": "Point", "coordinates": [ -90.989454780664531, 30.538327107607021 ] } },
{ "type": "Feature", "properties": { "ID": 296, "CHURCH_NAME": "DEERFORD UNITED METHODIST CHURCH", "FULL_ADDRESS": "10393 GREENWELL SPRINGS-PORT HUDSON RD", "CITY": "ZACHARY", "STATE": "LOUISIANA", "ZIP": 70791, "PHONE_NUMBER": null, "WEBSITE": null }, "geometry": { "type": "Point", "coordinates": [ -91.06963498814369, 30.639617473899044 ] } },
{ "type": "Feature", "properties": { "ID": 297, "CHURCH_NAME": "BAKER PRESBYTERIAN CHURCH", "FULL_ADDRESS": "3015 GROOM RD", "CITY": "BAKER", "STATE": "LOUISIANA", "ZIP": 70714, "PHONE_NUMBER": null, "WEBSITE": null }, "geometry": { "type": "Point", "coordinates": [ -91.169118008500575, 30.588654593640463 ] } },
{ "type": "Feature", "properties": { "ID": 298, "CHURCH_NAME": "FLAMING FIRE OUTREACH MINISTRY", "FULL_ADDRESS": "5512 GROOM RD", "CITY": "BAKER", "STATE": "LOUISIANA", "ZIP": 70714, "PHONE_NUMBER": null, "WEBSITE": null }, "geometry": { "type": "Point", "coordinates": [ -91.139969924946485, 30.585479936961008 ] } },
{ "type": "Feature", "properties": { "ID": 299, "CHURCH_NAME": "CHURCH OF NAZARENE", "FULL_ADDRESS": "4366 GROOM RD", "CITY": "BAKER", "STATE": "LOUISIANA", "ZIP": 70714, "PHONE_NUMBER": null, "WEBSITE": null }, "geometry": { "type": "Point", "coordinates": [ -91.153500397030484, 30.586938413776721 ] } },
{ "type": "Feature", "properties": { "ID": 300, "CHURCH_NAME": "BLACKWATER CONGREGATION, KINGDOM HALL", "FULL_ADDRESS": "4353 GROOM RD", "CITY": "BAKER", "STATE": "LOUISIANA", "ZIP": 70714, "PHONE_NUMBER": null, "WEBSITE": null }, "geometry": { "type": "Point", "coordinates": [ -91.15361402725371, 30.587921840566395 ] } },
{ "type": "Feature", "properties": { "ID": 301, "CHURCH_NAME": "ST PAUL'S FREE BAPTIST CHURCH", "FULL_ADDRESS": "2064 GROOM RD", "CITY": "BAKER", "STATE": "LOUISIANA", "ZIP": 70714, "PHONE_NUMBER": null, "WEBSITE": null }, "geometry": { "type": "Point", "coordinates": [ -91.181652350081592, 30.588813001414838 ] } },
{ "type": "Feature", "properties": { "ID": 302, "CHURCH_NAME": "BAKER BAPTIST CHURCH", "FULL_ADDRESS": "3241 GROOM RD", "CITY": "BAKER", "STATE": "LOUISIANA", "ZIP": 70714, "PHONE_NUMBER": null, "WEBSITE": null }, "geometry": { "type": "Point", "coordinates": [ -91.166403687641022, 30.588362743544149 ] } },
{ "type": "Feature", "properties": { "ID": 303, "CHURCH_NAME": "GOSPEL LIGHT BAPTIST CHURCH", "FULL_ADDRESS": "20440 HIGHLAND RD", "CITY": "BATON ROUGE", "STATE": "LOUISIANA", "ZIP": 70817, "PHONE_NUMBER": null, "WEBSITE": null }, "geometry": { "type": "Point", "coordinates": [ -91.0048258063389, 30.360555980878097 ] } },
{ "type": "Feature", "properties": { "ID": 304, "CHURCH_NAME": "CHURCH OF JESUS CHRIST OF LATTER DAY SAINTS - BATON ROUGE TEMPLE", "FULL_ADDRESS": "10335 HIGHLAND RD", "CITY": "BATON ROUGE", "STATE": "LOUISIANA", "ZIP": 70810, "PHONE_NUMBER": null, "WEBSITE": null }, "geometry": { "type": "Point", "coordinates": [ -91.10910238883119, 30.361737454238 ] } },
{ "type": "Feature", "properties": { "ID": 305, "CHURCH_NAME": "NEW CANAAN BAPTIST CHURCH", "FULL_ADDRESS": "2160 HIGHLAND RD", "CITY": "BATON ROUGE", "STATE": "LOUISIANA", "ZIP": 70802, "PHONE_NUMBER": null, "WEBSITE": null }, "geometry": { "type": "Point", "coordinates": [ -91.181174756586188, 30.427529772249322 ] } },
{ "type": "Feature", "properties": { "ID": 306, "CHURCH_NAME": "UNIVERSITY BAPTIST CHURCH", "FULL_ADDRESS": "5775 HIGHLAND RD", "CITY": "BATON ROUGE", "STATE": "LOUISIANA", "ZIP": 70808, "PHONE_NUMBER": null, "WEBSITE": null }, "geometry": { "type": "Point", "coordinates": [ -91.154862981232355, 30.392261772234225 ] } },
{ "type": "Feature", "properties": { "ID": 307, "CHURCH_NAME": "HOUSE OF REFUGE MINISTRIES", "FULL_ADDRESS": "1509 HIGHLAND RD", "CITY": "BATON ROUGE", "STATE": "LOUISIANA", "ZIP": 70802, "PHONE_NUMBER": null, "WEBSITE": null }, "geometry": { "type": "Point", "coordinates": [ -91.183323456793289, 30.433841525231685 ] } },
{ "type": "Feature", "properties": { "ID": 308, "CHURCH_NAME": "WORD TABERNACLE CHURCH", "FULL_ADDRESS": "13653 HIGHLAND RD", "CITY": "BATON ROUGE", "STATE": "LOUISIANA", "ZIP": 70810, "PHONE_NUMBER": null, "WEBSITE": null }, "geometry": { "type": "Point", "coordinates": [ -91.077494793192571, 30.348997293483329 ] } },
{ "type": "Feature", "properties": { "ID": 309, "CHURCH_NAME": "NEW RISING SUN BAPTIST CHURCH EDUCATION FACILITY", "FULL_ADDRESS": "16313 HIGHLAND RD", "CITY": "BATON ROUGE", "STATE": "LOUISIANA", "ZIP": 70810, "PHONE_NUMBER": null, "WEBSITE": null }, "geometry": { "type": "Point", "coordinates": [ -91.046228399833453, 30.347280711431981 ] } },
{ "type": "Feature", "properties": { "ID": 310, "CHURCH_NAME": "LATTER DAY SAINTS", "FULL_ADDRESS": "10335 HIGHLAND RD", "CITY": "BATON ROUGE", "STATE": "LOUISIANA", "ZIP": 70810, "PHONE_NUMBER": null, "WEBSITE": null }, "geometry": { "type": "Point", "coordinates": [ -91.10910238883119, 30.361737454238 ] } },
{ "type": "Feature", "properties": { "ID": 311, "CHURCH_NAME": "HIGHLAND PRESBYTERIAN CHURCH", "FULL_ADDRESS": "10024 HIGHLAND RD", "CITY": "BATON ROUGE", "STATE": "LOUISIANA", "ZIP": 70810, "PHONE_NUMBER": null, "WEBSITE": null }, "geometry": { "type": "Point", "coordinates": [ -91.113066923779428, 30.36206163223596 ] } },
{ "type": "Feature", "properties": { "ID": 312, "CHURCH_NAME": "ST. JUDE CATHOLIC CHURCH", "FULL_ADDRESS": "9150 HIGHLAND RD", "CITY": "BATON ROUGE", "STATE": "LOUISIANA", "ZIP": 70808, "PHONE_NUMBER": null, "WEBSITE": null }, "geometry": { "type": "Point", "coordinates": [ -91.121625681416518, 30.366138703985769 ] } },
{ "type": "Feature", "properties": { "ID": 313, "CHURCH_NAME": "ST JUDE APOSTLE SCHOOL", "FULL_ADDRESS": "9150 HIGHLAND RD", "CITY": "BATON ROUGE", "STATE": "LOUISIANA", "ZIP": 70808, "PHONE_NUMBER": null, "WEBSITE": null }, "geometry": { "type": "Point", "coordinates": [ -91.121625681416518, 30.366138703985769 ] } },
{ "type": "Feature", "properties": { "ID": 314, "CHURCH_NAME": "NEW RISING SUN BAPTIST CHURCH", "FULL_ADDRESS": "16444 HIGHLAND RD", "CITY": "BATON ROUGE", "STATE": "LOUISIANA", "ZIP": 70810, "PHONE_NUMBER": null, "WEBSITE": null }, "geometry": { "type": "Point", "coordinates": [ -91.045907671018853, 30.345899621296866 ] } },
{ "type": "Feature", "properties": { "ID": 315, "CHURCH_NAME": "CHRIST THE KING CHURCH & CATHOLIC STUDENT CENTER", "FULL_ADDRESS": "3537 HIGHLAND RD", "CITY": "BATON ROUGE", "STATE": "LOUISIANA", "ZIP": 70808, "PHONE_NUMBER": null, "WEBSITE": "http://www.ctklsu.org" }, "geometry": { "type": "Point", "coordinates": [ -91.176014917873914, 30.416211434186408 ] } },
{ "type": "Feature", "properties": { "ID": 316, "CHURCH_NAME": "HOLLYWOOD ST CHURCH OF CHRIST", "FULL_ADDRESS": "5111 HOLLYWOOD ST", "CITY": "BATON ROUGE", "STATE": "LOUISIANA", "ZIP": 70805, "PHONE_NUMBER": null, "WEBSITE": null }, "geometry": { "type": "Point", "coordinates": [ -91.139483844304792, 30.500050485803762 ] } },
{ "type": "Feature", "properties": { "ID": 317, "CHURCH_NAME": "KINGDOM HALL OF JEHOVAH'S WITNESSES", "FULL_ADDRESS": "4848 HOLLYWOOD ST", "CITY": "BATON ROUGE", "STATE": "LOUISIANA", "ZIP": 70805, "PHONE_NUMBER": null, "WEBSITE": null }, "geometry": { "type": "Point", "coordinates": [ -91.142055979981436, 30.499237499487439 ] } },
{ "type": "Feature", "properties": { "ID": 318, "CHURCH_NAME": "ANGEL'S OF PRAISE MINISTRY", "FULL_ADDRESS": "5627 HOLLYWOOD-GREENWELL XOVR, STE C", "CITY": "BATON ROUGE", "STATE": "LOUISIANA", "ZIP": 70805, "PHONE_NUMBER": null, "WEBSITE": null }, "geometry": { "type": "Point", "coordinates": [ -91.134130513552535, 30.501029948796383 ] } },
{ "type": "Feature", "properties": { "ID": 319, "CHURCH_NAME": "BETHANY WORLD PRAYER CENTER, SOUTH CAMPUS", "FULL_ADDRESS": "11107 HONORE LN", "CITY": "BATON ROUGE", "STATE": "LOUISIANA", "ZIP": 70809, "PHONE_NUMBER": null, "WEBSITE": null }, "geometry": { "type": "Point", "coordinates": [ -91.056026997438963, 30.386766115792707 ] } },
{ "type": "Feature", "properties": { "ID": 320, "CHURCH_NAME": "HARVEST TIME HIGHWAY MINISTRIES", "FULL_ADDRESS": "10959 HONORE LN", "CITY": "BATON ROUGE", "STATE": "LOUISIANA", "ZIP": 70809, "PHONE_NUMBER": null, "WEBSITE": null }, "geometry": { "type": "Point", "coordinates": [ -91.058271881856641, 30.387078085866221 ] } },
{ "type": "Feature", "properties": { "ID": 321, "CHURCH_NAME": "NEW LIGHT BAPTIST CHURCH", "FULL_ADDRESS": "18515 HOO SHOO TOO RD", "CITY": "BATON ROUGE", "STATE": "LOUISIANA", "ZIP": 70817, "PHONE_NUMBER": null, "WEBSITE": null }, "geometry": { "type": "Point", "coordinates": [ -90.983409363791537, 30.357209660386548 ] } },
{ "type": "Feature", "properties": { "ID": 322, "CHURCH_NAME": "CAPITAL MISSIONARY BAPTIST CHURCH", "FULL_ADDRESS": "5565 HOOPER RD", "CITY": "BATON ROUGE", "STATE": "LOUISIANA", "ZIP": 70811, "PHONE_NUMBER": null, "WEBSITE": null }, "geometry": { "type": "Point", "coordinates": [ -91.134637543252452, 30.526539146314224 ] } },
{ "type": "Feature", "properties": { "ID": 323, "CHURCH_NAME": "THE HOUSE OF JUDAH MINISTRIES", "FULL_ADDRESS": "5956 HOOPER RD", "CITY": "BATON ROUGE", "STATE": "LOUISIANA", "ZIP": 70811, "PHONE_NUMBER": null, "WEBSITE": null }, "geometry": { "type": "Point", "coordinates": [ -91.131517363982127, 30.525513355179847 ] } },
{ "type": "Feature", "properties": { "ID": 324, "CHURCH_NAME": "GREATER DIVINE MISSIONARY BAPTIST CHURCH", "FULL_ADDRESS": "6045 HOOPER RD", "CITY": "BATON ROUGE", "STATE": "LOUISIANA", "ZIP": 70811, "PHONE_NUMBER": null, "WEBSITE": null }, "geometry": { "type": "Point", "coordinates": [ -91.131038172626162, 30.526487098427772 ] } },
{ "type": "Feature", "properties": { "ID": 325, "CHURCH_NAME": "ABOUNDING LOVE MINISTRIES", "FULL_ADDRESS": "7076 HOOPER RD", "CITY": "BATON ROUGE", "STATE": "LOUISIANA", "ZIP": 70811, "PHONE_NUMBER": null, "WEBSITE": null }, "geometry": { "type": "Point", "coordinates": [ -91.120473463246924, 30.526495448965061 ] } },
{ "type": "Feature", "properties": { "ID": 326, "CHURCH_NAME": "ZOAR BAPTIST CHURCH", "FULL_ADDRESS": "11848 HOOPER RD", "CITY": "CENTRAL", "STATE": "LOUISIANA", "ZIP": 70818, "PHONE_NUMBER": null, "WEBSITE": null }, "geometry": { "type": "Point", "coordinates": [ -91.054622973055444, 30.54613106525796 ] } },
{ "type": "Feature", "properties": { "ID": 327, "CHURCH_NAME": "LIFE TABERNACLE CHURCH", "FULL_ADDRESS": "9323 HOOPER RD", "CITY": "BAKER", "STATE": "LOUISIANA", "ZIP": 70714, "PHONE_NUMBER": null, "WEBSITE": null }, "geometry": { "type": "Point", "coordinates": [ -91.085528016868011, 30.535018032369539 ] } },
{ "type": "Feature", "properties": { "ID": 328, "CHURCH_NAME": "MT VERNON BAPT CHURCH", "FULL_ADDRESS": "2404 HOVEY AVE", "CITY": "BAKER", "STATE": "LOUISIANA", "ZIP": 70714, "PHONE_NUMBER": null, "WEBSITE": null }, "geometry": { "type": "Point", "coordinates": [ -91.185155052185038, 30.59632164110695 ] } },
{ "type": "Feature", "properties": { "ID": 329, "CHURCH_NAME": "PLEASANT GREEN BAPTIST CHURCH", "FULL_ADDRESS": "364 HOWARD ST", "CITY": "BATON ROUGE", "STATE": "LOUISIANA", "ZIP": 70802, "PHONE_NUMBER": null, "WEBSITE": null }, "geometry": { "type": "Point", "coordinates": [ -91.181485824271704, 30.433118228926745 ] } },
{ "type": "Feature", "properties": { "ID": 330, "CHURCH_NAME": "CONGREGATION OF ST. JOSEPH CONVENT", "FULL_ADDRESS": "3134 HUNDRED OAKS AVE", "CITY": "BATON ROUGE", "STATE": "LOUISIANA", "ZIP": 70808, "PHONE_NUMBER": null, "WEBSITE": null }, "geometry": { "type": "Point", "coordinates": [ -91.156050003392025, 30.431707111298984 ] } },
{ "type": "Feature", "properties": { "ID": 331, "CHURCH_NAME": "ST. PHILLIP DIVINE-SPIRITUAL CHURCH OF CHRIST", "FULL_ADDRESS": "10188 HYACINTH AVE", "CITY": "BATON ROUGE", "STATE": "LOUISIANA", "ZIP": 70810, "PHONE_NUMBER": null, "WEBSITE": null }, "geometry": { "type": "Point", "coordinates": [ -91.10025947896527, 30.379834968281074 ] } },
{ "type": "Feature", "properties": { "ID": 332, "CHURCH_NAME": "RESURRECTION & NEW LIFE FELLOWSHIP", "FULL_ADDRESS": "7569 E INDUSTRIAL AVE", "CITY": "BATON ROUGE", "STATE": "LOUISIANA", "ZIP": 70814, "PHONE_NUMBER": null, "WEBSITE": null }, "geometry": { "type": "Point", "coordinates": [ -91.112345840430663, 30.473169027947279 ] } },
{ "type": "Feature", "properties": { "ID": 333, "CHURCH_NAME": "ANTIOCH FAMILY CHURCH", "FULL_ADDRESS": "11940 INDUSTRIPLEX BLVD, STE 1", "CITY": "BATON ROUGE", "STATE": "LOUISIANA", "ZIP": 70809, "PHONE_NUMBER": null, "WEBSITE": null }, "geometry": { "type": "Point", "coordinates": [ -91.048835929775066, 30.383952580983365 ] } },
{ "type": "Feature", "properties": { "ID": 334, "CHURCH_NAME": "BROTHERS OF SACRED HEARTH", "FULL_ADDRESS": "4815 JAMESTOWN AVE", "CITY": "BATON ROUGE", "STATE": "LOUISIANA", "ZIP": 70808, "PHONE_NUMBER": null, "WEBSITE": null }, "geometry": { "type": "Point", "coordinates": [ -91.135692192625498, 30.420373308363182 ] } },
{ "type": "Feature", "properties": { "ID": 335, "CHURCH_NAME": "ISTROUMA BAPTIST CHURCH", "FULL_ADDRESS": "10265 JANICE ST", "CITY": "BATON ROUGE", "STATE": "LOUISIANA", "ZIP": 70816, "PHONE_NUMBER": null, "WEBSITE": null }, "geometry": { "type": "Point", "coordinates": [ -91.070064952638702, 30.421501168587646 ] } },
{ "type": "Feature", "properties": { "ID": 336, "CHURCH_NAME": "NEW BETHEL BAPTIST CHURCH", "FULL_ADDRESS": "2746 JAY ST", "CITY": "BATON ROUGE", "STATE": "LOUISIANA", "ZIP": 70807, "PHONE_NUMBER": null, "WEBSITE": null }, "geometry": { "type": "Point", "coordinates": [ -91.165128836952178, 30.526112087628515 ] } },
{ "type": "Feature", "properties": { "ID": 337, "CHURCH_NAME": "PARKVIEW BAPTIST CHURCH", "FULL_ADDRESS": "11795 JEFFERSON HWY", "CITY": "BATON ROUGE", "STATE": "LOUISIANA", "ZIP": 70816, "PHONE_NUMBER": null, "WEBSITE": null }, "geometry": { "type": "Point", "coordinates": [ -91.049468941024713, 30.396201299864465 ] } },
{ "type": "Feature", "properties": { "ID": 338, "CHURCH_NAME": "BETH SHALOM SYNAGOGUE", "FULL_ADDRESS": "9111 JEFFERSON HWY", "CITY": "BATON ROUGE", "STATE": "LOUISIANA", "ZIP": 70809, "PHONE_NUMBER": null, "WEBSITE": null }, "geometry": { "type": "Point", "coordinates": [ -91.084966760335874, 30.416304490947056 ] } },
{ "type": "Feature", "properties": { "ID": 339, "CHURCH_NAME": "COMMUNITY BIBLE CHURCH", "FULL_ADDRESS": "8354 JEFFERSON HWY", "CITY": "BATON ROUGE", "STATE": "LOUISIANA", "ZIP": 70809, "PHONE_NUMBER": null, "WEBSITE": null }, "geometry": { "type": "Point", "coordinates": [ -91.100826083765412, 30.419743337386418 ] } },
{ "type": "Feature", "properties": { "ID": 340, "CHURCH_NAME": "JEFFERSON UNITED METHODIST CHURCH", "FULL_ADDRESS": "10328 JEFFERSON HWY", "CITY": "BATON ROUGE", "STATE": "LOUISIANA", "ZIP": 70809, "PHONE_NUMBER": null, "WEBSITE": null }, "geometry": { "type": "Point", "coordinates": [ -91.069124537636384, 30.408924835214943 ] } },
{ "type": "Feature", "properties": { "ID": 341, "CHURCH_NAME": "GREATER HOLLYWOOD BAPTIST CHURCH", "FULL_ADDRESS": "711 JEFFERSON HWY, STE 7", "CITY": "BATON ROUGE", "STATE": "LOUISIANA", "ZIP": 70806, "PHONE_NUMBER": null, "WEBSITE": null }, "geometry": { "type": "Point", "coordinates": [ -91.129970513800274, 30.442679277414719 ] } },
{ "type": "Feature", "properties": { "ID": 342, "CHURCH_NAME": "CHURCH OF CHRIST SOUTH BATON ROUGE", "FULL_ADDRESS": "8725 JEFFERSON HWY", "CITY": "BATON ROUGE", "STATE": "LOUISIANA", "ZIP": 70809, "PHONE_NUMBER": null, "WEBSITE": null }, "geometry": { "type": "Point", "coordinates": [ -91.093056402767843, 30.419289780235719 ] } },
{ "type": "Feature", "properties": { "ID": 343, "CHURCH_NAME": "JEFFERSON BAPTIST CHURCH", "FULL_ADDRESS": "9135 JEFFERSON HWY", "CITY": "BATON ROUGE", "STATE": "LOUISIANA", "ZIP": 70809, "PHONE_NUMBER": "225-295-2129", "WEBSITE": "http://jack-and-jill.org" }, "geometry": { "type": "Point", "coordinates": [ -91.08433164747558, 30.414799223199431 ] } },
{ "type": "Feature", "properties": { "ID": 344, "CHURCH_NAME": "ST. LUKE BAPTIST CHURCH", "FULL_ADDRESS": "16262 JEFFERSON HWY", "CITY": "BATON ROUGE", "STATE": "LOUISIANA", "ZIP": 70817, "PHONE_NUMBER": null, "WEBSITE": null }, "geometry": { "type": "Point", "coordinates": [ -91.010056305995064, 30.36813704309364 ] } },
{ "type": "Feature", "properties": { "ID": 345, "CHURCH_NAME": "INDIGO SPIRITUAL CENTER LLC", "FULL_ADDRESS": "609 JEFFERSON HWY", "CITY": "BATON ROUGE", "STATE": "LOUISIANA", "ZIP": 70806, "PHONE_NUMBER": null, "WEBSITE": null }, "geometry": { "type": "Point", "coordinates": [ -91.130209424584621, 30.443714097684559 ] } },
{ "type": "Feature", "properties": { "ID": 346, "CHURCH_NAME": "ST. MATTHEW THE APOSTOLE ORTHODOX CHURCH", "FULL_ADDRESS": "8775 JEFFERSON HWY, STE E", "CITY": "BATON ROUGE", "STATE": "LOUISIANA", "ZIP": 70809, "PHONE_NUMBER": null, "WEBSITE": null }, "geometry": { "type": "Point", "coordinates": [ -91.091578070096816, 30.418496480432285 ] } },
{ "type": "Feature", "properties": { "ID": 347, "CHURCH_NAME": "MOST BLESSED SACRAMENT CATHOLIC CHURCH", "FULL_ADDRESS": "15615 JEFFERSON HWY", "CITY": "BATON ROUGE", "STATE": "LOUISIANA", "ZIP": 70817, "PHONE_NUMBER": null, "WEBSITE": "http://www.mbsparish.org" }, "geometry": { "type": "Point", "coordinates": [ -91.013852246472567, 30.37503149614194 ] } },
{ "type": "Feature", "properties": { "ID": 348, "CHURCH_NAME": "ST. PAUL THE APOSTLE CATHOLIC CHURCH", "FULL_ADDRESS": "3912 GUS YOUNG AVE", "CITY": "BATON ROUGE", "STATE": "LOUISIANA", "ZIP": 70802, "PHONE_NUMBER": null, "WEBSITE": null }, "geometry": { "type": "Point", "coordinates": [ -91.151339081185881, 30.46143061060533 ] } },
{ "type": "Feature", "properties": { "ID": 349, "CHURCH_NAME": "ELM PARK BAPTIST CHURCH", "FULL_ADDRESS": "7317 HANKS DR", "CITY": "BATON ROUGE", "STATE": "LOUISIANA", "ZIP": 70812, "PHONE_NUMBER": null, "WEBSITE": null }, "geometry": { "type": "Point", "coordinates": [ -91.116615480081094, 30.496163442152305 ] } },
{ "type": "Feature", "properties": { "ID": 350, "CHURCH_NAME": "JESUS THE LIGHT WORLD", "FULL_ADDRESS": "2012 N HARCO DR", "CITY": "BATON ROUGE", "STATE": "LOUISIANA", "ZIP": 70815, "PHONE_NUMBER": null, "WEBSITE": null }, "geometry": { "type": "Point", "coordinates": [ -91.041637729278904, 30.471116689244262 ] } },
{ "type": "Feature", "properties": { "ID": 351, "CHURCH_NAME": "MT. ZION BAPTIST CHURCH", "FULL_ADDRESS": "2521 HARDING BLVD", "CITY": "BATON ROUGE", "STATE": "LOUISIANA", "ZIP": 70807, "PHONE_NUMBER": null, "WEBSITE": null }, "geometry": { "type": "Point", "coordinates": [ -91.166840309931061, 30.521353143846586 ] } },
{ "type": "Feature", "properties": { "ID": 352, "CHURCH_NAME": "MARTIN LUTHER KING CATHOLIC STUDENT CENTER", "FULL_ADDRESS": "586 HARDING BLVD", "CITY": "BATON ROUGE", "STATE": "LOUISIANA", "ZIP": 70807, "PHONE_NUMBER": null, "WEBSITE": null }, "geometry": { "type": "Point", "coordinates": [ -91.192787084245296, 30.519897141033432 ] } },
{ "type": "Feature", "properties": { "ID": 353, "CHURCH_NAME": "GRACE OF GOD CHURCH FELLOWSHIP", "FULL_ADDRESS": "1725 HARDING BLVD", "CITY": "BATON ROUGE", "STATE": "LOUISIANA", "ZIP": 70807, "PHONE_NUMBER": null, "WEBSITE": null }, "geometry": { "type": "Point", "coordinates": [ -91.174999453061844, 30.520909567083955 ] } },
{ "type": "Feature", "properties": { "ID": 354, "CHURCH_NAME": "WESLEY FOUNDATION, THE", "FULL_ADDRESS": "748 HARDING BLVD", "CITY": "BATON ROUGE", "STATE": "LOUISIANA", "ZIP": 70807, "PHONE_NUMBER": null, "WEBSITE": null }, "geometry": { "type": "Point", "coordinates": [ -91.188238552851786, 30.519966512008168 ] } },
{ "type": "Feature", "properties": { "ID": 355, "CHURCH_NAME": "BAPTIST STUDENT UNION", "FULL_ADDRESS": "724 HARDING BLVD", "CITY": "BATON ROUGE", "STATE": "LOUISIANA", "ZIP": 70807, "PHONE_NUMBER": null, "WEBSITE": null }, "geometry": { "type": "Point", "coordinates": [ -91.189615544496888, 30.519759570096582 ] } },
{ "type": "Feature", "properties": { "ID": 356, "CHURCH_NAME": "HARDING STREET BAPTIST CHURCH", "FULL_ADDRESS": "4345 HARDING ST", "CITY": "BAKER", "STATE": "LOUISIANA", "ZIP": 70714, "PHONE_NUMBER": null, "WEBSITE": null }, "geometry": { "type": "Point", "coordinates": [ -91.154752009265906, 30.583875922424053 ] } },
{ "type": "Feature", "properties": { "ID": 357, "CHURCH_NAME": "NEW CANAAN BAPTIST CHURCH", "FULL_ADDRESS": "353 E HARDING ST", "CITY": "BATON ROUGE", "STATE": "LOUISIANA", "ZIP": 70802, "PHONE_NUMBER": null, "WEBSITE": null }, "geometry": { "type": "Point", "coordinates": [ -91.17846080054602, 30.426186624502087 ] } },
{ "type": "Feature", "properties": { "ID": 358, "CHURCH_NAME": "SPORTS CLUB OF BATON ROUGE", "FULL_ADDRESS": "12061 N HARRELL'S FERRY RD", "CITY": "BATON ROUGE", "STATE": "LOUISIANA", "ZIP": 70816, "PHONE_NUMBER": null, "WEBSITE": null }, "geometry": { "type": "Point", "coordinates": [ -91.046828313370014, 30.433366799140583 ] } },
{ "type": "Feature", "properties": { "ID": 359, "CHURCH_NAME": "HOUSE OF TESTIMONIES MINISTRIES", "FULL_ADDRESS": "12061 N HARRELL'S FERRY RD", "CITY": "BATON ROUGE", "STATE": "LOUISIANA", "ZIP": 70816, "PHONE_NUMBER": null, "WEBSITE": null }, "geometry": { "type": "Point", "coordinates": [ -91.046828313370014, 30.433366799140583 ] } },
{ "type": "Feature", "properties": { "ID": 360, "CHURCH_NAME": "CAPITAL CITY CHURCH OF CHRIST", "FULL_ADDRESS": "18282 S HARRELL'S FERRY RD", "CITY": "BATON ROUGE", "STATE": "LOUISIANA", "ZIP": 70816, "PHONE_NUMBER": null, "WEBSITE": null }, "geometry": { "type": "Point", "coordinates": [ -90.984847138658253, 30.420121377618514 ] } },
{ "type": "Feature", "properties": { "ID": 361, "CHURCH_NAME": "GREATER FELLOWSHIP OUTREACH CENTER", "FULL_ADDRESS": "11752 S HARRELL'S FERRY RD, STE E", "CITY": "BATON ROUGE", "STATE": "LOUISIANA", "ZIP": 70816, "PHONE_NUMBER": null, "WEBSITE": null }, "geometry": { "type": "Point", "coordinates": [ -91.051639924408889, 30.430453865765038 ] } },
{ "type": "Feature", "properties": { "ID": 362, "CHURCH_NAME": "PARKSIDE BAPTIST CHURCH", "FULL_ADDRESS": "14140 S HARRELL'S FERRY RD", "CITY": "BATON ROUGE", "STATE": "LOUISIANA", "ZIP": 70816, "PHONE_NUMBER": null, "WEBSITE": null }, "geometry": { "type": "Point", "coordinates": [ -91.02760307212948, 30.42964374713512 ] } },
{ "type": "Feature", "properties": { "ID": 363, "CHURCH_NAME": "ST. JEAN VIANNEY CATHOLIC CHURCH", "FULL_ADDRESS": "16166 S HARRELL'S FERRY RD", "CITY": "BATON ROUGE", "STATE": "LOUISIANA", "ZIP": 70816, "PHONE_NUMBER": null, "WEBSITE": "https://www.stjeanvianney.org" }, "geometry": { "type": "Point", "coordinates": [ -91.006389525564373, 30.423379876250891 ] } },
{ "type": "Feature", "properties": { "ID": 364, "CHURCH_NAME": "EPISCOPAL CHURCH OF THE HOLY SPIRIT, THE", "FULL_ADDRESS": "14344 S HARRELL'S FERRY RD", "CITY": "BATON ROUGE", "STATE": "LOUISIANA", "ZIP": 70816, "PHONE_NUMBER": null, "WEBSITE": null }, "geometry": { "type": "Point", "coordinates": [ -91.026509764068294, 30.428815971832535 ] } },
{ "type": "Feature", "properties": { "ID": 365, "CHURCH_NAME": "SOUTHERN DISTRICT LUTHERAN CHURCH", "FULL_ADDRESS": "15160 S HARRELL'S FERRY RD", "CITY": "BATON ROUGE", "STATE": "LOUISIANA", "ZIP": 70816, "PHONE_NUMBER": null, "WEBSITE": null }, "geometry": { "type": "Point", "coordinates": [ -91.018252064387084, 30.426394517591731 ] } },
{ "type": "Feature", "properties": { "ID": 366, "CHURCH_NAME": "GOD'S VINEYARD BAPTIST CHURCH", "FULL_ADDRESS": "8486 HARRY DR", "CITY": "BATON ROUGE", "STATE": "LOUISIANA", "ZIP": 70815, "PHONE_NUMBER": null, "WEBSITE": null }, "geometry": { "type": "Point", "coordinates": [ -91.099386460614966, 30.461428945145936 ] } },
{ "type": "Feature", "properties": { "ID": 367, "CHURCH_NAME": "VICTORY & POWER MINISTRY", "FULL_ADDRESS": "6940 HARRY DR", "CITY": "BATON ROUGE", "STATE": "LOUISIANA", "ZIP": 70806, "PHONE_NUMBER": null, "WEBSITE": null }, "geometry": { "type": "Point", "coordinates": [ -91.119936012944152, 30.456741903336614 ] } },
{ "type": "Feature", "properties": { "ID": 368, "CHURCH_NAME": "LIBERTY DEAF BAPTIST CHURCH", "FULL_ADDRESS": "1438 HARWICH DR", "CITY": "BATON ROUGE", "STATE": "LOUISIANA", "ZIP": 70820, "PHONE_NUMBER": null, "WEBSITE": null }, "geometry": { "type": "Point", "coordinates": [ -91.18729582840875, 30.390230977188239 ] } },
{ "type": "Feature", "properties": { "ID": 369, "CHURCH_NAME": "NORTH BATON ROUGE CHURCH OF CHRIST", "FULL_ADDRESS": "4405 HATCHER AVE", "CITY": "BATON ROUGE", "STATE": "LOUISIANA", "ZIP": 70806, "PHONE_NUMBER": null, "WEBSITE": null }, "geometry": { "type": "Point", "coordinates": [ -91.144085917447185, 30.447691733332281 ] } },
{ "type": "Feature", "properties": { "ID": 370, "CHURCH_NAME": "IGLESIA DE DIOS EMANUEL", "FULL_ADDRESS": "230 LITTLE JOHN DR", "CITY": "BATON ROUGE", "STATE": "LOUISIANA", "ZIP": 70815, "PHONE_NUMBER": null, "WEBSITE": null }, "geometry": { "type": "Point", "coordinates": [ -91.05163022620134, 30.458885454631972 ] } },
{ "type": "Feature", "properties": { "ID": 371, "CHURCH_NAME": "JUBILEE CHRISTIAN CENTER CHURCH", "FULL_ADDRESS": "230 LITTLE JOHN DR", "CITY": "BATON ROUGE", "STATE": "LOUISIANA", "ZIP": 70815, "PHONE_NUMBER": null, "WEBSITE": null }, "geometry": { "type": "Point", "coordinates": [ -91.05163022620134, 30.458885454631972 ] } },
{ "type": "Feature", "properties": { "ID": 372, "CHURCH_NAME": "CHRISTIAN LIFE BIBLE CHURCH", "FULL_ADDRESS": "1111 LOBDELL BLVD", "CITY": "BATON ROUGE", "STATE": "LOUISIANA", "ZIP": 70806, "PHONE_NUMBER": null, "WEBSITE": null }, "geometry": { "type": "Point", "coordinates": [ -91.115288178951801, 30.460294727368446 ] } },
{ "type": "Feature", "properties": { "ID": 373, "CHURCH_NAME": "GREATER KING DAVID BAPTIST CHURCH", "FULL_ADDRESS": "911 LOBDELL BLVD", "CITY": "BATON ROUGE", "STATE": "LOUISIANA", "ZIP": 70806, "PHONE_NUMBER": "225-927-0577", "WEBSITE": "http://greaterkingdavid.org/" }, "geometry": { "type": "Point", "coordinates": [ -91.11380791026231, 30.45874133916076 ] } },
{ "type": "Feature", "properties": { "ID": 374, "CHURCH_NAME": "SOMEONE CARES MINISTRY CENTER", "FULL_ADDRESS": "400 LOFASO ST", "CITY": "BATON ROUGE", "STATE": "LOUISIANA", "ZIP": 70806, "PHONE_NUMBER": null, "WEBSITE": null }, "geometry": { "type": "Point", "coordinates": [ -91.149589040604411, 30.45163504447622 ] } },
{ "type": "Feature", "properties": { "ID": 375, "CHURCH_NAME": "CHURCH", "FULL_ADDRESS": "2868 LORRAINE ST", "CITY": "BATON ROUGE", "STATE": "LOUISIANA", "ZIP": 70805, "PHONE_NUMBER": null, "WEBSITE": null }, "geometry": { "type": "Point", "coordinates": [ -91.161663155198639, 30.49662244833705 ] } },
{ "type": "Feature", "properties": { "ID": 376, "CHURCH_NAME": "MCKOWEN BAPTIST CHURCH", "FULL_ADDRESS": "1255 LOUISE ST", "CITY": "BATON ROUGE", "STATE": "LOUISIANA", "ZIP": 70802, "PHONE_NUMBER": null, "WEBSITE": null }, "geometry": { "type": "Point", "coordinates": [ -91.175087644005274, 30.434457643005011 ] } },
{ "type": "Feature", "properties": { "ID": 377, "CHURCH_NAME": "NEW FAITH ADULT DAY PROGRAM", "FULL_ADDRESS": "445 LOVERS LN", "CITY": "BATON ROUGE", "STATE": "LOUISIANA", "ZIP": 70806, "PHONE_NUMBER": null, "WEBSITE": null }, "geometry": { "type": "Point", "coordinates": [ -91.152585489925656, 30.444804912678805 ] } },
{ "type": "Feature", "properties": { "ID": 378, "CHURCH_NAME": "SHEKINAH GLORY", "FULL_ADDRESS": "445 LOVERS LN", "CITY": "BATON ROUGE", "STATE": "LOUISIANA", "ZIP": 70806, "PHONE_NUMBER": null, "WEBSITE": null }, "geometry": { "type": "Point", "coordinates": [ -91.152585489925656, 30.444804912678805 ] } },
{ "type": "Feature", "properties": { "ID": 379, "CHURCH_NAME": "CHRISTIAN OUTREACH CENTER", "FULL_ADDRESS": "1427 MAIN ST", "CITY": "BATON ROUGE", "STATE": "LOUISIANA", "ZIP": 70802, "PHONE_NUMBER": null, "WEBSITE": null }, "geometry": { "type": "Point", "coordinates": [ -91.175143606078947, 30.45208318047808 ] } },
{ "type": "Feature", "properties": { "ID": 380, "CHURCH_NAME": "SACRED HEART OF JESUS CATHOLIC CHURCH", "FULL_ADDRESS": "2250 MAIN ST", "CITY": "BATON ROUGE", "STATE": "LOUISIANA", "ZIP": 70802, "PHONE_NUMBER": "225-665-3600", "WEBSITE": "http://sacredheartbr.com" }, "geometry": { "type": "Point", "coordinates": [ -91.165334420411057, 30.451063975580475 ] } },
{ "type": "Feature", "properties": { "ID": 381, "CHURCH_NAME": "PRAISE NATION", "FULL_ADDRESS": "10267 MAMMOTH AVE", "CITY": "BATON ROUGE", "STATE": "LOUISIANA", "ZIP": 70814, "PHONE_NUMBER": null, "WEBSITE": null }, "geometry": { "type": "Point", "coordinates": [ -91.072987035805511, 30.477403963897867 ] } },
{ "type": "Feature", "properties": { "ID": 382, "CHURCH_NAME": "GLEN OAKS BAPTIST CHURCH", "FULL_ADDRESS": "7200 MAPLEWOOD DR", "CITY": "BATON ROUGE", "STATE": "LOUISIANA", "ZIP": 70812, "PHONE_NUMBER": null, "WEBSITE": null }, "geometry": { "type": "Point", "coordinates": [ -91.120121951291196, 30.505818982859932 ] } },
{ "type": "Feature", "properties": { "ID": 383, "CHURCH_NAME": "FIRST APOSTOLIC LIGHT ASSEMBLY", "FULL_ADDRESS": "3513 MARIBEL DR", "CITY": "BATON ROUGE", "STATE": "LOUISIANA", "ZIP": 70812, "PHONE_NUMBER": null, "WEBSITE": null }, "geometry": { "type": "Point", "coordinates": [ -91.112957563660927, 30.481587042063307 ] } },
{ "type": "Feature", "properties": { "ID": 384, "CHURCH_NAME": "WISDOM ROCK MINISTRIES", "FULL_ADDRESS": "3770 MARIBEL DR", "CITY": "BATON ROUGE", "STATE": "LOUISIANA", "ZIP": 70814, "PHONE_NUMBER": null, "WEBSITE": null }, "geometry": { "type": "Point", "coordinates": [ -91.111388441873345, 30.484702579256094 ] } },
{ "type": "Feature", "properties": { "ID": 385, "CHURCH_NAME": "GRACE & TRUTH", "FULL_ADDRESS": "279 MARILYN DR, BLDG 1", "CITY": "BATON ROUGE", "STATE": "LOUISIANA", "ZIP": 70815, "PHONE_NUMBER": null, "WEBSITE": null }, "geometry": { "type": "Point", "coordinates": [ -91.076761322658498, 30.453419113586286 ] } },
{ "type": "Feature", "properties": { "ID": 386, "CHURCH_NAME": "OUR LADY OF MERCY CATHOLIC CHURCH", "FULL_ADDRESS": "445 MARQUETTE AVE", "CITY": "BATON ROUGE", "STATE": "LOUISIANA", "ZIP": 70806, "PHONE_NUMBER": null, "WEBSITE": null }, "geometry": { "type": "Point", "coordinates": [ -91.124612277596256, 30.445619913225826 ] } },
{ "type": "Feature", "properties": { "ID": 387, "CHURCH_NAME": "OUR LADY OF MERCY PASTOR'S RESIDENCE", "FULL_ADDRESS": "450 MARQUETTE AVE", "CITY": "BATON ROUGE", "STATE": "LOUISIANA", "ZIP": 70806, "PHONE_NUMBER": null, "WEBSITE": null }, "geometry": { "type": "Point", "coordinates": [ -91.125258622021448, 30.445718781255305 ] } },
{ "type": "Feature", "properties": { "ID": 388, "CHURCH_NAME": "NEW BETHEL BAPTIST CHURCH", "FULL_ADDRESS": "1540 MATILDA ST", "CITY": "BATON ROUGE", "STATE": "LOUISIANA", "ZIP": 70802, "PHONE_NUMBER": null, "WEBSITE": null }, "geometry": { "type": "Point", "coordinates": [ -91.172279534791286, 30.435588436532782 ] } },
{ "type": "Feature", "properties": { "ID": 389, "CHURCH_NAME": "GREATER MORNING STAR BAPTIST CHURCH ASSEMBLY", "FULL_ADDRESS": "1002 MAVIS DR", "CITY": "BATON ROUGE", "STATE": "LOUISIANA", "ZIP": 70810, "PHONE_NUMBER": null, "WEBSITE": null }, "geometry": { "type": "Point", "coordinates": [ -91.119623366064815, 30.355889991388352 ] } },
{ "type": "Feature", "properties": { "ID": 390, "CHURCH_NAME": "GOOD SHEPHERD BAPTIST CHURCH", "FULL_ADDRESS": "2873 MISSION DR", "CITY": "BATON ROUGE", "STATE": "LOUISIANA", "ZIP": 70805, "PHONE_NUMBER": null, "WEBSITE": null }, "geometry": { "type": "Point", "coordinates": [ -91.144931666195959, 30.474579561707682 ] } },
{ "type": "Feature", "properties": { "ID": 391, "CHURCH_NAME": "EBENEZER BAPTIST CHURCH", "FULL_ADDRESS": "1901 MISSOURI ST", "CITY": "BATON ROUGE", "STATE": "LOUISIANA", "ZIP": 70802, "PHONE_NUMBER": null, "WEBSITE": null }, "geometry": { "type": "Point", "coordinates": [ -91.172060929102187, 30.430172052067903 ] } },
{ "type": "Feature", "properties": { "ID": 392, "CHURCH_NAME": "COMMUNITY BIBLE BAPTIST CHURCH", "FULL_ADDRESS": "3535 MOHICAN ST", "CITY": "BATON ROUGE", "STATE": "LOUISIANA", "ZIP": 70805, "PHONE_NUMBER": null, "WEBSITE": null }, "geometry": { "type": "Point", "coordinates": [ -91.154395227855801, 30.485102650324603 ] } },
{ "type": "Feature", "properties": { "ID": 393, "CHURCH_NAME": "TIMES OF REFRESHING EVANGELISTIC MINISTRIES", "FULL_ADDRESS": "3745 MOHICAN ST", "CITY": "BATON ROUGE", "STATE": "LOUISIANA", "ZIP": 70805, "PHONE_NUMBER": null, "WEBSITE": null }, "geometry": { "type": "Point", "coordinates": [ -91.152140488143161, 30.485141954605542 ] } },
{ "type": "Feature", "properties": { "ID": 394, "CHURCH_NAME": "CHURCH", "FULL_ADDRESS": "4350 MOHICAN-PRESCOTT XOVR", "CITY": "BATON ROUGE", "STATE": "LOUISIANA", "ZIP": 70805, "PHONE_NUMBER": null, "WEBSITE": null }, "geometry": { "type": "Point", "coordinates": [ -91.146097261812727, 30.485864057029318 ] } },
{ "type": "Feature", "properties": { "ID": 395, "CHURCH_NAME": "BROADMOOR UNITED METHODIST CHURCH", "FULL_ADDRESS": "10230 MOLLYLEA DR", "CITY": "BATON ROUGE", "STATE": "LOUISIANA", "ZIP": 70815, "PHONE_NUMBER": null, "WEBSITE": null }, "geometry": { "type": "Point", "coordinates": [ -91.071385108836921, 30.451757393885472 ] } },
{ "type": "Feature", "properties": { "ID": 396, "CHURCH_NAME": "GREATER ST. MICHAELS SPIRITUAL CHURCH, THE", "FULL_ADDRESS": "5355 MONARCH AVE", "CITY": "BATON ROUGE", "STATE": "LOUISIANA", "ZIP": 70811, "PHONE_NUMBER": null, "WEBSITE": null }, "geometry": { "type": "Point", "coordinates": [ -91.136958043382023, 30.516149503147521 ] } },
{ "type": "Feature", "properties": { "ID": 397, "CHURCH_NAME": "ST. ANDREWS UNITED METHODIST CHURCH", "FULL_ADDRESS": "17510 MONITOR AVE", "CITY": "BATON ROUGE", "STATE": "LOUISIANA", "ZIP": 70817, "PHONE_NUMBER": null, "WEBSITE": null }, "geometry": { "type": "Point", "coordinates": [ -90.990970113797985, 30.408413887024789 ] } },
{ "type": "Feature", "properties": { "ID": 398, "CHURCH_NAME": "CHILDREN IN GOD BAPTIST CHURCH", "FULL_ADDRESS": "2166 MONROE AVE", "CITY": "BATON ROUGE", "STATE": "LOUISIANA", "ZIP": 70802, "PHONE_NUMBER": null, "WEBSITE": null }, "geometry": { "type": "Point", "coordinates": [ -91.167334230095236, 30.469283266578003 ] } },
{ "type": "Feature", "properties": { "ID": 399, "CHURCH_NAME": "PROFESSIONAL SERVICE IND INC", "FULL_ADDRESS": "2166 MONROE AVE", "CITY": "BATON ROUGE", "STATE": "LOUISIANA", "ZIP": 70802, "PHONE_NUMBER": null, "WEBSITE": null }, "geometry": { "type": "Point", "coordinates": [ -91.167334230095236, 30.469283266578003 ] } },
{ "type": "Feature", "properties": { "ID": 400, "CHURCH_NAME": "COMMUNITY BIBLE BAPTIST CHURCH", "FULL_ADDRESS": "1729 MONTE SANO AVE", "CITY": "BATON ROUGE", "STATE": "LOUISIANA", "ZIP": 70807, "PHONE_NUMBER": null, "WEBSITE": null }, "geometry": { "type": "Point", "coordinates": [ -91.173937664933902, 30.509456815243315 ] } },
{ "type": "Feature", "properties": { "ID": 401, "CHURCH_NAME": "TAM BAO TEMPLE", "FULL_ADDRESS": "975 MONTERREY BLVD", "CITY": "BATON ROUGE", "STATE": "LOUISIANA", "ZIP": 70815, "PHONE_NUMBER": null, "WEBSITE": null }, "geometry": { "type": "Point", "coordinates": [ -91.086171490635778, 30.457922060817577 ] } },
{ "type": "Feature", "properties": { "ID": 402, "CHURCH_NAME": "TRINITY EPISCOPAL CHURCH", "FULL_ADDRESS": "3552 MORNING GLORY AVE", "CITY": "BATON ROUGE", "STATE": "LOUISIANA", "ZIP": 70808, "PHONE_NUMBER": null, "WEBSITE": null }, "geometry": { "type": "Point", "coordinates": [ -91.155851019614843, 30.416859988505454 ] } },
{ "type": "Feature", "properties": { "ID": 403, "CHURCH_NAME": "ST. FRANCIS XAVIER CATHOLIC CHURCH", "FULL_ADDRESS": "1120 MYRTLE ST", "CITY": "BATON ROUGE", "STATE": "LOUISIANA", "ZIP": 70802, "PHONE_NUMBER": null, "WEBSITE": "http://stfrancisxavierbr.org" }, "geometry": { "type": "Point", "coordinates": [ -91.177425923947368, 30.438062448639144 ] } },
{ "type": "Feature", "properties": { "ID": 404, "CHURCH_NAME": "CHURCH OF GOD IN CHRIST", "FULL_ADDRESS": "1450 MYRTLE ST", "CITY": "BATON ROUGE", "STATE": "LOUISIANA", "ZIP": 70802, "PHONE_NUMBER": null, "WEBSITE": null }, "geometry": { "type": "Point", "coordinates": [ -91.173386726285784, 30.438333181095821 ] } },
{ "type": "Feature", "properties": { "ID": 405, "CHURCH_NAME": "NEW COVENANT CHRISTIAN CENTER", "FULL_ADDRESS": "6515 E MYRTLE AVE", "CITY": "BAKER", "STATE": "LOUISIANA", "ZIP": 70714, "PHONE_NUMBER": null, "WEBSITE": null }, "geometry": { "type": "Point", "coordinates": [ -91.128295276134153, 30.578878217353907 ] } },
{ "type": "Feature", "properties": { "ID": 406, "CHURCH_NAME": "ST. PAUL MISSIONARY BAPTIST CHURCH", "FULL_ADDRESS": "1357 NAPOLEON ST", "CITY": "BATON ROUGE", "STATE": "LOUISIANA", "ZIP": 70802, "PHONE_NUMBER": null, "WEBSITE": null }, "geometry": { "type": "Point", "coordinates": [ -91.183309791745472, 30.435726342321292 ] } },
{ "type": "Feature", "properties": { "ID": 407, "CHURCH_NAME": "ST PAUL'S FREE BAPTIST CHURCH", "FULL_ADDRESS": "932 NAPOLEON ST", "CITY": "BATON ROUGE", "STATE": "LOUISIANA", "ZIP": 70802, "PHONE_NUMBER": null, "WEBSITE": null }, "geometry": { "type": "Point", "coordinates": [ -91.183740049747215, 30.438663659759278 ] } },
{ "type": "Feature", "properties": { "ID": 408, "CHURCH_NAME": "GREATER ANTIOCH BAPTIST CHURCH", "FULL_ADDRESS": "2139 NEBRASKA ST", "CITY": "BATON ROUGE", "STATE": "LOUISIANA", "ZIP": 70802, "PHONE_NUMBER": null, "WEBSITE": null }, "geometry": { "type": "Point", "coordinates": [ -91.179646954069582, 30.427603153465526 ] } },
{ "type": "Feature", "properties": { "ID": 409, "CHURCH_NAME": "FIRST BAPTIST CHURCH OF RICHMOND PARK", "FULL_ADDRESS": "3109 NEWTON ST", "CITY": "BATON ROUGE", "STATE": "LOUISIANA", "ZIP": 70802, "PHONE_NUMBER": null, "WEBSITE": null }, "geometry": { "type": "Point", "coordinates": [ -91.157058963091231, 30.458544016758729 ] } },
{ "type": "Feature", "properties": { "ID": 410, "CHURCH_NAME": "LIVING WORD CHURCH", "FULL_ADDRESS": "1564 NICHOLSON DR", "CITY": "BATON ROUGE", "STATE": "LOUISIANA", "ZIP": 70802, "PHONE_NUMBER": null, "WEBSITE": null }, "geometry": { "type": "Point", "coordinates": [ -91.188113997051047, 30.433220829313647 ] } },
{ "type": "Feature", "properties": { "ID": 411, "CHURCH_NAME": "NEW COVENANT CHRISTIAN CENTER", "FULL_ADDRESS": "2540 NICHOLSON DR", "CITY": "BATON ROUGE", "STATE": "LOUISIANA", "ZIP": 70802, "PHONE_NUMBER": null, "WEBSITE": null }, "geometry": { "type": "Point", "coordinates": [ -91.188050452628431, 30.424122087747804 ] } },
{ "type": "Feature", "properties": { "ID": 412, "CHURCH_NAME": "NORTH BOULEVARD MACEDONIA FULL GOSPEL MINISTRY", "FULL_ADDRESS": "2342 NORTH BLVD", "CITY": "BATON ROUGE", "STATE": "LOUISIANA", "ZIP": 70806, "PHONE_NUMBER": null, "WEBSITE": null }, "geometry": { "type": "Point", "coordinates": [ -91.163779123288009, 30.447702130661689 ] } },
{ "type": "Feature", "properties": { "ID": 413, "CHURCH_NAME": "UNITED METHODIST CHURCH OFFICES", "FULL_ADDRESS": "527 NORTH BLVD", "CITY": "BATON ROUGE", "STATE": "LOUISIANA", "ZIP": 70802, "PHONE_NUMBER": null, "WEBSITE": null }, "geometry": { "type": "Point", "coordinates": [ -91.18503831550828, 30.447383003137958 ] } },
{ "type": "Feature", "properties": { "ID": 414, "CHURCH_NAME": "FIRST UNITED METHODIST CHURCH", "FULL_ADDRESS": "930 NORTH BLVD", "CITY": "BATON ROUGE", "STATE": "LOUISIANA", "ZIP": 70802, "PHONE_NUMBER": null, "WEBSITE": null }, "geometry": { "type": "Point", "coordinates": [ -91.180753322366996, 30.446946273956669 ] } },
{ "type": "Feature", "properties": { "ID": 415, "CHURCH_NAME": "JEHOVAH JIREH MINISTIRES", "FULL_ADDRESS": "1700 NORTH BLVD", "CITY": "BATON ROUGE", "STATE": "LOUISIANA", "ZIP": 70802, "PHONE_NUMBER": null, "WEBSITE": null }, "geometry": { "type": "Point", "coordinates": [ -91.171553556928245, 30.447492559245049 ] } },
{ "type": "Feature", "properties": { "ID": 416, "CHURCH_NAME": "FRIENDSHIP CHAPEL BAPTIST CHURCH", "FULL_ADDRESS": "2111 NORTH ST", "CITY": "BATON ROUGE", "STATE": "LOUISIANA", "ZIP": 70802, "PHONE_NUMBER": null, "WEBSITE": null }, "geometry": { "type": "Point", "coordinates": [ -91.166690335659297, 30.453280941150023 ] } },
{ "type": "Feature", "properties": { "ID": 417, "CHURCH_NAME": "TRUE LIGHT BAPTIST CHURCH", "FULL_ADDRESS": "3836 NORTH ST", "CITY": "BATON ROUGE", "STATE": "LOUISIANA", "ZIP": 70806, "PHONE_NUMBER": null, "WEBSITE": null }, "geometry": { "type": "Point", "coordinates": [ -91.151138997896567, 30.453454993406435 ] } },
{ "type": "Feature", "properties": { "ID": 418, "CHURCH_NAME": "MINISTRY OF RECONCILIATION CHURCH", "FULL_ADDRESS": "4360 NORTH ST", "CITY": "BATON ROUGE", "STATE": "LOUISIANA", "ZIP": 70806, "PHONE_NUMBER": null, "WEBSITE": null }, "geometry": { "type": "Point", "coordinates": [ -91.144898293571799, 30.453416009186171 ] } },
{ "type": "Feature", "properties": { "ID": 419, "CHURCH_NAME": "TRUE LIGHT BAPTIST CHURCH", "FULL_ADDRESS": "3762 NORTH ST", "CITY": "BATON ROUGE", "STATE": "LOUISIANA", "ZIP": 70806, "PHONE_NUMBER": null, "WEBSITE": null }, "geometry": { "type": "Point", "coordinates": [ -91.151851874306672, 30.453353173583043 ] } },
{ "type": "Feature", "properties": { "ID": 420, "CHURCH_NAME": "ST. JOSEPH'S CATHEDRAL", "FULL_ADDRESS": "412 NORTH ST", "CITY": "BATON ROUGE", "STATE": "LOUISIANA", "ZIP": 70802, "PHONE_NUMBER": "225-387-5928", "WEBSITE": "http://cathedralofstjoseph.org/" }, "geometry": { "type": "Point", "coordinates": [ -91.186977167790602, 30.451731096685862 ] } },
{ "type": "Feature", "properties": { "ID": 421, "CHURCH_NAME": "CATHEDRAL OF DELIVERANCE WORLD OUTREACH CENTER", "FULL_ADDRESS": "5810 MC CANN DR", "CITY": "BATON ROUGE", "STATE": "LOUISIANA", "ZIP": 70809, "PHONE_NUMBER": null, "WEBSITE": null }, "geometry": { "type": "Point", "coordinates": [ -91.056644544574596, 30.395553165064118 ] } },
{ "type": "Feature", "properties": { "ID": 422, "CHURCH_NAME": "FIRST UNITY MISSIONARY BAPTIST", "FULL_ADDRESS": "6262 MC CLELLAND DR", "CITY": "BATON ROUGE", "STATE": "LOUISIANA", "ZIP": 70812, "PHONE_NUMBER": null, "WEBSITE": null }, "geometry": { "type": "Point", "coordinates": [ -91.135137311829126, 30.508072378543499 ] } },
{ "type": "Feature", "properties": { "ID": 423, "CHURCH_NAME": "CHRIST GOSPEL OUTREACH", "FULL_ADDRESS": "4755 MC CLELLAND DR", "CITY": "BATON ROUGE", "STATE": "LOUISIANA", "ZIP": 70805, "PHONE_NUMBER": null, "WEBSITE": null }, "geometry": { "type": "Point", "coordinates": [ -91.135347433264073, 30.493934703646147 ] } },
{ "type": "Feature", "properties": { "ID": 424, "CHURCH_NAME": "JESUS THE WAY FULL GOSPEL CHURCH", "FULL_ADDRESS": "1700 MC HUGH RD", "CITY": "BAKER", "STATE": "LOUISIANA", "ZIP": 70714, "PHONE_NUMBER": null, "WEBSITE": null }, "geometry": { "type": "Point", "coordinates": [ -91.149303318426846, 30.593554013141656 ] } },
{ "type": "Feature", "properties": { "ID": 425, "CHURCH_NAME": "GLORYLAND BAPTIST CHURCH", "FULL_ADDRESS": "2575 MICHELLI DR", "CITY": "BATON ROUGE", "STATE": "LOUISIANA", "ZIP": 70805, "PHONE_NUMBER": null, "WEBSITE": null }, "geometry": { "type": "Point", "coordinates": [ -91.127404840610509, 30.471871167714763 ] } },
{ "type": "Feature", "properties": { "ID": 426, "CHURCH_NAME": "ANTIOCH GOSPEL COMMUNITY CENTER", "FULL_ADDRESS": "6446 MICKENS RD", "CITY": "BATON ROUGE", "STATE": "LOUISIANA", "ZIP": 70811, "PHONE_NUMBER": null, "WEBSITE": null }, "geometry": { "type": "Point", "coordinates": [ -91.124740147003436, 30.522466294714167 ] } },
{ "type": "Feature", "properties": { "ID": 427, "CHURCH_NAME": "TREASURES FROM HEAVEN REMNANT HOUSE MINISTRY", "FULL_ADDRESS": "7760 MICKENS RD", "CITY": "BATON ROUGE", "STATE": "LOUISIANA", "ZIP": 70812, "PHONE_NUMBER": null, "WEBSITE": null }, "geometry": { "type": "Point", "coordinates": [ -91.111274155683731, 30.513917132123641 ] } },
{ "type": "Feature", "properties": { "ID": 428, "CHURCH_NAME": "FULL GOSPEL UNITED PENTECOSTAL CHURCH", "FULL_ADDRESS": "6729 MICKENS RD", "CITY": "BATON ROUGE", "STATE": "LOUISIANA", "ZIP": 70811, "PHONE_NUMBER": null, "WEBSITE": null }, "geometry": { "type": "Point", "coordinates": [ -91.122359487307776, 30.520433895386361 ] } },
{ "type": "Feature", "properties": { "ID": 429, "CHURCH_NAME": "ANTIOCH FULL GOSPEL BAPTIST CHURCH", "FULL_ADDRESS": "6538 MICKENS RD", "CITY": "BATON ROUGE", "STATE": "LOUISIANA", "ZIP": 70811, "PHONE_NUMBER": null, "WEBSITE": null }, "geometry": { "type": "Point", "coordinates": [ -91.12438553608159, 30.521916476722613 ] } },
{ "type": "Feature", "properties": { "ID": 430, "CHURCH_NAME": "GREATER EMMANUEL MISSIONARY CHURCH", "FULL_ADDRESS": "8064 MICKENS RD", "CITY": "BATON ROUGE", "STATE": "LOUISIANA", "ZIP": 70812, "PHONE_NUMBER": null, "WEBSITE": null }, "geometry": { "type": "Point", "coordinates": [ -91.107681886776405, 30.512516336880328 ] } },
{ "type": "Feature", "properties": { "ID": 431, "CHURCH_NAME": "HOLLY GROVE BAPTIST CHURCH", "FULL_ADDRESS": "10754 MILLDALE RD", "CITY": "ZACHARY", "STATE": "LOUISIANA", "ZIP": 70791, "PHONE_NUMBER": null, "WEBSITE": null }, "geometry": { "type": "Point", "coordinates": [ -91.049130607566269, 30.655940433099033 ] } },
{ "type": "Feature", "properties": { "ID": 432, "CHURCH_NAME": "CHURCH OF JESUS CHRIST OF LATTER DAY SAINTS, THE", "FULL_ADDRESS": "16135 MILLDALE RD", "CITY": "ZACHARY", "STATE": "LOUISIANA", "ZIP": 70791, "PHONE_NUMBER": null, "WEBSITE": null }, "geometry": { "type": "Point", "coordinates": [ -90.974118278023525, 30.664252154528139 ] } },
{ "type": "Feature", "properties": { "ID": 433, "CHURCH_NAME": "MILLDALE BAPTIST CHURCH", "FULL_ADDRESS": "11950 MILLDALE RD", "CITY": "ZACHARY", "STATE": "LOUISIANA", "ZIP": 70791, "PHONE_NUMBER": null, "WEBSITE": null }, "geometry": { "type": "Point", "coordinates": [ -91.039289752719327, 30.664833173385766 ] } },
{ "type": "Feature", "properties": { "ID": 434, "CHURCH_NAME": "ELM PARK BAPTIST CHURCH", "FULL_ADDRESS": "5150 LANDIS DR", "CITY": "BATON ROUGE", "STATE": "LOUISIANA", "ZIP": 70812, "PHONE_NUMBER": null, "WEBSITE": null }, "geometry": { "type": "Point", "coordinates": [ -91.119914000329189, 30.497874170256193 ] } },
{ "type": "Feature", "properties": { "ID": 435, "CHURCH_NAME": "LANIER BAPTIST CHURCH", "FULL_ADDRESS": "4851 LANIER DR", "CITY": "BATON ROUGE", "STATE": "LOUISIANA", "ZIP": 70812, "PHONE_NUMBER": null, "WEBSITE": null }, "geometry": { "type": "Point", "coordinates": [ -91.108792806866234, 30.495312997356706 ] } },
{ "type": "Feature", "properties": { "ID": 436, "CHURCH_NAME": "PARK FOREST BAPTIST CHURCH", "FULL_ADDRESS": "4517 LASSEN DR", "CITY": "BATON ROUGE", "STATE": "LOUISIANA", "ZIP": 70814, "PHONE_NUMBER": null, "WEBSITE": null }, "geometry": { "type": "Point", "coordinates": [ -91.065233620206499, 30.491216032004782 ] } },
{ "type": "Feature", "properties": { "ID": 437, "CHURCH_NAME": "TRANSFORMING CULTURE MINISTRIES", "FULL_ADDRESS": "143 LEE DR, STE 1-7", "CITY": "BATON ROUGE", "STATE": "LOUISIANA", "ZIP": 70808, "PHONE_NUMBER": null, "WEBSITE": null }, "geometry": { "type": "Point", "coordinates": [ -91.159236885138, 30.395099390030193 ] } },
{ "type": "Feature", "properties": { "ID": 438, "CHURCH_NAME": "KOREAN CENTRAL CHURCH OF BATON ROUGE", "FULL_ADDRESS": "1700 LEE DR", "CITY": "BATON ROUGE", "STATE": "LOUISIANA", "ZIP": 70808, "PHONE_NUMBER": null, "WEBSITE": null }, "geometry": { "type": "Point", "coordinates": [ -91.146467523139947, 30.411133438813852 ] } },
{ "type": "Feature", "properties": { "ID": 439, "CHURCH_NAME": "STRANGERS HOME BAPTIST CHURCH", "FULL_ADDRESS": "8525 LEMON RD", "CITY": "SLAUGHTER", "STATE": "LOUISIANA", "ZIP": 70777, "PHONE_NUMBER": null, "WEBSITE": null }, "geometry": { "type": "Point", "coordinates": [ -91.096476329907489, 30.704525720856061 ] } },
{ "type": "Feature", "properties": { "ID": 440, "CHURCH_NAME": "BETHEL UNITED METHODIST CHURCH AND CEMETERY", "FULL_ADDRESS": "17022 LIBERTY RD", "CITY": "PRIDE", "STATE": "LOUISIANA", "ZIP": 70770, "PHONE_NUMBER": null, "WEBSITE": null }, "geometry": { "type": "Point", "coordinates": [ -90.996234275793668, 30.605821372365291 ] } },
{ "type": "Feature", "properties": { "ID": 441, "CHURCH_NAME": "SANDY CREEK BAPTIST CHURCH", "FULL_ADDRESS": "22834 LIBERTY RD", "CITY": "ZACHARY", "STATE": "LOUISIANA", "ZIP": 70791, "PHONE_NUMBER": null, "WEBSITE": null }, "geometry": { "type": "Point", "coordinates": [ -90.976969814606591, 30.686289020700194 ] } },
{ "type": "Feature", "properties": { "ID": 442, "CHURCH_NAME": "FIRST PENTECOSTAL CHURCH", "FULL_ADDRESS": "2828 JONES CREEK RD", "CITY": "BATON ROUGE", "STATE": "LOUISIANA", "ZIP": 70816, "PHONE_NUMBER": null, "WEBSITE": null }, "geometry": { "type": "Point", "coordinates": [ -91.014877496239123, 30.42554800175489 ] } },
{ "type": "Feature", "properties": { "ID": 443, "CHURCH_NAME": "WOODLAWN BAPTIST CHURCH", "FULL_ADDRESS": "5805 JONES CREEK RD", "CITY": "BATON ROUGE", "STATE": "LOUISIANA", "ZIP": 70817, "PHONE_NUMBER": null, "WEBSITE": null }, "geometry": { "type": "Point", "coordinates": [ -91.016496203854999, 30.400656008402184 ] } },
{ "type": "Feature", "properties": { "ID": 444, "CHURCH_NAME": "WESTMINSTER PRESBYTERIAN CHURCH", "FULL_ADDRESS": "3701 JONES CREEK RD", "CITY": "BATON ROUGE", "STATE": "LOUISIANA", "ZIP": 70816, "PHONE_NUMBER": null, "WEBSITE": null }, "geometry": { "type": "Point", "coordinates": [ -91.013398405911957, 30.419257286228927 ] } },
{ "type": "Feature", "properties": { "ID": 445, "CHURCH_NAME": "BATON ROUGE SEVENTH DAY ADVENTIST CHURCH", "FULL_ADDRESS": "4455 JONES CREEK RD", "CITY": "BATON ROUGE", "STATE": "LOUISIANA", "ZIP": 70817, "PHONE_NUMBER": null, "WEBSITE": null }, "geometry": { "type": "Point", "coordinates": [ -91.014378489637139, 30.413120315750419 ] } },
{ "type": "Feature", "properties": { "ID": 446, "CHURCH_NAME": "LUTHERAN CHURCH OF OUR SAVIOUR", "FULL_ADDRESS": "3555 JONES CREEK RD", "CITY": "BATON ROUGE", "STATE": "LOUISIANA", "ZIP": 70816, "PHONE_NUMBER": null, "WEBSITE": null }, "geometry": { "type": "Point", "coordinates": [ -91.01320106509651, 30.419971051064127 ] } },
{ "type": "Feature", "properties": { "ID": 447, "CHURCH_NAME": "PROGRESSIVE BAPTIST CHURCH", "FULL_ADDRESS": "998 JULIA ST", "CITY": "BATON ROUGE", "STATE": "LOUISIANA", "ZIP": 70802, "PHONE_NUMBER": null, "WEBSITE": null }, "geometry": { "type": "Point", "coordinates": [ -91.17906979359158, 30.437092891292682 ] } },
{ "type": "Feature", "properties": { "ID": 448, "CHURCH_NAME": "CHURCH OF JESUS CHRIST OF LATTER DAY SAINTS", "FULL_ADDRESS": "12025 JUSTICE AVE", "CITY": "BATON ROUGE", "STATE": "LOUISIANA", "ZIP": 70816, "PHONE_NUMBER": null, "WEBSITE": null }, "geometry": { "type": "Point", "coordinates": [ -91.048022697863217, 30.424442389788315 ] } },
{ "type": "Feature", "properties": { "ID": 449, "CHURCH_NAME": "GREATER NEW GALILEE BAPTIST CHURCH", "FULL_ADDRESS": "9185 WILBUR RD", "CITY": "BATON ROUGE", "STATE": "LOUISIANA", "ZIP": 70807, "PHONE_NUMBER": null, "WEBSITE": null }, "geometry": { "type": "Point", "coordinates": [ -91.165648816920566, 30.530164448957134 ] } },
{ "type": "Feature", "properties": { "ID": 450, "CHURCH_NAME": "TOWER OF STRENGTH OUTREACH CENTER", "FULL_ADDRESS": "690 KELLY ST", "CITY": "BATON ROUGE", "STATE": "LOUISIANA", "ZIP": 70807, "PHONE_NUMBER": null, "WEBSITE": null }, "geometry": { "type": "Point", "coordinates": [ -91.189735794272735, 30.539911518173817 ] } },
{ "type": "Feature", "properties": { "ID": 451, "CHURCH_NAME": "BALAVIHAR AND HVS COMMUNITY CENTER", "FULL_ADDRESS": "710 S KENILWORTH PKWY", "CITY": "BATON ROUGE", "STATE": "LOUISIANA", "ZIP": 70820, "PHONE_NUMBER": null, "WEBSITE": null }, "geometry": { "type": "Point", "coordinates": [ -91.143552291901713, 30.37425118753529 ] } },
{ "type": "Feature", "properties": { "ID": 452, "CHURCH_NAME": "HINDU VEDIC CENTER", "FULL_ADDRESS": "710 S KENILWORTH PKWY", "CITY": "BATON ROUGE", "STATE": "LOUISIANA", "ZIP": 70820, "PHONE_NUMBER": null, "WEBSITE": null }, "geometry": { "type": "Point", "coordinates": [ -91.143552291901713, 30.37425118753529 ] } },
{ "type": "Feature", "properties": { "ID": 453, "CHURCH_NAME": "MIRACLE TEMPLE CHURCH OF GOD IN CHRIST", "FULL_ADDRESS": "3345 PLANK RD", "CITY": "BATON ROUGE", "STATE": "LOUISIANA", "ZIP": 70805, "PHONE_NUMBER": null, "WEBSITE": null }, "geometry": { "type": "Point", "coordinates": [ -91.160785434518644, 30.478700653166896 ] } },
{ "type": "Feature", "properties": { "ID": 454, "CHURCH_NAME": "GREATER OAK GROVE BAPTIST CHURCH", "FULL_ADDRESS": "23595 PLANK RD", "CITY": "ZACHARY", "STATE": "LOUISIANA", "ZIP": 70791, "PHONE_NUMBER": null, "WEBSITE": null }, "geometry": { "type": "Point", "coordinates": [ -91.087451014859184, 30.696928739411028 ] } },
{ "type": "Feature", "properties": { "ID": 455, "CHURCH_NAME": "UNITED BIBLE SCHOLARS CHURCH OF GOD", "FULL_ADDRESS": "3568 PLANK RD", "CITY": "BATON ROUGE", "STATE": "LOUISIANA", "ZIP": 70805, "PHONE_NUMBER": null, "WEBSITE": null }, "geometry": { "type": "Point", "coordinates": [ -91.159468583504065, 30.480960675871575 ] } },
{ "type": "Feature", "properties": { "ID": 456, "CHURCH_NAME": "FAITH CITY INTERNATIONAL MINISTRIES", "FULL_ADDRESS": "3680 PLANK RD", "CITY": "BATON ROUGE", "STATE": "LOUISIANA", "ZIP": 70805, "PHONE_NUMBER": null, "WEBSITE": null }, "geometry": { "type": "Point", "coordinates": [ -91.159113051395337, 30.481992196487507 ] } },
{ "type": "Feature", "properties": { "ID": 457, "CHURCH_NAME": "HARVEST TIME FELLOWSHIP", "FULL_ADDRESS": "4817 PLANK RD", "CITY": "BATON ROUGE", "STATE": "LOUISIANA", "ZIP": 70805, "PHONE_NUMBER": null, "WEBSITE": null }, "geometry": { "type": "Point", "coordinates": [ -91.155473668552858, 30.493825517408776 ] } },
{ "type": "Feature", "properties": { "ID": 458, "CHURCH_NAME": "JOURNEY OUTREACH MINISTRY", "FULL_ADDRESS": "3601 PLANK RD", "CITY": "BATON ROUGE", "STATE": "LOUISIANA", "ZIP": 70805, "PHONE_NUMBER": null, "WEBSITE": null }, "geometry": { "type": "Point", "coordinates": [ -91.159855590886963, 30.481157199292241 ] } },
{ "type": "Feature", "properties": { "ID": 459, "CHURCH_NAME": "EASTSIDE BAPTIST CHURCH", "FULL_ADDRESS": "19820 PLANK RD", "CITY": "ZACHARY", "STATE": "LOUISIANA", "ZIP": 70791, "PHONE_NUMBER": null, "WEBSITE": null }, "geometry": { "type": "Point", "coordinates": [ -91.105402421939473, 30.644542186444056 ] } },
{ "type": "Feature", "properties": { "ID": 460, "CHURCH_NAME": "CHURCH OF JESUS CHRIST OF LATTER DAY SAINTS, THE", "FULL_ADDRESS": "14412 PLANK RD", "CITY": "BAKER", "STATE": "LOUISIANA", "ZIP": 70714, "PHONE_NUMBER": null, "WEBSITE": null }, "geometry": { "type": "Point", "coordinates": [ -91.126731868601453, 30.577340287948918 ] } },
{ "type": "Feature", "properties": { "ID": 461, "CHURCH_NAME": "FRUIT OF THE SPIRIT MINISTRIES", "FULL_ADDRESS": "3338 PLANK RD", "CITY": "BATON ROUGE", "STATE": "LOUISIANA", "ZIP": 70805, "PHONE_NUMBER": null, "WEBSITE": null }, "geometry": { "type": "Point", "coordinates": [ -91.160088978559813, 30.478729588013049 ] } },
{ "type": "Feature", "properties": { "ID": 462, "CHURCH_NAME": "ST. PAULS UNITED METHODIST CHURCH", "FULL_ADDRESS": "11828 PLANK RD", "CITY": "BATON ROUGE", "STATE": "LOUISIANA", "ZIP": 70811, "PHONE_NUMBER": null, "WEBSITE": null }, "geometry": { "type": "Point", "coordinates": [ -91.134246181729026, 30.553462888433042 ] } },
{ "type": "Feature", "properties": { "ID": 463, "CHURCH_NAME": "SHADY GROVE FIRST MISSIONARY BAPTIST CHURCH", "FULL_ADDRESS": "16443 PLANK RD", "CITY": "BAKER", "STATE": "LOUISIANA", "ZIP": 70714, "PHONE_NUMBER": null, "WEBSITE": null }, "geometry": { "type": "Point", "coordinates": [ -91.121980347124037, 30.597384473144896 ] } },
{ "type": "Feature", "properties": { "ID": 464, "CHURCH_NAME": "FAITH BAPTIST CHURCH", "FULL_ADDRESS": "15880 PLANK RD", "CITY": "BAKER", "STATE": "LOUISIANA", "ZIP": 70714, "PHONE_NUMBER": null, "WEBSITE": null }, "geometry": { "type": "Point", "coordinates": [ -91.122589915465142, 30.591486941316418 ] } },
{ "type": "Feature", "properties": { "ID": 465, "CHURCH_NAME": "PRAISE TEMPLE RESURRECTION RESTORATION MINISTRIES", "FULL_ADDRESS": "6263 PLANK RD", "CITY": "BATON ROUGE", "STATE": "LOUISIANA", "ZIP": 70805, "PHONE_NUMBER": null, "WEBSITE": null }, "geometry": { "type": "Point", "coordinates": [ -91.151057006754343, 30.506854307150995 ] } },
{ "type": "Feature", "properties": { "ID": 466, "CHURCH_NAME": "RESURRECTION LIFE CENTER", "FULL_ADDRESS": "4261 PLANK RD", "CITY": "BATON ROUGE", "STATE": "LOUISIANA", "ZIP": 70805, "PHONE_NUMBER": null, "WEBSITE": null }, "geometry": { "type": "Point", "coordinates": [ -91.157433254795961, 30.488105643498201 ] } },
{ "type": "Feature", "properties": { "ID": 467, "CHURCH_NAME": "MUHAMMED MOSQUE", "FULL_ADDRESS": "2600 PLANK RD", "CITY": "BATON ROUGE", "STATE": "LOUISIANA", "ZIP": 70805, "PHONE_NUMBER": null, "WEBSITE": null }, "geometry": { "type": "Point", "coordinates": [ -91.162873617087115, 30.471502453037409 ] } },
{ "type": "Feature", "properties": { "ID": 468, "CHURCH_NAME": "ST. ROCK MISSIONARY BAPTIST CHURCH", "FULL_ADDRESS": "3138 PLANK RD", "CITY": "BATON ROUGE", "STATE": "LOUISIANA", "ZIP": 70805, "PHONE_NUMBER": null, "WEBSITE": null }, "geometry": { "type": "Point", "coordinates": [ -91.160955617177507, 30.476594431056764 ] } },
{ "type": "Feature", "properties": { "ID": 469, "CHURCH_NAME": "OMNI HOUSE", "FULL_ADDRESS": "7340 PLANK RD", "CITY": "BATON ROUGE", "STATE": "LOUISIANA", "ZIP": 70811, "PHONE_NUMBER": null, "WEBSITE": null }, "geometry": { "type": "Point", "coordinates": [ -91.146799794871825, 30.516751964902269 ] } },
{ "type": "Feature", "properties": { "ID": 470, "CHURCH_NAME": "BETHANY CHURCH BAKER CAMPUS", "FULL_ADDRESS": "13855 PLANK RD", "CITY": "BAKER", "STATE": "LOUISIANA", "ZIP": 70714, "PHONE_NUMBER": null, "WEBSITE": null }, "geometry": { "type": "Point", "coordinates": [ -91.131834166150966, 30.573655111560207 ] } },
{ "type": "Feature", "properties": { "ID": 471, "CHURCH_NAME": "RHEMA CHRISTIAN CENTER", "FULL_ADDRESS": "7850 PLANK RD", "CITY": "BATON ROUGE", "STATE": "LOUISIANA", "ZIP": 70811, "PHONE_NUMBER": null, "WEBSITE": null }, "geometry": { "type": "Point", "coordinates": [ -91.145195660487602, 30.519816217934249 ] } },
{ "type": "Feature", "properties": { "ID": 472, "CHURCH_NAME": "BURNING SANDS INTERNATIONAL", "FULL_ADDRESS": "7724 PLANK RD", "CITY": "BATON ROUGE", "STATE": "LOUISIANA", "ZIP": 70811, "PHONE_NUMBER": null, "WEBSITE": null }, "geometry": { "type": "Point", "coordinates": [ -91.145974229073573, 30.51880891299199 ] } },
{ "type": "Feature", "properties": { "ID": 473, "CHURCH_NAME": "CHURCH OF GOD IN CHRIST", "FULL_ADDRESS": "8930 PLANK RD", "CITY": "BATON ROUGE", "STATE": "LOUISIANA", "ZIP": 70811, "PHONE_NUMBER": null, "WEBSITE": null }, "geometry": { "type": "Point", "coordinates": [ -91.142000758758982, 30.528490954289548 ] } },
{ "type": "Feature", "properties": { "ID": 474, "CHURCH_NAME": "PROMISED LAND BAPTIST CHURCH", "FULL_ADDRESS": "7234 PLANK RD", "CITY": "BATON ROUGE", "STATE": "LOUISIANA", "ZIP": 70811, "PHONE_NUMBER": null, "WEBSITE": null }, "geometry": { "type": "Point", "coordinates": [ -91.14703414586873, 30.515817668765571 ] } },
{ "type": "Feature", "properties": { "ID": 475, "CHURCH_NAME": "REDEMPTION LIFE FELLOWSHIP", "FULL_ADDRESS": "14504 PLANK RD", "CITY": "BAKER", "STATE": "LOUISIANA", "ZIP": 70714, "PHONE_NUMBER": null, "WEBSITE": null }, "geometry": { "type": "Point", "coordinates": [ -91.126068351766477, 30.577274062291089 ] } },
{ "type": "Feature", "properties": { "ID": 476, "CHURCH_NAME": "ST. GERARD MAJELLA CATHOLIC CHURCH", "FULL_ADDRESS": "5354 PLANK RD", "CITY": "BATON ROUGE", "STATE": "LOUISIANA", "ZIP": 70805, "PHONE_NUMBER": null, "WEBSITE": null }, "geometry": { "type": "Point", "coordinates": [ -91.153316083585409, 30.49766281594513 ] } },
{ "type": "Feature", "properties": { "ID": 477, "CHURCH_NAME": "STRAIGHT LIFE BAPTIST CHURCH", "FULL_ADDRESS": "3891 POCASSET ST", "CITY": "BATON ROUGE", "STATE": "LOUISIANA", "ZIP": 70805, "PHONE_NUMBER": null, "WEBSITE": null }, "geometry": { "type": "Point", "coordinates": [ -91.163241974658476, 30.484542373938787 ] } },
{ "type": "Feature", "properties": { "ID": 478, "CHURCH_NAME": "DR. R A CLARK FELLOWSHIP CENTER", "FULL_ADDRESS": "1002 E POLK ST", "CITY": "BATON ROUGE", "STATE": "LOUISIANA", "ZIP": 70802, "PHONE_NUMBER": null, "WEBSITE": null }, "geometry": { "type": "Point", "coordinates": [ -91.173477832615106, 30.426902584703107 ] } },
{ "type": "Feature", "properties": { "ID": 479, "CHURCH_NAME": "GREATER BEULAH BAPTIST CHURCH", "FULL_ADDRESS": "1002 E POLK ST", "CITY": "BATON ROUGE", "STATE": "LOUISIANA", "ZIP": 70802, "PHONE_NUMBER": null, "WEBSITE": null }, "geometry": { "type": "Point", "coordinates": [ -91.173477832615106, 30.426902584703107 ] } },
{ "type": "Feature", "properties": { "ID": 480, "CHURCH_NAME": "BETHLEHEM BAPTIST CHURCH", "FULL_ADDRESS": "360 PORT HUDSON-PLAINS RD", "CITY": "ZACHARY", "STATE": "LOUISIANA", "ZIP": 70791, "PHONE_NUMBER": null, "WEBSITE": null }, "geometry": { "type": "Point", "coordinates": [ -91.255462735435017, 30.678441618497992 ] } },
{ "type": "Feature", "properties": { "ID": 481, "CHURCH_NAME": "MT. ZION ON THE HILL BAPTIST CHURCH", "FULL_ADDRESS": "220 W PORT HUDSON-PLAINS RD", "CITY": "ZACHARY", "STATE": "LOUISIANA", "ZIP": 70791, "PHONE_NUMBER": null, "WEBSITE": null }, "geometry": { "type": "Point", "coordinates": [ -91.269528351537986, 30.678757594852705 ] } },
{ "type": "Feature", "properties": { "ID": 482, "CHURCH_NAME": "MOUNT CARMEL BAPTIST CHURCH", "FULL_ADDRESS": "5262 PRESCOTT RD", "CITY": "BATON ROUGE", "STATE": "LOUISIANA", "ZIP": 70805, "PHONE_NUMBER": null, "WEBSITE": null }, "geometry": { "type": "Point", "coordinates": [ -91.136628343894102, 30.487310550949406 ] } },
{ "type": "Feature", "properties": { "ID": 483, "CHURCH_NAME": "CORNER STONE MINISTRIES OF RESTORATION", "FULL_ADDRESS": "3609 PRESCOTT RD", "CITY": "BATON ROUGE", "STATE": "LOUISIANA", "ZIP": 70805, "PHONE_NUMBER": null, "WEBSITE": null }, "geometry": { "type": "Point", "coordinates": [ -91.153579582297368, 30.487379750928021 ] } },
{ "type": "Feature", "properties": { "ID": 484, "CHURCH_NAME": "CORNER STONE MINISTRIES OF RESTORATION", "FULL_ADDRESS": "3601 PRESCOTT RD", "CITY": "BATON ROUGE", "STATE": "LOUISIANA", "ZIP": 70805, "PHONE_NUMBER": null, "WEBSITE": null }, "geometry": { "type": "Point", "coordinates": [ -91.154157862337343, 30.487974409541138 ] } },
{ "type": "Feature", "properties": { "ID": 485, "CHURCH_NAME": "MEMORIAL CHAPEL CHURCH OF GOD", "FULL_ADDRESS": "5064 PRESCOTT RD", "CITY": "BATON ROUGE", "STATE": "LOUISIANA", "ZIP": 70805, "PHONE_NUMBER": null, "WEBSITE": null }, "geometry": { "type": "Point", "coordinates": [ -91.13924330790411, 30.48732558579416 ] } },
{ "type": "Feature", "properties": { "ID": 486, "CHURCH_NAME": "BEACON LIGHT BAPTIST CHURCH", "FULL_ADDRESS": "7513 PRESCOTT RD", "CITY": "BATON ROUGE", "STATE": "LOUISIANA", "ZIP": 70812, "PHONE_NUMBER": null, "WEBSITE": null }, "geometry": { "type": "Point", "coordinates": [ -91.113860095177657, 30.489135814815942 ] } },
{ "type": "Feature", "properties": { "ID": 487, "CHURCH_NAME": "CEDAR GROVE CHURCH OF GOD", "FULL_ADDRESS": "19984 PRIDE-BAYWOOD RD", "CITY": "GREENWELL SPRINGS", "STATE": "LOUISIANA", "ZIP": 70739, "PHONE_NUMBER": null, "WEBSITE": null }, "geometry": { "type": "Point", "coordinates": [ -90.91522013378939, 30.710563548755523 ] } },
{ "type": "Feature", "properties": { "ID": 488, "CHURCH_NAME": "MT. ZION BAPTIST CHURCH", "FULL_ADDRESS": "1920 PROGRESS RD", "CITY": "BATON ROUGE", "STATE": "LOUISIANA", "ZIP": 70807, "PHONE_NUMBER": null, "WEBSITE": null }, "geometry": { "type": "Point", "coordinates": [ -91.17294456458805, 30.537132628918613 ] } },
{ "type": "Feature", "properties": { "ID": 489, "CHURCH_NAME": "GREATER FAITH MB CHURCH", "FULL_ADDRESS": "1615 PROGRESS RD", "CITY": "BATON ROUGE", "STATE": "LOUISIANA", "ZIP": 70807, "PHONE_NUMBER": null, "WEBSITE": null }, "geometry": { "type": "Point", "coordinates": [ -91.176875443992046, 30.537793906236693 ] } },
{ "type": "Feature", "properties": { "ID": 490, "CHURCH_NAME": "GREATER FAITH M. B. C.", "FULL_ADDRESS": "1615 PROGRESS RD", "CITY": "BATON ROUGE", "STATE": "LOUISIANA", "ZIP": 70807, "PHONE_NUMBER": null, "WEBSITE": null }, "geometry": { "type": "Point", "coordinates": [ -91.176875443992046, 30.537793906236693 ] } },
{ "type": "Feature", "properties": { "ID": 491, "CHURCH_NAME": "FRONTLINE MINISTRIES", "FULL_ADDRESS": "8762 QUARTERS LAKE RD, STE 1", "CITY": "BATON ROUGE", "STATE": "LOUISIANA", "ZIP": 70809, "PHONE_NUMBER": null, "WEBSITE": null }, "geometry": { "type": "Point", "coordinates": [ -91.093594772798511, 30.416121216502425 ] } },
{ "type": "Feature", "properties": { "ID": 492, "CHURCH_NAME": "SEVENTH-DAY ADVENTIST CHURCH", "FULL_ADDRESS": "5100 OSBORNE AVE", "CITY": "BATON ROUGE", "STATE": "LOUISIANA", "ZIP": 70805, "PHONE_NUMBER": null, "WEBSITE": null }, "geometry": { "type": "Point", "coordinates": [ -91.138507838273554, 30.472717327868203 ] } },
{ "type": "Feature", "properties": { "ID": 493, "CHURCH_NAME": "CATHEDRAL OF FAITH", "FULL_ADDRESS": "3053 OSWEGO ST", "CITY": "BATON ROUGE", "STATE": "LOUISIANA", "ZIP": 70805, "PHONE_NUMBER": null, "WEBSITE": null }, "geometry": { "type": "Point", "coordinates": [ -91.1588974507535, 30.480878773818279 ] } },
{ "type": "Feature", "properties": { "ID": 494, "CHURCH_NAME": "CHURCH OF GOD, THE", "FULL_ADDRESS": "3135 OZARK ST", "CITY": "BATON ROUGE", "STATE": "LOUISIANA", "ZIP": 70805, "PHONE_NUMBER": null, "WEBSITE": null }, "geometry": { "type": "Point", "coordinates": [ -91.158535277714449, 30.479232515560994 ] } },
{ "type": "Feature", "properties": { "ID": 495, "CHURCH_NAME": "LSU CHRISTIAN LIFE CENTER", "FULL_ADDRESS": "151 W PARKER BLVD", "CITY": "BATON ROUGE", "STATE": "LOUISIANA", "ZIP": 70808, "PHONE_NUMBER": null, "WEBSITE": null }, "geometry": { "type": "Point", "coordinates": [ -91.173892415779122, 30.403723630092106 ] } },
{ "type": "Feature", "properties": { "ID": 496, "CHURCH_NAME": "RAYMOND SPIRITUAL CHURCH", "FULL_ADDRESS": "1225 PEAR ST", "CITY": "BATON ROUGE", "STATE": "LOUISIANA", "ZIP": 70802, "PHONE_NUMBER": null, "WEBSITE": null }, "geometry": { "type": "Point", "coordinates": [ -91.174004081088455, 30.432230242252707 ] } },
{ "type": "Feature", "properties": { "ID": 497, "CHURCH_NAME": "TRINITY FELLOWSHIP BAPTIST CHURCH", "FULL_ADDRESS": "8226 PECUE LN", "CITY": "BATON ROUGE", "STATE": "LOUISIANA", "ZIP": 70809, "PHONE_NUMBER": null, "WEBSITE": null }, "geometry": { "type": "Point", "coordinates": [ -91.042615105378175, 30.375708743565308 ] } },
{ "type": "Feature", "properties": { "ID": 498, "CHURCH_NAME": "BAHA'I FAITH OF BATON ROUGE", "FULL_ADDRESS": "4270 PERKINS RD", "CITY": "BATON ROUGE", "STATE": "LOUISIANA", "ZIP": 70808, "PHONE_NUMBER": "225-387-5726", "WEBSITE": "http://bci.org/brbahai" }, "geometry": { "type": "Point", "coordinates": [ -91.145802954794576, 30.417262640830735 ] } },
{ "type": "Feature", "properties": { "ID": 499, "CHURCH_NAME": "GOOD SHEPHERD LUTHERAN CHURCH", "FULL_ADDRESS": "5990 PERKINS RD", "CITY": "BATON ROUGE", "STATE": "LOUISIANA", "ZIP": 70808, "PHONE_NUMBER": null, "WEBSITE": null }, "geometry": { "type": "Point", "coordinates": [ -91.127251419762018, 30.407589835348197 ] } },
{ "type": "Feature", "properties": { "ID": 500, "CHURCH_NAME": "CHURCH OF THE HIGHLANDS", "FULL_ADDRESS": "17240 PERKINS RD", "CITY": "BATON ROUGE", "STATE": "LOUISIANA", "ZIP": 70810, "PHONE_NUMBER": null, "WEBSITE": null }, "geometry": { "type": "Point", "coordinates": [ -91.034616088754362, 30.348803445880083 ] } },
{ "type": "Feature", "properties": { "ID": 501, "CHURCH_NAME": "SECOND MOUNT OLIVE BAPTIST CHURCH", "FULL_ADDRESS": "11741 PERKINS RD", "CITY": "BATON ROUGE", "STATE": "LOUISIANA", "ZIP": 70810, "PHONE_NUMBER": null, "WEBSITE": null }, "geometry": { "type": "Point", "coordinates": [ -91.083715653149028, 30.371684898631017 ] } },
{ "type": "Feature", "properties": { "ID": 502, "CHURCH_NAME": "FIRST BAPTIST CHURCH", "FULL_ADDRESS": "10748 PERKINS RD", "CITY": "BATON ROUGE", "STATE": "LOUISIANA", "ZIP": 70810, "PHONE_NUMBER": null, "WEBSITE": null }, "geometry": { "type": "Point", "coordinates": [ -91.092634498181511, 30.374983345810659 ] } },
{ "type": "Feature", "properties": { "ID": 503, "CHURCH_NAME": "HIGHTIME EVANGELISTIC CENTER", "FULL_ADDRESS": "8160 PETTIT RD", "CITY": "BAKER", "STATE": "LOUISIANA", "ZIP": 70714, "PHONE_NUMBER": null, "WEBSITE": null }, "geometry": { "type": "Point", "coordinates": [ -91.110174760684558, 30.574651105600918 ] } },
{ "type": "Feature", "properties": { "ID": 504, "CHURCH_NAME": "GRACE BELIEVERS BIBLE CHURCH", "FULL_ADDRESS": "11020 STANLEY AUBIN LN", "CITY": "BATON ROUGE", "STATE": "LOUISIANA", "ZIP": 70816, "PHONE_NUMBER": null, "WEBSITE": null }, "geometry": { "type": "Point", "coordinates": [ -91.061234649890011, 30.41878872233837 ] } },
{ "type": "Feature", "properties": { "ID": 505, "CHURCH_NAME": "GENERAL ASSEMBLY CHURCH OF BATON ROUGE", "FULL_ADDRESS": "420 STARING LN", "CITY": "BATON ROUGE", "STATE": "LOUISIANA", "ZIP": 70810, "PHONE_NUMBER": null, "WEBSITE": null }, "geometry": { "type": "Point", "coordinates": [ -91.119545509733413, 30.373227356925153 ] } },
{ "type": "Feature", "properties": { "ID": 506, "CHURCH_NAME": "GREATER HOLLYWOOD BAPTIST CHURCH", "FULL_ADDRESS": "2118 STARING LN", "CITY": "BATON ROUGE", "STATE": "LOUISIANA", "ZIP": 70810, "PHONE_NUMBER": null, "WEBSITE": null }, "geometry": { "type": "Point", "coordinates": [ -91.110024560114297, 30.393868237699511 ] } },
{ "type": "Feature", "properties": { "ID": 507, "CHURCH_NAME": "KOREAN CENTRAL CHURCH OF BATON ROUGE", "FULL_ADDRESS": "855 STARING LN", "CITY": "BATON ROUGE", "STATE": "LOUISIANA", "ZIP": 70808, "PHONE_NUMBER": null, "WEBSITE": null }, "geometry": { "type": "Point", "coordinates": [ -91.117297021483523, 30.38061189357882 ] } },
{ "type": "Feature", "properties": { "ID": 508, "CHURCH_NAME": "NATANAEL COMUNIDAD MISIONER IGLESIA HISPANA", "FULL_ADDRESS": "2098 STARING LN", "CITY": "BATON ROUGE", "STATE": "LOUISIANA", "ZIP": 70810, "PHONE_NUMBER": null, "WEBSITE": null }, "geometry": { "type": "Point", "coordinates": [ -91.110000040119331, 30.393579514575411 ] } },
{ "type": "Feature", "properties": { "ID": 509, "CHURCH_NAME": "NEW LIFE CHURCH OF BATON ROUGE", "FULL_ADDRESS": "365 STARING LN", "CITY": "BATON ROUGE", "STATE": "LOUISIANA", "ZIP": 70808, "PHONE_NUMBER": null, "WEBSITE": null }, "geometry": { "type": "Point", "coordinates": [ -91.121356510728774, 30.372598853036347 ] } },
{ "type": "Feature", "properties": { "ID": 510, "CHURCH_NAME": "SOUTH BATON ROUGE PRESBYTERIAN CHURCH", "FULL_ADDRESS": "933 STARING LN", "CITY": "BATON ROUGE", "STATE": "LOUISIANA", "ZIP": 70808, "PHONE_NUMBER": null, "WEBSITE": null }, "geometry": { "type": "Point", "coordinates": [ -91.116438436948854, 30.381991093855664 ] } },
{ "type": "Feature", "properties": { "ID": 511, "CHURCH_NAME": "LAEL FULL GOSPEL CHURCH", "FULL_ADDRESS": "2098 STARING LN", "CITY": "BATON ROUGE", "STATE": "LOUISIANA", "ZIP": 70810, "PHONE_NUMBER": null, "WEBSITE": null }, "geometry": { "type": "Point", "coordinates": [ -91.110000040119331, 30.393579514575411 ] } },
{ "type": "Feature", "properties": { "ID": 512, "CHURCH_NAME": "BELIEVERS ASSEMBLY OF BATON ROUGE", "FULL_ADDRESS": "1981 STARING LN", "CITY": "BATON ROUGE", "STATE": "LOUISIANA", "ZIP": 70808, "PHONE_NUMBER": null, "WEBSITE": null }, "geometry": { "type": "Point", "coordinates": [ -91.112067766074887, 30.393305733519941 ] } },
{ "type": "Feature", "properties": { "ID": 513, "CHURCH_NAME": "JORDAN UNITED METHODIST CHURCH", "FULL_ADDRESS": "4619 STEARNS ST", "CITY": "BATON ROUGE", "STATE": "LOUISIANA", "ZIP": 70811, "PHONE_NUMBER": null, "WEBSITE": null }, "geometry": { "type": "Point", "coordinates": [ -91.145265769905848, 30.517908339331282 ] } },
{ "type": "Feature", "properties": { "ID": 514, "CHURCH_NAME": "JORDAN UNITED METHODIST CHURCH", "FULL_ADDRESS": "4619 STEARNS ST", "CITY": "BATON ROUGE", "STATE": "LOUISIANA", "ZIP": 70811, "PHONE_NUMBER": null, "WEBSITE": null }, "geometry": { "type": "Point", "coordinates": [ -91.145487167662935, 30.518288550180824 ] } },
{ "type": "Feature", "properties": { "ID": 515, "CHURCH_NAME": "LITTLE ZION BAPTIST CHURCH", "FULL_ADDRESS": "5607 STEARNS ST", "CITY": "BAKER", "STATE": "LOUISIANA", "ZIP": 70714, "PHONE_NUMBER": null, "WEBSITE": null }, "geometry": { "type": "Point", "coordinates": [ -91.134859004568852, 30.518611297299028 ] } },
{ "type": "Feature", "properties": { "ID": 516, "CHURCH_NAME": "HOLY TRINITY GREEK ORTHODOX CHURCH", "FULL_ADDRESS": "2510 N STEVENDALE RD", "CITY": "BATON ROUGE", "STATE": "LOUISIANA", "ZIP": 70819, "PHONE_NUMBER": null, "WEBSITE": null }, "geometry": { "type": "Point", "coordinates": [ -91.001570635344194, 30.473909893749628 ] } },
{ "type": "Feature", "properties": { "ID": 517, "CHURCH_NAME": "ST. ALOYSIUS CATHOLIC CHURCH", "FULL_ADDRESS": "2025 STUART AVE", "CITY": "BATON ROUGE", "STATE": "LOUISIANA", "ZIP": 70808, "PHONE_NUMBER": null, "WEBSITE": null }, "geometry": { "type": "Point", "coordinates": [ -91.149591340162885, 30.41550766706834 ] } },
{ "type": "Feature", "properties": { "ID": 518, "CHURCH_NAME": "CROSS OF GLORY EVANGELICAL LUTHERAN CHURCH & LEARNING CENTER", "FULL_ADDRESS": "5500 STUMBERG LN", "CITY": "BATON ROUGE", "STATE": "LOUISIANA", "ZIP": 70816, "PHONE_NUMBER": null, "WEBSITE": null }, "geometry": { "type": "Point", "coordinates": [ -91.038524030401902, 30.400383869428474 ] } },
{ "type": "Feature", "properties": { "ID": 519, "CHURCH_NAME": "CENTRAL BIBLE CHURCH", "FULL_ADDRESS": "8889 SULLIVAN RD, STE B", "CITY": "CENTRAL", "STATE": "LOUISIANA", "ZIP": 70818, "PHONE_NUMBER": null, "WEBSITE": null }, "geometry": { "type": "Point", "coordinates": [ -91.028990049621143, 30.531733167634766 ] } },
{ "type": "Feature", "properties": { "ID": 520, "CHURCH_NAME": "CHURCH OF CHRIST", "FULL_ADDRESS": "9923 SUNNY CLINE DR", "CITY": "BATON ROUGE", "STATE": "LOUISIANA", "ZIP": 70814, "PHONE_NUMBER": null, "WEBSITE": null }, "geometry": { "type": "Point", "coordinates": [ -91.073994216113263, 30.485819687247034 ] } },
{ "type": "Feature", "properties": { "ID": 521, "CHURCH_NAME": "METROPOLITAN COMMUNITY CHURCH OF BR", "FULL_ADDRESS": "7747 TOM DR", "CITY": "BATON ROUGE", "STATE": "LOUISIANA", "ZIP": 70806, "PHONE_NUMBER": "225-248-0404", "WEBSITE": "http://mccbr.org" }, "geometry": { "type": "Point", "coordinates": [ -91.10880532490917, 30.464798037546693 ] } },
{ "type": "Feature", "properties": { "ID": 522, "CHURCH_NAME": "SPIRIT OF TRUTH FAMILY CENTER", "FULL_ADDRESS": "7767 TOM DR", "CITY": "BATON ROUGE", "STATE": "LOUISIANA", "ZIP": 70806, "PHONE_NUMBER": null, "WEBSITE": null }, "geometry": { "type": "Point", "coordinates": [ -91.108386397725695, 30.465052957757106 ] } },
{ "type": "Feature", "properties": { "ID": 523, "CHURCH_NAME": "KINGDOM HALL OF JEHOVAH'S WITNESSES", "FULL_ADDRESS": "2562 TOULON DR", "CITY": "BATON ROUGE", "STATE": "LOUISIANA", "ZIP": 70816, "PHONE_NUMBER": null, "WEBSITE": null }, "geometry": { "type": "Point", "coordinates": [ -91.06084384671891, 30.427181438190363 ] } },
{ "type": "Feature", "properties": { "ID": 524, "CHURCH_NAME": "JOY OF DELIVERANCE MINISTRIES", "FULL_ADDRESS": "7435 TOWN SOUTH AVE", "CITY": "BATON ROUGE", "STATE": "LOUISIANA", "ZIP": 70808, "PHONE_NUMBER": null, "WEBSITE": null }, "geometry": { "type": "Point", "coordinates": [ -91.11317679796791, 30.391461230882406 ] } },
{ "type": "Feature", "properties": { "ID": 525, "CHURCH_NAME": "SAMAJ HINDU TEMPLE", "FULL_ADDRESS": "6406 QUIN DR", "CITY": "BATON ROUGE", "STATE": "LOUISIANA", "ZIP": 70817, "PHONE_NUMBER": null, "WEBSITE": null }, "geometry": { "type": "Point", "coordinates": [ -91.034367414480656, 30.393862167380444 ] } },
{ "type": "Feature", "properties": { "ID": 526, "CHURCH_NAME": "ST. JOHN BAPTIST CHURCH", "FULL_ADDRESS": "820 RAFE MAYER RD", "CITY": "BATON ROUGE", "STATE": "LOUISIANA", "ZIP": 70807, "PHONE_NUMBER": null, "WEBSITE": null }, "geometry": { "type": "Point", "coordinates": [ -91.194573343653914, 30.566800556200008 ] } },
{ "type": "Feature", "properties": { "ID": 527, "CHURCH_NAME": "MOUNT WADE BAPTIST CHURCH", "FULL_ADDRESS": "21255 REAMES RD", "CITY": "ZACHARY", "STATE": "LOUISIANA", "ZIP": 70791, "PHONE_NUMBER": null, "WEBSITE": null }, "geometry": { "type": "Point", "coordinates": [ -91.027998017456866, 30.66390686519944 ] } },
{ "type": "Feature", "properties": { "ID": 528, "CHURCH_NAME": "MT. PLEASANT BAPTIST CHURCH", "FULL_ADDRESS": "22911 REAMES RD", "CITY": "ZACHARY", "STATE": "LOUISIANA", "ZIP": 70791, "PHONE_NUMBER": null, "WEBSITE": null }, "geometry": { "type": "Point", "coordinates": [ -91.02829233543946, 30.68668670077064 ] } },
{ "type": "Feature", "properties": { "ID": 529, "CHURCH_NAME": "WINDING CHAPEL BAPTIST CHURCH", "FULL_ADDRESS": "20220 REAMES RD", "CITY": "ZACHARY", "STATE": "LOUISIANA", "ZIP": 70791, "PHONE_NUMBER": null, "WEBSITE": null }, "geometry": { "type": "Point", "coordinates": [ -91.026049725274319, 30.651084455181508 ] } },
{ "type": "Feature", "properties": { "ID": 530, "CHURCH_NAME": "SET FREE INDEED MINISTRIES", "FULL_ADDRESS": "10877 RIEGER RD", "CITY": "BATON ROUGE", "STATE": "LOUISIANA", "ZIP": 70809, "PHONE_NUMBER": null, "WEBSITE": null }, "geometry": { "type": "Point", "coordinates": [ -91.061047195531998, 30.380960673087724 ] } },
{ "type": "Feature", "properties": { "ID": 531, "CHURCH_NAME": "WORD GOSPEL REACH OUT MINISTRIES", "FULL_ADDRESS": "6851 REMBRANDT AVE", "CITY": "BATON ROUGE", "STATE": "LOUISIANA", "ZIP": 70806, "PHONE_NUMBER": null, "WEBSITE": null }, "geometry": { "type": "Point", "coordinates": [ -91.120584857182848, 30.458284942283516 ] } },
{ "type": "Feature", "properties": { "ID": 532, "CHURCH_NAME": "SAINT JOHN'S UNITED METHODIST CHURCH", "FULL_ADDRESS": "230 RENEE DR", "CITY": "BATON ROUGE", "STATE": "LOUISIANA", "ZIP": 70810, "PHONE_NUMBER": "225-926-6999", "WEBSITE": null }, "geometry": { "type": "Point", "coordinates": [ -91.117400249266893, 30.366865251743832 ] } },
{ "type": "Feature", "properties": { "ID": 533, "CHURCH_NAME": "ST. LUKE CHURCH OF GOD IN CHRIST", "FULL_ADDRESS": "6222 RENOIR AVE", "CITY": "BATON ROUGE", "STATE": "LOUISIANA", "ZIP": 70806, "PHONE_NUMBER": null, "WEBSITE": null }, "geometry": { "type": "Point", "coordinates": [ -91.126372205682785, 30.46063730084073 ] } },
{ "type": "Feature", "properties": { "ID": 534, "CHURCH_NAME": "NEW BIRTH MISSIONARY BAPTIST CHURCH", "FULL_ADDRESS": "6465 RENOIR AVE", "CITY": "BATON ROUGE", "STATE": "LOUISIANA", "ZIP": 70806, "PHONE_NUMBER": null, "WEBSITE": null }, "geometry": { "type": "Point", "coordinates": [ -91.124334978920061, 30.461197529960948 ] } },
{ "type": "Feature", "properties": { "ID": 535, "CHURCH_NAME": "GRACE BAPTIST CHURCH", "FULL_ADDRESS": "630 RICHLAND AVE", "CITY": "BATON ROUGE", "STATE": "LOUISIANA", "ZIP": 70806, "PHONE_NUMBER": null, "WEBSITE": null }, "geometry": { "type": "Point", "coordinates": [ -91.148865012869734, 30.443180037900728 ] } },
{ "type": "Feature", "properties": { "ID": 536, "CHURCH_NAME": "STRAIGHT WAY MINISTRIES (CHURCHES)", "FULL_ADDRESS": "1915 RYDER DR", "CITY": "BATON ROUGE", "STATE": "LOUISIANA", "ZIP": 70808, "PHONE_NUMBER": null, "WEBSITE": null }, "geometry": { "type": "Point", "coordinates": [ -91.113304745453135, 30.393441506706239 ] } },
{ "type": "Feature", "properties": { "ID": 537, "CHURCH_NAME": "ISTROUMA BAPTIST CHURCH ADMIN OFFICES", "FULL_ADDRESS": "10200 SAM RUSHING DR", "CITY": "BATON ROUGE", "STATE": "LOUISIANA", "ZIP": 70816, "PHONE_NUMBER": null, "WEBSITE": null }, "geometry": { "type": "Point", "coordinates": [ -91.072083948986943, 30.420677393468317 ] } },
{ "type": "Feature", "properties": { "ID": 538, "CHURCH_NAME": "ISTROUMA BAPTIST CHURCH", "FULL_ADDRESS": "10500 SAM RUSHING DR", "CITY": "BATON ROUGE", "STATE": "LOUISIANA", "ZIP": 70816, "PHONE_NUMBER": null, "WEBSITE": null }, "geometry": { "type": "Point", "coordinates": [ -91.070667409410575, 30.424198128505864 ] } },
{ "type": "Feature", "properties": { "ID": 539, "CHURCH_NAME": "MOUNT ZION BAPTIST CHURCH", "FULL_ADDRESS": "21380 SAMUELS RD", "CITY": "ZACHARY", "STATE": "LOUISIANA", "ZIP": 70791, "PHONE_NUMBER": null, "WEBSITE": null }, "geometry": { "type": "Point", "coordinates": [ -91.258004653855039, 30.66802024435756 ] } },
{ "type": "Feature", "properties": { "ID": 540, "CHURCH_NAME": "EVENING STAR BAPTIST CHURCH", "FULL_ADDRESS": "16301 AL SANFORD RD", "CITY": "BAKER", "STATE": "LOUISIANA", "ZIP": 70714, "PHONE_NUMBER": null, "WEBSITE": null }, "geometry": { "type": "Point", "coordinates": [ -91.106537507149895, 30.594901068760159 ] } },
{ "type": "Feature", "properties": { "ID": 541, "CHURCH_NAME": "CANAAN MISSIONARY MINISTRY", "FULL_ADDRESS": "13820 SCENIC HWY", "CITY": "BATON ROUGE", "STATE": "LOUISIANA", "ZIP": 70807, "PHONE_NUMBER": null, "WEBSITE": null }, "geometry": { "type": "Point", "coordinates": [ -91.20672043226925, 30.57128858010676 ] } },
{ "type": "Feature", "properties": { "ID": 542, "CHURCH_NAME": "ALLEN CHAPEL AFRICAN METHODIST EPISCOPAL CHURCH", "FULL_ADDRESS": "6175 SCENIC HWY", "CITY": "BATON ROUGE", "STATE": "LOUISIANA", "ZIP": 70805, "PHONE_NUMBER": "225-356-0719", "WEBSITE": null }, "geometry": { "type": "Point", "coordinates": [ -91.170853613467997, 30.505439859108776 ] } },
{ "type": "Feature", "properties": { "ID": 543, "CHURCH_NAME": "GREATER MT. BETHEL BAPTIST CHURCH", "FULL_ADDRESS": "13530 SCENIC HWY", "CITY": "BATON ROUGE", "STATE": "LOUISIANA", "ZIP": 70807, "PHONE_NUMBER": null, "WEBSITE": null }, "geometry": { "type": "Point", "coordinates": [ -91.206169809844056, 30.569140400233135 ] } },
{ "type": "Feature", "properties": { "ID": 544, "CHURCH_NAME": "NEW FAITH CHURCH OF GOD IN FELLOWSHIP", "FULL_ADDRESS": "2580 SCENIC HWY", "CITY": "BATON ROUGE", "STATE": "LOUISIANA", "ZIP": 70805, "PHONE_NUMBER": null, "WEBSITE": null }, "geometry": { "type": "Point", "coordinates": [ -91.1681019310831, 30.470952287509494 ] } },
{ "type": "Feature", "properties": { "ID": 545, "CHURCH_NAME": "CHURCH OF THE FAITH", "FULL_ADDRESS": "8607 SCENIC HWY", "CITY": "BATON ROUGE", "STATE": "LOUISIANA", "ZIP": 70807, "PHONE_NUMBER": null, "WEBSITE": null }, "geometry": { "type": "Point", "coordinates": [ -91.18257532264974, 30.525746089597103 ] } },
{ "type": "Feature", "properties": { "ID": 546, "CHURCH_NAME": "SPECIAL DELIVERANCE TEMPLE", "FULL_ADDRESS": "8607 SCENIC HWY", "CITY": "BATON ROUGE", "STATE": "LOUISIANA", "ZIP": 70807, "PHONE_NUMBER": null, "WEBSITE": null }, "geometry": { "type": "Point", "coordinates": [ -91.18257532264974, 30.525746089597103 ] } },
{ "type": "Feature", "properties": { "ID": 547, "CHURCH_NAME": "STAR OF BETHLEHEM BAPTIST CHURCH", "FULL_ADDRESS": "6274 SCENIC HWY", "CITY": "BATON ROUGE", "STATE": "LOUISIANA", "ZIP": 70805, "PHONE_NUMBER": null, "WEBSITE": null }, "geometry": { "type": "Point", "coordinates": [ -91.170053318377938, 30.506360735215921 ] } },
{ "type": "Feature", "properties": { "ID": 548, "CHURCH_NAME": "THE HOUR OF POWER FAMILY WORSHIP CENTER", "FULL_ADDRESS": "9130 SCENIC HWY", "CITY": "BATON ROUGE", "STATE": "LOUISIANA", "ZIP": 70807, "PHONE_NUMBER": null, "WEBSITE": null }, "geometry": { "type": "Point", "coordinates": [ -91.183995202258785, 30.529246010152448 ] } },
{ "type": "Feature", "properties": { "ID": 549, "CHURCH_NAME": "NEW CREATION WORD OF FAITH", "FULL_ADDRESS": "1934 SCENIC HWY", "CITY": "BATON ROUGE", "STATE": "LOUISIANA", "ZIP": 70802, "PHONE_NUMBER": null, "WEBSITE": null }, "geometry": { "type": "Point", "coordinates": [ -91.167755153132589, 30.465313837495565 ] } },
{ "type": "Feature", "properties": { "ID": 550, "CHURCH_NAME": "GREATER CENTRAL BAPTIST CHURCH, THE", "FULL_ADDRESS": "9012 SCENIC HWY", "CITY": "BATON ROUGE", "STATE": "LOUISIANA", "ZIP": 70807, "PHONE_NUMBER": null, "WEBSITE": null }, "geometry": { "type": "Point", "coordinates": [ -91.183426808296844, 30.528423974437473 ] } },
{ "type": "Feature", "properties": { "ID": 551, "CHURCH_NAME": "ON EAGLES WINGS MINISTRY OF RECONCILIATION", "FULL_ADDRESS": "1746 SCENIC HWY", "CITY": "BATON ROUGE", "STATE": "LOUISIANA", "ZIP": 70802, "PHONE_NUMBER": null, "WEBSITE": null }, "geometry": { "type": "Point", "coordinates": [ -91.167647093181216, 30.463422106305639 ] } },
{ "type": "Feature", "properties": { "ID": 552, "CHURCH_NAME": "BREAD OF LIFE MINISTRIES", "FULL_ADDRESS": "1742 SCENIC HWY", "CITY": "BATON ROUGE", "STATE": "LOUISIANA", "ZIP": 70802, "PHONE_NUMBER": null, "WEBSITE": null }, "geometry": { "type": "Point", "coordinates": [ -91.167496922349827, 30.463405335274881 ] } },
{ "type": "Feature", "properties": { "ID": 553, "CHURCH_NAME": "CAMPHOR MEMORIAL UNITED METHODIST CHURCH", "FULL_ADDRESS": "8660 SCENIC HWY", "CITY": "BATON ROUGE", "STATE": "LOUISIANA", "ZIP": 70807, "PHONE_NUMBER": null, "WEBSITE": null }, "geometry": { "type": "Point", "coordinates": [ -91.182108576199155, 30.525912539791836 ] } },
{ "type": "Feature", "properties": { "ID": 554, "CHURCH_NAME": "CAMPHOR MEMORIAL UNITED METHODIST CHURCH", "FULL_ADDRESS": "8742 SCENIC HWY", "CITY": "BATON ROUGE", "STATE": "LOUISIANA", "ZIP": 70807, "PHONE_NUMBER": null, "WEBSITE": null }, "geometry": { "type": "Point", "coordinates": [ -91.182217601700472, 30.526381733430725 ] } },
{ "type": "Feature", "properties": { "ID": 555, "CHURCH_NAME": "MT. PILGRIM BAPTIST CHURCH", "FULL_ADDRESS": "9700 SCENIC HWY", "CITY": "BATON ROUGE", "STATE": "LOUISIANA", "ZIP": 70807, "PHONE_NUMBER": "225-775-2740", "WEBSITE": "http://mtpilgrim.org/" }, "geometry": { "type": "Point", "coordinates": [ -91.185897600423061, 30.533152353269799 ] } },
{ "type": "Feature", "properties": { "ID": 556, "CHURCH_NAME": "LOVE AND FAITH FELLOWSHIP", "FULL_ADDRESS": "8714 SCOTLAND AVE", "CITY": "BATON ROUGE", "STATE": "LOUISIANA", "ZIP": 70807, "PHONE_NUMBER": null, "WEBSITE": null }, "geometry": { "type": "Point", "coordinates": [ -91.179836791157399, 30.526182514015606 ] } },
{ "type": "Feature", "properties": { "ID": 557, "CHURCH_NAME": "HOLY TRINITY COMMUNITY BAPTIST CHURCH", "FULL_ADDRESS": "1404 SEABORD DR", "CITY": "BATON ROUGE", "STATE": "LOUISIANA", "ZIP": 70820, "PHONE_NUMBER": null, "WEBSITE": null }, "geometry": { "type": "Point", "coordinates": [ -91.125040146430749, 30.356934448180887 ] } },
{ "type": "Feature", "properties": { "ID": 558, "CHURCH_NAME": "HOLY TRINITY COMMUNITY BAPTIST CHURCH", "FULL_ADDRESS": "1412 SEABORD DR", "CITY": "BATON ROUGE", "STATE": "LOUISIANA", "ZIP": 70820, "PHONE_NUMBER": null, "WEBSITE": null }, "geometry": { "type": "Point", "coordinates": [ -91.125113017845109, 30.356815821113461 ] } },
{ "type": "Feature", "properties": { "ID": 559, "CHURCH_NAME": "BIBLEWAY UNITED PENTECOSTAL CHURCH", "FULL_ADDRESS": "2823 SHADA AVE", "CITY": "BATON ROUGE", "STATE": "LOUISIANA", "ZIP": 70805, "PHONE_NUMBER": null, "WEBSITE": null }, "geometry": { "type": "Point", "coordinates": [ -91.162362688477131, 30.505547298589644 ] } },
{ "type": "Feature", "properties": { "ID": 560, "CHURCH_NAME": "MARANATHA FELLOWSHIP", "FULL_ADDRESS": "1433 SHARP LN", "CITY": "BATON ROUGE", "STATE": "LOUISIANA", "ZIP": 70815, "PHONE_NUMBER": null, "WEBSITE": null }, "geometry": { "type": "Point", "coordinates": [ -91.072735787595221, 30.462057477608042 ] } },
{ "type": "Feature", "properties": { "ID": 561, "CHURCH_NAME": "CHRISTIAN CHURCH OF BATON ROUGE", "FULL_ADDRESS": "1357 SHARP RD", "CITY": "BATON ROUGE", "STATE": "LOUISIANA", "ZIP": 70815, "PHONE_NUMBER": null, "WEBSITE": null }, "geometry": { "type": "Point", "coordinates": [ -91.064743370713472, 30.440783466179752 ] } },
{ "type": "Feature", "properties": { "ID": 562, "CHURCH_NAME": "CHURCH OF GOD, NTJ, THE", "FULL_ADDRESS": "2552 SHELDON DR", "CITY": "BATON ROUGE", "STATE": "LOUISIANA", "ZIP": 70805, "PHONE_NUMBER": null, "WEBSITE": null }, "geometry": { "type": "Point", "coordinates": [ -91.124702603414363, 30.471387982274113 ] } },
{ "type": "Feature", "properties": { "ID": 563, "CHURCH_NAME": "CALVARY ON THE BAYOU", "FULL_ADDRESS": "3535 S SHERWOOD FOREST BLVD", "CITY": "BATON ROUGE", "STATE": "LOUISIANA", "ZIP": 70816, "PHONE_NUMBER": null, "WEBSITE": null }, "geometry": { "type": "Point", "coordinates": [ -91.050364030860877, 30.420989332954811 ] } },
{ "type": "Feature", "properties": { "ID": 564, "CHURCH_NAME": "RYAN CHURCH", "FULL_ADDRESS": "3029 S SHERWOOD FOREST BLVD", "CITY": "BATON ROUGE", "STATE": "LOUISIANA", "ZIP": 70816, "PHONE_NUMBER": null, "WEBSITE": null }, "geometry": { "type": "Point", "coordinates": [ -91.051608893566026, 30.425315985358175 ] } },
{ "type": "Feature", "properties": { "ID": 565, "CHURCH_NAME": "CHAPELWOOD CHURCH OF GOD", "FULL_ADDRESS": "3730 N SHERWOOD FOREST DR", "CITY": "BATON ROUGE", "STATE": "LOUISIANA", "ZIP": 70814, "PHONE_NUMBER": null, "WEBSITE": null }, "geometry": { "type": "Point", "coordinates": [ -91.058970413846325, 30.486225588471331 ] } },
{ "type": "Feature", "properties": { "ID": 566, "CHURCH_NAME": "OUR LADY OF SORROWS ROMAN CATHOLIC CHURCH", "FULL_ADDRESS": "3475 N SHERWOOD FOREST DR", "CITY": "BATON ROUGE", "STATE": "LOUISIANA", "ZIP": 70814, "PHONE_NUMBER": null, "WEBSITE": null }, "geometry": { "type": "Point", "coordinates": [ -91.058810083529139, 30.482131822966377 ] } },
{ "type": "Feature", "properties": { "ID": 567, "CHURCH_NAME": "HIGHER GROUND OUTREACH MINISTRIES", "FULL_ADDRESS": "3515 N SHERWOOD FOREST DR", "CITY": "BATON ROUGE", "STATE": "LOUISIANA", "ZIP": 70814, "PHONE_NUMBER": null, "WEBSITE": null }, "geometry": { "type": "Point", "coordinates": [ -91.059281949715484, 30.483222192452441 ] } },
{ "type": "Feature", "properties": { "ID": 568, "CHURCH_NAME": "CHRIST THE KING CHRISTIAN CENTER", "FULL_ADDRESS": "4407 N SHERWOOD FOREST DR", "CITY": "BATON ROUGE", "STATE": "LOUISIANA", "ZIP": 70814, "PHONE_NUMBER": null, "WEBSITE": null }, "geometry": { "type": "Point", "coordinates": [ -91.061021710359483, 30.49180734368878 ] } },
{ "type": "Feature", "properties": { "ID": 569, "CHURCH_NAME": "SHEKINAH GLORY", "FULL_ADDRESS": "3730 N SHERWOOD FOREST DR", "CITY": "BATON ROUGE", "STATE": "LOUISIANA", "ZIP": 70814, "PHONE_NUMBER": null, "WEBSITE": null }, "geometry": { "type": "Point", "coordinates": [ -91.058970413846325, 30.486225588471331 ] } },
{ "type": "Feature", "properties": { "ID": 570, "CHURCH_NAME": "COMUNIDAD MISIONERA NATANAEL ASSEMBLY OF GOD", "FULL_ADDRESS": "4019 N SHERWOOD FOREST DR", "CITY": "BATON ROUGE", "STATE": "LOUISIANA", "ZIP": 70814, "PHONE_NUMBER": null, "WEBSITE": null }, "geometry": { "type": "Point", "coordinates": [ -91.061199863552872, 30.487849248488878 ] } },
{ "type": "Feature", "properties": { "ID": 571, "CHURCH_NAME": "LITTLE ROCK MISSIONARY BAPTIST CHURCH", "FULL_ADDRESS": "2585 SHERWOOD ST", "CITY": "BATON ROUGE", "STATE": "LOUISIANA", "ZIP": 70805, "PHONE_NUMBER": null, "WEBSITE": null }, "geometry": { "type": "Point", "coordinates": [ -91.164631827398807, 30.489573247226527 ] } },
{ "type": "Feature", "properties": { "ID": 572, "CHURCH_NAME": "NEW LIFE COMMUNITY BAPTIST CHURCH", "FULL_ADDRESS": "4143 SHERWOOD ST", "CITY": "BATON ROUGE", "STATE": "LOUISIANA", "ZIP": 70805, "PHONE_NUMBER": null, "WEBSITE": null }, "geometry": { "type": "Point", "coordinates": [ -91.14879335814642, 30.490257134363777 ] } },
{ "type": "Feature", "properties": { "ID": 573, "CHURCH_NAME": "ACACIA CHURCH", "FULL_ADDRESS": "10051 SIEGEN LN", "CITY": "BATON ROUGE", "STATE": "LOUISIANA", "ZIP": 70810, "PHONE_NUMBER": null, "WEBSITE": null }, "geometry": { "type": "Point", "coordinates": [ -91.079663078275715, 30.357446170751942 ] } },
{ "type": "Feature", "properties": { "ID": 574, "CHURCH_NAME": "CRISTO PARA TODOS LAS NACIONES", "FULL_ADDRESS": "6031 SIEGEN LN, STE F", "CITY": "BATON ROUGE", "STATE": "LOUISIANA", "ZIP": 70809, "PHONE_NUMBER": null, "WEBSITE": null }, "geometry": { "type": "Point", "coordinates": [ -91.057826889555969, 30.39459630527103 ] } },
{ "type": "Feature", "properties": { "ID": 575, "CHURCH_NAME": "THE CHAPEL IN THE OAKS", "FULL_ADDRESS": "9611 SIEGEN LN", "CITY": "BATON ROUGE", "STATE": "LOUISIANA", "ZIP": 70810, "PHONE_NUMBER": null, "WEBSITE": null }, "geometry": { "type": "Point", "coordinates": [ -91.077064003078632, 30.361530247849647 ] } },
{ "type": "Feature", "properties": { "ID": 576, "CHURCH_NAME": "WORD OF FAITH CHRISTIAN CENTER", "FULL_ADDRESS": "9160 SIEGEN LN", "CITY": "BATON ROUGE", "STATE": "LOUISIANA", "ZIP": 70810, "PHONE_NUMBER": null, "WEBSITE": null }, "geometry": { "type": "Point", "coordinates": [ -91.077190276871434, 30.366692263427538 ] } },
{ "type": "Feature", "properties": { "ID": 577, "CHURCH_NAME": "UNITED CHRISTIAN CHURCH", "FULL_ADDRESS": "9229 N RIDGEWOOD DR", "CITY": "BATON ROUGE", "STATE": "LOUISIANA", "ZIP": 70814, "PHONE_NUMBER": null, "WEBSITE": null }, "geometry": { "type": "Point", "coordinates": [ -91.085728920986725, 30.495228001668796 ] } },
{ "type": "Feature", "properties": { "ID": 578, "CHURCH_NAME": "EBENEZER BAPTIST CHURCH", "FULL_ADDRESS": "16891 RIVER RD", "CITY": "BATON ROUGE", "STATE": "LOUISIANA", "ZIP": 70810, "PHONE_NUMBER": null, "WEBSITE": null }, "geometry": { "type": "Point", "coordinates": [ -91.134536924916873, 30.324818465306844 ] } },
{ "type": "Feature", "properties": { "ID": 579, "CHURCH_NAME": "CHURCH", "FULL_ADDRESS": "5715 RIVER RD", "CITY": "BATON ROUGE", "STATE": "LOUISIANA", "ZIP": 70820, "PHONE_NUMBER": null, "WEBSITE": null }, "geometry": { "type": "Point", "coordinates": [ -91.207972494970647, 30.392196104546677 ] } },
{ "type": "Feature", "properties": { "ID": 580, "CHURCH_NAME": "NEW CHRISTIAN BAPTISTCHURCH", "FULL_ADDRESS": "5515 ROBERTSON AVE", "CITY": "BATON ROUGE", "STATE": "LOUISIANA", "ZIP": 70805, "PHONE_NUMBER": null, "WEBSITE": null }, "geometry": { "type": "Point", "coordinates": [ -91.143106966181932, 30.501858851305713 ] } },
{ "type": "Feature", "properties": { "ID": 581, "CHURCH_NAME": "CHOSEN LIFE MINISTRIES", "FULL_ADDRESS": "5685 ROBERTSON AVE", "CITY": "BATON ROUGE", "STATE": "LOUISIANA", "ZIP": 70805, "PHONE_NUMBER": null, "WEBSITE": null }, "geometry": { "type": "Point", "coordinates": [ -91.143170988917632, 30.501819360712332 ] } },
{ "type": "Feature", "properties": { "ID": 582, "CHURCH_NAME": "WORLD LINK OF CHURCHES AND MINISTRIES", "FULL_ADDRESS": "928 RODIN DR", "CITY": "BATON ROUGE", "STATE": "LOUISIANA", "ZIP": 70806, "PHONE_NUMBER": null, "WEBSITE": null }, "geometry": { "type": "Point", "coordinates": [ -91.122498542935446, 30.458354746650944 ] } },
{ "type": "Feature", "properties": { "ID": 583, "CHURCH_NAME": "CHINESE CHRISTIAN CHURCH", "FULL_ADDRESS": "10011 OLD HAMMOND HWY", "CITY": "BATON ROUGE", "STATE": "LOUISIANA", "ZIP": 70815, "PHONE_NUMBER": null, "WEBSITE": null }, "geometry": { "type": "Point", "coordinates": [ -91.076998280106494, 30.432576442088358 ] } },
{ "type": "Feature", "properties": { "ID": 584, "CHURCH_NAME": "FRANCIS ASBURY UNITED METHODIST CHURCH", "FULL_ADDRESS": "15447 OLD HAMMOND HWY", "CITY": "BATON ROUGE", "STATE": "LOUISIANA", "ZIP": 70819, "PHONE_NUMBER": null, "WEBSITE": null }, "geometry": { "type": "Point", "coordinates": [ -91.012632639785792, 30.458757656037307 ] } },
{ "type": "Feature", "properties": { "ID": 585, "CHURCH_NAME": "STEVENDALE BAPTIST CHURCH", "FULL_ADDRESS": "16545 OLD HAMMOND HWY", "CITY": "BATON ROUGE", "STATE": "LOUISIANA", "ZIP": 70816, "PHONE_NUMBER": null, "WEBSITE": null }, "geometry": { "type": "Point", "coordinates": [ -91.003165736988393, 30.463350656118351 ] } },
{ "type": "Feature", "properties": { "ID": 586, "CHURCH_NAME": "FIRST CHURCH OF THE NAZARENE", "FULL_ADDRESS": "9955 OLD HAMMOND HWY", "CITY": "BATON ROUGE", "STATE": "LOUISIANA", "ZIP": 70816, "PHONE_NUMBER": null, "WEBSITE": null }, "geometry": { "type": "Point", "coordinates": [ -91.077525229798951, 30.432125903380779 ] } },
{ "type": "Feature", "properties": { "ID": 587, "CHURCH_NAME": "PRESYBYTERY OF BATON ROUGE", "FULL_ADDRESS": "12909 OLD HAMMOND HWY", "CITY": "BATON ROUGE", "STATE": "LOUISIANA", "ZIP": 70816, "PHONE_NUMBER": null, "WEBSITE": null }, "geometry": { "type": "Point", "coordinates": [ -91.036310543812462, 30.444730535797028 ] } },
{ "type": "Feature", "properties": { "ID": 588, "CHURCH_NAME": "FAITH PRESBYTERIAN CHURCH", "FULL_ADDRESS": "12855 OLD HAMMOND HWY", "CITY": "BATON ROUGE", "STATE": "LOUISIANA", "ZIP": 70816, "PHONE_NUMBER": null, "WEBSITE": null }, "geometry": { "type": "Point", "coordinates": [ -91.036801657035781, 30.444372479290799 ] } },
{ "type": "Feature", "properties": { "ID": 589, "CHURCH_NAME": "RIVER OAKS BAPTIST CHURCH", "FULL_ADDRESS": "14969 OLD HAMMOND HWY", "CITY": "BATON ROUGE", "STATE": "LOUISIANA", "ZIP": 70819, "PHONE_NUMBER": null, "WEBSITE": null }, "geometry": { "type": "Point", "coordinates": [ -91.020224836792792, 30.455279080315226 ] } },
{ "type": "Feature", "properties": { "ID": 590, "CHURCH_NAME": "SEVENTH-DAY ADVENTIST CHURCH", "FULL_ADDRESS": "10319 OLD HAMMOND HWY, STE C2", "CITY": "BATON ROUGE", "STATE": "LOUISIANA", "ZIP": 70815, "PHONE_NUMBER": null, "WEBSITE": null }, "geometry": { "type": "Point", "coordinates": [ -91.072189660124153, 30.43338360457928 ] } },
{ "type": "Feature", "properties": { "ID": 591, "CHURCH_NAME": "FIRST CHRISTIAN CHURCH", "FULL_ADDRESS": "8484 OLD HAMMOND HWY", "CITY": "BATON ROUGE", "STATE": "LOUISIANA", "ZIP": 70809, "PHONE_NUMBER": null, "WEBSITE": null }, "geometry": { "type": "Point", "coordinates": [ -91.09877808276147, 30.430595512783352 ] } },
{ "type": "Feature", "properties": { "ID": 592, "CHURCH_NAME": "ROSE OF SHARON BAPTIST CHURCH", "FULL_ADDRESS": "312 OLD RAFE MAYER RD", "CITY": "BATON ROUGE", "STATE": "LOUISIANA", "ZIP": 70807, "PHONE_NUMBER": null, "WEBSITE": null }, "geometry": { "type": "Point", "coordinates": [ -91.204953105232732, 30.571436633271659 ] } },
{ "type": "Feature", "properties": { "ID": 593, "CHURCH_NAME": "UNION GROVE BAPTIST CHURCH", "FULL_ADDRESS": "327 TUSCALOOSA AVE", "CITY": "BATON ROUGE", "STATE": "LOUISIANA", "ZIP": 70806, "PHONE_NUMBER": null, "WEBSITE": null }, "geometry": { "type": "Point", "coordinates": [ -91.147712367000537, 30.450975847944761 ] } },
{ "type": "Feature", "properties": { "ID": 594, "CHURCH_NAME": "NEW CITY OF ZION CHURCH OF GOD IN CHRIST", "FULL_ADDRESS": "5272 UNDERWOOD AVE", "CITY": "BATON ROUGE", "STATE": "LOUISIANA", "ZIP": 70805, "PHONE_NUMBER": null, "WEBSITE": null }, "geometry": { "type": "Point", "coordinates": [ -91.137736284938143, 30.473722127745869 ] } },
{ "type": "Feature", "properties": { "ID": 595, "CHURCH_NAME": "CONCORD BAPTIST CHURCH", "FULL_ADDRESS": "2912 VALLEY ST", "CITY": "BATON ROUGE", "STATE": "LOUISIANA", "ZIP": 70808, "PHONE_NUMBER": null, "WEBSITE": null }, "geometry": { "type": "Point", "coordinates": [ -91.147390022696527, 30.422022009348364 ] } },
{ "type": "Feature", "properties": { "ID": 596, "CHURCH_NAME": "ST. LUKE BAPTIST CHURCH", "FULL_ADDRESS": "240 VAN BUREN ST", "CITY": "BATON ROUGE", "STATE": "LOUISIANA", "ZIP": 70802, "PHONE_NUMBER": null, "WEBSITE": null }, "geometry": { "type": "Point", "coordinates": [ -91.184334625452735, 30.429631279677082 ] } },
{ "type": "Feature", "properties": { "ID": 597, "CHURCH_NAME": "MELROSE EAST BAPTIST MISSION", "FULL_ADDRESS": "6844 VAN GOGH AVE", "CITY": "BATON ROUGE", "STATE": "LOUISIANA", "ZIP": 70806, "PHONE_NUMBER": null, "WEBSITE": null }, "geometry": { "type": "Point", "coordinates": [ -91.120666492124002, 30.454584823684776 ] } },
{ "type": "Feature", "properties": { "ID": 598, "CHURCH_NAME": "TRUE BELIEVERS CHRISTIAN CENTER", "FULL_ADDRESS": "6676 VAN GOGH AVE", "CITY": "BATON ROUGE", "STATE": "LOUISIANA", "ZIP": 70806, "PHONE_NUMBER": null, "WEBSITE": null }, "geometry": { "type": "Point", "coordinates": [ -91.122407868344396, 30.454625763732849 ] } },
{ "type": "Feature", "properties": { "ID": 599, "CHURCH_NAME": "ABOUNDING LOVE MINISTRIES", "FULL_ADDRESS": "6947 VAN GOGH AVE", "CITY": "BATON ROUGE", "STATE": "LOUISIANA", "ZIP": 70806, "PHONE_NUMBER": null, "WEBSITE": null }, "geometry": { "type": "Point", "coordinates": [ -91.119544906993923, 30.455340608569955 ] } },
{ "type": "Feature", "properties": { "ID": 600, "CHURCH_NAME": "GOD'S BLESSING LODGING HOUSE", "FULL_ADDRESS": "6673 VAN GOGH AVE", "CITY": "BATON ROUGE", "STATE": "LOUISIANA", "ZIP": 70806, "PHONE_NUMBER": null, "WEBSITE": null }, "geometry": { "type": "Point", "coordinates": [ -91.122407447708952, 30.455219708295282 ] } },
{ "type": "Feature", "properties": { "ID": 601, "CHURCH_NAME": "GREATER MT. OLIVE MISSIONARY BAPTIST CHURCH", "FULL_ADDRESS": "3155 VICTORIA DR", "CITY": "BATON ROUGE", "STATE": "LOUISIANA", "ZIP": 70805, "PHONE_NUMBER": null, "WEBSITE": null }, "geometry": { "type": "Point", "coordinates": [ -91.118777958783241, 30.477979619620292 ] } },
{ "type": "Feature", "properties": { "ID": 602, "CHURCH_NAME": "MIRACLE DELIVERANCE REVIVALS", "FULL_ADDRESS": "2843 VICTORIA DR", "CITY": "BATON ROUGE", "STATE": "LOUISIANA", "ZIP": 70805, "PHONE_NUMBER": null, "WEBSITE": null }, "geometry": { "type": "Point", "coordinates": [ -91.117668452141174, 30.47525672561488 ] } },
{ "type": "Feature", "properties": { "ID": 603, "CHURCH_NAME": "FIRST DAMASCUS BAPTIST CHURCH", "FULL_ADDRESS": "155 W WASHINGTON ST", "CITY": "BATON ROUGE", "STATE": "LOUISIANA", "ZIP": 70802, "PHONE_NUMBER": null, "WEBSITE": null }, "geometry": { "type": "Point", "coordinates": [ -91.183565376521287, 30.430548333017313 ] } },
{ "type": "Feature", "properties": { "ID": 604, "CHURCH_NAME": "OPEN FAITH TABERNACLE", "FULL_ADDRESS": "3580 WAYNE DR", "CITY": "BATON ROUGE", "STATE": "LOUISIANA", "ZIP": 70805, "PHONE_NUMBER": null, "WEBSITE": null }, "geometry": { "type": "Point", "coordinates": [ -91.147411233606462, 30.481733451270781 ] } },
{ "type": "Feature", "properties": { "ID": 605, "CHURCH_NAME": "JESUS' NAME APOSTOLIC TEMPLE", "FULL_ADDRESS": "2548 WELLER AVE", "CITY": "BATON ROUGE", "STATE": "LOUISIANA", "ZIP": 70805, "PHONE_NUMBER": null, "WEBSITE": null }, "geometry": { "type": "Point", "coordinates": [ -91.164489107590313, 30.485212393030121 ] } },
{ "type": "Feature", "properties": { "ID": 606, "CHURCH_NAME": "NEW REVELATION BAPTIST CHURCH", "FULL_ADDRESS": "2864 WELLER AVE", "CITY": "BATON ROUGE", "STATE": "LOUISIANA", "ZIP": 70805, "PHONE_NUMBER": null, "WEBSITE": null }, "geometry": { "type": "Point", "coordinates": [ -91.160897136538409, 30.485361866272299 ] } },
{ "type": "Feature", "properties": { "ID": 607, "CHURCH_NAME": "HIGHER GROUND OUTREACH MINISTRIES", "FULL_ADDRESS": "2156 WOODDALE BLVD", "CITY": "BATON ROUGE", "STATE": "LOUISIANA", "ZIP": 70806, "PHONE_NUMBER": null, "WEBSITE": null }, "geometry": { "type": "Point", "coordinates": [ -91.113968884169807, 30.469533224084998 ] } },
{ "type": "Feature", "properties": { "ID": 608, "CHURCH_NAME": "FIRST EMMANUEL MISSIONARY BAPTIST CHURCH", "FULL_ADDRESS": "1933 WOODDALE BLVD", "CITY": "BATON ROUGE", "STATE": "LOUISIANA", "ZIP": 70806, "PHONE_NUMBER": null, "WEBSITE": null }, "geometry": { "type": "Point", "coordinates": [ -91.114874221760161, 30.465950538934042 ] } },
{ "type": "Feature", "properties": { "ID": 609, "CHURCH_NAME": "BENLEYS HOUSE OF FAME", "FULL_ADDRESS": "2138 WOODDALE BLVD, STE 1C", "CITY": "BATON ROUGE", "STATE": "LOUISIANA", "ZIP": 70806, "PHONE_NUMBER": null, "WEBSITE": null }, "geometry": { "type": "Point", "coordinates": [ -91.114901191072377, 30.468732541349858 ] } },
{ "type": "Feature", "properties": { "ID": 610, "CHURCH_NAME": "ASPIRATIONS WHOLISTIC TUTORIAL", "FULL_ADDRESS": "2156 WOODDALE BLVD", "CITY": "BATON ROUGE", "STATE": "LOUISIANA", "ZIP": 70806, "PHONE_NUMBER": null, "WEBSITE": null }, "geometry": { "type": "Point", "coordinates": [ -91.113968884169807, 30.469533224084998 ] } },
{ "type": "Feature", "properties": { "ID": 611, "CHURCH_NAME": "STRAIGHT TO THE HEART MINISTRY", "FULL_ADDRESS": "2138 WOODDALE BLVD, STE 1C", "CITY": "BATON ROUGE", "STATE": "LOUISIANA", "ZIP": 70806, "PHONE_NUMBER": null, "WEBSITE": null }, "geometry": { "type": "Point", "coordinates": [ -91.114901191072377, 30.468732541349858 ] } },
{ "type": "Feature", "properties": { "ID": 612, "CHURCH_NAME": "BIBLE WORLD CHRISTIAN CENTER", "FULL_ADDRESS": "2156 WOODDALE BLVD", "CITY": "BATON ROUGE", "STATE": "LOUISIANA", "ZIP": 70806, "PHONE_NUMBER": null, "WEBSITE": null }, "geometry": { "type": "Point", "coordinates": [ -91.113968884169807, 30.469533224084998 ] } },
{ "type": "Feature", "properties": { "ID": 613, "CHURCH_NAME": "COUNSEL OF GOD MINISTRIES", "FULL_ADDRESS": "2370 WOODDALE BLVD", "CITY": "BATON ROUGE", "STATE": "LOUISIANA", "ZIP": 70806, "PHONE_NUMBER": null, "WEBSITE": null }, "geometry": { "type": "Point", "coordinates": [ -91.115650271080838, 30.470689534998279 ] } },
{ "type": "Feature", "properties": { "ID": 614, "CHURCH_NAME": "UMAR IBN AL-KHARAB BUILDING", "FULL_ADDRESS": "1844 WOODDALE BLVD", "CITY": "BAKER", "STATE": "LOUISIANA", "ZIP": 70714, "PHONE_NUMBER": null, "WEBSITE": null }, "geometry": { "type": "Point", "coordinates": [ -91.112921739804136, 30.465359991345256 ] } },
{ "type": "Feature", "properties": { "ID": 615, "CHURCH_NAME": "FAITH HOPE & LOVE WORSHIP CENTER", "FULL_ADDRESS": "2026 WOODDALE BLVD", "CITY": "BATON ROUGE", "STATE": "LOUISIANA", "ZIP": 70806, "PHONE_NUMBER": null, "WEBSITE": null }, "geometry": { "type": "Point", "coordinates": [ -91.114228486456625, 30.467355382674651 ] } },
{ "type": "Feature", "properties": { "ID": 616, "CHURCH_NAME": "EMMANUEL INTERNATIONAL MINISTRY", "FULL_ADDRESS": "2035 WOODDALE BLVD, STE A", "CITY": "BATON ROUGE", "STATE": "LOUISIANA", "ZIP": 70806, "PHONE_NUMBER": null, "WEBSITE": null }, "geometry": { "type": "Point", "coordinates": [ -91.114999369391398, 30.467412036539557 ] } },
{ "type": "Feature", "properties": { "ID": 617, "CHURCH_NAME": "GODS ANGELS IN THE FIELD", "FULL_ADDRESS": "2035 WOODDALE BLVD, STE A", "CITY": "BATON ROUGE", "STATE": "LOUISIANA", "ZIP": 70806, "PHONE_NUMBER": null, "WEBSITE": null }, "geometry": { "type": "Point", "coordinates": [ -91.114999369391398, 30.467412036539557 ] } },
{ "type": "Feature", "properties": { "ID": 618, "CHURCH_NAME": "HOPE FOR LIFE SPIRITUAL & HYP. CTR.", "FULL_ADDRESS": "2274 WOODDALE BLVD, STE A", "CITY": "BATON ROUGE", "STATE": "LOUISIANA", "ZIP": 70806, "PHONE_NUMBER": null, "WEBSITE": null }, "geometry": { "type": "Point", "coordinates": [ -91.115698979937932, 30.469753400396623 ] } },
{ "type": "Feature", "properties": { "ID": 619, "CHURCH_NAME": "TEMPLO CRISTANO ASAMBLEAS DE DIOS", "FULL_ADDRESS": "2156 WOODDALE BLVD, STE 140 B", "CITY": "BATON ROUGE", "STATE": "LOUISIANA", "ZIP": 70806, "PHONE_NUMBER": null, "WEBSITE": null }, "geometry": { "type": "Point", "coordinates": [ -91.115003416939956, 30.469076315627113 ] } },
{ "type": "Feature", "properties": { "ID": 620, "CHURCH_NAME": "TRINITY BAPTIST CHURCH", "FULL_ADDRESS": "1785 WOODDALE CT", "CITY": "BATON ROUGE", "STATE": "LOUISIANA", "ZIP": 70806, "PHONE_NUMBER": null, "WEBSITE": null }, "geometry": { "type": "Point", "coordinates": [ -91.111647988409004, 30.465118666722983 ] } },
{ "type": "Feature", "properties": { "ID": 621, "CHURCH_NAME": "JIMMY SWAGGART MINISTRIES", "FULL_ADDRESS": "8919 WORLD MINISTRY AVE", "CITY": "BATON ROUGE", "STATE": "LOUISIANA", "ZIP": 70810, "PHONE_NUMBER": null, "WEBSITE": null }, "geometry": { "type": "Point", "coordinates": [ -91.093982296763457, 30.384546323001629 ] } },
{ "type": "Feature", "properties": { "ID": 622, "CHURCH_NAME": "MACEDONIA MISSIONARY BAPTIST CHURCH", "FULL_ADDRESS": "2800 WYANDOTTE ST", "CITY": "BATON ROUGE", "STATE": "LOUISIANA", "ZIP": 70805, "PHONE_NUMBER": null, "WEBSITE": null }, "geometry": { "type": "Point", "coordinates": [ -91.161250617656819, 30.481725779296315 ] } },
{ "type": "Feature", "properties": { "ID": 623, "CHURCH_NAME": "CYPRESS GROVE BAPTIST CHURCH", "FULL_ADDRESS": "8539 ZACHARY-DEERFORD RD", "CITY": "ZACHARY", "STATE": "LOUISIANA", "ZIP": 70791, "PHONE_NUMBER": null, "WEBSITE": null }, "geometry": { "type": "Point", "coordinates": [ -91.097527227212652, 30.644871996876667 ] } },
{ "type": "Feature", "properties": { "ID": 624, "CHURCH_NAME": "KINGDOM HALL OF JEHOVAH'S WITNESSES", "FULL_ADDRESS": "24120 ZACHARY-SLAUGHTER HWY", "CITY": "SLAUGHTER", "STATE": "LOUISIANA", "ZIP": 70777, "PHONE_NUMBER": null, "WEBSITE": null }, "geometry": { "type": "Point", "coordinates": [ -91.145180023239007, 30.703192275445552 ] } },
{ "type": "Feature", "properties": { "ID": 625, "CHURCH_NAME": "CHARITY CHRISTIAN CENTER CHURCH", "FULL_ADDRESS": "871 O'NEAL LN", "CITY": "BATON ROUGE", "STATE": "LOUISIANA", "ZIP": 70816, "PHONE_NUMBER": null, "WEBSITE": null }, "geometry": { "type": "Point", "coordinates": [ -91.007421353806592, 30.456135548135062 ] } },
{ "type": "Feature", "properties": { "ID": 626, "CHURCH_NAME": "RIVERDALE BAPTIST CHURCH", "FULL_ADDRESS": "2765 O'NEAL LN", "CITY": "BATON ROUGE", "STATE": "LOUISIANA", "ZIP": 70816, "PHONE_NUMBER": null, "WEBSITE": null }, "geometry": { "type": "Point", "coordinates": [ -91.00674938170927, 30.428138749881509 ] } },
{ "type": "Feature", "properties": { "ID": 627, "CHURCH_NAME": "CALVARY CHAPEL", "FULL_ADDRESS": "1962 O'NEAL LN, STE B", "CITY": "BATON ROUGE", "STATE": "LOUISIANA", "ZIP": 70816, "PHONE_NUMBER": null, "WEBSITE": null }, "geometry": { "type": "Point", "coordinates": [ -91.008775752538455, 30.439837219181214 ] } },
{ "type": "Feature", "properties": { "ID": 628, "CHURCH_NAME": "TEMPLE BAPTIST CHURCH", "FULL_ADDRESS": "3650 O'NEAL LN", "CITY": "BATON ROUGE", "STATE": "LOUISIANA", "ZIP": 70816, "PHONE_NUMBER": null, "WEBSITE": null }, "geometry": { "type": "Point", "coordinates": [ -91.008064501687215, 30.419944454438642 ] } },
{ "type": "Feature", "properties": { "ID": 629, "CHURCH_NAME": "VISION CHRISTIAN CENTER INTERNATIONAL", "FULL_ADDRESS": "1047 ROSENWALD RD", "CITY": "BATON ROUGE", "STATE": "LOUISIANA", "ZIP": 70807, "PHONE_NUMBER": null, "WEBSITE": null }, "geometry": { "type": "Point", "coordinates": [ -91.183411463127101, 30.53157714744351 ] } },
{ "type": "Feature", "properties": { "ID": 630, "CHURCH_NAME": "FIRST PRESBYTERIAN CHURCH OF SCOTLANDVILLE", "FULL_ADDRESS": "1246 ROSENWALD RD", "CITY": "BATON ROUGE", "STATE": "LOUISIANA", "ZIP": 70807, "PHONE_NUMBER": null, "WEBSITE": null }, "geometry": { "type": "Point", "coordinates": [ -91.181071555468861, 30.531256836435841 ] } },
{ "type": "Feature", "properties": { "ID": 631, "CHURCH_NAME": "CHURCH OF THE LIVING GOD-PILLAR 7 GROUND OF THE TRUTH, THE", "FULL_ADDRESS": "1042 ROSENWALD RD", "CITY": "BATON ROUGE", "STATE": "LOUISIANA", "ZIP": 70807, "PHONE_NUMBER": null, "WEBSITE": null }, "geometry": { "type": "Point", "coordinates": [ -91.183700980652674, 30.530992842442149 ] } },
{ "type": "Feature", "properties": { "ID": 632, "CHURCH_NAME": "CYPRESS SPRINGS MERCEDARIAN PRAYER CENTER", "FULL_ADDRESS": "17560 GEORGE O'NEAL RD", "CITY": "BATON ROUGE", "STATE": "LOUISIANA", "ZIP": 70817, "PHONE_NUMBER": null, "WEBSITE": null }, "geometry": { "type": "Point", "coordinates": [ -90.996202547320621, 30.416906784031646 ] } },
{ "type": "Feature", "properties": { "ID": 633, "CHURCH_NAME": "JEHOVAH MINISTRY", "FULL_ADDRESS": "3352 WENONAH ST", "CITY": "BATON ROUGE", "STATE": "LOUISIANA", "ZIP": 70805, "PHONE_NUMBER": null, "WEBSITE": null }, "geometry": { "type": "Point", "coordinates": [ -91.163969413953126, 30.478657464709656 ] } },
{ "type": "Feature", "properties": { "ID": 634, "CHURCH_NAME": "NEW BEGINNING BAPTIST CHURCH OF BATON ROUGE", "FULL_ADDRESS": "7815 WHITE ST", "CITY": "BATON ROUGE", "STATE": "LOUISIANA", "ZIP": 70811, "PHONE_NUMBER": null, "WEBSITE": null }, "geometry": { "type": "Point", "coordinates": [ -91.133902816936242, 30.520108504946908 ] } },
{ "type": "Feature", "properties": { "ID": 635, "CHURCH_NAME": "NEW BETHEL BAPTIST CENTER", "FULL_ADDRESS": "8620 WILBUR ST", "CITY": "BATON ROUGE", "STATE": "LOUISIANA", "ZIP": 70807, "PHONE_NUMBER": null, "WEBSITE": null }, "geometry": { "type": "Point", "coordinates": [ -91.165384204812383, 30.525789807099297 ] } },
{ "type": "Feature", "properties": { "ID": 636, "CHURCH_NAME": "NEW PHILEMON BAPTIST CHURCH", "FULL_ADDRESS": "8544 WILBUR ST", "CITY": "BATON ROUGE", "STATE": "LOUISIANA", "ZIP": 70807, "PHONE_NUMBER": null, "WEBSITE": null }, "geometry": { "type": "Point", "coordinates": [ -91.165385462429441, 30.525251934903416 ] } },
{ "type": "Feature", "properties": { "ID": 637, "CHURCH_NAME": "LIVING FAITH CHRISTIAN CENTER", "FULL_ADDRESS": "6375 WINBOURNE AVE", "CITY": "BATON ROUGE", "STATE": "LOUISIANA", "ZIP": 70805, "PHONE_NUMBER": null, "WEBSITE": null }, "geometry": { "type": "Point", "coordinates": [ -91.125250154931848, 30.480333546444406 ] } },
{ "type": "Feature", "properties": { "ID": 638, "CHURCH_NAME": "HEALING PLACE CHURCH - BATON ROUGE DREAMCENTER", "FULL_ADDRESS": "4829 WINBOURNE AVE", "CITY": "BATON ROUGE", "STATE": "LOUISIANA", "ZIP": 70805, "PHONE_NUMBER": null, "WEBSITE": null }, "geometry": { "type": "Point", "coordinates": [ -91.142182360819774, 30.478958858744658 ] } },
{ "type": "Feature", "properties": { "ID": 639, "CHURCH_NAME": "CHURCH OF JESUS CHRIST OF LATTER DAY SAINTS", "FULL_ADDRESS": "5686 WINBOURNE AVE", "CITY": "BATON ROUGE", "STATE": "LOUISIANA", "ZIP": 70805, "PHONE_NUMBER": null, "WEBSITE": null }, "geometry": { "type": "Point", "coordinates": [ -91.133693994486165, 30.478521358926393 ] } },
{ "type": "Feature", "properties": { "ID": 640, "CHURCH_NAME": "UNITED METHODIST HOPE MINISTRIES", "FULL_ADDRESS": "4643 WINBOURNE AVE", "CITY": "BATON ROUGE", "STATE": "LOUISIANA", "ZIP": 70805, "PHONE_NUMBER": "225-355-0702", "WEBSITE": "http://hopeministriesbr.org" }, "geometry": { "type": "Point", "coordinates": [ -91.143816390091942, 30.479171276693922 ] } },
{ "type": "Feature", "properties": { "ID": 641, "CHURCH_NAME": "HOPE MINISTRIES", "FULL_ADDRESS": "4643 WINBOURNE AVE", "CITY": "BATON ROUGE", "STATE": "LOUISIANA", "ZIP": 70805, "PHONE_NUMBER": null, "WEBSITE": null }, "geometry": { "type": "Point", "coordinates": [ -91.143816390091942, 30.479171276693922 ] } },
{ "type": "Feature", "properties": { "ID": 642, "CHURCH_NAME": "BETHEL AMB CHURCH-ISTROUMA", "FULL_ADDRESS": "3809 WINNEBAGO ST", "CITY": "BATON ROUGE", "STATE": "LOUISIANA", "ZIP": 70805, "PHONE_NUMBER": null, "WEBSITE": null }, "geometry": { "type": "Point", "coordinates": [ -91.151420296372578, 30.483690552929435 ] } },
{ "type": "Feature", "properties": { "ID": 643, "CHURCH_NAME": "NEW FREEDOM BAPTIST CHURCH", "FULL_ADDRESS": "2909 WINNEBAGO ST", "CITY": "BATON ROUGE", "STATE": "LOUISIANA", "ZIP": 70805, "PHONE_NUMBER": null, "WEBSITE": null }, "geometry": { "type": "Point", "coordinates": [ -91.160007586669238, 30.483443967626087 ] } },
{ "type": "Feature", "properties": { "ID": 644, "CHURCH_NAME": "SWEET HOME BAPTIST CHURCH", "FULL_ADDRESS": "12575 SUNSHINE RD", "CITY": "BATON ROUGE", "STATE": "LOUISIANA", "ZIP": 70811, "PHONE_NUMBER": null, "WEBSITE": null }, "geometry": { "type": "Point", "coordinates": [ -91.144102275336607, 30.560356849251331 ] } },
{ "type": "Feature", "properties": { "ID": 645, "CHURCH_NAME": "FAITH TO CONQUER OUTREACH MINISTRIES", "FULL_ADDRESS": "1037 S TAMARI DR", "CITY": "BATON ROUGE", "STATE": "LOUISIANA", "ZIP": 70815, "PHONE_NUMBER": null, "WEBSITE": null }, "geometry": { "type": "Point", "coordinates": [ -91.048721850567404, 30.461728618837409 ] } },
{ "type": "Feature", "properties": { "ID": 646, "CHURCH_NAME": "THE MINISTRY OF LOVE", "FULL_ADDRESS": "1129 S TAMARI DR", "CITY": "BATON ROUGE", "STATE": "LOUISIANA", "ZIP": 70815, "PHONE_NUMBER": null, "WEBSITE": null }, "geometry": { "type": "Point", "coordinates": [ -91.048606629950754, 30.462215027143412 ] } },
{ "type": "Feature", "properties": { "ID": 647, "CHURCH_NAME": "IGLESIA MISIONERA PENTECOSTES", "FULL_ADDRESS": "1027 S TAMARI DR", "CITY": "BATON ROUGE", "STATE": "LOUISIANA", "ZIP": 70815, "PHONE_NUMBER": null, "WEBSITE": null }, "geometry": { "type": "Point", "coordinates": [ -91.048722652693954, 30.46141217361286 ] } },
{ "type": "Feature", "properties": { "ID": 648, "CHURCH_NAME": "CELEBRATION OF LIFE", "FULL_ADDRESS": "1149 S TAMARI DR", "CITY": "BATON ROUGE", "STATE": "LOUISIANA", "ZIP": 70815, "PHONE_NUMBER": null, "WEBSITE": null }, "geometry": { "type": "Point", "coordinates": [ -91.04871819749944, 30.46270816401886 ] } },
{ "type": "Feature", "properties": { "ID": 649, "CHURCH_NAME": "ST. PAUL LUTHERAN CHURCH", "FULL_ADDRESS": "2021 TARA BLVD", "CITY": "BATON ROUGE", "STATE": "LOUISIANA", "ZIP": 70806, "PHONE_NUMBER": null, "WEBSITE": null }, "geometry": { "type": "Point", "coordinates": [ -91.090824690015467, 30.431590597532537 ] } },
{ "type": "Feature", "properties": { "ID": 650, "CHURCH_NAME": "NEW HOME MINISTRIES FAMILY WORSHIP CENTER", "FULL_ADDRESS": "3000 TECUMSEH ST", "CITY": "BATON ROUGE", "STATE": "LOUISIANA", "ZIP": 70805, "PHONE_NUMBER": null, "WEBSITE": null }, "geometry": { "type": "Point", "coordinates": [ -91.165526013304529, 30.475376933766469 ] } },
{ "type": "Feature", "properties": { "ID": 651, "CHURCH_NAME": "ST. JOSEPH BAPTIST CHURCH", "FULL_ADDRESS": "2510 TENNESSEE ST", "CITY": "BATON ROUGE", "STATE": "LOUISIANA", "ZIP": 70802, "PHONE_NUMBER": null, "WEBSITE": null }, "geometry": { "type": "Point", "coordinates": [ -91.176154420672475, 30.424227306971279 ] } },
{ "type": "Feature", "properties": { "ID": 652, "CHURCH_NAME": "NEW ARK BAPTIST CHURCH", "FULL_ADDRESS": "1344 TERRACE ST", "CITY": "BATON ROUGE", "STATE": "LOUISIANA", "ZIP": 70802, "PHONE_NUMBER": null, "WEBSITE": null }, "geometry": { "type": "Point", "coordinates": [ -91.174098014780597, 30.436277991105381 ] } },
{ "type": "Feature", "properties": { "ID": 653, "CHURCH_NAME": "NEW PROSPECT MISSIONARY BAPTIST CHURCH", "FULL_ADDRESS": "1174 TERRACE ST", "CITY": "BATON ROUGE", "STATE": "LOUISIANA", "ZIP": 70802, "PHONE_NUMBER": null, "WEBSITE": null }, "geometry": { "type": "Point", "coordinates": [ -91.176679294285407, 30.436152799864868 ] } },
{ "type": "Feature", "properties": { "ID": 654, "CHURCH_NAME": "JORDAN STONE BAPTIST CHURCH", "FULL_ADDRESS": "8523 THELMA ST", "CITY": "BATON ROUGE", "STATE": "LOUISIANA", "ZIP": 70807, "PHONE_NUMBER": null, "WEBSITE": null }, "geometry": { "type": "Point", "coordinates": [ -91.174018020889974, 30.525546189526708 ] } },
{ "type": "Feature", "properties": { "ID": 655, "CHURCH_NAME": "ISRAELITE BAPTIST CHURCH", "FULL_ADDRESS": "1841 THOMAS H DELPIT DR", "CITY": "BATON ROUGE", "STATE": "LOUISIANA", "ZIP": 70802, "PHONE_NUMBER": null, "WEBSITE": null }, "geometry": { "type": "Point", "coordinates": [ -91.176700316323874, 30.430477923586224 ] } },
{ "type": "Feature", "properties": { "ID": 656, "CHURCH_NAME": "FAITH A.M.E. ZION CHURCH", "FULL_ADDRESS": "2364 THOMAS H DELPIT DR", "CITY": "BATON ROUGE", "STATE": "LOUISIANA", "ZIP": 70802, "PHONE_NUMBER": null, "WEBSITE": null }, "geometry": { "type": "Point", "coordinates": [ -91.176919359517697, 30.425560116391861 ] } },
{ "type": "Feature", "properties": { "ID": 657, "CHURCH_NAME": "NEELY UNITED METHODIST CHURCH", "FULL_ADDRESS": "1755 THOMAS H DELPIT DR", "CITY": "BATON ROUGE", "STATE": "LOUISIANA", "ZIP": 70802, "PHONE_NUMBER": null, "WEBSITE": null }, "geometry": { "type": "Point", "coordinates": [ -91.176470917995985, 30.43156650424045 ] } },
{ "type": "Feature", "properties": { "ID": 658, "CHURCH_NAME": "NEW JERUSALEM BAPTIST CHURCH", "FULL_ADDRESS": "1627 THOMAS H DELPIT DR", "CITY": "BATON ROUGE", "STATE": "LOUISIANA", "ZIP": 70802, "PHONE_NUMBER": null, "WEBSITE": null }, "geometry": { "type": "Point", "coordinates": [ -91.177927622793504, 30.433127713878054 ] } },
{ "type": "Feature", "properties": { "ID": 659, "CHURCH_NAME": "ST. ISIDORE THE FARMER CATHOLIC CHURCH", "FULL_ADDRESS": "5657 THOMAS RD", "CITY": "BATON ROUGE", "STATE": "LOUISIANA", "ZIP": 70811, "PHONE_NUMBER": null, "WEBSITE": "http://stisidorecommunity.org" }, "geometry": { "type": "Point", "coordinates": [ -91.135281365963479, 30.559521952071655 ] } },
{ "type": "Feature", "properties": { "ID": 660, "CHURCH_NAME": "BEECH GROVE BAPTIST CHURCH", "FULL_ADDRESS": "2376 THOMAS RD", "CITY": "BATON ROUGE", "STATE": "LOUISIANA", "ZIP": 70807, "PHONE_NUMBER": null, "WEBSITE": null }, "geometry": { "type": "Point", "coordinates": [ -91.167507305998498, 30.558242301415724 ] } },
{ "type": "Feature", "properties": { "ID": 661, "CHURCH_NAME": "GREATER MOUNT CARMEL CHURCH", "FULL_ADDRESS": "1414 SORA ST", "CITY": "BATON ROUGE", "STATE": "LOUISIANA", "ZIP": 70807, "PHONE_NUMBER": null, "WEBSITE": null }, "geometry": { "type": "Point", "coordinates": [ -91.179007621049053, 30.524472220305231 ] } },
{ "type": "Feature", "properties": { "ID": 662, "CHURCH_NAME": "NEW ST LUKE BAPTIST CHURCH", "FULL_ADDRESS": "538 SOUTH BLVD", "CITY": "BATON ROUGE", "STATE": "LOUISIANA", "ZIP": 70802, "PHONE_NUMBER": null, "WEBSITE": null }, "geometry": { "type": "Point", "coordinates": [ -91.184990655851749, 30.439490415153713 ] } },
{ "type": "Feature", "properties": { "ID": 663, "CHURCH_NAME": "CHRISTIAN BIBLE COLLEGE OF BR", "FULL_ADDRESS": "720 SOUTH BLVD", "CITY": "BATON ROUGE", "STATE": "LOUISIANA", "ZIP": 70802, "PHONE_NUMBER": null, "WEBSITE": null }, "geometry": { "type": "Point", "coordinates": [ -91.183177208831751, 30.439374057690696 ] } },
{ "type": "Feature", "properties": { "ID": 664, "CHURCH_NAME": "LIBERTY CHAPEL", "FULL_ADDRESS": "720 SOUTH BLVD", "CITY": "BATON ROUGE", "STATE": "LOUISIANA", "ZIP": 70802, "PHONE_NUMBER": null, "WEBSITE": null }, "geometry": { "type": "Point", "coordinates": [ -91.183177208831751, 30.439374057690696 ] } },
{ "type": "Feature", "properties": { "ID": 665, "CHURCH_NAME": "DELIVERANCE TEMPLE CHURCH OF GOD IN CHRIST", "FULL_ADDRESS": "1251 SPAIN ST", "CITY": "BATON ROUGE", "STATE": "LOUISIANA", "ZIP": 70802, "PHONE_NUMBER": null, "WEBSITE": null }, "geometry": { "type": "Point", "coordinates": [ -91.176091324571701, 30.444236283746605 ] } },
{ "type": "Feature", "properties": { "ID": 666, "CHURCH_NAME": "NAZARENE BAPTIST CHURCH", "FULL_ADDRESS": "1707 SPANISH TOWN RD", "CITY": "BATON ROUGE", "STATE": "LOUISIANA", "ZIP": 70802, "PHONE_NUMBER": null, "WEBSITE": null }, "geometry": { "type": "Point", "coordinates": [ -91.171663035676332, 30.455269790767478 ] } },
{ "type": "Feature", "properties": { "ID": 667, "CHURCH_NAME": "ST. GERARD MAJELLA CHURCH PARISH OFFICE", "FULL_ADDRESS": "3808 SAINT GERARD AVE", "CITY": "BATON ROUGE", "STATE": "LOUISIANA", "ZIP": 70805, "PHONE_NUMBER": null, "WEBSITE": null }, "geometry": { "type": "Point", "coordinates": [ -91.151588030184499, 30.49716399718837 ] } },
{ "type": "Feature", "properties": { "ID": 668, "CHURCH_NAME": "HARVEST TIME HIGHWAY MINISTRIES", "FULL_ADDRESS": "770 SAINT JOHN LN", "CITY": "BATON ROUGE", "STATE": "LOUISIANA", "ZIP": 70807, "PHONE_NUMBER": null, "WEBSITE": null }, "geometry": { "type": "Point", "coordinates": [ -91.189194606696901, 30.562777265856656 ] } },
{ "type": "Feature", "properties": { "ID": 669, "CHURCH_NAME": "STAR OF BETHLEHEM BAPTIST CHURCH", "FULL_ADDRESS": "1204 SAINT JOSEPH ST", "CITY": "BATON ROUGE", "STATE": "LOUISIANA", "ZIP": 70802, "PHONE_NUMBER": null, "WEBSITE": null }, "geometry": { "type": "Point", "coordinates": [ -91.18248446368473, 30.437002634248948 ] } },
{ "type": "Feature", "properties": { "ID": 670, "CHURCH_NAME": "NEW CREATION CHRISTIAN CENTER", "FULL_ADDRESS": "10000 PERKINS ROWE", "CITY": "BATON ROUGE", "STATE": "LOUISIANA", "ZIP": 70810, "PHONE_NUMBER": null, "WEBSITE": null }, "geometry": { "type": "Point", "coordinates": [ -91.095024398409151, 30.378970964543395 ] } },
{ "type": "Feature", "properties": { "ID": 671, "CHURCH_NAME": "RICHARDSON CHAPEL-CHURCH OF GOD IN CHRIST", "FULL_ADDRESS": "731 W.K. GORDON ST", "CITY": "BATON ROUGE", "STATE": "LOUISIANA", "ZIP": 70807, "PHONE_NUMBER": null, "WEBSITE": null }, "geometry": { "type": "Point", "coordinates": [ -91.186539714237711, 30.53084040359051 ] } },
{ "type": "Feature", "properties": { "ID": 672, "CHURCH_NAME": "RICHARDSON CHAPEL OUTREACH MINISTRY", "FULL_ADDRESS": "757 W.K. GORDON ST", "CITY": "BATON ROUGE", "STATE": "LOUISIANA", "ZIP": 70807, "PHONE_NUMBER": null, "WEBSITE": null }, "geometry": { "type": "Point", "coordinates": [ -91.186353051665023, 30.530872514429475 ] } },
{ "type": "Feature", "properties": { "ID": 673, "CHURCH_NAME": "ST. GEORGE CATHOLIC CHURCH", "FULL_ADDRESS": "7808 SAINT GEORGE DR", "CITY": "BATON ROUGE", "STATE": "LOUISIANA", "ZIP": 70809, "PHONE_NUMBER": null, "WEBSITE": null }, "geometry": { "type": "Point", "coordinates": [ -91.070559416187223, 30.378730399344775 ] } },
{ "type": "Feature", "properties": { "ID": 674, "CHURCH_NAME": "THE GREATER UNITED BAPTIST CHURCH", "FULL_ADDRESS": "2602 MAIN ST", "CITY": "BAKER", "STATE": "LOUISIANA", "ZIP": 70714, "PHONE_NUMBER": null, "WEBSITE": null }, "geometry": { "type": "Point", "coordinates": [ -91.164425882151903, 30.603994114825792 ] } },
{ "type": "Feature", "properties": { "ID": 675, "CHURCH_NAME": "HARDING STREET BAPTIST CHURCH", "FULL_ADDRESS": "250 MAIN ST", "CITY": "BAKER", "STATE": "LOUISIANA", "ZIP": 70714, "PHONE_NUMBER": null, "WEBSITE": null }, "geometry": { "type": "Point", "coordinates": [ -91.167823510627073, 30.576547797431747 ] } },
{ "type": "Feature", "properties": { "ID": 676, "CHURCH_NAME": "MIRACLE PLACE CHURCH/ATWH", "FULL_ADDRESS": "2080 MAIN ST", "CITY": "BAKER", "STATE": "LOUISIANA", "ZIP": 70714, "PHONE_NUMBER": null, "WEBSITE": null }, "geometry": { "type": "Point", "coordinates": [ -91.164908546659049, 30.595823525951435 ] } },
{ "type": "Feature", "properties": { "ID": 677, "CHURCH_NAME": "MIRACLE PLACE CHURCH/ATWH", "FULL_ADDRESS": "2034 MAIN ST", "CITY": "BAKER", "STATE": "LOUISIANA", "ZIP": 70714, "PHONE_NUMBER": null, "WEBSITE": null }, "geometry": { "type": "Point", "coordinates": [ -91.16501046107318, 30.595212785675631 ] } },
{ "type": "Feature", "properties": { "ID": 678, "CHURCH_NAME": "FIRST UNITED METHODIST CHURCH", "FULL_ADDRESS": "1255 CAMELIA AVE", "CITY": "BAKER", "STATE": "LOUISIANA", "ZIP": 70714, "PHONE_NUMBER": null, "WEBSITE": null }, "geometry": { "type": "Point", "coordinates": [ -91.168805839598875, 30.589046466281637 ] } },
{ "type": "Feature", "properties": { "ID": 679, "CHURCH_NAME": "BETHEL A. M. E. CHURCH", "FULL_ADDRESS": "1358 SOUTH ST", "CITY": "BATON ROUGE", "STATE": "LOUISIANA", "ZIP": 70802, "PHONE_NUMBER": null, "WEBSITE": null }, "geometry": { "type": "Point", "coordinates": [ -91.174625536938095, 30.439495596478288 ] } },
{ "type": "Feature", "properties": { "ID": 680, "CHURCH_NAME": "NEW ST JOHN MISSIONARY BAPTIST CHURCH", "FULL_ADDRESS": "1455 SOUTH ST", "CITY": "BATON ROUGE", "STATE": "LOUISIANA", "ZIP": 70802, "PHONE_NUMBER": null, "WEBSITE": null }, "geometry": { "type": "Point", "coordinates": [ -91.172993039509109, 30.439967255949686 ] } },
{ "type": "Feature", "properties": { "ID": 681, "CHURCH_NAME": "GETHESAMINE BAPTIST CHURCH", "FULL_ADDRESS": "1101 CHARLES T. SMITH DR", "CITY": "BATON ROUGE", "STATE": "LOUISIANA", "ZIP": 70802, "PHONE_NUMBER": null, "WEBSITE": null }, "geometry": { "type": "Point", "coordinates": [ -91.177973337985165, 30.446385934944839 ] } },
{ "type": "Feature", "properties": { "ID": 682, "CHURCH_NAME": "ST. JOHN THE BAPTIST CATHOLIC CHURCH", "FULL_ADDRESS": "4826 MAIN ST", "CITY": "ZACHARY", "STATE": "LOUISIANA", "ZIP": 70791, "PHONE_NUMBER": null, "WEBSITE": "http://www.sjb-ola.org" }, "geometry": { "type": "Point", "coordinates": [ -91.153123730345229, 30.647911929959626 ] } },
{ "type": "Feature", "properties": { "ID": 683, "CHURCH_NAME": "MAGNOLIA GROVE BAPTIST CHURCH", "FULL_ADDRESS": "17762 OLD SCENIC HWY", "CITY": "ZACHARY", "STATE": "LOUISIANA", "ZIP": 70791, "PHONE_NUMBER": null, "WEBSITE": null }, "geometry": { "type": "Point", "coordinates": [ -91.199149849337402, 30.621654227113645 ] } },
{ "type": "Feature", "properties": { "ID": 684, "CHURCH_NAME": "ISLAMIC COMPLEX", "FULL_ADDRESS": "740 LORRI BURGESS AVE", "CITY": "BATON ROUGE", "STATE": "LOUISIANA", "ZIP": 70802, "PHONE_NUMBER": null, "WEBSITE": null }, "geometry": { "type": "Point", "coordinates": [ -91.177195217386753, 30.431003099302846 ] } },
{ "type": "Feature", "properties": { "ID": 685, "CHURCH_NAME": "ST. JOHN BAPTIST CHURCH", "FULL_ADDRESS": "307 LORRI BURGESS AVE", "CITY": "BATON ROUGE", "STATE": "LOUISIANA", "ZIP": 70802, "PHONE_NUMBER": null, "WEBSITE": null }, "geometry": { "type": "Point", "coordinates": [ -91.180577163259585, 30.43128916694749 ] } },
{ "type": "Feature", "properties": { "ID": 686, "CHURCH_NAME": "MT. ZION FIRST BAPTIST CHURCH", "FULL_ADDRESS": "356 S T.J. JEMISON BLVD", "CITY": "BATON ROUGE", "STATE": "LOUISIANA", "ZIP": 70802, "PHONE_NUMBER": null, "WEBSITE": null }, "geometry": { "type": "Point", "coordinates": [ -91.180592551531788, 30.444566150775145 ] } }
]
}
