{
"type": "FeatureCollection",
"name": "Flood_Protection_District",
"crs": { "type": "name", "properties": { "name": "urn:ogc:def:crs:OGC:1.3:CRS84" } },
"features": [
{ "type": "Feature", "properties": { "ID": 1, "NAME": "PONTCHARTRAIN LEVEE DISTRICT", "YEAR_CREATED": "1895" }, "geometry": { "type": "Polygon", "coordinates": [ [ [ -91.127665237157188, 30.371810685542556 ], [ -91.128019168948356, 30.37196190622101 ], [ -91.12819990490712, 30.372030531691472 ], [ -91.128829436586543, 30.372241865054875 ], [ -91.128986576542985, 30.372291883226925 ], [ -91.130923486491881, 30.37296922236753 ], [ -91.132463061724138, 30.373721445162126 ], [ -91.132465441957805, 30.373722567381748 ], [ -91.133124158680289, 30.374033100282997 ], [ -91.133899825245749, 30.374411778591138 ], [ -91.134160722561347, 30.374575756693357 ], [ -91.134262123309639, 30.374670286061651 ], [ -91.134827173149944, 30.375143016190961 ], [ -91.1350263687726, 30.375314525286036 ], [ -91.135522594124069, 30.375741773545851 ], [ -91.136210786936985, 30.376298783516813 ], [ -91.136861986465149, 30.376823322460599 ], [ -91.138030546285847, 30.377764571664713 ], [ -91.1380774176166, 30.377802325127526 ], [ -91.138124287942546, 30.377840078571761 ], [ -91.138646816635998, 30.378245539112811 ], [ -91.138848098489092, 30.378401724144535 ], [ -91.139934739359219, 30.379089537537624 ], [ -91.140795807217614, 30.379638958355468 ], [ -91.141617286055862, 30.380245865292991 ], [ -91.143030319693707, 30.381336810841368 ], [ -91.143537463784241, 30.381747704278567 ], [ -91.144908247926224, 30.382828865626866 ], [ -91.145713380855909, 30.383416588854836 ], [ -91.148422393906415, 30.385522935738692 ], [ -91.150798928048303, 30.387242965480734 ], [ -91.155286637131852, 30.390443255566151 ], [ -91.157668204914145, 30.392257324664424 ], [ -91.158287039834605, 30.392736567211447 ], [ -91.158914388182964, 30.393197703093126 ], [ -91.159749611868705, 30.393854868668658 ], [ -91.161291880447138, 30.395053504765958 ], [ -91.162302128710905, 30.395831623890032 ], [ -91.163745285833514, 30.396943166840927 ], [ -91.164023103113607, 30.397157141994221 ], [ -91.164372412531634, 30.39742744617077 ], [ -91.165130110074159, 30.398013761899161 ], [ -91.166096917144145, 30.398762716203549 ], [ -91.166371109069289, 30.398975121097543 ], [ -91.167485286544931, 30.399843326242387 ], [ -91.168851783126684, 30.400906244715049 ], [ -91.17055782994494, 30.402215399624357 ], [ -91.172340120034079, 30.403617044927362 ], [ -91.173678106176851, 30.40458200709114 ], [ -91.174247623931507, 30.405053029907943 ], [ -91.17485781347682, 30.405578842290481 ], [ -91.174988087275835, 30.40570108272593 ], [ -91.175121323341997, 30.405824611149622 ], [ -91.175213052271246, 30.40594551974112 ], [ -91.175353627479126, 30.406116604947673 ], [ -91.17576169285897, 30.406875420083008 ], [ -91.175950769828063, 30.407420311599022 ], [ -91.175952230916792, 30.407453226972105 ], [ -91.175966286838616, 30.40751982511787 ], [ -91.175988843242834, 30.407652350851524 ], [ -91.176005174913442, 30.407785575504562 ], [ -91.176015084322117, 30.407916062786207 ], [ -91.176015292584751, 30.407919277178141 ], [ -91.176039970098344, 30.408390965693165 ], [ -91.17616376960838, 30.411532432277323 ], [ -91.17639429723269, 30.415832087390864 ], [ -91.176394320685077, 30.417217537161989 ], [ -91.176604634149939, 30.418244093503745 ], [ -91.177707420534873, 30.420681375716214 ], [ -91.180268735368742, 30.426253558034396 ], [ -91.180784575297892, 30.427376868630688 ], [ -91.18163807219625, 30.429238659628446 ], [ -91.182072155934563, 30.430130285704031 ], [ -91.182108995002451, 30.430206374387883 ], [ -91.182129813368348, 30.430243485556648 ], [ -91.182152195319077, 30.430279907513409 ], [ -91.182176108660869, 30.430315590605947 ], [ -91.182201522238088, 30.430350486987418 ], [ -91.182228400732384, 30.430384547904168 ], [ -91.18225670777727, 30.430417729111639 ], [ -91.182697483880872, 30.430954228303523 ], [ -91.182796609145839, 30.431077254555628 ], [ -91.182842389239639, 30.431140944133777 ], [ -91.182885571104649, 30.431205982961654 ], [ -91.182926102812232, 30.431272288893034 ], [ -91.182963934509644, 30.43133978339241 ], [ -91.182999019474934, 30.431408382515169 ], [ -91.183031315149719, 30.431478002321278 ], [ -91.183060783140505, 30.431548557973301 ], [ -91.18308738505489, 30.431619963731595 ], [ -91.183285595493203, 30.432185631637743 ], [ -91.183407706805056, 30.433166548079896 ], [ -91.183544008463443, 30.433614861762958 ], [ -91.184478073273198, 30.435017959293635 ], [ -91.187349726520878, 30.434955455653434 ], [ -91.18794099649638, 30.434952872194621 ], [ -91.190625508460229, 30.43488513278616 ], [ -91.193112395673907, 30.434858360048629 ], [ -91.193339215006517, 30.433858664580555 ], [ -91.193362240145973, 30.433728104387622 ], [ -91.193488091890927, 30.433248766195021 ], [ -91.193535374789207, 30.432697974693429 ], [ -91.193547232996949, 30.432189925126217 ], [ -91.193528963831213, 30.432088285264257 ], [ -91.193528084523649, 30.431926121384123 ], [ -91.193561389850416, 30.431737911706737 ], [ -91.193592397305295, 30.431493669395724 ], [ -91.193605191478142, 30.431321088248087 ], [ -91.193629363483495, 30.431082056326101 ], [ -91.193658720498831, 30.430860083745156 ], [ -91.193706290324826, 30.43056645173489 ], [ -91.193733115265502, 30.430204584037693 ], [ -91.193743612268975, 30.42997597288398 ], [ -91.193787701570969, 30.429816311843641 ], [ -91.193802149367656, 30.429621460798348 ], [ -91.193820954587338, 30.429454799942 ], [ -91.193820071703371, 30.429292635939301 ], [ -91.193860948383119, 30.429132797352271 ], [ -91.196038134255303, 30.4186009749492 ], [ -91.196479615200644, 30.41757768082979 ], [ -91.196762820492822, 30.416752902580559 ], [ -91.197117713238413, 30.415072560527555 ], [ -91.198072428775973, 30.413056692242243 ], [ -91.198285924083265, 30.411620671018245 ], [ -91.199029746062848, 30.40908508621466 ], [ -91.200019740273078, 30.40697756072348 ], [ -91.201027426130992, 30.40544519870102 ], [ -91.20126217574493, 30.40526249416116 ], [ -91.203282866756481, 30.402667915333272 ], [ -91.204175768084767, 30.401326169799248 ], [ -91.204899309512626, 30.399671590385307 ], [ -91.205303385885557, 30.398936298180033 ], [ -91.206300575809735, 30.397671042393213 ], [ -91.20796053567237, 30.3952787344539 ], [ -91.210172536339272, 30.393023713037088 ], [ -91.210745371773456, 30.392357373503717 ], [ -91.211160046363972, 30.391981573898423 ], [ -91.211653973721241, 30.391315157291189 ], [ -91.21289807045089, 30.390102249788729 ], [ -91.213938342311081, 30.389071407941209 ], [ -91.213984185418525, 30.389025980218968 ], [ -91.214260666227119, 30.388735540738502 ], [ -91.214615939531342, 30.388530670090201 ], [ -91.2148136025897, 30.38817176275187 ], [ -91.215050903181108, 30.387998488252983 ], [ -91.215340789826627, 30.387831316933536 ], [ -91.215727359468929, 30.387563772051646 ], [ -91.216326741315754, 30.386978299246326 ], [ -91.216926096483064, 30.386409562873059 ], [ -91.217641646359311, 30.385556294840054 ], [ -91.218078516862874, 30.385266521454906 ], [ -91.218221458067049, 30.385171710504366 ], [ -91.219110392370368, 30.384670190970684 ], [ -91.220212132960626, 30.383833985622285 ], [ -91.221275342241853, 30.382897277345435 ], [ -91.222261268686722, 30.381977240062128 ], [ -91.222996144905849, 30.381040243871073 ], [ -91.223576241436703, 30.380354262859861 ], [ -91.223962268506952, 30.379628495969207 ], [ -91.22402131994032, 30.379517475180197 ], [ -91.224305269960894, 30.379288204822242 ], [ -91.224889047715934, 30.378623523777051 ], [ -91.229375068274692, 30.371602084667934 ], [ -91.230749315928477, 30.369802291549792 ], [ -91.233010462232087, 30.365840735020633 ], [ -91.233339510730801, 30.365316213533145 ], [ -91.233823146027007, 30.364660062371819 ], [ -91.233810420117763, 30.36433179507134 ], [ -91.234137338509839, 30.363743442641596 ], [ -91.234307233278173, 30.363539821865583 ], [ -91.234594495109008, 30.363449484072351 ], [ -91.234725428157105, 30.363042088100265 ], [ -91.235000530865534, 30.362046199010358 ], [ -91.235001257605674, 30.361993000011893 ], [ -91.235014603354529, 30.361016156465528 ], [ -91.235119863635461, 30.360167292537763 ], [ -91.23508171277247, 30.359148531112364 ], [ -91.235043295027637, 30.358401429650044 ], [ -91.234771035489928, 30.35701130216912 ], [ -91.234705365591054, 30.356204189218523 ], [ -91.234564547339289, 30.355764521610389 ], [ -91.234440333177375, 30.355339279105262 ], [ -91.234374128888064, 30.355072608013057 ], [ -91.234349403621067, 30.354870826350556 ], [ -91.234200487217819, 30.354222179358715 ], [ -91.234059660650374, 30.353796923857097 ], [ -91.233993331790217, 30.353652756009332 ], [ -91.233860929182086, 30.353112209806959 ], [ -91.233744901295381, 30.352816680364636 ], [ -91.233753267965895, 30.352759037834879 ], [ -91.233686934056649, 30.352622076683829 ], [ -91.233477773190046, 30.352079602881993 ], [ -91.233365633156339, 30.351738080470739 ], [ -91.232467580405341, 30.349948911905859 ], [ -91.232074525085935, 30.349330770919909 ], [ -91.231765649556436, 30.348891542551705 ], [ -91.231587909778113, 30.348549964287152 ], [ -91.231045267824541, 30.347565877473713 ], [ -91.226796377530931, 30.342335762411512 ], [ -91.2266651979036, 30.342237351514207 ], [ -91.226605087742755, 30.342174116851883 ], [ -91.226430990174833, 30.342077824362335 ], [ -91.226298075704392, 30.341973325189258 ], [ -91.225973090757904, 30.341775289463087 ], [ -91.225807406347073, 30.341733921310979 ], [ -91.225576326307845, 30.341610110397358 ], [ -91.225357826994156, 30.341545987199357 ], [ -91.224583397918281, 30.341084175225873 ], [ -91.223944821490861, 30.340795488634889 ], [ -91.223101685381025, 30.340617459227211 ], [ -91.22294825508385, 30.340705995409607 ], [ -91.222002623462004, 30.340771698757937 ], [ -91.2216451212648, 30.340527572443857 ], [ -91.221002434751071, 30.340403121598928 ], [ -91.220725324806395, 30.340349460313085 ], [ -91.219038129490912, 30.340813499407862 ], [ -91.218910120625424, 30.34101288370422 ], [ -91.218603301204396, 30.341145614035348 ], [ -91.218347844540943, 30.341056727650432 ], [ -91.218178612265021, 30.341122571929368 ], [ -91.207157213966411, 30.345419024262249 ], [ -91.203317832783739, 30.346746697932588 ], [ -91.196248260871812, 30.34891546972619 ], [ -91.189607065903317, 30.350636059651841 ], [ -91.18817176737987, 30.350907761850973 ], [ -91.18284544233174, 30.351915862701397 ], [ -91.180303343039071, 30.351704601286261 ], [ -91.17672487746546, 30.35140183283362 ], [ -91.174278730236367, 30.35100103007861 ], [ -91.173728160787235, 30.350854978692922 ], [ -91.172972048637348, 30.350653989297236 ], [ -91.169758445871153, 30.349591710277597 ], [ -91.168875902055575, 30.349299961450264 ], [ -91.166572070718672, 30.348537982330349 ], [ -91.163792085373203, 30.347618448835231 ], [ -91.160159852819433, 30.34641690453752 ], [ -91.159007066263129, 30.346035439271475 ], [ -91.157724980090734, 30.345611065720476 ], [ -91.155887066493719, 30.345002684365049 ], [ -91.155152184895414, 30.344759416124173 ], [ -91.154203858210437, 30.344343455997631 ], [ -91.149860783711873, 30.342444136094887 ], [ -91.149360350186825, 30.342151038036725 ], [ -91.149159397461688, 30.341894543859325 ], [ -91.14865847697564, 30.341530834613135 ], [ -91.147715343182824, 30.340944883444308 ], [ -91.14497158581014, 30.339392626172387 ], [ -91.14472410225612, 30.339217273504254 ], [ -91.143841951127968, 30.338582597218331 ], [ -91.143609638941186, 30.338404160033104 ], [ -91.142921542860662, 30.337875633532665 ], [ -91.142269776252348, 30.337280175399769 ], [ -91.14166953585142, 30.336523657106596 ], [ -91.141158745192712, 30.335858117277667 ], [ -91.140648047224389, 30.33514668078525 ], [ -91.140429245158685, 30.334715625115766 ], [ -91.14035472818172, 30.334568815595915 ], [ -91.140053551090247, 30.334293795463772 ], [ -91.13979931841088, 30.334009057346403 ], [ -91.139227436958805, 30.333297302526834 ], [ -91.138973731226216, 30.33274399432911 ], [ -91.138725186773854, 30.332195334510981 ], [ -91.138674744262801, 30.332083982477705 ], [ -91.138330332231305, 30.331388355216923 ], [ -91.138021996999896, 30.330858662633943 ], [ -91.137858816065204, 30.330550355820961 ], [ -91.137832334855432, 30.330134823598048 ], [ -91.137660509306656, 30.329597432195008 ], [ -91.137488760310532, 30.329020545390183 ], [ -91.137462101538063, 30.328696643452691 ], [ -91.137389636221386, 30.328530657136486 ], [ -91.137153709131866, 30.328202493268705 ], [ -91.136872249493919, 30.327894012008464 ], [ -91.136791186326946, 30.327475238913554 ], [ -91.136755792446053, 30.326969645258487 ], [ -91.136747543644688, 30.32653913117629 ], [ -91.136748496551007, 30.326057288094759 ], [ -91.136776106097784, 30.325899349096765 ], [ -91.13680463591426, 30.32527536279656 ], [ -91.136851362185126, 30.324651404363582 ], [ -91.136879578957036, 30.324185400253015 ], [ -91.136980669935838, 30.32367605792291 ], [ -91.137053941015367, 30.323431295422857 ], [ -91.137227734774754, 30.32296550824698 ], [ -91.137200642099813, 30.322862779938784 ], [ -91.137192025448883, 30.322617895693416 ], [ -91.137292943440471, 30.322194651869058 ], [ -91.137484930199292, 30.321728890314208 ], [ -91.137795268628864, 30.321223808398418 ], [ -91.137950779249479, 30.320797488254168 ], [ -91.138206615345482, 30.320247026950049 ], [ -91.138462355962218, 30.319742236095646 ], [ -91.138982388728209, 30.319008933150887 ], [ -91.139301518065125, 30.318654204315269 ], [ -91.139420392246123, 30.318346543456869 ], [ -91.139505505197931, 30.317996700733374 ], [ -91.13958445723344, 30.317865861619541 ], [ -91.13801202813022, 30.316839760346038 ], [ -91.137998196896461, 30.316822210965583 ], [ -91.137957177740972, 30.316729693803342 ], [ -91.137927933723063, 30.316693045567508 ], [ -91.137860638292651, 30.316666480746438 ], [ -91.137832916789648, 30.316661456452611 ], [ -91.137750524675539, 30.316656522607683 ], [ -91.137691923221936, 30.316640969116353 ], [ -91.137625394163535, 30.31662763748 ], [ -91.137578654910996, 30.316623616064692 ], [ -91.137548555114577, 30.316619274692904 ], [ -91.137483615472803, 30.316603540312144 ], [ -91.137304706821354, 30.316524050570244 ], [ -91.137275515295173, 30.316460937924603 ], [ -91.137257525098704, 30.316342676883444 ], [ -91.137277422241212, 30.316297508831912 ], [ -91.137294955622153, 30.316245635482186 ], [ -91.137311681756287, 30.316201322429951 ], [ -91.137317270006903, 30.316180021046005 ], [ -91.137318942402757, 30.316135514248646 ], [ -91.137311135780109, 30.31607638549087 ], [ -91.1372922079142, 30.31603184721483 ], [ -91.137292281790479, 30.315994383534523 ], [ -91.13728046548519, 30.315959651840718 ], [ -91.137256750535357, 30.315931948874955 ], [ -91.137225112092182, 30.315904405541193 ], [ -91.137191156730466, 30.315846440458863 ], [ -91.137093223280999, 30.315687332096175 ], [ -91.137057656636529, 30.315642941362011 ], [ -91.137020490463556, 30.315606109739893 ], [ -91.136963585032319, 30.315534534601976 ], [ -91.136944650295206, 30.315493605608228 ], [ -91.136926482424457, 30.315465566221107 ], [ -91.136905958336101, 30.315427040789391 ], [ -91.136872788163004, 30.315372858437769 ], [ -91.136837172817479, 30.315353214295882 ], [ -91.136823754799764, 30.315327244187458 ], [ -91.136762137254834, 30.315234695967913 ], [ -91.136721034258272, 30.315185485033638 ], [ -91.136706823641859, 30.315159686035589 ], [ -91.136683166492119, 30.315102939559267 ], [ -91.136674502748974, 30.315076805111445 ], [ -91.136674546601199, 30.31505463668249 ], [ -91.136621743377631, 30.314912264349363 ], [ -91.136544998606254, 30.314856984984893 ], [ -91.136479308119448, 30.314820970411315 ], [ -91.13640251073241, 30.314792328441989 ], [ -91.136343113173766, 30.314779350489481 ], [ -91.136244871085708, 30.314777141696013 ], [ -91.13620762989045, 30.314778460935791 ], [ -91.136099087462412, 30.314776408963215 ], [ -91.13597552121341, 30.314759210547418 ], [ -91.135921682849144, 30.314739711226601 ], [ -91.135876577638115, 30.31471128771846 ], [ -91.135847284115016, 30.314700245372428 ], [ -91.135773628911153, 30.314685355919174 ], [ -91.135729287722, 30.31467119769578 ], [ -91.135660442437114, 30.314628131596724 ], [ -91.135489673208411, 30.314442447702017 ], [ -91.135432701127172, 30.31440524224557 ], [ -91.135173098816779, 30.31426754254127 ], [ -91.134895232413683, 30.31415078176741 ], [ -91.134811371164602, 30.314089132604831 ], [ -91.134734608466459, 30.314043648181947 ], [ -91.134620712770911, 30.313945521033624 ], [ -91.134367647914331, 30.313709530017974 ], [ -91.134311421151452, 30.313696213121013 ], [ -91.134259141103016, 30.313690291349172 ], [ -91.134204480378031, 30.313686255892112 ], [ -91.1340270446467, 30.313666397080677 ], [ -91.133935937157872, 30.313662822514964 ], [ -91.13387178714693, 30.313649664869473 ], [ -91.133783071406995, 30.313638704610053 ], [ -91.133756144978904, 30.313632820943649 ], [ -91.13366984136826, 30.313604334410318 ], [ -91.13357642024225, 30.313569307567768 ], [ -91.13355109294578, 30.313556208478904 ], [ -91.133497254673159, 30.313537223268426 ], [ -91.133440265543967, 30.313509124640788 ], [ -91.133378520241749, 30.313482222205284 ], [ -91.133339739493636, 30.313461369801114 ], [ -91.133257422190937, 30.313420687965888 ], [ -91.133183856200475, 30.313362146694796 ], [ -91.133069972856134, 30.31325903403782 ], [ -91.132964726021655, 30.313195117627238 ], [ -91.132919625473704, 30.313165146882742 ], [ -91.132870548925695, 30.31314238788773 ], [ -91.13282858468331, 30.313128747397272 ], [ -91.132777106675618, 30.313118186691721 ], [ -91.132729533630595, 30.313135643384719 ], [ -91.132677989382756, 30.313157905893771 ], [ -91.132485889129697, 30.313338230296434 ], [ -91.132317771849117, 30.31341238705534 ], [ -91.132145733173203, 30.313466601848887 ], [ -91.1320593685858, 30.313468532488777 ], [ -91.132002370505035, 30.313445073690971 ], [ -91.131960431314639, 30.313419060495203 ], [ -91.13191850398556, 30.313387203421286 ], [ -91.131832230720164, 30.313344108729769 ], [ -91.131783143880824, 30.313326504887037 ], [ -91.131734049042947, 30.31331285406953 ], [ -91.131684157044404, 30.313301607047723 ], [ -91.13163741750401, 30.313298614637699 ], [ -91.131608091045265, 30.3133042405255 ], [ -91.131376534627805, 30.313405279548345 ], [ -91.131305630824144, 30.313596786951315 ], [ -91.131252961173686, 30.313782650629484 ], [ -91.13106500184621, 30.313872928646145 ], [ -91.131022983337047, 30.313885925067581 ], [ -91.1309912780183, 30.313892406886787 ], [ -91.130929466664767, 30.313898155154451 ], [ -91.130885096769944, 30.313898603157551 ], [ -91.130791619981522, 30.313891242039603 ], [ -91.130719525518487, 30.313888725525771 ], [ -91.130614174053591, 30.31387653419868 ], [ -91.130433536529395, 30.313872819766967 ], [ -91.130411321947093, 30.313887564940138 ], [ -91.130381995245187, 30.313893190554875 ], [ -91.130305855409205, 30.313931740762825 ], [ -91.130219423322643, 30.313966493444806 ], [ -91.130103673556462, 30.314002404377689 ], [ -91.130024372052887, 30.314037168805822 ], [ -91.129968111588454, 30.314040519235373 ], [ -91.129879383621997, 30.314035570717127 ], [ -91.129834249149738, 30.314022440402727 ], [ -91.129804946299046, 30.314016379966063 ], [ -91.129774838833868, 30.314016333566212 ], [ -91.129736006899506, 30.314020741871715 ], [ -91.129659112789838, 30.314040558186047 ], [ -91.129558404500358, 30.314082334815826 ], [ -91.129513986601552, 30.314106154203944 ], [ -91.129489393866876, 30.314121410657414 ], [ -91.129371885588171, 30.31424186958812 ], [ -91.129255119941519, 30.314386388886007 ], [ -91.12920829775112, 30.3144234366336 ], [ -91.129173388337364, 30.314446754592801 ], [ -91.129097270203488, 30.314474305584248 ], [ -91.129017969032077, 30.314508553397587 ], [ -91.128860186755134, 30.314563473365229 ], [ -91.128669936009516, 30.314610438529332 ], [ -91.128608873207611, 30.314637152854946 ], [ -91.128537528084266, 30.314655258592282 ], [ -91.128451147519456, 30.314664404646894 ], [ -91.128391746469077, 30.314653657642239 ], [ -91.128362452732375, 30.314643128740251 ], [ -91.128275401435403, 30.314593328740724 ], [ -91.128235984304879, 30.314497201630221 ], [ -91.128205985550949, 30.314444396825365 ], [ -91.12815699244274, 30.314381422767397 ], [ -91.128133317303309, 30.314335844664278 ], [ -91.128085142143348, 30.314260498479726 ], [ -91.128071725847889, 30.31423487208092 ], [ -91.128060765953563, 30.314170753669984 ], [ -91.128053689517657, 30.314144449712757 ], [ -91.128020555120472, 30.314075484963748 ], [ -91.127920001984691, 30.314041817853628 ], [ -91.127887618464428, 30.313992961414112 ], [ -91.12782355962878, 30.313935978170072 ], [ -91.127738901405564, 30.31387879142779 ], [ -91.127692257334715, 30.313829569033729 ], [ -91.127627441618131, 30.31375557158001 ], [ -91.127544479245444, 30.313644769411109 ], [ -91.127476541181025, 30.313548254804001 ], [ -91.127387917016122, 30.313493467582134 ], [ -91.127335678080371, 30.313467951961233 ], [ -91.127301638499574, 30.313453806968827 ], [ -91.127222492506206, 30.313413297716831 ], [ -91.127064923478798, 30.313365792766991 ], [ -91.127005524067457, 30.313354701431745 ], [ -91.126788498403727, 30.313323772483262 ], [ -91.12672910547667, 30.313309587690608 ], [ -91.126630868986169, 30.313305480923937 ], [ -91.126495437495294, 30.313280694453532 ], [ -91.126379038696669, 30.313247516450829 ], [ -91.126305409249426, 30.313221450891778 ], [ -91.126275319922428, 30.313212811102389 ], [ -91.126208777144839, 30.313207894895083 ], [ -91.126107392728741, 30.313193643961576 ], [ -91.125938650361007, 30.313185473880409 ], [ -91.125877622126353, 30.313195689176649 ], [ -91.125783291289579, 30.313218397790184 ], [ -91.1255429154795, 30.313366500291913 ], [ -91.125493741363016, 30.313391169660999 ], [ -91.125436642097213, 30.313416857651138 ], [ -91.125400218725233, 30.313406145463507 ], [ -91.125363754739368, 30.313414852070821 ], [ -91.125333656446116, 30.31341050881397 ], [ -91.125237833853149, 30.313388704467766 ], [ -91.125187981048697, 30.313359067297952 ], [ -91.12513096737726, 30.313343854421763 ], [ -91.125052636612722, 30.313292862606897 ], [ -91.124983769897341, 30.313262679364204 ], [ -91.124953707686799, 30.313241150837673 ], [ -91.124925238007293, 30.313215843162233 ], [ -91.124728084133437, 30.313154696158726 ], [ -91.124649720537775, 30.313119514471293 ], [ -91.124619590256899, 30.3131304654136 ], [ -91.124542802645536, 30.313099410610697 ], [ -91.124500833426382, 30.313088689406403 ], [ -91.124468347917684, 30.313089325445866 ], [ -91.1241558878462, 30.31322957850638 ], [ -91.124044139107511, 30.313246070701894 ], [ -91.12396414729929, 30.313231680619765 ], [ -91.123855705667125, 30.313182702584246 ], [ -91.123791624671156, 30.313137575600621 ], [ -91.123668241625282, 30.313035470857681 ], [ -91.123605727269762, 30.312998938889603 ], [ -91.123504455152982, 30.312931755591098 ], [ -91.123397537330376, 30.312911823105338 ], [ -91.123284304810767, 30.312880709631777 ], [ -91.123167081110765, 30.312863681608071 ], [ -91.123076759772033, 30.312863537848362 ], [ -91.122959500490538, 30.312863351120807 ], [ -91.122778059698661, 30.312865811622018 ], [ -91.122658447209417, 30.312854450017156 ], [ -91.122323351309731, 30.312833292770865 ], [ -91.122133098232808, 30.312881451050707 ], [ -91.121965800640609, 30.312939441835077 ], [ -91.121831028199992, 30.312978064723165 ], [ -91.121596571592377, 30.312948474140399 ], [ -91.121338900121884, 30.312866861649393 ], [ -91.1212669467875, 30.312844945684212 ], [ -91.121168489726585, 30.312858762179967 ], [ -91.121102307192899, 30.312843128685433 ], [ -91.121061242609159, 30.312798033746461 ], [ -91.121026451955117, 30.312792375706067 ], [ -91.120726898751002, 30.312823170972131 ], [ -91.120564436944861, 30.312842500520869 ], [ -91.120509729784672, 30.312860628732903 ], [ -91.120433610464531, 30.312888174742024 ], [ -91.120368606394635, 30.312904911477073 ], [ -91.12031231494781, 30.312922864749016 ], [ -91.120279800740832, 30.312936904201027 ], [ -91.120251256830102, 30.312946825592473 ], [ -91.120209240246069, 30.312958443761836 ], [ -91.120160074219172, 30.312978815302877 ], [ -91.119946029611114, 30.313036899469655 ], [ -91.119670993978289, 30.313087494528496 ], [ -91.11958699749357, 30.313093545301655 ], [ -91.119522797268019, 30.313104783643489 ], [ -91.11941503377659, 30.313109937017902 ], [ -91.119263717026101, 30.313104363965838 ], [ -91.119219385555738, 30.313087106861406 ], [ -91.119036613788296, 30.312971669302986 ], [ -91.118937902145348, 30.312820794969117 ], [ -91.118828192540178, 30.312626423574795 ], [ -91.118673992016284, 30.312566555125276 ], [ -91.118434916190623, 30.312475601445357 ], [ -91.11831271100111, 30.312487072272123 ], [ -91.118235093784861, 30.312474400203442 ], [ -91.118163821594706, 30.312458645984499 ], [ -91.118115502372831, 30.312453755385594 ], [ -91.117870002246235, 30.31240283047897 ], [ -91.117594831568923, 30.312515975292914 ], [ -91.117512349138536, 30.312554679185393 ], [ -91.117408504293053, 30.312579772209865 ], [ -91.117363335918085, 30.312583306806165 ], [ -91.117272235623091, 30.312577143418075 ], [ -91.117141570540866, 30.312548058381321 ], [ -91.11704890590282, 30.312532611343858 ], [ -91.116877804247636, 30.312517208015134 ], [ -91.11669404735791, 30.312491988567832 ], [ -91.116602940820272, 30.312488745748073 ], [ -91.116454716353388, 30.312518919859873 ], [ -91.116377052470241, 30.312527728629973 ], [ -91.116258136598134, 30.312560701204976 ], [ -91.116132872565856, 30.312598130494521 ], [ -91.115985467132134, 30.312615932951996 ], [ -91.11578030453849, 30.312597035094786 ], [ -91.115597348727164, 30.312567862383954 ], [ -91.115395595812984, 30.312439327682437 ], [ -91.11528290986152, 30.312521630864715 ], [ -91.11508054892235, 30.31267029223628 ], [ -91.114840025927847, 30.312878695717554 ], [ -91.114782845625612, 30.312940124282516 ], [ -91.114669968478424, 30.313108867940439 ], [ -91.114609657700925, 30.313152590895019 ], [ -91.114539047414766, 30.313196124456162 ], [ -91.114371636616994, 30.31330325432878 ], [ -91.114206571666429, 30.313424308376206 ], [ -91.114131984368754, 30.313474709215669 ], [ -91.113963650299013, 30.313640782861636 ], [ -91.113860416655882, 30.313746988445505 ], [ -91.113553805732366, 30.314100838227898 ], [ -91.113447313781833, 30.314246906908132 ], [ -91.113242991419071, 30.314562947264061 ], [ -91.113188234028868, 30.314602725754813 ], [ -91.113149377152965, 30.314617955391352 ], [ -91.113070880956272, 30.314643946065637 ], [ -91.113036005379314, 30.314650246887172 ], [ -91.112898107459188, 30.314666514631437 ], [ -91.112639725450435, 30.314706640291718 ], [ -91.112071379345409, 30.314823407794389 ], [ -91.11167265496573, 30.314909525112046 ], [ -91.111413310732388, 30.315025261796908 ], [ -91.111314118913654, 30.315093663731517 ], [ -91.111244301570352, 30.315135650627717 ], [ -91.111171376755252, 30.315149963579472 ], [ -91.111129375464884, 30.315153845075837 ], [ -91.111092944161513, 30.315147081987568 ], [ -91.111041507766473, 30.31511846793504 ], [ -91.110920402329143, 30.315065504924554 ], [ -91.110815111666014, 30.315026661243525 ], [ -91.110717704928149, 30.315005358805802 ], [ -91.110600462395212, 30.314996568519785 ], [ -91.110356110121913, 30.315042856755223 ], [ -91.110006038962624, 30.315080803508284 ], [ -91.109831700253153, 30.315094085388587 ], [ -91.109569445628765, 30.31509364133127 ], [ -91.1094711693883, 30.315106706973786 ], [ -91.109396643072358, 30.315128406334214 ], [ -91.109268167571116, 30.315181977775552 ], [ -91.10918485754047, 30.315233908129443 ], [ -91.109080804670498, 30.315349043976717 ], [ -91.108970573618109, 30.315393023273135 ], [ -91.108907210349727, 30.31538329188777 ], [ -91.108851804753172, 30.315358278686944 ], [ -91.108726793375055, 30.315281076296706 ], [ -91.10869276125797, 30.315264520590986 ], [ -91.108564526482866, 30.31521137189295 ], [ -91.108470286567552, 30.315191276605152 ], [ -91.108402945980586, 30.315188584603387 ], [ -91.108375996138037, 30.315193521971086 ], [ -91.108307012195084, 30.315216776376865 ], [ -91.108240395036916, 30.31524450294161 ], [ -91.10789293366318, 30.315433120208546 ], [ -91.107697006590072, 30.315532287693863 ], [ -91.107606575350772, 30.315579478718558 ], [ -91.107516144025595, 30.315626669680729 ], [ -91.107309062442056, 30.315752798783858 ], [ -91.107240802954479, 30.315805612472836 ], [ -91.107133523616227, 30.315944629176691 ], [ -91.107106516800769, 30.315974485226675 ], [ -91.107050103481498, 30.316044160633211 ], [ -91.106972286537243, 30.316118611198437 ], [ -91.106895199559276, 30.31622038703647 ], [ -91.106641215067313, 30.316413973067817 ], [ -91.106571354842529, 30.316473485445218 ], [ -91.106441996686044, 30.316565204724558 ], [ -91.106219850586243, 30.316694399557822 ], [ -91.10603411936934, 30.316837404871762 ], [ -91.105904814105244, 30.316905579493888 ], [ -91.105732701869513, 30.31698296025268 ], [ -91.105631962440839, 30.31703262378101 ], [ -91.10544875011729, 30.317113078372277 ], [ -91.105418615723451, 30.317124368626427 ], [ -91.105299700969994, 30.317152862252922 ], [ -91.105206942389131, 30.317177277399512 ], [ -91.105083302748525, 30.317193045600888 ], [ -91.104981861245449, 30.317203181392795 ], [ -91.104912130564131, 30.317205639051011 ], [ -91.104718004173591, 30.317208052813573 ], [ -91.104681549234485, 30.317211426753772 ], [ -91.104588046363432, 30.317214873296091 ], [ -91.104534960462672, 30.317214781345889 ], [ -91.10446758973184, 30.317224632054877 ], [ -91.104358182509955, 30.317253142210237 ], [ -91.10418609184056, 30.317320381251648 ], [ -91.104079006331716, 30.317372782219536 ], [ -91.103685517340708, 30.317586055171471 ], [ -91.103381618161208, 30.317774391618212 ], [ -91.103232463377395, 30.31785902687075 ], [ -91.103137271322154, 30.317907323335422 ], [ -91.103032576355687, 30.317953369533122 ], [ -91.102971510984261, 30.317977322357848 ], [ -91.102788347373192, 30.318035088833643 ], [ -91.102652777812622, 30.318069566281604 ], [ -91.102225526198453, 30.318147871416983 ], [ -91.102169237697012, 30.318161864797794 ], [ -91.101974982592594, 30.318218751019323 ], [ -91.101778320637138, 30.318288350703774 ], [ -91.101547534271575, 30.318380917513061 ], [ -91.101342116291093, 30.318467514101084 ], [ -91.101097887867624, 30.31854785545298 ], [ -91.101024154301157, 30.318567489245208 ], [ -91.100971044786874, 30.318577190948965 ], [ -91.100712603164553, 30.318636369207628 ], [ -91.100538262211316, 30.318647404288019 ], [ -91.100382921635145, 30.318665174437029 ], [ -91.100344090610477, 30.318667855580358 ], [ -91.100152330609291, 30.318673532454604 ], [ -91.100050880238356, 30.318686585480435 ], [ -91.09993592013943, 30.31871662837862 ], [ -91.099747956564954, 30.318792598487747 ], [ -91.099635290049306, 30.318858046739894 ], [ -91.099525749498952, 30.318941889068256 ], [ -91.099410643370518, 30.319033798050896 ], [ -91.099353519564332, 30.319065661382151 ], [ -91.099215493486042, 30.319132782868117 ], [ -91.09917425040932, 30.319150238683061 ], [ -91.099058476513633, 30.319189043384835 ], [ -91.098922891523017, 30.319228844841945 ], [ -91.098800013107876, 30.319256294461447 ], [ -91.098771476997413, 30.31926122795257 ], [ -91.098639907066499, 30.319278350854528 ], [ -91.098608208467738, 30.319280356752131 ], [ -91.098476681923501, 30.319279091832463 ], [ -91.098321378990661, 30.319280362712771 ], [ -91.097853112682216, 30.319275919344165 ], [ -91.097617846647935, 30.319250237864082 ], [ -91.097300932298339, 30.319240048182394 ], [ -91.096995948914042, 30.319210631640264 ], [ -91.096595873158932, 30.319185855848637 ], [ -91.096390714213243, 30.319161256352235 ], [ -91.096129206819469, 30.319175222554847 ], [ -91.095790118775199, 30.319160177560988 ], [ -91.095579297783189, 30.319184029851659 ], [ -91.095390593593223, 30.319236620522375 ], [ -91.095262026218663, 30.319323173769195 ], [ -91.09504524271739, 30.319520412899788 ], [ -91.094762601611436, 30.319755856221459 ], [ -91.0946229207551, 30.319850466267678 ], [ -91.094541185098308, 30.319901874182584 ], [ -91.094287995035216, 30.320080657585745 ], [ -91.094203885273089, 30.320130686175261 ], [ -91.094071382493865, 30.320205373772673 ], [ -91.09392462381652, 30.320277285761946 ], [ -91.093748505668373, 30.320366673257901 ], [ -91.093579575156852, 30.320432530266828 ], [ -91.093343287790219, 30.32050101342309 ], [ -91.093196620307566, 30.320534773581929 ], [ -91.093118941458712, 30.320546318280453 ], [ -91.09307218389273, 30.320549842582171 ], [ -91.092965226170747, 30.320545523527471 ], [ -91.092766398734696, 30.320523164464952 ], [ -91.092649221182967, 30.320485487216562 ], [ -91.092443443493963, 30.320388531153089 ], [ -91.092304134126977, 30.320328643847446 ], [ -91.092156111149905, 30.320267881673288 ], [ -91.092042111875699, 30.320226772642389 ], [ -91.091909883628986, 30.320187692420639 ], [ -91.091825948761752, 30.320165198188974 ], [ -91.091612171321941, 30.320100190702359 ], [ -91.091436412284963, 30.32004126777964 ], [ -91.091229744741412, 30.319985209006983 ], [ -91.091064272005028, 30.319932318817255 ], [ -91.090955287853475, 30.319784497364761 ], [ -91.090877197972873, 30.319639826773528 ], [ -91.090724075033989, 30.319396890252527 ], [ -91.090623647472285, 30.319314731777606 ], [ -91.09051834848789, 30.319280683798844 ], [ -91.090385198303181, 30.319295389644093 ], [ -91.090234579962924, 30.319325014801557 ], [ -91.090182248722627, 30.319339870069705 ], [ -91.09010215726596, 30.31936618784751 ], [ -91.089999041940629, 30.319411194604296 ], [ -91.089553138095397, 30.319657668171182 ], [ -91.089223102799622, 30.319505141242743 ], [ -91.088987902659397, 30.319453322068593 ], [ -91.08887858236028, 30.319443668361775 ], [ -91.088804104521529, 30.319442499383818 ], [ -91.088715331501689, 30.319454708364216 ], [ -91.088510020745289, 30.319492306855881 ], [ -91.088373697635134, 30.319508208209022 ], [ -91.087923804809435, 30.319442928922758 ], [ -91.087723391778411, 30.319422277832889 ], [ -91.087568969623888, 30.319387620138428 ], [ -91.087443018817083, 30.319374496350093 ], [ -91.086980477821712, 30.31929784805029 ], [ -91.086875947737539, 30.31927376512801 ], [ -91.086760304017105, 30.319258082587424 ], [ -91.086297582596515, 30.319254468313641 ], [ -91.086181913781147, 30.319248924953609 ], [ -91.084946669810492, 30.319239217666269 ], [ -91.084679618932512, 30.319251260854038 ], [ -91.084563900757303, 30.31926547854296 ], [ -91.08444817093357, 30.319284335668652 ], [ -91.084342725601061, 30.319309571065769 ], [ -91.084227010323033, 30.319322585950324 ], [ -91.083995601661783, 30.319339849638229 ], [ -91.083764920117616, 30.319383064436892 ], [ -91.083649195615422, 30.319399687244228 ], [ -91.083533493529444, 30.319407373675155 ], [ -91.083501788105636, 30.319411954169894 ], [ -91.083302023172195, 30.319449039954247 ], [ -91.083186274733492, 30.319475113733805 ], [ -91.083070549593643, 30.319491908336246 ], [ -91.08286042843099, 30.319550970918105 ], [ -91.082744703150055, 30.319567764332646 ], [ -91.082613930198917, 30.319581780348823 ], [ -91.082368287067638, 30.319587671916377 ], [ -91.082065643676884, 30.319574208052821 ], [ -91.081787595251427, 30.319548072369422 ], [ -91.081588728806537, 30.319542881618542 ], [ -91.081473064708661, 30.319535443318419 ], [ -91.081357389302838, 30.319532473054124 ], [ -91.081126052026335, 30.319521205278448 ], [ -91.081010373595277, 30.319519437219203 ], [ -91.080778993602962, 30.319525010275672 ], [ -91.080664107518544, 30.31952324342825 ], [ -91.080453330215775, 30.319528167916392 ], [ -91.080292463192009, 30.319536108733324 ], [ -91.08020134001363, 30.319537308945876 ], [ -91.08015697613321, 30.319534301975747 ], [ -91.080025515609648, 30.319507069568246 ], [ -91.079970086952414, 30.319493042769519 ], [ -91.079924151112166, 30.319485049440974 ], [ -91.079563643527351, 30.319480748834955 ], [ -91.079515303488151, 30.319483405585569 ], [ -91.079276010592309, 30.319484835446225 ], [ -91.07892968431824, 30.319512181204495 ], [ -91.078813943017934, 30.319534986425975 ], [ -91.078708492468124, 30.319561592134804 ], [ -91.078504796758565, 30.319585773717332 ], [ -91.078362142411166, 30.319598044078511 ], [ -91.07828844369935, 30.319602026243164 ], [ -91.07824644718319, 30.319602803952549 ], [ -91.078130771353116, 30.319600003164929 ], [ -91.078009523071259, 30.319607330336932 ], [ -91.077775024129707, 30.319593128640424 ], [ -91.077704522177839, 30.319586461823739 ], [ -91.077490624306137, 30.319572299491636 ], [ -91.077275924855826, 30.319561743705687 ], [ -91.077119040951871, 30.319561268069595 ], [ -91.077007334461626, 30.319555552058034 ], [ -91.076875844628404, 30.319540001509964 ], [ -91.076734860889957, 30.319518934016273 ], [ -91.076623961014761, 30.319507719974411 ], [ -91.076500371218685, 30.319501293028054 ], [ -91.076409290663989, 30.319485992888598 ], [ -91.076203335306303, 30.319464626124507 ], [ -91.075972046823253, 30.319434788466474 ], [ -91.075777965693305, 30.319417740933222 ], [ -91.075617184903791, 30.31939233688141 ], [ -91.075555378968772, 30.3193934187859 ], [ -91.075497511127423, 30.319403616971393 ], [ -91.075431764417417, 30.319396614518741 ], [ -91.075221036652849, 30.31938245469907 ], [ -91.075097456924198, 30.319372245708632 ], [ -91.07491606428367, 30.319351097260288 ], [ -91.074866125646508, 30.319359076151848 ], [ -91.07481225567021, 30.319355362276134 ], [ -91.074791688706398, 30.319342261244746 ], [ -91.074709310924007, 30.319332132535408 ], [ -91.074643543745964, 30.319333034855461 ], [ -91.074486596229434, 30.319357130393925 ], [ -91.07440017215103, 30.319379473193901 ], [ -91.074329571626393, 30.319410784188566 ], [ -91.074226511822985, 30.319431719433549 ], [ -91.074148051835337, 30.319438439584317 ], [ -91.074069623657024, 30.319432958689486 ], [ -91.073916705729388, 30.319430939912468 ], [ -91.073755938408411, 30.319400549453114 ], [ -91.073549980205442, 30.319380553362478 ], [ -91.073401030826233, 30.319375964460392 ], [ -91.073186304352248, 30.319376056813642 ], [ -91.07290188360119, 30.319363810353696 ], [ -91.07279016541348, 30.319362731214337 ], [ -91.072645949429656, 30.319366055101167 ], [ -91.072419304896258, 30.31937866835305 ], [ -91.072126074982364, 30.31940197669703 ], [ -91.072043650446645, 30.319409718871331 ], [ -91.071857392680201, 30.319431003663343 ], [ -91.071688587666202, 30.319444245257877 ], [ -91.07144927664163, 30.319452535896943 ], [ -91.071395401762729, 30.319450710542146 ], [ -91.071160117684798, 30.319434261010272 ], [ -91.070966018786862, 30.319424251862632 ], [ -91.070879670532875, 30.319417549923294 ], [ -91.07066893429122, 30.31940681986908 ], [ -91.070409064601037, 30.319399085022351 ], [ -91.069988376036022, 30.319380890283274 ], [ -91.069542323058727, 30.319366251995955 ], [ -91.069418723404581, 30.319363770554137 ], [ -91.069031321814222, 30.319342545932017 ], [ -91.068865739436589, 30.319335684098924 ], [ -91.068717606014616, 30.319322326629479 ], [ -91.068635209193076, 30.319319583290753 ], [ -91.06846174099644, 30.319298613257342 ], [ -91.068403909120946, 30.319295060223499 ], [ -91.068338169395815, 30.319285648320189 ], [ -91.068156013972882, 30.319254005611516 ], [ -91.068086350185041, 30.319230493814224 ], [ -91.06794784028115, 30.319174020325036 ], [ -91.067894823577276, 30.319147619932988 ], [ -91.067804637535644, 30.319094680445033 ], [ -91.067712096149748, 30.319033658647395 ], [ -91.067534899440005, 30.318925722615713 ], [ -91.067460579887992, 30.318865596117757 ], [ -91.067356943880554, 30.318805411446117 ], [ -91.067224813714091, 30.318733998432958 ], [ -91.067144886925931, 30.318696717269418 ], [ -91.067081565694281, 30.318672014302511 ], [ -91.066967577239012, 30.318631399619964 ], [ -91.066782336120284, 30.318569159067007 ], [ -91.066517075233548, 30.318504522095903 ], [ -91.066319078324781, 30.318471642325569 ], [ -91.066207434173634, 30.318443404190873 ], [ -91.066109219605607, 30.318430144739445 ], [ -91.065984894488849, 30.31840325648027 ], [ -91.065855073029923, 30.31835779601569 ], [ -91.065821041913566, 30.318343120093804 ], [ -91.065741114115795, 30.318306525482889 ], [ -91.065669907610996, 30.318267886269087 ], [ -91.065579697170719, 30.31822474033094 ], [ -91.065495008608863, 30.318190713252953 ], [ -91.065383371027593, 30.31816024080209 ], [ -91.064989005415057, 30.318079185550548 ], [ -91.064862284551793, 30.318059508261193 ], [ -91.064589066709786, 30.318008256618462 ], [ -91.064438590451275, 30.317983203611163 ], [ -91.064252452807665, 30.317960483718203 ], [ -91.064202533086828, 30.317961413122745 ], [ -91.064123267288807, 30.317973281249667 ], [ -91.064021001485784, 30.317993351347816 ], [ -91.063952007092553, 30.318015895163036 ], [ -91.063887725676466, 30.318053571566765 ], [ -91.063790004065083, 30.318150984327819 ], [ -91.063775694528729, 30.31816848406724 ], [ -91.063697033939874, 30.318249265525548 ], [ -91.063600951172972, 30.318326575211877 ], [ -91.063509584025851, 30.318417985452932 ], [ -91.063449154224827, 30.318496055265946 ], [ -91.063383965174424, 30.318576005247891 ], [ -91.063325965404189, 30.318634487897295 ], [ -91.06319953170194, 30.318800582453296 ], [ -91.063108169821547, 30.318889758788778 ], [ -91.06301616543594, 30.318923769591699 ], [ -91.062951961135383, 30.318932745897925 ], [ -91.062898871085622, 30.318933840623917 ], [ -91.062842643473502, 30.31892324204123 ], [ -91.062768229942407, 30.318898686592657 ], [ -91.062684481950498, 30.31881035520243 ], [ -91.062561991916368, 30.318691697421471 ], [ -91.062362729324931, 30.318542120917954 ], [ -91.06225350680748, 30.318497902588266 ], [ -91.06218775975492, 30.318491580947253 ], [ -91.062122794732716, 30.318489041631466 ], [ -91.061949270716582, 30.318489544917821 ], [ -91.061898553211918, 30.318492361737906 ], [ -91.061756735790524, 30.318488118060909 ], [ -91.06164665974228, 30.318466409683143 ], [ -91.061528635006979, 30.318453965786496 ], [ -91.061467665075384, 30.318439232400035 ], [ -91.061322792667866, 30.318393221389865 ], [ -91.061245256189849, 30.318351989417053 ], [ -91.061167734362385, 30.318305429553412 ], [ -91.061005618292214, 30.318190985409466 ], [ -91.060673711402089, 30.317871857707591 ], [ -91.06015393693221, 30.317295937791524 ], [ -91.059926869491662, 30.317175342646077 ], [ -91.059892833037722, 30.317163071112851 ], [ -91.059781995382025, 30.317130877045582 ], [ -91.059595120599241, 30.31708907298022 ], [ -91.059506443131909, 30.317066033237673 ], [ -91.059397981736694, 30.317034187478317 ], [ -91.059319571428901, 30.317023197672974 ], [ -91.059239569853474, 30.31701461135513 ], [ -91.059130273615622, 30.316998230362827 ], [ -91.058799934589146, 30.316975718427802 ], [ -91.058702475378936, 30.316976719233178 ], [ -91.058588337464656, 30.316992119976479 ], [ -91.058363299746901, 30.316998010656853 ], [ -91.058187379938957, 30.317006236917091 ], [ -91.058093072387706, 30.31701360192795 ], [ -91.058020979418714, 30.317010358327366 ], [ -91.057803856776161, 30.317019185593843 ], [ -91.057612026048233, 30.317050577524423 ], [ -91.05748357977545, 30.317082617581296 ], [ -91.05735828506883, 30.317121023089999 ], [ -91.057121943866704, 30.317202674514405 ], [ -91.057088618898234, 30.31721961775926 ], [ -91.057014006968558, 30.317267408967531 ], [ -91.056966402880676, 30.317290508995118 ], [ -91.056944974223768, 30.317303353538996 ], [ -91.0568315252236, 30.317355702931408 ], [ -91.056736376142936, 30.317380594160831 ], [ -91.056663411712293, 30.317405703196133 ], [ -91.056615817041148, 30.317425366970024 ], [ -91.056568253929996, 30.317433687629961 ], [ -91.056504075848338, 30.317433381729877 ], [ -91.05645179752409, 30.317427772868573 ], [ -91.056378942620952, 30.317413528219266 ], [ -91.056304511225804, 30.317396358280526 ], [ -91.056242780084602, 30.317370966929573 ], [ -91.056181853280805, 30.317341280475258 ], [ -91.056156536185071, 30.317327822857084 ], [ -91.056072708163839, 30.31727076330008 ], [ -91.055950895572849, 30.3171967832833 ], [ -91.055828311466414, 30.317115411424918 ], [ -91.055692314195355, 30.317013904066897 ], [ -91.055583937139858, 30.316952325325179 ], [ -91.05552775849047, 30.316924882180984 ], [ -91.055428015043788, 30.316892707789197 ], [ -91.055335342021095, 30.316882201614352 ], [ -91.05519034971077, 30.316880865238058 ], [ -91.055145174770558, 30.316885238259953 ], [ -91.055060330736282, 30.316908431464796 ], [ -91.05490093024757, 30.316959307562584 ], [ -91.054800176532225, 30.317004980183452 ], [ -91.054729541181899, 30.317047106909524 ], [ -91.054604027674657, 30.317163185754712 ], [ -91.054534886175603, 30.317237623789079 ], [ -91.054370320552678, 30.317434735224808 ], [ -91.054217147968259, 30.317524633700277 ], [ -91.054161608235049, 30.317551841307456 ], [ -91.054073609052779, 30.317569699330576 ], [ -91.054033988259704, 30.317571162675332 ], [ -91.053994377607182, 30.317569016677329 ], [ -91.053938932935594, 30.31756236901013 ], [ -91.05386133011865, 30.317546050698976 ], [ -91.053824936145574, 30.317527069917194 ], [ -91.053710280036256, 30.31744450945607 ], [ -91.053641765722631, 30.317295712468244 ], [ -91.053613651998546, 30.317149922048021 ], [ -91.053605092120321, 30.317094567426949 ], [ -91.053605488630637, 30.31695364924574 ], [ -91.053639131757933, 30.316823800027009 ], [ -91.05366243013475, 30.316709739319229 ], [ -91.053695190873228, 30.316611852771963 ], [ -91.053734313310841, 30.316505730762525 ], [ -91.053777494397124, 30.316365074527724 ], [ -91.053815809351363, 30.316264278657336 ], [ -91.05384936307604, 30.316166050034827 ], [ -91.053942452553457, 30.316028077574419 ], [ -91.054006188435025, 30.315903447463484 ], [ -91.054027714698208, 30.315855889390711 ], [ -91.054125721137495, 30.3156596696364 ], [ -91.054133749006354, 30.315622394158794 ], [ -91.054136229709584, 30.315585451561336 ], [ -91.054127744966763, 30.315503288117544 ], [ -91.054085931493276, 30.315439441978359 ], [ -91.054036189162943, 30.315377642190477 ], [ -91.053949203933797, 30.315317309828337 ], [ -91.053813886903669, 30.315257218833736 ], [ -91.053749765333166, 30.315237319620078 ], [ -91.053635726310745, 30.315218002985695 ], [ -91.053495489828975, 30.315216846215993 ], [ -91.053410669092059, 30.315232133200979 ], [ -91.053378947644561, 30.315242377118548 ], [ -91.05327028541808, 30.315283219954996 ], [ -91.053225064636379, 30.315304090067116 ], [ -91.053159194349163, 30.315342445319981 ], [ -91.053116326717472, 30.315371740709761 ], [ -91.053021081695306, 30.315430999576517 ], [ -91.05289324413414, 30.315528340435165 ], [ -91.052730365545955, 30.315689020759212 ], [ -91.052548581046764, 30.315810649712706 ], [ -91.052407996042817, 30.315932537452458 ], [ -91.052341183103266, 30.316023820861986 ], [ -91.052182556490195, 30.316081225731928 ], [ -91.052156377948776, 30.3160925122687 ], [ -91.052112725643681, 30.316118884616511 ], [ -91.052065936619769, 30.316133736602914 ], [ -91.052018346026102, 30.316151851611995 ], [ -91.051848552123928, 30.316235525275943 ], [ -91.051785893764929, 30.31625841995746 ], [ -91.051756553645504, 30.316266950034986 ], [ -91.051684420528147, 30.316278138498173 ], [ -91.051638434396807, 30.316289211289927 ], [ -91.051540928053058, 30.316307047352421 ], [ -91.051490982735103, 30.316317251932038 ], [ -91.051347572038679, 30.316317289530271 ], [ -91.051268350875347, 30.316313339612673 ], [ -91.051212108915308, 30.316308751324211 ], [ -91.051151125730215, 30.31629968471702 ], [ -91.051084630478613, 30.316278576627013 ], [ -91.051023656594523, 30.316266245234203 ], [ -91.050973779090356, 30.316252561813808 ], [ -91.050909692107695, 30.316220460223285 ], [ -91.050746012961511, 30.316103766421062 ], [ -91.050636177500408, 30.315999216444727 ], [ -91.050576187273876, 30.31591969216241 ], [ -91.050532798607207, 30.315853264191329 ], [ -91.050444316033605, 30.315762852576587 ], [ -91.050310738764196, 30.315648800026874 ], [ -91.050225306906668, 30.315600154513156 ], [ -91.050154063827421, 30.315577144943379 ], [ -91.050110519414062, 30.315565537904732 ], [ -91.05007962704552, 30.315562722014818 ], [ -91.049981391025796, 30.315558730541834 ], [ -91.049936224786563, 30.315560179857158 ], [ -91.049811800303772, 30.315570911380842 ], [ -91.049562111361666, 30.315609042419286 ], [ -91.049246534981947, 30.315690853228425 ], [ -91.049032438230043, 30.315750540933408 ], [ -91.048884146621134, 30.315795247007816 ], [ -91.048766775826124, 30.31583280173372 ], [ -91.04863986418772, 30.315881849458595 ], [ -91.048514549853977, 30.315926433242005 ], [ -91.048419359673431, 30.31596541030898 ], [ -91.048342436540935, 30.315989131398606 ], [ -91.048302770964128, 30.316006403359456 ], [ -91.048236938724187, 30.316030664330743 ], [ -91.048127525580611, 30.316056033684088 ], [ -91.048085490386612, 30.316070722223611 ], [ -91.048016504070858, 30.31608964929568 ], [ -91.047941995191167, 30.316100314575191 ], [ -91.047714525625807, 30.316125773043336 ], [ -91.047467292975526, 30.316135549315241 ], [ -91.047377773469819, 30.316131058764448 ], [ -91.0471227492027, 30.316095104749433 ], [ -91.047093452273941, 30.316088510863299 ], [ -91.046905038277245, 30.316033453286881 ], [ -91.046772862586053, 30.315984189055371 ], [ -91.046525962865999, 30.315878650783638 ], [ -91.046278990228842, 30.315798546966704 ], [ -91.046123057649623, 30.315745105081866 ], [ -91.04604626573996, 30.315723284647678 ], [ -91.046009064725496, 30.315710142930136 ], [ -91.045924351219028, 30.315687790084837 ], [ -91.045796913457025, 30.315644377265155 ], [ -91.045740721841725, 30.315622601498937 ], [ -91.045648114681114, 30.31559009153527 ], [ -91.04556107068349, 30.315551750640768 ], [ -91.045465347144741, 30.31550101738663 ], [ -91.04532778152425, 30.315398293353098 ], [ -91.045226603711328, 30.31531592715713 ], [ -91.045181491305527, 30.315298815788516 ], [ -91.045069860709589, 30.315269184953078 ], [ -91.044966923159862, 30.315247306820005 ], [ -91.044818028677923, 30.315226359337846 ], [ -91.044616844297565, 30.315204438580192 ], [ -91.044560597782365, 30.3152017373733 ], [ -91.044483744220571, 30.31520139791439 ], [ -91.044381518764041, 30.315207188695542 ], [ -91.044233366300176, 30.315203599738453 ], [ -91.044130362514579, 30.315204576749352 ], [ -91.04404565086142, 30.315181878993283 ], [ -91.043975992130612, 30.315159556965405 ], [ -91.043949858419921, 30.315155203844121 ], [ -91.043896779187349, 30.315153196704387 ], [ -91.043861138769017, 30.315148479026448 ], [ -91.043798629403454, 30.315119814479466 ], [ -91.043739254770244, 30.315103014153269 ], [ -91.043694116182778, 30.315095009953499 ], [ -91.04360382750933, 30.31508295454277 ], [ -91.043488145395116, 30.315084419248617 ], [ -91.043446139992611, 30.315088795226014 ], [ -91.043359005555459, 30.315081901246483 ], [ -91.043271899708998, 30.315065212125731 ], [ -91.043235438961062, 30.315070116221992 ], [ -91.04303562709832, 30.315121060662875 ], [ -91.042981724975803, 30.315129534805369 ], [ -91.0429064611141, 30.315127479397397 ], [ -91.042793202574373, 30.315112966082424 ], [ -91.04250409419214, 30.315083458546127 ], [ -91.042422498442647, 30.315079154384534 ], [ -91.042245023266503, 30.315078075944101 ], [ -91.04217449418681, 30.315082560952497 ], [ -91.042073098284035, 30.315075634684192 ], [ -91.041978045899469, 30.315067004708023 ], [ -91.041833917759689, 30.315042111312572 ], [ -91.041679509846759, 30.315010321857955 ], [ -91.041600317846644, 30.314996913857524 ], [ -91.041547246310444, 30.314992328452323 ], [ -91.041482280570364, 30.314990982393557 ], [ -91.0413982731978, 30.314998529647905 ], [ -91.041326931637499, 30.315009886511746 ], [ -91.041232630287496, 30.31501534867008 ], [ -91.041059793896821, 30.31505346128791 ], [ -91.041010633367378, 30.315066069581508 ], [ -91.040940109801596, 30.315068663113493 ], [ -91.040845830113867, 30.315066735833117 ], [ -91.040742808733441, 30.31507372545488 ], [ -91.040656388890909, 30.315093297476825 ], [ -91.040550103085451, 30.315132588002225 ], [ -91.040496198720035, 30.315141748536178 ], [ -91.040331349248746, 30.315158052178646 ], [ -91.04018399894322, 30.315151194807964 ], [ -91.040154692617079, 30.315148036410587 ], [ -91.040072331981349, 30.31513444905897 ], [ -91.039792734082425, 30.315104269292597 ], [ -91.039640636132077, 30.315095338532302 ], [ -91.039283442033195, 30.315048143559554 ], [ -91.03905695063979, 30.315010862649643 ], [ -91.038892245187398, 30.314978530980817 ], [ -91.038805944197705, 30.314957888547806 ], [ -91.038727552572155, 30.314941903270558 ], [ -91.038637299282797, 30.314918157661822 ], [ -91.038456032126575, 30.314860010600707 ], [ -91.038386361109232, 30.314842326063935 ], [ -91.038258878245159, 30.31481557600631 ], [ -91.038131381161719, 30.314793637666895 ], [ -91.037921506742407, 30.314763953460456 ], [ -91.037699745301254, 30.314735102026876 ], [ -91.037535030010744, 30.314706377093373 ], [ -91.037304541680541, 30.314681457609296 ], [ -91.037058162799966, 30.314671453706762 ], [ -91.036831569056517, 30.314669054376449 ], [ -91.036658879276217, 30.31465766801292 ], [ -91.036609758903467, 30.314656698854034 ], [ -91.036452907579886, 30.314647925141884 ], [ -91.036309515202234, 30.314642619466948 ], [ -91.036156715349492, 30.314603780754521 ], [ -91.03604979939891, 30.314588417110514 ], [ -91.035955505355474, 30.314591469580854 ], [ -91.035840594920245, 30.314599975734108 ], [ -91.035659160691552, 30.314598363515056 ], [ -91.035503111113016, 30.314586498036149 ], [ -91.03520294147657, 30.314547840920941 ], [ -91.035050841179284, 30.314540108285232 ], [ -91.034911383215217, 30.314543917716215 ], [ -91.034668059006734, 30.314572238943523 ], [ -91.034434268670509, 30.314591816363532 ], [ -91.034335233664805, 30.314590561082767 ], [ -91.034149904148364, 30.314566941735702 ], [ -91.03389958349878, 30.314550564011245 ], [ -91.033829058042429, 30.314553841152403 ], [ -91.0336111121225, 30.314573969054106 ], [ -91.033508854545232, 30.314590406211849 ], [ -91.033311563383336, 30.314592364126216 ], [ -91.033183970136534, 30.314602729085625 ], [ -91.033002515697703, 30.314607815875302 ], [ -91.032837749511032, 30.314596442531954 ], [ -91.032760099477983, 30.314597640660573 ], [ -91.032360630591015, 30.314645365698642 ], [ -91.032241696325258, 30.314674309565753 ], [ -91.03218382470952, 30.314685176191578 ], [ -91.031969825633254, 30.314709949955361 ], [ -91.031859609669041, 30.314737882255386 ], [ -91.031715259303084, 30.314787218546694 ], [ -91.031633529712437, 30.314827245394088 ], [ -91.031423272013868, 30.31492437723152 ], [ -91.031201225901896, 30.314989688577587 ], [ -91.030954542664531, 30.315079690828256 ], [ -91.030864112813703, 30.315114541699778 ], [ -91.030641948705139, 30.315218346823279 ], [ -91.030526904663475, 30.315270326312618 ], [ -91.030403144037578, 30.315322629414307 ], [ -91.030230959046861, 30.315405411045354 ], [ -91.030016747155642, 30.315499266812335 ], [ -91.029913657956598, 30.31552807266505 ], [ -91.02972489346142, 30.315591224346079 ], [ -91.02967097840164, 30.315603473786254 ], [ -91.029494237491335, 30.315621112288575 ], [ -91.029449073550936, 30.31562169579184 ], [ -91.029243091102572, 30.315615035004789 ], [ -91.029178110928171, 30.315618322430979 ], [ -91.02891022074904, 30.315646576477789 ], [ -91.028853160516945, 30.315650913114435 ], [ -91.028663769752825, 30.315659584104605 ], [ -91.028470373118992, 30.315682682098789 ], [ -91.02835930742674, 30.315728653588199 ], [ -91.028087900266144, 30.315869976866594 ], [ -91.027976721755309, 30.315952552829145 ], [ -91.027845488015615, 30.316115509329869 ], [ -91.02774381789574, 30.316197763379467 ], [ -91.027708095982945, 30.316219677856207 ], [ -91.027666008035411, 30.316250513925389 ], [ -91.027628661288119, 30.316285485417382 ], [ -91.02736481616401, 30.316543340753977 ], [ -91.027332217304149, 30.316580213988427 ], [ -91.02705564158164, 30.316854880749023 ], [ -91.026855599569529, 30.316976603441741 ], [ -91.026800051596055, 30.317004143248845 ], [ -91.026681835773459, 30.317055596005261 ], [ -91.026621561330401, 30.317074188429821 ], [ -91.026483505912537, 30.317135734687326 ], [ -91.026411273292609, 30.317178013984876 ], [ -91.026150833030158, 30.317357853704461 ], [ -91.025667432633469, 30.317894970717497 ], [ -91.02555451461437, 30.318026175274632 ], [ -91.025375638875431, 30.318219779376239 ], [ -91.02520155692973, 30.318400334522568 ], [ -91.024989575459514, 30.318537836931228 ], [ -91.024948297746747, 30.318562315920545 ], [ -91.024728490898227, 30.318668007372668 ], [ -91.024590432630163, 30.318729379324704 ], [ -91.024519790194091, 30.318769256259806 ], [ -91.024298247640417, 30.318923233035051 ], [ -91.023925659621966, 30.319237538212587 ], [ -91.023760388573336, 30.31938614750284 ], [ -91.023613405195476, 30.319514176267571 ], [ -91.023528431600155, 30.319575843873402 ], [ -91.023333094207288, 30.319710290190873 ], [ -91.023252881315855, 30.319769734257719 ], [ -91.02308139724633, 30.319877427211566 ], [ -91.023016274607357, 30.319925392914524 ], [ -91.022955893651684, 30.319977321882966 ], [ -91.02286057632621, 30.320052541541777 ], [ -91.022790585566185, 30.320136928408363 ], [ -91.022727704893555, 30.320228033751111 ], [ -91.022712553597543, 30.320258931560478 ], [ -91.022652628959108, 30.320418269686591 ], [ -91.022584741388698, 30.320590134724181 ], [ -91.022475502870975, 30.320809332773333 ], [ -91.022447649551296, 30.320847934463263 ], [ -91.022349837283571, 30.320960439391111 ], [ -91.022105266178116, 30.321127762689425 ], [ -91.022050496163715, 30.321158739360381 ], [ -91.021820337300582, 30.321277977416777 ], [ -91.021738574688868, 30.321325559526016 ], [ -91.021650481750541, 30.321370377008023 ], [ -91.02154653454447, 30.321417391539704 ], [ -91.021477560494048, 30.32142960207921 ], [ -91.021180810773402, 30.321558649214122 ], [ -91.020685778660393, 30.321748063134844 ], [ -91.020300732701386, 30.321985509963319 ], [ -91.020024981497272, 30.32223902627543 ], [ -91.01956623201518, 30.322730466182243 ], [ -91.019107188101444, 30.323062939883652 ], [ -91.018483276552928, 30.323411001799048 ], [ -91.018019042613474, 30.323878707527086 ], [ -91.017980851433748, 30.32392810981716 ], [ -91.01795773559509, 30.323971190006766 ], [ -91.017820004349986, 30.324175536722194 ], [ -91.017620132670032, 30.32448490927386 ], [ -91.017510310007722, 30.324883171709228 ], [ -91.01748530646833, 30.325021453447359 ], [ -91.01748202934985, 30.32505530005546 ], [ -91.017483610940459, 30.325305693023545 ], [ -91.017442763232566, 30.325440124528594 ], [ -91.017421150793268, 30.325511250340703 ], [ -91.01736001078558, 30.325799988157897 ], [ -91.01731742114859, 30.325986345484203 ], [ -91.017055864322572, 30.326343544644228 ], [ -91.016976453982409, 30.326462286127999 ], [ -91.016881024310521, 30.326616455688303 ], [ -91.016875261436496, 30.326661121648218 ], [ -91.016776940700012, 30.326794975872396 ], [ -91.016831738457157, 30.326963193956022 ], [ -91.016877013897584, 30.326941972013298 ], [ -91.016979482094996, 30.326795931109096 ], [ -91.017081949994193, 30.326649889217851 ], [ -91.01711162681697, 30.326610319694225 ], [ -91.0171457301917, 30.326558091508964 ], [ -91.017785531440182, 30.326135823107666 ], [ -91.018373326058907, 30.325325039720131 ], [ -91.018704616060873, 30.324896016393691 ], [ -91.018834804802154, 30.324523524283759 ], [ -91.019551381662438, 30.323934907321579 ], [ -91.019807121331198, 30.323898635369552 ], [ -91.020358386576248, 30.323958584500861 ], [ -91.020568534976249, 30.323881921944707 ], [ -91.0208309836176, 30.323653394999351 ], [ -91.021214864777392, 30.323576619105733 ], [ -91.021465675053079, 30.323695770675563 ], [ -91.021710926913158, 30.3237704237138 ], [ -91.022938498235945, 30.32372393162947 ], [ -91.024078203869635, 30.323884498859567 ], [ -91.024322097319981, 30.323938960012558 ], [ -91.024740859106529, 30.324181859212377 ], [ -91.024893832116973, 30.324185303537508 ], [ -91.025122690020183, 30.324162652578973 ], [ -91.025488734889564, 30.324242011558855 ], [ -91.026358863522532, 30.324497932320579 ], [ -91.026784755285661, 30.324773040624109 ], [ -91.028047938930598, 30.325035364697364 ], [ -91.028744300834518, 30.325033747260544 ], [ -91.029046028334889, 30.32495858865007 ], [ -91.029278174556524, 30.324967075345487 ], [ -91.029519792056064, 30.325069483286537 ], [ -91.029737012896973, 30.325240101081008 ], [ -91.030243922930595, 30.325614358570189 ], [ -91.030757990668079, 30.326211217354789 ], [ -91.031067798853712, 30.326442926623631 ], [ -91.031861152183552, 30.326877991097078 ], [ -91.032526545063291, 30.327159503411256 ], [ -91.032727943032157, 30.327264767321676 ], [ -91.032929341430304, 30.327370030020177 ], [ -91.033104600746455, 30.327486402934262 ], [ -91.033279859435751, 30.327602774707938 ], [ -91.035108070028372, 30.328348939663734 ], [ -91.035713871066164, 30.328602421499301 ], [ -91.035985198136089, 30.328827157361737 ], [ -91.036083838285549, 30.328950945931716 ], [ -91.036442126535377, 30.329053313984108 ], [ -91.03662127158313, 30.329181274898172 ], [ -91.036826008062974, 30.329539562954448 ], [ -91.037081928320717, 30.329769891082741 ], [ -91.037627953642286, 30.329878015483715 ], [ -91.038744409698594, 30.330130509993261 ], [ -91.039068353192135, 30.330308540843792 ], [ -91.039385211504495, 30.330435284608409 ], [ -91.03989705209483, 30.330614428725958 ], [ -91.040162905902932, 30.330782174564128 ], [ -91.040383300779695, 30.330921532497307 ], [ -91.040741589013521, 30.331203045098594 ], [ -91.041099877608005, 30.331382189811091 ], [ -91.041333810411402, 30.331617741867721 ], [ -91.041688494722536, 30.33179166189667 ], [ -91.042149151608157, 30.331894030138507 ], [ -91.042788952791298, 30.331996398494585 ], [ -91.043812633919657, 30.33235468702027 ], [ -91.044064012230493, 30.332432390633208 ], [ -91.044266184245885, 30.33265196908528 ], [ -91.045066644298714, 30.333096855992878 ], [ -91.045245788617635, 30.333173631992612 ], [ -91.045655260465821, 30.333199224099179 ], [ -91.046627757886029, 30.333480735989994 ], [ -91.047044541995788, 30.333644385793907 ], [ -91.047421111377361, 30.333787841034994 ], [ -91.047765341603636, 30.334044598732799 ], [ -91.048086504016382, 30.334146129445791 ], [ -91.048623937369257, 30.334248497336223 ], [ -91.048762404250525, 30.334271574844102 ], [ -91.048908173306913, 30.334263623657208 ], [ -91.04908459438127, 30.33432527372041 ], [ -91.049487257313146, 30.334557580061656 ], [ -91.04980521033626, 30.334646811154197 ], [ -91.049999043118859, 30.334794545899282 ], [ -91.050645708490279, 30.335016258711637 ], [ -91.051515837558355, 30.335374546369213 ], [ -91.051580879322358, 30.335408481702952 ], [ -91.052104454007903, 30.335681651634825 ], [ -91.052232414319661, 30.335937571589788 ], [ -91.05251392655137, 30.33614230751887 ], [ -91.052795439180926, 30.336219084184034 ], [ -91.053281688443704, 30.336295859618541 ], [ -91.053947080784624, 30.336602964153421 ], [ -91.054330961247132, 30.336833292533168 ], [ -91.054663658185035, 30.336833292924855 ], [ -91.05532817998386, 30.336946523775488 ], [ -91.055764115418114, 30.337140396861379 ], [ -91.055919131082746, 30.33723999315395 ], [ -91.056522767202154, 30.337330093566997 ], [ -91.0568215063889, 30.337393575380286 ], [ -91.057142504732127, 30.337546005793531 ], [ -91.057446027416987, 30.337567733103196 ], [ -91.057683519116523, 30.337652237664187 ], [ -91.057772409584814, 30.337698329578856 ], [ -91.058374503883783, 30.338010526264782 ], [ -91.0586560159051, 30.338036118318335 ], [ -91.059129312509782, 30.338155511322256 ], [ -91.059526145611258, 30.338343223163335 ], [ -91.06019153863906, 30.338855063618876 ], [ -91.060908115101043, 30.339162168263876 ], [ -91.061174772701676, 30.339359582088573 ], [ -91.061343180163732, 30.339597232787728 ], [ -91.061547916431891, 30.339725192284977 ], [ -91.062213309697341, 30.33995552066915 ], [ -91.062390508677694, 30.340047175659105 ], [ -91.062672096370122, 30.340191834731733 ], [ -91.063099479245878, 30.340402401761722 ], [ -91.063364950796966, 30.340518545948893 ], [ -91.064236676213255, 30.341153145339625 ], [ -91.064316503225143, 30.341213194286912 ], [ -91.064494002495564, 30.341297654530205 ], [ -91.065082972171695, 30.341582604958877 ], [ -91.065636977728488, 30.341761590791293 ], [ -91.066011998474465, 30.341664993893296 ], [ -91.066655495309448, 30.341971829862832 ], [ -91.067102963566541, 30.342245989497822 ], [ -91.067283357148412, 30.342224855700291 ], [ -91.06751747006173, 30.342288485246829 ], [ -91.067668210868732, 30.342363638953518 ], [ -91.067952338931732, 30.342589381223881 ], [ -91.068111327101661, 30.342636914047727 ], [ -91.068249466097768, 30.342651718820466 ], [ -91.06859692728915, 30.3426814696913 ], [ -91.068994180241404, 30.342882014974883 ], [ -91.069119720202451, 30.342911320246888 ], [ -91.069500180569023, 30.343007822046872 ], [ -91.069674119429166, 30.343071316744087 ], [ -91.069784150532598, 30.343128749682172 ], [ -91.070274802018872, 30.343384853167393 ], [ -91.070940194008514, 30.343538405931817 ], [ -91.071298483246068, 30.343666365456357 ], [ -91.071707955358917, 30.343743141533455 ], [ -91.072091836174295, 30.343845509910313 ], [ -91.072633548731218, 30.34425900126098 ], [ -91.072786112228073, 30.344351270136016 ], [ -91.073345845767236, 30.344690047342102 ], [ -91.073729727100343, 30.344945967398587 ], [ -91.073806502912092, 30.345125112287505 ], [ -91.073985646672, 30.345278664201953 ], [ -91.074241567534415, 30.345329848444674 ], [ -91.074676631594414, 30.345713728725936 ], [ -91.075725905609403, 30.346455897846983 ], [ -91.076261292242009, 30.346764894234013 ], [ -91.076621627137641, 30.346967738657799 ], [ -91.077005507669554, 30.347018922514195 ], [ -91.078310701133987, 30.347146882464482 ], [ -91.079001686507269, 30.347428394807554 ], [ -91.079667079809155, 30.347889051249059 ], [ -91.079922999890428, 30.347940235257155 ], [ -91.080153328696795, 30.34788905116428 ], [ -91.080383656493424, 30.348196155746628 ], [ -91.080639577350226, 30.348400891971146 ], [ -91.081177009668906, 30.348682404855388 ], [ -91.083986690368832, 30.35002890635187 ], [ -91.084178266200624, 30.350100053200187 ], [ -91.084457249894839, 30.350221138062413 ], [ -91.084672153000582, 30.350317158554539 ], [ -91.084905345505618, 30.3504177515719 ], [ -91.085495186228243, 30.350568641131296 ], [ -91.085906703213553, 30.350765254768941 ], [ -91.086098744431581, 30.350806406520359 ], [ -91.086327364760649, 30.350774399866612 ], [ -91.086551412591433, 30.350696668334457 ], [ -91.086830329305883, 30.350719530521605 ], [ -91.087118390805159, 30.350810979013634 ], [ -91.087319577166284, 30.350833840530083 ], [ -91.0876716517662, 30.350893282152668 ], [ -91.087923134455735, 30.350989302192946 ], [ -91.087936852194431, 30.350993875179551 ], [ -91.088188334318033, 30.351030454159712 ], [ -91.088384947620227, 30.351048743625157 ], [ -91.088961070950276, 30.351309371101351 ], [ -91.089239987726472, 30.351464832993322 ], [ -91.089688083692252, 30.351679735687437 ], [ -91.090026442509696, 30.351885494058866 ], [ -91.090451675565561, 30.352306156218241 ], [ -91.090484016026352, 30.352342125715055 ], [ -91.09065716711919, 30.352603210513198 ], [ -91.091027261690229, 30.352989833206266 ], [ -91.091265564995354, 30.353206920145755 ], [ -91.091541494528073, 30.353418139660615 ], [ -91.091767298974304, 30.353521429488126 ], [ -91.092317778563782, 30.353623926841568 ], [ -91.092407934849334, 30.353640072031222 ], [ -91.092583465469346, 30.353718432060049 ], [ -91.092783928888082, 30.353798387062085 ], [ -91.093454481170653, 30.353985666808601 ], [ -91.093593925397514, 30.354048301253624 ], [ -91.094165030278958, 30.354306914751557 ], [ -91.094521832958506, 30.354356544340032 ], [ -91.094949760071046, 30.35454368622927 ], [ -91.095369185371709, 30.354787223534309 ], [ -91.095599192722148, 30.355003701222888 ], [ -91.095849494488391, 30.355118704915217 ], [ -91.096133620401048, 30.355125469567565 ], [ -91.096346715580268, 30.355081497337881 ], [ -91.096559810568806, 30.355037525666187 ], [ -91.096858687710409, 30.354888087158912 ], [ -91.097447649332508, 30.354584961542241 ], [ -91.097898947228401, 30.354310893785037 ], [ -91.098177401331185, 30.35412097368566 ], [ -91.098379573134537, 30.353961903715994 ], [ -91.098426927218242, 30.353698072143573 ], [ -91.098508106199787, 30.353535714231075 ], [ -91.09853516548192, 30.353407180996008 ], [ -91.09867742662253, 30.353062420610389 ], [ -91.098980579728263, 30.352916692482761 ], [ -91.099463687742897, 30.352854387703989 ], [ -91.099955798679702, 30.352899811843599 ], [ -91.100693174033708, 30.353129818941724 ], [ -91.100936710673253, 30.35317717314371 ], [ -91.101176865439001, 30.353363208543019 ], [ -91.101417020063693, 30.353549243494992 ], [ -91.101651369643008, 30.353758320171238 ], [ -91.101885721250682, 30.353967395520115 ], [ -91.102288600824494, 30.354201266368314 ], [ -91.102966185907604, 30.35453692139755 ], [ -91.104035042590908, 30.355193118409474 ], [ -91.104535646966895, 30.3555854835646 ], [ -91.104620208459622, 30.355612543303568 ], [ -91.104704769998364, 30.355639602988223 ], [ -91.105493994828691, 30.355750622268864 ], [ -91.106145696645896, 30.356153735871874 ], [ -91.106240481449404, 30.356243051822773 ], [ -91.106849247705583, 30.356816698249744 ], [ -91.107119844493099, 30.357121118937467 ], [ -91.107417501041908, 30.357608193394629 ], [ -91.107674567303377, 30.357912614098801 ], [ -91.108006048672465, 30.358230565534168 ], [ -91.108101534902502, 30.358295195264191 ], [ -91.108146008857446, 30.358327401240675 ], [ -91.108190482843312, 30.358359606299917 ], [ -91.108275659668095, 30.358445773164576 ], [ -91.108454260596261, 30.358626450770007 ], [ -91.109502112577431, 30.359188034800454 ], [ -91.109702684370248, 30.359295009177369 ], [ -91.111958964309537, 30.359730522018417 ], [ -91.112728340691575, 30.35999354998372 ], [ -91.112810758599707, 30.360021725781706 ], [ -91.118084616228657, 30.362082536858765 ], [ -91.119536134038754, 30.362581658774605 ], [ -91.119883493598195, 30.362789206508509 ], [ -91.120053199557901, 30.363156140359308 ], [ -91.120161578687089, 30.363499320148037 ], [ -91.120270225899986, 30.363718308038788 ], [ -91.120351885653292, 30.363801234487592 ], [ -91.120433545544785, 30.36388415998201 ], [ -91.120576672273103, 30.363925787905146 ], [ -91.121284957523173, 30.364382294168784 ], [ -91.121938489564172, 30.36493333120924 ], [ -91.122122524991028, 30.364980936148719 ], [ -91.1224364018328, 30.364904556855077 ], [ -91.122620587933412, 30.364881195806312 ], [ -91.122872821409587, 30.364928908431239 ], [ -91.123029703715162, 30.364917330762296 ], [ -91.123132151597744, 30.364846527330162 ], [ -91.123228216811967, 30.364568727614664 ], [ -91.123419709512788, 30.364314736120974 ], [ -91.123509003222381, 30.364013270524612 ], [ -91.123611487276634, 30.363924725149797 ], [ -91.124102773118608, 30.363801312661664 ], [ -91.12436197497469, 30.363778067038506 ], [ -91.124614231330341, 30.363813948950721 ], [ -91.124777719744117, 30.363902915150568 ], [ -91.125009555452095, 30.363921022461913 ], [ -91.125146148997871, 30.363826616397279 ], [ -91.12526928884003, 30.363643480032941 ], [ -91.125344492608932, 30.363554890351164 ], [ -91.125446850829448, 30.36352548236534 ], [ -91.125644499779, 30.363584931277661 ], [ -91.125789027498243, 30.363726639318379 ], [ -91.12593355563159, 30.363868346293586 ], [ -91.126020174684498, 30.363993373537376 ], [ -91.122979233890504, 30.368934876160733 ], [ -91.124055511910129, 30.369759542284974 ], [ -91.124678522769088, 30.370238702264782 ], [ -91.124881374682403, 30.370390024768394 ], [ -91.125156773763649, 30.370547752496101 ], [ -91.125975798513309, 30.370983168093108 ], [ -91.126628126389321, 30.371330235183329 ], [ -91.127005086657988, 30.371515005786495 ], [ -91.127665237157188, 30.371810685542556 ] ] ] } },
{ "type": "Feature", "properties": { "ID": 2, "NAME": "COMITE RIVER DIVERSION CANAL IMPACT AREA", "YEAR_CREATED": "1981" }, "geometry": { "type": "Polygon", "coordinates": [ [ [ -91.139254168880797, 30.681352540336988 ], [ -91.139630297659394, 30.681463037439201 ], [ -91.141787285307771, 30.681394817779509 ], [ -91.14182918151063, 30.681395977855118 ], [ -91.141923754072522, 30.681398017671359 ], [ -91.141990932269835, 30.681401798455855 ], [ -91.142206468802314, 30.681418225582963 ], [ -91.14239905898269, 30.681440717811064 ], [ -91.142523186621446, 30.681457087614227 ], [ -91.142590714698315, 30.681467807768563 ], [ -91.142821835683307, 30.681508245296463 ], [ -91.142950463575659, 30.681538741244847 ], [ -91.14307413782106, 30.681571215285285 ], [ -91.143201979685315, 30.681613845515535 ], [ -91.143324291980718, 30.681658386274076 ], [ -91.14344392680151, 30.681710355653607 ], [ -91.143512906876879, 30.681741746995417 ], [ -91.143537015133944, 30.681753510357712 ], [ -91.143645289695442, 30.68181177195364 ], [ -91.143708196163274, 30.681846880709212 ], [ -91.143825381783628, 30.681919148696434 ], [ -91.144350496452986, 30.68224616095188 ], [ -91.144571581406112, 30.682388358578454 ], [ -91.144788860104455, 30.682532042340725 ], [ -91.144945106961387, 30.682637555242618 ], [ -91.145449368750462, 30.682999254505383 ], [ -91.14547985657363, 30.683020220741003 ], [ -91.145570304214459, 30.683078397745629 ], [ -91.145728374433972, 30.683174826333065 ], [ -91.145823172221569, 30.683225314266807 ], [ -91.145965831117323, 30.683297619954377 ], [ -91.146034746816213, 30.683328739269342 ], [ -91.146103662558374, 30.683359858548179 ], [ -91.146211216169249, 30.683405374292747 ], [ -91.146244303914827, 30.6834181005466 ], [ -91.146387520303833, 30.68347016094101 ], [ -91.146438908602605, 30.683487787412833 ], [ -91.146533079930663, 30.68351663652761 ], [ -91.146658116249483, 30.683552642289616 ], [ -91.146819336461519, 30.683590601180867 ], [ -91.146930134379389, 30.683614456420617 ], [ -91.146982111051258, 30.683623984358391 ], [ -91.147184349609134, 30.683657188227656 ], [ -91.147873021728586, 30.683753541838779 ], [ -91.148776337903797, 30.683876154290736 ], [ -91.148851957270111, 30.683901083753238 ], [ -91.14892757667613, 30.683926012270348 ], [ -91.151725792077855, 30.684465140980873 ], [ -91.151893710751722, 30.684481465447156 ], [ -91.152085248051677, 30.684498042081231 ], [ -91.152291133139443, 30.684513746845496 ], [ -91.152388879342311, 30.684519879550241 ], [ -91.152497492231092, 30.684524242829575 ], [ -91.152688277083215, 30.684529459457867 ], [ -91.152688974214229, 30.68452947754589 ], [ -91.153541984391339, 30.684545136843205 ], [ -91.153542799472149, 30.684545146066547 ], [ -91.154004516942962, 30.684548212221543 ], [ -91.154767828493519, 30.684558450184507 ], [ -91.155089248534523, 30.684554272520444 ], [ -91.155286515082054, 30.684550566932497 ], [ -91.156354166723716, 30.684530073954637 ], [ -91.156770876523211, 30.684524297441872 ], [ -91.157376855068847, 30.684510138709015 ], [ -91.158000815429517, 30.68449375678756 ], [ -91.158506562509913, 30.684476787648205 ], [ -91.158508840950248, 30.684476711275757 ], [ -91.158802995395988, 30.684463418043016 ], [ -91.15907520624198, 30.684445136068284 ], [ -91.15934062136995, 30.684421713984946 ], [ -91.15959717318826, 30.684393786845174 ], [ -91.159860360809702, 30.684359685516302 ], [ -91.159869140061957, 30.684358487407835 ], [ -91.160998994680028, 30.684197076813568 ], [ -91.161522371309928, 30.684110871789038 ], [ -91.16231328015779, 30.683976962702214 ], [ -91.162555430218603, 30.683933580574774 ], [ -91.162782357559095, 30.683888871410868 ], [ -91.162889696175668, 30.683862753741668 ], [ -91.162955615895697, 30.683844810899753 ], [ -91.163109950025856, 30.683795012534933 ], [ -91.163249859595467, 30.683746496184185 ], [ -91.163440642126488, 30.683674634117757 ], [ -91.163731595517504, 30.683550571648048 ], [ -91.163888661394324, 30.683488382249138 ], [ -91.164169606288382, 30.683388068572871 ], [ -91.164189231750186, 30.683381528782892 ], [ -91.164249199009163, 30.683362357281602 ], [ -91.164357889430676, 30.683331841040776 ], [ -91.164474336404709, 30.683304853331229 ], [ -91.164592245604751, 30.683283294775013 ], [ -91.164711288207968, 30.683267219972809 ], [ -91.164831135361851, 30.683256701566432 ], [ -91.164951451043933, 30.683251732812927 ], [ -91.165071896064504, 30.683252328614707 ], [ -91.165186231232042, 30.683258051701792 ], [ -91.165304515569247, 30.683269309017305 ], [ -91.165311845831454, 30.683270102154044 ], [ -91.166044307559417, 30.683357726894517 ], [ -91.166776769530713, 30.683445352996369 ], [ -91.166784096761134, 30.683446101849324 ], [ -91.166861636354412, 30.683452461888336 ], [ -91.16693653187626, 30.683453542706872 ], [ -91.166986735807527, 30.683451483276805 ], [ -91.166990894072242, 30.683451260285477 ], [ -91.167280181662491, 30.683431291619101 ], [ -91.167436658852495, 30.683416916439793 ], [ -91.167652110223756, 30.683384543015919 ], [ -91.16766135079277, 30.683383221392397 ], [ -91.168689873521274, 30.683242089686306 ], [ -91.168698429154603, 30.683240934913748 ], [ -91.16880306598901, 30.683229655282524 ], [ -91.168908320216872, 30.683223657603289 ], [ -91.169027825257629, 30.683223407070177 ], [ -91.169134740379562, 30.683229082377771 ], [ -91.16924108168331, 30.683240321389039 ], [ -91.169346479796843, 30.683257087567906 ], [ -91.169436300274526, 30.683275880165308 ], [ -91.169450558489558, 30.683279073768048 ], [ -91.169981299936211, 30.68340510363829 ], [ -91.169995551831875, 30.683408354001049 ], [ -91.170111114800378, 30.683432432060073 ], [ -91.17018851914716, 30.683445622712235 ], [ -91.170228030416808, 30.683451425247942 ], [ -91.170345967231626, 30.683465061648704 ], [ -91.170464590285675, 30.683473298453745 ], [ -91.170547875432774, 30.683475836166121 ], [ -91.170668321344792, 30.683474799658509 ], [ -91.170702532170083, 30.683473488612851 ], [ -91.170821169461021, 30.683465441130345 ], [ -91.17093913408165, 30.683451995992058 ], [ -91.17102692812594, 30.683438401065917 ], [ -91.171171700731151, 30.683409088806666 ], [ -91.171260402382075, 30.683386746241016 ], [ -91.171355697354329, 30.683358902194215 ], [ -91.171374474633623, 30.68335315948579 ], [ -91.172353209769327, 30.683041298979337 ], [ -91.173036536213601, 30.682820583313735 ], [ -91.173343904657443, 30.682714207092829 ], [ -91.173644807482262, 30.682606947418673 ], [ -91.17382266964853, 30.682536234661693 ], [ -91.173959596787199, 30.682478624674363 ], [ -91.175213142221807, 30.681930260139573 ], [ -91.1753634011732, 30.68186150221219 ], [ -91.175526457448626, 30.681779956209667 ], [ -91.17562894011121, 30.681727965401283 ], [ -91.178951192619508, 30.680610614212021 ], [ -91.184511305982696, 30.679608763062955 ], [ -91.187998112907636, 30.678976531255298 ], [ -91.191728523539666, 30.678300018751433 ], [ -91.191681360391385, 30.67809357100543 ], [ -91.191523913868977, 30.677398267433205 ], [ -91.191511004551714, 30.677340100025159 ], [ -91.191460762046503, 30.677113715274938 ], [ -91.191405447070025, 30.676854468371232 ], [ -91.19104336089076, 30.675242816800285 ], [ -91.191013914478049, 30.675097755119005 ], [ -91.190897489147403, 30.674591002096609 ], [ -91.190685873577209, 30.67362414968056 ], [ -91.19060666314482, 30.673251391430451 ], [ -91.190577275602578, 30.673124260729463 ], [ -91.19050218960794, 30.67276843577509 ], [ -91.190485628177939, 30.672683430241747 ], [ -91.190469066776402, 30.672598424703747 ], [ -91.190448156255442, 30.67247921824627 ], [ -91.190447977175751, 30.672478212308377 ], [ -91.1904006036917, 30.672224598063529 ], [ -91.190370515922069, 30.672010395154178 ], [ -91.190353665728793, 30.671855231559885 ], [ -91.190343501534443, 30.671773010180118 ], [ -91.190316240976244, 30.671516854912849 ], [ -91.190301871452121, 30.671322631355395 ], [ -91.190274916487482, 30.670920800235248 ], [ -91.190263857078818, 30.670617539349955 ], [ -91.190251433891859, 30.670205185575711 ], [ -91.190250403936773, 30.669802109527261 ], [ -91.190261166268968, 30.669537948233234 ], [ -91.190438000245223, 30.667834287598588 ], [ -91.190461510036187, 30.66770469791572 ], [ -91.190530388329577, 30.667379574107255 ], [ -91.190614205802902, 30.666994916176932 ], [ -91.190655475659327, 30.666811302206153 ], [ -91.19096583387487, 30.665535314833441 ], [ -91.191402052265801, 30.663816156183834 ], [ -91.191526084185469, 30.663341450474501 ], [ -91.191551686061302, 30.663237093831633 ], [ -91.191689782750757, 30.662675728154777 ], [ -91.191824958320169, 30.662114404206047 ], [ -91.191992703861771, 30.661460779788861 ], [ -91.192023837613036, 30.661330351576268 ], [ -91.192027620397909, 30.661311777668857 ], [ -91.192160011755021, 30.6607729780191 ], [ -91.192323087832889, 30.660098783713909 ], [ -91.192442759128895, 30.659626695859632 ], [ -91.192466658210066, 30.659518031765089 ], [ -91.192529643075517, 30.659252054935322 ], [ -91.192582524282884, 30.659061844921631 ], [ -91.192681811661572, 30.658658797121213 ], [ -91.19270558269649, 30.658547374440609 ], [ -91.192749401305491, 30.658376355951955 ], [ -91.192784238151134, 30.658231945560615 ], [ -91.192988741731057, 30.65743372567945 ], [ -91.193091507433564, 30.65702191250681 ], [ -91.19309450123302, 30.65700985478821 ], [ -91.193110332174868, 30.656933255006308 ], [ -91.193123337390944, 30.656858316455146 ], [ -91.193192616184376, 30.656565305915674 ], [ -91.193224705220999, 30.656418962994596 ], [ -91.193256795206139, 30.656272620059248 ], [ -91.19329252820188, 30.65608958864701 ], [ -91.193300599464933, 30.656033604371814 ], [ -91.193329742293756, 30.655795318231309 ], [ -91.19332914631687, 30.654856402618819 ], [ -91.193126773565311, 30.649974829532418 ], [ -91.192982572301773, 30.64749468318713 ], [ -91.192924141521814, 30.646435711240155 ], [ -91.192874413236595, 30.645595623718211 ], [ -91.192874248159129, 30.645592852531983 ], [ -91.192821924395005, 30.644720924216298 ], [ -91.192722075076873, 30.642964737554859 ], [ -91.192583971519923, 30.64059713570887 ], [ -91.192577604642622, 30.64048863536512 ], [ -91.192546320545915, 30.639760899086195 ], [ -91.19254625037857, 30.639758889302783 ], [ -91.192543373892306, 30.639643924221211 ], [ -91.192545362706582, 30.639497472848557 ], [ -91.192553755370753, 30.639351190635807 ], [ -91.192568531747867, 30.639205280515931 ], [ -91.19258796922378, 30.639070232999856 ], [ -91.192614793003614, 30.638926643032782 ], [ -91.192647828468807, 30.638784035637805 ], [ -91.192687020013381, 30.638642616412966 ], [ -91.192690842085838, 30.638629472566311 ], [ -91.192759438697493, 30.638402604198809 ], [ -91.192828036038222, 30.63817573577899 ], [ -91.19297866779219, 30.637687414063581 ], [ -91.193058912254116, 30.637427269493752 ], [ -91.193063783805471, 30.63741401669478 ], [ -91.193088507629099, 30.63733305730085 ], [ -91.194588121665916, 30.63252195693503 ], [ -91.19467412315592, 30.632246027893519 ], [ -91.197439769519605, 30.632617792793564 ], [ -91.214945319947716, 30.63482531113225 ], [ -91.218172211962383, 30.635263737227785 ], [ -91.223100939003061, 30.635938284839959 ], [ -91.225177285478637, 30.636222397142962 ], [ -91.225747740847169, 30.636251289716331 ], [ -91.235827315603686, 30.637711402915436 ], [ -91.243432939032388, 30.638233415984931 ], [ -91.236279103133285, 30.624621546722977 ], [ -91.237493170084818, 30.624746237418417 ], [ -91.237739780842389, 30.622982392734766 ], [ -91.262252809850963, 30.625569629098699 ], [ -91.262332157126764, 30.625125137944963 ], [ -91.262572945696107, 30.623776252304356 ], [ -91.262768484261656, 30.622680824175593 ], [ -91.26312630594289, 30.620676201902068 ], [ -91.279161587847156, 30.622366153082673 ], [ -91.279169673782491, 30.622367005197354 ], [ -91.28911104926209, 30.623413676529914 ], [ -91.289262123803965, 30.623429540324182 ], [ -91.289568594216661, 30.622556794177367 ], [ -91.289594734493789, 30.6224682479656 ], [ -91.289664708973334, 30.622273273222945 ], [ -91.289754759775462, 30.622050075147097 ], [ -91.289864899311084, 30.621910165188876 ], [ -91.290019993758278, 30.621753583206896 ], [ -91.290126928208679, 30.621657423070371 ], [ -91.290149523788344, 30.621594898194477 ], [ -91.290217053685396, 30.621455485477565 ], [ -91.29027774906919, 30.621319949222826 ], [ -91.290363334595511, 30.62119795414856 ], [ -91.290419972117064, 30.621140130803404 ], [ -91.290419527082349, 30.621079174250291 ], [ -91.29042513632929, 30.620980294750989 ], [ -91.290449029877507, 30.620944763447373 ], [ -91.290525685082187, 30.620814913199222 ], [ -91.290678899919797, 30.620485074346497 ], [ -91.290829058254005, 30.620156626130225 ], [ -91.290952758628777, 30.619876462091998 ], [ -91.2910332771947, 30.619693835903302 ], [ -91.291149624399452, 30.619509481954115 ], [ -91.291352932850515, 30.6191261316837 ], [ -91.29143125441081, 30.618995810500252 ], [ -91.291435884720613, 30.618954972575068 ], [ -91.291440357782335, 30.618871615629729 ], [ -91.291438202347706, 30.618789311960658 ], [ -91.291451472069667, 30.618720031258459 ], [ -91.291465338745411, 30.618620186367888 ], [ -91.291471727164634, 30.618555355001533 ], [ -91.291443684067133, 30.618468798189561 ], [ -91.291446213355101, 30.618389586344353 ], [ -91.291444057926142, 30.61830728266181 ], [ -91.291429304258074, 30.618240578304611 ], [ -91.291428731620272, 30.6182037058506 ], [ -91.291443871565548, 30.618153523502638 ], [ -91.291474747196119, 30.618067365055612 ], [ -91.291536679746017, 30.617914889239501 ], [ -91.291563274579943, 30.617854315493371 ], [ -91.291596568702317, 30.617767972855461 ], [ -91.291632380269505, 30.617677117241076 ], [ -91.291680495342078, 30.617579149368151 ], [ -91.291713081450212, 30.617514337025341 ], [ -91.29172876135901, 30.617434428402259 ], [ -91.291735770510442, 30.617361128933517 ], [ -91.291716063633601, 30.617294868634243 ], [ -91.291675517459296, 30.617253812619431 ], [ -91.291600468467507, 30.617183099605448 ], [ -91.291561271991128, 30.617137024181407 ], [ -91.291529843114347, 30.617074371881756 ], [ -91.291483629212536, 30.617012325578251 ], [ -91.291445470296267, 30.616952138182391 ], [ -91.291418620263713, 30.616893984822667 ], [ -91.29139814578005, 30.61683830323334 ], [ -91.291369665721476, 30.616780062750557 ], [ -91.291348408766382, 30.616734971640984 ], [ -91.291340510294404, 30.616686359627746 ], [ -91.291352148870075, 30.616572222205111 ], [ -91.291339460890939, 30.616521931796953 ], [ -91.291339473608829, 30.616477150504302 ], [ -91.291353289589637, 30.616422645188013 ], [ -91.291392263855698, 30.616293004193594 ], [ -91.291426687499879, 30.616225457518301 ], [ -91.291475211877213, 30.616162220679655 ], [ -91.291514939977958, 30.616089299552652 ], [ -91.291549155776082, 30.616024576130712 ], [ -91.29159193830364, 30.615954656094047 ], [ -91.291611478167439, 30.615889127927222 ], [ -91.291641396297877, 30.615838339495667 ], [ -91.291676165718229, 30.615788517754648 ], [ -91.291753966046102, 30.61566525445847 ], [ -91.291816884795438, 30.615544009703648 ], [ -91.291843257245318, 30.61547460670679 ], [ -91.291880007943533, 30.615419940719832 ], [ -91.291934606953589, 30.615338617174771 ], [ -91.292022639210671, 30.615276843823899 ], [ -91.29206581134747, 30.615223948666259 ], [ -91.292102460077956, 30.615170696063441 ], [ -91.292138926164952, 30.615097592401515 ], [ -91.292215536144809, 30.615035370664184 ], [ -91.292262035970253, 30.614914714111599 ], [ -91.292314703734164, 30.614843959794936 ], [ -91.293289377694066, 30.612388579893722 ], [ -91.293338181299504, 30.612292564350131 ], [ -91.293385106554226, 30.612188788942788 ], [ -91.293436500075487, 30.612057605725553 ], [ -91.293464806806057, 30.611906015186705 ], [ -91.293505270587843, 30.611689158169838 ], [ -91.293514030985193, 30.611569462982505 ], [ -91.293536444103381, 30.611498376075858 ], [ -91.293624693237177, 30.611233088810977 ], [ -91.293656359748894, 30.611169738671421 ], [ -91.293681256828933, 30.611064755013899 ], [ -91.293684823168661, 30.611016031919856 ], [ -91.293733229435475, 30.610959128177043 ], [ -91.293764227611774, 30.610871495102856 ], [ -91.293791414813072, 30.610768763570203 ], [ -91.293791330575502, 30.610702824997819 ], [ -91.293792210878124, 30.610590144307938 ], [ -91.29377408084612, 30.610434946063073 ], [ -91.293740954684509, 30.610216180721324 ], [ -91.29368117611574, 30.610025732097462 ], [ -91.293565279340925, 30.609594838877818 ], [ -91.293463605356905, 30.609171104697324 ], [ -91.293432509609502, 30.609058799491716 ], [ -91.293369716505296, 30.608976661316561 ], [ -91.293281824219235, 30.608834441950624 ], [ -91.293238373655271, 30.608689551528428 ], [ -91.293221069022877, 30.608556734594661 ], [ -91.293191804642092, 30.608453034354582 ], [ -91.293138524399538, 30.608341640597857 ], [ -91.293073438629648, 30.608257247386259 ], [ -91.292952248375258, 30.608106607088054 ], [ -91.292807078927964, 30.607941255298243 ], [ -91.292668700690271, 30.607817324976633 ], [ -91.292500258673655, 30.607667714283274 ], [ -91.292254257090406, 30.607476411724683 ], [ -91.292029831093885, 30.607319474770623 ], [ -91.291915946994891, 30.607230279548769 ], [ -91.291757142901645, 30.607083321066742 ], [ -91.291374821391386, 30.606780321201228 ], [ -91.291191854482562, 30.606627784307214 ], [ -91.290994200141498, 30.606474442355406 ], [ -91.290736002996496, 30.606288635404198 ], [ -91.290423812027882, 30.606088598018793 ], [ -91.290211380608085, 30.60591210570507 ], [ -91.290013576032877, 30.605760879276136 ], [ -91.289805859644986, 30.605577206743682 ], [ -91.289624022226704, 30.605375808431678 ], [ -91.289394965639175, 30.605094179941954 ], [ -91.289261541899577, 30.604969879552883 ], [ -91.289137478419292, 30.60481844265265 ], [ -91.288937540806998, 30.604662841689528 ], [ -91.288811851996996, 30.604600649364574 ], [ -91.288705836976547, 30.604585044584557 ], [ -91.288430999244156, 30.604512542732646 ], [ -91.288095516419716, 30.604496267748782 ], [ -91.287963307574628, 30.604523049025644 ], [ -91.287839565619137, 30.604501371300469 ], [ -91.287779032524526, 30.604455512736042 ], [ -91.287732291795137, 30.604389139421031 ], [ -91.287658196979422, 30.604293613741728 ], [ -91.287603256428199, 30.604171490939095 ], [ -91.287456677622487, 30.604005198067561 ], [ -91.287244388607149, 30.603817015966417 ], [ -91.286982132359086, 30.603572915168318 ], [ -91.286853493101361, 30.603416970597131 ], [ -91.286717589509223, 30.603326564254075 ], [ -91.286592953178001, 30.603283566359337 ], [ -91.286446208354349, 30.6032872092327 ], [ -91.286360577204732, 30.603248478913265 ], [ -91.286262750355604, 30.603175048352455 ], [ -91.286129023483625, 30.603054981473903 ], [ -91.285688974696953, 30.60270108026641 ], [ -91.285453198540068, 30.602547820757604 ], [ -91.285004265692947, 30.602335024705418 ], [ -91.28429858678598, 30.602053924965446 ], [ -91.283534854916098, 30.601760063796192 ], [ -91.282859056189949, 30.601443442716619 ], [ -91.282314264541469, 30.601180592081068 ], [ -91.281765570076828, 30.600920714377374 ], [ -91.281033518047053, 30.600571949524973 ], [ -91.280357947023049, 30.600282762774224 ], [ -91.280074444752614, 30.600156783587554 ], [ -91.279954791179406, 30.60002895399267 ], [ -91.27970300715846, 30.599842811089722 ], [ -91.27937347444427, 30.599610916376047 ], [ -91.278873993373281, 30.599283527418471 ], [ -91.278438929888324, 30.598907023049907 ], [ -91.278142046536658, 30.598632242409614 ], [ -91.277897146801294, 30.598452856905187 ], [ -91.27754377859074, 30.598153914550412 ], [ -91.277226970179228, 30.59784931651398 ], [ -91.276924442970625, 30.597500827081493 ], [ -91.276863715723309, 30.597424098361877 ], [ -91.276485227027308, 30.597269538530121 ], [ -91.276413644204467, 30.597216611480246 ], [ -91.276336683681365, 30.597236880517276 ], [ -91.276247424966371, 30.597231975593882 ], [ -91.27616114900475, 30.597186408102043 ], [ -91.276089566414953, 30.597133480875559 ], [ -91.276008288567823, 30.59708410253495 ], [ -91.275975185838377, 30.597021041277436 ], [ -91.275912995086372, 30.596968633081822 ], [ -91.275792642871792, 30.596937523743026 ], [ -91.27569727113702, 30.596887371452063 ], [ -91.275646781330991, 30.596804169088905 ], [ -91.275563193617117, 30.596722002243482 ], [ -91.275481320392814, 30.596680757877486 ], [ -91.275428826471028, 30.596624796051362 ], [ -91.275305266923581, 30.596573096783295 ], [ -91.27527186629473, 30.596514101588912 ], [ -91.275227873803885, 30.59647085670878 ], [ -91.27513160723548, 30.596432902751815 ], [ -91.275084410120272, 30.59636906833272 ], [ -91.275023717055802, 30.596296324854091 ], [ -91.274994116356055, 30.596249786577943 ], [ -91.274921861032624, 30.596194051269073 ], [ -91.274874073517182, 30.59608503620121 ], [ -91.274825443789396, 30.596019839876639 ], [ -91.274777355261477, 30.59599001172754 ], [ -91.274728722513672, 30.595924818972215 ], [ -91.274707860752571, 30.595866585076461 ], [ -91.274661762234018, 30.595809684936842 ], [ -91.2746269870959, 30.59576971561636 ], [ -91.274603197081817, 30.595708604710051 ], [ -91.274565692340047, 30.595663049652241 ], [ -91.274495498514639, 30.595634727009578 ], [ -91.274414575422455, 30.595581347289841 ], [ -91.274371553325949, 30.595568111503091 ], [ -91.274339418465303, 30.595449454999912 ], [ -91.274310508578068, 30.595415245002656 ], [ -91.274250498086531, 30.595376607463493 ], [ -91.274186929262541, 30.595309306988568 ], [ -91.27413377628524, 30.595262865327886 ], [ -91.274093688940908, 30.595252501042317 ], [ -91.274055044551048, 30.595179657804788 ], [ -91.27406294957926, 30.595114813006447 ], [ -91.274024849242664, 30.595077360517518 ], [ -91.273966579380314, 30.595057838689531 ], [ -91.273927485620717, 30.595033928007375 ], [ -91.273880792905928, 30.594985122193002 ], [ -91.273858940453735, 30.59494040111624 ], [ -91.273829088542414, 30.594876203267155 ], [ -91.27378006271698, 30.594816387004737 ], [ -91.27371006842732, 30.594785338973303 ], [ -91.273661692094322, 30.59472937555778 ], [ -91.27362811727609, 30.594673129242327 ], [ -91.27363109992254, 30.594632493816889 ], [ -91.273616101914939, 30.594579990301984 ], [ -91.27357472856653, 30.594501555753315 ], [ -91.273538221428481, 30.594442429687263 ], [ -91.273460433077261, 30.594389193299673 ], [ -91.273377380234578, 30.594322070326513 ], [ -91.273325964158857, 30.594294764928808 ], [ -91.273285731005458, 30.594243593970955 ], [ -91.273286381657613, 30.594191949028172 ], [ -91.273255937333118, 30.594135874512244 ], [ -91.273210039186708, 30.59407623263348 ], [ -91.273158626412766, 30.594048927169958 ], [ -91.273098764458567, 30.594051077478927 ], [ -91.273024758573456, 30.593946368693345 ], [ -91.273008024022118, 30.59387473029139 ], [ -91.272969924561266, 30.593837276581461 ], [ -91.272875776424684, 30.593762747007801 ], [ -91.272809167736966, 30.593685645615054 ], [ -91.272735106630819, 30.593624456325067 ], [ -91.272684343098149, 30.593545505721199 ], [ -91.272632389358037, 30.593482809264653 ], [ -91.27257630987117, 30.593433486305187 ], [ -91.272502646561961, 30.593366878523394 ], [ -91.272456351758848, 30.593312652920623 ], [ -91.272390033442292, 30.593317166888333 ], [ -91.272357254767343, 30.593250085315606 ], [ -91.27233172891134, 30.593169802146562 ], [ -91.272287028365099, 30.593093905763318 ], [ -91.272253505674726, 30.592994144799952 ], [ -91.272150366322663, 30.592823919686879 ], [ -91.272093691221599, 30.59278272359591 ], [ -91.272081225005351, 30.592738517987119 ], [ -91.272087140577966, 30.592700765936574 ], [ -91.272049840018227, 30.592652474333722 ], [ -91.271990432498228, 30.592605687906328 ], [ -91.271939815807031, 30.59256754614572 ], [ -91.271901971118979, 30.592483867306971 ], [ -91.271900091806557, 30.592423923321707 ], [ -91.271912066682276, 30.59238922026671 ], [ -91.271885151220999, 30.592327901688087 ], [ -91.271831512891936, 30.592202553074362 ], [ -91.271731448877787, 30.592076020122978 ], [ -91.2716630513562, 30.59202329845915 ], [ -91.271607170887847, 30.591971267239611 ], [ -91.271539570612092, 30.59190771060241 ], [ -91.271429746424076, 30.591820071438349 ], [ -91.271397365370518, 30.591747570335873 ], [ -91.271325240906677, 30.591702807233887 ], [ -91.271250440467639, 30.591608934085645 ], [ -91.271102863163222, 30.591521939938385 ], [ -91.271050710629424, 30.591461953349143 ], [ -91.271049626922576, 30.591391174424064 ], [ -91.271029366687969, 30.591324780305758 ], [ -91.270963304980384, 30.591283068740644 ], [ -91.270907028797538, 30.591236452863004 ], [ -91.270853477524412, 30.591161162454142 ], [ -91.270809520599741, 30.591117943105186 ], [ -91.270796424796444, 30.590954024861251 ], [ -91.27071681459816, 30.59079732846828 ], [ -91.270665457789036, 30.590726504099038 ], [ -91.270600390528458, 30.590671246004028 ], [ -91.270514755456006, 30.590639337306264 ], [ -91.270394349887241, 30.590567438207358 ], [ -91.270300805238392, 30.5904847787391 ], [ -91.269677790350642, 30.589257572186543 ], [ -91.269657199935182, 30.589252816663404 ], [ -91.269626445286903, 30.589243877103193 ], [ -91.269602346035768, 30.589229871280875 ], [ -91.269583079934861, 30.589207072000892 ], [ -91.26957437776106, 30.589183040206535 ], [ -91.269545116361641, 30.589125272185051 ], [ -91.269541946397766, 30.589054442575144 ], [ -91.269565319998335, 30.589021307513878 ], [ -91.269558435917972, 30.589001002012463 ], [ -91.269558339754752, 30.588973821733454 ], [ -91.269556952528134, 30.588935702709975 ], [ -91.269534976011499, 30.588892826339741 ], [ -91.269495046003868, 30.5888663196321 ], [ -91.269480086125142, 30.588841930311268 ], [ -91.269452346694365, 30.588820465549666 ], [ -91.269426429511611, 30.588802725277667 ], [ -91.269411867271145, 30.588772923005322 ], [ -91.269386081604722, 30.588753376004778 ], [ -91.269388069680176, 30.588726295051853 ], [ -91.269386153427035, 30.588695374038291 ], [ -91.269382019414394, 30.588666143276409 ], [ -91.269394305231614, 30.588641442362835 ], [ -91.269404769855853, 30.588613013344123 ], [ -91.269400900916324, 30.588580172750316 ], [ -91.269420108195774, 30.588546787637604 ], [ -91.269419481929788, 30.588526815291591 ], [ -91.269391213491673, 30.588512571081182 ], [ -91.269372082210211, 30.588487954221627 ], [ -91.269339146515847, 30.58845170070181 ], [ -91.269318196162445, 30.588423358436195 ], [ -91.26930624834371, 30.588386446638861 ], [ -91.269276430282886, 30.588342021234059 ], [ -91.269242433306118, 30.588320210623383 ], [ -91.269222012127955, 30.588284647775208 ], [ -91.269192585319615, 30.5882576508351 ], [ -91.269150741203731, 30.588257160602137 ], [ -91.269113733356249, 30.588247874212545 ], [ -91.26908314917614, 30.58820812726707 ], [ -91.26905203589142, 30.588175597271533 ], [ -91.269048564716698, 30.588137341013233 ], [ -91.26905201502197, 30.588090401477604 ], [ -91.269046987773223, 30.588044808179127 ], [ -91.269045338813328, 30.588010274616789 ], [ -91.26902776274656, 30.587992994742081 ], [ -91.269026511424343, 30.587953047333233 ], [ -91.269063899033483, 30.587871718691581 ], [ -91.269093121734372, 30.587816040972612 ], [ -91.269136005058627, 30.587716887972352 ], [ -91.269160803073902, 30.587692875078332 ], [ -91.269194439728096, 30.5876910990198 ], [ -91.2692304235336, 30.58768582868683 ], [ -91.269282960583325, 30.58768327878202 ], [ -91.269329014438043, 30.587654997761941 ], [ -91.269353945973222, 30.587629176307299 ], [ -91.269363746771816, 30.587609776374038 ], [ -91.269356597763633, 30.587593069861047 ], [ -91.269316745127014, 30.587565498719055 ], [ -91.269278444426945, 30.587545266404405 ], [ -91.269277155502493, 30.587534320437086 ], [ -91.269253131750489, 30.587462301730081 ], [ -91.269225337343144, 30.587384641642384 ], [ -91.269184024099985, 30.587320004957288 ], [ -91.26915360922041, 30.587249448945247 ], [ -91.269124486413617, 30.58718984070028 ], [ -91.269111650665877, 30.587136567250074 ], [ -91.269093086403402, 30.587075727419272 ], [ -91.26906915682703, 30.587030906102807 ], [ -91.269041057939788, 30.586985857247694 ], [ -91.269009547423664, 30.586958743782503 ], [ -91.268955587241337, 30.586952151620306 ], [ -91.268894312191634, 30.586959658361355 ], [ -91.268847804659188, 30.586937158707972 ], [ -91.268813711268223, 30.586888153245585 ], [ -91.268805408173122, 30.586858694907235 ], [ -91.268781309623691, 30.586844679903987 ], [ -91.268750821941822, 30.586832124888982 ], [ -91.268678850724029, 30.586842667089492 ], [ -91.268640021277889, 30.586829656956869 ], [ -91.268580471522498, 30.586813692427413 ], [ -91.26853316569354, 30.586802025765909 ], [ -91.268469346627427, 30.586758636195963 ], [ -91.268445525575672, 30.586723780547182 ], [ -91.268409444155822, 30.586701855934518 ], [ -91.268366841060498, 30.586683199810199 ], [ -91.268304539310989, 30.586676146858121 ], [ -91.268267265979034, 30.5866704700585 ], [ -91.26816329015206, 30.586632122850929 ], [ -91.268115096478937, 30.586604093507805 ], [ -91.268048006786685, 30.586561034973876 ], [ -91.268018079074693, 30.586528059694132 ], [ -91.26801212341465, 30.58649510525273 ], [ -91.267965029274635, 30.586423629660754 ], [ -91.267938483902668, 30.586385916714857 ], [ -91.267922765226956, 30.586343358843688 ], [ -91.26791396801508, 30.586292119551789 ], [ -91.267904942552249, 30.586215491338468 ], [ -91.267903559143861, 30.58617734790927 ], [ -91.267908010397448, 30.586116860231581 ], [ -91.267890339172794, 30.586072382749858 ], [ -91.267861577238648, 30.586036359111187 ], [ -91.267827353123678, 30.585989160100763 ], [ -91.267786344338148, 30.585948838482061 ], [ -91.267728194730907, 30.585856816974125 ], [ -91.267712610879869, 30.585812453253741 ], [ -91.267703412999239, 30.585766632293048 ], [ -91.267659198938517, 30.585684438161131 ], [ -91.267606229554801, 30.585618797510225 ], [ -91.267547776117965, 30.58555938901203 ], [ -91.267507962825078, 30.585502816745304 ], [ -91.267454173101271, 30.585465416685608 ], [ -91.267424485600287, 30.585442029160621 ], [ -91.267408898820662, 30.585397668102942 ], [ -91.267423802240458, 30.585365858769812 ], [ -91.267465019276472, 30.585346375368403 ], [ -91.267471180195031, 30.585319521998603 ], [ -91.26746238226535, 30.585268281756754 ], [ -91.267470403307868, 30.585216156858888 ], [ -91.267491560036618, 30.585184692499023 ], [ -91.267523146655734, 30.585153801603518 ], [ -91.267612730073907, 30.585131540442838 ], [ -91.267637299625562, 30.585082134373344 ], [ -91.267651249798902, 30.58503485996518 ], [ -91.267630165999222, 30.585008323217671 ], [ -91.267610503484519, 30.584990925739032 ], [ -91.267594522122963, 30.584951980348961 ], [ -91.267622638125317, 30.584882833089534 ], [ -91.26760900496248, 30.584840391655547 ], [ -91.267594689746517, 30.584804540185694 ], [ -91.267578824140571, 30.584773469658476 ], [ -91.267568189346719, 30.58472819008524 ], [ -91.267566758761447, 30.584690664507693 ], [ -91.267559943873522, 30.584650426527293 ], [ -91.267557589726579, 30.584587482803762 ], [ -91.267549738616779, 30.584542355249415 ], [ -91.267535725862771, 30.584486018588226 ], [ -91.267514575757019, 30.584416670056505 ], [ -91.267495663553319, 30.584389037480364 ], [ -91.267469446022815, 30.584365838404189 ], [ -91.267425971207828, 30.58431147516977 ], [ -91.267394124458306, 30.584269835574858 ], [ -91.267371989900155, 30.584248070951027 ], [ -91.267362128439487, 30.58421126821046 ], [ -91.267364959712793, 30.584172747090548 ], [ -91.267351256150036, 30.584150236164184 ], [ -91.267316783468388, 30.584125375895031 ], [ -91.267270036813656, 30.584096571187068 ], [ -91.267225854136285, 30.584051835906784 ], [ -91.267209456407031, 30.584027967853515 ], [ -91.267219859240512, 30.58398140341297 ], [ -91.267211986068887, 30.583955587599274 ], [ -91.267180823245113, 30.583923656949413 ], [ -91.267081360533695, 30.58381423845001 ], [ -91.267045470781795, 30.583808635959969 ], [ -91.266913243370595, 30.583713729189256 ], [ -91.266835778192828, 30.583665954340109 ], [ -91.2667567179641, 30.583639847457604 ], [ -91.266731914992519, 30.583597386769632 ], [ -91.266697353229091, 30.583573729611629 ], [ -91.266687556006119, 30.583555058759433 ], [ -91.266683079084132, 30.583520972006848 ], [ -91.266665116114254, 30.583499435770722 ], [ -91.26662644295638, 30.583442428990164 ], [ -91.266595774523879, 30.583365803242472 ], [ -91.266574258020725, 30.583335609221692 ], [ -91.266546915383728, 30.583308722747859 ], [ -91.266530101535665, 30.583271539374664 ], [ -91.266492720070929, 30.583210254823982 ], [ -91.266477414093515, 30.583152605805971 ], [ -91.266431335608473, 30.583095680917204 ], [ -91.266336302570181, 30.583007651447488 ], [ -91.266297529518184, 30.582946294871107 ], [ -91.266277281482601, 30.582879910667934 ], [ -91.266245612457965, 30.582835865124263 ], [ -91.266169437357419, 30.582713581965201 ], [ -91.266143801129289, 30.582644484371546 ], [ -91.266114244264429, 30.58257928159745 ], [ -91.265150205855363, 30.581686810203742 ], [ -91.265071472127019, 30.581596761288377 ], [ -91.265037744261349, 30.581544656442961 ], [ -91.265028318046561, 30.581440690448812 ], [ -91.265016510201121, 30.581369102888836 ], [ -91.264919477571596, 30.581295780903694 ], [ -91.264858177467985, 30.58120077872594 ], [ -91.264831750953519, 30.581095874812611 ], [ -91.264777404294833, 30.581045593075437 ], [ -91.264733510760095, 30.580969284722908 ], [ -91.264689617292944, 30.580892976353969 ], [ -91.264617837766679, 30.58084764493379 ], [ -91.26454735812824, 30.580784652181244 ], [ -91.264501824465569, 30.580660962272493 ], [ -91.264414300020903, 30.580518686487167 ], [ -91.264289819920378, 30.580307892156711 ], [ -91.264221567055202, 30.58016817183363 ], [ -91.264084783900103, 30.579938963805617 ], [ -91.263943825639572, 30.579812977656143 ], [ -91.263619637415758, 30.579485953528206 ], [ -91.263340971163501, 30.579189819603222 ], [ -91.26321744876644, 30.579058878828366 ], [ -91.263147183843813, 30.578965135702987 ], [ -91.263121316708592, 30.578759767656486 ], [ -91.263049389476066, 30.578670092699539 ], [ -91.262985621258196, 30.57851584124478 ], [ -91.262883803015555, 30.57836836008785 ], [ -91.262809277124163, 30.578314011179529 ], [ -91.262731717369974, 30.578300874008615 ], [ -91.262701394567529, 30.578248957048213 ], [ -91.262664119706912, 30.57815232304819 ], [ -91.262562301273235, 30.578004841625855 ], [ -91.262509861135399, 30.577947254285149 ], [ -91.262429985428355, 30.577919211255203 ], [ -91.262347209066419, 30.577837806319199 ], [ -91.261994952989667, 30.577428254945985 ], [ -91.261780407290701, 30.577188850829941 ], [ -91.261492293075634, 30.576849611700023 ], [ -91.261256176336147, 30.576532169207439 ], [ -91.260974992515997, 30.576224069356414 ], [ -91.260692943827266, 30.575927743667553 ], [ -91.260371194669347, 30.575586351973083 ], [ -91.260193124597748, 30.57540806871086 ], [ -91.260065671992336, 30.575166330136334 ], [ -91.259946230155194, 30.595341995732607 ], [ -91.259961917222995, 30.611934940808958 ], [ -91.250113154372585, 30.61070239530925 ], [ -91.23973050348674, 30.60939222589916 ], [ -91.239184143534558, 30.612684742712855 ], [ -91.239111230869142, 30.612738825410677 ], [ -91.239072957525948, 30.612763931495387 ], [ -91.238933624675184, 30.612840677272441 ], [ -91.238022655626466, 30.613342440423143 ], [ -91.237524557948205, 30.613473581109613 ], [ -91.230112667601801, 30.613013967912675 ], [ -91.227648708844796, 30.608211253266038 ], [ -91.226367950648282, 30.616441985901769 ], [ -91.219114889994955, 30.615414247102166 ], [ -91.202974271325417, 30.612955385335283 ], [ -91.202160049269011, 30.612831291029291 ], [ -91.202042556762095, 30.612767589506984 ], [ -91.202061076678461, 30.612660463590959 ], [ -91.202064650178897, 30.612642747613926 ], [ -91.202591361269953, 30.609643183163225 ], [ -91.202639167737303, 30.609368536023123 ], [ -91.202802666652317, 30.608424361364222 ], [ -91.2030247950796, 30.607162406005685 ], [ -91.203203603358176, 30.60613597519875 ], [ -91.203269005154027, 30.605767612619978 ], [ -91.203430494607289, 30.604858050548678 ], [ -91.203564570338486, 30.60408826480208 ], [ -91.203566373950139, 30.604077458389543 ], [ -91.203583712957624, 30.603968175830936 ], [ -91.203592382447027, 30.603913534549267 ], [ -91.203596716667334, 30.603886213456313 ], [ -91.203601051926853, 30.603858893266057 ], [ -91.203627996916083, 30.60365180976337 ], [ -91.20365029724401, 30.603432693059144 ], [ -91.203667053396117, 30.603199642586972 ], [ -91.203675927374192, 30.602993372113186 ], [ -91.203679109891638, 30.602813283935777 ], [ -91.203679312808603, 30.602794478507597 ], [ -91.203677968417153, 30.602497293609343 ], [ -91.203674946151679, 30.602450448867728 ], [ -91.202945450111599, 30.59842515408398 ], [ -91.202853109971883, 30.597950892358071 ], [ -91.202759108867681, 30.597475624887377 ], [ -91.202684439561821, 30.597108252727644 ], [ -91.202593992708813, 30.5966479659307 ], [ -91.202517889079999, 30.59626299882785 ], [ -91.202492463874307, 30.596068928402325 ], [ -91.202475509732594, 30.595874167249374 ], [ -91.202467049179418, 30.59567899231973 ], [ -91.202467095355772, 30.595483679651508 ], [ -91.202475646801858, 30.595288507070698 ], [ -91.202492692673616, 30.595093752392597 ], [ -91.202518208575725, 30.594899690711372 ], [ -91.202552157598731, 30.594706598911358 ], [ -91.202645150045626, 30.594324417995892 ], [ -91.20270406128013, 30.594135871759736 ], [ -91.202771142302424, 30.593949379360467 ], [ -91.202846296793041, 30.593765205890417 ], [ -91.202929419056602, 30.593583611921119 ], [ -91.20302038984812, 30.593404856205737 ], [ -91.203119081589847, 30.593229192977827 ], [ -91.203225352118125, 30.593056870141503 ], [ -91.2033390519763, 30.592888133788964 ], [ -91.203666625253149, 30.592457891331112 ], [ -91.203800438974199, 30.592295703191901 ], [ -91.203913678127932, 30.592155772446826 ], [ -91.208501643739012, 30.586568989508901 ], [ -91.211215352128306, 30.583109518106362 ], [ -91.211410374993349, 30.582832225475077 ], [ -91.211499112295314, 30.582689206445782 ], [ -91.211581845249086, 30.582543517201636 ], [ -91.211658466255997, 30.582395347083086 ], [ -91.211728876057037, 30.582244888144164 ], [ -91.211792983733389, 30.58209233424969 ], [ -91.211850705659799, 30.581937884682969 ], [ -91.211901967597925, 30.581781736931003 ], [ -91.211946703642766, 30.58162409570398 ], [ -91.211984855192199, 30.581465163011803 ], [ -91.211996509809467, 30.581073555997808 ], [ -91.21203709380282, 30.579948789586691 ], [ -91.212049276057726, 30.579778362636684 ], [ -91.212055018265104, 30.579493003317197 ], [ -91.212048408838726, 30.579350390736906 ], [ -91.212035487442193, 30.579208101613979 ], [ -91.212016273654925, 30.579066345238232 ], [ -91.211990796438684, 30.578925330907367 ], [ -91.211921210325272, 30.578646351173084 ], [ -91.211877202101959, 30.57850879628165 ], [ -91.211827134928242, 30.578372801755922 ], [ -91.211771082602326, 30.578238567008327 ], [ -91.211709126222217, 30.578106288751108 ], [ -91.211609787522306, 30.577901194809879 ], [ -91.202056379866733, 30.5597770159238 ], [ -91.19852960664511, 30.553531326025844 ], [ -91.197491188644904, 30.551778292355589 ], [ -91.186842540543793, 30.554820407243756 ], [ -91.180808280389499, 30.556326556533627 ], [ -91.178865533018481, 30.550913026001197 ], [ -91.169156457830582, 30.554920487622883 ], [ -91.169156482585294, 30.554502598699692 ], [ -91.165190973203423, 30.55459482342329 ], [ -91.165199601514914, 30.554142833442757 ], [ -91.165078660438269, 30.550272807529005 ], [ -91.165077953561337, 30.550252058554889 ], [ -91.164823965962071, 30.550258004787317 ], [ -91.164570374077115, 30.550282506226647 ], [ -91.163764836233781, 30.550284121788621 ], [ -91.162767365093742, 30.550285460966474 ], [ -91.162444819743712, 30.55029240036405 ], [ -91.161588206919618, 30.550336505440551 ], [ -91.161429509313948, 30.550343097339436 ], [ -91.159120126145694, 30.550408679679414 ], [ -91.159170532061836, 30.547863360734809 ], [ -91.159171504711168, 30.54454201997925 ], [ -91.157208438962371, 30.544596529199957 ], [ -91.147812143669341, 30.544813769274526 ], [ -91.146287350065279, 30.544846295053237 ], [ -91.146300196157839, 30.544637354462907 ], [ -91.14471180023169, 30.544675270236599 ], [ -91.144587062481861, 30.539797716632361 ], [ -91.144583992788384, 30.539599792516654 ], [ -91.144580923108833, 30.539401867486411 ], [ -91.138388994355054, 30.541540647231709 ], [ -91.136310594400442, 30.541249663593941 ], [ -91.136641677441787, 30.540373668729352 ], [ -91.136736742477012, 30.540211309376538 ], [ -91.136787783709266, 30.540131733772213 ], [ -91.139613317672172, 30.536081918927927 ], [ -91.140561950874812, 30.534551655694784 ], [ -91.146229063866571, 30.519192860144241 ], [ -91.149700692933763, 30.509230501540326 ], [ -91.146291111455469, 30.509276888850131 ], [ -91.145922427561032, 30.509274159911683 ], [ -91.144577391178601, 30.509327147878899 ], [ -91.143100188768386, 30.509015946253179 ], [ -91.141444245182569, 30.508702533218425 ], [ -91.13958306197577, 30.50812700139711 ], [ -91.138506247451247, 30.507723975249419 ], [ -91.138288484234394, 30.507631824423569 ], [ -91.138010631930584, 30.507518339162907 ], [ -91.137958482660252, 30.507492436105835 ], [ -91.137529064197395, 30.507277730042723 ], [ -91.13684885630046, 30.506937626236926 ], [ -91.136418377340192, 30.506706942109062 ], [ -91.135941787609781, 30.506417706092741 ], [ -91.135165694942756, 30.505919069694304 ], [ -91.134257286869328, 30.50525898751587 ], [ -91.134131056930016, 30.505161093188558 ], [ -91.133882884528404, 30.504961235098584 ], [ -91.133639097657948, 30.50475736986326 ], [ -91.133399777416997, 30.504549577912289 ], [ -91.133314798745843, 30.504472969772713 ], [ -91.132273071723915, 30.503454279982542 ], [ -91.131307344637094, 30.50232761857729 ], [ -91.128858794508488, 30.498922386132808 ], [ -91.109152795959233, 30.471404515686871 ], [ -91.109129542977357, 30.471292568618288 ], [ -91.065203467547505, 30.472462431327784 ], [ -91.064026961921925, 30.472490723762103 ], [ -91.063189484494814, 30.472513121461425 ], [ -91.061486693525154, 30.472560037603017 ], [ -91.060350663833077, 30.472588376907279 ], [ -91.05926270050432, 30.472616809655143 ], [ -91.058847417967172, 30.472628123040163 ], [ -91.058062620772347, 30.472649499757598 ], [ -91.058162908584663, 30.459068749052005 ], [ -91.058061154394011, 30.448583532878434 ], [ -91.058049334907551, 30.447995137855596 ], [ -91.057453080187301, 30.445072794179413 ], [ -91.0573420023441, 30.432608850723287 ], [ -91.057153739511023, 30.431782404084569 ], [ -91.055871016250393, 30.4281747921342 ], [ -91.055833133803901, 30.428072588388016 ], [ -91.055810889959702, 30.428022485855127 ], [ -91.05578648505076, 30.427973144652661 ], [ -91.055759955319203, 30.42792463431627 ], [ -91.055731337006677, 30.427877024381324 ], [ -91.055700670528694, 30.427830380783707 ], [ -91.055668000461566, 30.42778477037 ], [ -91.055633372425007, 30.427740259086708 ], [ -91.055594643213865, 30.427691217022037 ], [ -91.055494430932498, 30.427580351200259 ], [ -91.055440831200414, 30.42752741330419 ], [ -91.055384999983971, 30.427476236979487 ], [ -91.055327014119669, 30.427426891845581 ], [ -91.055266954609792, 30.427379446628692 ], [ -91.055204902463529, 30.427333967348645 ], [ -91.055140944945464, 30.427290516430293 ], [ -91.055075169327139, 30.427249153592335 ], [ -91.055007667051044, 30.427209935856038 ], [ -91.054116084083986, 30.426885273454797 ], [ -91.053637234921197, 30.426739864467276 ], [ -91.053411338029846, 30.426656445011602 ], [ -91.053301141167282, 30.426609492626685 ], [ -91.053192970363099, 30.426559124631996 ], [ -91.053086968045989, 30.426505408088563 ], [ -91.05298327143656, 30.426448410948883 ], [ -91.052882014608414, 30.426388209277839 ], [ -91.052783330590771, 30.426324880040443 ], [ -91.052687348229981, 30.426258506507736 ], [ -91.05259419219729, 30.426189175550377 ], [ -91.052503982993969, 30.426116975834628 ], [ -91.05243256358996, 30.426059271911026 ], [ -91.052344571361658, 30.425971787327605 ], [ -91.052195824755657, 30.425817733940342 ], [ -91.052126332254915, 30.425737335638438 ], [ -91.052060215362587, 30.42565482818333 ], [ -91.051997559132047, 30.42557031730502 ], [ -91.051938443403159, 30.425483911428628 ], [ -91.051882945925399, 30.42539572168095 ], [ -91.051831136109669, 30.425305862779222 ], [ -91.051783082322515, 30.425214450340402 ], [ -91.051738846678873, 30.425121601771949 ], [ -91.051698485042323, 30.425027436272114 ], [ -91.051662049101836, 30.424932076638228 ], [ -91.051629587425325, 30.424835644758723 ], [ -91.051601141286, 30.424738265212408 ], [ -91.051576746749518, 30.424640063468647 ], [ -91.051556435714616, 30.424541165889941 ], [ -91.051540234869918, 30.424441700631299 ], [ -91.051528163619992, 30.424341794929795 ], [ -91.051520239279427, 30.424241578724079 ], [ -91.051516470840454, 30.424141180130334 ], [ -91.051447838679564, 30.405965833871953 ], [ -91.051510509378105, 30.405381974962904 ], [ -91.05264589421941, 30.401536381650999 ], [ -91.053093301087586, 30.400083837316611 ], [ -91.053128350129185, 30.399985985802061 ], [ -91.053188164601238, 30.399862063047625 ], [ -91.053221845807087, 30.399801563379036 ], [ -91.053257989280709, 30.399742139702369 ], [ -91.053296545894142, 30.399683867687497 ], [ -91.05333746964692, 30.399626821206461 ], [ -91.053380707261951, 30.39957107140982 ], [ -91.053426205460042, 30.39951669034992 ], [ -91.053473904728634, 30.399463746457627 ], [ -91.053523746601257, 30.399412306361675 ], [ -91.053575666373277, 30.399362434873602 ], [ -91.053629599342841, 30.39931419590263 ], [ -91.053685477696803, 30.399267649743226 ], [ -91.053743229462427, 30.399222855778916 ], [ -91.053802782677536, 30.399179869784845 ], [ -91.053948622195307, 30.399134705381265 ], [ -91.054157280097414, 30.398998071337054 ], [ -91.051212236237845, 30.395758387203525 ], [ -91.05094634733419, 30.395834710350268 ], [ -91.050717592779264, 30.395877036656529 ], [ -91.050574511369106, 30.395894691361118 ], [ -91.050502503344546, 30.395900067145252 ], [ -91.050430314582428, 30.395903131338208 ], [ -91.05035804500298, 30.395903878740835 ], [ -91.050285793470238, 30.395902309564846 ], [ -91.050213657805131, 30.395898424921871 ], [ -91.050141737894421, 30.395892231340586 ], [ -91.050070130500174, 30.395883736245533 ], [ -91.049998934452944, 30.395872951576294 ], [ -91.049928247534723, 30.395859891976595 ], [ -91.049858166476454, 30.39584457569655 ], [ -91.049660816031277, 30.395793064926004 ], [ -91.047355899108922, 30.395126250747992 ], [ -91.046777644484138, 30.394979735977081 ], [ -91.046484853631796, 30.394918246532736 ], [ -91.045211863933474, 30.394711923897678 ], [ -91.041726204518937, 30.394168047162477 ], [ -91.041210578599177, 30.394091091180655 ], [ -91.040293460470323, 30.393940499686487 ], [ -91.039855019918207, 30.393858530573077 ], [ -91.039638718554372, 30.393807074574237 ], [ -91.039180179463642, 30.393676383320784 ], [ -91.036962659077858, 30.39292148401811 ], [ -91.035806012056995, 30.392529055941878 ], [ -91.035505780727789, 30.392427524648248 ], [ -91.035132379181405, 30.392301249125477 ], [ -91.034222061134912, 30.392020984268594 ], [ -91.034279392958567, 30.391819944901425 ], [ -91.034315036279708, 30.391677816498042 ], [ -91.034328435564362, 30.391606013844751 ], [ -91.034338860918552, 30.391533840917116 ], [ -91.034346300619873, 30.391461391507203 ], [ -91.034350745032839, 30.39138875760748 ], [ -91.034352188678639, 30.391316033023767 ], [ -91.034350628167914, 30.391243308860155 ], [ -91.034346067381833, 30.391170680747368 ], [ -91.034338511255498, 30.391098239807928 ], [ -91.034327968875502, 30.391026080781987 ], [ -91.034314454544742, 30.390954293910706 ], [ -91.034297985676631, 30.390882973050559 ], [ -91.03421991283092, 30.390652642906911 ], [ -91.034137673429669, 30.390498477143808 ], [ -91.034089012575762, 30.390390209305625 ], [ -91.033985494473598, 30.390135040806719 ], [ -91.033950826071049, 30.390043131629103 ], [ -91.033901210405261, 30.389886878158556 ], [ -91.033824443891803, 30.389623838868367 ], [ -91.033809720669197, 30.389555607044425 ], [ -91.033783419095059, 30.389459784530562 ], [ -91.033673149926628, 30.389030280258886 ], [ -91.033665043427959, 30.388996317804889 ], [ -91.033653767008232, 30.388958001863461 ], [ -91.033621998237422, 30.388857838647827 ], [ -91.033609323897707, 30.388822098624413 ], [ -91.0335734108628, 30.388728775612286 ], [ -91.033528719504091, 30.388604863340156 ], [ -91.033478844299893, 30.38850057882733 ], [ -91.03346813561906, 30.388477950705536 ], [ -91.03345756380817, 30.388459275879406 ], [ -91.033387161815682, 30.388354997978741 ], [ -91.033367844182251, 30.388327375249759 ], [ -91.033318907191642, 30.388265002390881 ], [ -91.033239222344775, 30.388171195617584 ], [ -91.033203709422764, 30.388130925685978 ], [ -91.033168197570021, 30.388090655746687 ], [ -91.033084684004095, 30.388005387544002 ], [ -91.032994733647328, 30.387928076486588 ], [ -91.032603540192298, 30.387613770708036 ], [ -91.032559604068553, 30.387578470024923 ], [ -91.032515667976071, 30.387543169326889 ], [ -91.032313286508383, 30.387382261666382 ], [ -91.031729915566387, 30.386924356286887 ], [ -91.031627695549119, 30.386843499900159 ], [ -91.031444931012302, 30.386697642932894 ], [ -91.031243600658229, 30.386543628912591 ], [ -91.03110214222167, 30.386431581729504 ], [ -91.030973079768643, 30.386331548008236 ], [ -91.03090183507004, 30.386274039609539 ], [ -91.030205928786444, 30.385728215723972 ], [ -91.029963790111495, 30.385537360985378 ], [ -91.029643213853248, 30.385281190563369 ], [ -91.029457046361216, 30.385128872056157 ], [ -91.029328950334545, 30.385017419259423 ], [ -91.028658929288611, 30.384371595818262 ], [ -91.027475388664939, 30.383202082003422 ], [ -91.026694611253944, 30.382431462670507 ], [ -91.02661416386988, 30.382350921626177 ], [ -91.026072075225102, 30.381818138209109 ], [ -91.025970470772961, 30.381717387480602 ], [ -91.025802891342764, 30.38154453001939 ], [ -91.025526276349851, 30.381239843806743 ], [ -91.025500175864863, 30.381210012872717 ], [ -91.025269778662917, 30.380925036329064 ], [ -91.025208611980915, 30.380848364228338 ], [ -91.024697537697065, 30.380163170926469 ], [ -91.024454368788369, 30.379877388141537 ], [ -91.024323890081703, 30.379740482851393 ], [ -91.024187712449958, 30.379607813883013 ], [ -91.024046020539572, 30.379479561168996 ], [ -91.023899002140197, 30.379355896530402 ], [ -91.02374685650264, 30.37923698550081 ], [ -91.023589788093417, 30.379122988213691 ], [ -91.023428007640803, 30.379014057600692 ], [ -91.023261731091495, 30.3789103402917 ], [ -91.023091183775605, 30.378811975722414 ], [ -91.022916593126084, 30.378719095215232 ], [ -91.022738194913231, 30.378631824700463 ], [ -91.022556228056729, 30.378550280193569 ], [ -91.02237093773573, 30.378474571411115 ], [ -91.021557224783763, 30.378196677867564 ], [ -91.020263234063421, 30.377778613623196 ], [ -91.020225008765266, 30.377766263538923 ], [ -91.020150241994699, 30.377742106782481 ], [ -91.019907477891891, 30.37764898581845 ], [ -91.019789207795313, 30.377596707377997 ], [ -91.019673224996936, 30.377540710393522 ], [ -91.019559684298855, 30.377481068308374 ], [ -91.0194487394389, 30.377417861780593 ], [ -91.019340537899353, 30.37735117506217 ], [ -91.019235225063397, 30.377281097813015 ], [ -91.019132942133936, 30.377207725095985 ], [ -91.019033827185581, 30.377131153770872 ], [ -91.017155126121835, 30.375690699557861 ], [ -91.01634148671809, 30.375076322996758 ], [ -91.014627828514534, 30.373811023120023 ], [ -91.013981592766683, 30.37329932352079 ], [ -91.013677926371699, 30.373026027826576 ], [ -91.012057767596446, 30.371512557996894 ], [ -91.011775472559506, 30.371238059417841 ], [ -91.011642490208075, 30.371094777123094 ], [ -91.011378603707428, 30.370796505197916 ], [ -91.011121620298923, 30.37052076960271 ], [ -91.010864697479207, 30.370227445364549 ], [ -91.010604851197627, 30.369941652321437 ], [ -91.010521140649615, 30.369844719146986 ], [ -91.010132839316313, 30.369411633712112 ], [ -91.009935109896432, 30.369182520474908 ], [ -91.009740751484955, 30.368973085504528 ], [ -91.006763919886666, 30.365571152695409 ], [ -91.006171137283516, 30.364875938 ], [ -91.006145888855031, 30.364846315388746 ], [ -91.004750264613506, 30.3631901332779 ], [ -91.004420329443789, 30.362809852702654 ], [ -91.004323500348377, 30.362710448861144 ], [ -91.004272140633958, 30.362663007465809 ], [ -91.004218902174273, 30.362617150876329 ], [ -91.004163847197489, 30.362572936077921 ], [ -91.004107045225069, 30.362530416465791 ], [ -91.004048563703535, 30.362489643625622 ], [ -91.003988476326626, 30.362450667354604 ], [ -91.003926854716099, 30.362413534738529 ], [ -91.003863774654334, 30.36237829287365 ], [ -91.003799312981627, 30.362344983446274 ], [ -91.003733549658648, 30.362313648150646 ], [ -91.008536981812028, 30.35911808876935 ], [ -91.007084935415762, 30.358514263276529 ], [ -91.00528833504697, 30.357837702385005 ], [ -91.004943473567806, 30.357621170650976 ], [ -91.004777805407713, 30.357505190221669 ], [ -91.004616917216154, 30.357384255386965 ], [ -91.004461006157115, 30.357258512795575 ], [ -91.004310264166236, 30.357128116300288 ], [ -91.00416487483011, 30.356993226950298 ], [ -91.004025016522078, 30.356854008488185 ], [ -91.003890859263365, 30.356710632754975 ], [ -91.003762568905032, 30.356563273385269 ], [ -91.002980352280076, 30.355580852123882 ], [ -90.992959498713404, 30.342820590110481 ], [ -90.99074818367265, 30.342773803207184 ], [ -90.990610242202706, 30.342785475046796 ], [ -90.990443766698831, 30.34279793149415 ], [ -90.990141765734279, 30.342810895452963 ], [ -90.989855160190388, 30.342843325647937 ], [ -90.989757235329265, 30.342854406006637 ], [ -90.989677928328646, 30.34286983777929 ], [ -90.989497933189199, 30.342895663193918 ], [ -90.989245728502311, 30.342947077151319 ], [ -90.989160884942706, 30.342959229464206 ], [ -90.98908952211238, 30.342969183230075 ], [ -90.988917373931727, 30.343017540408812 ], [ -90.988863406804597, 30.343039053007768 ], [ -90.988818185493571, 30.343052510915559 ], [ -90.988610124573356, 30.343172436604071 ], [ -90.988484618934336, 30.343254425523472 ], [ -90.98827866749771, 30.343451345701933 ], [ -90.988044760374621, 30.343710401857827 ], [ -90.987948155818032, 30.343913793898913 ], [ -90.987931347093394, 30.343961352386664 ], [ -90.987926496305676, 30.343988835954327 ], [ -90.987918026817383, 30.344145371030379 ], [ -90.987923096196894, 30.344283036925116 ], [ -90.987910294852128, 30.344545764913914 ], [ -90.98789076252865, 30.344692818755927 ], [ -90.987834204339251, 30.345003378413772 ], [ -90.987809274538989, 30.345107111531046 ], [ -90.987786844818672, 30.345175621169847 ], [ -90.987724548608128, 30.345312768024645 ], [ -90.987659171686545, 30.34542412815842 ], [ -90.987619338561501, 30.345483140846262 ], [ -90.987484886869225, 30.345629550127427 ], [ -90.987297637119241, 30.345688692738339 ], [ -90.987226255388521, 30.345703456386449 ], [ -90.987016116540559, 30.345735213795784 ], [ -90.986934471683895, 30.345738436784497 ], [ -90.986863149172308, 30.345736187545508 ], [ -90.986783934698934, 30.345724293883784 ], [ -90.986675476739805, 30.345689123946201 ], [ -90.986539355710818, 30.345632055718024 ], [ -90.986390597216996, 30.345562580854693 ], [ -90.986234744390302, 30.345482088687763 ], [ -90.986101876354354, 30.345401484443396 ], [ -90.986037041625508, 30.34535714864052 ], [ -90.985965064407949, 30.34531554274789 ], [ -90.985886720425157, 30.345281482440516 ], [ -90.98584479466372, 30.345258687775125 ], [ -90.985531181945944, 30.344963824140311 ], [ -90.985474271410979, 30.344920024019068 ], [ -90.985419760219244, 30.344870043536009 ], [ -90.985315516134094, 30.344763564728627 ], [ -90.985218513512152, 30.344626171638613 ], [ -90.985148282999091, 30.344538685981117 ], [ -90.985109667581781, 30.34447603024136 ], [ -90.985077413620644, 30.34440737690479 ], [ -90.98498987879394, 30.344282381901877 ], [ -90.984903069853914, 30.344176463823484 ], [ -90.984835967911181, 30.34410101584924 ], [ -90.984684312218448, 30.343954714182811 ], [ -90.984496093519368, 30.343838733077792 ], [ -90.984428837069231, 30.343807449887205 ], [ -90.984194548634207, 30.343720733744128 ], [ -90.983954532232644, 30.343685385210136 ], [ -90.983863390013425, 30.3436853155508 ], [ -90.983657952133441, 30.343733406414117 ], [ -90.983119072822532, 30.343944043883777 ], [ -90.982822206694451, 30.344072832696725 ], [ -90.982634127574926, 30.344142449016104 ], [ -90.982335775287325, 30.344242876826879 ], [ -90.982129535687804, 30.344293025400518 ], [ -90.981947005884834, 30.344361968085682 ], [ -90.981798647513841, 30.344404880008341 ], [ -90.98175185716984, 30.344413348077392 ], [ -90.981575842390711, 30.344432814334624 ], [ -90.981323005762448, 30.344436609052103 ], [ -90.981054505284334, 30.344387602635663 ], [ -90.980848594471723, 30.344344777934008 ], [ -90.980580186576404, 30.344269821660507 ], [ -90.980459856501554, 30.344231177865652 ], [ -90.980219167328258, 30.344162137841934 ], [ -90.980013224352604, 30.34412859173348 ], [ -90.979717026847752, 30.344068166311331 ], [ -90.979286913384811, 30.344001023357887 ], [ -90.978870163932001, 30.343964676745998 ], [ -90.978527131213696, 30.343925604884703 ], [ -90.978194341570628, 30.343903401124308 ], [ -90.978081005035193, 30.343904127522521 ], [ -90.977811602559342, 30.343886561371253 ], [ -90.977664980091447, 30.343887025532496 ], [ -90.977460450095762, 30.343901941397394 ], [ -90.977322481491214, 30.343920301958793 ], [ -90.977193995578332, 30.343946420810514 ], [ -90.977020254841932, 30.343994758201692 ], [ -90.976949602484666, 30.344027047135874 ], [ -90.976824128680775, 30.344097167764591 ], [ -90.976582588623288, 30.34426596143155 ], [ -90.976427345295548, 30.344459906741406 ], [ -90.976391487734105, 30.344513598964941 ], [ -90.976323672241463, 30.34463852368258 ], [ -90.976301253227007, 30.344701876784047 ], [ -90.97627633307556, 30.344799592534745 ], [ -90.976268630305867, 30.34495819117129 ], [ -90.976254585903604, 30.345117115462173 ], [ -90.976234202920622, 30.345275507509001 ], [ -90.976205898082085, 30.345432847023485 ], [ -90.976172844024774, 30.34558845517147 ], [ -90.976133456859344, 30.345741983964295 ], [ -90.976067836857453, 30.34591726739967 ], [ -90.975993593060082, 30.346066233736419 ], [ -90.975929011122304, 30.346173122091063 ], [ -90.975832626646067, 30.346307765207111 ], [ -90.97575620733501, 30.346400358215703 ], [ -90.975587561032725, 30.346573299384168 ], [ -90.975340498982064, 30.346732624360854 ], [ -90.975228527592847, 30.346793500042946 ], [ -90.975080931712213, 30.346842936836179 ], [ -90.97500159198772, 30.346865921174484 ], [ -90.97476839615824, 30.346915985134185 ], [ -90.974516237556102, 30.34694967084036 ], [ -90.974320416481106, 30.346965292908791 ], [ -90.974170605544828, 30.346969525272517 ], [ -90.974049346697939, 30.346968336768811 ], [ -90.973808458900137, 30.346953589653104 ], [ -90.973570002981688, 30.346923897188837 ], [ -90.973343476703462, 30.34688289550267 ], [ -90.973203298011953, 30.346853642423014 ], [ -90.972904790516125, 30.346773433012658 ], [ -90.972752011582173, 30.346721975781733 ], [ -90.972387121486037, 30.346588826041774 ], [ -90.972174228577714, 30.346504208401239 ], [ -90.971899638427203, 30.346385911047236 ], [ -90.971458681599756, 30.346248082466975 ], [ -90.971027945263728, 30.346133307639725 ], [ -90.970795936015946, 30.346075272779135 ], [ -90.970446720644333, 30.345991825303763 ], [ -90.970185387589282, 30.345933708819796 ], [ -90.970049994124736, 30.345896904065501 ], [ -90.969641393282075, 30.345798340512495 ], [ -90.969275460099482, 30.345735637496812 ], [ -90.968940242810817, 30.34572594937358 ], [ -90.968624775057989, 30.345733842878211 ], [ -90.968320175761079, 30.345803633125879 ], [ -90.968096523798593, 30.345844430806117 ], [ -90.967638887038817, 30.345933902504701 ], [ -90.967394553438382, 30.34599492113632 ], [ -90.966845131532182, 30.346257705904076 ], [ -90.966315617770903, 30.346494249944723 ], [ -90.965633832111351, 30.346756834192515 ], [ -90.965237030242633, 30.346896647514026 ], [ -90.96488081102585, 30.346992578832591 ], [ -90.96457567475187, 30.346991727513188 ], [ -90.964332358298137, 30.346991048163858 ], [ -90.964048090444791, 30.346919794777296 ], [ -90.963804603969407, 30.346751730573338 ], [ -90.963622178562503, 30.346574900514167 ], [ -90.963430571245823, 30.346309884179423 ], [ -90.963359765766128, 30.346168767626633 ], [ -90.963269409631096, 30.345956965718365 ], [ -90.963040234513628, 30.345565017050856 ], [ -90.962925761773676, 30.345444743734987 ], [ -90.962743142963689, 30.345320842148311 ], [ -90.962530243027174, 30.345241021637523 ], [ -90.962286105606552, 30.345249100184965 ], [ -90.96205220514139, 30.345274908218855 ], [ -90.961807671867362, 30.345388846272151 ], [ -90.961421041397301, 30.345563905914791 ], [ -90.961186842673868, 30.345669107022982 ], [ -90.960942572088399, 30.345712412746508 ], [ -90.960688823528841, 30.345746927304443 ], [ -90.960475825045876, 30.345693567458319 ], [ -90.960282773441222, 30.345604863060736 ], [ -90.960028994061759, 30.345436590447843 ], [ -90.959735686983066, 30.345241912717665 ], [ -90.95947147318148, 30.34510901184705 ], [ -90.95940497944045, 30.345087514061724 ], [ -90.959279116552992, 30.345046772182322 ], [ -90.959065228765283, 30.345019701281846 ], [ -90.958770994760272, 30.34507179773146 ], [ -90.958455228800645, 30.345159062469701 ], [ -90.958157590332206, 30.345273014485532 ], [ -90.958100436698899, 30.345296739098686 ], [ -90.957612950722776, 30.345523228926723 ], [ -90.957386691773237, 30.3456236340445 ], [ -90.957029009370515, 30.345686544556223 ], [ -90.956830992670533, 30.345654015997436 ], [ -90.956800115086452, 30.345645507720519 ], [ -90.956631534949494, 30.345583504271719 ], [ -90.955986028161931, 30.345261845799591 ], [ -90.955762139966893, 30.345155174121377 ], [ -90.955592657074064, 30.345122552938374 ], [ -90.95544455540049, 30.34509463314167 ], [ -90.955270195191261, 30.345094134306049 ], [ -90.955068696763135, 30.345143910531878 ], [ -90.954848890361532, 30.345214427603345 ], [ -90.954491450117558, 30.345421687339137 ], [ -90.953975906413618, 30.345729197284033 ], [ -90.953876620306332, 30.345785794600953 ], [ -90.953582850140464, 30.345922604141744 ], [ -90.953559638323043, 30.345926620362992 ], [ -90.953325175151392, 30.345946781277394 ], [ -90.953241973499189, 30.345942246097898 ], [ -90.953081133216727, 30.345929237652125 ], [ -90.953041527923858, 30.345923280700319 ], [ -90.952941782670862, 30.345892576261146 ], [ -90.952788246565476, 30.34583490706072 ], [ -90.952658509568622, 30.345771464202482 ], [ -90.952611059822203, 30.345744346314223 ], [ -90.952438751866453, 30.345621663584122 ], [ -90.951882068228315, 30.345082161746671 ], [ -90.951656044136726, 30.344913781716475 ], [ -90.951605447994737, 30.344880640010967 ], [ -90.951197212563031, 30.34469282889733 ], [ -90.951034232930766, 30.344618461152585 ], [ -90.950817798056988, 30.344636222362627 ], [ -90.950494228828177, 30.344690277675806 ], [ -90.95028304079861, 30.344786074791038 ], [ -90.950054186413254, 30.344941452405823 ], [ -90.949783835718222, 30.345170089378406 ], [ -90.949555896973195, 30.345293160660926 ], [ -90.949370174541357, 30.345361534010479 ], [ -90.949111011217028, 30.345360780560586 ], [ -90.948921012308901, 30.345305235325359 ], [ -90.948731262999573, 30.345185245706023 ], [ -90.948650049715539, 30.345076742691614 ], [ -90.948634270634088, 30.345058136762798 ], [ -90.948609053517799, 30.345020771964002 ], [ -90.948585434153188, 30.344980146179502 ], [ -90.948561097445534, 30.344920098607219 ], [ -90.948535222250356, 30.344848017830842 ], [ -90.948526952726951, 30.344732165690111 ], [ -90.948526532794403, 30.344635927504928 ], [ -90.94853245386436, 30.344539535483737 ], [ -90.948548005172754, 30.344412239099228 ], [ -90.948566594206667, 30.344319149600054 ], [ -90.948587486313755, 30.344245314197753 ], [ -90.948600300661568, 30.344210808865011 ], [ -90.948746232542888, 30.343774558916579 ], [ -90.948814244328346, 30.343402869664072 ], [ -90.948815461036645, 30.343088384447796 ], [ -90.948733812624837, 30.342887938994192 ], [ -90.948519570324208, 30.342749662287957 ], [ -90.948403218531027, 30.342710656222899 ], [ -90.948128249545164, 30.342700059669276 ], [ -90.94792598785908, 30.34274260412484 ], [ -90.947612551345955, 30.342841707125643 ], [ -90.947199658830471, 30.343040708783626 ], [ -90.946721262648367, 30.343168026226124 ], [ -90.946300695303009, 30.343301870328478 ], [ -90.945882202955048, 30.343309752265576 ], [ -90.945522184979993, 30.343159012576027 ], [ -90.945401922206713, 30.343106932554306 ], [ -90.945090659748047, 30.342648548675967 ], [ -90.944845739117383, 30.342047206061363 ], [ -90.944617240493116, 30.341503138338446 ], [ -90.944288896551868, 30.341158984058847 ], [ -90.943981472712892, 30.340937420543362 ], [ -90.94341570676481, 30.340913238865877 ], [ -90.942541458337374, 30.341139391003061 ], [ -90.941865161844035, 30.341208879129393 ], [ -90.9415356442464, 30.34116511071835 ], [ -90.940844341600311, 30.340819870888474 ], [ -90.940268693695188, 30.340489234814839 ], [ -90.939741731798222, 30.340273194657865 ], [ -90.939181542748983, 30.340242824773672 ], [ -90.93867014828389, 30.340298525175037 ], [ -90.938141542068763, 30.340497152039209 ], [ -90.93766240629202, 30.340810379257608 ], [ -90.936984511861198, 30.34128025263362 ], [ -90.936306782642049, 30.3417071600126 ], [ -90.935861664765383, 30.341834538202605 ], [ -90.935399797651556, 30.341790184836356 ], [ -90.934874793973023, 30.341679648306371 ], [ -90.934119433845595, 30.341502422648841 ], [ -90.933948408946321, 30.341462379787821 ], [ -90.933536443926741, 30.341425388526854 ], [ -90.93312411938139, 30.341477757899973 ], [ -90.932793712034581, 30.341655482581626 ], [ -90.93223498391302, 30.342243583221737 ], [ -90.931903777680944, 30.342618074105406 ], [ -90.9314496578004, 30.342813292024218 ], [ -90.931017082400388, 30.342776230236097 ], [ -90.930749932103581, 30.342596690450865 ], [ -90.930482860252241, 30.34220250685949 ], [ -90.930381113585852, 30.341886161317529 ], [ -90.930320696953558, 30.341540726022458 ], [ -90.930177546220037, 30.341272200200535 ], [ -90.92986926400728, 30.341074489014876 ], [ -90.929477762219676, 30.341073292788703 ], [ -90.929127035044417, 30.34117945579586 ], [ -90.928837177039284, 30.341518319511838 ], [ -90.928629643962509, 30.341880807551473 ], [ -90.928359683379384, 30.342392614160261 ], [ -90.928164057060414, 30.342749638635137 ], [ -90.928117028214231, 30.342815656929531 ], [ -90.927986303046509, 30.342999309742456 ], [ -90.927511057093966, 30.343319557488027 ], [ -90.927036319518805, 30.34351469690322 ], [ -90.926417924160674, 30.343566411451693 ], [ -90.9257584629798, 30.34358225123195 ], [ -90.925346345489288, 30.343580979191941 ], [ -90.924521742964814, 30.343667793100391 ], [ -90.9241080231171, 30.343863110797297 ], [ -90.923797902399116, 30.344112537562506 ], [ -90.923342948766916, 30.344504323555519 ], [ -90.922991465021809, 30.344789193814503 ], [ -90.92259891462146, 30.345038190275943 ], [ -90.922020757576149, 30.345322525330541 ], [ -90.921360395025019, 30.345552811461303 ], [ -90.920658890969349, 30.345765093196661 ], [ -90.920122532090417, 30.345906397466134 ], [ -90.919875181503627, 30.345923496204307 ], [ -90.919525245524596, 30.345833037674236 ], [ -90.919134246516577, 30.345706704302817 ], [ -90.918825897263289, 30.345527011329573 ], [ -90.918477008801929, 30.34518616470022 ], [ -90.918169110302458, 30.344899236012886 ], [ -90.917984401932728, 30.344719929501736 ], [ -90.91761494222898, 30.344182589564376 ], [ -90.917266960473697, 30.343627272147994 ], [ -90.917104808001582, 30.342983347703335 ], [ -90.917127025593089, 30.34240925981516 ], [ -90.91734751006949, 30.341992353908953 ], [ -90.917453528708421, 30.341846098385432 ], [ -90.91749413558945, 30.341801200981998 ], [ -90.917556616224459, 30.341707528548447 ], [ -90.917580268974291, 30.341672067056784 ], [ -90.917657001172316, 30.341516782887265 ], [ -90.917695241226028, 30.341279747407338 ], [ -90.917634507512517, 30.341020747150477 ], [ -90.917511120456837, 30.340772375885866 ], [ -90.917300196910176, 30.340609999488894 ], [ -90.916990030533597, 30.340490272134161 ], [ -90.916605187590349, 30.340413616129691 ], [ -90.91610823954079, 30.340422873840577 ], [ -90.915597682965043, 30.340464395744959 ], [ -90.914963494586473, 30.340505523310007 ], [ -90.91463990549282, 30.340539565904212 ], [ -90.914267353743611, 30.340578760419231 ], [ -90.913632526936354, 30.340770765696963 ], [ -90.913159779957923, 30.340866359848601 ], [ -90.912848978701277, 30.340897679173221 ], [ -90.912587677477376, 30.340843057084133 ], [ -90.912352011309025, 30.340723728383935 ], [ -90.912117031766968, 30.34044251677496 ], [ -90.911672344199417, 30.33990199856391 ], [ -90.911374714927462, 30.339631411817106 ], [ -90.911077329283572, 30.339490402575993 ], [ -90.910778648597784, 30.339467794195826 ], [ -90.910467804904016, 30.339509934016668 ], [ -90.910081914784612, 30.339681237807962 ], [ -90.909968929134124, 30.339782451664711 ], [ -90.90978199244654, 30.339949913023947 ], [ -90.909482447667315, 30.340315512450321 ], [ -90.909120199964121, 30.340702564108767 ], [ -90.908658092762479, 30.341089292876291 ], [ -90.908197797810359, 30.341422065183103 ], [ -90.907486805448684, 30.341814347630944 ], [ -90.907187406079231, 30.341957909340543 ], [ -90.906851892758965, 30.342021443036678 ], [ -90.906528544306994, 30.342020398808401 ], [ -90.906168363958571, 30.341922310139207 ], [ -90.905969923987016, 30.341809449409659 ], [ -90.905846267963312, 30.341630150877457 ], [ -90.905389254546023, 30.341013956776909 ], [ -90.905129679553596, 30.340743479257689 ], [ -90.904881435023043, 30.340602615362705 ], [ -90.904558277293816, 30.340558431578778 ], [ -90.904259128976193, 30.340643730093344 ], [ -90.904022169805714, 30.340826154638446 ], [ -90.903860078158388, 30.341106090456869 ], [ -90.90368437391119, 30.341418118583245 ], [ -90.903533720741066, 30.341801546121161 ], [ -90.903395337087431, 30.342096509115638 ], [ -90.903157765176928, 30.342419333651304 ], [ -90.902895717186539, 30.342720423734193 ], [ -90.902658843644446, 30.342881364985818 ], [ -90.902347193304834, 30.342923483078884 ], [ -90.902049390030285, 30.342879376817876 ], [ -90.901701939181109, 30.342770319012988 ], [ -90.901279292538675, 30.342639532434493 ], [ -90.900931983182645, 30.342498337169456 ], [ -90.900497028008573, 30.342464604659352 ], [ -90.900139921036299, 30.34257152869526 ], [ -90.899876770856025, 30.342759702842333 ], [ -90.899646713130679, 30.342992151525678 ], [ -90.899474749090203, 30.343169797033294 ], [ -90.899437333640478, 30.343207825310188 ], [ -90.899278732306456, 30.343410605741163 ], [ -90.898971907839993, 30.343617194579679 ], [ -90.898609779046197, 30.343783731060395 ], [ -90.898448644130511, 30.343840427016978 ], [ -90.898198553197858, 30.343940652534776 ], [ -90.89815261546579, 30.343933799447012 ], [ -90.897672866184294, 30.343992710203182 ], [ -90.896903130347383, 30.344212373884556 ], [ -90.896439626608938, 30.344721929790662 ], [ -90.896052702465951, 30.345298244672474 ], [ -90.895564415085488, 30.345674358247184 ], [ -90.894948317971739, 30.34591686024989 ], [ -90.894333992665665, 30.345936989740974 ], [ -90.893693807862974, 30.345890350865023 ], [ -90.893054115458611, 30.345732695055776 ], [ -90.892414425087765, 30.345575035240746 ], [ -90.891978523318414, 30.3455735797614 ], [ -90.892564824648034, 30.346153303408791 ], [ -90.894377846890151, 30.347492395328146 ], [ -90.895323501013834, 30.348006621271015 ], [ -90.896193849359108, 30.34816502930321 ], [ -90.897091037989313, 30.348167994751268 ], [ -90.897603525367813, 30.348058498235883 ], [ -90.898183574013061, 30.347904883592925 ], [ -90.899039919027686, 30.347641159522823 ], [ -90.899526845199134, 30.347576080701234 ], [ -90.900012995974933, 30.347688692354236 ], [ -90.900241502021004, 30.348178359616103 ], [ -90.90024736923877, 30.34870135502883 ], [ -90.900055600897673, 30.349733008777633 ], [ -90.900052468361807, 30.350451511069863 ], [ -90.900201711807696, 30.35148878125085 ], [ -90.900478632034549, 30.352511690977494 ], [ -90.900962410293957, 30.353357581476384 ], [ -90.901293278494904, 30.35382524126813 ], [ -90.901291442825183, 30.354247474083628 ], [ -90.901417047713934, 30.354752418283766 ], [ -90.901646038600958, 30.35509294007915 ], [ -90.902003555139473, 30.355449496551358 ], [ -90.902437840392636, 30.355650948660088 ], [ -90.903001399839098, 30.355652785310188 ], [ -90.903795998483417, 30.355566523176282 ], [ -90.904334960450512, 30.355390579751848 ], [ -90.905027498839701, 30.355259469726008 ], [ -90.906462890412072, 30.35525746089786 ], [ -90.907124725057258, 30.355385226713437 ], [ -90.907281156324842, 30.355400112615353 ], [ -90.907792749988033, 30.355690471696334 ], [ -90.908135039532212, 30.356091643773372 ], [ -90.908376922907166, 30.356803371656596 ], [ -90.908374642537865, 30.357336618699239 ], [ -90.908128384949265, 30.357646877428905 ], [ -90.907501528666117, 30.357800384635105 ], [ -90.907067223754581, 30.357598949282778 ], [ -90.906607240091219, 30.3572864135697 ], [ -90.905659239740629, 30.357283348563744 ], [ -90.904608700917933, 30.357346622431596 ], [ -90.903710660973871, 30.357521399877967 ], [ -90.903068472223353, 30.357919380280688 ], [ -90.902886735983571, 30.358518549606234 ], [ -90.902884121650359, 30.359122082962855 ], [ -90.902970749067279, 30.359367604625547 ], [ -90.90308693393365, 30.359696898251993 ], [ -90.903494241569263, 30.360275816444538 ], [ -90.904388157429011, 30.3608786535669 ], [ -90.905539485228559, 30.361348962500042 ], [ -90.906460697989175, 30.361507466580221 ], [ -90.907485723254197, 30.361488605605423 ], [ -90.908112107915613, 30.361450753328736 ], [ -90.908378567484831, 30.361423426936469 ], [ -90.908867880369414, 30.361185095404615 ], [ -90.909243227335566, 30.360903948635016 ], [ -90.909537961049935, 30.36056600366485 ], [ -90.909849087297701, 30.360101112942502 ], [ -90.910240832584137, 30.359876555345654 ], [ -90.910697754870796, 30.359609757354839 ], [ -90.911414906173562, 30.35928742265185 ], [ -90.912311194290865, 30.359152456828763 ], [ -90.912947082773343, 30.358925231849263 ], [ -90.913648189509715, 30.358645280774571 ], [ -90.914184815922781, 30.358646984121989 ], [ -90.914623609028538, 30.358916463286242 ], [ -90.914816818238762, 30.359340688270976 ], [ -90.914933777079483, 30.359667421750171 ], [ -90.914993879224454, 30.359835321698796 ], [ -90.915203738517448, 30.360259427317445 ], [ -90.915689113893393, 30.360952662884291 ], [ -90.916386851902317, 30.361477122462738 ], [ -90.917101065765067, 30.362044076933291 ], [ -90.917505938997238, 30.362468792747194 ], [ -90.917765079062619, 30.362864865449851 ], [ -90.91776425255911, 30.363062491571171 ], [ -90.917763426052304, 30.363260117682174 ], [ -90.917696181286388, 30.363796425121198 ], [ -90.917790317963281, 30.364601327592659 ], [ -90.918307466980181, 30.365478189352554 ], [ -90.918566441624918, 30.365916534942762 ], [ -90.918809065473241, 30.366284369807197 ], [ -90.919149395663794, 30.366390572716675 ], [ -90.919215198756262, 30.366412641449802 ], [ -90.919621979197444, 30.366385732055523 ], [ -90.920192704673838, 30.366203980862064 ], [ -90.920454387296516, 30.36599307842183 ], [ -90.921188668230243, 30.365557838183019 ], [ -90.922281655035533, 30.36502472399108 ], [ -90.923162570519096, 30.364589928771544 ], [ -90.923602658783793, 30.364365309612527 ], [ -90.923896422770582, 30.364253314522074 ], [ -90.924287223120515, 30.364254524826897 ], [ -90.924596317568714, 30.364269573049924 ], [ -90.925083749365498, 30.364482971641269 ], [ -90.925473855834895, 30.364653449924155 ], [ -90.926026814352824, 30.364739877545492 ], [ -90.926482733637016, 30.364713098499969 ], [ -90.927150823944316, 30.364559800536778 ], [ -90.927722561959101, 30.364124024218711 ], [ -90.928078337347074, 30.363772133923913 ], [ -90.928362287879466, 30.362954306349653 ], [ -90.928560911821634, 30.362065586328175 ], [ -90.928872125838637, 30.361558375267364 ], [ -90.929198835197596, 30.361333391183859 ], [ -90.929638263565792, 30.361264275476032 ], [ -90.930143025868546, 30.361308091980089 ], [ -90.930549324803266, 30.361394053215346 ], [ -90.930613629244391, 30.361761323067181 ], [ -90.930612256497469, 30.362100037732876 ], [ -90.93054463260161, 30.36255162750254 ], [ -90.930380014349993, 30.363073381250796 ], [ -90.930395344464912, 30.363398054051071 ], [ -90.930539711802382, 30.36376556785477 ], [ -90.930783061165883, 30.363963938004183 ], [ -90.931026411500966, 30.364162307695093 ], [ -90.931691238182225, 30.36481375516663 ], [ -90.931966916974545, 30.365252125164918 ], [ -90.932208791007554, 30.365817561554064 ], [ -90.93241839457491, 30.366326360132039 ], [ -90.932823919413167, 30.36660994118845 ], [ -90.933214331238176, 30.366709937650938 ], [ -90.933621449911911, 30.366598264198309 ], [ -90.933753099687962, 30.366386942141418 ], [ -90.933770486733096, 30.366005829575411 ], [ -90.93377253012693, 30.365497672340314 ], [ -90.933790880322121, 30.365074115878986 ], [ -90.933807926348592, 30.364777724186578 ], [ -90.933898239216035, 30.364594546153285 ], [ -90.933988551746921, 30.364411368951529 ], [ -90.934348269459079, 30.364059473780955 ], [ -90.934853840389849, 30.363708017516419 ], [ -90.93548946633662, 30.363540659134038 ], [ -90.936271061718514, 30.363543010017541 ], [ -90.936888630098892, 30.36372840106338 ], [ -90.937262393048229, 30.36402596516697 ], [ -90.937813335634345, 30.364620500955592 ], [ -90.937996084797405, 30.364812918196762 ], [ -90.938134889354046, 30.365123202599122 ], [ -90.938117256975872, 30.365362571026075 ], [ -90.938059105911464, 30.365609378775194 ], [ -90.937905613806564, 30.365933545314821 ], [ -90.937611810178169, 30.366257292449259 ], [ -90.937007939051952, 30.36660846425622 ], [ -90.93593013492098, 30.36732510982101 ], [ -90.935579270498167, 30.367542905469747 ], [ -90.935228406610634, 30.367760701984796 ], [ -90.934021248500812, 30.368505125604553 ], [ -90.933367917114367, 30.36892676227734 ], [ -90.932617240851116, 30.36950310896469 ], [ -90.932142772578658, 30.369995740524988 ], [ -90.931831890490201, 30.370418407776757 ], [ -90.931650903712082, 30.370869481252249 ], [ -90.931600040372857, 30.371292938865334 ], [ -90.931696687284571, 30.371702580758726 ], [ -90.931840843732644, 30.372126458628493 ], [ -90.932132911580993, 30.372437879149928 ], [ -90.932239570823839, 30.372487626408748 ], [ -90.932604487484042, 30.372665293876068 ], [ -90.933173238614387, 30.372779922630063 ], [ -90.934036504966869, 30.372796625522724 ], [ -90.934557183140754, 30.372840472936879 ], [ -90.934744078006105, 30.37289044401469 ], [ -90.934930973059451, 30.372940414827504 ], [ -90.936003708344074, 30.373508345175509 ], [ -90.936556500202286, 30.373651094811624 ], [ -90.936784027933655, 30.373750677910198 ], [ -90.937011556121107, 30.373850260614468 ], [ -90.937711464553132, 30.373880541206091 ], [ -90.938362389363149, 30.373868396489456 ], [ -90.939014387102986, 30.373785620780534 ], [ -90.939729927212554, 30.373872476571748 ], [ -90.940315967331998, 30.374029401203096 ], [ -90.940803537117077, 30.374228478288881 ], [ -90.941404031026948, 30.374540794674591 ], [ -90.942004542432926, 30.375050907691396 ], [ -90.942377919025319, 30.375461360355562 ], [ -90.942538664267673, 30.37591345850732 ], [ -90.942764141880275, 30.376436550055683 ], [ -90.943153050089407, 30.376931767996243 ], [ -90.943577008967566, 30.377257067280397 ], [ -90.94373533753911, 30.377383551334727 ], [ -90.944728498131013, 30.377910457161313 ], [ -90.945426453482852, 30.378448852582014 ], [ -90.945718416893911, 30.378802689513545 ], [ -90.945798315236985, 30.379254546097481 ], [ -90.945796443007495, 30.379734517651759 ], [ -90.945779556989621, 30.379896780372494 ], [ -90.945762670913069, 30.380059043986115 ], [ -90.945516276468112, 30.380623020701691 ], [ -90.945221550599399, 30.380975135650917 ], [ -90.944634763994088, 30.381199222223227 ], [ -90.944275351737261, 30.3814663356243 ], [ -90.943915939621618, 30.381733449839075 ], [ -90.943751691362337, 30.382170668334776 ], [ -90.944009973039712, 30.382623222699916 ], [ -90.944367178597446, 30.382920716164008 ], [ -90.944723986763805, 30.383034132211574 ], [ -90.944984827456537, 30.383120159953048 ], [ -90.945532415444035, 30.383355666007276 ], [ -90.945793786327599, 30.383467279947244 ], [ -90.946236750430998, 30.383730806669984 ], [ -90.946316026925217, 30.384140385417048 ], [ -90.946152116109587, 30.384492712816321 ], [ -90.945726965901301, 30.384943260570044 ], [ -90.945154856014881, 30.385463832933173 ], [ -90.944925481371968, 30.385929044540266 ], [ -90.944743863001207, 30.38654957606682 ], [ -90.944447901219419, 30.387212217321487 ], [ -90.944054907975271, 30.387747575526372 ], [ -90.943451445359628, 30.388169234686526 ], [ -90.94296136133886, 30.388591225964898 ], [ -90.942698722947512, 30.389042243441018 ], [ -90.942696780145297, 30.38953630519676 ], [ -90.9428568281932, 30.390171934578692 ], [ -90.943148096019712, 30.390709309373548 ], [ -90.943634535159305, 30.39121890426437 ], [ -90.944396712622549, 30.391983474022307 ], [ -90.945647344465797, 30.392749472731776 ], [ -90.946907165746254, 30.393402488667427 ], [ -90.94816698689165, 30.394055505060198 ], [ -90.948881807078024, 30.394368118466591 ], [ -90.949402440814993, 30.394454353022063 ], [ -90.949599660570726, 30.394101946931208 ], [ -90.949813064048172, 30.393665037529999 ], [ -90.950206212717191, 30.393087388559803 ], [ -90.950402796944402, 30.392692704330891 ], [ -90.950745418416048, 30.392467714793344 ], [ -90.951023234964865, 30.392186341684631 ], [ -90.951203412015644, 30.391932696762574 ], [ -90.951383590224012, 30.391679052485447 ], [ -90.951596572821103, 30.391347997179125 ], [ -90.951809556072817, 30.391016943309964 ], [ -90.952283973158458, 30.39053833543851 ], [ -90.95250412311735, 30.390404841516048 ], [ -90.952724272484474, 30.39027134722209 ], [ -90.953148602834659, 30.390032666334022 ], [ -90.953719456650788, 30.389836679985375 ], [ -90.954126755285444, 30.389696588721943 ], [ -90.954844130143158, 30.389543464201452 ], [ -90.955105001499788, 30.389438265870634 ], [ -90.955365872303972, 30.389333067021958 ], [ -90.955904315993422, 30.389108795196023 ], [ -90.956409777083678, 30.388799704777867 ], [ -90.956850689646004, 30.388575150913585 ], [ -90.957290273254372, 30.388491680834818 ], [ -90.957795506354614, 30.38845066995604 ], [ -90.958202260137412, 30.388451825007756 ], [ -90.958641918967345, 30.388453071189531 ], [ -90.959081577801484, 30.388454317712974 ], [ -90.95965172046256, 30.388441839163857 ], [ -90.959831205850364, 30.388364756124535 ], [ -90.960010690956253, 30.388287673741967 ], [ -90.96038567748775, 30.388091105210322 ], [ -90.960907399641144, 30.387880857471014 ], [ -90.96126599672057, 30.387825328400673 ], [ -90.961420451184949, 30.387868123821292 ], [ -90.961574905779059, 30.387910919963126 ], [ -90.961785656957872, 30.388165506396327 ], [ -90.962060845137415, 30.388575796981701 ], [ -90.962400421712857, 30.38915536859642 ], [ -90.962886477781097, 30.389792059316363 ], [ -90.963113648418528, 30.390004414500829 ], [ -90.963340820027184, 30.390216769282549 ], [ -90.963795900676971, 30.390444025000715 ], [ -90.964349881950312, 30.390516030960701 ], [ -90.964602184248363, 30.390474373448011 ], [ -90.964854486331546, 30.390432716355367 ], [ -90.96526282567136, 30.390222135416941 ], [ -90.965752614425, 30.389856427726244 ], [ -90.96624271200686, 30.389406169050325 ], [ -90.966782329971693, 30.388857060473477 ], [ -90.967173475408742, 30.388575796140508 ], [ -90.967344818294322, 30.388555132739068 ], [ -90.967516161105351, 30.388534470017348 ], [ -90.967808583164427, 30.388577554032334 ], [ -90.967937956798622, 30.388973165873523 ], [ -90.967936502978134, 30.38936841593878 ], [ -90.967722148658382, 30.390087872916137 ], [ -90.967475906545289, 30.390637625216193 ], [ -90.967375453498832, 30.391216136324434 ], [ -90.967480033893935, 30.391562272725299 ], [ -90.967584615014474, 30.391908409912869 ], [ -90.96792549465485, 30.392361144496615 ], [ -90.96834789829667, 30.392531668496698 ], [ -90.968770301300879, 30.392702192937442 ], [ -90.969795314978782, 30.392987364168366 ], [ -90.970079599417957, 30.393199949901913 ], [ -90.970174148079181, 30.393270652620682 ], [ -90.970363882989432, 30.393412535908094 ], [ -90.970552376459821, 30.393691620776693 ], [ -90.971227970408052, 30.394777327555047 ], [ -90.971712309436683, 30.396344371858586 ], [ -90.97203591366312, 30.397747101600061 ], [ -90.972103404008664, 30.398043827358816 ], [ -90.972203713248717, 30.398719142037429 ], [ -90.972372799660533, 30.399849150448542 ], [ -90.972368749173015, 30.400963752351959 ], [ -90.972089023458651, 30.401998035239391 ], [ -90.971843251902882, 30.402634923056254 ], [ -90.971682789231593, 30.402927658467629 ], [ -90.971522327695865, 30.403220393666324 ], [ -90.971341310468702, 30.403712932190992 ], [ -90.971155917811032, 30.403990991009994 ], [ -90.970970526193497, 30.404269050455483 ], [ -90.970568184411306, 30.404779197819053 ], [ -90.970276485092668, 30.405038934329781 ], [ -90.970077022993394, 30.405179717405886 ], [ -90.969849086105143, 30.405286911815793 ], [ -90.96945164930753, 30.405286717834084 ], [ -90.969179987521272, 30.405255618850447 ], [ -90.968619022824072, 30.404965618038545 ], [ -90.968219552432515, 30.404690588261232 ], [ -90.966242396318563, 30.403653331957948 ], [ -90.965222585379109, 30.403221217469842 ], [ -90.964580504707783, 30.402936392273514 ], [ -90.96402287233002, 30.40276126813044 ], [ -90.963233309777962, 30.402686024607998 ], [ -90.962527466348178, 30.402702262589457 ], [ -90.961926682564581, 30.402828431671836 ], [ -90.961472398542114, 30.403009829581077 ], [ -90.96108176510316, 30.403346585249075 ], [ -90.960733158758444, 30.403683458201229 ], [ -90.960437094314415, 30.40396583046568 ], [ -90.960024146377961, 30.404329844424879 ], [ -90.959465036162115, 30.404547371301955 ], [ -90.958948228337391, 30.404692152578868 ], [ -90.958568682047385, 30.404818760442154 ], [ -90.958210373147352, 30.404991311587956 ], [ -90.957885369313061, 30.405373955698284 ], [ -90.957701556847866, 30.405747892697001 ], [ -90.9577524471038, 30.406131431649065 ], [ -90.957881261906863, 30.406460544844062 ], [ -90.958203233730941, 30.406881628793236 ], [ -90.958989521954834, 30.407833494030822 ], [ -90.959188131442403, 30.408162803392464 ], [ -90.959754965374216, 30.408849223118864 ], [ -90.960322213879465, 30.409216175174965 ], [ -90.960942842004513, 30.409519176013376 ], [ -90.961563028786401, 30.409941091029065 ], [ -90.961845271932191, 30.410389378283522 ], [ -90.96198076604712, 30.410846188877255 ], [ -90.961916125015605, 30.411165645688495 ], [ -90.961787976151484, 30.411713311181956 ], [ -90.96181768401442, 30.412252139435626 ], [ -90.962005319265074, 30.412763916399779 ], [ -90.962456500629784, 30.41321267635006 ], [ -90.962961606484782, 30.413451586933345 ], [ -90.963372020406212, 30.413562203061588 ], [ -90.964141116807653, 30.41361917310191 ], [ -90.964930461623737, 30.413776725984675 ], [ -90.965488056250379, 30.413979168934397 ], [ -90.965908278723276, 30.414226768099404 ], [ -90.966012274800107, 30.414628838673874 ], [ -90.965916273905549, 30.415066957632977 ], [ -90.965620190901262, 30.415349168315782 ], [ -90.965366140380851, 30.41563166760719 ], [ -90.964953819346064, 30.416032300862586 ], [ -90.964520216786198, 30.41639627018958 ], [ -90.96420384395185, 30.416587170010189 ], [ -90.963922622116897, 30.416640218641412 ], [ -90.963731353834049, 30.41675378415724 ], [ -90.963667098723931, 30.416855395550844 ], [ -90.963731353405976, 30.417025743804398 ], [ -90.963974922017073, 30.417193104692878 ], [ -90.964339528330839, 30.417342532935482 ], [ -90.964754939451154, 30.417357475590382 ], [ -90.965283917060447, 30.417378395550603 ], [ -90.965864812276664, 30.417614637895451 ], [ -90.966505962277438, 30.417963379482643 ], [ -90.966989081494987, 30.418366500170357 ], [ -90.967639864690511, 30.419117044831797 ], [ -90.968079983693954, 30.419784859993324 ], [ -90.968383867169578, 30.420187480075409 ], [ -90.968857062221275, 30.420490206946017 ], [ -90.969267243416454, 30.420674012010338 ], [ -90.969656412554372, 30.42074811800958 ], [ -90.970046709861052, 30.420730803676726 ], [ -90.970521113606011, 30.420704782006197 ], [ -90.970921094583872, 30.420641951468969 ], [ -90.971848419178485, 30.420608058221557 ], [ -90.972302100649543, 30.420609297804184 ], [ -90.972723097638863, 30.420655986885354 ], [ -90.973249351584542, 30.420767060204835 ], [ -90.973691599228559, 30.420859514754458 ], [ -90.974155361628618, 30.420924702876103 ], [ -90.974524375374941, 30.420870885717644 ], [ -90.97493532650553, 30.420844676001916 ], [ -90.975578239720036, 30.420718562181918 ], [ -90.976042462694252, 30.420655889969851 ], [ -90.976432175733166, 30.42069413565881 ], [ -90.977078058148734, 30.42080178283906 ], [ -90.977796983959578, 30.42093050215184 ], [ -90.97844038255316, 30.421150612102394 ], [ -90.979049918415512, 30.421370721987206 ], [ -90.980071453960335, 30.421652914392375 ], [ -90.98085594921767, 30.421895599757065 ], [ -90.981295333693666, 30.422057997135411 ], [ -90.981715564656071, 30.422323932603597 ], [ -90.982114917261299, 30.422662847081405 ], [ -90.982408587426846, 30.423056299808124 ], [ -90.982680586377313, 30.423522729270385 ], [ -90.982940729778576, 30.42442751014482 ], [ -90.982912856915377, 30.424931319415567 ], [ -90.982750992979021, 30.425467579656075 ], [ -90.982734182480854, 30.425826200832383 ], [ -90.982776469514619, 30.426037691136848 ], [ -90.982756596740941, 30.426285685598657 ], [ -90.982591434191534, 30.426461778096346 ], [ -90.982372759577018, 30.426521030652893 ], [ -90.982027567490334, 30.426502899438187 ], [ -90.981458166735706, 30.426469078025306 ], [ -90.980844621353455, 30.426428041563845 ], [ -90.980316191843869, 30.426516112643451 ], [ -90.979855533005662, 30.426793547786666 ], [ -90.979601917314099, 30.426957156014151 ], [ -90.979534555994718, 30.427286739430297 ], [ -90.979650150072473, 30.427611503490034 ], [ -90.979738221704523, 30.427837186992583 ], [ -90.979936382792573, 30.428018834302904 ], [ -90.980177134964407, 30.428255456421883 ], [ -90.980544608519693, 30.428641892133417 ], [ -90.981225500179249, 30.429673589416659 ], [ -90.981518670030013, 30.430213112409344 ], [ -90.981738072618612, 30.430752437638713 ], [ -90.981873717660562, 30.431200289237761 ], [ -90.981530067600531, 30.431882681730904 ], [ -90.981095232537413, 30.432089652673987 ], [ -90.980705234542739, 30.432093938263336 ], [ -90.980130952516078, 30.432340367531037 ], [ -90.979556667642115, 30.432586793385369 ], [ -90.978314605387212, 30.433373244848337 ], [ -90.976992924840815, 30.4347303777162 ], [ -90.976432367423001, 30.435313319356322 ], [ -90.976040174269698, 30.435841893795629 ], [ -90.975733548105666, 30.436178916818637 ], [ -90.975279897155374, 30.43636947089291 ], [ -90.974910563200226, 30.436496152468617 ], [ -90.974445308284487, 30.436823634963446 ], [ -90.974054618774304, 30.43715131750028 ], [ -90.973862974454576, 30.437497928177336 ], [ -90.973661611396707, 30.437899159536556 ], [ -90.973512240211207, 30.438400890799315 ], [ -90.97319425751887, 30.439021081010214 ], [ -90.972897427572249, 30.43949508652652 ], [ -90.972685348553156, 30.439786648502501 ], [ -90.972684054583127, 30.440142883652822 ], [ -90.972735683152621, 30.440343914186439 ], [ -90.97286223245662, 30.440547525015702 ], [ -90.973021167205985, 30.440671252351255 ], [ -90.97313282271331, 30.440725571534113 ], [ -90.973345998928394, 30.440710751605113 ], [ -90.973841454339023, 30.440593353456446 ], [ -90.974295126729118, 30.440402975941506 ], [ -90.9747601351513, 30.440148529075554 ], [ -90.975056167534603, 30.43989362288243 ], [ -90.975405313316628, 30.439428862556447 ], [ -90.975639164779565, 30.43903682495872 ], [ -90.975819300617545, 30.438580713642661 ], [ -90.975958150966733, 30.438133598815572 ], [ -90.976054199659529, 30.437896537778393 ], [ -90.976286496531316, 30.437714491109908 ], [ -90.976634218245735, 30.437642394857509 ], [ -90.976908596980309, 30.43767045791957 ], [ -90.977203372015339, 30.437762503413666 ], [ -90.977497688783359, 30.437982572743376 ], [ -90.977558722503602, 30.438439334537644 ], [ -90.977557381379356, 30.43881361410374 ], [ -90.977629652578017, 30.439233975291138 ], [ -90.977829147388022, 30.439572363223938 ], [ -90.978017962252281, 30.439791975310634 ], [ -90.97842824014397, 30.439975750947966 ], [ -90.978849060767274, 30.440095625532877 ], [ -90.979228924050759, 30.440133074798261 ], [ -90.979692051683529, 30.440180025400402 ], [ -90.980102432095933, 30.440336300550349 ], [ -90.980554437235185, 30.440611431341178 ], [ -90.980806173419083, 30.440986556935343 ], [ -90.981110011227884, 30.441434856221647 ], [ -90.981245344439287, 30.441973957448887 ], [ -90.981486288123762, 30.4424860153478 ], [ -90.981863751887886, 30.442980047540587 ], [ -90.98221022876821, 30.443264000260864 ], [ -90.982557758392289, 30.443475090839673 ], [ -90.983010010189162, 30.443686286536817 ], [ -90.983504117546701, 30.443952411003991 ], [ -90.983851427911503, 30.444227253192594 ], [ -90.984082440129853, 30.44441053623359 ], [ -90.984155450152542, 30.444629834224276 ], [ -90.984165057096632, 30.444830748111762 ], [ -90.984217375986731, 30.445068378571445 ], [ -90.984278959123884, 30.445378896498571 ], [ -90.984372973357168, 30.445716995433251 ], [ -90.984518285085286, 30.446132389230112 ], [ -90.984729098606465, 30.446421131668867 ], [ -90.98506531398499, 30.446695941196968 ], [ -90.985654133531924, 30.447108376443374 ], [ -90.986284846516071, 30.447566629266124 ], [ -90.986820074369604, 30.448106772481442 ], [ -90.986931694485463, 30.448258142911822 ], [ -90.987003918816171, 30.448384729114871 ], [ -90.987045430432886, 30.448487177232234 ], [ -90.987062939965909, 30.448585091775087 ], [ -90.987091236000964, 30.449066386961242 ], [ -90.987031820802983, 30.44970691075088 ], [ -90.987022202563722, 30.449921729887251 ], [ -90.987013820420401, 30.450107230980986 ], [ -90.986865103470151, 30.450435583516803 ], [ -90.986663611206211, 30.450654160341905 ], [ -90.986410264653884, 30.450726530378819 ], [ -90.986041306283042, 30.450734670390588 ], [ -90.985704466776113, 30.450633427092551 ], [ -90.985284009509598, 30.450394829353971 ], [ -90.984905475247814, 30.45019294357763 ], [ -90.98454737792872, 30.450045930112392 ], [ -90.984052723545418, 30.449925879167676 ], [ -90.983514809268826, 30.44992445750416 ], [ -90.982987808931696, 30.449977881178551 ], [ -90.982597833487517, 30.450096796510174 ], [ -90.982512848964888, 30.450122691796686 ], [ -90.982101293485499, 30.450286057136921 ], [ -90.981763295967141, 30.450513371373621 ], [ -90.98154093764289, 30.450795810973553 ], [ -90.981234154147018, 30.45116944872056 ], [ -90.981043042671672, 30.451588932755115 ], [ -90.980925246344128, 30.451917360885123 ], [ -90.980871974123602, 30.452172926534146 ], [ -90.980870903992297, 30.452474342431106 ], [ -90.980880408041443, 30.452702579882956 ], [ -90.980884955950259, 30.452731367491122 ], [ -90.980921518511011, 30.452967505284604 ], [ -90.981163556463784, 30.453178146334391 ], [ -90.981468468641822, 30.453334307039327 ], [ -90.981731752095101, 30.453371438642932 ], [ -90.982111828377313, 30.453363340156159 ], [ -90.98243811419718, 30.453309387632519 ], [ -90.982818738072709, 30.453146111684315 ], [ -90.983146202947168, 30.452982521602799 ], [ -90.983599592645191, 30.452883362918378 ], [ -90.984116004835229, 30.452912051459226 ], [ -90.985081730356683, 30.453262357214602 ], [ -90.986844070016829, 30.454180242434127 ], [ -90.988335538951887, 30.454922900952486 ], [ -90.988682234127282, 30.455161296422769 ], [ -90.98892438868738, 30.455344600271186 ], [ -90.989039690899048, 30.455500077215458 ], [ -90.989080919054189, 30.455737676100917 ], [ -90.989064476546076, 30.455903121724194 ], [ -90.989058736584596, 30.455956722821835 ], [ -90.988995390228212, 30.456148338360858 ], [ -90.988796668786776, 30.456363422526621 ], [ -90.988427911296327, 30.456646136766341 ], [ -90.988231240087387, 30.456851002131181 ], [ -90.988079638935091, 30.457166495946986 ], [ -90.9880919308183, 30.457539351311752 ], [ -90.988124709244374, 30.457838454649174 ], [ -90.988440052709578, 30.458183269120404 ], [ -90.98868126263821, 30.458412109550757 ], [ -90.988975951614194, 30.458549838010221 ], [ -90.9894918252064, 30.45874296033265 ], [ -90.990249867021575, 30.459119381851927 ], [ -90.990859474626532, 30.459513629516763 ], [ -90.991216702794702, 30.45992543837291 ], [ -90.991415334588325, 30.460309512368212 ], [ -90.991499135481234, 30.460629190292128 ], [ -90.991497877390088, 30.460994531677205 ], [ -90.991485605319937, 30.461332349200642 ], [ -90.991400616144517, 30.46158783635736 ], [ -90.991167787634708, 30.461915976084747 ], [ -90.990965809166028, 30.462271518281796 ], [ -90.99071200001319, 30.46270013226151 ], [ -90.99049881625821, 30.463312382428054 ], [ -90.990338927109022, 30.463886276875755 ], [ -90.990083686544395, 30.46449738603879 ], [ -90.989850688685209, 30.464871232843578 ], [ -90.989469272404747, 30.465253630352176 ], [ -90.988804213744359, 30.465280769944172 ], [ -90.988228574853409, 30.465378939981889 ], [ -90.987939895411671, 30.465561030463892 ], [ -90.987651835469805, 30.465792784908984 ], [ -90.987458358584703, 30.466207630854925 ], [ -90.987399719953245, 30.466639497745167 ], [ -90.987359447994436, 30.467038074523437 ], [ -90.987146690940449, 30.467519373279067 ], [ -90.986839114527712, 30.467884083324748 ], [ -90.98676350321243, 30.467948671525004 ], [ -90.986511988205208, 30.46816556896658 ], [ -90.986222774689608, 30.468497159903166 ], [ -90.985895527908525, 30.468811980815545 ], [ -90.985626440247032, 30.46906044996997 ], [ -90.985203870596024, 30.469175678526351 ], [ -90.984868896042173, 30.469076779606919 ], [ -90.984744085197107, 30.469041630607617 ], [ -90.984476453829615, 30.468874750810617 ], [ -90.984171284598887, 30.468325585731488 ], [ -90.983884928644585, 30.467843146583483 ], [ -90.983751876249286, 30.467543611211649 ], [ -90.983522456595551, 30.467343663695761 ], [ -90.983215714718185, 30.46724318166412 ], [ -90.9828907813163, 30.467125982139255 ], [ -90.982449876856819, 30.467041811416461 ], [ -90.982065753865101, 30.467057461448288 ], [ -90.981605394291421, 30.467089403969862 ], [ -90.981145092951976, 30.467104848755188 ], [ -90.980703423290961, 30.467236508429878 ], [ -90.980242589307167, 30.467401454450911 ], [ -90.979819784231623, 30.467582996784643 ], [ -90.979377872919656, 30.467781328422369 ], [ -90.978937109846399, 30.467879818840956 ], [ -90.978419055732331, 30.467845091855846 ], [ -90.977978211544965, 30.467744237822227 ], [ -90.9776466364481, 30.467710180013235 ], [ -90.977384456342946, 30.467576466195766 ], [ -90.977039690023076, 30.467459370321233 ], [ -90.976809687838482, 30.467425412553094 ], [ -90.976617237029416, 30.467541233751003 ], [ -90.976500981206399, 30.467873269862181 ], [ -90.976346396609429, 30.468271534855774 ], [ -90.976057148826513, 30.468603103555793 ], [ -90.975537355025381, 30.469050215909274 ], [ -90.975018289909457, 30.469513996725084 ], [ -90.974575700162475, 30.469894981884671 ], [ -90.974306281002612, 30.470226429004498 ], [ -90.974247210109411, 30.470541948613405 ], [ -90.974361313189334, 30.47080810388184 ], [ -90.974590782643475, 30.470991397771389 ], [ -90.974916032153757, 30.471241627771583 ], [ -90.975163949321882, 30.471591145717895 ], [ -90.975277782685936, 30.471933082801286 ], [ -90.975276078535828, 30.472405481065923 ], [ -90.975198637118339, 30.47275429009493 ], [ -90.975101236851955, 30.47313603842673 ], [ -90.974965323688068, 30.473634194437839 ], [ -90.974809030309189, 30.474281628223842 ], [ -90.974746850760923, 30.475677015550072 ], [ -90.974778845015038, 30.475820757752633 ], [ -90.974840521080722, 30.476109288570715 ], [ -90.975108769476805, 30.476326025206525 ], [ -90.975530483009805, 30.476460002403211 ], [ -90.976181427219146, 30.476627936176584 ], [ -90.976880381102205, 30.476947378699716 ], [ -90.978707562614701, 30.478379304506632 ], [ -90.979127925775629, 30.478895450145661 ], [ -90.979189287691469, 30.479203419295199 ], [ -90.979106010497219, 30.47947674403207 ], [ -90.978882940084958, 30.479750761396666 ], [ -90.978664007547806, 30.479907578469692 ], [ -90.978417290482739, 30.479967247553876 ], [ -90.978078265282548, 30.479942739373666 ], [ -90.977661631360306, 30.479820199890405 ], [ -90.97721640579438, 30.479648644607256 ], [ -90.97684878813881, 30.479542444750823 ], [ -90.976595593642955, 30.47951115850017 ], [ -90.976049895223113, 30.479629503035227 ], [ -90.975537070376845, 30.479820168717421 ], [ -90.975076843204789, 30.480201500108553 ], [ -90.974810040418333, 30.48059281963036 ], [ -90.974714469153554, 30.481124764353861 ], [ -90.974752581074739, 30.481339673974997 ], [ -90.974850681801726, 30.481645480307726 ], [ -90.974982667613389, 30.481798608548971 ], [ -90.975141741160073, 30.481923111420429 ], [ -90.97529004821611, 30.481952210525005 ], [ -90.975604054535111, 30.48202935911447 ], [ -90.975824342375091, 30.482125500383628 ], [ -90.975978552313464, 30.482278687655519 ], [ -90.976077036327339, 30.482479324885926 ], [ -90.976108579261563, 30.482756251865741 ], [ -90.976124438049993, 30.482980724208563 ], [ -90.976068697072748, 30.483252604712682 ], [ -90.975974014851957, 30.483538814068513 ], [ -90.975829641971217, 30.483738795219654 ], [ -90.975624898652256, 30.483953047968402 ], [ -90.975398034924524, 30.484138714293355 ], [ -90.974989336878224, 30.48434760245318 ], [ -90.974597390324121, 30.484532648775108 ], [ -90.973929557488276, 30.484850639199284 ], [ -90.973648271982455, 30.484940608897254 ], [ -90.973400614661557, 30.48494938731189 ], [ -90.973158981519532, 30.484882449942667 ], [ -90.972989274186261, 30.484758890983517 ], [ -90.972740668094772, 30.484604070147576 ], [ -90.972547142109079, 30.484543035119493 ], [ -90.972310716203836, 30.484564578487078 ], [ -90.972106432698652, 30.484649943351194 ], [ -90.972005269796654, 30.48477675475479 ], [ -90.971980939759092, 30.484970467090513 ], [ -90.972127433222113, 30.485289089522883 ], [ -90.972541276376944, 30.485582076191786 ], [ -90.972888635370069, 30.485877315122874 ], [ -90.973086437883964, 30.486164127463471 ], [ -90.973185339081965, 30.486436105444838 ], [ -90.973229793481437, 30.486713735478162 ], [ -90.97317119672671, 30.486951787119683 ], [ -90.973007316541612, 30.487266874058569 ], [ -90.972797639074258, 30.487460850067588 ], [ -90.972380133291594, 30.48777214802239 ], [ -90.971607382537272, 30.488310510488532 ], [ -90.971369330718858, 30.488548562128113 ], [ -90.971222837938001, 30.488852535664893 ], [ -90.971226500675172, 30.489119885482467 ], [ -90.971291385568151, 30.489324014235745 ], [ -90.971449626706047, 30.48951687073788 ], [ -90.97172654917992, 30.489655331780511 ], [ -90.97205786758343, 30.489724562450117 ], [ -90.972892859761544, 30.489801078401264 ], [ -90.973442209613097, 30.489848688561473 ], [ -90.973714458880082, 30.48995698006857 ], [ -90.973986436983594, 30.49019928741173 ], [ -90.974233272648434, 30.490617777136421 ], [ -90.974313843159578, 30.491101204640472 ], [ -90.974233689664217, 30.491371263863968 ], [ -90.974021051740237, 30.49156412130025 ], [ -90.973349945690273, 30.491673406156099 ], [ -90.972856319186832, 30.491403633885337 ], [ -90.972333994182094, 30.491151081368717 ], [ -90.971995343975578, 30.491064983428355 ], [ -90.971541896175125, 30.491007584993046 ], [ -90.971163066979472, 30.491047764246861 ], [ -90.970732579084881, 30.491168300791198 ], [ -90.970244693561895, 30.491524170424331 ], [ -90.969963441554185, 30.491902999764548 ], [ -90.969779077073412, 30.492319527949185 ], [ -90.969731965192395, 30.492809213034143 ], [ -90.969974921307752, 30.494015259639529 ], [ -90.970013423181001, 30.49443402975195 ], [ -90.96995264738338, 30.494773943352254 ], [ -90.969256322787189, 30.495880206125111 ], [ -90.969094329072249, 30.496359295240563 ], [ -90.969111562040041, 30.496707409900548 ], [ -90.96916326259678, 30.497007271158949 ], [ -90.969401083118541, 30.497300239299111 ], [ -90.969663031164444, 30.497500146348845 ], [ -90.969918085455134, 30.497606993588956 ], [ -90.97024207404516, 30.49770005374107 ], [ -90.970580080926382, 30.497712311675762 ], [ -90.970877876130899, 30.497676696739262 ], [ -90.971137714032849, 30.497601625366357 ], [ -90.972255882055364, 30.497159173525386 ], [ -90.972816572807247, 30.49693807967812 ], [ -90.973519159769793, 30.496690817851885 ], [ -90.973782036119573, 30.496652179619979 ], [ -90.974059112781745, 30.496637638521047 ], [ -90.974395577554603, 30.496662953523423 ], [ -90.974602638891795, 30.496693759622186 ], [ -90.975036839365657, 30.496910600115122 ], [ -90.975382879700604, 30.497142323904313 ], [ -90.975746652451804, 30.497519989971465 ], [ -90.975959147056827, 30.497805996797219 ], [ -90.975959501110125, 30.497807766711226 ], [ -90.976014509451801, 30.498082471750603 ], [ -90.976065706549136, 30.498413581853473 ], [ -90.976086241292194, 30.498662811313164 ], [ -90.976028877243863, 30.498942074999686 ], [ -90.975933433817005, 30.499215049407422 ], [ -90.975739144984161, 30.499603235881946 ], [ -90.975509298566053, 30.49994578765374 ], [ -90.97523953082684, 30.500245852689687 ], [ -90.974939274312149, 30.500539558890573 ], [ -90.974326580359516, 30.50116924133993 ], [ -90.973884241739498, 30.501518831459041 ], [ -90.973226544291862, 30.501862014051543 ], [ -90.972405544431311, 30.502463858085516 ], [ -90.971541488109509, 30.503077463076533 ], [ -90.970740044849848, 30.503474010581968 ], [ -90.970230794330149, 30.503603410469164 ], [ -90.96909541526648, 30.503937345188518 ], [ -90.968511029599426, 30.504041700408589 ], [ -90.968085262930117, 30.504212841627215 ], [ -90.96785150850809, 30.50437146079927 ], [ -90.967672019007381, 30.504617737278977 ], [ -90.967690083696226, 30.504865555376561 ], [ -90.967792785406246, 30.505067007366133 ], [ -90.96782047614515, 30.505160515485493 ], [ -90.968146479453267, 30.505501209856451 ], [ -90.969688321316568, 30.506480488319131 ], [ -90.970829793823285, 30.506927270063553 ], [ -90.971092783236784, 30.507082821844996 ], [ -90.971382892823442, 30.50742077299828 ], [ -90.971567655939864, 30.50769450968502 ], [ -90.971601234399856, 30.508065096447954 ], [ -90.971579147004178, 30.508244268565733 ], [ -90.971515458404014, 30.508511311789185 ], [ -90.971437590404065, 30.50874807080497 ], [ -90.971352688922281, 30.508954223257625 ], [ -90.971186868215682, 30.509145203388972 ], [ -90.970584257142889, 30.509553754048916 ], [ -90.970427165643102, 30.509647278060744 ], [ -90.970374867602928, 30.509702123685585 ], [ -90.970321182918184, 30.509755808134649 ], [ -90.970174256180087, 30.509897083527758 ], [ -90.969996248949371, 30.510151379872624 ], [ -90.969939738581175, 30.510298306568227 ], [ -90.969888879280305, 30.51058933393097 ], [ -90.9699482157869, 30.510967952262682 ], [ -90.970222290457201, 30.511298536732873 ], [ -90.970606559550774, 30.511459590777736 ], [ -90.970951271850637, 30.511552832661629 ], [ -90.971544629220816, 30.511518926402378 ], [ -90.972132334825375, 30.511476544291867 ], [ -90.972592893398755, 30.511552832486075 ], [ -90.97310713681874, 30.511869289491226 ], [ -90.973384036542953, 30.512307244200411 ], [ -90.973573345436137, 30.512654781637636 ], [ -90.973949416179082, 30.513337638308787 ], [ -90.974118669853368, 30.513499609831996 ], [ -90.974384267482819, 30.513643710963382 ], [ -90.974737456240362, 30.513753905757717 ], [ -90.975059968659764, 30.513808235581426 ], [ -90.975743338444886, 30.513818892418961 ], [ -90.975887162850967, 30.513822672706489 ], [ -90.976206089546281, 30.513884366232997 ], [ -90.976735756831673, 30.514067948371761 ], [ -90.977096325771669, 30.514251073323692 ], [ -90.977508236433536, 30.51472904703116 ], [ -90.977692877292526, 30.515045391269386 ], [ -90.977842430401736, 30.515379292568888 ], [ -90.978142196344223, 30.515904119152289 ], [ -90.978755751266263, 30.516576553616794 ], [ -90.979863074161884, 30.517075588477489 ], [ -90.980153960437292, 30.517206678964776 ], [ -90.980648424454529, 30.517554216780233 ], [ -90.980916847882071, 30.517896103967235 ], [ -90.98089989544313, 30.518192782692903 ], [ -90.980558231938744, 30.518439082040132 ], [ -90.979789470015319, 30.518639212915208 ], [ -90.978842923914229, 30.518814394802323 ], [ -90.978280646638652, 30.518992401836762 ], [ -90.977698591434176, 30.519594235542307 ], [ -90.977537537772719, 30.519873960945894 ], [ -90.977380091428827, 30.520309041901935 ], [ -90.977362356392632, 30.520622721761537 ], [ -90.977517759027023, 30.52097025880736 ], [ -90.977855798759663, 30.521163777369733 ], [ -90.978351284277338, 30.521351703365784 ], [ -90.979052011062066, 30.521365830873378 ], [ -90.980046590963084, 30.521340400912965 ], [ -90.980817955458022, 30.521470374569429 ], [ -90.981346496386436, 30.521573789146487 ], [ -90.982335255238937, 30.521945059875616 ], [ -90.982688724445651, 30.522187793669374 ], [ -90.98277171938895, 30.522492631817641 ], [ -90.982691269303587, 30.522761632855655 ], [ -90.982487832635144, 30.522953767912398 ], [ -90.981929724884395, 30.523214493343104 ], [ -90.981597939300485, 30.523252378179833 ], [ -90.980751118171057, 30.52335706095478 ], [ -90.980078182846725, 30.523282415235158 ], [ -90.979615882174343, 30.52313547862251 ], [ -90.978942558831093, 30.523170102788644 ], [ -90.977763578641017, 30.523665796493241 ], [ -90.977568618307075, 30.524123529097377 ], [ -90.977469725562898, 30.524538879214326 ], [ -90.977540362908783, 30.52512093407007 ], [ -90.977777099189822, 30.525620865771238 ], [ -90.977942939720577, 30.526118386658407 ], [ -90.978067320701555, 30.526765163778073 ], [ -90.978070792097228, 30.527351883513351 ], [ -90.978071185385247, 30.527418386305516 ], [ -90.97816826276042, 30.527903358399023 ], [ -90.978539965480707, 30.528547947570164 ], [ -90.978879789979672, 30.528961607515445 ], [ -90.97909553050971, 30.529642493724385 ], [ -90.97929679101118, 30.530019064996971 ], [ -90.979800162874213, 30.530457517115206 ], [ -90.980214952601145, 30.530587783042321 ], [ -90.980654430222543, 30.530579491181733 ], [ -90.981027570777243, 30.530430235014776 ], [ -90.981357940706644, 30.53020668947627 ], [ -90.982328689474969, 30.529371478810251 ], [ -90.982785478663942, 30.529169848419365 ], [ -90.9835076222965, 30.529156046806758 ], [ -90.983929776782531, 30.529277644596039 ], [ -90.984294625443681, 30.529534696645282 ], [ -90.984724530258944, 30.530106322121121 ], [ -90.984848971026466, 30.530616607724877 ], [ -90.984742394159852, 30.531035552178679 ], [ -90.98448126786046, 30.531470135119061 ], [ -90.984386524752793, 30.531603069087073 ], [ -90.984022881130343, 30.53188370681254 ], [ -90.983656140589829, 30.532096930749809 ], [ -90.983183495458846, 30.532445195103914 ], [ -90.982810353963259, 30.532577867488975 ], [ -90.98240163290339, 30.532540695873319 ], [ -90.981840188853255, 30.532486654967535 ], [ -90.981406222480146, 30.532329649512533 ], [ -90.981002694063847, 30.532221310371781 ], [ -90.980467055564034, 30.532244148995243 ], [ -90.979919128095062, 30.532497666080786 ], [ -90.9796650979427, 30.532934094022668 ], [ -90.979537173106564, 30.533407283676542 ], [ -90.979829388934149, 30.534063724210831 ], [ -90.981004760243053, 30.534868218927944 ], [ -90.981465308645738, 30.535525102529601 ], [ -90.9815353635355, 30.535620862726212 ], [ -90.984041971914138, 30.535231448041703 ], [ -90.986566145416887, 30.53468889031884 ], [ -90.987851483272991, 30.534490719486286 ], [ -90.987945255982737, 30.534817285704218 ], [ -90.987982834920018, 30.534921373962803 ], [ -90.987991708526977, 30.53494615140351 ], [ -90.988029741937979, 30.535069091146767 ], [ -90.988050840730537, 30.535139854037567 ], [ -90.988072694456918, 30.535223666266162 ], [ -90.988089852193454, 30.535308480155173 ], [ -90.988108448184292, 30.535382775278912 ], [ -90.988118383766732, 30.535424018042981 ], [ -90.988141867292072, 30.535540514273734 ], [ -90.98815613080545, 30.535634737185379 ], [ -90.988161920159257, 30.535687893440496 ], [ -90.988167710564454, 30.535741048795046 ], [ -90.988178525351188, 30.535824927823864 ], [ -90.988185978675858, 30.535904819106175 ], [ -90.988190056800022, 30.535967897142797 ], [ -90.98819194940539, 30.536016369667117 ], [ -90.988193123870374, 30.536128072795456 ], [ -90.988196233953531, 30.536389096849391 ], [ -90.988202284095109, 30.536591943997195 ], [ -90.98820641818854, 30.536815052673788 ], [ -90.98821825044331, 30.537038738875804 ], [ -90.988243133226817, 30.5375310747702 ], [ -90.98825904694057, 30.537789405161924 ], [ -90.988270831591208, 30.537903426208288 ], [ -90.988280499034673, 30.53803052607735 ], [ -90.988286796288719, 30.538144442604523 ], [ -90.988287882954538, 30.538204433171078 ], [ -90.988287307046292, 30.538265134734637 ], [ -90.988286796774872, 30.538364185641875 ], [ -90.988282889705516, 30.538434625251579 ], [ -90.988272072078999, 30.538550060419393 ], [ -90.98825619276235, 30.538658920821806 ], [ -90.988242939156393, 30.538729861057412 ], [ -90.988220522986552, 30.538830196203254 ], [ -90.988184353256301, 30.538982791360251 ], [ -90.988148385764561, 30.539107187812455 ], [ -90.988110282253729, 30.539214389977573 ], [ -90.988070515950966, 30.539334311309794 ], [ -90.987984794511448, 30.539559285408316 ], [ -90.987542421448794, 30.540587161296191 ], [ -90.987491923083496, 30.540681924870903 ], [ -90.987397826771215, 30.540846471284187 ], [ -90.987294200530656, 30.540997626936665 ], [ -90.987025916047926, 30.541375857804336 ], [ -90.986902813278959, 30.541503020690726 ], [ -90.986857899940816, 30.541549414999331 ], [ -90.986600302805513, 30.541834333511606 ], [ -90.986518319265386, 30.54192281979152 ], [ -90.986374655740903, 30.542084436476259 ], [ -90.986306985771606, 30.542168794434794 ], [ -90.986258786228888, 30.542232668087234 ], [ -90.986210585578718, 30.542296542620111 ], [ -90.986168353382425, 30.542355644670184 ], [ -90.986090596018201, 30.542470038893832 ], [ -90.986055832952914, 30.542526742984847 ], [ -90.98603545104919, 30.542560736734874 ], [ -90.985979914704672, 30.542662576626434 ], [ -90.985830466741305, 30.542945107182593 ], [ -90.985389215050077, 30.5438654653579 ], [ -90.985252178099771, 30.544144134506713 ], [ -90.985178405348321, 30.544285343204887 ], [ -90.985139929947294, 30.544354797746067 ], [ -90.985101453447044, 30.544424253173858 ], [ -90.985045492969675, 30.5445207630585 ], [ -90.984930900722702, 30.544694450074676 ], [ -90.984853375514888, 30.544806504173188 ], [ -90.984822807784624, 30.544848688630587 ], [ -90.984758536992487, 30.544929001743313 ], [ -90.984659200821312, 30.545048336515293 ], [ -90.984607057684585, 30.54510852505495 ], [ -90.98455479645709, 30.54516434190003 ], [ -90.984422933646329, 30.545299444420795 ], [ -90.984275638863679, 30.54544247938831 ], [ -90.984074378889474, 30.545642532388584 ], [ -90.983990672080921, 30.545721639204586 ], [ -90.983906472884414, 30.545804390774894 ], [ -90.983836479241447, 30.545881983049789 ], [ -90.983722995854919, 30.546006443106268 ], [ -90.983621403107648, 30.546122218811213 ], [ -90.983495156650335, 30.54627967370909 ], [ -90.983373622675273, 30.546432398831566 ], [ -90.983254440096403, 30.546588217789147 ], [ -90.983138560056432, 30.546744586601534 ], [ -90.983066247856996, 30.546834995933992 ], [ -90.98299056960137, 30.546970720082509 ], [ -90.98291110158695, 30.54711324376618 ], [ -90.982859469111375, 30.547233291511585 ], [ -90.982779651235617, 30.547459940740168 ], [ -90.982747095766982, 30.547578658796265 ], [ -90.982715707468302, 30.547730406871512 ], [ -90.982628435607992, 30.548353558817883 ], [ -90.982542959902673, 30.549024322180582 ], [ -90.982442945230417, 30.549821923477474 ], [ -90.982362269078735, 30.550512888912291 ], [ -90.982331333254464, 30.550903584882523 ], [ -90.982338991619898, 30.551103875623362 ], [ -90.982352970915997, 30.551196494096189 ], [ -90.982366950238244, 30.551289112564795 ], [ -90.982403880656946, 30.551434318466285 ], [ -90.982492889317584, 30.551764723225276 ], [ -90.982570867321584, 30.552002857352811 ], [ -90.982715880349801, 30.552491575444087 ], [ -90.982763141237371, 30.552692345276171 ], [ -90.982792427803915, 30.552871420912322 ], [ -90.982806124684103, 30.552999603798259 ], [ -90.982824813686804, 30.553275652764484 ], [ -90.982835464648929, 30.553480053781762 ], [ -90.982876963706687, 30.554324315864022 ], [ -90.982882741131846, 30.55473635651121 ], [ -90.982868108314221, 30.555301751598176 ], [ -90.98288493913671, 30.555640135393094 ], [ -90.982897710911871, 30.555896931275946 ], [ -90.982919792352959, 30.556062080681198 ], [ -90.982943540191101, 30.55619044968271 ], [ -90.982972594857344, 30.556317834144942 ], [ -90.983046941534241, 30.55659593518169 ], [ -90.983088166735243, 30.556688442370529 ], [ -90.983142423343821, 30.556812454813272 ], [ -90.983162128965091, 30.556854201594202 ], [ -90.98319668460816, 30.55692101688841 ], [ -90.98324720756186, 30.557012938816669 ], [ -90.98327116933568, 30.557050474324956 ], [ -90.983363159204188, 30.557186375338251 ], [ -90.983432591734712, 30.557284948384837 ], [ -90.983561556237007, 30.557449566363182 ], [ -90.983638446044523, 30.55754338262555 ], [ -90.98368091790941, 30.55759062069945 ], [ -90.984286987422081, 30.558226261328155 ], [ -90.986112547062532, 30.560221970243099 ], [ -90.986141171434994, 30.560256123897872 ], [ -90.986271339298682, 30.5604161399466 ], [ -90.986382579925888, 30.560541151781091 ], [ -90.986523412998764, 30.560702339311213 ], [ -90.986680716420892, 30.560888105592234 ], [ -90.986792736321334, 30.561034413819666 ], [ -90.986919545049574, 30.561205051967089 ], [ -90.987017555231844, 30.561340910960624 ], [ -90.987156631126084, 30.561554899233574 ], [ -90.987268626097858, 30.561733856688029 ], [ -90.987319160040613, 30.561817242629086 ], [ -90.987373757043272, 30.56191532274687 ], [ -90.987472550804654, 30.562099161690405 ], [ -90.987569053235674, 30.56228525239797 ], [ -90.987581845475546, 30.562312397835772 ], [ -90.98763247600732, 30.562444781478323 ], [ -90.987727912653426, 30.56270147456588 ], [ -90.987820630634587, 30.562959842792225 ], [ -90.987889080765768, 30.563157629963765 ], [ -90.987985680722574, 30.56348115423523 ], [ -90.988060208745125, 30.563743884906561 ], [ -90.98813182245172, 30.564007864470817 ], [ -90.98822779496524, 30.564319551037624 ], [ -90.988304930626924, 30.56458187605547 ], [ -90.988379180828147, 30.564845542954835 ], [ -90.988447348016052, 30.565098700400078 ], [ -90.988506655081935, 30.56537643902502 ], [ -90.988560298830919, 30.565643451012441 ], [ -90.98861089691745, 30.565911367899716 ], [ -90.988658431970421, 30.56618008230101 ], [ -90.988693832475036, 30.566687533041637 ], [ -90.988762251618894, 30.567492435526482 ], [ -90.988770207252088, 30.567549788664476 ], [ -90.988778161852082, 30.567607141798185 ], [ -90.988791834540308, 30.567687497626331 ], [ -90.988798545462046, 30.567719372753345 ], [ -90.988825179799235, 30.567830632219604 ], [ -90.988836189489959, 30.567871580511085 ], [ -90.988857657177547, 30.567940653028241 ], [ -90.988895590441871, 30.568051659522766 ], [ -90.988939008414846, 30.568155959100196 ], [ -90.988970714660866, 30.568226647629871 ], [ -90.988987607806678, 30.568260741198706 ], [ -90.989041864081571, 30.568363276546872 ], [ -90.989742246186708, 30.569681703301992 ], [ -90.990132037778366, 30.570354955695379 ], [ -90.990192183276278, 30.570455047677523 ], [ -90.990252347806688, 30.570548770315902 ], [ -90.990331156614076, 30.570657343826909 ], [ -90.990365695238566, 30.570702329120767 ], [ -90.990408243976489, 30.570754007597898 ], [ -90.990489018530397, 30.570847401019826 ], [ -90.990576388405074, 30.570937325044365 ], [ -90.990724047542457, 30.571094501136916 ], [ -90.990852268795479, 30.571230986125087 ], [ -90.990897308850521, 30.571277122381019 ], [ -90.991397765298899, 30.571769559864908 ], [ -90.991509220116825, 30.571875200468469 ], [ -90.991620676214765, 30.571980840977229 ], [ -90.991968862260364, 30.572305235819286 ], [ -90.992126750045927, 30.572449460678634 ], [ -90.992629269412816, 30.572871111334123 ], [ -90.992937338002278, 30.573185331648446 ], [ -90.993035774118624, 30.573302564835455 ], [ -90.993139877431148, 30.573438035661443 ], [ -90.993198229020933, 30.573518826766144 ], [ -90.993251237546346, 30.573603678668835 ], [ -90.993298587287654, 30.573693151638391 ], [ -90.993312086144201, 30.57372154395533 ], [ -90.993379333403922, 30.573870518297216 ], [ -90.993444053251906, 30.574021491361059 ], [ -90.993465221990789, 30.574073567646771 ], [ -90.993501182906812, 30.574174273357418 ], [ -90.993552975769546, 30.57432869327635 ], [ -90.99376537425853, 30.574962701390316 ], [ -90.994225885674311, 30.576412104523602 ], [ -90.994275432559604, 30.576564257761529 ], [ -90.994330972403631, 30.576798934679676 ], [ -90.994364341761298, 30.577037357838059 ], [ -90.994375578478795, 30.577278779553588 ], [ -90.994374025928678, 30.577625259581268 ], [ -90.994344827284351, 30.578877344389049 ], [ -90.994351207113681, 30.578977527470503 ], [ -90.994357113975738, 30.579043459569885 ], [ -90.994364263268906, 30.579100331093844 ], [ -90.994385161721567, 30.579236500545271 ], [ -90.994387630024065, 30.579247004868062 ], [ -90.994616796636166, 30.580062773191745 ], [ -90.9946605720978, 30.58023327607399 ], [ -90.99469424587609, 30.580374902992382 ], [ -90.994732820822122, 30.580577593741072 ], [ -90.994757309380034, 30.580721476610847 ], [ -90.994797529032709, 30.580930183651322 ], [ -90.99483470243068, 30.581139813789346 ], [ -90.994877581106479, 30.581407426590939 ], [ -90.995015352850245, 30.582147867518952 ], [ -90.995037933615166, 30.582287054754907 ], [ -90.995056776561128, 30.582388719106952 ], [ -90.995098832776776, 30.582562805650522 ], [ -90.995118569137091, 30.582635800782253 ], [ -90.995138109751124, 30.582698947790004 ], [ -90.995183073851123, 30.582833654846496 ], [ -90.995207478849494, 30.582902736180824 ], [ -90.995252166218833, 30.583045271340744 ], [ -90.995300448319824, 30.583186355243793 ], [ -90.995356782918989, 30.583325796301811 ], [ -90.995408504286175, 30.583446547830842 ], [ -90.995484252999574, 30.583598963746251 ], [ -90.995555216744236, 30.583732308116168 ], [ -90.995634112640857, 30.58386324977662 ], [ -90.995702521403359, 30.583971782230659 ], [ -90.995805817566989, 30.584117174481662 ], [ -90.995880110804578, 30.584216928705366 ], [ -90.995914249512552, 30.584260233512182 ], [ -90.996056477063519, 30.584441541285564 ], [ -90.996154083878565, 30.584562654673128 ], [ -90.996354578240428, 30.58479469163461 ], [ -90.996487132523285, 30.584942983851224 ], [ -90.997093152550562, 30.585619319149508 ], [ -90.997259504597992, 30.585800826598277 ], [ -90.997389458949712, 30.585946111963946 ], [ -90.99757964504947, 30.586173922693391 ], [ -90.99771374644736, 30.586339357252232 ], [ -90.997745200404466, 30.586382184784991 ], [ -90.997863912191306, 30.58655498505745 ], [ -90.997941488048966, 30.586671484662542 ], [ -90.997978686349441, 30.586730565262194 ], [ -90.998087249335143, 30.586908791564152 ], [ -90.998153714738578, 30.587021172141583 ], [ -90.998165147370045, 30.587048887481838 ], [ -90.998183084909542, 30.587137698421625 ], [ -90.998204045068235, 30.587225589704119 ], [ -90.998227943476991, 30.587312230064686 ], [ -90.998259727481724, 30.587397306380495 ], [ -90.9982920289292, 30.587475216361739 ], [ -90.99829302024925, 30.587478061206752 ], [ -90.99832729024024, 30.587625088881374 ], [ -90.998370004481274, 30.587819085618197 ], [ -90.998391737968888, 30.588056523972202 ], [ -90.998387129099427, 30.588904965518843 ], [ -90.998326768680286, 30.594368309898439 ], [ -90.998236103402164, 30.596088065469555 ], [ -90.99822593120868, 30.596160038792792 ], [ -90.998189118315821, 30.596354428254337 ], [ -90.998163139454633, 30.596477534316328 ], [ -90.998152255384198, 30.596522250677783 ], [ -90.998108445260343, 30.596688944186912 ], [ -90.998074470123356, 30.596809076701934 ], [ -90.997987381831507, 30.597086432036651 ], [ -90.997903142211115, 30.597365215216218 ], [ -90.997855388596733, 30.597528542119917 ], [ -90.997846584504359, 30.597552013452219 ], [ -90.997743410550271, 30.597776382590069 ], [ -90.997642460023783, 30.597988829594211 ], [ -90.997522879140632, 30.598218850624743 ], [ -90.997464435979936, 30.598327786114918 ], [ -90.996795456086588, 30.599358178404263 ], [ -90.995244540551738, 30.600771390454486 ], [ -90.995134350454876, 30.600970826922065 ], [ -90.995769927580781, 30.601980267158741 ], [ -90.995785654030271, 30.602024641529692 ], [ -90.995813756879144, 30.60212460218634 ], [ -90.995825025755735, 30.602169185290141 ], [ -90.995877172957279, 30.602357204654648 ], [ -90.995909804530953, 30.602482688268385 ], [ -90.99592471736787, 30.602546471508322 ], [ -90.995985408930309, 30.602831528601239 ], [ -90.996090762095747, 30.603284539800878 ], [ -90.996267646072312, 30.604116794511867 ], [ -90.996481881498454, 30.605039646073458 ], [ -90.997662598188541, 30.604976492211069 ], [ -90.998576386746137, 30.604940898173599 ], [ -90.999313549257664, 30.604929833632234 ], [ -90.999458276014352, 30.604926572280529 ], [ -90.999460815313967, 30.604926565149807 ], [ -90.999784200580606, 30.604922095653155 ], [ -91.00082632537773, 30.605054547576191 ], [ -91.001068938135802, 30.60513276943113 ], [ -91.001264469341791, 30.605201772171132 ], [ -91.001556057843075, 30.605307499940999 ], [ -91.001683082593772, 30.605358922044484 ], [ -91.001810108522093, 30.605410343125953 ], [ -91.001851309967648, 30.605426147995157 ], [ -91.001986751916405, 30.605473449612635 ], [ -91.002180129695077, 30.605537532205876 ], [ -91.002346915417533, 30.605584788222092 ], [ -91.002530032087506, 30.605633277302221 ], [ -91.003116220337361, 30.605753344175618 ], [ -91.004426868891741, 30.605984858064968 ], [ -91.005002262736525, 30.606090815280787 ], [ -91.005159465107852, 30.60612291231585 ], [ -91.005316668623848, 30.606155009166571 ], [ -91.005908865356503, 30.606291961951303 ], [ -91.006601521722487, 30.606468064745222 ], [ -91.007471704079563, 30.606712807320715 ], [ -91.007759597391797, 30.606786770488583 ], [ -91.00804749217653, 30.606860733031578 ], [ -91.009363755002028, 30.607160309173377 ], [ -91.010073789074681, 30.607318492913031 ], [ -91.010208260077107, 30.607352125069923 ], [ -91.010275495092557, 30.607368940644726 ], [ -91.010585129871643, 30.607470025293118 ], [ -91.010736507251195, 30.607527900643198 ], [ -91.010885316342325, 30.607590560283832 ], [ -91.011031356159847, 30.60765792164905 ], [ -91.011174425751776, 30.607729891349223 ], [ -91.011314333561714, 30.607806372410028 ], [ -91.011450887011762, 30.607887260639014 ], [ -91.01158390292504, 30.607972446454895 ], [ -91.011713199186076, 30.608061813965062 ], [ -91.011838600994608, 30.608155241883008 ], [ -91.011959936694154, 30.608252603517847 ], [ -91.012077042989333, 30.608353765885099 ], [ -91.012189759722801, 30.608458592399753 ], [ -91.012297935095233, 30.608566941085101 ], [ -91.012401420456968, 30.608678662755885 ], [ -91.012566933477643, 30.608870954675403 ], [ -91.013432333924811, 30.609888111033118 ], [ -91.013601951049566, 30.610078620038227 ], [ -91.013770521343673, 30.610272497194572 ], [ -91.013893825473602, 30.610417684950622 ], [ -91.014090083161875, 30.610669907148193 ], [ -91.014243630338939, 30.610873246792274 ], [ -91.014382672074575, 30.611062495805051 ], [ -91.01472338030716, 30.611528385223931 ], [ -91.014831198283716, 30.611672612914287 ], [ -91.014870142557172, 30.611724707063317 ], [ -91.014885107389631, 30.611744726723952 ], [ -91.014993699203259, 30.611886825523367 ], [ -91.015052400083164, 30.611955220857734 ], [ -91.015113935446252, 30.612021727796886 ], [ -91.015178224238923, 30.612086255938873 ], [ -91.015245181214752, 30.612148721185797 ], [ -91.015314717992268, 30.612209041236444 ], [ -91.015386742011714, 30.612267135583572 ], [ -91.015461160698194, 30.612322928230277 ], [ -91.01553787312416, 30.612376345865695 ], [ -91.01559380259404, 30.612413199155394 ], [ -91.01591679086448, 30.612636435970749 ], [ -91.015952492921357, 30.61265978678966 ], [ -91.016507534490941, 30.613001222137399 ], [ -91.017090409801042, 30.613363630718005 ], [ -91.017493253701517, 30.613625319405589 ], [ -91.01800180458936, 30.613942415182688 ], [ -91.018503871448999, 30.614268143165237 ], [ -91.018666962967899, 30.614369156166369 ], [ -91.018748508330546, 30.614419662589107 ], [ -91.018883124162443, 30.614502983753521 ], [ -91.018952872528828, 30.614541545272399 ], [ -91.019024134729847, 30.61457797703433 ], [ -91.019096824337694, 30.614612235534263 ], [ -91.019170851795508, 30.61464427725997 ], [ -91.019246128571595, 30.614674064113963 ], [ -91.019322560913622, 30.61470155979061 ], [ -91.019400057146186, 30.614726730695455 ], [ -91.019478522456112, 30.614749545932941 ], [ -91.019637975788172, 30.614788002048758 ], [ -91.019718768919319, 30.614803596459126 ], [ -91.019800142394843, 30.614816740464466 ], [ -91.019881997174224, 30.614827420299157 ], [ -91.0199642321341, 30.614835621290442 ], [ -91.020046749262349, 30.614841334185638 ], [ -91.020129446369566, 30.614844551526364 ], [ -91.020212222294802, 30.614845270367002 ], [ -91.020294977960134, 30.614843488669408 ], [ -91.020560713787702, 30.614856377634943 ], [ -91.021401129688869, 30.614837212635496 ], [ -91.022322120711294, 30.614834014371649 ], [ -91.023194261432465, 30.614818661322776 ], [ -91.023352043874297, 30.614823636371248 ], [ -91.024022860580104, 30.614844786461077 ], [ -91.02469367861795, 30.614865932254627 ], [ -91.025044206644353, 30.614892397720102 ], [ -91.025394734855155, 30.614918863159982 ], [ -91.026502694313649, 30.61503118153756 ], [ -91.027292916013337, 30.615128642928692 ], [ -91.027343443843534, 30.615135079286897 ], [ -91.029462427504598, 30.615404969368093 ], [ -91.030565847702192, 30.615544573131569 ], [ -91.031471968228047, 30.615653054574054 ], [ -91.032371438294703, 30.615762754999768 ], [ -91.032591937108464, 30.615800539463425 ], [ -91.032700774123612, 30.615824865359901 ], [ -91.032808458324254, 30.615852769625075 ], [ -91.032914831326892, 30.6158842086048 ], [ -91.033085394655856, 30.6159626364894 ], [ -91.033115024678608, 30.615976365834836 ], [ -91.033176026611059, 30.616007217391832 ], [ -91.033236586623985, 30.616040053295237 ], [ -91.033346839940023, 30.616108969382314 ], [ -91.033426393446319, 30.616167183616767 ], [ -91.033463574675778, 30.616196356552628 ], [ -91.033529396460864, 30.616252317934013 ], [ -91.033620941780242, 30.616342658945353 ], [ -91.033683669474968, 30.616413407497308 ], [ -91.033705562621137, 30.616439733244224 ], [ -91.033742178948373, 30.616487474080287 ], [ -91.033788329567244, 30.616551892507996 ], [ -91.033811861786518, 30.616590115251419 ], [ -91.03385458990428, 30.616664770308454 ], [ -91.033897317043497, 30.616739425347514 ], [ -91.033945971176124, 30.616828628226244 ], [ -91.033994625399046, 30.616917830182384 ], [ -91.034055338924347, 30.617045160339412 ], [ -91.034126313937094, 30.617201252413341 ], [ -91.034180253721487, 30.617324470168008 ], [ -91.03426012765506, 30.617496103530254 ], [ -91.034307147004398, 30.617592952703543 ], [ -91.03434483082188, 30.617665640582665 ], [ -91.034435023881201, 30.617832933069398 ], [ -91.03448304808731, 30.617918316890879 ], [ -91.034556110638448, 30.618049740990681 ], [ -91.034633654992888, 30.618182548944169 ], [ -91.034716224981594, 30.618305177006469 ], [ -91.034803120411468, 30.618428823230584 ], [ -91.034859807458901, 30.618507146360816 ], [ -91.034917550662357, 30.618591510050241 ], [ -91.034987982199695, 30.618681585090041 ], [ -91.0350245110793, 30.618726287289039 ], [ -91.035129947463275, 30.618858819453354 ], [ -91.035826693965774, 30.619734611325562 ], [ -91.035860173941614, 30.619775143550992 ], [ -91.035964342792553, 30.619895662495139 ], [ -91.036070313306652, 30.619997344646627 ], [ -91.036187061124565, 30.620095217243499 ], [ -91.036311149927897, 30.620186050495054 ], [ -91.03643858868611, 30.620267248410094 ], [ -91.036553103136697, 30.620334115531129 ], [ -91.03803176492292, 30.621197520435363 ], [ -91.039165555053685, 30.621890254662532 ], [ -91.040468506954412, 30.622678203403584 ], [ -91.040488982261948, 30.622690560485257 ], [ -91.041961810488701, 30.623592780812213 ], [ -91.042921496196442, 30.624179057392396 ], [ -91.042935841317743, 30.624187820491628 ], [ -91.046432072395589, 30.626415682935782 ], [ -91.046491096626696, 30.626451289371232 ], [ -91.046672761970015, 30.626541936034236 ], [ -91.046806321857474, 30.626596605598312 ], [ -91.046887769253559, 30.626624475822233 ], [ -91.046985825906035, 30.626654988757263 ], [ -91.047141617590015, 30.626692368105637 ], [ -91.047297409391476, 30.626729747270286 ], [ -91.047745347495635, 30.626837425429965 ], [ -91.048195583978412, 30.626945981082169 ], [ -91.048645820404559, 30.627054535198216 ], [ -91.048858181329948, 30.627107554374149 ], [ -91.048962400885827, 30.627134988716261 ], [ -91.049068709120107, 30.627165548479926 ], [ -91.049303723776887, 30.627236708449466 ], [ -91.049512084631985, 30.627302348218045 ], [ -91.049561725980539, 30.627318691075196 ], [ -91.050198295094404, 30.627555190319459 ], [ -91.05026604128426, 30.627584244210219 ], [ -91.050816738264885, 30.627820415359974 ], [ -91.051113355838183, 30.627963400341287 ], [ -91.051409975313064, 30.62810638375176 ], [ -91.051746880463924, 30.628288100457425 ], [ -91.052276665455125, 30.628600620197801 ], [ -91.052881002845979, 30.628998095352046 ], [ -91.053180871052689, 30.629201895508704 ], [ -91.053480740495374, 30.629405694070442 ], [ -91.057044506424532, 30.631918940400318 ], [ -91.057648479151794, 30.63234875998317 ], [ -91.058129384713467, 30.632668690542179 ], [ -91.058615029771431, 30.632970329702427 ], [ -91.059623414607884, 30.633601287554445 ], [ -91.059834044765594, 30.633737921395568 ], [ -91.060067061833948, 30.63389392339262 ], [ -91.060243616296745, 30.634021097087956 ], [ -91.060435163700646, 30.634162435285916 ], [ -91.060606836476495, 30.634290272244407 ], [ -91.060683823559941, 30.634346062302885 ], [ -91.060780334716497, 30.634416001082709 ], [ -91.060962362182579, 30.634537510396992 ], [ -91.06107436207904, 30.634610524232112 ], [ -91.061219473709855, 30.634705055273429 ], [ -91.061368355231025, 30.63479816868643 ], [ -91.061437927839918, 30.634840140258643 ], [ -91.061520835325084, 30.634885771610115 ], [ -91.061676731340981, 30.634968275884617 ], [ -91.061762573455937, 30.635012361611739 ], [ -91.061958783552612, 30.635113344102116 ], [ -91.062158222700745, 30.635212372800748 ], [ -91.062317460791931, 30.635289211203499 ], [ -91.062506354397115, 30.635390559464668 ], [ -91.062658706178283, 30.635475428555402 ], [ -91.062937057993537, 30.635644618123415 ], [ -91.063141294215072, 30.63577742609047 ], [ -91.063354871200431, 30.635921002219181 ], [ -91.063446452089053, 30.635987342508997 ], [ -91.063538032054709, 30.636053683633989 ], [ -91.063617401619751, 30.636112524746622 ], [ -91.063697826902612, 30.63617214911358 ], [ -91.063731252756156, 30.636198157605651 ], [ -91.064553731605187, 30.636876510658666 ], [ -91.064964975252764, 30.637215685210961 ], [ -91.065376221715809, 30.637554858447039 ], [ -91.065410386225764, 30.637582709932364 ], [ -91.065481919803474, 30.637639610027474 ], [ -91.065584621048188, 30.637717800441592 ], [ -91.065705771191219, 30.637799738067148 ], [ -91.065767147591856, 30.637839317531025 ], [ -91.065823497724296, 30.637872836930502 ], [ -91.066086454921134, 30.638021197841667 ], [ -91.06955502818623, 30.63909266331623 ], [ -91.070691451410781, 30.639547201509338 ], [ -91.070829831186757, 30.639621989310985 ], [ -91.070979196969745, 30.639706237509706 ], [ -91.071111959109871, 30.639790675484413 ], [ -91.07122339866028, 30.639864078168028 ], [ -91.071486461253286, 30.640023790354107 ], [ -91.071754579757354, 30.640189523985676 ], [ -91.072118751191226, 30.640410307602583 ], [ -91.072479277249741, 30.640632270990189 ], [ -91.072786005745328, 30.640823804241659 ], [ -91.072950826558653, 30.64092683366102 ], [ -91.073119323718828, 30.641028762403057 ], [ -91.073185429942541, 30.641067468189629 ], [ -91.073291341209156, 30.641124646148956 ], [ -91.073466715273113, 30.641216057696102 ], [ -91.073569483385711, 30.64126777923159 ], [ -91.073645269325411, 30.641302701723333 ], [ -91.073736053054759, 30.641342961967506 ], [ -91.073826837903454, 30.641383221248958 ], [ -91.073946351879655, 30.641434560347793 ], [ -91.07396549970106, 30.641441820337398 ], [ -91.074085720258211, 30.641479930694011 ], [ -91.074239081746043, 30.64152513070783 ], [ -91.074370407003258, 30.641555430233669 ], [ -91.074519618383306, 30.641586833460543 ], [ -91.074661301137638, 30.64160780433992 ], [ -91.074732880743781, 30.64161703825086 ], [ -91.07480446036557, 30.641626271221067 ], [ -91.074956270296042, 30.641636596901758 ], [ -91.075091228305595, 30.641643306728575 ], [ -91.075444497043577, 30.641655003870085 ], [ -91.075798050578399, 30.641663922386925 ], [ -91.07615177299347, 30.641670097230939 ], [ -91.076505549523475, 30.641673521864224 ], [ -91.076746664361977, 30.641674280276074 ], [ -91.077145950197789, 30.641684835216427 ], [ -91.077545468541445, 30.641692642737183 ], [ -91.077945112960066, 30.641697699925057 ], [ -91.078144946025333, 30.641698854304352 ], [ -91.080130777060546, 30.64168308763275 ], [ -91.080516086683062, 30.641665713308058 ], [ -91.080753749034088, 30.641653574224865 ], [ -91.081289671711517, 30.641617291343181 ], [ -91.081825098090107, 30.641578280336134 ], [ -91.082569054992931, 30.641519437623941 ], [ -91.082841821011201, 30.641494359432819 ], [ -91.082998206946726, 30.641478717063858 ], [ -91.083003521070111, 30.641478292326262 ], [ -91.083073291936941, 30.641472852295678 ], [ -91.086242616338552, 30.641667800659175 ], [ -91.088531584381613, 30.641691449442682 ], [ -91.088598917801647, 30.64169248665533 ], [ -91.088783527743047, 30.641695191657895 ], [ -91.089030868844787, 30.641703442248712 ], [ -91.089335394547902, 30.641732013849648 ], [ -91.089462050185773, 30.64174657113276 ], [ -91.089580759130911, 30.641766462683481 ], [ -91.089699467080578, 30.641786354125831 ], [ -91.090134880728641, 30.641867570266413 ], [ -91.094493644407024, 30.642634269475533 ], [ -91.094729911254845, 30.642676373096378 ], [ -91.095052851439732, 30.642733927785212 ], [ -91.095375792001988, 30.642791480783945 ], [ -91.095524117604612, 30.642817750579539 ], [ -91.095748853739721, 30.642864565509711 ], [ -91.095859635835836, 30.642893126409813 ], [ -91.095969172610978, 30.642925078400676 ], [ -91.096077325430983, 30.642960377939957 ], [ -91.096183956699903, 30.642998983291577 ], [ -91.09628893301776, 30.643040842805039 ], [ -91.096392120981506, 30.643085905732249 ], [ -91.0964933892934, 30.64313411321114 ], [ -91.09659260978421, 30.64318540638531 ], [ -91.096689657433174, 30.643239718286257 ], [ -91.096784409306906, 30.643296981047296 ], [ -91.096876744570707, 30.64335712139361 ], [ -91.096966548650101, 30.643420065159841 ], [ -91.097053704902805, 30.643485730058789 ], [ -91.097138105026787, 30.643554035622291 ], [ -91.097219640738473, 30.64362489326426 ], [ -91.097298210012511, 30.64369821440965 ], [ -91.097373712921936, 30.643773905075285 ], [ -91.097446053711607, 30.643851871285278 ], [ -91.09751514185659, 30.64393201275886 ], [ -91.097580887876276, 30.644014228315161 ], [ -91.097643210641337, 30.644098414082034 ], [ -91.098363950107114, 30.645111232907411 ], [ -91.09966820537251, 30.646970617452205 ], [ -91.099820144717285, 30.647193946424473 ], [ -91.099902833954545, 30.647302007367433 ], [ -91.099989869452841, 30.647407485298125 ], [ -91.100081143023274, 30.647510251028699 ], [ -91.100176542298172, 30.647610177167738 ], [ -91.100275947598831, 30.647707139017108 ], [ -91.100379237143557, 30.647801018189188 ], [ -91.100486281843942, 30.647891697185329 ], [ -91.100596950510621, 30.647979063915727 ], [ -91.100711105684411, 30.648063009887593 ], [ -91.100828605718817, 30.648143432013189 ], [ -91.1009493058271, 30.648220230807635 ], [ -91.101073055996324, 30.648293310385263 ], [ -91.101199703067195, 30.648362581169362 ], [ -91.101329090742709, 30.648427956284092 ], [ -91.101461058536501, 30.648489355161129 ], [ -91.101595441774933, 30.648546702637105 ], [ -91.101732076817811, 30.648599927159307 ], [ -91.101870792708112, 30.648648962574836 ], [ -91.102011417431612, 30.648693748141692 ], [ -91.10215377791701, 30.648734228528777 ], [ -91.10229769690406, 30.648770354712553 ], [ -91.102442997127426, 30.648802079474095 ], [ -91.102589498165798, 30.648829366414123 ], [ -91.102737019597129, 30.648852179133989 ], [ -91.102885377843677, 30.648870492054542 ], [ -91.103034388283774, 30.648884279595766 ], [ -91.103766482989585, 30.64890166163163 ], [ -91.105147368730911, 30.64897321608645 ], [ -91.109352100007669, 30.648996252650541 ], [ -91.120878894359663, 30.648918994100583 ], [ -91.120967671356894, 30.649789820829959 ], [ -91.121024333143652, 30.650315360698272 ], [ -91.121080995529596, 30.650840901347298 ], [ -91.121135397068599, 30.651441245555741 ], [ -91.121167485236825, 30.65175444519604 ], [ -91.121227156338691, 30.652336866339496 ], [ -91.12138499231709, 30.653781137132398 ], [ -91.121435666590557, 30.654277945285379 ], [ -91.121486340328929, 30.654774753330251 ], [ -91.121504233189924, 30.654950167054075 ], [ -91.121522125070939, 30.655125580762988 ], [ -91.121566352292618, 30.655559169302496 ], [ -91.121576224140995, 30.655616937780866 ], [ -91.121592489315546, 30.655699284777818 ], [ -91.121627960266835, 30.655833549317148 ], [ -91.121650754632, 30.655902327727809 ], [ -91.121670585166129, 30.655956307378482 ], [ -91.12168604856069, 30.655994501025337 ], [ -91.121725928158469, 30.656084702600914 ], [ -91.122131330644379, 30.656867270957036 ], [ -91.122386451423338, 30.657352528731863 ], [ -91.122592721710802, 30.657753401975718 ], [ -91.122798993667658, 30.658154274841792 ], [ -91.12309411165792, 30.658697187532571 ], [ -91.123479440213117, 30.65946825180729 ], [ -91.123709663988379, 30.659876666613695 ], [ -91.123722029303508, 30.659897875477956 ], [ -91.123744513819815, 30.659944091657543 ], [ -91.123769011774215, 30.660004281472968 ], [ -91.123777207989448, 30.66002830705628 ], [ -91.123789339891019, 30.660066156876521 ], [ -91.123803833077417, 30.660124204809385 ], [ -91.123812844164206, 30.660193143158484 ], [ -91.123878109131269, 30.660605626395608 ], [ -91.12390415168943, 30.660845901075131 ], [ -91.12397642899289, 30.661512743492278 ], [ -91.124043257470319, 30.662168719523386 ], [ -91.124187529011294, 30.663402011137698 ], [ -91.124278436129373, 30.664198117729391 ], [ -91.12454120759962, 30.666578407482913 ], [ -91.124596670719853, 30.667007928393421 ], [ -91.124617152905927, 30.667148158264961 ], [ -91.12462791301212, 30.66723245325171 ], [ -91.124636198977797, 30.667310839744424 ], [ -91.124639651467106, 30.667351631627678 ], [ -91.124650007908471, 30.66747400727165 ], [ -91.124650135460868, 30.668081122630213 ], [ -91.124650261969464, 30.668688238757543 ], [ -91.124650627890276, 30.668881073070125 ], [ -91.124653306569158, 30.670289701887743 ], [ -91.124662895367067, 30.671385861426963 ], [ -91.12467248542066, 30.672482020536897 ], [ -91.124676325519573, 30.674273775134573 ], [ -91.124678558534598, 30.67464934729718 ], [ -91.124692888501613, 30.677059511688832 ], [ -91.124702736909555, 30.678715631824637 ], [ -91.124701183209666, 30.679647900223895 ], [ -91.124697315843591, 30.680012898600658 ], [ -91.125236129721088, 30.680069342734605 ], [ -91.125506914473107, 30.68008537229505 ], [ -91.125599973221711, 30.680090921191002 ], [ -91.1350342243055, 30.680653142424976 ], [ -91.135288558190226, 30.680668289422947 ], [ -91.135744658963503, 30.680711217469995 ], [ -91.135970986305324, 30.680743768117445 ], [ -91.136779259619502, 30.680853796557294 ], [ -91.137114613180614, 30.68090500438726 ], [ -91.137280442882243, 30.680938515890404 ], [ -91.137444746003126, 30.680977240358743 ], [ -91.137607302463579, 30.681021126960118 ], [ -91.138872549595789, 30.681280738502167 ], [ -91.139126282808647, 30.681331360561217 ], [ -91.139254168880797, 30.681352540336988 ] ] ] } },
{ "type": "Feature", "properties": { "ID": 3, "NAME": "AMITE RIVER BASIN DRAINAGE DISTRICT", "YEAR_CREATED": "1981" }, "geometry": { "type": "MultiPolygon", "coordinates": [ [ [ [ -91.055871016250393, 30.4281747921342 ], [ -91.057153739511023, 30.431782404084569 ], [ -91.0573420023441, 30.432608850723287 ], [ -91.057453080187301, 30.445072794179413 ], [ -91.058049334907551, 30.447995137855596 ], [ -91.058061154394011, 30.448583532878434 ], [ -91.058162908584663, 30.459068749052005 ], [ -91.058062620772347, 30.472649499757598 ], [ -91.058847417967172, 30.472628123040163 ], [ -91.05926270050432, 30.472616809655143 ], [ -91.060350663833077, 30.472588376907279 ], [ -91.061486693525154, 30.472560037603017 ], [ -91.063189484494814, 30.472513121461425 ], [ -91.064026961921925, 30.472490723762103 ], [ -91.065203467547505, 30.472462431327784 ], [ -91.109129542977357, 30.471292568618288 ], [ -91.109152795959233, 30.471404515686871 ], [ -91.128858794508488, 30.498922386132808 ], [ -91.131307344637094, 30.50232761857729 ], [ -91.132273071723915, 30.503454279982542 ], [ -91.133314798745843, 30.504472969772713 ], [ -91.133399777416997, 30.504549577912289 ], [ -91.133639097657948, 30.50475736986326 ], [ -91.133882884528404, 30.504961235098584 ], [ -91.134131056930016, 30.505161093188558 ], [ -91.134257286869328, 30.50525898751587 ], [ -91.135165694942756, 30.505919069694304 ], [ -91.135941787609781, 30.506417706092741 ], [ -91.136418377340192, 30.506706942109062 ], [ -91.13684885630046, 30.506937626236926 ], [ -91.137529064197395, 30.507277730042723 ], [ -91.137958482660252, 30.507492436105835 ], [ -91.138010631930584, 30.507518339162907 ], [ -91.138288484234394, 30.507631824423569 ], [ -91.138506247451247, 30.507723975249419 ], [ -91.13958306197577, 30.50812700139711 ], [ -91.141444245182569, 30.508702533218425 ], [ -91.143100188768386, 30.509015946253179 ], [ -91.144577391178601, 30.509327147878899 ], [ -91.145922957295326, 30.509287687996931 ], [ -91.145922427561032, 30.509274159911683 ], [ -91.145757181004868, 30.502975049964451 ], [ -91.145745264797483, 30.502433753653136 ], [ -91.145733348718451, 30.501892458153154 ], [ -91.145680994014327, 30.500138645631655 ], [ -91.145662229848014, 30.499510033616058 ], [ -91.153241159514877, 30.499271207340879 ], [ -91.164393908158274, 30.467609728071221 ], [ -91.160785463544059, 30.467725970957666 ], [ -91.160640330497131, 30.464446609236163 ], [ -91.160551309554222, 30.464449325502351 ], [ -91.160454399287161, 30.461272988109567 ], [ -91.160735613635495, 30.461264653927874 ], [ -91.160580955933156, 30.45755312372831 ], [ -91.166191330165717, 30.457391938008865 ], [ -91.166075884467389, 30.454224658892237 ], [ -91.166096133258065, 30.453152369443153 ], [ -91.166033612361389, 30.452080676803124 ], [ -91.166009669971089, 30.451376837002602 ], [ -91.165981420332699, 30.450788584836889 ], [ -91.165971198493409, 30.450575721981281 ], [ -91.16596465038198, 30.450312630614938 ], [ -91.16593942593228, 30.449983754059851 ], [ -91.180073876305997, 30.449570705819202 ], [ -91.180463336233132, 30.452728902834032 ], [ -91.190443771604421, 30.452425093203466 ], [ -91.19072236493443, 30.452460012926196 ], [ -91.190568367854013, 30.449108337746928 ], [ -91.190565053708653, 30.448991811772355 ], [ -91.190563481137971, 30.448874066259314 ], [ -91.190565418030005, 30.448747881074084 ], [ -91.190577841261501, 30.448593736448114 ], [ -91.190595433808284, 30.448380993845067 ], [ -91.190614804738487, 30.448129046994616 ], [ -91.190630629449188, 30.447918314988797 ], [ -91.190641259169809, 30.447687670284758 ], [ -91.190638187406321, 30.447433629795668 ], [ -91.190629918176441, 30.447185381342276 ], [ -91.190606498096727, 30.446624936675274 ], [ -91.190596542368567, 30.446329598703137 ], [ -91.190588542240121, 30.446020322080596 ], [ -91.190572571807991, 30.445860457269688 ], [ -91.190568481332122, 30.445829184976205 ], [ -91.190537891407232, 30.445660471207422 ], [ -91.190529273535716, 30.445620142556631 ], [ -91.19050642403117, 30.445536537508108 ], [ -91.190494908239629, 30.44549868283443 ], [ -91.190445417953754, 30.445342758143429 ], [ -91.190234110951664, 30.444544274845615 ], [ -91.190200317820015, 30.44443953026456 ], [ -91.190162012875106, 30.444322243681533 ], [ -91.190130344190109, 30.44420496066105 ], [ -91.190119811730995, 30.444147475039809 ], [ -91.190109280131495, 30.44409228881938 ], [ -91.190094795036202, 30.44401640821005 ], [ -91.190088250946445, 30.443955479153253 ], [ -91.19007912122666, 30.443845119626463 ], [ -91.190074026291043, 30.443699129599548 ], [ -91.190061209183867, 30.443388755973601 ], [ -91.190054889098633, 30.443172646811995 ], [ -91.190043457622977, 30.442819145280037 ], [ -91.190015411732148, 30.442030293436435 ], [ -91.18999756940535, 30.441523904733433 ], [ -91.189982235680077, 30.44111745929197 ], [ -91.18997083415411, 30.440746442776479 ], [ -91.189955513948135, 30.440330794226401 ], [ -91.189936349210413, 30.439822105331164 ], [ -91.189926269472451, 30.439460227286482 ], [ -91.189915909731582, 30.439284319250696 ], [ -91.189908880081163, 30.439064694548783 ], [ -91.190558257397242, 30.439104705423489 ], [ -91.190560355473536, 30.439077706593984 ], [ -91.190652703607157, 30.437889345642702 ], [ -91.190653016503447, 30.437883148680235 ], [ -91.190654041815947, 30.437828184155165 ], [ -91.190649065133186, 30.437773398982177 ], [ -91.190636973221942, 30.437715411859809 ], [ -91.190621193252085, 30.437666552527045 ], [ -91.19059881394422, 30.437615559862625 ], [ -91.190571182307409, 30.437566873558755 ], [ -91.190535463601236, 30.437516829001865 ], [ -91.190503389244341, 30.437477223651008 ], [ -91.19031337468202, 30.437254651549853 ], [ -91.190277848916281, 30.437212484104691 ], [ -91.190239283609685, 30.437158537585901 ], [ -91.19021636110314, 30.437118432387599 ], [ -91.190193419674614, 30.437067634789614 ], [ -91.190176122414812, 30.437014992225368 ], [ -91.190171573210392, 30.43699679411586 ], [ -91.190164694461018, 30.436961034462712 ], [ -91.190160062361556, 30.436920910263389 ], [ -91.190158694878534, 30.436901095458808 ], [ -91.190147643857173, 30.436643525606364 ], [ -91.190147454581293, 30.436633283164188 ], [ -91.19014827403349, 30.436571820704561 ], [ -91.190155130090162, 30.43651067058563 ], [ -91.190167943961754, 30.436450318041224 ], [ -91.190186712853389, 30.436391250190987 ], [ -91.190200284816925, 30.436358172006805 ], [ -91.190210590296942, 30.436334248221318 ], [ -91.190413590278382, 30.435889054873588 ], [ -91.190423908934847, 30.435865309694879 ], [ -91.190455065690642, 30.435787636210165 ], [ -91.190474740027085, 30.435727821460421 ], [ -91.190496087049382, 30.435645019853521 ], [ -91.190505425868224, 30.435598235333611 ], [ -91.190506929835706, 30.435589785350686 ], [ -91.190613651001726, 30.434957614929687 ], [ -91.190614548050007, 30.434942630507152 ], [ -91.190625508460229, 30.43488513278616 ], [ -91.190636451792557, 30.434812707387024 ], [ -91.190638381557861, 30.434805679541931 ], [ -91.190943486646262, 30.432950101682778 ], [ -91.191048228586411, 30.432134759461725 ], [ -91.191131688008738, 30.431647043317284 ], [ -91.191169469648003, 30.431477923507643 ], [ -91.191223894122729, 30.431250228555541 ], [ -91.191281181229058, 30.43099768875792 ], [ -91.191283951521001, 30.430984444640945 ], [ -91.191300756911616, 30.430894483492516 ], [ -91.191311415224988, 30.430803789560578 ], [ -91.191315888532316, 30.430712691164207 ], [ -91.191314415760431, 30.430626645262819 ], [ -91.191306224154971, 30.430530616904736 ], [ -91.191292309108221, 30.430441213610901 ], [ -91.191272252496375, 30.430352376538288 ], [ -91.191268213765852, 30.43033688883904 ], [ -91.191080372987784, 30.429632753220801 ], [ -91.191076467671408, 30.429617188978842 ], [ -91.191053233813477, 30.429516378685616 ], [ -91.191036131675943, 30.429414618775287 ], [ -91.191025218076376, 30.429312200684461 ], [ -91.19102051965011, 30.429209411305887 ], [ -91.191022056764169, 30.429106552860151 ], [ -91.191029825865186, 30.429003912205967 ], [ -91.191043793197622, 30.428901786091437 ], [ -91.1910537501806, 30.428851593134436 ], [ -91.191969004905715, 30.425665826931571 ], [ -91.192242514415696, 30.424834977875932 ], [ -91.192515975695301, 30.424034912567638 ], [ -91.192668762264532, 30.423599685627856 ], [ -91.192687479222542, 30.423542917473416 ], [ -91.193374557040968, 30.421435904987629 ], [ -91.19353533211239, 30.420946588008256 ], [ -91.193579183765038, 30.420766797239203 ], [ -91.193589976818529, 30.42073491540102 ], [ -91.193594406123466, 30.420723580862912 ], [ -91.193640394664939, 30.420555515829506 ], [ -91.193677992253569, 30.420396507873544 ], [ -91.193680561449327, 30.42038519301677 ], [ -91.19379126183604, 30.419875938001418 ], [ -91.193834668923927, 30.419652582179424 ], [ -91.194549618017703, 30.415835770749901 ], [ -91.194650193799717, 30.415343872535914 ], [ -91.194652384465343, 30.415333637947956 ], [ -91.194688253780555, 30.415173156358797 ], [ -91.194732384228814, 30.41500357142969 ], [ -91.194786953320403, 30.414821783154501 ], [ -91.194838953305862, 30.41466847015359 ], [ -91.194901281078856, 30.414503291959047 ], [ -91.194969547130668, 30.414339913292419 ], [ -91.195004129803905, 30.414262636974634 ], [ -91.195015102310592, 30.414238576249733 ], [ -91.195154854631014, 30.413936606052964 ], [ -91.195704300965375, 30.412783470321855 ], [ -91.19623325718041, 30.411606822132285 ], [ -91.19655522361181, 30.410996871293136 ], [ -91.197240028328125, 30.409812552238201 ], [ -91.197658320200546, 30.408996070506646 ], [ -91.198201655186139, 30.407887955200856 ], [ -91.198745242010943, 30.406780889426997 ], [ -91.199197464427684, 30.405838970482787 ], [ -91.199906491611486, 30.404348447057394 ], [ -91.200043345196988, 30.404006672267965 ], [ -91.200193221081818, 30.40361843654388 ], [ -91.200343305607078, 30.403236724735731 ], [ -91.200525863347096, 30.402784650729402 ], [ -91.200632885053281, 30.402563810120263 ], [ -91.200750171607865, 30.402346920940172 ], [ -91.200877527868684, 30.402134342901046 ], [ -91.202092672191782, 30.40008380097067 ], [ -91.202560800662013, 30.399304390047845 ], [ -91.20289185921385, 30.398778754664225 ], [ -91.203054131670456, 30.398528099930552 ], [ -91.203196900153046, 30.398331707327049 ], [ -91.203741222288627, 30.397661449572396 ], [ -91.203742039454056, 30.397660452660244 ], [ -91.203964704817224, 30.397392908334247 ], [ -91.203993132515492, 30.397358154206326 ], [ -91.20420069753672, 30.39710610525033 ], [ -91.204229413733458, 30.397071038325048 ], [ -91.204410348497234, 30.396848845700415 ], [ -91.204439439506118, 30.39681352289869 ], [ -91.206152441579192, 30.39475209053932 ], [ -91.209248010263593, 30.391273383597248 ], [ -91.211592466522205, 30.388696344363204 ], [ -91.216168216077364, 30.384884025325999 ], [ -91.216484843075364, 30.384606394637078 ], [ -91.217045533879357, 30.384106766942686 ], [ -91.217482722038426, 30.38371996547405 ], [ -91.21906450965534, 30.382312303487041 ], [ -91.219109678478844, 30.382272121715815 ], [ -91.219736737835106, 30.381717894330393 ], [ -91.22070087423208, 30.380858447929654 ], [ -91.221437545134847, 30.380206258674505 ], [ -91.221575076904202, 30.38008369814996 ], [ -91.224264365820474, 30.376482761005523 ], [ -91.224337125190786, 30.376373162175195 ], [ -91.22556595436987, 30.374521236965091 ], [ -91.225584944228302, 30.374493956797675 ], [ -91.225898407285726, 30.374064252689116 ], [ -91.226217185004856, 30.373637508270537 ], [ -91.226541275209684, 30.373213774922213 ], [ -91.226846839528932, 30.372823175180738 ], [ -91.226945098106214, 30.372699223140149 ], [ -91.226970050743077, 30.372668021633149 ], [ -91.227220502710423, 30.372356490558126 ], [ -91.227441983368664, 30.372072748343466 ], [ -91.227682800020702, 30.37175490115748 ], [ -91.227918273920352, 30.371434071420637 ], [ -91.228148358209154, 30.371110327682892 ], [ -91.228393482198854, 30.370753429832721 ], [ -91.228611875507696, 30.370424207429718 ], [ -91.228824761540992, 30.370092273988739 ], [ -91.229060506471939, 30.369711118993145 ], [ -91.229078880634688, 30.36968285632171 ], [ -91.229759060329087, 30.368701288529735 ], [ -91.230739066583496, 30.367300352451529 ], [ -91.230758375281525, 30.367271889988903 ], [ -91.230873398144993, 30.367096026669575 ], [ -91.230982898190106, 30.366917505892211 ], [ -91.231086808718203, 30.366736462933346 ], [ -91.231171935327595, 30.366578264549322 ], [ -91.231265671103486, 30.366391924561633 ], [ -91.231353520529012, 30.366203460925504 ], [ -91.231435423147715, 30.366013016137352 ], [ -91.231463266312858, 30.365944786597456 ], [ -91.231470552269911, 30.3659268954715 ], [ -91.232534621886515, 30.363335744608758 ], [ -91.232846636012667, 30.362575920834423 ], [ -91.232852514516551, 30.362559556703481 ], [ -91.232896709050621, 30.362414986405209 ], [ -91.232932001548804, 30.362280999975738 ], [ -91.232967502711205, 30.362119537531363 ], [ -91.232993612318765, 30.361970322967444 ], [ -91.233012321106173, 30.361830652404375 ], [ -91.233028117157758, 30.361655879812638 ], [ -91.233028304362676, 30.361652830856663 ], [ -91.233103603333191, 30.360306642382287 ], [ -91.233143248516882, 30.359679229127735 ], [ -91.233143473074207, 30.359676268604144 ], [ -91.233152252579643, 30.359578413593191 ], [ -91.233170004799064, 30.359440718697748 ], [ -91.233192054530633, 30.359314058840162 ], [ -91.233221693862987, 30.359179078336506 ], [ -91.23322423208468, 30.359167685826677 ], [ -91.233619043451853, 30.357405848574075 ], [ -91.233621257118941, 30.357395407523072 ], [ -91.233645095278021, 30.357276766746697 ], [ -91.233665347377055, 30.357146045928019 ], [ -91.233680108063822, 30.357008112270172 ], [ -91.233688062776523, 30.356873088162089 ], [ -91.233689701090043, 30.356744479539735 ], [ -91.233685247135355, 30.356610416725161 ], [ -91.233673596110918, 30.356467909320251 ], [ -91.233656016061246, 30.356333556040344 ], [ -91.233632101491949, 30.356199932284191 ], [ -91.23360485793981, 30.356079126670679 ], [ -91.233569292094259, 30.355948661377436 ], [ -91.233565721556531, 30.355935737883438 ], [ -91.233304284703863, 30.354993951942102 ], [ -91.233300499954609, 30.354981028275482 ], [ -91.233257677797837, 30.354842995950598 ], [ -91.233208701480635, 30.354706485299385 ], [ -91.233153641557166, 30.354571696635261 ], [ -91.233100943351488, 30.354456170509046 ], [ -91.23303544847731, 30.354326586214242 ], [ -91.233024013206972, 30.354303343902302 ], [ -91.232799303850243, 30.353830689165495 ], [ -91.23278863721292, 30.353809676508678 ], [ -91.232738768374816, 30.353716479389746 ], [ -91.232672254640931, 30.353603760713426 ], [ -91.232581841149795, 30.353467116271514 ], [ -91.23252309864823, 30.353386474968023 ], [ -91.232440772217231, 30.353282311362083 ], [ -91.232353518454445, 30.353181397818243 ], [ -91.232274342742357, 30.353096987133142 ], [ -91.232235662582397, 30.353057247911554 ], [ -91.230394674429107, 30.351219044221306 ], [ -91.230282670516274, 30.351127543253426 ], [ -91.230188224010647, 30.351057687413164 ], [ -91.230089731428677, 30.350991842698779 ], [ -91.230032139577986, 30.350956349562292 ], [ -91.229987442191216, 30.350930213171754 ], [ -91.229881623415352, 30.350872987572071 ], [ -91.229772537041413, 30.350820329377274 ], [ -91.229660469980459, 30.350772393064187 ], [ -91.229545702915715, 30.350729318671824 ], [ -91.229428533197137, 30.350691220994147 ], [ -91.22930925713014, 30.350658217531645 ], [ -91.22922348460834, 30.350637932047754 ], [ -91.229099424344525, 30.350613505425802 ], [ -91.228974138293879, 30.350594555286328 ], [ -91.228847933229332, 30.350581130582114 ], [ -91.228792991834396, 30.350576792210912 ], [ -91.228789581336173, 30.350576644273801 ], [ -91.228527966573665, 30.350571940928244 ], [ -91.224542302357321, 30.350731213152446 ], [ -91.224539042372925, 30.350731347587718 ], [ -91.223867622390472, 30.350759323811793 ], [ -91.223689427944024, 30.350765623382266 ], [ -91.223397622866813, 30.350793485007408 ], [ -91.223271253480263, 30.350811480488147 ], [ -91.223068447148236, 30.350842774925098 ], [ -91.222535281753451, 30.350941110931846 ], [ -91.222521370063617, 30.350943571928109 ], [ -91.222339922688306, 30.35097403879017 ], [ -91.222157372410194, 30.350999129747439 ], [ -91.221973927330339, 30.351018807984687 ], [ -91.221789810092488, 30.351033054741954 ], [ -91.221605235021713, 30.351041849449409 ], [ -91.221420419548707, 30.351045185072479 ], [ -91.221235579025077, 30.351043053673887 ], [ -91.221055819290811, 30.351035732929645 ], [ -91.220891583148216, 30.351024482062428 ], [ -91.220885351068901, 30.351024012175646 ], [ -91.219998558241883, 30.350951088055478 ], [ -91.216387629934729, 30.351137868151774 ], [ -91.208377873118692, 30.351557675907696 ], [ -91.206335154568066, 30.351677560790627 ], [ -91.206314949118678, 30.351682675233359 ], [ -91.205977348379733, 30.351775540150101 ], [ -91.205957143369034, 30.351781093862392 ], [ -91.20536827008344, 30.351942933067726 ], [ -91.205348080479325, 30.351948585932966 ], [ -91.204462922210752, 30.352200893393189 ], [ -91.204442027907461, 30.352206855755568 ], [ -91.203602730226322, 30.352446478918164 ], [ -91.203582457151782, 30.352452172927766 ], [ -91.202888704285726, 30.35264373145338 ], [ -91.202867961871902, 30.352649532239916 ], [ -91.202225903298199, 30.352831344187674 ], [ -91.202205160752939, 30.352837185464477 ], [ -91.201447165838857, 30.353049569834731 ], [ -91.201426616765886, 30.353055342622429 ], [ -91.200882799612643, 30.35320848254015 ], [ -91.20086238681418, 30.353214197641908 ], [ -91.199921393697565, 30.353475943019681 ], [ -91.199900641542499, 30.353481767686468 ], [ -91.199714629967445, 30.353534459133009 ], [ -91.198998775237669, 30.353737235783328 ], [ -91.198978219609927, 30.353743029833296 ], [ -91.198220277350728, 30.353955477800159 ], [ -91.198199766430292, 30.353961220354638 ], [ -91.197854441703342, 30.354057759705814 ], [ -91.197835260123384, 30.354062722346217 ], [ -91.197629009317239, 30.354111742895036 ], [ -91.197611959542755, 30.354115590890096 ], [ -91.197421120090112, 30.354156141771377 ], [ -91.197243837646056, 30.354188816556132 ], [ -91.197049324303151, 30.354219252355691 ], [ -91.196840897570993, 30.354245680792747 ], [ -91.196657440573773, 30.354263720826548 ], [ -91.196480727957194, 30.354276576896119 ], [ -91.196477176501347, 30.354276757246414 ], [ -91.196172599335881, 30.354285999189546 ], [ -91.196170193354305, 30.354286015636028 ], [ -91.195727906397707, 30.354278759315843 ], [ -91.195250761468344, 30.354279162727693 ], [ -91.193266504782201, 30.354277074142086 ], [ -91.192628821141071, 30.354278198100957 ], [ -91.192403061766555, 30.35427433374975 ], [ -91.191920660744074, 30.354263045426048 ], [ -91.190807580051796, 30.354211443578397 ], [ -91.189921761833276, 30.354174321607644 ], [ -91.18804979107604, 30.354091372372466 ], [ -91.18702696444295, 30.354048680285452 ], [ -91.185928444930553, 30.354000636599746 ], [ -91.185205744369185, 30.35397100438761 ], [ -91.182026931104659, 30.353830207964752 ], [ -91.182024389047683, 30.353830105822414 ], [ -91.18154923727937, 30.353814020318453 ], [ -91.180806310629606, 30.353783191523235 ], [ -91.180550152228463, 30.353771979226117 ], [ -91.179668319159362, 30.353727561856733 ], [ -91.179533978626097, 30.353717969558303 ], [ -91.179413879228505, 30.353707064917202 ], [ -91.179151243745764, 30.353675872521357 ], [ -91.178854911724414, 30.353637297999054 ], [ -91.177370385668127, 30.353378507125772 ], [ -91.176685906074979, 30.353260561184349 ], [ -91.17581800030942, 30.35310631896699 ], [ -91.175225184492859, 30.353010773765504 ], [ -91.174312569443515, 30.352870652796923 ], [ -91.173822050871422, 30.352804574281322 ], [ -91.17332496436147, 30.352734551017122 ], [ -91.172935782134118, 30.352683741802579 ], [ -91.172864840698765, 30.352675082078271 ], [ -91.171570802452592, 30.352477237231586 ], [ -91.171065880720533, 30.352400027756733 ], [ -91.170665822659345, 30.352327730248895 ], [ -91.17031822769772, 30.352241137496218 ], [ -91.169973443013532, 30.352123429263376 ], [ -91.169559767619418, 30.351943403183746 ], [ -91.169041309606754, 30.351710590699632 ], [ -91.168619378825483, 30.351518585892361 ], [ -91.168004424583216, 30.35122820395301 ], [ -91.16677729263364, 30.350647437615084 ], [ -91.165856221250323, 30.350234591235285 ], [ -91.165467428105586, 30.350037829909489 ], [ -91.164615327826624, 30.349646605545896 ], [ -91.164336815151302, 30.349514606531308 ], [ -91.164152061715669, 30.349428204762503 ], [ -91.164011428718723, 30.349361005529698 ], [ -91.163887322217263, 30.34931297900112 ], [ -91.163644587672948, 30.349240860926336 ], [ -91.163341144932517, 30.349166272831312 ], [ -91.162110586631783, 30.349001926273019 ], [ -91.160800025509317, 30.348823102300248 ], [ -91.160143387322904, 30.348721714541153 ], [ -91.159878556175272, 30.348663924762171 ], [ -91.159484150113215, 30.348529370891224 ], [ -91.156840726134703, 30.347539685167 ], [ -91.156755302504678, 30.347485627907268 ], [ -91.155997669261225, 30.347183162424503 ], [ -91.155907139009699, 30.347148566066256 ], [ -91.155607404321373, 30.347044113602237 ], [ -91.155400487069784, 30.34698311445927 ], [ -91.15529519714373, 30.346957703774297 ], [ -91.155188882830956, 30.34693573495575 ], [ -91.155081692801872, 30.346917238873452 ], [ -91.154973778856487, 30.346902240989053 ], [ -91.154865292801034, 30.346890763156519 ], [ -91.154756386451027, 30.346882821817513 ], [ -91.154639229804772, 30.346878428933461 ], [ -91.154580591261734, 30.346879066782673 ], [ -91.154522021085143, 30.346881594606696 ], [ -91.154463599370018, 30.346886007101578 ], [ -91.154405406211239, 30.346892298963333 ], [ -91.154347523788928, 30.346900462184621 ], [ -91.15429003012926, 30.346910485144281 ], [ -91.154233006383805, 30.346922353519108 ], [ -91.154176529545438, 30.346936052078348 ], [ -91.154068655126437, 30.346967824004963 ], [ -91.15401577895534, 30.346986221931367 ], [ -91.153963703807619, 30.347006262753798 ], [ -91.153912496294012, 30.347027921304655 ], [ -91.153862223031823, 30.347051168808093 ], [ -91.153812950640273, 30.347075975586328 ], [ -91.153764742625, 30.347102308348809 ], [ -91.153742409732516, 30.347111839395641 ], [ -91.153730956665939, 30.347116066422853 ], [ -91.153719331601593, 30.347119926960929 ], [ -91.153707552232916, 30.347123414719189 ], [ -91.153695633129828, 30.347126525206807 ], [ -91.153683590939025, 30.347129255740111 ], [ -91.153671440232074, 30.347131600926286 ], [ -91.15365919973604, 30.347133558084391 ], [ -91.15364688401587, 30.347135125430004 ], [ -91.153634510758508, 30.347136300280926 ], [ -91.153622096610832, 30.347137079953406 ], [ -91.15360965717305, 30.347137465370782 ], [ -91.153584771084979, 30.347137048120988 ], [ -91.153572358755454, 30.347136247304729 ], [ -91.153559987705208, 30.347135051421805 ], [ -91.15354767561152, 30.347133463202592 ], [ -91.153535439111366, 30.347131485376142 ], [ -91.153523294845073, 30.347129118867155 ], [ -91.153511258406297, 30.347126368207388 ], [ -91.153499346430493, 30.347123237027962 ], [ -91.153487574512894, 30.34711972895855 ], [ -91.153475959285657, 30.347115849434484 ], [ -91.153464515302318, 30.347111602986104 ], [ -91.153453258153164, 30.347106995949417 ], [ -91.153437861596188, 30.347095930524041 ], [ -91.153429836072917, 30.347090756853579 ], [ -91.153421606241011, 30.347085830080971 ], [ -91.153413182488507, 30.347081157437149 ], [ -91.15340457416653, 30.347076744347429 ], [ -91.153395792706533, 30.347072596239986 ], [ -91.15338684850137, 30.347068717639448 ], [ -91.153377752980802, 30.347065114876106 ], [ -91.153368517581143, 30.347061790671781 ], [ -91.153359152695202, 30.347058749551199 ], [ -91.153349669756025, 30.347055996040332 ], [ -91.153340082278433, 30.347053533766019 ], [ -91.153330400661929, 30.347051363644571 ], [ -91.15332063737786, 30.347049491105508 ], [ -91.153310803867384, 30.347047916164421 ], [ -91.153300912605303, 30.347046642446696 ], [ -91.153290976072796, 30.347045669969368 ], [ -91.153281006746255, 30.347045001455768 ], [ -91.153271016066782, 30.347044636921392 ], [ -91.15326101651408, 30.347044577285438 ], [ -91.15325102057092, 30.347044821662688 ], [ -91.153241041757113, 30.347045370973838 ], [ -91.153231090476922, 30.347046223428787 ], [ -91.15322118025334, 30.347047378143841 ], [ -91.153211322527554, 30.347048835134682 ], [ -91.15320152978731, 30.347050590809847 ], [ -91.153191814517186, 30.347052643382273 ], [ -91.153182188161566, 30.347054991063281 ], [ -91.15317266320821, 30.347057630261499 ], [ -91.153163251103294, 30.347060558286305 ], [ -91.153153962254322, 30.347063771543429 ], [ -91.153144810190923, 30.347067265540886 ], [ -91.153135805322307, 30.347071035782381 ], [ -91.153126958057697, 30.347075077771592 ], [ -91.153118280886574, 30.347079387015068 ], [ -91.153109783179715, 30.347083958113053 ], [ -91.153092799230279, 30.347094233365763 ], [ -91.153084641973919, 30.347099766569674 ], [ -91.153076721404148, 30.347105552685132 ], [ -91.153069050015446, 30.347111584512451 ], [ -91.15306163510165, 30.34711785484475 ], [ -91.153054489160439, 30.347124354678172 ], [ -91.153047620527545, 30.347131075905114 ], [ -91.153041037540149, 30.347138009516005 ], [ -91.153034750617493, 30.347145145601889 ], [ -91.152962579734549, 30.347202094358121 ], [ -91.152924746922352, 30.347228818959294 ], [ -91.152885815850482, 30.347254329621485 ], [ -91.152845837548924, 30.347278591231319 ], [ -91.152804865121666, 30.347301572286845 ], [ -91.152762954791513, 30.347323242192466 ], [ -91.15272016069963, 30.347343571251802 ], [ -91.152676540099421, 30.347362534283459 ], [ -91.152632150247797, 30.347380104301777 ], [ -91.152587052554026, 30.347396258837481 ], [ -91.152541304265426, 30.347410976317622 ], [ -91.152494968868567, 30.347424236080073 ], [ -91.152246888385434, 30.347494878349973 ], [ -91.152120856199232, 30.347524485807629 ], [ -91.15199370037061, 30.347550233303291 ], [ -91.151865581147547, 30.34757209038235 ], [ -91.151736654614808, 30.347590028389288 ], [ -91.151607082045061, 30.347604025893059 ], [ -91.151477021582821, 30.347614065969591 ], [ -91.151346634484739, 30.347620136210001 ], [ -91.151216081999664, 30.34762222871667 ], [ -91.151085525366412, 30.347620341005225 ], [ -91.150955125815642, 30.347614475102397 ], [ -91.150825045608173, 30.347604638449539 ], [ -91.150695442834092, 30.347590843895638 ], [ -91.150566479737151, 30.347573107904264 ], [ -91.150438314392005, 30.347551451444502 ], [ -91.150311105897984, 30.347525903606297 ], [ -91.150185011273777, 30.347496493477287 ], [ -91.150060186480644, 30.347463259165284 ], [ -91.149936785395553, 30.347426240580006 ], [ -91.149814959802995, 30.347385483943409 ], [ -91.149694861479844, 30.347341039086398 ], [ -91.149576636989863, 30.347292962147943 ], [ -91.149460434972809, 30.347241311074342 ], [ -91.14934639677324, 30.347186151019226 ], [ -91.149234663731249, 30.347127548940616 ], [ -91.149125374053909, 30.347065578107415 ], [ -91.148903911676285, 30.346968667305653 ], [ -91.148791334563882, 30.346923510436856 ], [ -91.148764431035644, 30.346914526686778 ], [ -91.148751271644414, 30.346909421336168 ], [ -91.148738329344766, 30.346903913949042 ], [ -91.148725619723479, 30.346898012666159 ], [ -91.148713159410633, 30.346891723825557 ], [ -91.148700963991232, 30.346885056470157 ], [ -91.148689048011818, 30.346878018739233 ], [ -91.148677428099191, 30.34687061877511 ], [ -91.148666116716171, 30.346862866518393 ], [ -91.148655129447818, 30.346854771012023 ], [ -91.148644479793745, 30.34684634400222 ], [ -91.148634181258643, 30.346837594529092 ], [ -91.148624247343804, 30.346828533436828 ], [ -91.148614688426818, 30.346819173369383 ], [ -91.14860551904917, 30.346809525172493 ], [ -91.148596748548272, 30.346799601488801 ], [ -91.148588390421992, 30.346789414966633 ], [ -91.148580452969441, 30.34677897734506 ], [ -91.148572946566404, 30.346768302170222 ], [ -91.148565881588695, 30.346757402988302 ], [ -91.148559265290203, 30.346746294243129 ], [ -91.148553108048461, 30.346734988578817 ], [ -91.148547416077065, 30.346723500437722 ], [ -91.148542197668263, 30.346711845167306 ], [ -91.148544917633615, 30.346694463616199 ], [ -91.148545743094274, 30.346685721575152 ], [ -91.148546210794535, 30.346676959187349 ], [ -91.14854631967259, 30.346668188178771 ], [ -91.148546069710065, 30.346659418472491 ], [ -91.148545461923732, 30.346650662699361 ], [ -91.148544496293454, 30.346641931684616 ], [ -91.148543173842725, 30.346633234450785 ], [ -91.148541496626677, 30.346624584532222 ], [ -91.14853946670884, 30.346615990952852 ], [ -91.148537087187833, 30.346607465444343 ], [ -91.148534360123833, 30.346599018834858 ], [ -91.148527870609257, 30.34658238307134 ], [ -91.148524118501257, 30.346574225505396 ], [ -91.148520035415046, 30.346566188358299 ], [ -91.148515626531179, 30.34655828246256 ], [ -91.148510894953233, 30.346550516843525 ], [ -91.14850585002209, 30.346542902339436 ], [ -91.148500495883141, 30.346535447075098 ], [ -91.148494839795333, 30.346528162787848 ], [ -91.148488889027703, 30.346521055802697 ], [ -91.14848265187932, 30.34651413785846 ], [ -91.14847613457745, 30.346507416180692 ], [ -91.148469346467976, 30.346500898901397 ], [ -91.148462295854927, 30.346494595053187 ], [ -91.148454991045796, 30.346488511864464 ], [ -91.148447442424782, 30.346482658370718 ], [ -91.148439658301015, 30.346477040898328 ], [ -91.148431650103902, 30.346471665777983 ], [ -91.148423426139161, 30.346466541140167 ], [ -91.148414997836156, 30.346461673315552 ], [ -91.148406375584173, 30.346457068633505 ], [ -91.148397569775838, 30.346452731618896 ], [ -91.148388591840501, 30.346448668602481 ], [ -91.148379454249337, 30.346444885014357 ], [ -91.148370166356472, 30.346441384475952 ], [ -91.148360741673187, 30.346438172418825 ], [ -91.148351191632088, 30.346435253369442 ], [ -91.148341527671008, 30.346432629147984 ], [ -91.148331763301172, 30.346430305185965 ], [ -91.148321908920124, 30.346428283302206 ], [ -91.148311978045825, 30.346426565319781 ], [ -91.148301983152678, 30.346425154864534 ], [ -91.148291936718593, 30.34642405375817 ], [ -91.148281852264788, 30.346423262019666 ], [ -91.148271741228967, 30.346422781469151 ], [ -91.148261617132434, 30.346422612125565 ], [ -91.148251491412864, 30.346422755809218 ], [ -91.148241379676804, 30.34642320983556 ], [ -91.148231291281775, 30.346423976022017 ], [ -91.148160775689632, 30.346425320574873 ], [ -91.148125520982759, 30.346424334773548 ], [ -91.148090331784474, 30.346422243074617 ], [ -91.148055251770231, 30.346419050952044 ], [ -91.1480203277426, 30.346414760275657 ], [ -91.147985605453883, 30.346409378326726 ], [ -91.14795113065972, 30.346402910582118 ], [ -91.147883101346565, 30.346386755844851 ], [ -91.147849635199876, 30.346377089725038 ], [ -91.14781659432893, 30.346366381361161 ], [ -91.147784021355363, 30.346354643442794 ], [ -91.147751959934041, 30.346341892269468 ], [ -91.147720449557823, 30.346328145037038 ], [ -91.147689532841227, 30.346313418043675 ], [ -91.147237977207269, 30.346100380460694 ], [ -91.146995949445639, 30.345965895478344 ], [ -91.146879486798809, 30.345892821272198 ], [ -91.146766277523739, 30.345815995192492 ], [ -91.146656484717866, 30.345735525730319 ], [ -91.146550264182451, 30.345651528583659 ], [ -91.146447764433134, 30.345564121244568 ], [ -91.146349132928137, 30.345473429322709 ], [ -91.146254508799942, 30.345379580220389 ], [ -91.146164025968488, 30.34528270674501 ], [ -91.14607781209962, 30.345182948010017 ], [ -91.145995991735234, 30.345080444026355 ], [ -91.145759026111932, 30.344747011909256 ], [ -91.145630160024666, 30.34458615498411 ], [ -91.145494597624847, 30.344429493116579 ], [ -91.145352520543995, 30.344277236735433 ], [ -91.145204119787252, 30.344129587261573 ], [ -91.145049592599648, 30.343986744320503 ], [ -91.144905274908382, 30.343846298214075 ], [ -91.144828308801877, 30.343779999163512 ], [ -91.144748304683773, 30.343716462486626 ], [ -91.144665395484424, 30.343655793012154 ], [ -91.144648631778324, 30.343640300674519 ], [ -91.144640733234198, 30.343632180370545 ], [ -91.144633169007903, 30.343623822387787 ], [ -91.144625950516328, 30.343615239372141 ], [ -91.144619083982704, 30.3436064403536 ], [ -91.144612580827257, 30.343597436173756 ], [ -91.14460644726644, 30.343588239471089 ], [ -91.144600691601951, 30.343578860180635 ], [ -91.144595321090236, 30.343569310942218 ], [ -91.144590341949339, 30.343559603492164 ], [ -91.144585761437554, 30.343549749568297 ], [ -91.144581583690993, 30.343539761806007 ], [ -91.144577814926024, 30.343529652843692 ], [ -91.144574459280605, 30.343519434414674 ], [ -91.144571521929294, 30.34350912005797 ], [ -91.144569004929807, 30.343498721503821 ], [ -91.14456691345498, 30.343488253193421 ], [ -91.144565247482433, 30.343477726854125 ], [ -91.144564012186706, 30.343467156024833 ], [ -91.144563206501857, 30.343456554235715 ], [ -91.144562832482265, 30.343445935021226 ], [ -91.144562891145497, 30.343435310110241 ], [ -91.144563381423964, 30.343424693934882 ], [ -91.144564303293564, 30.343414099124576 ], [ -91.144565654646627, 30.343403540109986 ], [ -91.144567435462349, 30.343393027716385 ], [ -91.144569642591364, 30.343382577274973 ], [ -91.144576645344443, 30.343366190616269 ], [ -91.144579639970587, 30.343357845911225 ], [ -91.144582291536537, 30.343349414113792 ], [ -91.144584595859811, 30.343340906945514 ], [ -91.144586550843258, 30.343332333424406 ], [ -91.144588154384564, 30.343323705274798 ], [ -91.144589404383012, 30.343315033319005 ], [ -91.144590297698045, 30.343306328377878 ], [ -91.144590834309113, 30.343297601276589 ], [ -91.144591014194063, 30.343288863742448 ], [ -91.1445908362941, 30.343280125697174 ], [ -91.144590301628767, 30.343271397967417 ], [ -91.14458941017422, 30.34326269318268 ], [ -91.144588161911742, 30.343254021266059 ], [ -91.144586560982745, 30.343245392146592 ], [ -91.144584607363512, 30.343236818453711 ], [ -91.14458230519368, 30.343228311018567 ], [ -91.144579655496401, 30.343219878863746 ], [ -91.144576663449797, 30.343211533723881 ], [ -91.14457333111352, 30.343203286427244 ], [ -91.144569663670865, 30.343195146002188 ], [ -91.144565665259947, 30.343187124181984 ], [ -91.144561342104126, 30.343179229996675 ], [ -91.144556697303088, 30.343171474275728 ], [ -91.144551739160349, 30.343163866052148 ], [ -91.144546472857414, 30.343156415256381 ], [ -91.144540905656001, 30.343149131822024 ], [ -91.144535042741111, 30.34314202387533 ], [ -91.144528893456268, 30.34313510045067 ], [ -91.144522465063076, 30.343128371481512 ], [ -91.144515764830146, 30.343121843293059 ], [ -91.144508802097533, 30.343115526723789 ], [ -91.144501585173757, 30.343109428100291 ], [ -91.144494123405821, 30.343103554652764 ], [ -91.144486426137121, 30.343097915415445 ], [ -91.144478502718073, 30.343092515814448 ], [ -91.144470363533912, 30.343087363983475 ], [ -91.144462018975034, 30.343082465349905 ], [ -91.144453479428307, 30.343077827145521 ], [ -91.144444755284198, 30.343073454797675 ], [ -91.144435857973193, 30.343069353735331 ], [ -91.144344285671423, 30.342912434166198 ], [ -91.144302490952313, 30.342832306209978 ], [ -91.144240009886261, 30.342767730697535 ], [ -91.144150752352672, 30.342424471794406 ], [ -91.144116375502477, 30.342286561005345 ], [ -91.144094929993386, 30.342218497102699 ], [ -91.144070683310048, 30.342151143649932 ], [ -91.144043665452728, 30.342084588192812 ], [ -91.144013912663468, 30.342018917383708 ], [ -91.143981462230826, 30.341954214267869 ], [ -91.143946355603362, 30.341890561896637 ], [ -91.1439086383876, 30.341828044229096 ], [ -91.143868359320322, 30.341766739816084 ], [ -91.143825571294542, 30.341706729018671 ], [ -91.14378032721136, 30.341648087687101 ], [ -91.143732686208423, 30.341590893484994 ], [ -91.143682710555083, 30.341535217765571 ], [ -91.143630464598445, 30.341481132786999 ], [ -91.143576013727099, 30.341428709906978 ], [ -91.143519429581289, 30.341378014177415 ], [ -91.143460784837515, 30.341329112455803 ], [ -91.143429936720509, 30.341306298066769 ], [ -91.143351619337878, 30.341251464635878 ], [ -91.142319983026525, 30.340525468825856 ], [ -91.141562382560565, 30.339992614978868 ], [ -91.141488766406113, 30.339934412467791 ], [ -91.141453802462578, 30.339903637761999 ], [ -91.14142012816329, 30.339871799532926 ], [ -91.141387786071192, 30.339838938438024 ], [ -91.141356818745535, 30.339805096939294 ], [ -91.141327264586991, 30.339770316590176 ], [ -91.141299160947241, 30.339734643453458 ], [ -91.141272544139582, 30.33969812268796 ], [ -91.141247448395262, 30.339660800351854 ], [ -91.141223905861878, 30.339622724304391 ], [ -91.141201946606628, 30.339583942401646 ], [ -91.141181597569656, 30.339544506103703 ], [ -91.141162885696104, 30.33950446416415 ], [ -91.141145834805656, 30.339463868038397 ], [ -91.141130466637819, 30.339422769178753 ], [ -91.141116800848323, 30.33938122083865 ], [ -91.141104855014618, 30.339339275366331 ], [ -91.141094643590392, 30.339296986909666 ], [ -91.141086179991021, 30.339254408712851 ], [ -91.141070839074033, 30.338712139336792 ], [ -91.141050022733751, 30.338552034780562 ], [ -91.141034771643049, 30.338472555954784 ], [ -91.141016314227656, 30.338393591169091 ], [ -91.140994675270449, 30.338315236081581 ], [ -91.140969879552131, 30.338237587252149 ], [ -91.140941959133357, 30.338160741251134 ], [ -91.140910947119636, 30.338084791943899 ], [ -91.140876882854442, 30.338009834106792 ], [ -91.140839806729602, 30.337935958007023 ], [ -91.14079976641311, 30.337863255726486 ], [ -91.140756809575919, 30.337791817542659 ], [ -91.140710990137379, 30.337721729231454 ], [ -91.139221180361901, 30.335822623641885 ], [ -91.139014310743264, 30.335541543197955 ], [ -91.138919665018108, 30.335396388422961 ], [ -91.138618386898855, 30.334936379725466 ], [ -91.138370417891835, 30.334543224758836 ], [ -91.138003074645042, 30.333934702314053 ], [ -91.137757411389273, 30.333538172910153 ], [ -91.137312967284146, 30.332818890696629 ], [ -91.137213727742818, 30.332678564876442 ], [ -91.137159657294191, 30.332610904088639 ], [ -91.137102718276651, 30.332545038721278 ], [ -91.137042989553237, 30.332481058196571 ], [ -91.136980555182674, 30.332419053748747 ], [ -91.136915500278789, 30.33235910849443 ], [ -91.136847916189197, 30.332301308266018 ], [ -91.136777897393017, 30.332245732585779 ], [ -91.136705539415658, 30.332192457369182 ], [ -91.136630944021618, 30.332141558541103 ], [ -91.136554214028834, 30.332093104811207 ], [ -91.136475456412413, 30.332047165797551 ], [ -91.136019867460277, 30.331814070590145 ], [ -91.135957833009741, 30.331783207011807 ], [ -91.135927823257077, 30.331766334246527 ], [ -91.13589853813555, 30.331748528875583 ], [ -91.135870015037241, 30.331729814410206 ], [ -91.135842293430443, 30.331710216168887 ], [ -91.135815407581859, 30.331689760364448 ], [ -91.135789394879666, 30.331668472312373 ], [ -91.135764287506817, 30.331646380026672 ], [ -91.135740119720722, 30.331623514230706 ], [ -91.135716922662439, 30.331599903839038 ], [ -91.13569472642935, 30.331575579568817 ], [ -91.135673561115112, 30.331550573941595 ], [ -91.135653454733472, 30.331524919475545 ], [ -91.13563443217636, 30.331498649586404 ], [ -91.135616519372036, 30.331471799495652 ], [ -91.135599740168715, 30.331444404421692 ], [ -91.135584115294677, 30.331416499578182 ], [ -91.135569667554535, 30.331388121986066 ], [ -91.135556413513044, 30.331359308656928 ], [ -91.13554437181115, 30.331330098409694 ], [ -91.135533557973517, 30.331300528254442 ], [ -91.135116895102541, 30.329998141639571 ], [ -91.134889880652452, 30.329329023576733 ], [ -91.134804509771882, 30.329058246483179 ], [ -91.134685375444946, 30.328712889933016 ], [ -91.134604561461131, 30.328424467055012 ], [ -91.134568828216658, 30.328204757017126 ], [ -91.134574030031828, 30.32786351149845 ], [ -91.134596984831205, 30.327690957265819 ], [ -91.134659546312392, 30.326930094454617 ], [ -91.134685077911712, 30.326598684423153 ], [ -91.134722287091563, 30.32607901359345 ], [ -91.134747877033746, 30.325718184878269 ], [ -91.134810667443816, 30.324843573166294 ], [ -91.134861696029773, 30.324196441205807 ], [ -91.134913762826599, 30.323251811975567 ], [ -91.134929016748728, 30.323125662183195 ], [ -91.134940714364376, 30.323063047160364 ], [ -91.134955104363996, 30.323000856562498 ], [ -91.134972166816183, 30.322939175157167 ], [ -91.134991877621246, 30.322878092216069 ], [ -91.135014209572816, 30.322817690691267 ], [ -91.135039131298086, 30.322758057137023 ], [ -91.135987599963045, 30.320752243513908 ], [ -91.136334918349405, 30.319979065056714 ], [ -91.136517342308039, 30.319619258629576 ], [ -91.136618290743939, 30.319443285423368 ], [ -91.136974818752606, 30.318880642581675 ], [ -91.137445081855546, 30.318098425816206 ], [ -91.137672125610095, 30.317655804147666 ], [ -91.13777913662733, 30.317432055026732 ], [ -91.137878937759041, 30.317206420550775 ], [ -91.137942092813333, 30.31708498066283 ], [ -91.137977384530473, 30.317025807457146 ], [ -91.138015094630489, 30.316967769065176 ], [ -91.138055173058447, 30.316910937579816 ], [ -91.138069534211354, 30.316891633783406 ], [ -91.138076817092241, 30.316882039770988 ], [ -91.13801202813022, 30.316839760346038 ], [ -91.137998196896461, 30.316822210965583 ], [ -91.137957177740972, 30.316729693803342 ], [ -91.137927933723063, 30.316693045567508 ], [ -91.137860638292651, 30.316666480746438 ], [ -91.137832916789648, 30.316661456452611 ], [ -91.137750524675539, 30.316656522607683 ], [ -91.137691923221936, 30.316640969116353 ], [ -91.137625394163535, 30.31662763748 ], [ -91.137578654910996, 30.316623616064692 ], [ -91.137548555114577, 30.316619274692904 ], [ -91.137483615472803, 30.316603540312144 ], [ -91.137304706821354, 30.316524050570244 ], [ -91.137275515295173, 30.316460937924603 ], [ -91.137257525098704, 30.316342676883444 ], [ -91.137277422241212, 30.316297508831912 ], [ -91.137294955622153, 30.316245635482186 ], [ -91.137311681756287, 30.316201322429951 ], [ -91.137317270006903, 30.316180021046005 ], [ -91.137318942402757, 30.316135514248646 ], [ -91.137311135780109, 30.31607638549087 ], [ -91.1372922079142, 30.31603184721483 ], [ -91.137292281790479, 30.315994383534523 ], [ -91.13728046548519, 30.315959651840718 ], [ -91.137256750535357, 30.315931948874955 ], [ -91.137225112092182, 30.315904405541193 ], [ -91.137191156730466, 30.315846440458863 ], [ -91.137093223280999, 30.315687332096175 ], [ -91.137057656636529, 30.315642941362011 ], [ -91.137020490463556, 30.315606109739893 ], [ -91.136963585032319, 30.315534534601976 ], [ -91.136944650295206, 30.315493605608228 ], [ -91.136926482424457, 30.315465566221107 ], [ -91.136905958336101, 30.315427040789391 ], [ -91.136872788163004, 30.315372858437769 ], [ -91.136837172817479, 30.315353214295882 ], [ -91.136823754799764, 30.315327244187458 ], [ -91.136762137254834, 30.315234695967913 ], [ -91.136721034258272, 30.315185485033638 ], [ -91.136706823641859, 30.315159686035589 ], [ -91.136683166492119, 30.315102939559267 ], [ -91.136674502748974, 30.315076805111445 ], [ -91.136674546601199, 30.31505463668249 ], [ -91.136621743377631, 30.314912264349363 ], [ -91.136544998606254, 30.314856984984893 ], [ -91.136479308119448, 30.314820970411315 ], [ -91.13640251073241, 30.314792328441989 ], [ -91.136343113173766, 30.314779350489481 ], [ -91.136244871085708, 30.314777141696013 ], [ -91.13620762989045, 30.314778460935791 ], [ -91.136099087462412, 30.314776408963215 ], [ -91.13597552121341, 30.314759210547418 ], [ -91.135921682849144, 30.314739711226601 ], [ -91.135876577638115, 30.31471128771846 ], [ -91.135847284115016, 30.314700245372428 ], [ -91.135773628911153, 30.314685355919174 ], [ -91.135729287722, 30.31467119769578 ], [ -91.135660442437114, 30.314628131596724 ], [ -91.135489673208411, 30.314442447702017 ], [ -91.135432701127172, 30.31440524224557 ], [ -91.135173098816779, 30.31426754254127 ], [ -91.134895232413683, 30.31415078176741 ], [ -91.134811371164602, 30.314089132604831 ], [ -91.134734608466459, 30.314043648181947 ], [ -91.134620712770911, 30.313945521033624 ], [ -91.134367647914331, 30.313709530017974 ], [ -91.134311421151452, 30.313696213121013 ], [ -91.134259141103016, 30.313690291349172 ], [ -91.134204480378031, 30.313686255892112 ], [ -91.1340270446467, 30.313666397080677 ], [ -91.133935937157872, 30.313662822514964 ], [ -91.13387178714693, 30.313649664869473 ], [ -91.133783071406995, 30.313638704610053 ], [ -91.133756144978904, 30.313632820943649 ], [ -91.13366984136826, 30.313604334410318 ], [ -91.13357642024225, 30.313569307567768 ], [ -91.13355109294578, 30.313556208478904 ], [ -91.133497254673159, 30.313537223268426 ], [ -91.133440265543967, 30.313509124640788 ], [ -91.133378520241749, 30.313482222205284 ], [ -91.133339739493636, 30.313461369801114 ], [ -91.133257422190937, 30.313420687965888 ], [ -91.133183856200475, 30.313362146694796 ], [ -91.133069972856134, 30.31325903403782 ], [ -91.132964726021655, 30.313195117627238 ], [ -91.132919625473704, 30.313165146882742 ], [ -91.132870548925695, 30.31314238788773 ], [ -91.13282858468331, 30.313128747397272 ], [ -91.132777106675618, 30.313118186691721 ], [ -91.132729533630595, 30.313135643384719 ], [ -91.132677989382756, 30.313157905893771 ], [ -91.132485889129697, 30.313338230296434 ], [ -91.132317771849117, 30.31341238705534 ], [ -91.132145733173203, 30.313466601848887 ], [ -91.1320593685858, 30.313468532488777 ], [ -91.132002370505035, 30.313445073690971 ], [ -91.131960431314639, 30.313419060495203 ], [ -91.13191850398556, 30.313387203421286 ], [ -91.131832230720164, 30.313344108729769 ], [ -91.131783143880824, 30.313326504887037 ], [ -91.131734049042947, 30.31331285406953 ], [ -91.131684157044404, 30.313301607047723 ], [ -91.13163741750401, 30.313298614637699 ], [ -91.131608091045265, 30.3133042405255 ], [ -91.131376534627805, 30.313405279548345 ], [ -91.131305630824144, 30.313596786951315 ], [ -91.131252961173686, 30.313782650629484 ], [ -91.13106500184621, 30.313872928646145 ], [ -91.131022983337047, 30.313885925067581 ], [ -91.1309912780183, 30.313892406886787 ], [ -91.130929466664767, 30.313898155154451 ], [ -91.130885096769944, 30.313898603157551 ], [ -91.130791619981522, 30.313891242039603 ], [ -91.130719525518487, 30.313888725525771 ], [ -91.130614174053591, 30.31387653419868 ], [ -91.130433536529395, 30.313872819766967 ], [ -91.130411321947093, 30.313887564940138 ], [ -91.130381995245187, 30.313893190554875 ], [ -91.130305855409205, 30.313931740762825 ], [ -91.130219423322643, 30.313966493444806 ], [ -91.130103673556462, 30.314002404377689 ], [ -91.130024372052887, 30.314037168805822 ], [ -91.129968111588454, 30.314040519235373 ], [ -91.129879383621997, 30.314035570717127 ], [ -91.129834249149738, 30.314022440402727 ], [ -91.129804946299046, 30.314016379966063 ], [ -91.129774838833868, 30.314016333566212 ], [ -91.129736006899506, 30.314020741871715 ], [ -91.129659112789838, 30.314040558186047 ], [ -91.129558404500358, 30.314082334815826 ], [ -91.129513986601552, 30.314106154203944 ], [ -91.129489393866876, 30.314121410657414 ], [ -91.129371885588171, 30.31424186958812 ], [ -91.129255119941519, 30.314386388886007 ], [ -91.12920829775112, 30.3144234366336 ], [ -91.129173388337364, 30.314446754592801 ], [ -91.129097270203488, 30.314474305584248 ], [ -91.129017969032077, 30.314508553397587 ], [ -91.128860186755134, 30.314563473365229 ], [ -91.128669936009516, 30.314610438529332 ], [ -91.128608873207611, 30.314637152854946 ], [ -91.128537528084266, 30.314655258592282 ], [ -91.128451147519456, 30.314664404646894 ], [ -91.128391746469077, 30.314653657642239 ], [ -91.128362452732375, 30.314643128740251 ], [ -91.128275401435403, 30.314593328740724 ], [ -91.128235984304879, 30.314497201630221 ], [ -91.128205985550949, 30.314444396825365 ], [ -91.12815699244274, 30.314381422767397 ], [ -91.128133317303309, 30.314335844664278 ], [ -91.128085142143348, 30.314260498479726 ], [ -91.128071725847889, 30.31423487208092 ], [ -91.128060765953563, 30.314170753669984 ], [ -91.128053689517657, 30.314144449712757 ], [ -91.128020555120472, 30.314075484963748 ], [ -91.127920001984691, 30.314041817853628 ], [ -91.127887618464428, 30.313992961414112 ], [ -91.12782355962878, 30.313935978170072 ], [ -91.127738901405564, 30.31387879142779 ], [ -91.127692257334715, 30.313829569033729 ], [ -91.127627441618131, 30.31375557158001 ], [ -91.127544479245444, 30.313644769411109 ], [ -91.127476541181025, 30.313548254804001 ], [ -91.127387917016122, 30.313493467582134 ], [ -91.127335678080371, 30.313467951961233 ], [ -91.127301638499574, 30.313453806968827 ], [ -91.127222492506206, 30.313413297716831 ], [ -91.127064923478798, 30.313365792766991 ], [ -91.127005524067457, 30.313354701431745 ], [ -91.126788498403727, 30.313323772483262 ], [ -91.12672910547667, 30.313309587690608 ], [ -91.126630868986169, 30.313305480923937 ], [ -91.126495437495294, 30.313280694453532 ], [ -91.126379038696669, 30.313247516450829 ], [ -91.126305409249426, 30.313221450891778 ], [ -91.126275319922428, 30.313212811102389 ], [ -91.126208777144839, 30.313207894895083 ], [ -91.126107392728741, 30.313193643961576 ], [ -91.125938650361007, 30.313185473880409 ], [ -91.125877622126353, 30.313195689176649 ], [ -91.125783291289579, 30.313218397790184 ], [ -91.1255429154795, 30.313366500291913 ], [ -91.125493741363016, 30.313391169660999 ], [ -91.125436642097213, 30.313416857651138 ], [ -91.125400218725233, 30.313406145463507 ], [ -91.125363754739368, 30.313414852070821 ], [ -91.125333656446116, 30.31341050881397 ], [ -91.125237833853149, 30.313388704467766 ], [ -91.125187981048697, 30.313359067297952 ], [ -91.12513096737726, 30.313343854421763 ], [ -91.125052636612722, 30.313292862606897 ], [ -91.124983769897341, 30.313262679364204 ], [ -91.124953707686799, 30.313241150837673 ], [ -91.124925238007293, 30.313215843162233 ], [ -91.124728084133437, 30.313154696158726 ], [ -91.124649720537775, 30.313119514471293 ], [ -91.124619590256899, 30.3131304654136 ], [ -91.124542802645536, 30.313099410610697 ], [ -91.124500833426382, 30.313088689406403 ], [ -91.124468347917684, 30.313089325445866 ], [ -91.1241558878462, 30.31322957850638 ], [ -91.124044139107511, 30.313246070701894 ], [ -91.12396414729929, 30.313231680619765 ], [ -91.123855705667125, 30.313182702584246 ], [ -91.123791624671156, 30.313137575600621 ], [ -91.123668241625282, 30.313035470857681 ], [ -91.123605727269762, 30.312998938889603 ], [ -91.123504455152982, 30.312931755591098 ], [ -91.123397537330376, 30.312911823105338 ], [ -91.123284304810767, 30.312880709631777 ], [ -91.123167081110765, 30.312863681608071 ], [ -91.123076759772033, 30.312863537848362 ], [ -91.122959500490538, 30.312863351120807 ], [ -91.122778059698661, 30.312865811622018 ], [ -91.122658447209417, 30.312854450017156 ], [ -91.122323351309731, 30.312833292770865 ], [ -91.122133098232808, 30.312881451050707 ], [ -91.121965800640609, 30.312939441835077 ], [ -91.121831028199992, 30.312978064723165 ], [ -91.121596571592377, 30.312948474140399 ], [ -91.121338900121884, 30.312866861649393 ], [ -91.1212669467875, 30.312844945684212 ], [ -91.121168489726585, 30.312858762179967 ], [ -91.121102307192899, 30.312843128685433 ], [ -91.121061242609159, 30.312798033746461 ], [ -91.121026451955117, 30.312792375706067 ], [ -91.120726898751002, 30.312823170972131 ], [ -91.120564436944861, 30.312842500520869 ], [ -91.120509729784672, 30.312860628732903 ], [ -91.120433610464531, 30.312888174742024 ], [ -91.120368606394635, 30.312904911477073 ], [ -91.12031231494781, 30.312922864749016 ], [ -91.120279800740832, 30.312936904201027 ], [ -91.120251256830102, 30.312946825592473 ], [ -91.120209240246069, 30.312958443761836 ], [ -91.120160074219172, 30.312978815302877 ], [ -91.119946029611114, 30.313036899469655 ], [ -91.119670993978289, 30.313087494528496 ], [ -91.11958699749357, 30.313093545301655 ], [ -91.119522797268019, 30.313104783643489 ], [ -91.11941503377659, 30.313109937017902 ], [ -91.119263717026101, 30.313104363965838 ], [ -91.119219385555738, 30.313087106861406 ], [ -91.119036613788296, 30.312971669302986 ], [ -91.118937902145348, 30.312820794969117 ], [ -91.118828192540178, 30.312626423574795 ], [ -91.118673992016284, 30.312566555125276 ], [ -91.118434916190623, 30.312475601445357 ], [ -91.11831271100111, 30.312487072272123 ], [ -91.118235093784861, 30.312474400203442 ], [ -91.118163821594706, 30.312458645984499 ], [ -91.118115502372831, 30.312453755385594 ], [ -91.117870002246235, 30.31240283047897 ], [ -91.117594831568923, 30.312515975292914 ], [ -91.117512349138536, 30.312554679185393 ], [ -91.117408504293053, 30.312579772209865 ], [ -91.117363335918085, 30.312583306806165 ], [ -91.117272235623091, 30.312577143418075 ], [ -91.117141570540866, 30.312548058381321 ], [ -91.11704890590282, 30.312532611343858 ], [ -91.116877804247636, 30.312517208015134 ], [ -91.11669404735791, 30.312491988567832 ], [ -91.116602940820272, 30.312488745748073 ], [ -91.116454716353388, 30.312518919859873 ], [ -91.116377052470241, 30.312527728629973 ], [ -91.116258136598134, 30.312560701204976 ], [ -91.116132872565856, 30.312598130494521 ], [ -91.115985467132134, 30.312615932951996 ], [ -91.11578030453849, 30.312597035094786 ], [ -91.115597348727164, 30.312567862383954 ], [ -91.115395595812984, 30.312439327682437 ], [ -91.11528290986152, 30.312521630864715 ], [ -91.11508054892235, 30.31267029223628 ], [ -91.114840025927847, 30.312878695717554 ], [ -91.114782845625612, 30.312940124282516 ], [ -91.114669968478424, 30.313108867940439 ], [ -91.114609657700925, 30.313152590895019 ], [ -91.114539047414766, 30.313196124456162 ], [ -91.114371636616994, 30.31330325432878 ], [ -91.114206571666429, 30.313424308376206 ], [ -91.114131984368754, 30.313474709215669 ], [ -91.113963650299013, 30.313640782861636 ], [ -91.113860416655882, 30.313746988445505 ], [ -91.113553805732366, 30.314100838227898 ], [ -91.113447313781833, 30.314246906908132 ], [ -91.113242991419071, 30.314562947264061 ], [ -91.113188234028868, 30.314602725754813 ], [ -91.113149377152965, 30.314617955391352 ], [ -91.113070880956272, 30.314643946065637 ], [ -91.113036005379314, 30.314650246887172 ], [ -91.112898107459188, 30.314666514631437 ], [ -91.112639725450435, 30.314706640291718 ], [ -91.112071379345409, 30.314823407794389 ], [ -91.11167265496573, 30.314909525112046 ], [ -91.111413310732388, 30.315025261796908 ], [ -91.111314118913654, 30.315093663731517 ], [ -91.111244301570352, 30.315135650627717 ], [ -91.111171376755252, 30.315149963579472 ], [ -91.111129375464884, 30.315153845075837 ], [ -91.111092944161513, 30.315147081987568 ], [ -91.111041507766473, 30.31511846793504 ], [ -91.110920402329143, 30.315065504924554 ], [ -91.110815111666014, 30.315026661243525 ], [ -91.110717704928149, 30.315005358805802 ], [ -91.110600462395212, 30.314996568519785 ], [ -91.110356110121913, 30.315042856755223 ], [ -91.110006038962624, 30.315080803508284 ], [ -91.109831700253153, 30.315094085388587 ], [ -91.109569445628765, 30.31509364133127 ], [ -91.1094711693883, 30.315106706973786 ], [ -91.109396643072358, 30.315128406334214 ], [ -91.109268167571116, 30.315181977775552 ], [ -91.10918485754047, 30.315233908129443 ], [ -91.109080804670498, 30.315349043976717 ], [ -91.108970573618109, 30.315393023273135 ], [ -91.108907210349727, 30.31538329188777 ], [ -91.108851804753172, 30.315358278686944 ], [ -91.108726793375055, 30.315281076296706 ], [ -91.10869276125797, 30.315264520590986 ], [ -91.108564526482866, 30.31521137189295 ], [ -91.108470286567552, 30.315191276605152 ], [ -91.108402945980586, 30.315188584603387 ], [ -91.108375996138037, 30.315193521971086 ], [ -91.108307012195084, 30.315216776376865 ], [ -91.108240395036916, 30.31524450294161 ], [ -91.10789293366318, 30.315433120208546 ], [ -91.107697006590072, 30.315532287693863 ], [ -91.107516144025595, 30.315626669680729 ], [ -91.107309062442056, 30.315752798783858 ], [ -91.107240802954479, 30.315805612472836 ], [ -91.107133523616227, 30.315944629176691 ], [ -91.107106516800769, 30.315974485226675 ], [ -91.107050103481498, 30.316044160633211 ], [ -91.106972286537243, 30.316118611198437 ], [ -91.106895199559276, 30.31622038703647 ], [ -91.106641215067313, 30.316413973067817 ], [ -91.106571354842529, 30.316473485445218 ], [ -91.106441996686044, 30.316565204724558 ], [ -91.106219850586243, 30.316694399557822 ], [ -91.10603411936934, 30.316837404871762 ], [ -91.105904814105244, 30.316905579493888 ], [ -91.105732701869513, 30.31698296025268 ], [ -91.105631962440839, 30.31703262378101 ], [ -91.10544875011729, 30.317113078372277 ], [ -91.105418615723451, 30.317124368626427 ], [ -91.105299700969994, 30.317152862252922 ], [ -91.105206942389131, 30.317177277399512 ], [ -91.105083302748525, 30.317193045600888 ], [ -91.104981861245449, 30.317203181392795 ], [ -91.104912130564131, 30.317205639051011 ], [ -91.104718004173591, 30.317208052813573 ], [ -91.104681549234485, 30.317211426753772 ], [ -91.104588046363432, 30.317214873296091 ], [ -91.104534960462672, 30.317214781345889 ], [ -91.10446758973184, 30.317224632054877 ], [ -91.104358182509955, 30.317253142210237 ], [ -91.10418609184056, 30.317320381251648 ], [ -91.104079006331716, 30.317372782219536 ], [ -91.103685517340708, 30.317586055171471 ], [ -91.103381618161208, 30.317774391618212 ], [ -91.103232463377395, 30.31785902687075 ], [ -91.103137271322154, 30.317907323335422 ], [ -91.103032576355687, 30.317953369533122 ], [ -91.102971510984261, 30.317977322357848 ], [ -91.102788347373192, 30.318035088833643 ], [ -91.102652777812622, 30.318069566281604 ], [ -91.102225526198453, 30.318147871416983 ], [ -91.102169237697012, 30.318161864797794 ], [ -91.101974982592594, 30.318218751019323 ], [ -91.101778320637138, 30.318288350703774 ], [ -91.101547534271575, 30.318380917513061 ], [ -91.101342116291093, 30.318467514101084 ], [ -91.101097887867624, 30.31854785545298 ], [ -91.101024154301157, 30.318567489245208 ], [ -91.100971044786874, 30.318577190948965 ], [ -91.100712603164553, 30.318636369207628 ], [ -91.100538262211316, 30.318647404288019 ], [ -91.100382921635145, 30.318665174437029 ], [ -91.100344090610477, 30.318667855580358 ], [ -91.100152330609291, 30.318673532454604 ], [ -91.100050880238356, 30.318686585480435 ], [ -91.09993592013943, 30.31871662837862 ], [ -91.099747956564954, 30.318792598487747 ], [ -91.099635290049306, 30.318858046739894 ], [ -91.099525749498952, 30.318941889068256 ], [ -91.099410643370518, 30.319033798050896 ], [ -91.099353519564332, 30.319065661382151 ], [ -91.099215493486042, 30.319132782868117 ], [ -91.09917425040932, 30.319150238683061 ], [ -91.099058476513633, 30.319189043384835 ], [ -91.098922891523017, 30.319228844841945 ], [ -91.098800013107876, 30.319256294461447 ], [ -91.098771476997413, 30.31926122795257 ], [ -91.098639907066499, 30.319278350854528 ], [ -91.098608208467738, 30.319280356752131 ], [ -91.098476681923501, 30.319279091832463 ], [ -91.098321378990661, 30.319280362712771 ], [ -91.097853112682216, 30.319275919344165 ], [ -91.097617846647935, 30.319250237864082 ], [ -91.097300932298339, 30.319240048182394 ], [ -91.096995948914042, 30.319210631640264 ], [ -91.096595873158932, 30.319185855848637 ], [ -91.096390714213243, 30.319161256352235 ], [ -91.096129206819469, 30.319175222554847 ], [ -91.095790118775199, 30.319160177560988 ], [ -91.095579297783189, 30.319184029851659 ], [ -91.095390593593223, 30.319236620522375 ], [ -91.095262026218663, 30.319323173769195 ], [ -91.09504524271739, 30.319520412899788 ], [ -91.094762601611436, 30.319755856221459 ], [ -91.0946229207551, 30.319850466267678 ], [ -91.094541185098308, 30.319901874182584 ], [ -91.094287995035216, 30.320080657585745 ], [ -91.094203885273089, 30.320130686175261 ], [ -91.094071382493865, 30.320205373772673 ], [ -91.09392462381652, 30.320277285761946 ], [ -91.093748505668373, 30.320366673257901 ], [ -91.093579575156852, 30.320432530266828 ], [ -91.093343287790219, 30.32050101342309 ], [ -91.093196620307566, 30.320534773581929 ], [ -91.093118941458712, 30.320546318280453 ], [ -91.09307218389273, 30.320549842582171 ], [ -91.092965226170747, 30.320545523527471 ], [ -91.092766398734696, 30.320523164464952 ], [ -91.092649221182967, 30.320485487216562 ], [ -91.092443443493963, 30.320388531153089 ], [ -91.092304134126977, 30.320328643847446 ], [ -91.092156111149905, 30.320267881673288 ], [ -91.092042111875699, 30.320226772642389 ], [ -91.091909883628986, 30.320187692420639 ], [ -91.091825948761752, 30.320165198188974 ], [ -91.091612171321941, 30.320100190702359 ], [ -91.091436412284963, 30.32004126777964 ], [ -91.091229744741412, 30.319985209006983 ], [ -91.091064272005028, 30.319932318817255 ], [ -91.090955287853475, 30.319784497364761 ], [ -91.090877197972873, 30.319639826773528 ], [ -91.090724075033989, 30.319396890252527 ], [ -91.090623647472285, 30.319314731777606 ], [ -91.09051834848789, 30.319280683798844 ], [ -91.090385198303181, 30.319295389644093 ], [ -91.090234579962924, 30.319325014801557 ], [ -91.090182248722627, 30.319339870069705 ], [ -91.09010215726596, 30.31936618784751 ], [ -91.089999041940629, 30.319411194604296 ], [ -91.089553138095397, 30.319657668171182 ], [ -91.089223102799622, 30.319505141242743 ], [ -91.088987902659397, 30.319453322068593 ], [ -91.08887858236028, 30.319443668361775 ], [ -91.088804104521529, 30.319442499383818 ], [ -91.088715331501689, 30.319454708364216 ], [ -91.088510020745289, 30.319492306855881 ], [ -91.088373697635134, 30.319508208209022 ], [ -91.087923804809435, 30.319442928922758 ], [ -91.087723391778411, 30.319422277832889 ], [ -91.087568969623888, 30.319387620138428 ], [ -91.087443018817083, 30.319374496350093 ], [ -91.086980477821712, 30.31929784805029 ], [ -91.086875947737539, 30.31927376512801 ], [ -91.086760304017105, 30.319258082587424 ], [ -91.086297582596515, 30.319254468313641 ], [ -91.086181913781147, 30.319248924953609 ], [ -91.084946669810492, 30.319239217666269 ], [ -91.084679618932512, 30.319251260854038 ], [ -91.084563900757303, 30.31926547854296 ], [ -91.08444817093357, 30.319284335668652 ], [ -91.084342725601061, 30.319309571065769 ], [ -91.084227010323033, 30.319322585950324 ], [ -91.083995601661783, 30.319339849638229 ], [ -91.083764920117616, 30.319383064436892 ], [ -91.083649195615422, 30.319399687244228 ], [ -91.083533493529444, 30.319407373675155 ], [ -91.083501788105636, 30.319411954169894 ], [ -91.083302023172195, 30.319449039954247 ], [ -91.083186274733492, 30.319475113733805 ], [ -91.083070549593643, 30.319491908336246 ], [ -91.08286042843099, 30.319550970918105 ], [ -91.082744703150055, 30.319567764332646 ], [ -91.082613930198917, 30.319581780348823 ], [ -91.082368287067638, 30.319587671916377 ], [ -91.082065643676884, 30.319574208052821 ], [ -91.081787595251427, 30.319548072369422 ], [ -91.081588728806537, 30.319542881618542 ], [ -91.081473064708661, 30.319535443318419 ], [ -91.081357389302838, 30.319532473054124 ], [ -91.081126052026335, 30.319521205278448 ], [ -91.081010373595277, 30.319519437219203 ], [ -91.080778993602962, 30.319525010275672 ], [ -91.080664107518544, 30.31952324342825 ], [ -91.080453330215775, 30.319528167916392 ], [ -91.080292463192009, 30.319536108733324 ], [ -91.08020134001363, 30.319537308945876 ], [ -91.08015697613321, 30.319534301975747 ], [ -91.080025515609648, 30.319507069568246 ], [ -91.079970086952414, 30.319493042769519 ], [ -91.079924151112166, 30.319485049440974 ], [ -91.079563643527351, 30.319480748834955 ], [ -91.079515303488151, 30.319483405585569 ], [ -91.079276010592309, 30.319484835446225 ], [ -91.07892968431824, 30.319512181204495 ], [ -91.078813943017934, 30.319534986425975 ], [ -91.078708492468124, 30.319561592134804 ], [ -91.078504796758565, 30.319585773717332 ], [ -91.078362142411166, 30.319598044078511 ], [ -91.07828844369935, 30.319602026243164 ], [ -91.07824644718319, 30.319602803952549 ], [ -91.078130771353116, 30.319600003164929 ], [ -91.078009523071259, 30.319607330336932 ], [ -91.077775024129707, 30.319593128640424 ], [ -91.077704522177839, 30.319586461823739 ], [ -91.077490624306137, 30.319572299491636 ], [ -91.077275924855826, 30.319561743705687 ], [ -91.077119040951871, 30.319561268069595 ], [ -91.077007334461626, 30.319555552058034 ], [ -91.076875844628404, 30.319540001509964 ], [ -91.076734860889957, 30.319518934016273 ], [ -91.076623961014761, 30.319507719974411 ], [ -91.076500371218685, 30.319501293028054 ], [ -91.076409290663989, 30.319485992888598 ], [ -91.076203335306303, 30.319464626124507 ], [ -91.075972046823253, 30.319434788466474 ], [ -91.075777965693305, 30.319417740933222 ], [ -91.075617184903791, 30.31939233688141 ], [ -91.075555378968772, 30.3193934187859 ], [ -91.075497511127423, 30.319403616971393 ], [ -91.075431764417417, 30.319396614518741 ], [ -91.075221036652849, 30.31938245469907 ], [ -91.075097456924198, 30.319372245708632 ], [ -91.07491606428367, 30.319351097260288 ], [ -91.074866125646508, 30.319359076151848 ], [ -91.07481225567021, 30.319355362276134 ], [ -91.074791688706398, 30.319342261244746 ], [ -91.074709310924007, 30.319332132535408 ], [ -91.074643543745964, 30.319333034855461 ], [ -91.074486596229434, 30.319357130393925 ], [ -91.07440017215103, 30.319379473193901 ], [ -91.074329571626393, 30.319410784188566 ], [ -91.074226511822985, 30.319431719433549 ], [ -91.074148051835337, 30.319438439584317 ], [ -91.074069623657024, 30.319432958689486 ], [ -91.073916705729388, 30.319430939912468 ], [ -91.073755938408411, 30.319400549453114 ], [ -91.073549980205442, 30.319380553362478 ], [ -91.073401030826233, 30.319375964460392 ], [ -91.073186304352248, 30.319376056813642 ], [ -91.07290188360119, 30.319363810353696 ], [ -91.07279016541348, 30.319362731214337 ], [ -91.072645949429656, 30.319366055101167 ], [ -91.072419304896258, 30.31937866835305 ], [ -91.072126074982364, 30.31940197669703 ], [ -91.072043650446645, 30.319409718871331 ], [ -91.071857392680201, 30.319431003663343 ], [ -91.071688587666202, 30.319444245257877 ], [ -91.07144927664163, 30.319452535896943 ], [ -91.071395401762729, 30.319450710542146 ], [ -91.071160117684798, 30.319434261010272 ], [ -91.070966018786862, 30.319424251862632 ], [ -91.070879670532875, 30.319417549923294 ], [ -91.07066893429122, 30.31940681986908 ], [ -91.070409064601037, 30.319399085022351 ], [ -91.069988376036022, 30.319380890283274 ], [ -91.069542323058727, 30.319366251995955 ], [ -91.069418723404581, 30.319363770554137 ], [ -91.069031321814222, 30.319342545932017 ], [ -91.068865739436589, 30.319335684098924 ], [ -91.068717606014616, 30.319322326629479 ], [ -91.068635209193076, 30.319319583290753 ], [ -91.06846174099644, 30.319298613257342 ], [ -91.068403909120946, 30.319295060223499 ], [ -91.068338169395815, 30.319285648320189 ], [ -91.068156013972882, 30.319254005611516 ], [ -91.068086350185041, 30.319230493814224 ], [ -91.06794784028115, 30.319174020325036 ], [ -91.067894823577276, 30.319147619932988 ], [ -91.067804637535644, 30.319094680445033 ], [ -91.067712096149748, 30.319033658647395 ], [ -91.067534899440005, 30.318925722615713 ], [ -91.067460579887992, 30.318865596117757 ], [ -91.067356943880554, 30.318805411446117 ], [ -91.067224813714091, 30.318733998432958 ], [ -91.067144886925931, 30.318696717269418 ], [ -91.067081565694281, 30.318672014302511 ], [ -91.066967577239012, 30.318631399619964 ], [ -91.066782336120284, 30.318569159067007 ], [ -91.066517075233548, 30.318504522095903 ], [ -91.066319078324781, 30.318471642325569 ], [ -91.066207434173634, 30.318443404190873 ], [ -91.066109219605607, 30.318430144739445 ], [ -91.065984894488849, 30.31840325648027 ], [ -91.065855073029923, 30.31835779601569 ], [ -91.065821041913566, 30.318343120093804 ], [ -91.065741114115795, 30.318306525482889 ], [ -91.065669907610996, 30.318267886269087 ], [ -91.065579697170719, 30.31822474033094 ], [ -91.065495008608863, 30.318190713252953 ], [ -91.065383371027593, 30.31816024080209 ], [ -91.064989005415057, 30.318079185550548 ], [ -91.064862284551793, 30.318059508261193 ], [ -91.064589066709786, 30.318008256618462 ], [ -91.064438590451275, 30.317983203611163 ], [ -91.064252452807665, 30.317960483718203 ], [ -91.064202533086828, 30.317961413122745 ], [ -91.064123267288807, 30.317973281249667 ], [ -91.064021001485784, 30.317993351347816 ], [ -91.063952007092553, 30.318015895163036 ], [ -91.063887725676466, 30.318053571566765 ], [ -91.063790004065083, 30.318150984327819 ], [ -91.063775694528729, 30.31816848406724 ], [ -91.063697033939874, 30.318249265525548 ], [ -91.063600951172972, 30.318326575211877 ], [ -91.063509584025851, 30.318417985452932 ], [ -91.063449154224827, 30.318496055265946 ], [ -91.063383965174424, 30.318576005247891 ], [ -91.063325965404189, 30.318634487897295 ], [ -91.06319953170194, 30.318800582453296 ], [ -91.063108169821547, 30.318889758788778 ], [ -91.06301616543594, 30.318923769591699 ], [ -91.062951961135383, 30.318932745897925 ], [ -91.062898871085622, 30.318933840623917 ], [ -91.062842643473502, 30.31892324204123 ], [ -91.062768229942407, 30.318898686592657 ], [ -91.062684481950498, 30.31881035520243 ], [ -91.062561991916368, 30.318691697421471 ], [ -91.062362729324931, 30.318542120917954 ], [ -91.06225350680748, 30.318497902588266 ], [ -91.06218775975492, 30.318491580947253 ], [ -91.062122794732716, 30.318489041631466 ], [ -91.061949270716582, 30.318489544917821 ], [ -91.061898553211918, 30.318492361737906 ], [ -91.061756735790524, 30.318488118060909 ], [ -91.06164665974228, 30.318466409683143 ], [ -91.061528635006979, 30.318453965786496 ], [ -91.061467665075384, 30.318439232400035 ], [ -91.061322792667866, 30.318393221389865 ], [ -91.061245256189849, 30.318351989417053 ], [ -91.061167734362385, 30.318305429553412 ], [ -91.061005618292214, 30.318190985409466 ], [ -91.060673711402089, 30.317871857707591 ], [ -91.06015393693221, 30.317295937791524 ], [ -91.059926869491662, 30.317175342646077 ], [ -91.059892833037722, 30.317163071112851 ], [ -91.059781995382025, 30.317130877045582 ], [ -91.059595120599241, 30.31708907298022 ], [ -91.059506443131909, 30.317066033237673 ], [ -91.059397981736694, 30.317034187478317 ], [ -91.059319571428901, 30.317023197672974 ], [ -91.059239569853474, 30.31701461135513 ], [ -91.059130273615622, 30.316998230362827 ], [ -91.058799934589146, 30.316975718427802 ], [ -91.058702475378936, 30.316976719233178 ], [ -91.058588337464656, 30.316992119976479 ], [ -91.058363299746901, 30.316998010656853 ], [ -91.058187379938957, 30.317006236917091 ], [ -91.058093072387706, 30.31701360192795 ], [ -91.058020979418714, 30.317010358327366 ], [ -91.057803856776161, 30.317019185593843 ], [ -91.057612026048233, 30.317050577524423 ], [ -91.05748357977545, 30.317082617581296 ], [ -91.05735828506883, 30.317121023089999 ], [ -91.057121943866704, 30.317202674514405 ], [ -91.057088618898234, 30.31721961775926 ], [ -91.057014006968558, 30.317267408967531 ], [ -91.056966402880676, 30.317290508995118 ], [ -91.056944974223768, 30.317303353538996 ], [ -91.0568315252236, 30.317355702931408 ], [ -91.056736376142936, 30.317380594160831 ], [ -91.056663411712293, 30.317405703196133 ], [ -91.056615817041148, 30.317425366970024 ], [ -91.056568253929996, 30.317433687629961 ], [ -91.056504075848338, 30.317433381729877 ], [ -91.05645179752409, 30.317427772868573 ], [ -91.056378942620952, 30.317413528219266 ], [ -91.056304511225804, 30.317396358280526 ], [ -91.056242780084602, 30.317370966929573 ], [ -91.056181853280805, 30.317341280475258 ], [ -91.056156536185071, 30.317327822857084 ], [ -91.056072708163839, 30.31727076330008 ], [ -91.055950895572849, 30.3171967832833 ], [ -91.055828311466414, 30.317115411424918 ], [ -91.055692314195355, 30.317013904066897 ], [ -91.055583937139858, 30.316952325325179 ], [ -91.05552775849047, 30.316924882180984 ], [ -91.055428015043788, 30.316892707789197 ], [ -91.055335342021095, 30.316882201614352 ], [ -91.05519034971077, 30.316880865238058 ], [ -91.055145174770558, 30.316885238259953 ], [ -91.055060330736282, 30.316908431464796 ], [ -91.05490093024757, 30.316959307562584 ], [ -91.054800176532225, 30.317004980183452 ], [ -91.054729541181899, 30.317047106909524 ], [ -91.054604027674657, 30.317163185754712 ], [ -91.054534886175603, 30.317237623789079 ], [ -91.054370320552678, 30.317434735224808 ], [ -91.054217147968259, 30.317524633700277 ], [ -91.054161608235049, 30.317551841307456 ], [ -91.054073609052779, 30.317569699330576 ], [ -91.054033988259704, 30.317571162675332 ], [ -91.053994377607182, 30.317569016677329 ], [ -91.053938932935594, 30.31756236901013 ], [ -91.05386133011865, 30.317546050698976 ], [ -91.053824936145574, 30.317527069917194 ], [ -91.053710280036256, 30.31744450945607 ], [ -91.053641765722631, 30.317295712468244 ], [ -91.053613651998546, 30.317149922048021 ], [ -91.053605092120321, 30.317094567426949 ], [ -91.053605488630637, 30.31695364924574 ], [ -91.053639131757933, 30.316823800027009 ], [ -91.05366243013475, 30.316709739319229 ], [ -91.053695190873228, 30.316611852771963 ], [ -91.053734313310841, 30.316505730762525 ], [ -91.053777494397124, 30.316365074527724 ], [ -91.053815809351363, 30.316264278657336 ], [ -91.05384936307604, 30.316166050034827 ], [ -91.053942452553457, 30.316028077574419 ], [ -91.054006188435025, 30.315903447463484 ], [ -91.054027714698208, 30.315855889390711 ], [ -91.054125721137495, 30.3156596696364 ], [ -91.054133749006354, 30.315622394158794 ], [ -91.054136229709584, 30.315585451561336 ], [ -91.054127744966763, 30.315503288117544 ], [ -91.054085931493276, 30.315439441978359 ], [ -91.054036189162943, 30.315377642190477 ], [ -91.053949203933797, 30.315317309828337 ], [ -91.053813886903669, 30.315257218833736 ], [ -91.053749765333166, 30.315237319620078 ], [ -91.053635726310745, 30.315218002985695 ], [ -91.053495489828975, 30.315216846215993 ], [ -91.053410669092059, 30.315232133200979 ], [ -91.053378947644561, 30.315242377118548 ], [ -91.05327028541808, 30.315283219954996 ], [ -91.053225064636379, 30.315304090067116 ], [ -91.053159194349163, 30.315342445319981 ], [ -91.053116326717472, 30.315371740709761 ], [ -91.053021081695306, 30.315430999576517 ], [ -91.05289324413414, 30.315528340435165 ], [ -91.052730365545955, 30.315689020759212 ], [ -91.052548581046764, 30.315810649712706 ], [ -91.052407996042817, 30.315932537452458 ], [ -91.052341183103266, 30.316023820861986 ], [ -91.052182556490195, 30.316081225731928 ], [ -91.052156377948776, 30.3160925122687 ], [ -91.052112725643681, 30.316118884616511 ], [ -91.052065936619769, 30.316133736602914 ], [ -91.052018346026102, 30.316151851611995 ], [ -91.051848552123928, 30.316235525275943 ], [ -91.051785893764929, 30.31625841995746 ], [ -91.051756553645504, 30.316266950034986 ], [ -91.051684420528147, 30.316278138498173 ], [ -91.051638434396807, 30.316289211289927 ], [ -91.051540928053058, 30.316307047352421 ], [ -91.051490982735103, 30.316317251932038 ], [ -91.051347572038679, 30.316317289530271 ], [ -91.051268350875347, 30.316313339612673 ], [ -91.051212108915308, 30.316308751324211 ], [ -91.051151125730215, 30.31629968471702 ], [ -91.051084630478613, 30.316278576627013 ], [ -91.051023656594523, 30.316266245234203 ], [ -91.050973779090356, 30.316252561813808 ], [ -91.050909692107695, 30.316220460223285 ], [ -91.050746012961511, 30.316103766421062 ], [ -91.050636177500408, 30.315999216444727 ], [ -91.050576187273876, 30.31591969216241 ], [ -91.050532798607207, 30.315853264191329 ], [ -91.050444316033605, 30.315762852576587 ], [ -91.050310738764196, 30.315648800026874 ], [ -91.050225306906668, 30.315600154513156 ], [ -91.050154063827421, 30.315577144943379 ], [ -91.050110519414062, 30.315565537904732 ], [ -91.05007962704552, 30.315562722014818 ], [ -91.049981391025796, 30.315558730541834 ], [ -91.049936224786563, 30.315560179857158 ], [ -91.049811800303772, 30.315570911380842 ], [ -91.049562111361666, 30.315609042419286 ], [ -91.049246534981947, 30.315690853228425 ], [ -91.049032438230043, 30.315750540933408 ], [ -91.048884146621134, 30.315795247007816 ], [ -91.048766775826124, 30.31583280173372 ], [ -91.04863986418772, 30.315881849458595 ], [ -91.048514549853977, 30.315926433242005 ], [ -91.048419359673431, 30.31596541030898 ], [ -91.048342436540935, 30.315989131398606 ], [ -91.048302770964128, 30.316006403359456 ], [ -91.048236938724187, 30.316030664330743 ], [ -91.048127525580611, 30.316056033684088 ], [ -91.048085490386612, 30.316070722223611 ], [ -91.048016504070858, 30.31608964929568 ], [ -91.047941995191167, 30.316100314575191 ], [ -91.047714525625807, 30.316125773043336 ], [ -91.047467292975526, 30.316135549315241 ], [ -91.047377773469819, 30.316131058764448 ], [ -91.0471227492027, 30.316095104749433 ], [ -91.047093452273941, 30.316088510863299 ], [ -91.046905038277245, 30.316033453286881 ], [ -91.046772862586053, 30.315984189055371 ], [ -91.046525962865999, 30.315878650783638 ], [ -91.046278990228842, 30.315798546966704 ], [ -91.046123057649623, 30.315745105081866 ], [ -91.04604626573996, 30.315723284647678 ], [ -91.046009064725496, 30.315710142930136 ], [ -91.045924351219028, 30.315687790084837 ], [ -91.045796913457025, 30.315644377265155 ], [ -91.045740721841725, 30.315622601498937 ], [ -91.045648114681114, 30.31559009153527 ], [ -91.04556107068349, 30.315551750640768 ], [ -91.045465347144741, 30.31550101738663 ], [ -91.04532778152425, 30.315398293353098 ], [ -91.045226603711328, 30.31531592715713 ], [ -91.045181491305527, 30.315298815788516 ], [ -91.045069860709589, 30.315269184953078 ], [ -91.044966923159862, 30.315247306820005 ], [ -91.044818028677923, 30.315226359337846 ], [ -91.044616844297565, 30.315204438580192 ], [ -91.044560597782365, 30.3152017373733 ], [ -91.044483744220571, 30.31520139791439 ], [ -91.044381518764041, 30.315207188695542 ], [ -91.044233366300176, 30.315203599738453 ], [ -91.044130362514579, 30.315204576749352 ], [ -91.04404565086142, 30.315181878993283 ], [ -91.043975992130612, 30.315159556965405 ], [ -91.043949858419921, 30.315155203844121 ], [ -91.043896779187349, 30.315153196704387 ], [ -91.043861138769017, 30.315148479026448 ], [ -91.043798629403454, 30.315119814479466 ], [ -91.043739254770244, 30.315103014153269 ], [ -91.043694116182778, 30.315095009953499 ], [ -91.04360382750933, 30.31508295454277 ], [ -91.043488145395116, 30.315084419248617 ], [ -91.043446139992611, 30.315088795226014 ], [ -91.043359005555459, 30.315081901246483 ], [ -91.043271899708998, 30.315065212125731 ], [ -91.043235438961062, 30.315070116221992 ], [ -91.04303562709832, 30.315121060662875 ], [ -91.042981724975803, 30.315129534805369 ], [ -91.0429064611141, 30.315127479397397 ], [ -91.042793202574373, 30.315112966082424 ], [ -91.04250409419214, 30.315083458546127 ], [ -91.042422498442647, 30.315079154384534 ], [ -91.042245023266503, 30.315078075944101 ], [ -91.04217449418681, 30.315082560952497 ], [ -91.042073098284035, 30.315075634684192 ], [ -91.041978045899469, 30.315067004708023 ], [ -91.041833917759689, 30.315042111312572 ], [ -91.041679509846759, 30.315010321857955 ], [ -91.041600317846644, 30.314996913857524 ], [ -91.041547246310444, 30.314992328452323 ], [ -91.041482280570364, 30.314990982393557 ], [ -91.0413982731978, 30.314998529647905 ], [ -91.041326931637499, 30.315009886511746 ], [ -91.041232630287496, 30.31501534867008 ], [ -91.041059793896821, 30.31505346128791 ], [ -91.041010633367378, 30.315066069581508 ], [ -91.040940109801596, 30.315068663113493 ], [ -91.040845830113867, 30.315066735833117 ], [ -91.040742808733441, 30.31507372545488 ], [ -91.040656388890909, 30.315093297476825 ], [ -91.040550103085451, 30.315132588002225 ], [ -91.040496198720035, 30.315141748536178 ], [ -91.040331349248746, 30.315158052178646 ], [ -91.04018399894322, 30.315151194807964 ], [ -91.040154692617079, 30.315148036410587 ], [ -91.040072331981349, 30.31513444905897 ], [ -91.039792734082425, 30.315104269292597 ], [ -91.039640636132077, 30.315095338532302 ], [ -91.039283442033195, 30.315048143559554 ], [ -91.03905695063979, 30.315010862649643 ], [ -91.038892245187398, 30.314978530980817 ], [ -91.038805944197705, 30.314957888547806 ], [ -91.038727552572155, 30.314941903270558 ], [ -91.038637299282797, 30.314918157661822 ], [ -91.038456032126575, 30.314860010600707 ], [ -91.038386361109232, 30.314842326063935 ], [ -91.038258878245159, 30.31481557600631 ], [ -91.038131381161719, 30.314793637666895 ], [ -91.037921506742407, 30.314763953460456 ], [ -91.037699745301254, 30.314735102026876 ], [ -91.037535030010744, 30.314706377093373 ], [ -91.037304541680541, 30.314681457609296 ], [ -91.037058162799966, 30.314671453706762 ], [ -91.036831569056517, 30.314669054376449 ], [ -91.036658879276217, 30.31465766801292 ], [ -91.036609758903467, 30.314656698854034 ], [ -91.036452907579886, 30.314647925141884 ], [ -91.036309515202234, 30.314642619466948 ], [ -91.036156715349492, 30.314603780754521 ], [ -91.03604979939891, 30.314588417110514 ], [ -91.035955505355474, 30.314591469580854 ], [ -91.035840594920245, 30.314599975734108 ], [ -91.035659160691552, 30.314598363515056 ], [ -91.035503111113016, 30.314586498036149 ], [ -91.03520294147657, 30.314547840920941 ], [ -91.035050841179284, 30.314540108285232 ], [ -91.034911383215217, 30.314543917716215 ], [ -91.034668059006734, 30.314572238943523 ], [ -91.034434268670509, 30.314591816363532 ], [ -91.034335233664805, 30.314590561082767 ], [ -91.034149904148364, 30.314566941735702 ], [ -91.03389958349878, 30.314550564011245 ], [ -91.033829058042429, 30.314553841152403 ], [ -91.0336111121225, 30.314573969054106 ], [ -91.033508854545232, 30.314590406211849 ], [ -91.033311563383336, 30.314592364126216 ], [ -91.033183970136534, 30.314602729085625 ], [ -91.033002515697703, 30.314607815875302 ], [ -91.032837749511032, 30.314596442531954 ], [ -91.032760099477983, 30.314597640660573 ], [ -91.032360630591015, 30.314645365698642 ], [ -91.032241696325258, 30.314674309565753 ], [ -91.03218382470952, 30.314685176191578 ], [ -91.031969825633254, 30.314709949955361 ], [ -91.031859609669041, 30.314737882255386 ], [ -91.031715259303084, 30.314787218546694 ], [ -91.031633529712437, 30.314827245394088 ], [ -91.031423272013868, 30.31492437723152 ], [ -91.031201225901896, 30.314989688577587 ], [ -91.030954542664531, 30.315079690828256 ], [ -91.030864112813703, 30.315114541699778 ], [ -91.030641948705139, 30.315218346823279 ], [ -91.030526904663475, 30.315270326312618 ], [ -91.030403144037578, 30.315322629414307 ], [ -91.030230959046861, 30.315405411045354 ], [ -91.030016747155642, 30.315499266812335 ], [ -91.029913657956598, 30.31552807266505 ], [ -91.02972489346142, 30.315591224346079 ], [ -91.02967097840164, 30.315603473786254 ], [ -91.029494237491335, 30.315621112288575 ], [ -91.029449073550936, 30.31562169579184 ], [ -91.029243091102572, 30.315615035004789 ], [ -91.029178110928171, 30.315618322430979 ], [ -91.02891022074904, 30.315646576477789 ], [ -91.028853160516945, 30.315650913114435 ], [ -91.028663769752825, 30.315659584104605 ], [ -91.028470373118992, 30.315682682098789 ], [ -91.02835930742674, 30.315728653588199 ], [ -91.028087900266144, 30.315869976866594 ], [ -91.027976721755309, 30.315952552829145 ], [ -91.027845488015615, 30.316115509329869 ], [ -91.02774381789574, 30.316197763379467 ], [ -91.027708095982945, 30.316219677856207 ], [ -91.027666008035411, 30.316250513925389 ], [ -91.027628661288119, 30.316285485417382 ], [ -91.02736481616401, 30.316543340753977 ], [ -91.027332217304149, 30.316580213988427 ], [ -91.02705564158164, 30.316854880749023 ], [ -91.026855599569529, 30.316976603441741 ], [ -91.026800051596055, 30.317004143248845 ], [ -91.026681835773459, 30.317055596005261 ], [ -91.026621561330401, 30.317074188429821 ], [ -91.026483505912537, 30.317135734687326 ], [ -91.026411273292609, 30.317178013984876 ], [ -91.026150833030158, 30.317357853704461 ], [ -91.025667432633469, 30.317894970717497 ], [ -91.02555451461437, 30.318026175274632 ], [ -91.025375638875431, 30.318219779376239 ], [ -91.02520155692973, 30.318400334522568 ], [ -91.024989575459514, 30.318537836931228 ], [ -91.024948297746747, 30.318562315920545 ], [ -91.024728490898227, 30.318668007372668 ], [ -91.024590432630163, 30.318729379324704 ], [ -91.024519790194091, 30.318769256259806 ], [ -91.024298247640417, 30.318923233035051 ], [ -91.023925659621966, 30.319237538212587 ], [ -91.023760388573336, 30.31938614750284 ], [ -91.023613405195476, 30.319514176267571 ], [ -91.023528431600155, 30.319575843873402 ], [ -91.023333094207288, 30.319710290190873 ], [ -91.023252881315855, 30.319769734257719 ], [ -91.02308139724633, 30.319877427211566 ], [ -91.023016274607357, 30.319925392914524 ], [ -91.022955893651684, 30.319977321882966 ], [ -91.02286057632621, 30.320052541541777 ], [ -91.022790585566185, 30.320136928408363 ], [ -91.022727704893555, 30.320228033751111 ], [ -91.022712553597543, 30.320258931560478 ], [ -91.022652628959108, 30.320418269686591 ], [ -91.022584741388698, 30.320590134724181 ], [ -91.022475502870975, 30.320809332773333 ], [ -91.022447649551296, 30.320847934463263 ], [ -91.022349837283571, 30.320960439391111 ], [ -91.022105266178116, 30.321127762689425 ], [ -91.022050496163715, 30.321158739360381 ], [ -91.021820337300582, 30.321277977416777 ], [ -91.021738574688868, 30.321325559526016 ], [ -91.021650481750541, 30.321370377008023 ], [ -91.02154653454447, 30.321417391539704 ], [ -91.021477560494048, 30.32142960207921 ], [ -91.021180810773402, 30.321558649214122 ], [ -91.020807081942891, 30.321701648757909 ], [ -91.020685778660393, 30.321748063134844 ], [ -91.020300732701386, 30.321985509963319 ], [ -91.020024981497272, 30.32223902627543 ], [ -91.01956623201518, 30.322730466182243 ], [ -91.019107188101444, 30.323062939883652 ], [ -91.018483276552928, 30.323411001799048 ], [ -91.018019042613474, 30.323878707527086 ], [ -91.017980851433748, 30.32392810981716 ], [ -91.01795773559509, 30.323971190006766 ], [ -91.017820004349986, 30.324175536722194 ], [ -91.017620132670032, 30.32448490927386 ], [ -91.017510310007722, 30.324883171709228 ], [ -91.01748530646833, 30.325021453447359 ], [ -91.01748202934985, 30.32505530005546 ], [ -91.017483610940459, 30.325305693023545 ], [ -91.017442763232566, 30.325440124528594 ], [ -91.017421150793268, 30.325511250340703 ], [ -91.01736001078558, 30.325799988157897 ], [ -91.01731742114859, 30.325986345484203 ], [ -91.017055864322572, 30.326343544644228 ], [ -91.016976453982409, 30.326462286127999 ], [ -91.016881024310521, 30.326616455688303 ], [ -91.016875261436496, 30.326661121648218 ], [ -91.016776940700012, 30.326794975872396 ], [ -91.016831738457157, 30.326963193956022 ], [ -91.016790932977443, 30.327086486039811 ], [ -91.016707852948443, 30.327296633978353 ], [ -91.016692630824608, 30.327348840548002 ], [ -91.016591148708443, 30.327862950287098 ], [ -91.016563101097177, 30.327961182453322 ], [ -91.016522349645868, 30.328067289341153 ], [ -91.016496037366636, 30.32811826676549 ], [ -91.016435532427607, 30.328206453619188 ], [ -91.016412399585903, 30.328254344412542 ], [ -91.016273883255735, 30.328453532772233 ], [ -91.015660672505547, 30.328910904609742 ], [ -91.01544219185989, 30.329087214361167 ], [ -91.015348458148637, 30.329158307822109 ], [ -91.015310208631732, 30.329224894350805 ], [ -91.015252262355801, 30.329255859606281 ], [ -91.015211054244105, 30.329256447779574 ], [ -91.015163444601598, 30.329276440257903 ], [ -91.0150213529556, 30.329353602770482 ], [ -91.014759284152007, 30.329530666046253 ], [ -91.014662428872469, 30.329586456200481 ], [ -91.014477410405689, 30.329705618767061 ], [ -91.014298727040099, 30.329825999788138 ], [ -91.014242479647606, 30.329857197836827 ], [ -91.014179650170121, 30.329892047038115 ], [ -91.014001015245597, 30.329997132485151 ], [ -91.013794996606421, 30.330130249487048 ], [ -91.013750879084412, 30.330158755901042 ], [ -91.013675915526008, 30.330306367282308 ], [ -91.013624938581842, 30.330387529480575 ], [ -91.013593017485718, 30.330457052747441 ], [ -91.013545035414893, 30.330592527405145 ], [ -91.013508057145955, 30.330756041015437 ], [ -91.013506398185186, 30.330779065170695 ], [ -91.013524840456967, 30.330958179630748 ], [ -91.013537278907378, 30.331032965823262 ], [ -91.013598610166994, 30.33118193813149 ], [ -91.01382002816959, 30.331573436730743 ], [ -91.013931947744993, 30.331762573177329 ], [ -91.01407865906431, 30.331975508278838 ], [ -91.014282083380039, 30.332295644416355 ], [ -91.014361893729316, 30.332366468760313 ], [ -91.014428838136425, 30.332495519355263 ], [ -91.014471235566134, 30.33261866769594 ], [ -91.014493907866253, 30.332714959508429 ], [ -91.014519601737433, 30.332857486326283 ], [ -91.014542838958405, 30.333024754784894 ], [ -91.014599420442693, 30.33317302767637 ], [ -91.014644579354055, 30.333423696720114 ], [ -91.014654632224847, 30.333501398033935 ], [ -91.014711731484468, 30.333786434642242 ], [ -91.014706375373223, 30.333979537238015 ], [ -91.014670304675136, 30.33417482371603 ], [ -91.014639698955548, 30.334272478119445 ], [ -91.014584484451888, 30.334370970735819 ], [ -91.014413486427571, 30.334563375812277 ], [ -91.014260058787727, 30.334713203840096 ], [ -91.014039973552059, 30.334890882890956 ], [ -91.013803298192371, 30.335052195065725 ], [ -91.013673914857776, 30.335117529450972 ], [ -91.013461157343045, 30.335233873699821 ], [ -91.013390463312547, 30.335284742045911 ], [ -91.013292844046589, 30.335329703065327 ], [ -91.013127807158298, 30.335392372302721 ], [ -91.012974627210426, 30.335464350988747 ], [ -91.012880994317001, 30.335501758987409 ], [ -91.012804848370251, 30.335522883878117 ], [ -91.012700161222497, 30.335547720194239 ], [ -91.012237848893264, 30.335639913274246 ], [ -91.012137849674886, 30.335685382757742 ], [ -91.011914959821809, 30.335748253504523 ], [ -91.011706500478084, 30.335759775766789 ], [ -91.011328407272003, 30.335784632467018 ], [ -91.010365609731622, 30.335772568197335 ], [ -91.010306151853811, 30.335771310519419 ], [ -91.010193589368555, 30.335780658928076 ], [ -91.010128605440329, 30.335780843657243 ], [ -91.009942308798372, 30.335800493942607 ], [ -91.009742482961826, 30.335837640613914 ], [ -91.009667121291244, 30.335860999240182 ], [ -91.009574327390823, 30.335883628596381 ], [ -91.009392612786755, 30.335956219697213 ], [ -91.009313300332806, 30.335975959996141 ], [ -91.009276011992483, 30.335988757868297 ], [ -91.009186273457374, 30.33604645131528 ], [ -91.009000322237483, 30.336202896065924 ], [ -91.008881733299589, 30.336358817702131 ], [ -91.008865803517978, 30.336383353836034 ], [ -91.008770804472519, 30.336595700693763 ], [ -91.008649971813597, 30.336953027788354 ], [ -91.008565864955983, 30.337227096476493 ], [ -91.008557022402343, 30.337265397230524 ], [ -91.008530681139703, 30.337323246964463 ], [ -91.008473352572437, 30.337405594845798 ], [ -91.008390495782777, 30.337539435437467 ], [ -91.008263976036048, 30.337696368074877 ], [ -91.008143269262916, 30.337772029471353 ], [ -91.007967802317125, 30.337871443741388 ], [ -91.007940826153742, 30.337881000996099 ], [ -91.007734629006421, 30.337926205510051 ], [ -91.007652158203683, 30.337941812580276 ], [ -91.007480944202598, 30.33795238888618 ], [ -91.007325619999875, 30.337950802259009 ], [ -91.007151304224877, 30.337940576873525 ], [ -91.007006380595996, 30.337909113347127 ], [ -91.006840108940693, 30.337862646251445 ], [ -91.006772828610551, 30.337837733302415 ], [ -91.006604981243953, 30.337788512386222 ], [ -91.006319124447472, 30.337717345866825 ], [ -91.005985042879431, 30.337610657774899 ], [ -91.005860018916763, 30.33755294942581 ], [ -91.005784906480699, 30.33750000516855 ], [ -91.005545164364534, 30.337383753829446 ], [ -91.005359947766095, 30.33731506942366 ], [ -91.005119278479654, 30.337239888029103 ], [ -91.004951383547109, 30.337205615535915 ], [ -91.004629031018311, 30.337147759056194 ], [ -91.004398514261865, 30.337118142779989 ], [ -91.004350994241463, 30.33710925955636 ], [ -91.004115039561484, 30.337046633698041 ], [ -91.003578239913651, 30.336893377856519 ], [ -91.003252192168077, 30.336755597241709 ], [ -91.003097048043557, 30.336700389223889 ], [ -91.002974384922538, 30.336648526986885 ], [ -91.002843872558941, 30.336573960558113 ], [ -91.002647657827566, 30.336477232513538 ], [ -91.002491821529063, 30.336392118925961 ], [ -91.002466494838202, 30.336382260391932 ], [ -91.002122894417298, 30.336280865589806 ], [ -91.002003332340237, 30.336249976142312 ], [ -91.001879793054314, 30.336223544755072 ], [ -91.001711058594935, 30.336204217582608 ], [ -91.001638165666876, 30.336199566429986 ], [ -91.001488311879115, 30.336221874524298 ], [ -91.001395515207534, 30.336244669532693 ], [ -91.001323306822542, 30.336272328072567 ], [ -91.001144742754249, 30.336348697398311 ], [ -91.001079637228912, 30.33638513765797 ], [ -91.000809584160393, 30.336566964820047 ], [ -91.00067988433355, 30.336723710854233 ], [ -91.000448214029518, 30.337039163222784 ], [ -91.000355954374342, 30.337137917351246 ], [ -91.000328851010892, 30.337185280131397 ], [ -91.000278678614251, 30.337258533918384 ], [ -91.000249926284312, 30.337324968524559 ], [ -91.000013354212427, 30.337683369774201 ], [ -90.999701508772958, 30.338037113247442 ], [ -90.999619544073965, 30.338137611357681 ], [ -90.99939260013771, 30.338459603181644 ], [ -90.999245450879826, 30.338619225564415 ], [ -90.999211997371248, 30.338669321668622 ], [ -90.99911094180851, 30.338790564773628 ], [ -90.998970135643432, 30.338948999472866 ], [ -90.998869845396058, 30.339078150404951 ], [ -90.99868096822189, 30.339390957317839 ], [ -90.998653852449578, 30.339441585332789 ], [ -90.998585181555839, 30.339594530768139 ], [ -90.998552217731941, 30.339734334524074 ], [ -90.998517756797895, 30.339848013015065 ], [ -90.998485744515264, 30.33994056039338 ], [ -90.998429802356071, 30.340078931049831 ], [ -90.998407315651306, 30.340166862105132 ], [ -90.99838148455045, 30.340306511579165 ], [ -90.998339712810477, 30.340472930385737 ], [ -90.998323703309495, 30.340520148546727 ], [ -90.998176737377037, 30.340859010958823 ], [ -90.998100335536066, 30.340953851522951 ], [ -90.998065318823024, 30.340997069277723 ], [ -90.99797140837137, 30.34111351773501 ], [ -90.997848080613991, 30.341257732290018 ], [ -90.99762762765755, 30.341531275182462 ], [ -90.99751737346547, 30.341558834933693 ], [ -90.997424537213362, 30.341591594430113 ], [ -90.997328555222467, 30.341617128092267 ], [ -90.997189792805301, 30.341637913298147 ], [ -90.997074066900538, 30.34164294574331 ], [ -90.996987690966407, 30.341640148540858 ], [ -90.996307158925774, 30.341566923921331 ], [ -90.99569875233297, 30.341492333026743 ], [ -90.995565641336057, 30.341482541379754 ], [ -90.995430916701665, 30.341481165750498 ], [ -90.995298535726334, 30.341489763375684 ], [ -90.995204979953982, 30.34150086616733 ], [ -90.995071752022284, 30.341525443148804 ], [ -90.99499158886367, 30.341560124204889 ], [ -90.994929643648746, 30.341597772905676 ], [ -90.994831902725593, 30.34167416833338 ], [ -90.99470697238074, 30.341821984275654 ], [ -90.994566191804807, 30.34196958714934 ], [ -90.99439353932766, 30.342167117373606 ], [ -90.994264710160905, 30.342295847802241 ], [ -90.994082668588547, 30.342425199239184 ], [ -90.994069273286527, 30.342434717263846 ], [ -90.993960461325358, 30.342503522132915 ], [ -90.993781023883727, 30.342598610555999 ], [ -90.993590527712954, 30.342682844096238 ], [ -90.993391352201044, 30.342755711921026 ], [ -90.993206568950285, 30.34279149745781 ], [ -90.993140759643723, 30.342799920593272 ], [ -90.992959498713404, 30.342820590110481 ], [ -91.002980352280076, 30.355580852123882 ], [ -91.003762568905032, 30.356563273385269 ], [ -91.004025016522078, 30.356854008488185 ], [ -91.00416487483011, 30.356993226950298 ], [ -91.004310264166236, 30.357128116300288 ], [ -91.004461006157115, 30.357258512795575 ], [ -91.004616917216154, 30.357384255386965 ], [ -91.004777805407713, 30.357505190221669 ], [ -91.004943473567806, 30.357621170650976 ], [ -91.005113720359262, 30.357732052722703 ], [ -91.00528833504697, 30.357837702385005 ], [ -91.007084935415762, 30.358514263276529 ], [ -91.007810956926718, 30.358816178481781 ], [ -91.008536981812028, 30.35911808876935 ], [ -91.003733549658648, 30.362313648150646 ], [ -91.003863774654334, 30.36237829287365 ], [ -91.003926854716099, 30.362413534738529 ], [ -91.003988476326626, 30.362450667354604 ], [ -91.004048563703535, 30.362489643625622 ], [ -91.004107045225069, 30.362530416465791 ], [ -91.004163847197489, 30.362572936077921 ], [ -91.004218902174273, 30.362617150876329 ], [ -91.004272140633958, 30.362663007465809 ], [ -91.004323500348377, 30.362710448861144 ], [ -91.004372917011551, 30.362759417169727 ], [ -91.004420329443789, 30.362809852702654 ], [ -91.004750264613506, 30.3631901332779 ], [ -91.006145888855031, 30.364846315388746 ], [ -91.006171137283516, 30.364875938 ], [ -91.006763919886666, 30.365571152695409 ], [ -91.009740751484955, 30.368973085504528 ], [ -91.009935109896432, 30.369182520474908 ], [ -91.010132839316313, 30.369411633712112 ], [ -91.010521140649615, 30.369844719146986 ], [ -91.010604851197627, 30.369941652321437 ], [ -91.010864697479207, 30.370227445364549 ], [ -91.011121620298923, 30.37052076960271 ], [ -91.011378603707428, 30.370796505197916 ], [ -91.011642490208075, 30.371094777123094 ], [ -91.011913950893245, 30.371377373066423 ], [ -91.012057767596446, 30.371512557996894 ], [ -91.013677926371699, 30.373026027826576 ], [ -91.014298419129574, 30.373561146679979 ], [ -91.014627828514534, 30.373811023120023 ], [ -91.01634148671809, 30.375076322996758 ], [ -91.017155126121835, 30.375690699557861 ], [ -91.019033827185581, 30.377131153770872 ], [ -91.019235225063397, 30.377281097813015 ], [ -91.019340537899353, 30.37735117506217 ], [ -91.0194487394389, 30.377417861780593 ], [ -91.019559684298855, 30.377481068308374 ], [ -91.019673224996936, 30.377540710393522 ], [ -91.019789207795313, 30.377596707377997 ], [ -91.019907477891891, 30.37764898581845 ], [ -91.02002787631595, 30.377697474066053 ], [ -91.020150241994699, 30.377742106782481 ], [ -91.020225008765266, 30.377766263538923 ], [ -91.020263234063421, 30.377778613623196 ], [ -91.021557224783763, 30.378196677867564 ], [ -91.02237093773573, 30.378474571411115 ], [ -91.022738194913231, 30.378631824700463 ], [ -91.022916593126084, 30.378719095215232 ], [ -91.023091183775605, 30.378811975722414 ], [ -91.023261731091495, 30.3789103402917 ], [ -91.023428007640803, 30.379014057600692 ], [ -91.023589788093417, 30.379122988213691 ], [ -91.02374685650264, 30.37923698550081 ], [ -91.023899002140197, 30.379355896530402 ], [ -91.024046020539572, 30.379479561168996 ], [ -91.024187712449958, 30.379607813883013 ], [ -91.024323890081703, 30.379740482851393 ], [ -91.024454368788369, 30.379877388141537 ], [ -91.024578973289664, 30.380018348038607 ], [ -91.024697537697065, 30.380163170926469 ], [ -91.025208611980915, 30.380848364228338 ], [ -91.025269778662917, 30.380925036329064 ], [ -91.025500175864863, 30.381210012872717 ], [ -91.025526276349851, 30.381239843806743 ], [ -91.025802891342764, 30.38154453001939 ], [ -91.025970470772961, 30.381717387480602 ], [ -91.026072075225102, 30.381818138209109 ], [ -91.02661416386988, 30.382350921626177 ], [ -91.026694611253944, 30.382431462670507 ], [ -91.027475388664939, 30.383202082003422 ], [ -91.028658929288611, 30.384371595818262 ], [ -91.029328950334545, 30.385017419259423 ], [ -91.029457046361216, 30.385128872056157 ], [ -91.029643213853248, 30.385281190563369 ], [ -91.029963790111495, 30.385537360985378 ], [ -91.030205928786444, 30.385728215723972 ], [ -91.03090183507004, 30.386274039609539 ], [ -91.030973079768643, 30.386331548008236 ], [ -91.03110214222167, 30.386431581729504 ], [ -91.031243600658229, 30.386543628912591 ], [ -91.031444931012302, 30.386697642932894 ], [ -91.031627695549119, 30.386843499900159 ], [ -91.031729915566387, 30.386924356286887 ], [ -91.032313286508383, 30.387382261666382 ], [ -91.032515667976071, 30.387543169326889 ], [ -91.032559604068553, 30.387578470024923 ], [ -91.032603540192298, 30.387613770708036 ], [ -91.032994733647328, 30.387928076486588 ], [ -91.033084684004095, 30.388005387544002 ], [ -91.033168197570021, 30.388090655746687 ], [ -91.033203709422764, 30.388130925685978 ], [ -91.033239222344775, 30.388171195617584 ], [ -91.033318907191642, 30.388265002390881 ], [ -91.033367844182251, 30.388327375249759 ], [ -91.033387161815682, 30.388354997978741 ], [ -91.03345756380817, 30.388459275879406 ], [ -91.03346813561906, 30.388477950705536 ], [ -91.033478844299893, 30.38850057882733 ], [ -91.033528719504091, 30.388604863340156 ], [ -91.0335734108628, 30.388728775612286 ], [ -91.033609323897707, 30.388822098624413 ], [ -91.033621998237422, 30.388857838647827 ], [ -91.033653767008232, 30.388958001863461 ], [ -91.033665043427959, 30.388996317804889 ], [ -91.033673149926628, 30.389030280258886 ], [ -91.033783419095059, 30.389459784530562 ], [ -91.033809720669197, 30.389555607044425 ], [ -91.033824443891803, 30.389623838868367 ], [ -91.033901210405261, 30.389886878158556 ], [ -91.033950826071049, 30.390043131629103 ], [ -91.033985494473598, 30.390135040806719 ], [ -91.034089012575762, 30.390390209305625 ], [ -91.034137673429669, 30.390498477143808 ], [ -91.03421991283092, 30.390652642906911 ], [ -91.034297985676631, 30.390882973050559 ], [ -91.034327968875502, 30.391026080781987 ], [ -91.034338511255498, 30.391098239807928 ], [ -91.034346067381833, 30.391170680747368 ], [ -91.034350628167914, 30.391243308860155 ], [ -91.034352188678639, 30.391316033023767 ], [ -91.034350745032839, 30.39138875760748 ], [ -91.034346300619873, 30.391461391507203 ], [ -91.034338860918552, 30.391533840917116 ], [ -91.034328435564362, 30.391606013844751 ], [ -91.034315036279708, 30.391677816498042 ], [ -91.034298682065625, 30.391749156905323 ], [ -91.034279392958567, 30.391819944901425 ], [ -91.034222061134912, 30.392020984268594 ], [ -91.035132379181405, 30.392301249125477 ], [ -91.035505780727789, 30.392427524648248 ], [ -91.035806012056995, 30.392529055941878 ], [ -91.036962659077858, 30.39292148401811 ], [ -91.039180179463642, 30.393676383320784 ], [ -91.039638718554372, 30.393807074574237 ], [ -91.040073367077028, 30.393903025681229 ], [ -91.040293460470323, 30.393940499686487 ], [ -91.041210578599177, 30.394091091180655 ], [ -91.041726204518937, 30.394168047162477 ], [ -91.045211863933474, 30.394711923897678 ], [ -91.046484853631796, 30.394918246532736 ], [ -91.047068086199459, 30.395049093163898 ], [ -91.047355899108922, 30.395126250747992 ], [ -91.049660816031277, 30.395793064926004 ], [ -91.049858166476454, 30.39584457569655 ], [ -91.049998934452944, 30.395872951576294 ], [ -91.050070130500174, 30.395883736245533 ], [ -91.050141737894421, 30.395892231340586 ], [ -91.050213657805131, 30.395898424921871 ], [ -91.050285793470238, 30.395902309564846 ], [ -91.05035804500298, 30.395903878740835 ], [ -91.050430314582428, 30.395903131338208 ], [ -91.050502503344546, 30.395900067145252 ], [ -91.050574511369106, 30.395894691361118 ], [ -91.050646240812299, 30.395887010993487 ], [ -91.050717592779264, 30.395877036656529 ], [ -91.05094634733419, 30.395834710350268 ], [ -91.051212236237845, 30.395758387203525 ], [ -91.054157280097414, 30.398998071337054 ], [ -91.053948622195307, 30.399134705381265 ], [ -91.053802782677536, 30.399179869784845 ], [ -91.053685477696803, 30.399267649743226 ], [ -91.053629599342841, 30.39931419590263 ], [ -91.053575666373277, 30.399362434873602 ], [ -91.053523746601257, 30.399412306361675 ], [ -91.053473904728634, 30.399463746457627 ], [ -91.053426205460042, 30.39951669034992 ], [ -91.053380707261951, 30.39957107140982 ], [ -91.05333746964692, 30.399626821206461 ], [ -91.053296545894142, 30.399683867687497 ], [ -91.053257989280709, 30.399742139702369 ], [ -91.053221845807087, 30.399801563379036 ], [ -91.053188164601238, 30.399862063047625 ], [ -91.053156985423001, 30.399923563920606 ], [ -91.053128350129185, 30.399985985802061 ], [ -91.053093301087586, 30.400083837316611 ], [ -91.05264589421941, 30.401536381650999 ], [ -91.051510509378105, 30.405381974962904 ], [ -91.051447838679564, 30.405965833871953 ], [ -91.051516470840454, 30.424141180130334 ], [ -91.051528163619992, 30.424341794929795 ], [ -91.051540234869918, 30.424441700631299 ], [ -91.051556435714616, 30.424541165889941 ], [ -91.051576746749518, 30.424640063468647 ], [ -91.051601141286, 30.424738265212408 ], [ -91.051629587425325, 30.424835644758723 ], [ -91.051662049101836, 30.424932076638228 ], [ -91.051698485042323, 30.425027436272114 ], [ -91.051738846678873, 30.425121601771949 ], [ -91.051783082322515, 30.425214450340402 ], [ -91.051831136109669, 30.425305862779222 ], [ -91.051882945925399, 30.42539572168095 ], [ -91.051938443403159, 30.425483911428628 ], [ -91.051997559132047, 30.42557031730502 ], [ -91.052060215362587, 30.42565482818333 ], [ -91.052126332254915, 30.425737335638438 ], [ -91.052195824755657, 30.425817733940342 ], [ -91.052268602605963, 30.425895917347869 ], [ -91.052344571361658, 30.425971787327605 ], [ -91.05243256358996, 30.426059271911026 ], [ -91.052503982993969, 30.426116975834628 ], [ -91.052687348229981, 30.426258506507736 ], [ -91.052783330590771, 30.426324880040443 ], [ -91.052882014608414, 30.426388209277839 ], [ -91.05298327143656, 30.426448410948883 ], [ -91.053086968045989, 30.426505408088563 ], [ -91.053192970363099, 30.426559124631996 ], [ -91.053301141167282, 30.426609492626685 ], [ -91.053411338029846, 30.426656445011602 ], [ -91.053523417462173, 30.426699921038391 ], [ -91.053637234921197, 30.426739864467276 ], [ -91.054116084083986, 30.426885273454797 ], [ -91.055007667051044, 30.427209935856038 ], [ -91.055140944945464, 30.427290516430293 ], [ -91.055204902463529, 30.427333967348645 ], [ -91.055266954609792, 30.427379446628692 ], [ -91.055327014119669, 30.427426891845581 ], [ -91.055384999983971, 30.427476236979487 ], [ -91.055440831200414, 30.42752741330419 ], [ -91.055494430932498, 30.427580351200259 ], [ -91.055545725473678, 30.427634978348568 ], [ -91.055594643213865, 30.427691217022037 ], [ -91.055633372425007, 30.427740259086708 ], [ -91.055700670528694, 30.427830380783707 ], [ -91.055731337006677, 30.427877024381324 ], [ -91.055759955319203, 30.42792463431627 ], [ -91.05578648505076, 30.427973144652661 ], [ -91.055810889959702, 30.428022485855127 ], [ -91.055833133803901, 30.428072588388016 ], [ -91.055853185551058, 30.428123380922582 ], [ -91.055871016250393, 30.4281747921342 ] ] ], [ [ [ -91.139254168880797, 30.681352540336988 ], [ -91.138999049251026, 30.681307422366519 ], [ -91.138872549595789, 30.681280738502167 ], [ -91.137607302463579, 30.681021126960118 ], [ -91.137280442882243, 30.680938515890404 ], [ -91.137114613180614, 30.68090500438726 ], [ -91.136947478029128, 30.680876752173805 ], [ -91.136779259619502, 30.680853796557294 ], [ -91.135970986305324, 30.680743768117445 ], [ -91.135517075123786, 30.680686046621382 ], [ -91.135288558190226, 30.680668289422947 ], [ -91.1350342243055, 30.680653142424976 ], [ -91.125599973221711, 30.680090921191002 ], [ -91.125506914473107, 30.68008537229505 ], [ -91.124966154278525, 30.68004517504157 ], [ -91.124697315843591, 30.680012898600658 ], [ -91.124701183209666, 30.679647900223895 ], [ -91.124702736909555, 30.678715631824637 ], [ -91.124692888501613, 30.677059511688832 ], [ -91.124678558534598, 30.67464934729718 ], [ -91.124676325519573, 30.674273775134573 ], [ -91.12467248542066, 30.672482020536897 ], [ -91.124662895367067, 30.671385861426963 ], [ -91.124653306569158, 30.670289701887743 ], [ -91.124650627890276, 30.668881073070125 ], [ -91.124650261969464, 30.668688238757543 ], [ -91.124650135460868, 30.668081122630213 ], [ -91.124650007908471, 30.66747400727165 ], [ -91.124639651467106, 30.667351631627678 ], [ -91.124636198977797, 30.667310839744424 ], [ -91.12462791301212, 30.66723245325171 ], [ -91.124617152905927, 30.667148158264961 ], [ -91.124596670719853, 30.667007928393421 ], [ -91.12454120759962, 30.666578407482913 ], [ -91.124278436129373, 30.664198117729391 ], [ -91.124187529011294, 30.663402011137698 ], [ -91.124043257470319, 30.662168719523386 ], [ -91.12397642899289, 30.661512743492278 ], [ -91.12390415168943, 30.660845901075131 ], [ -91.123878109131269, 30.660605626395608 ], [ -91.123812844164206, 30.660193143158484 ], [ -91.123803833077417, 30.660124204809385 ], [ -91.123789339891019, 30.660066156876521 ], [ -91.123777207989448, 30.66002830705628 ], [ -91.123769011774215, 30.660004281472968 ], [ -91.123744513819815, 30.659944091657543 ], [ -91.123722029303508, 30.659897875477956 ], [ -91.123709663988379, 30.659876666613695 ], [ -91.123479440213117, 30.65946825180729 ], [ -91.12309411165792, 30.658697187532571 ], [ -91.122798993667658, 30.658154274841792 ], [ -91.122592721710802, 30.657753401975718 ], [ -91.122386451423338, 30.657352528731863 ], [ -91.122131330644379, 30.656867270957036 ], [ -91.121725928158469, 30.656084702600914 ], [ -91.12168604856069, 30.655994501025337 ], [ -91.121670585166129, 30.655956307378482 ], [ -91.121650754632, 30.655902327727809 ], [ -91.121627960266835, 30.655833549317148 ], [ -91.121592489315546, 30.655699284777818 ], [ -91.121576224140995, 30.655616937780866 ], [ -91.121566352292618, 30.655559169302496 ], [ -91.121522125070939, 30.655125580762988 ], [ -91.121504233189924, 30.654950167054075 ], [ -91.121486340328929, 30.654774753330251 ], [ -91.121435666590557, 30.654277945285379 ], [ -91.12138499231709, 30.653781137132398 ], [ -91.121227156338691, 30.652336866339496 ], [ -91.121167485236825, 30.65175444519604 ], [ -91.121135397068599, 30.651441245555741 ], [ -91.121080995529596, 30.650840901347298 ], [ -91.121024333143652, 30.650315360698272 ], [ -91.120967671356894, 30.649789820829959 ], [ -91.120878894359663, 30.648918994100583 ], [ -91.109352100007669, 30.648996252650541 ], [ -91.105147368730911, 30.64897321608645 ], [ -91.103766482989585, 30.64890166163163 ], [ -91.103034388283774, 30.648884279595766 ], [ -91.102737019597129, 30.648852179133989 ], [ -91.102589498165798, 30.648829366414123 ], [ -91.102442997127426, 30.648802079474095 ], [ -91.10229769690406, 30.648770354712553 ], [ -91.10215377791701, 30.648734228528777 ], [ -91.102011417431612, 30.648693748141692 ], [ -91.101870792708112, 30.648648962574836 ], [ -91.101732076817811, 30.648599927159307 ], [ -91.101595441774933, 30.648546702637105 ], [ -91.101461058536501, 30.648489355161129 ], [ -91.101329090742709, 30.648427956284092 ], [ -91.101199703067195, 30.648362581169362 ], [ -91.101073055996324, 30.648293310385263 ], [ -91.1009493058271, 30.648220230807635 ], [ -91.100828605718817, 30.648143432013189 ], [ -91.100711105684411, 30.648063009887593 ], [ -91.100596950510621, 30.647979063915727 ], [ -91.100486281843942, 30.647891697185329 ], [ -91.100379237143557, 30.647801018189188 ], [ -91.100275947598831, 30.647707139017108 ], [ -91.100176542298172, 30.647610177167738 ], [ -91.100081143023274, 30.647510251028699 ], [ -91.099989869452841, 30.647407485298125 ], [ -91.099902833954545, 30.647302007367433 ], [ -91.099820144717285, 30.647193946424473 ], [ -91.099741902610546, 30.647083437958234 ], [ -91.09966820537251, 30.646970617452205 ], [ -91.098363950107114, 30.645111232907411 ], [ -91.097643210641337, 30.644098414082034 ], [ -91.09751514185659, 30.64393201275886 ], [ -91.097446053711607, 30.643851871285278 ], [ -91.097373712921936, 30.643773905075285 ], [ -91.097298210012511, 30.64369821440965 ], [ -91.097219640738473, 30.64362489326426 ], [ -91.097138105026787, 30.643554035622291 ], [ -91.097053704902805, 30.643485730058789 ], [ -91.096966548650101, 30.643420065159841 ], [ -91.096876744570707, 30.64335712139361 ], [ -91.096784409306906, 30.643296981047296 ], [ -91.096689657433174, 30.643239718286257 ], [ -91.09659260978421, 30.64318540638531 ], [ -91.0964933892934, 30.64313411321114 ], [ -91.096392120981506, 30.643085905732249 ], [ -91.09628893301776, 30.643040842805039 ], [ -91.096183956699903, 30.642998983291577 ], [ -91.096077325430983, 30.642960377939957 ], [ -91.095969172610978, 30.642925078400676 ], [ -91.095859635835836, 30.642893126409813 ], [ -91.095748853739721, 30.642864565509711 ], [ -91.095636967066412, 30.642839429324763 ], [ -91.095524117604612, 30.642817750579539 ], [ -91.095375792001988, 30.642791480783945 ], [ -91.095052851439732, 30.642733927785212 ], [ -91.094729911254845, 30.642676373096378 ], [ -91.094493644407024, 30.642634269475533 ], [ -91.090134880728641, 30.641867570266413 ], [ -91.089699467080578, 30.641786354125831 ], [ -91.089580759130911, 30.641766462683481 ], [ -91.089462050185773, 30.64174657113276 ], [ -91.089335394547902, 30.641732013849648 ], [ -91.089030868844787, 30.641703442248712 ], [ -91.088783527743047, 30.641695191657895 ], [ -91.088598917801647, 30.64169248665533 ], [ -91.088531584381613, 30.641691449442682 ], [ -91.086242616338552, 30.641667800659175 ], [ -91.083073291936941, 30.641472852295678 ], [ -91.083003521070111, 30.641478292326262 ], [ -91.082998206946726, 30.641478717063858 ], [ -91.082841821011201, 30.641494359432819 ], [ -91.082569054992931, 30.641519437623941 ], [ -91.081825098090107, 30.641578280336134 ], [ -91.081289671711517, 30.641617291343181 ], [ -91.080753749034088, 30.641653574224865 ], [ -91.080516086683062, 30.641665713308058 ], [ -91.080130777060546, 30.64168308763275 ], [ -91.078144946025333, 30.641698854304352 ], [ -91.077945112960066, 30.641697699925057 ], [ -91.077545468541445, 30.641692642737183 ], [ -91.077145950197789, 30.641684835216427 ], [ -91.076746664361977, 30.641674280276074 ], [ -91.076505549523475, 30.641673521864224 ], [ -91.07615177299347, 30.641670097230939 ], [ -91.075798050578399, 30.641663922386925 ], [ -91.075444497043577, 30.641655003870085 ], [ -91.075091228305595, 30.641643306728575 ], [ -91.074956270296042, 30.641636596901758 ], [ -91.07480446036557, 30.641626271221067 ], [ -91.074732880743781, 30.64161703825086 ], [ -91.074661301137638, 30.64160780433992 ], [ -91.074519618383306, 30.641586833460543 ], [ -91.074370407003258, 30.641555430233669 ], [ -91.074239081746043, 30.64152513070783 ], [ -91.074085720258211, 30.641479930694011 ], [ -91.07396549970106, 30.641441820337398 ], [ -91.073946351879655, 30.641434560347793 ], [ -91.073826837903454, 30.641383221248958 ], [ -91.073736053054759, 30.641342961967506 ], [ -91.073645269325411, 30.641302701723333 ], [ -91.073569483385711, 30.64126777923159 ], [ -91.073466715273113, 30.641216057696102 ], [ -91.073291341209156, 30.641124646148956 ], [ -91.073185429942541, 30.641067468189629 ], [ -91.073119323718828, 30.641028762403057 ], [ -91.072950826558653, 30.64092683366102 ], [ -91.072786005745328, 30.640823804241659 ], [ -91.072479277249741, 30.640632270990189 ], [ -91.072118751191226, 30.640410307602583 ], [ -91.071754579757354, 30.640189523985676 ], [ -91.071486461253286, 30.640023790354107 ], [ -91.07122339866028, 30.639864078168028 ], [ -91.071111959109871, 30.639790675484413 ], [ -91.070979196969745, 30.639706237509706 ], [ -91.070829831186757, 30.639621989310985 ], [ -91.070691451410781, 30.639547201509338 ], [ -91.06955502818623, 30.63909266331623 ], [ -91.066086454921134, 30.638021197841667 ], [ -91.065823497724296, 30.637872836930502 ], [ -91.065767147591856, 30.637839317531025 ], [ -91.065705771191219, 30.637799738067148 ], [ -91.065584621048188, 30.637717800441592 ], [ -91.065481919803474, 30.637639610027474 ], [ -91.065410386225764, 30.637582709932364 ], [ -91.065376221715809, 30.637554858447039 ], [ -91.064964975252764, 30.637215685210961 ], [ -91.064553731605187, 30.636876510658666 ], [ -91.063731252756156, 30.636198157605651 ], [ -91.063697826902612, 30.63617214911358 ], [ -91.063617401619751, 30.636112524746622 ], [ -91.063538032054709, 30.636053683633989 ], [ -91.063446452089053, 30.635987342508997 ], [ -91.063354871200431, 30.635921002219181 ], [ -91.063141294215072, 30.63577742609047 ], [ -91.062937057993537, 30.635644618123415 ], [ -91.062658706178283, 30.635475428555402 ], [ -91.062506354397115, 30.635390559464668 ], [ -91.062317460791931, 30.635289211203499 ], [ -91.062158222700745, 30.635212372800748 ], [ -91.061958783552612, 30.635113344102116 ], [ -91.061762573455937, 30.635012361611739 ], [ -91.061676731340981, 30.634968275884617 ], [ -91.061520835325084, 30.634885771610115 ], [ -91.061437927839918, 30.634840140258643 ], [ -91.061368355231025, 30.63479816868643 ], [ -91.061219473709855, 30.634705055273429 ], [ -91.06107436207904, 30.634610524232112 ], [ -91.060962362182579, 30.634537510396992 ], [ -91.060780334716497, 30.634416001082709 ], [ -91.060683823559941, 30.634346062302885 ], [ -91.060606836476495, 30.634290272244407 ], [ -91.060435163700646, 30.634162435285916 ], [ -91.060243616296745, 30.634021097087956 ], [ -91.060067061833948, 30.63389392339262 ], [ -91.059834044765594, 30.633737921395568 ], [ -91.059623414607884, 30.633601287554445 ], [ -91.058615029771431, 30.632970329702427 ], [ -91.058129384713467, 30.632668690542179 ], [ -91.057648479151794, 30.63234875998317 ], [ -91.057044506424532, 30.631918940400318 ], [ -91.053480740495374, 30.629405694070442 ], [ -91.053180871052689, 30.629201895508704 ], [ -91.052881002845979, 30.628998095352046 ], [ -91.052276665455125, 30.628600620197801 ], [ -91.051746880463924, 30.628288100457425 ], [ -91.051409975313064, 30.62810638375176 ], [ -91.051113355838183, 30.627963400341287 ], [ -91.050816738264885, 30.627820415359974 ], [ -91.05026604128426, 30.627584244210219 ], [ -91.050198295094404, 30.627555190319459 ], [ -91.049561725980539, 30.627318691075196 ], [ -91.049512084631985, 30.627302348218045 ], [ -91.049303723776887, 30.627236708449466 ], [ -91.049068709120107, 30.627165548479926 ], [ -91.048962400885827, 30.627134988716261 ], [ -91.048858181329948, 30.627107554374149 ], [ -91.048645820404559, 30.627054535198216 ], [ -91.048195583978412, 30.626945981082169 ], [ -91.047745347495635, 30.626837425429965 ], [ -91.047297409391476, 30.626729747270286 ], [ -91.047141617590015, 30.626692368105637 ], [ -91.046985825906035, 30.626654988757263 ], [ -91.046887769253559, 30.626624475822233 ], [ -91.046806321857474, 30.626596605598312 ], [ -91.046672761970015, 30.626541936034236 ], [ -91.046491096626696, 30.626451289371232 ], [ -91.046432072395589, 30.626415682935782 ], [ -91.042935841317743, 30.624187820491628 ], [ -91.042921496196442, 30.624179057392396 ], [ -91.041961810488701, 30.623592780812213 ], [ -91.040488982261948, 30.622690560485257 ], [ -91.040468506954412, 30.622678203403584 ], [ -91.039165555053685, 30.621890254662532 ], [ -91.03803176492292, 30.621197520435363 ], [ -91.036553103136697, 30.620334115531129 ], [ -91.03643858868611, 30.620267248410094 ], [ -91.036311149927897, 30.620186050495054 ], [ -91.036187061124565, 30.620095217243499 ], [ -91.036070313306652, 30.619997344646627 ], [ -91.035964342792553, 30.619895662495139 ], [ -91.035860173941614, 30.619775143550992 ], [ -91.035826693965774, 30.619734611325562 ], [ -91.035129947463275, 30.618858819453354 ], [ -91.0350245110793, 30.618726287289039 ], [ -91.034987982199695, 30.618681585090041 ], [ -91.034917550662357, 30.618591510050241 ], [ -91.034859807458901, 30.618507146360816 ], [ -91.034803120411468, 30.618428823230584 ], [ -91.034716224981594, 30.618305177006469 ], [ -91.034633654992888, 30.618182548944169 ], [ -91.034556110638448, 30.618049740990681 ], [ -91.03448304808731, 30.617918316890879 ], [ -91.034435023881201, 30.617832933069398 ], [ -91.03434483082188, 30.617665640582665 ], [ -91.034307147004398, 30.617592952703543 ], [ -91.03426012765506, 30.617496103530254 ], [ -91.034180253721487, 30.617324470168008 ], [ -91.034126313937094, 30.617201252413341 ], [ -91.034055338924347, 30.617045160339412 ], [ -91.033994625399046, 30.616917830182384 ], [ -91.033945971176124, 30.616828628226244 ], [ -91.033897317043497, 30.616739425347514 ], [ -91.03385458990428, 30.616664770308454 ], [ -91.033811861786518, 30.616590115251419 ], [ -91.033788329567244, 30.616551892507996 ], [ -91.033742178948373, 30.616487474080287 ], [ -91.033705562621137, 30.616439733244224 ], [ -91.033683669474968, 30.616413407497308 ], [ -91.033620941780242, 30.616342658945353 ], [ -91.033529396460864, 30.616252317934013 ], [ -91.033463574675778, 30.616196356552628 ], [ -91.033426393446319, 30.616167183616767 ], [ -91.033346839940023, 30.616108969382314 ], [ -91.033236586623985, 30.616040053295237 ], [ -91.033176026611059, 30.616007217391832 ], [ -91.033115024678608, 30.615976365834836 ], [ -91.033085394655856, 30.6159626364894 ], [ -91.032914831326892, 30.6158842086048 ], [ -91.032700774123612, 30.615824865359901 ], [ -91.032591937108464, 30.615800539463425 ], [ -91.032482104648963, 30.61577982566541 ], [ -91.032371438294703, 30.615762754999768 ], [ -91.031471968228047, 30.615653054574054 ], [ -91.030565847702192, 30.615544573131569 ], [ -91.029462427504598, 30.615404969368093 ], [ -91.027343443843534, 30.615135079286897 ], [ -91.027292916013337, 30.615128642928692 ], [ -91.026502694313649, 30.61503118153756 ], [ -91.025394734855155, 30.614918863159982 ], [ -91.025044206644353, 30.614892397720102 ], [ -91.02469367861795, 30.614865932254627 ], [ -91.024022860580104, 30.614844786461077 ], [ -91.023352043874297, 30.614823636371248 ], [ -91.023194261432465, 30.614818661322776 ], [ -91.022322120711294, 30.614834014371649 ], [ -91.021401129688869, 30.614837212635496 ], [ -91.020560713787702, 30.614856377634943 ], [ -91.020294977960134, 30.614843488669408 ], [ -91.020129446369566, 30.614844551526364 ], [ -91.020046749262349, 30.614841334185638 ], [ -91.0199642321341, 30.614835621290442 ], [ -91.019881997174224, 30.614827420299157 ], [ -91.019800142394843, 30.614816740464466 ], [ -91.019718768919319, 30.614803596459126 ], [ -91.019637975788172, 30.614788002048758 ], [ -91.019557860975723, 30.614769978213349 ], [ -91.019478522456112, 30.614749545932941 ], [ -91.019322560913622, 30.61470155979061 ], [ -91.019246128571595, 30.614674064113963 ], [ -91.019170851795508, 30.61464427725997 ], [ -91.019096824337694, 30.614612235534263 ], [ -91.019024134729847, 30.61457797703433 ], [ -91.018952872528828, 30.614541545272399 ], [ -91.018883124162443, 30.614502983753521 ], [ -91.018814975003679, 30.614462339588446 ], [ -91.018748508330546, 30.614419662589107 ], [ -91.018666962967899, 30.614369156166369 ], [ -91.018503871448999, 30.614268143165237 ], [ -91.01800180458936, 30.613942415182688 ], [ -91.017493253701517, 30.613625319405589 ], [ -91.017090409801042, 30.613363630718005 ], [ -91.016507534490941, 30.613001222137399 ], [ -91.015952492921357, 30.61265978678966 ], [ -91.01591679086448, 30.612636435970749 ], [ -91.01559380259404, 30.612413199155394 ], [ -91.01553787312416, 30.612376345865695 ], [ -91.015386742011714, 30.612267135583572 ], [ -91.015314717992268, 30.612209041236444 ], [ -91.015245181214752, 30.612148721185797 ], [ -91.015178224238923, 30.612086255938873 ], [ -91.015113935446252, 30.612021727796886 ], [ -91.015052400083164, 30.611955220857734 ], [ -91.014993699203259, 30.611886825523367 ], [ -91.014937910739604, 30.611816629482096 ], [ -91.014885107389631, 30.611744726723952 ], [ -91.014870142557172, 30.611724707063317 ], [ -91.014831198283716, 30.611672612914287 ], [ -91.01472338030716, 30.611528385223931 ], [ -91.014382672074575, 30.611062495805051 ], [ -91.014243630338939, 30.610873246792274 ], [ -91.014090083161875, 30.610669907148193 ], [ -91.013893825473602, 30.610417684950622 ], [ -91.013770521343673, 30.610272497194572 ], [ -91.013601951049566, 30.610078620038227 ], [ -91.013432333924811, 30.609888111033118 ], [ -91.012566933477643, 30.608870954675403 ], [ -91.012401420456968, 30.608678662755885 ], [ -91.012189759722801, 30.608458592399753 ], [ -91.012077042989333, 30.608353765885099 ], [ -91.011959936694154, 30.608252603517847 ], [ -91.011838600994608, 30.608155241883008 ], [ -91.011713199186076, 30.608061813965062 ], [ -91.01158390292504, 30.607972446454895 ], [ -91.011450887011762, 30.607887260639014 ], [ -91.011314333561714, 30.607806372410028 ], [ -91.011174425751776, 30.607729891349223 ], [ -91.011031356159847, 30.60765792164905 ], [ -91.010885316342325, 30.607590560283832 ], [ -91.010736507251195, 30.607527900643198 ], [ -91.010585129871643, 30.607470025293118 ], [ -91.010431389364527, 30.607417015006494 ], [ -91.010275495092557, 30.607368940644726 ], [ -91.010208260077107, 30.607352125069923 ], [ -91.010073789074681, 30.607318492913031 ], [ -91.009363755002028, 30.607160309173377 ], [ -91.00804749217653, 30.606860733031578 ], [ -91.007759597391797, 30.606786770488583 ], [ -91.007471704079563, 30.606712807320715 ], [ -91.006601521722487, 30.606468064745222 ], [ -91.005908865356503, 30.606291961951303 ], [ -91.005316668623848, 30.606155009166571 ], [ -91.005159465107852, 30.60612291231585 ], [ -91.005002262736525, 30.606090815280787 ], [ -91.004426868891741, 30.605984858064968 ], [ -91.003116220337361, 30.605753344175618 ], [ -91.002530032087506, 30.605633277302221 ], [ -91.002346915417533, 30.605584788222092 ], [ -91.002180129695077, 30.605537532205876 ], [ -91.001986751916405, 30.605473449612635 ], [ -91.001851309967648, 30.605426147995157 ], [ -91.001810108522093, 30.605410343125953 ], [ -91.001683082593772, 30.605358922044484 ], [ -91.001556057843075, 30.605307499940999 ], [ -91.001264469341791, 30.605201772171132 ], [ -91.001068938135802, 30.60513276943113 ], [ -91.00082632537773, 30.605054547576191 ], [ -90.999784200580606, 30.604922095653155 ], [ -90.999460815313967, 30.604926565149807 ], [ -90.999458276014352, 30.604926572280529 ], [ -90.999313549257664, 30.604929833632234 ], [ -90.998576386746137, 30.604940898173599 ], [ -90.997662598188541, 30.604976492211069 ], [ -90.996481881498454, 30.605039646073458 ], [ -90.996267646072312, 30.604116794511867 ], [ -90.996090762095747, 30.603284539800878 ], [ -90.995985408930309, 30.602831528601239 ], [ -90.99592471736787, 30.602546471508322 ], [ -90.995909804530953, 30.602482688268385 ], [ -90.995877172957279, 30.602357204654648 ], [ -90.995825025755735, 30.602169185290141 ], [ -90.995813756879144, 30.60212460218634 ], [ -90.995785654030271, 30.602024641529692 ], [ -90.995769927580781, 30.601980267158741 ], [ -90.995134350454876, 30.600970826922065 ], [ -90.995244540551738, 30.600771390454486 ], [ -90.996795456086588, 30.599358178404263 ], [ -90.997464435979936, 30.598327786114918 ], [ -90.997522879140632, 30.598218850624743 ], [ -90.997642460023783, 30.597988829594211 ], [ -90.997743410550271, 30.597776382590069 ], [ -90.997846584504359, 30.597552013452219 ], [ -90.997855388596733, 30.597528542119917 ], [ -90.997903142211115, 30.597365215216218 ], [ -90.997987381831507, 30.597086432036651 ], [ -90.998074470123356, 30.596809076701934 ], [ -90.998108445260343, 30.596688944186912 ], [ -90.998152255384198, 30.596522250677783 ], [ -90.998163139454633, 30.596477534316328 ], [ -90.998189118315821, 30.596354428254337 ], [ -90.99822593120868, 30.596160038792792 ], [ -90.998236103402164, 30.596088065469555 ], [ -90.998326768680286, 30.594368309898439 ], [ -90.998387129099427, 30.588904965518843 ], [ -90.998391737968888, 30.588056523972202 ], [ -90.998370004481274, 30.587819085618197 ], [ -90.99832729024024, 30.587625088881374 ], [ -90.99829302024925, 30.587478061206752 ], [ -90.9982920289292, 30.587475216361739 ], [ -90.998259727481724, 30.587397306380495 ], [ -90.998227943476991, 30.587312230064686 ], [ -90.998204045068235, 30.587225589704119 ], [ -90.998183084909542, 30.587137698421625 ], [ -90.998165147370045, 30.587048887481838 ], [ -90.998153714738578, 30.587021172141583 ], [ -90.998087249335143, 30.586908791564152 ], [ -90.997978686349441, 30.586730565262194 ], [ -90.997941488048966, 30.586671484662542 ], [ -90.997863912191306, 30.58655498505745 ], [ -90.997745200404466, 30.586382184784991 ], [ -90.99771374644736, 30.586339357252232 ], [ -90.99757964504947, 30.586173922693391 ], [ -90.997389458949712, 30.585946111963946 ], [ -90.997259504597992, 30.585800826598277 ], [ -90.997093152550562, 30.585619319149508 ], [ -90.996487132523285, 30.584942983851224 ], [ -90.996354578240428, 30.58479469163461 ], [ -90.996154083878565, 30.584562654673128 ], [ -90.996056477063519, 30.584441541285564 ], [ -90.995914249512552, 30.584260233512182 ], [ -90.995880110804578, 30.584216928705366 ], [ -90.995805817566989, 30.584117174481662 ], [ -90.995702521403359, 30.583971782230659 ], [ -90.995634112640857, 30.58386324977662 ], [ -90.995555216744236, 30.583732308116168 ], [ -90.995484252999574, 30.583598963746251 ], [ -90.995408504286175, 30.583446547830842 ], [ -90.995356782918989, 30.583325796301811 ], [ -90.995300448319824, 30.583186355243793 ], [ -90.995252166218833, 30.583045271340744 ], [ -90.995207478849494, 30.582902736180824 ], [ -90.995183073851123, 30.582833654846496 ], [ -90.995138109751124, 30.582698947790004 ], [ -90.995118569137091, 30.582635800782253 ], [ -90.995098832776776, 30.582562805650522 ], [ -90.995056776561128, 30.582388719106952 ], [ -90.995037933615166, 30.582287054754907 ], [ -90.995015352850245, 30.582147867518952 ], [ -90.994877581106479, 30.581407426590939 ], [ -90.99483470243068, 30.581139813789346 ], [ -90.994797529032709, 30.580930183651322 ], [ -90.994757309380034, 30.580721476610847 ], [ -90.994732820822122, 30.580577593741072 ], [ -90.99469424587609, 30.580374902992382 ], [ -90.9946605720978, 30.58023327607399 ], [ -90.994616796636166, 30.580062773191745 ], [ -90.994387630024065, 30.579247004868062 ], [ -90.994385161721567, 30.579236500545271 ], [ -90.994364263268906, 30.579100331093844 ], [ -90.994357113975738, 30.579043459569885 ], [ -90.994351207113681, 30.578977527470503 ], [ -90.994344827284351, 30.578877344389049 ], [ -90.994374025928678, 30.577625259581268 ], [ -90.994375578478795, 30.577278779553588 ], [ -90.994364341761298, 30.577037357838059 ], [ -90.994330972403631, 30.576798934679676 ], [ -90.994275432559604, 30.576564257761529 ], [ -90.994225885674311, 30.576412104523602 ], [ -90.99376537425853, 30.574962701390316 ], [ -90.993552975769546, 30.57432869327635 ], [ -90.993501182906812, 30.574174273357418 ], [ -90.993465221990789, 30.574073567646771 ], [ -90.993444053251906, 30.574021491361059 ], [ -90.993379333403922, 30.573870518297216 ], [ -90.993312086144201, 30.57372154395533 ], [ -90.993298587287654, 30.573693151638391 ], [ -90.993251237546346, 30.573603678668835 ], [ -90.993198229020933, 30.573518826766144 ], [ -90.993139877431148, 30.573438035661443 ], [ -90.993035774118624, 30.573302564835455 ], [ -90.992937338002278, 30.573185331648446 ], [ -90.992629269412816, 30.572871111334123 ], [ -90.992126750045927, 30.572449460678634 ], [ -90.991968862260364, 30.572305235819286 ], [ -90.991620676214765, 30.571980840977229 ], [ -90.991509220116825, 30.571875200468469 ], [ -90.991397765298899, 30.571769559864908 ], [ -90.990897308850521, 30.571277122381019 ], [ -90.990852268795479, 30.571230986125087 ], [ -90.990724047542457, 30.571094501136916 ], [ -90.990576388405074, 30.570937325044365 ], [ -90.990489018530397, 30.570847401019826 ], [ -90.990408243976489, 30.570754007597898 ], [ -90.990365695238566, 30.570702329120767 ], [ -90.990331156614076, 30.570657343826909 ], [ -90.990252347806688, 30.570548770315902 ], [ -90.990192183276278, 30.570455047677523 ], [ -90.990132037778366, 30.570354955695379 ], [ -90.989742246186708, 30.569681703301992 ], [ -90.989041864081571, 30.568363276546872 ], [ -90.988987607806678, 30.568260741198706 ], [ -90.988970714660866, 30.568226647629871 ], [ -90.988939008414846, 30.568155959100196 ], [ -90.988895590441871, 30.568051659522766 ], [ -90.988857657177547, 30.567940653028241 ], [ -90.988836189489959, 30.567871580511085 ], [ -90.988825179799235, 30.567830632219604 ], [ -90.988798545462046, 30.567719372753345 ], [ -90.988791834540308, 30.567687497626331 ], [ -90.988778161852082, 30.567607141798185 ], [ -90.988770207252088, 30.567549788664476 ], [ -90.988762251618894, 30.567492435526482 ], [ -90.988693832475036, 30.566687533041637 ], [ -90.988658431970421, 30.56618008230101 ], [ -90.98861089691745, 30.565911367899716 ], [ -90.988560298830919, 30.565643451012441 ], [ -90.988506655081935, 30.56537643902502 ], [ -90.988447348016052, 30.565098700400078 ], [ -90.988379180828147, 30.564845542954835 ], [ -90.988304930626924, 30.56458187605547 ], [ -90.98822779496524, 30.564319551037624 ], [ -90.98813182245172, 30.564007864470817 ], [ -90.988060208745125, 30.563743884906561 ], [ -90.987985680722574, 30.56348115423523 ], [ -90.987889080765768, 30.563157629963765 ], [ -90.987820630634587, 30.562959842792225 ], [ -90.987727912653426, 30.56270147456588 ], [ -90.98763247600732, 30.562444781478323 ], [ -90.987581845475546, 30.562312397835772 ], [ -90.987569053235674, 30.56228525239797 ], [ -90.987472550804654, 30.562099161690405 ], [ -90.987373757043272, 30.56191532274687 ], [ -90.987319160040613, 30.561817242629086 ], [ -90.987268626097858, 30.561733856688029 ], [ -90.987156631126084, 30.561554899233574 ], [ -90.987017555231844, 30.561340910960624 ], [ -90.986919545049574, 30.561205051967089 ], [ -90.986792736321334, 30.561034413819666 ], [ -90.986680716420892, 30.560888105592234 ], [ -90.986523412998764, 30.560702339311213 ], [ -90.986382579925888, 30.560541151781091 ], [ -90.986271339298682, 30.5604161399466 ], [ -90.986141171434994, 30.560256123897872 ], [ -90.986112547062532, 30.560221970243099 ], [ -90.984286987422081, 30.558226261328155 ], [ -90.98368091790941, 30.55759062069945 ], [ -90.983638446044523, 30.55754338262555 ], [ -90.983561556237007, 30.557449566363182 ], [ -90.983432591734712, 30.557284948384837 ], [ -90.983363159204188, 30.557186375338251 ], [ -90.98327116933568, 30.557050474324956 ], [ -90.98324720756186, 30.557012938816669 ], [ -90.98319668460816, 30.55692101688841 ], [ -90.983162128965091, 30.556854201594202 ], [ -90.983142423343821, 30.556812454813272 ], [ -90.983088166735243, 30.556688442370529 ], [ -90.983046941534241, 30.55659593518169 ], [ -90.982972594857344, 30.556317834144942 ], [ -90.982943540191101, 30.55619044968271 ], [ -90.982919792352959, 30.556062080681198 ], [ -90.982897710911871, 30.555896931275946 ], [ -90.98288493913671, 30.555640135393094 ], [ -90.982868108314221, 30.555301751598176 ], [ -90.982882741131846, 30.55473635651121 ], [ -90.982876963706687, 30.554324315864022 ], [ -90.982835464648929, 30.553480053781762 ], [ -90.982824813686804, 30.553275652764484 ], [ -90.982806124684103, 30.552999603798259 ], [ -90.982792427803915, 30.552871420912322 ], [ -90.982763141237371, 30.552692345276171 ], [ -90.982715880349801, 30.552491575444087 ], [ -90.982570867321584, 30.552002857352811 ], [ -90.982492889317584, 30.551764723225276 ], [ -90.982403880656946, 30.551434318466285 ], [ -90.982366950238244, 30.551289112564795 ], [ -90.982352970915997, 30.551196494096189 ], [ -90.982338991619898, 30.551103875623362 ], [ -90.982331333254464, 30.550903584882523 ], [ -90.982362269078735, 30.550512888912291 ], [ -90.982442945230417, 30.549821923477474 ], [ -90.982542959902673, 30.549024322180582 ], [ -90.982628435607992, 30.548353558817883 ], [ -90.982715707468302, 30.547730406871512 ], [ -90.982747095766982, 30.547578658796265 ], [ -90.982779651235617, 30.547459940740168 ], [ -90.982859469111375, 30.547233291511585 ], [ -90.98291110158695, 30.54711324376618 ], [ -90.98299056960137, 30.546970720082509 ], [ -90.983066247856996, 30.546834995933992 ], [ -90.983138560056432, 30.546744586601534 ], [ -90.983254440096403, 30.546588217789147 ], [ -90.983373622675273, 30.546432398831566 ], [ -90.983495156650335, 30.54627967370909 ], [ -90.983621403107648, 30.546122218811213 ], [ -90.983722995854919, 30.546006443106268 ], [ -90.983836479241447, 30.545881983049789 ], [ -90.983906472884414, 30.545804390774894 ], [ -90.983990672080921, 30.545721639204586 ], [ -90.984074378889474, 30.545642532388584 ], [ -90.984275638863679, 30.54544247938831 ], [ -90.984422933646329, 30.545299444420795 ], [ -90.98455479645709, 30.54516434190003 ], [ -90.984607057684585, 30.54510852505495 ], [ -90.984659200821312, 30.545048336515293 ], [ -90.984758536992487, 30.544929001743313 ], [ -90.984822807784624, 30.544848688630587 ], [ -90.984853375514888, 30.544806504173188 ], [ -90.984930900722702, 30.544694450074676 ], [ -90.985045492969675, 30.5445207630585 ], [ -90.985101453447044, 30.544424253173858 ], [ -90.985139929947294, 30.544354797746067 ], [ -90.985178405348321, 30.544285343204887 ], [ -90.985252178099771, 30.544144134506713 ], [ -90.985389215050077, 30.5438654653579 ], [ -90.985830466741305, 30.542945107182593 ], [ -90.985979914704672, 30.542662576626434 ], [ -90.98603545104919, 30.542560736734874 ], [ -90.986055832952914, 30.542526742984847 ], [ -90.986090596018201, 30.542470038893832 ], [ -90.986168353382425, 30.542355644670184 ], [ -90.986210585578718, 30.542296542620111 ], [ -90.986258786228888, 30.542232668087234 ], [ -90.986306985771606, 30.542168794434794 ], [ -90.986374655740903, 30.542084436476259 ], [ -90.986518319265386, 30.54192281979152 ], [ -90.986600302805513, 30.541834333511606 ], [ -90.986857899940816, 30.541549414999331 ], [ -90.986902813278959, 30.541503020690726 ], [ -90.987025916047926, 30.541375857804336 ], [ -90.987294200530656, 30.540997626936665 ], [ -90.987397826771215, 30.540846471284187 ], [ -90.987491923083496, 30.540681924870903 ], [ -90.987542421448794, 30.540587161296191 ], [ -90.987984794511448, 30.539559285408316 ], [ -90.988070515950966, 30.539334311309794 ], [ -90.988110282253729, 30.539214389977573 ], [ -90.988148385764561, 30.539107187812455 ], [ -90.988184353256301, 30.538982791360251 ], [ -90.988220522986552, 30.538830196203254 ], [ -90.988242939156393, 30.538729861057412 ], [ -90.98825619276235, 30.538658920821806 ], [ -90.988272072078999, 30.538550060419393 ], [ -90.988282889705516, 30.538434625251579 ], [ -90.988286796774872, 30.538364185641875 ], [ -90.988287307046292, 30.538265134734637 ], [ -90.988287882954538, 30.538204433171078 ], [ -90.988286796288719, 30.538144442604523 ], [ -90.988280499034673, 30.53803052607735 ], [ -90.988270831591208, 30.537903426208288 ], [ -90.98825904694057, 30.537789405161924 ], [ -90.988243133226817, 30.5375310747702 ], [ -90.98821825044331, 30.537038738875804 ], [ -90.98820641818854, 30.536815052673788 ], [ -90.988202284095109, 30.536591943997195 ], [ -90.988196233953531, 30.536389096849391 ], [ -90.988193123870374, 30.536128072795456 ], [ -90.98819194940539, 30.536016369667117 ], [ -90.988190056800022, 30.535967897142797 ], [ -90.988185978675858, 30.535904819106175 ], [ -90.988178525351188, 30.535824927823864 ], [ -90.988167710564454, 30.535741048795046 ], [ -90.988161920159257, 30.535687893440496 ], [ -90.98815613080545, 30.535634737185379 ], [ -90.988141867292072, 30.535540514273734 ], [ -90.988118383766732, 30.535424018042981 ], [ -90.988108448184292, 30.535382775278912 ], [ -90.988089852193454, 30.535308480155173 ], [ -90.988072694456918, 30.535223666266162 ], [ -90.988050840730537, 30.535139854037567 ], [ -90.988029741937979, 30.535069091146767 ], [ -90.987991708526977, 30.53494615140351 ], [ -90.987982834920018, 30.534921373962803 ], [ -90.987945255982737, 30.534817285704218 ], [ -90.987851483272991, 30.534490719486286 ], [ -90.987208814988506, 30.534589806013113 ], [ -90.9815353635355, 30.535620862726212 ], [ -90.981614409372796, 30.535725845061705 ], [ -90.981664735968337, 30.535792684187523 ], [ -90.981737507045722, 30.535953387963627 ], [ -90.981732968024019, 30.536039717330084 ], [ -90.981705030699572, 30.53631535906402 ], [ -90.981578384572046, 30.536609625811426 ], [ -90.98086920267896, 30.537490493553882 ], [ -90.980404759854153, 30.537926361853888 ], [ -90.980287319597196, 30.537970463326481 ], [ -90.979730557243769, 30.538179541075124 ], [ -90.97921173230489, 30.538153887958753 ], [ -90.978718984906905, 30.53807977465857 ], [ -90.977711847760091, 30.537846303975886 ], [ -90.976954001393139, 30.537953542152756 ], [ -90.976542288896553, 30.538035532526191 ], [ -90.976259141284331, 30.538194803180541 ], [ -90.97572818496991, 30.538869444246437 ], [ -90.975223162697773, 30.539478741413568 ], [ -90.974506459825193, 30.539841055140581 ], [ -90.97412614289, 30.540277129190954 ], [ -90.97398757159668, 30.540706422861152 ], [ -90.973964986234705, 30.54109038173252 ], [ -90.97395745773963, 30.541218368613034 ], [ -90.974580610300976, 30.542609589913582 ], [ -90.974619974374178, 30.543314330864003 ], [ -90.974969301761448, 30.543934687479709 ], [ -90.975457383748065, 30.544542509772718 ], [ -90.975999214255111, 30.544916416953704 ], [ -90.976463983269255, 30.545492287422626 ], [ -90.976586530564973, 30.54581324259842 ], [ -90.97660752526869, 30.546223382691753 ], [ -90.976409563081702, 30.546618442891024 ], [ -90.976125695220503, 30.546837716579656 ], [ -90.974915096450317, 30.547253295205699 ], [ -90.973740634545493, 30.547626714034536 ], [ -90.972993796475492, 30.548271162041146 ], [ -90.972397531583454, 30.549361303961781 ], [ -90.972385485494527, 30.550096094793265 ], [ -90.972990065448073, 30.551820890014938 ], [ -90.973144368977756, 30.552487179062176 ], [ -90.973162488417231, 30.552557621931371 ], [ -90.973221430358649, 30.552797780893059 ], [ -90.973253388093084, 30.553831056582961 ], [ -90.973244297097111, 30.554153749592579 ], [ -90.973221294257854, 30.554565502337638 ], [ -90.973214392974995, 30.554928948770602 ], [ -90.973380014341771, 30.555782357029013 ], [ -90.973729002817166, 30.556958864952051 ], [ -90.973682819187587, 30.558087922385798 ], [ -90.973131952106925, 30.559106331959349 ], [ -90.97237115398957, 30.559978465619697 ], [ -90.971903913289594, 30.561142797715611 ], [ -90.972238118196998, 30.561835788528718 ], [ -90.973162665067193, 30.562238984142677 ], [ -90.973875441555492, 30.563005850252086 ], [ -90.973984109860424, 30.563704869152307 ], [ -90.973876209408331, 30.56423238227584 ], [ -90.973657981994521, 30.564935793974037 ], [ -90.973576485755316, 30.565407298815931 ], [ -90.973720352978489, 30.565954793755385 ], [ -90.974198585104418, 30.566758519060002 ], [ -90.974760053089724, 30.566995984335346 ], [ -90.975670266040282, 30.567199603878393 ], [ -90.976798534745825, 30.567480124119083 ], [ -90.977478576498413, 30.567678002048076 ], [ -90.97815050640439, 30.568116907515709 ], [ -90.978947161272686, 30.56899324560251 ], [ -90.979617026531287, 30.570014938893646 ], [ -90.980414876439696, 30.570563444701261 ], [ -90.980877270988074, 30.570746801567548 ], [ -90.981929897757624, 30.570676748679354 ], [ -90.983193640641218, 30.570425120432194 ], [ -90.98491952028823, 30.570429672529162 ], [ -90.986055054461403, 30.570724055669409 ], [ -90.986978086308739, 30.571600674908041 ], [ -90.98753721444254, 30.572574365012148 ], [ -90.987689386236312, 30.572840986291325 ], [ -90.988064695893655, 30.573861866132944 ], [ -90.98801955460894, 30.57473594935994 ], [ -90.987511983218283, 30.575426700530976 ], [ -90.986374606368869, 30.57564227619276 ], [ -90.985111188849913, 30.575784659628912 ], [ -90.984057868521049, 30.576036861033383 ], [ -90.983213097878888, 30.576835981491929 ], [ -90.983082302459792, 30.578110510299823 ], [ -90.983197319650259, 30.578649624567991 ], [ -90.983415228579744, 30.579204140546761 ], [ -90.983664953691644, 30.579687993530197 ], [ -90.984918345441571, 30.581024577699733 ], [ -90.985595528320175, 30.581723206235459 ], [ -90.986561777108292, 30.582308539173976 ], [ -90.987148374592124, 30.583111422265926 ], [ -90.987121087425336, 30.58385911328233 ], [ -90.986745425419116, 30.584183547729797 ], [ -90.98614778234824, 30.584354302635894 ], [ -90.985755046050528, 30.584337226980526 ], [ -90.985507940252532, 30.584333219046432 ], [ -90.984830199874196, 30.584034756870278 ], [ -90.983904618532762, 30.583685702155456 ], [ -90.983105485635235, 30.583465042223164 ], [ -90.982052078604156, 30.583717227035965 ], [ -90.981418764714689, 30.584225494924365 ], [ -90.980867831872587, 30.585243927065317 ], [ -90.980188249451686, 30.586917663167281 ], [ -90.980176144178969, 30.58693091348167 ], [ -90.979554904518636, 30.587425921601064 ], [ -90.978753666687581, 30.587788027738139 ], [ -90.978080035503609, 30.587786222638627 ], [ -90.977237079133161, 30.588038933252587 ], [ -90.976898429230616, 30.588547970826127 ], [ -90.976871407916406, 30.588892439780015 ], [ -90.977031340223931, 30.589254951063531 ], [ -90.977171830286466, 30.589378568725888 ], [ -90.977277196569219, 30.589498986084148 ], [ -90.977405769541349, 30.589602303450498 ], [ -90.977547659150829, 30.589679913962037 ], [ -90.977785510444889, 30.589734898929375 ], [ -90.97794740216554, 30.589766796658736 ], [ -90.978119396203951, 30.58974723629105 ], [ -90.978294615524447, 30.589750566464005 ], [ -90.978929196019095, 30.589830704880718 ], [ -90.979334120167124, 30.59030289663114 ], [ -90.97966743677614, 30.591287257724993 ], [ -90.979538655625078, 30.591978985798779 ], [ -90.979241847422486, 30.592560990260434 ], [ -90.978903973758435, 30.592851484897889 ], [ -90.978856210009226, 30.592861072973534 ], [ -90.978187681433539, 30.592995265875253 ], [ -90.977472433095812, 30.592847646593285 ], [ -90.976715213237171, 30.592663485987838 ], [ -90.975916286629541, 30.592369934229239 ], [ -90.974695931499681, 30.59218451149388 ], [ -90.973643335569875, 30.592181657276562 ], [ -90.972674548976201, 30.592288297211081 ], [ -90.972378893210774, 30.592542465769313 ], [ -90.972286701354719, 30.592912054431402 ], [ -90.972334136740074, 30.593270840087996 ], [ -90.972691861191635, 30.593722375394783 ], [ -90.973192980653067, 30.59408488654973 ], [ -90.973676717006896, 30.594585785756522 ], [ -90.973927497903972, 30.595096413865935 ], [ -90.973840117264331, 30.595970371851497 ], [ -90.973290231979234, 30.5966609493648 ], [ -90.972699426074996, 30.597023589834553 ], [ -90.971940989069424, 30.597167222189267 ], [ -90.971312374627487, 30.597384807979687 ], [ -90.970851655156537, 30.59778409913805 ], [ -90.969788106937742, 30.598654746569839 ], [ -90.969029519367112, 30.598834786193517 ], [ -90.968427017432845, 30.598658932109032 ], [ -90.968256424368491, 30.598413703328756 ], [ -90.967558968649072, 30.596831507789162 ], [ -90.967185974186805, 30.596352818633424 ], [ -90.96680783250163, 30.596133223614547 ], [ -90.96647585184418, 30.596057377442129 ], [ -90.966028043144206, 30.596110687384694 ], [ -90.965505599982606, 30.596462537375487 ], [ -90.965289193699348, 30.59689393361348 ], [ -90.965116981491363, 30.597913349209957 ], [ -90.965114004774762, 30.598714685747833 ], [ -90.964731387884569, 30.599697089914596 ], [ -90.96414012557274, 30.600168965632033 ], [ -90.963297437339875, 30.600312312702325 ], [ -90.962414274313659, 30.600018444982766 ], [ -90.961152290688077, 30.599687082233441 ], [ -90.960148813674692, 30.59960426698213 ], [ -90.959410709148642, 30.599712750387717 ], [ -90.958412991118394, 30.600298578220109 ], [ -90.958060995048029, 30.600972484190553 ], [ -90.95807083862114, 30.60124965749927 ], [ -90.958240956675866, 30.601534865449903 ], [ -90.958466300200698, 30.601740857174718 ], [ -90.959127629788057, 30.601971854976835 ], [ -90.960363132023417, 30.602134456411576 ], [ -90.960973873709051, 30.602345587531865 ], [ -90.961434876206084, 30.602929678424026 ], [ -90.961515404056655, 30.603913371478889 ], [ -90.961344372185735, 30.604604960732072 ], [ -90.960795310258661, 30.605040514142487 ], [ -90.959994135909781, 30.605329655897677 ], [ -90.959194056816173, 30.605327398671555 ], [ -90.95746881387501, 30.60499469239835 ], [ -90.955491343746331, 30.604551970526934 ], [ -90.954734076370087, 30.60436768499121 ], [ -90.953725413212823, 30.603854852306483 ], [ -90.952800837965711, 30.603378678648308 ], [ -90.952319003412867, 30.60328416351177 ], [ -90.951826964540984, 30.603240668146555 ], [ -90.951315895997283, 30.60336571624909 ], [ -90.950943468371179, 30.603604939572843 ], [ -90.950482613793469, 30.603954794882345 ], [ -90.94997505385345, 30.604536121848533 ], [ -90.949676765574296, 30.605445876458152 ], [ -90.949250731081165, 30.606719506536152 ], [ -90.948740605722904, 30.607956465433816 ], [ -90.947938381222187, 30.608500503847271 ], [ -90.947221647119278, 30.608716965257255 ], [ -90.946379999389379, 30.60856881060543 ], [ -90.94574961985937, 30.608239145594052 ], [ -90.944910118503856, 30.607544617932717 ], [ -90.944322003103764, 30.607178645585964 ], [ -90.943606989324891, 30.606957996364457 ], [ -90.943143635514303, 30.606993056731902 ], [ -90.942019641444247, 30.607206217062718 ], [ -90.941471596821899, 30.607447884949149 ], [ -90.94120426409954, 30.607570125625017 ], [ -90.940528478240424, 30.608078069246233 ], [ -90.940144281054273, 30.609388217611293 ], [ -90.939589600806627, 30.611207802875974 ], [ -90.939165584847146, 30.611935034397085 ], [ -90.938489467514586, 30.612515815399018 ], [ -90.937602198168705, 30.613241660180027 ], [ -90.937046177670297, 30.613548344961391 ], [ -90.936969195023906, 30.613567589638013 ], [ -90.936337064179042, 30.613674970543634 ], [ -90.935536041088227, 30.613891115936354 ], [ -90.934902295893238, 30.614399155305819 ], [ -90.934308164168826, 30.615526529843606 ], [ -90.934010873092703, 30.616144852953926 ], [ -90.933546443370176, 30.616434848697303 ], [ -90.932787653907994, 30.616614679683753 ], [ -90.931816813756711, 30.617158109471436 ], [ -90.931181846172379, 30.617957524933431 ], [ -90.930714884088459, 30.61886672034921 ], [ -90.9307432087531, 30.619538196499803 ], [ -90.930738450390791, 30.619553415606685 ], [ -90.930753300766696, 30.619777451325923 ], [ -90.931086824271276, 30.620616228151629 ], [ -90.931884075136239, 30.621347137311535 ], [ -90.932810042404853, 30.621495637164909 ], [ -90.934328134236139, 30.621026699164002 ], [ -90.935423737014716, 30.620884295635069 ], [ -90.936223503280601, 30.620995968438717 ], [ -90.936978387799314, 30.621799568914057 ], [ -90.937521099650127, 30.623003199214846 ], [ -90.937175865097117, 30.625078363168626 ], [ -90.936240954576704, 30.627151758922551 ], [ -90.934996551403088, 30.628614455752849 ], [ -90.933894451980407, 30.629656286267856 ], [ -90.930954823478288, 30.632380928746379 ], [ -90.930306729485736, 30.633342568900396 ], [ -90.930244074922513, 30.633431113784578 ], [ -90.930022530725623, 30.633762220055967 ], [ -90.929640469377361, 30.634489544556708 ], [ -90.92913337367321, 30.634888666158279 ], [ -90.928121404333183, 30.635140546089385 ], [ -90.925255455357572, 30.635532419631897 ], [ -90.923949516198007, 30.635564815537659 ], [ -90.923023278865173, 30.635452677990962 ], [ -90.921354609240709, 30.635488866912848 ], [ -90.920073511590417, 30.635734907117417 ], [ -90.918762691412667, 30.636932815545943 ], [ -90.917957013853837, 30.6382051446407 ], [ -90.917740897340963, 30.639515742492481 ], [ -90.918154352276602, 30.641374677407217 ], [ -90.918359941408283, 30.642577322722104 ], [ -90.918402801307295, 30.643409547040324 ], [ -90.918261235088735, 30.643866939640546 ], [ -90.918056146425684, 30.64420841637995 ], [ -90.917553769940938, 30.644728555882679 ], [ -90.916998734377515, 30.645114856559566 ], [ -90.915525265472169, 30.645482357159288 ], [ -90.914386157913412, 30.645879427175483 ], [ -90.913247041220444, 30.64627648824764 ], [ -90.912405456343436, 30.647396575360723 ], [ -90.911909228586623, 30.648807847034405 ], [ -90.911885989039135, 30.649105410229737 ], [ -90.911736400406966, 30.651020759020629 ], [ -90.911621044382272, 30.652527428360724 ], [ -90.911341063542281, 30.65431614190112 ], [ -90.910628901829128, 30.655255770084537 ], [ -90.910032303370286, 30.655593010943466 ], [ -90.909216053787034, 30.655870127384706 ], [ -90.908174785501799, 30.655907248070683 ], [ -90.906812342236194, 30.656044154789289 ], [ -90.90588608969891, 30.65608826646865 ], [ -90.904521398411177, 30.656743185651333 ], [ -90.903810378684057, 30.657400210583081 ], [ -90.90331561381295, 30.658434692352575 ], [ -90.903037307398293, 30.659799538097971 ], [ -90.902321748996542, 30.661492624636434 ], [ -90.901828793401606, 30.662103252294621 ], [ -90.900027557473919, 30.66289798697899 ], [ -90.898117543519646, 30.663645244478705 ], [ -90.896753111884905, 30.664205894166933 ], [ -90.895222521738887, 30.665378211609408 ], [ -90.894836793785899, 30.666365925027609 ], [ -90.894612411844406, 30.667825117067764 ], [ -90.89400832825828, 30.668906293390272 ], [ -90.893406532296481, 30.669469433172814 ], [ -90.891715106894907, 30.670028944614096 ], [ -90.890732762826346, 30.670402425041406 ], [ -90.890165890699208, 30.670981218226355 ], [ -90.889802151284698, 30.67138830189187 ], [ -90.889416134813132, 30.672423090240976 ], [ -90.889411702358288, 30.673412061939427 ], [ -90.888917340007865, 30.674305202066648 ], [ -90.886383023323972, 30.675669292745351 ], [ -90.886131878442626, 30.675802860068732 ], [ -90.884730980050406, 30.675956588176742 ], [ -90.884182038807879, 30.676073234863491 ], [ -90.883561155894185, 30.676279802779451 ], [ -90.883082628945047, 30.676641423897323 ], [ -90.882815796701109, 30.676985729675291 ], [ -90.882457858374394, 30.677700698898292 ], [ -90.88220721419107, 30.678416032135772 ], [ -90.882114488026758, 30.679142206943645 ], [ -90.882512763842826, 30.680876807712263 ], [ -90.882479102437301, 30.68159351244185 ], [ -90.88225342871047, 30.682360960721692 ], [ -90.882040354752249, 30.682949046598281 ], [ -90.881246017414909, 30.683839443635662 ], [ -90.879824782336712, 30.684823571663184 ], [ -90.879003338055554, 30.685715552433045 ], [ -90.877713035142122, 30.686552533537988 ], [ -90.876716961200714, 30.686762585880416 ], [ -90.875767402709897, 30.68677785678415 ], [ -90.874638924039587, 30.686830789852895 ], [ -90.873329843060759, 30.687108820653787 ], [ -90.872400654832788, 30.687717820091851 ], [ -90.870597836721515, 30.688700522130503 ], [ -90.869449325980526, 30.689591300989118 ], [ -90.869054652225472, 30.690932538006766 ], [ -90.868893760700075, 30.691311093709508 ], [ -90.868346885048553, 30.692271815102444 ], [ -90.867414072552123, 30.693634273659999 ], [ -90.865937398152653, 30.694759338653434 ], [ -90.864792340447337, 30.694896580614611 ], [ -90.863322993817732, 30.694467531735363 ], [ -90.86185455575594, 30.693850093242393 ], [ -90.860329842780075, 30.693609191439648 ], [ -90.858695247881698, 30.693556256172684 ], [ -90.857440979884785, 30.693740137845204 ], [ -90.856292519217192, 30.694583707801446 ], [ -90.856068186311887, 30.695901538936823 ], [ -90.856117234573233, 30.697031976968425 ], [ -90.856374147470262, 30.698109928305744 ], [ -90.856244276974238, 30.699004615933877 ], [ -90.855946894701944, 30.699298055188461 ], [ -90.855470139723749, 30.699590848366771 ], [ -90.854950969432679, 30.699802763079504 ], [ -90.854302921043768, 30.70032202886707 ], [ -90.851681073824054, 30.701536979415362 ], [ -90.850667734906949, 30.702135388141627 ], [ -90.847582143351573, 30.703876735292194 ], [ -90.846596056080259, 30.704909189344342 ], [ -90.845336979780015, 30.706034820227366 ], [ -90.844296113740455, 30.707114149750467 ], [ -90.844110392129807, 30.708448429431471 ], [ -90.844013598637673, 30.709138151549212 ], [ -90.844223234212038, 30.710834309444461 ], [ -90.844596846348082, 30.711159533928914 ], [ -90.845797111195338, 30.712205830456593 ], [ -90.847593441097061, 30.712683361879552 ], [ -90.849825367446286, 30.713256645218834 ], [ -90.852055717159573, 30.714159542432835 ], [ -90.852707495245582, 30.714632845612272 ], [ -90.853030645051703, 30.715434612059813 ], [ -90.85299436237797, 30.7161102249908 ], [ -90.852970654251948, 30.716564648277213 ], [ -90.85263749145102, 30.717215542755163 ], [ -90.852189207084521, 30.717753570137447 ], [ -90.851272328357382, 30.718144041973233 ], [ -90.850276175681827, 30.718172504598336 ], [ -90.849111346800484, 30.717947023850925 ], [ -90.847991976720238, 30.717772827590274 ], [ -90.847169384830721, 30.71774056910311 ], [ -90.846400295907301, 30.717845274904615 ], [ -90.845853236906265, 30.718021218418048 ], [ -90.84510806608229, 30.718598645699082 ], [ -90.844837094180079, 30.718884742785939 ], [ -90.844566120707256, 30.719170840190639 ], [ -90.844414508247411, 30.719330914116611 ], [ -90.844339342479785, 30.719424240814067 ], [ -91.223767113852134, 30.706147164996445 ], [ -91.226628571972995, 30.702289758747309 ], [ -91.205957721281152, 30.690670502454818 ], [ -91.20371983358261, 30.688525354788688 ], [ -91.202961795421146, 30.687795797151512 ], [ -91.202546791106641, 30.687391826309291 ], [ -91.202492906037051, 30.687340059200412 ], [ -91.201150001456753, 30.686135065259229 ], [ -91.201056019391999, 30.686062526691021 ], [ -91.200854698228369, 30.685913939816533 ], [ -91.20064779196322, 30.6857668939837 ], [ -91.20034727998133, 30.68557136659334 ], [ -91.200082229209713, 30.685421311052718 ], [ -91.199987863165362, 30.685370717201494 ], [ -91.19950807255394, 30.685126808589562 ], [ -91.199378646825465, 30.685064978658176 ], [ -91.197381320264711, 30.684148407384523 ], [ -91.195735357166981, 30.683369069730997 ], [ -91.194890982124051, 30.682842539066453 ], [ -91.194722346336675, 30.682718153390866 ], [ -91.194574934111827, 30.682605139701032 ], [ -91.194262305212931, 30.682353094503114 ], [ -91.194152914590788, 30.682255744825422 ], [ -91.193943635282551, 30.682064707418061 ], [ -91.193910304367364, 30.682033138094308 ], [ -91.193791149354183, 30.681914191830447 ], [ -91.193550495460798, 30.68166646909156 ], [ -91.193523596447051, 30.681637284146298 ], [ -91.193351434478018, 30.681440085378206 ], [ -91.193207669048917, 30.681272460838592 ], [ -91.193095876156576, 30.681131620881626 ], [ -91.192978298231296, 30.680974975081856 ], [ -91.192912498432591, 30.680884094589743 ], [ -91.192848071069534, 30.680790302021904 ], [ -91.192772672581697, 30.680675703736707 ], [ -91.192676375660895, 30.680525967054884 ], [ -91.192605463210043, 30.680411975965821 ], [ -91.192564158948812, 30.680343743710985 ], [ -91.192532167995452, 30.68029089520471 ], [ -91.192459797334521, 30.680164131809843 ], [ -91.192379062233556, 30.680019095560745 ], [ -91.192276298657404, 30.679816319747761 ], [ -91.19221559543729, 30.679690090874892 ], [ -91.192114038327446, 30.679460667181203 ], [ -91.19207173491121, 30.679355932904173 ], [ -91.192015609707653, 30.679209792390406 ], [ -91.191940698281002, 30.679001159417446 ], [ -91.191903503521644, 30.678889945056508 ], [ -91.191835975677037, 30.678679359805852 ], [ -91.191728523539666, 30.678300018751433 ], [ -91.187998112907636, 30.678976531255298 ], [ -91.184511305982696, 30.679608763062955 ], [ -91.178951192619508, 30.680610614212021 ], [ -91.17562894011121, 30.681727965401283 ], [ -91.175526457448626, 30.681779956209667 ], [ -91.1753634011732, 30.68186150221219 ], [ -91.175213142221807, 30.681930260139573 ], [ -91.173959596787199, 30.682478624674363 ], [ -91.17382266964853, 30.682536234661693 ], [ -91.173644807482262, 30.682606947418673 ], [ -91.173343904657443, 30.682714207092829 ], [ -91.173036536213601, 30.682820583313735 ], [ -91.172353209769327, 30.683041298979337 ], [ -91.171374474633623, 30.68335315948579 ], [ -91.171355697354329, 30.683358902194215 ], [ -91.171260402382075, 30.683386746241016 ], [ -91.171171700731151, 30.683409088806666 ], [ -91.17102692812594, 30.683438401065917 ], [ -91.17093913408165, 30.683451995992058 ], [ -91.170821169461021, 30.683465441130345 ], [ -91.170702532170083, 30.683473488612851 ], [ -91.170668321344792, 30.683474799658509 ], [ -91.170547875432774, 30.683475836166121 ], [ -91.170464590285675, 30.683473298453745 ], [ -91.170345967231626, 30.683465061648704 ], [ -91.170228030416808, 30.683451425247942 ], [ -91.17018851914716, 30.683445622712235 ], [ -91.170111114800378, 30.683432432060073 ], [ -91.169995551831875, 30.683408354001049 ], [ -91.169981299936211, 30.68340510363829 ], [ -91.169450558489558, 30.683279073768048 ], [ -91.169436300274526, 30.683275880165308 ], [ -91.169346479796843, 30.683257087567906 ], [ -91.16924108168331, 30.683240321389039 ], [ -91.169134740379562, 30.683229082377771 ], [ -91.169027825257629, 30.683223407070177 ], [ -91.168908320216872, 30.683223657603289 ], [ -91.16880306598901, 30.683229655282524 ], [ -91.168698429154603, 30.683240934913748 ], [ -91.168689873521274, 30.683242089686306 ], [ -91.16766135079277, 30.683383221392397 ], [ -91.167652110223756, 30.683384543015919 ], [ -91.167436658852495, 30.683416916439793 ], [ -91.167280181662491, 30.683431291619101 ], [ -91.166990894072242, 30.683451260285477 ], [ -91.166986735807527, 30.683451483276805 ], [ -91.16693653187626, 30.683453542706872 ], [ -91.166861636354412, 30.683452461888336 ], [ -91.166784096761134, 30.683446101849324 ], [ -91.166776769530713, 30.683445352996369 ], [ -91.166044307559417, 30.683357726894517 ], [ -91.165311845831454, 30.683270102154044 ], [ -91.165304515569247, 30.683269309017305 ], [ -91.165186231232042, 30.683258051701792 ], [ -91.165071896064504, 30.683252328614707 ], [ -91.164951451043933, 30.683251732812927 ], [ -91.164831135361851, 30.683256701566432 ], [ -91.164711288207968, 30.683267219972809 ], [ -91.164592245604751, 30.683283294775013 ], [ -91.164474336404709, 30.683304853331229 ], [ -91.164357889430676, 30.683331841040776 ], [ -91.164249199009163, 30.683362357281602 ], [ -91.164189231750186, 30.683381528782892 ], [ -91.164169606288382, 30.683388068572871 ], [ -91.163888661394324, 30.683488382249138 ], [ -91.163731595517504, 30.683550571648048 ], [ -91.163440642126488, 30.683674634117757 ], [ -91.163249859595467, 30.683746496184185 ], [ -91.163109950025856, 30.683795012534933 ], [ -91.162955615895697, 30.683844810899753 ], [ -91.162889696175668, 30.683862753741668 ], [ -91.162782357559095, 30.683888871410868 ], [ -91.162555430218603, 30.683933580574774 ], [ -91.16231328015779, 30.683976962702214 ], [ -91.161522371309928, 30.684110871789038 ], [ -91.160998994680028, 30.684197076813568 ], [ -91.159869140061957, 30.684358487407835 ], [ -91.159860360809702, 30.684359685516302 ], [ -91.15959717318826, 30.684393786845174 ], [ -91.15934062136995, 30.684421713984946 ], [ -91.15907520624198, 30.684445136068284 ], [ -91.158802995395988, 30.684463418043016 ], [ -91.158508840950248, 30.684476711275757 ], [ -91.158506562509913, 30.684476787648205 ], [ -91.158000815429517, 30.68449375678756 ], [ -91.157376855068847, 30.684510138709015 ], [ -91.156770876523211, 30.684524297441872 ], [ -91.156354166723716, 30.684530073954637 ], [ -91.155286515082054, 30.684550566932497 ], [ -91.155089248534523, 30.684554272520444 ], [ -91.154767828493519, 30.684558450184507 ], [ -91.154004516942962, 30.684548212221543 ], [ -91.153542799472149, 30.684545146066547 ], [ -91.153541984391339, 30.684545136843205 ], [ -91.152688974214229, 30.68452947754589 ], [ -91.152688277083215, 30.684529459457867 ], [ -91.152497492231092, 30.684524242829575 ], [ -91.152388879342311, 30.684519879550241 ], [ -91.152291133139443, 30.684513746845496 ], [ -91.152085248051677, 30.684498042081231 ], [ -91.151893710751722, 30.684481465447156 ], [ -91.151725792077855, 30.684465140980873 ], [ -91.14892757667613, 30.683926012270348 ], [ -91.148851957270111, 30.683901083753238 ], [ -91.148776337903797, 30.683876154290736 ], [ -91.147873021728586, 30.683753541838779 ], [ -91.147184349609134, 30.683657188227656 ], [ -91.146982111051258, 30.683623984358391 ], [ -91.146930134379389, 30.683614456420617 ], [ -91.146819336461519, 30.683590601180867 ], [ -91.146658116249483, 30.683552642289616 ], [ -91.146533079930663, 30.68351663652761 ], [ -91.146438908602605, 30.683487787412833 ], [ -91.146387520303833, 30.68347016094101 ], [ -91.146244303914827, 30.6834181005466 ], [ -91.146211216169249, 30.683405374292747 ], [ -91.146103662558374, 30.683359858548179 ], [ -91.146034746816213, 30.683328739269342 ], [ -91.145965831117323, 30.683297619954377 ], [ -91.145823172221569, 30.683225314266807 ], [ -91.145728374433972, 30.683174826333065 ], [ -91.145570304214459, 30.683078397745629 ], [ -91.14547985657363, 30.683020220741003 ], [ -91.145449368750462, 30.682999254505383 ], [ -91.144945106961387, 30.682637555242618 ], [ -91.144788860104455, 30.682532042340725 ], [ -91.144571581406112, 30.682388358578454 ], [ -91.144350496452986, 30.68224616095188 ], [ -91.143825381783628, 30.681919148696434 ], [ -91.143708196163274, 30.681846880709212 ], [ -91.143645289695442, 30.68181177195364 ], [ -91.143537015133944, 30.681753510357712 ], [ -91.143512906876879, 30.681741746995417 ], [ -91.14344392680151, 30.681710355653607 ], [ -91.143324291980718, 30.681658386274076 ], [ -91.143201979685315, 30.681613845515535 ], [ -91.14307413782106, 30.681571215285285 ], [ -91.142950463575659, 30.681538741244847 ], [ -91.142821835683307, 30.681508245296463 ], [ -91.142590714698315, 30.681467807768563 ], [ -91.142523186621446, 30.681457087614227 ], [ -91.14239905898269, 30.681440717811064 ], [ -91.142206468802314, 30.681418225582963 ], [ -91.141990932269835, 30.681401798455855 ], [ -91.141923754072522, 30.681398017671359 ], [ -91.14182918151063, 30.681395977855118 ], [ -91.141787285307771, 30.681394817779509 ], [ -91.139630297659394, 30.681463037439201 ], [ -91.139254168880797, 30.681352540336988 ] ] ] ] } }
]
}
