{"type": "FeatureCollection", "features": [{"type": "Feature", "id": 276, "geometry": {"type": "LineString", "coordinates": [[-91.2039541013915, 30.5641216591265], [-91.2045587295615, 30.5652092536778], [-91.2107739870611, 30.577085041799], [-91.2117085358922, 30.5774311711799], [-91.2122242685782, 30.5783899492161], [-91.214989024308, 30.5836309673219], [-91.2156016726368, 30.5839286386903], [-91.2173769816918, 30.5873556367365], [-91.2170866488869, 30.5874664292578], [-91.2193264713854, 30.5916541249647], [-91.2196046850188, 30.5915415919256], [-91.2403993902721, 30.6310532158932], [-91.2438248416219, 30.6376250498871], [-91.2448151991884, 30.637776397017], [-91.2456054758899, 30.6378420647158], [-91.2458398104149, 30.6383057456795], [-91.2463631437466, 30.6383298079675], [-91.2475908092617, 30.6384251457976], [-91.2656858336428, 30.6395956202557], [-91.2657052893553, 30.6519527879597], [-91.2657201924058, 30.6533288786811], [-91.2719945716275, 30.6538206952461], [-91.2718289366621, 30.6554596437909], [-91.2714350227151, 30.6598116716861], [-91.2719570768458, 30.6666648112971], [-91.2728445683291, 30.6776184432513], [-91.2894316321653, 30.6825874433368], [-91.2911069488477, 30.6853400877389], [-91.3025826337515, 30.7037448480794], [-91.3039542111717, 30.7059469642388], [-91.3055061343683, 30.7085904529209], [-91.3079977528443, 30.7126245030235], [-91.3097498907549, 30.7154333942782], [-91.3120215405639, 30.7189517541603], [-91.3147127566112, 30.7233392157395], [-91.3159354930703, 30.7252332556416], [-91.3187006467537, 30.7243789148958], [-91.3309488540558, 30.7203430420376], [-91.332523262084, 30.7198664039609], [-91.3330886796901, 30.7208595923531], [-91.3354368120624, 30.7253349958683], [-91.3362658995775, 30.7265524856359], [-91.3374040883986, 30.7278907607582], [-91.3385392409141, 30.7292529442021], [-91.3406746441423, 30.7317766028791], [-91.3408589011835, 30.7319773112483], [-91.3406252898023, 30.7321648577188], [-91.3395723942207, 30.7332342049925], [-91.3361800287211, 30.7394392788417], [-91.3368938668768, 30.7478149820994], [-91.3351092710384, 30.7508844873797]]}, "properties": {"OBJECTID_1": 276, "OBJECTID": 276, "ID": "100308", "TYPE": "OVERHEAD", "STATUS": "IN SERVICE", "NAICS_CODE": "221121", "NAICS_DESC": "ELECTRIC BULK POWER TRANSMISSION AND CONTROL", "SOURCE": "IMAGERY", "SOURCEDATE": 1404777600000, "VAL_METHOD": "IMAGERY", "VAL_DATE": 1409875200000, "OWNER": "ENTERGY LOUISIANA LLC", "VOLTAGE": -999999, "VOLT_CLASS": "100-161", "INFERRED": "Y", "SUB_1": "UNKNOWN114435", "SUB_2": "TAP142965", "Shape__Len": 33309.57498028119, "Shape__Length": 33309.57459236845}}, {"type": "Feature", "id": 500, "geometry": {"type": "LineString", "coordinates": [[-90.8962458343495, 30.4877032778311], [-90.8973043452999, 30.4873068679583], [-90.8978067972928, 30.4873213888182], [-90.8978126049011, 30.4874375633607], [-90.8978737666973, 30.4875479752621]]}, "properties": {"OBJECTID_1": 500, "OBJECTID": 500, "ID": "100554", "TYPE": "OVERHEAD", "STATUS": "IN SERVICE", "NAICS_CODE": "221121", "NAICS_DESC": "ELECTRIC BULK POWER TRANSMISSION AND CONTROL", "SOURCE": "IMAGERY", "SOURCEDATE": 1404864000000, "VAL_METHOD": "IMAGERY", "VAL_DATE": 1404864000000, "OWNER": "ENTERGY LOUISIANA LLC", "VOLTAGE": -999999, "VOLT_CLASS": "NOT AVAILABLE", "INFERRED": "N", "SUB_1": "UNKNOWN112436", "SUB_2": "COLY", "Shape__Len": 215.26921211828818, "Shape__Length": 215.26924597641897}}, {"type": "Feature", "id": 746, "geometry": {"type": "LineString", "coordinates": [[-91.254443884986, 30.2615273061817], [-91.2555845980731, 30.2625601459028], [-91.2579105752956, 30.265066780852], [-91.261446173574, 30.2688165319244], [-91.2630586090848, 30.2705843321671], [-91.2653344926537, 30.2741157323578], [-91.2659853463316, 30.2976472008207], [-91.2662120936857, 30.3046680108846], [-91.2663338666107, 30.308098634013], [-91.2683410119759, 30.3270783346205], [-91.2684585852769, 30.3273890643193], [-91.2662708812345, 30.32756962333], [-91.2660987200087, 30.3274898410137], [-91.265653620955, 30.3264904676716], [-91.2657250046808, 30.325423908907], [-91.2647802186487, 30.3255330851989], [-91.2642847312942, 30.32552048806], [-91.2639152137936, 30.3255918713091]]}, "properties": {"OBJECTID_1": 746, "OBJECTID": 746, "ID": "100844", "TYPE": "AC; OVERHEAD", "STATUS": "IN SERVICE", "NAICS_CODE": "221121", "NAICS_DESC": "ELECTRIC BULK POWER TRANSMISSION AND CONTROL", "SOURCE": "IMAGERY, EIA 860", "SOURCEDATE": 1406073600000, "VAL_METHOD": "IMAGERY", "VAL_DATE": 1489536000000, "OWNER": "ENTERGY LOUISIANA LLC", "VOLTAGE": 230, "VOLT_CLASS": "220-287", "INFERRED": "Y", "SUB_1": "UNKNOWN112486", "SUB_2": "PLAQUEMINE", "Shape__Len": 9660.37156407252, "Shape__Length": 9660.371630165313}}, {"type": "Feature", "id": 1387, "geometry": {"type": "LineString", "coordinates": [[-91.2045895471656, 30.5622496989439], [-91.2046624472476, 30.5624654833864], [-91.2042771229913, 30.5626173277717], [-91.2056634651215, 30.5652991887014], [-91.2143867829617, 30.5635224640168], [-91.2138613358941, 30.5604054028848], [-91.2136780598132, 30.5599299261237]]}, "properties": {"OBJECTID_1": 1387, "OBJECTID": 1387, "ID": "101578", "TYPE": "AC; OVERHEAD", "STATUS": "IN SERVICE", "NAICS_CODE": "221121", "NAICS_DESC": "ELECTRIC BULK POWER TRANSMISSION AND CONTROL", "SOURCE": "IMAGERY, EIA 861, https://cdn.misoenergy.org/Entergy Louisiana Transferred Facilities 2019390620.xlsx", "SOURCEDATE": 1406246400000, "VAL_METHOD": "IMAGERY", "VAL_DATE": 1587340800000, "OWNER": "ENTERGY GULF STATES - LA LLC", "VOLTAGE": 69, "VOLT_CLASS": "UNDER 100", "INFERRED": "Y", "SUB_1": "UNKNOWN115664", "SUB_2": "UNKNOWN115665", "Shape__Len": 1925.5671783801793, "Shape__Length": 1925.5671911196566}}, {"type": "Feature", "id": 1614, "geometry": {"type": "LineString", "coordinates": [[-91.1852250694391, 30.2579716816805], [-91.1850080256866, 30.2575822801502], [-91.1841820562239, 30.2573646862963], [-91.18383568202, 30.2583460798237], [-91.1825385506824, 30.2618857676953], [-91.1846471688437, 30.2624559971378], [-91.1850122801078, 30.2624724073841], [-91.1852256030383, 30.2623513873783]]}, "properties": {"OBJECTID_1": 1614, "OBJECTID": 1614, "ID": "101892", "TYPE": "OVERHEAD", "STATUS": "IN SERVICE", "NAICS_CODE": "221121", "NAICS_DESC": "ELECTRIC BULK POWER TRANSMISSION AND CONTROL", "SOURCE": "IMAGERY", "SOURCEDATE": 1402444800000, "VAL_METHOD": "IMAGERY", "VAL_DATE": 1406246400000, "OWNER": "ENTERGY LOUISIANA LLC", "VOLTAGE": -999999, "VOLT_CLASS": "100-161", "INFERRED": "Y", "SUB_1": "AXIALL PLAQUEMINE", "SUB_2": "UNKNOWN115653", "Shape__Len": 1077.6296023146303, "Shape__Length": 1077.62952444863}}, {"type": "Feature", "id": 1748, "geometry": {"type": "LineString", "coordinates": [[-91.3314393090481, 30.7565909867914], [-91.3300262348516, 30.7558867976757], [-91.330005428073, 30.745722331084], [-91.330390366952, 30.7453373920345]]}, "properties": {"OBJECTID_1": 1748, "OBJECTID": 1748, "ID": "102047", "TYPE": "AC; OVERHEAD", "STATUS": "NOT AVAILABLE", "NAICS_CODE": "221121", "NAICS_DESC": "ELECTRIC BULK POWER TRANSMISSION AND CONTROL", "SOURCE": "IMAGERY, EIA 861", "SOURCEDATE": 1402963200000, "VAL_METHOD": "IMAGERY", "VAL_DATE": 1489536000000, "OWNER": "ENTERGY GULF STATES - LA LLC", "VOLTAGE": 230, "VOLT_CLASS": "220-287", "INFERRED": "Y", "SUB_1": "FANCY POINT", "SUB_2": "NOT AVAILABLE", "Shape__Len": 1564.2048340190313, "Shape__Length": 1564.2048036059664}}, {"type": "Feature", "id": 1753, "geometry": {"type": "LineString", "coordinates": [[-91.0087578303238, 30.208726476025], [-91.0084981992404, 30.2090016423503], [-91.0036214027681, 30.2135210616428], [-91.0050662710374, 30.2148837592834], [-91.0030497122264, 30.2168175261714], [-91.0049518319584, 30.2184300062187], [-90.9945394487204, 30.2285011938597], [-90.9940226048183, 30.228095102766], [-90.9817266861948, 30.2167089997259], [-90.9817238394337, 30.2106494816525], [-90.9810848129749, 30.2101669519406], [-90.9870066672279, 30.210061299829], [-90.9881450698481, 30.2100431581944], [-90.9882448511166, 30.2096576432063], [-90.98898866785, 30.2091814193271], [-90.9906713273615, 30.2088503288753], [-90.9910931259133, 30.2086054139014]]}, "properties": {"OBJECTID_1": 1753, "OBJECTID": 1753, "ID": "102053", "TYPE": "AC; OVERHEAD", "STATUS": "IN SERVICE", "NAICS_CODE": "221121", "NAICS_DESC": "ELECTRIC BULK POWER TRANSMISSION AND CONTROL", "SOURCE": "IMAGERY, EIA 860", "SOURCEDATE": 1406160000000, "VAL_METHOD": "IMAGERY", "VAL_DATE": 1490227200000, "OWNER": "ENTERGY LOUISIANA LLC", "VOLTAGE": 138, "VOLT_CLASS": "100-161", "INFERRED": "Y", "SUB_1": "GEISMAR COGEN", "SUB_2": "MONOCHEM", "Shape__Len": 7599.461262552717, "Shape__Length": 7599.461273636445}}, {"type": "Feature", "id": 2142, "geometry": {"type": "LineString", "coordinates": [[-90.8962458343495, 30.4877032778311], [-90.8970961643261, 30.4879097481179], [-90.8970961679194, 30.4881055631271], [-90.8970003176785, 30.4886472832913], [-90.896700010879, 30.4905055819333], [-90.8966142217694, 30.4915826450556], [-90.898252929409, 30.4913630378532], [-90.901098700601, 30.4910256917386], [-90.9040101413351, 30.4906706952297], [-90.9067949187159, 30.4903230512965], [-90.9096365585558, 30.489969755232], [-90.9124867341876, 30.4896164578847], [-90.9154133555517, 30.4892594443485], [-90.918342043041, 30.488902351318], [-90.9208062116969, 30.4885904639701], [-90.923100419101, 30.4883141853536], [-90.9263257302971, 30.4879139708924], [-90.9288859288568, 30.4875925603311], [-90.9316314498597, 30.4872524909648], [-90.9343748149059, 30.4869085513644], [-90.9371029085922, 30.4865702600873], [-90.9398703475897, 30.4862207443813], [-90.9410326786341, 30.4860309281511], [-90.9422320193699, 30.485895532684], [-90.9434184243657, 30.4857471332266], [-90.9448947157036, 30.4855686191376], [-90.9460571356812, 30.4854220763211], [-90.9471540675763, 30.4852773912002], [-90.9485877796681, 30.4851100237669], [-90.9496039539175, 30.4849798919051], [-90.950879111565, 30.4847659209937], [-90.9520387476636, 30.4847194728321], [-90.9533093248015, 30.484549394958], [-90.9545799019393, 30.4843871363635], [-90.9559030314196, 30.4842888199052], [-90.9570518859382, 30.4838543717718], [-90.9583548024263, 30.4836935821188], [-90.9594990764352, 30.483555319836], [-90.9605738208411, 30.4834157413077], [-90.962031067895, 30.4831832648119], [-90.9648328234346, 30.4828377617547], [-90.9676362857733, 30.4824855223317], [-90.9703856704302, 30.4821467519611], [-90.9732307238682, 30.4817892457528], [-90.9760325692394, 30.4814437377474], [-90.9788267789306, 30.4810889393092], [-90.9816301514378, 30.4807394797879], [-90.9844365782169, 30.4803952841465], [-90.986149036643, 30.4801795233345], [-90.9869793485618, 30.4800749318239], [-90.9899107318953, 30.4797134697089], [-90.992832861683, 30.4793506901477], [-90.9956316527822, 30.4790051727127], [-90.9984257726419, 30.4786702619257], [-91.0015606225906, 30.4782596336957], [-91.0041924177768, 30.4779269647214], [-91.0068202585791, 30.4775943720295], [-91.0096312676645, 30.47723909427], [-91.0124508996783, 30.4768876862065], [-91.0151987563009, 30.4765380583119], [-91.0180238680379, 30.4761913703628], [-91.0208182573922, 30.4758353899232], [-91.0236105806214, 30.4754528543342], [-91.0256385273753, 30.4755290357849], [-91.028710315591, 30.4751199427312], [-91.0318725659525, 30.4747179707437], [-91.0322804747533, 30.4746749173705], [-91.0326777951119, 30.4746202731834], [-91.0338226287712, 30.4744813701231], [-91.036971044179, 30.4740843512867], [-91.0401194595868, 30.4736924391609], [-91.0432490103736, 30.473300526232], [-91.0443328277639, 30.4751299300726], [-91.0454210468991, 30.4769781899687], [-91.0473374228947, 30.4783229622197], [-91.0491898388421, 30.4796189427704], [-91.0510944469075, 30.480941383332], [-91.0528985325943, 30.4821986196701], [-91.0529046420365, 30.4845731609783], [-91.0529272795817, 30.486779350077], [-91.0529375203759, 30.4889695426558], [-91.0529580019644, 30.4913049823577], [-91.0529642003398, 30.4934136397093], [-91.052951983252, 30.4949823521196], [-91.0529601579211, 30.4966642807532], [-91.0529622240462, 30.4983408402902], [-91.0559045659278, 30.4989746888545], [-91.0584975529954, 30.4995199856167], [-91.0613351513149, 30.4990313473072], [-91.0643164800799, 30.4985232777085], [-91.0669876205772, 30.4980682273007], [-91.0694203481981, 30.4984187840891], [-91.0721510469988, 30.4988082738096], [-91.0743105071103, 30.4991198946499], [-91.0764577501339, 30.5002281333054], [-91.0784733001369, 30.5012832618706], [-91.0808921038709, 30.5025253762522], [-91.0828667814268, 30.5035371366624], [-91.0847868396167, 30.5052149701149], [-91.0870828436514, 30.5063787873398], [-91.0898031219948, 30.5077867706896], [-91.092086639447, 30.5089704467046], [-91.0946032697155, 30.5104074946903], [-91.0966807136415, 30.5115964788661], [-91.0987856460153, 30.5128053380606], [-91.1008107181603, 30.5139545916667], [-91.10289660625, 30.5151507296778], [-91.1052368073967, 30.516482747], [-91.1068711123931, 30.5174165876747], [-91.1084802645615, 30.5195048696716], [-91.1101418783425, 30.5216528466699], [-91.1117908258781, 30.5237809678157], [-91.1134336648696, 30.5259125237217], [-91.1131731534373, 30.5274723541073], [-91.1127866083705, 30.5297975830969], [-91.1124063524091, 30.5320611652083], [-91.1137592143286, 30.533416395339], [-91.1151330078926, 30.5347534237224], [-91.1146352513937, 30.5374457623608], [-91.1172126976069, 30.5377931596766], [-91.1200360127133, 30.5381748326872], [-91.1227353603106, 30.5385331366764], [-91.1226492118749, 30.5409792613596], [-91.122554709107, 30.5432986739787], [-91.1222879085693, 30.5450861436319], [-91.1220484186128, 30.5466094596229], [-91.1245944237911, 30.5465298516747], [-91.1272854170562, 30.5464465309399], [-91.1300562714484, 30.5463651426999], [-91.1327996355962, 30.5462819773267], [-91.1356797242287, 30.5461842650009], [-91.1376039155672, 30.5461987321966], [-91.1404377409625, 30.5461317343633], [-91.1428261816399, 30.5460666713771], [-91.1452062679852, 30.5460087243645], [-91.1469497182886, 30.5471829606253], [-91.1492416799045, 30.5479065416414], [-91.1509557552982, 30.5492651866876], [-91.1525312206435, 30.5504265423587], [-91.1546277088535, 30.5503560661819], [-91.1567283293139, 30.5502728253187], [-91.1594739401483, 30.550205830297], [-91.1622342833533, 30.5501281593365], [-91.1649735161492, 30.5500575282198], [-91.1673640229518, 30.5497898567088], [-91.1697273108012, 30.5495184710822], [-91.1695592360116, 30.5507576481909], [-91.1719518987708, 30.5509584772528], [-91.1748130329508, 30.5511049212953], [-91.1754390688723, 30.5511357882364], [-91.1787146884192, 30.5342512100102], [-91.1809478157739, 30.5227854828452], [-91.1814552417385, 30.5198777639372], [-91.1824754970343, 30.5193886212184], [-91.1833124906222, 30.519235218767]]}, "properties": {"OBJECTID_1": 2142, "OBJECTID": 2142, "ID": "102509", "TYPE": "AC; OVERHEAD", "STATUS": "IN SERVICE", "NAICS_CODE": "221121", "NAICS_DESC": "ELECTRIC BULK POWER TRANSMISSION AND CONTROL", "SOURCE": "IMAGERY, OpenStreetMap", "SOURCEDATE": 1404950400000, "VAL_METHOD": "IMAGERY", "VAL_DATE": 1490054400000, "OWNER": "ENTERGY LOUISIANA LLC", "VOLTAGE": 230, "VOLT_CLASS": "220-287", "INFERRED": "Y", "SUB_1": "COLY", "SUB_2": "JAGUAR", "Shape__Len": 43071.819976992665, "Shape__Length": 43071.82004872019}}, {"type": "Feature", "id": 2585, "geometry": {"type": "LineString", "coordinates": [[-91.1159450858078, 30.2743104090663], [-91.1167207029022, 30.2745394666449], [-91.1173797438256, 30.275045032716], [-91.1161565492257, 30.2766590198612], [-91.1148208352466, 30.2780585999525], [-91.1148458398525, 30.2783797128387]]}, "properties": {"OBJECTID_1": 2585, "OBJECTID": 2585, "ID": "103008", "TYPE": "AC; OVERHEAD", "STATUS": "NOT AVAILABLE", "NAICS_CODE": "221121", "NAICS_DESC": "ELECTRIC BULK POWER TRANSMISSION AND CONTROL", "SOURCE": "IMAGERY, EIA 860", "SOURCEDATE": 1402876800000, "VAL_METHOD": "IMAGERY", "VAL_DATE": 1490054400000, "OWNER": "ENTERGY LOUISIANA LLC", "VOLTAGE": 138, "VOLT_CLASS": "100-161", "INFERRED": "Y", "SUB_1": "WILLOW GLEN (500KV)", "SUB_2": "NOT AVAILABLE", "Shape__Len": 713.2937686212349, "Shape__Length": 713.2937419865711}}, {"type": "Feature", "id": 2889, "geometry": {"type": "LineString", "coordinates": [[-91.152570165306, 30.402286998201], [-91.1515787099982, 30.403613592652], [-91.1474241715908, 30.4101309359515], [-91.1432921305913, 30.4167215647299], [-91.1428255528192, 30.4173753802197], [-91.1412305149805, 30.4197343831409], [-91.1405977407961, 30.4212612037152], [-91.1401282641606, 30.4224124428085], [-91.1395199852373, 30.423400386344], [-91.1384177353157, 30.4252782941981], [-91.1375441003457, 30.4260457873046], [-91.1365951614021, 30.4276864017175], [-91.1368569017298, 30.4277839588875], [-91.1370077639003, 30.4277998232371]]}, "properties": {"OBJECTID_1": 2889, "OBJECTID": 2889, "ID": "103347", "TYPE": "OVERHEAD", "STATUS": "IN SERVICE", "NAICS_CODE": "221121", "NAICS_DESC": "ELECTRIC BULK POWER TRANSMISSION AND CONTROL", "SOURCE": "IMAGERY, EIA 861", "SOURCEDATE": 1405036800000, "VAL_METHOD": "IMAGERY", "VAL_DATE": 1553644800000, "OWNER": "ENTERGY GULF STATES - LA LLC", "VOLTAGE": -999999, "VOLT_CLASS": "UNDER 100", "INFERRED": "Y", "SUB_1": "TAP143280", "SUB_2": "WESTDALE", "Shape__Len": 3789.5365196744333, "Shape__Length": 3789.536422455964}}, {"type": "Feature", "id": 3057, "geometry": {"type": "LineString", "coordinates": [[-91.2550852057421, 30.3819030029692], [-91.254815888125, 30.3820000301055], [-91.254494567036, 30.3825594516169], [-91.2568969513633, 30.3834289598202], [-91.273672567086, 30.3897621128235], [-91.2735188572561, 30.3936496731361], [-91.3060633171183, 30.4058225963731], [-91.3103489332004, 30.4138071068353], [-91.3130587398825, 30.4188122811375], [-91.3132506784177, 30.4462593518671], [-91.3132762929797, 30.4536811543684], [-91.313269940094, 30.4542216117823], [-91.3134315245557, 30.4546182616722]]}, "properties": {"OBJECTID_1": 3057, "OBJECTID": 3057, "ID": "103542", "TYPE": "OVERHEAD", "STATUS": "IN SERVICE", "NAICS_CODE": "221121", "NAICS_DESC": "ELECTRIC BULK POWER TRANSMISSION AND CONTROL", "SOURCE": "IMAGERY, OpenStreetMap, EIA 861", "SOURCEDATE": 1406160000000, "VAL_METHOD": "IMAGERY", "VAL_DATE": 1406160000000, "OWNER": "ENTERGY GULF STATES - LA LLC", "VOLTAGE": -999999, "VOLT_CLASS": "NOT AVAILABLE", "INFERRED": "N", "SUB_1": "UNKNOWN112483", "SUB_2": "ADDIS", "Shape__Len": 13367.214635263863, "Shape__Length": 13367.214486196002}}, {"type": "Feature", "id": 3123, "geometry": {"type": "LineString", "coordinates": [[-91.44765802329604, 30.552644984917787], [-91.4467352254104, 30.5530404676152], [-91.4433845992322, 30.5545142277852], [-91.4400962263031, 30.5559186530188], [-91.4367488340599, 30.5573922913558], [-91.4333188866421, 30.5588748796735], [-91.4299896403676, 30.5603439866229], [-91.4272516652131, 30.5615355318994], [-91.4245072221886, 30.5626951929457], [-91.4220449399949, 30.5637667377537], [-91.4187297074388, 30.5651709517328], [-91.4154252546662, 30.5665151229834], [-91.4123836489457, 30.567771486258], [-91.4093774368474, 30.5689860661532], [-91.4058362779974, 30.5690580757299], [-91.4024429818432, 30.5691270687437], [-91.3990740300331, 30.5691955202839], [-91.395737866731, 30.5692633530055], [-91.3928572391094, 30.5692945243295], [-91.3899848759884, 30.5693255386307], [-91.3871953384349, 30.5693556270876], [-91.3836172579284, 30.5693943783087], [-91.379931918577, 30.5694341326939], [-91.3763024562329, 30.5694734253064], [-91.3726495469616, 30.5695129491679], [-91.3689781323954, 30.5695525503592], [-91.3654160427992, 30.5695910686901], [-91.365426373425, 30.5723160857556], [-91.3654368837138, 30.5750965583477], [-91.3654485618125, 30.5781724631591], [-91.3654609585634, 30.5814560747553], [-91.3654734451459, 30.5847673380298], [-91.3654857520653, 30.5880046367981], [-91.3630399090412, 30.5901509437052], [-91.3604002095788, 30.5924931533778], [-91.3576773261211, 30.5948391719648], [-91.3560357447709, 30.5963029400146], [-91.3542794485589, 30.5980065433204], [-91.3526165771365, 30.6000336306204], [-91.3509910756299, 30.602069878149], [-91.3495587119094, 30.6038936879669], [-91.3472435737592, 30.605911528672], [-91.3449046302539, 30.607933889725], [-91.3426011702023, 30.6098773491897], [-91.3445912978828, 30.6123150253835], [-91.3465600456595, 30.6147388790334], [-91.3485020236407, 30.6171671558757], [-91.3504063622115, 30.6195585740909], [-91.35238579994, 30.6220006448054], [-91.3543384678731, 30.6244333776396], [-91.3562589761191, 30.6268199783268], [-91.3583886121631, 30.6294187807041], [-91.3604431490494, 30.632031350856], [-91.3625406254063, 30.6346485646354], [-91.3645791722806, 30.6370948921156], [-91.3662045839556, 30.6394949381868], [-91.3679265654221, 30.641885726627], [-91.3695895257777, 30.6442764582905], [-91.3713329760811, 30.6467317383585], [-91.3717521299927, 30.6494173356803], [-91.3722696494279, 30.6527330760333], [-91.3728150166369, 30.656227366936], [-91.3733560719325, 30.659693249218], [-91.3739032357721, 30.6631990337541], [-91.3744467174173, 30.6666805833448], [-91.3749911854127, 30.6701679569546], [-91.3755363729586, 30.6736605358273], [-91.3760493109858, 30.6769463946308], [-91.374117933125, 30.6796637553569], [-91.3746728215777, 30.6829430749783], [-91.375229418626, 30.6862318633639], [-91.3757837689879, 30.6895069421405], [-91.3763111698912, 30.6926231673655], [-91.3770351221786, 30.6959470799544], [-91.3777501811448, 30.6992293216362], [-91.3784742232638, 30.7025532399691], [-91.3791965585838, 30.7058687786526], [-91.3798366980552, 30.7088073763489], [-91.3805576859023, 30.7121164442915], [-91.3812465140621, 30.7152783528689], [-91.3819601357238, 30.7185534513841], [-91.3783171079206, 30.7196308383088], [-91.3747157619466, 30.7206958579247], [-91.3710819867908, 30.7217704423765], [-91.3675026504395, 30.722828950807], [-91.3680097808584, 30.7246992286962]]}, "properties": {"OBJECTID_1": 3123, "OBJECTID": 3123, "ID": "103622", "TYPE": "AC; OVERHEAD", "STATUS": "IN SERVICE", "NAICS_CODE": "221121", "NAICS_DESC": "ELECTRIC BULK POWER TRANSMISSION AND CONTROL", "SOURCE": "IMAGERY, OpenStreetMap, http://www.oatioasis.com/TVA/TVAdocs/TVA_Transmission_Map_2011_r2.pdf", "SOURCEDATE": 1403049600000, "VAL_METHOD": "IMAGERY", "VAL_DATE": 1443744000000, "OWNER": "ENTERGY LOUISIANA LLC", "VOLTAGE": 500, "VOLT_CLASS": "500", "INFERRED": "Y", "SUB_1": "BIG CAJUN 2", "SUB_2": "WEBRE", "Shape__Len": 49663.82988524414, "Shape__Length": 49663.82992196686}}, {"type": "Feature", "id": 3191, "geometry": {"type": "LineString", "coordinates": [[-91.1566256527752, 30.550161580292], [-91.1634731930808, 30.5499786301846], [-91.1634731930808, 30.549024678811], [-91.1628263360076, 30.548567304889], [-91.1625845813984, 30.5485542367657]]}, "properties": {"OBJECTID_1": 3191, "OBJECTID": 3191, "ID": "103701", "TYPE": "AC; OVERHEAD", "STATUS": "IN SERVICE", "NAICS_CODE": "221121", "NAICS_DESC": "ELECTRIC BULK POWER TRANSMISSION AND CONTROL", "SOURCE": "IMAGERY, EIA 861", "SOURCEDATE": 1406246400000, "VAL_METHOD": "IMAGERY", "VAL_DATE": 1589760000000, "OWNER": "ENTERGY GULF STATES - LA LLC", "VOLTAGE": 69, "VOLT_CLASS": "UNDER 100", "INFERRED": "Y", "SUB_1": "UNKNOWN115668", "SUB_2": "TAP142964", "Shape__Len": 1006.0749973473538, "Shape__Length": 1006.0750375445488}}, {"type": "Feature", "id": 3313, "geometry": {"type": "LineString", "coordinates": [[-90.69418102270886, 30.827468609191165], [-90.706731416437, 30.8183948166719], [-90.7554104174043, 30.7844954440498], [-90.7585037157795, 30.7837459136816], [-90.7589320190322, 30.7836388383198], [-90.758813046156, 30.7832819188147]]}, "properties": {"OBJECTID_1": 3313, "OBJECTID": 3313, "ID": "103843", "TYPE": "OVERHEAD", "STATUS": "IN SERVICE", "NAICS_CODE": "221121", "NAICS_DESC": "ELECTRIC BULK POWER TRANSMISSION AND CONTROL", "SOURCE": "IMAGERY", "SOURCEDATE": 1404777600000, "VAL_METHOD": "IMAGERY", "VAL_DATE": 1404950400000, "OWNER": "ENTERGY LOUISIANA LLC", "VOLTAGE": -999999, "VOLT_CLASS": "UNDER 100", "INFERRED": "Y", "SUB_1": "UNKNOWN114433", "SUB_2": "UNKNOWN114434", "Shape__Len": 10625.10876846385, "Shape__Length": 10625.10882825717}}, {"type": "Feature", "id": 4575, "geometry": {"type": "LineString", "coordinates": [[-91.1840141467243, 30.4228431980757], [-91.1841217792684, 30.4227886998882], [-91.1842422217884, 30.4227950386717], [-91.184140047408, 30.4197562732715]]}, "properties": {"OBJECTID_1": 4575, "OBJECTID": 4575, "ID": "105273", "TYPE": "OVERHEAD", "STATUS": "IN SERVICE", "NAICS_CODE": "221121", "NAICS_DESC": "ELECTRIC BULK POWER TRANSMISSION AND CONTROL", "SOURCE": "IMAGERY, EIA 861", "SOURCEDATE": 1406592000000, "VAL_METHOD": "IMAGERY", "VAL_DATE": 1406592000000, "OWNER": "ENTERGY GULF STATES - LA LLC", "VOLTAGE": -999999, "VOLT_CLASS": "UNDER 100", "INFERRED": "Y", "SUB_1": "TAP143282", "SUB_2": "ALASKA", "Shape__Len": 419.77272010726074, "Shape__Length": 419.772650177181}}, {"type": "Feature", "id": 5107, "geometry": {"type": "LineString", "coordinates": [[-91.2136780598132, 30.5599299261237], [-91.2140171891044, 30.5603831382664], [-91.214573806814, 30.5636738643017], [-91.205743618201, 30.5654149652928], [-91.2061978180868, 30.5662610251489], [-91.2120543872765, 30.5774644009833], [-91.2120788942158, 30.5775177027521], [-91.2124475098078, 30.5776220672195]]}, "properties": {"OBJECTID_1": 5107, "OBJECTID": 5107, "ID": "105869", "TYPE": "AC; OVERHEAD", "STATUS": "IN SERVICE", "NAICS_CODE": "221121", "NAICS_DESC": "ELECTRIC BULK POWER TRANSMISSION AND CONTROL", "SOURCE": "IMAGERY, EIA 861, https://cdn.misoenergy.org/Entergy Louisiana Transferred Facilities 2019390620.xlsx", "SOURCEDATE": 1406246400000, "VAL_METHOD": "IMAGERY", "VAL_DATE": 1587340800000, "OWNER": "ENTERGY GULF STATES - LA LLC", "VOLTAGE": 69, "VOLT_CLASS": "UNDER 100", "INFERRED": "Y", "SUB_1": "UNKNOWN115664", "SUB_2": "UNKNOWN115666", "Shape__Len": 3267.5991881231425, "Shape__Length": 3267.5990911529507}}, {"type": "Feature", "id": 5693, "geometry": {"type": "LineString", "coordinates": [[-91.2451320071413, 30.6387508808072], [-91.244971597676, 30.638289706212], [-91.2449162102505, 30.6379829748436], [-91.2476004922021, 30.6382754591248], [-91.2658361181966, 30.6394550278213], [-91.2659189060349, 30.6519279493029], [-91.2659586492997, 30.6531748758429], [-91.2703303464439, 30.6535872071668], [-91.2728192340414, 30.6538008237777], [-91.2725018493701, 30.655604134011], [-91.2718105247921, 30.6597757601363], [-91.2718766201357, 30.662074937873], [-91.2722465921838, 30.6668608420912], [-91.2724262992581, 30.6689977428793], [-91.2751792753795, 30.6690037967211], [-91.2751971213109, 30.6714308467279], [-91.2726539080966, 30.6717042482637], [-91.272986932437, 30.6756642539104], [-91.2731331215714, 30.6774139658264], [-91.2895819436685, 30.6823173451701], [-91.3058145646329, 30.7084054858114], [-91.3086669123911, 30.7131752193393], [-91.3099778508346, 30.7152889472264], [-91.3122507546918, 30.7188092492263], [-91.3149585033336, 30.7231953651107], [-91.3162771394408, 30.7252092806366], [-91.3187559182965, 30.7245398236871], [-91.3310041247003, 30.7205039506146], [-91.3321441766273, 30.7201421032505], [-91.332612898678, 30.721035338853], [-91.3340883986001, 30.7237890781811], [-91.3350773251503, 30.7254955980391], [-91.336457406023, 30.7275986867883], [-91.3380040552106, 30.7298234831495], [-91.3315438190482, 30.7434696918895], [-91.3309846447333, 30.74507582784], [-91.330390366952, 30.7453373920345]]}, "properties": {"OBJECTID_1": 5693, "OBJECTID": 5693, "ID": "106540", "TYPE": "AC; OVERHEAD", "STATUS": "IN SERVICE", "NAICS_CODE": "221121", "NAICS_DESC": "ELECTRIC BULK POWER TRANSMISSION AND CONTROL", "SOURCE": "IMAGERY, OpenStreetMap", "SOURCEDATE": 1404777600000, "VAL_METHOD": "IMAGERY", "VAL_DATE": 1652054400000, "OWNER": "ENTERGY LOUISIANA LLC", "VOLTAGE": 230, "VOLT_CLASS": "220-287", "INFERRED": "Y", "SUB_1": "PORT HUDSON", "SUB_2": "FANCY POINT", "Shape__Len": 22341.902040233024, "Shape__Length": 22341.901894780764}}, {"type": "Feature", "id": 5750, "geometry": {"type": "LineString", "coordinates": [[-90.8323210917075, 30.3327384056564], [-90.8324630560651, 30.3328330477713]]}, "properties": {"OBJECTID_1": 5750, "OBJECTID": 5750, "ID": "106606", "TYPE": "OVERHEAD", "STATUS": "IN SERVICE", "NAICS_CODE": "221121", "NAICS_DESC": "ELECTRIC BULK POWER TRANSMISSION AND CONTROL", "SOURCE": "IMAGERY", "SOURCEDATE": 1405987200000, "VAL_METHOD": "IMAGERY", "VAL_DATE": 1405987200000, "OWNER": "ENTERGY LOUISIANA LLC", "VOLTAGE": -999999, "VOLT_CLASS": "UNDER 100", "INFERRED": "Y", "SUB_1": "UNKNOWN114562", "SUB_2": "TAP143261", "Shape__Len": 19.96858716983449, "Shape__Length": 19.96862774098842}}, {"type": "Feature", "id": 6304, "geometry": {"type": "LineString", "coordinates": [[-91.0061323673621, 30.5914673418239], [-91.0064952346346, 30.5914711208715], [-91.0064952346346, 30.5907935809692], [-91.0068686229757, 30.5904053563116], [-91.0069304432369, 30.5903954651039], [-91.0069057153121, 30.5889216917184], [-91.0068462549251, 30.5815729186383], [-91.0056803189414, 30.5815967142953], [-91.005442373189, 30.5738991577383], [-91.0106058032038, 30.5738991577383], [-91.0105225221905, 30.5642385463264], [-91.0052520156887, 30.5641314702497], [-91.0051449401001, 30.5561840696993], [-91.003384138837, 30.5561364813813], [-91.0032651659607, 30.546773301704], [-91.0072031735538, 30.5466543286143], [-91.007136886869, 30.5418130818357], [-91.0071274743214, 30.5409973006756], [-91.0079024670867, 30.5401375923248], [-91.0080373850592, 30.5392151306655], [-91.0081911281269, 30.5392527821122], [-91.0082256422984, 30.5390613873643], [-91.0083398873413, 30.538976434668]]}, "properties": {"OBJECTID_1": 6304, "OBJECTID": 6304, "ID": "107230", "TYPE": "OVERHEAD", "STATUS": "IN SERVICE", "NAICS_CODE": "221121", "NAICS_DESC": "ELECTRIC BULK POWER TRANSMISSION AND CONTROL", "SOURCE": "IMAGERY, EIA 861", "SOURCEDATE": 1404777600000, "VAL_METHOD": "IMAGERY", "VAL_DATE": 1404864000000, "OWNER": "ENTERGY GULF STATES - LA LLC", "VOLTAGE": -999999, "VOLT_CLASS": "NOT AVAILABLE", "INFERRED": "N", "SUB_1": "UNKNOWN112434", "SUB_2": "UNKNOWN114613", "Shape__Len": 8801.62692452779, "Shape__Length": 8801.627157020923}}, {"type": "Feature", "id": 6822, "geometry": {"type": "LineString", "coordinates": [[-91.1528273628533, 30.4361670858417], [-91.1527845329772, 30.4353318949341], [-91.152700015882, 30.4321522407239], [-91.1527185598044, 30.4313321960461], [-91.1528627888148, 30.4304153111547], [-91.1528277617053, 30.4290781013216], [-91.1526093579035, 30.4282930830835], [-91.151898514731, 30.4275739978777], [-91.1514678884349, 30.4270712556848], [-91.1510496229571, 30.4270650751963], [-91.1506602050781, 30.4264139838324], [-91.1504236148834, 30.4255030466191], [-91.1505735212465, 30.4246178877976], [-91.1511910698851, 30.4235369128642], [-91.1518018057007, 30.4224882753136], [-91.1503818701722, 30.421695611056], [-91.1443975632439, 30.4182224137873], [-91.1428537383596, 30.4173931697703], [-91.1433344942418, 30.4167481252852], [-91.1474664346299, 30.4101576540207], [-91.1516198726012, 30.4036420371658], [-91.1526102157946, 30.4023169299249], [-91.1586121791097, 30.3953678781704], [-91.1588127118272, 30.3954874197823]]}, "properties": {"OBJECTID_1": 6822, "OBJECTID": 6822, "ID": "107839", "TYPE": "OVERHEAD", "STATUS": "IN SERVICE", "NAICS_CODE": "221121", "NAICS_DESC": "ELECTRIC BULK POWER TRANSMISSION AND CONTROL", "SOURCE": "IMAGERY, EIA 861", "SOURCEDATE": 1405987200000, "VAL_METHOD": "IMAGERY", "VAL_DATE": 1406592000000, "OWNER": "ENTERGY GULF STATES - LA LLC", "VOLTAGE": -999999, "VOLT_CLASS": "NOT AVAILABLE", "INFERRED": "N", "SUB_1": "TAP143272", "SUB_2": "HIGHLAND", "Shape__Len": 6476.230764449826, "Shape__Length": 6476.230621821502}}, {"type": "Feature", "id": 7520, "geometry": {"type": "LineString", "coordinates": [[-91.1585855719093, 30.4481748679513], [-91.1640907363296, 30.4480009269073], [-91.1642005832209, 30.4477446171976], [-91.1641456602244, 30.4459443447745], [-91.1641639678899, 30.4458467027698], [-91.1715603402065, 30.4456331113182], [-91.1715359302853, 30.4448031547071]]}, "properties": {"OBJECTID_1": 7520, "OBJECTID": 7520, "ID": "108648", "TYPE": "OVERHEAD", "STATUS": "NOT AVAILABLE", "NAICS_CODE": "221121", "NAICS_DESC": "ELECTRIC BULK POWER TRANSMISSION AND CONTROL", "SOURCE": "IMAGERY, EIA 861", "SOURCEDATE": 1405036800000, "VAL_METHOD": "IMAGERY", "VAL_DATE": 1566518400000, "OWNER": "ENTERGY GULF STATES - LA LLC", "VOLTAGE": -999999, "VOLT_CLASS": "UNDER 100", "INFERRED": "Y", "SUB_1": "TAP143273", "SUB_2": "DEADEND167030", "Shape__Len": 1824.8645650632795, "Shape__Length": 1824.8647334244386}}, {"type": "Feature", "id": 7754, "geometry": {"type": "LineString", "coordinates": [[-90.9764334011124, 30.183043796101], [-90.9744405299771, 30.1841762332108], [-90.9745452259285, 30.1842856877435], [-90.9748593146811, 30.1844022822035]]}, "properties": {"OBJECTID_1": 7754, "OBJECTID": 7754, "ID": "108913", "TYPE": "OVERHEAD", "STATUS": "IN SERVICE", "NAICS_CODE": "221121", "NAICS_DESC": "ELECTRIC BULK POWER TRANSMISSION AND CONTROL", "SOURCE": "IMAGERY", "SOURCEDATE": 1406592000000, "VAL_METHOD": "IMAGERY", "VAL_DATE": 1406592000000, "OWNER": "ENTERGY LOUISIANA LLC", "VOLTAGE": -999999, "VOLT_CLASS": "NOT AVAILABLE", "INFERRED": "N", "SUB_1": "UNKNOWN112510", "SUB_2": "UNKNOWN115761", "Shape__Len": 321.8284495318751, "Shape__Length": 321.8284181381973}}, {"type": "Feature", "id": 8983, "geometry": {"type": "LineString", "coordinates": [[-90.9663332426228, 30.1739287481536], [-90.9672385683594, 30.1738476077336], [-90.9677847772898, 30.17396088916], [-90.9701143783161, 30.1736932736274], [-90.9712583828304, 30.1747618683579], [-90.9721256164057, 30.1756255866763], [-90.9782161760657, 30.1802242029491], [-90.9794472731452, 30.1812290118282], [-90.9767302943138, 30.1827437417414], [-90.9764334011124, 30.183043796101]]}, "properties": {"OBJECTID_1": 8983, "OBJECTID": 8983, "ID": "110306", "TYPE": "AC; OVERHEAD", "STATUS": "IN SERVICE", "NAICS_CODE": "221121", "NAICS_DESC": "ELECTRIC BULK POWER TRANSMISSION AND CONTROL", "SOURCE": "IMAGERY, OpenStreetMap", "SOURCEDATE": 1403049600000, "VAL_METHOD": "IMAGERY", "VAL_DATE": 1553558400000, "OWNER": "ENTERGY LOUISIANA LLC", "VOLTAGE": 230, "VOLT_CLASS": "220-287", "INFERRED": "Y", "SUB_1": "UNKNOWN112510", "SUB_2": "UNKNOWN112513", "Shape__Len": 2259.6417604371086, "Shape__Length": 2259.6418910890807}}, {"type": "Feature", "id": 9568, "geometry": {"type": "LineString", "coordinates": [[-91.2669376916868, 30.3227541392812], [-91.2680361893455, 30.3227369063152]]}, "properties": {"OBJECTID_1": 9568, "OBJECTID": 9568, "ID": "110985", "TYPE": "AC; OVERHEAD", "STATUS": "IN SERVICE", "NAICS_CODE": "221121", "NAICS_DESC": "ELECTRIC BULK POWER TRANSMISSION AND CONTROL", "SOURCE": "IMAGERY, EIA 860", "SOURCEDATE": 1406073600000, "VAL_METHOD": "IMAGERY", "VAL_DATE": 1490227200000, "OWNER": "ENTERGY LOUISIANA LLC", "VOLTAGE": 69, "VOLT_CLASS": "UNDER 100", "INFERRED": "Y", "SUB_1": "TAP143257", "SUB_2": "TAP143260", "Shape__Len": 122.30432011865591, "Shape__Length": 122.30439334618568}}, {"type": "Feature", "id": 10460, "geometry": {"type": "LineString", "coordinates": [[-91.1040120308635, 30.2429437186307], [-91.1034406098164, 30.2426056952489], [-91.0964977160384, 30.2379511662512], [-91.0955480305947, 30.2373421868699], [-91.0957224088627, 30.2370953769773]]}, "properties": {"OBJECTID_1": 10460, "OBJECTID": 10460, "ID": "112002", "TYPE": "AC; OVERHEAD", "STATUS": "IN SERVICE", "NAICS_CODE": "221121", "NAICS_DESC": "ELECTRIC BULK POWER TRANSMISSION AND CONTROL", "SOURCE": "IMAGERY, EIA 860", "SOURCEDATE": 1406160000000, "VAL_METHOD": "IMAGERY", "VAL_DATE": 1490054400000, "OWNER": "ENTERGY LOUISIANA LLC", "VOLTAGE": 138, "VOLT_CLASS": "100-161", "INFERRED": "Y", "SUB_1": "STAUFFER", "SUB_2": "SUTAN", "Shape__Len": 1224.2961816754848, "Shape__Length": 1224.2961939687088}}, {"type": "Feature", "id": 10894, "geometry": {"type": "LineString", "coordinates": [[-91.1852250694391, 30.2579716816805], [-91.185873962993, 30.2577510260723], [-91.1859316923264, 30.2575423139683], [-91.1851368072675, 30.2573469227355], [-91.1855053851302, 30.256352206312], [-91.1864214403446, 30.2538487887833], [-91.1917874287779, 30.2553463883229], [-91.1920654852061, 30.2545414890719], [-91.1924801295749, 30.2546780782465]]}, "properties": {"OBJECTID_1": 10894, "OBJECTID": 10894, "ID": "112508", "TYPE": "OVERHEAD", "STATUS": "IN SERVICE", "NAICS_CODE": "221121", "NAICS_DESC": "ELECTRIC BULK POWER TRANSMISSION AND CONTROL", "SOURCE": "IMAGERY", "SOURCEDATE": 1402444800000, "VAL_METHOD": "IMAGERY", "VAL_DATE": 1406160000000, "OWNER": "ENTERGY LOUISIANA LLC", "VOLTAGE": -999999, "VOLT_CLASS": "NOT AVAILABLE", "INFERRED": "N", "SUB_1": "AXIALL PLAQUEMINE", "SUB_2": "UNKNOWN115493", "Shape__Len": 1455.6361504444842, "Shape__Length": 1455.6360670028362}}, {"type": "Feature", "id": 10973, "geometry": {"type": "LineString", "coordinates": [[-90.9952262430945, 30.2295616782506], [-90.9954162727097, 30.2297015123321], [-90.9956995258918, 30.2296764129666], [-90.9999163642608, 30.2330019796175], [-91.0018480484472, 30.2329229880913], [-91.0309773220083, 30.248195434294], [-91.0455299020503, 30.2557304368937], [-91.0730527138972, 30.2698680749476], [-91.1081107731121, 30.28820052769], [-91.1097583920393, 30.2858761448275], [-91.1103696057586, 30.2849726117455], [-91.1108148656107, 30.2842962938243], [-91.1115066986352, 30.2833576349705], [-91.1121371839123, 30.2824980840979], [-91.1146321683756, 30.2789492599988], [-91.1148458398525, 30.2783797128387]]}, "properties": {"OBJECTID_1": 10973, "OBJECTID": 10973, "ID": "112597", "TYPE": "AC; OVERHEAD", "STATUS": "IN SERVICE", "NAICS_CODE": "221121", "NAICS_DESC": "ELECTRIC BULK POWER TRANSMISSION AND CONTROL", "SOURCE": "IMAGERY, EIA 860", "SOURCEDATE": 1402876800000, "VAL_METHOD": "IMAGERY", "VAL_DATE": 1490054400000, "OWNER": "ENTERGY LOUISIANA LLC", "VOLTAGE": 138, "VOLT_CLASS": "100-161", "INFERRED": "Y", "SUB_1": "WILLOW GLEN (500KV)", "SUB_2": "GEISMAR", "Shape__Len": 16192.638231134722, "Shape__Length": 16192.6381742117}}, {"type": "Feature", "id": 11413, "geometry": {"type": "LineString", "coordinates": [[-91.2541891730771, 30.2618466396882], [-91.254443884986, 30.2615273061817]]}, "properties": {"OBJECTID_1": 11413, "OBJECTID": 11413, "ID": "113103", "TYPE": "OVERHEAD", "STATUS": "IN SERVICE", "NAICS_CODE": "221121", "NAICS_DESC": "ELECTRIC BULK POWER TRANSMISSION AND CONTROL", "SOURCE": "IMAGERY", "SOURCEDATE": 1406073600000, "VAL_METHOD": "IMAGERY", "VAL_DATE": 1406073600000, "OWNER": "ENTERGY LOUISIANA LLC", "VOLTAGE": -999999, "VOLT_CLASS": "NOT AVAILABLE", "INFERRED": "N", "SUB_1": "TAP142473", "SUB_2": "PLAQUEMINE", "Shape__Len": 49.97818363750092, "Shape__Length": 49.978125506037046}}, {"type": "Feature", "id": 11920, "geometry": {"type": "LineString", "coordinates": [[-91.2680361893455, 30.3227369063152], [-91.2706178459624, 30.322728385208], [-91.2989242492485, 30.3224638110108], [-91.3080682436447, 30.3223524686388], [-91.3080702495827, 30.3186112281063], [-91.308066552117, 30.3180935397458], [-91.3082477432081, 30.3180972379062], [-91.3082884180259, 30.3179604198385]]}, "properties": {"OBJECTID_1": 11920, "OBJECTID": 11920, "ID": "113678", "TYPE": "AC; OVERHEAD", "STATUS": "IN SERVICE", "NAICS_CODE": "221121", "NAICS_DESC": "ELECTRIC BULK POWER TRANSMISSION AND CONTROL", "SOURCE": "IMAGERY, EIA 860", "SOURCEDATE": 1406073600000, "VAL_METHOD": "IMAGERY", "VAL_DATE": 1490227200000, "OWNER": "ENTERGY LOUISIANA LLC", "VOLTAGE": 69, "VOLT_CLASS": "UNDER 100", "INFERRED": "Y", "SUB_1": "UNKNOWN115477", "SUB_2": "TAP143260", "Shape__Len": 5044.254768735931, "Shape__Length": 5044.254691613639}}, {"type": "Feature", "id": 11970, "geometry": {"type": "LineString", "coordinates": [[-91.0330027184451, 30.7654408569648], [-91.0328919022717, 30.7655039801285]]}, "properties": {"OBJECTID_1": 11970, "OBJECTID": 11970, "ID": "113731", "TYPE": "OVERHEAD", "STATUS": "IN SERVICE", "NAICS_CODE": "221121", "NAICS_DESC": "ELECTRIC BULK POWER TRANSMISSION AND CONTROL", "SOURCE": "IMAGERY", "SOURCEDATE": 1404777600000, "VAL_METHOD": "IMAGERY", "VAL_DATE": 1404777600000, "OWNER": "ENTERGY LOUISIANA LLC", "VOLTAGE": -999999, "VOLT_CLASS": "UNDER 100", "INFERRED": "Y", "SUB_1": "UNKNOWN114432", "SUB_2": "TAP142947", "Shape__Len": 14.800366551602396, "Shape__Length": 14.800394360887214}}, {"type": "Feature", "id": 12664, "geometry": {"type": "LineString", "coordinates": [[-90.69418102270886, 30.537004626148242], [-90.7032778514121, 30.5368057883822], [-90.7144924616398, 30.5347752330716], [-90.7168158175783, 30.5346360460567], [-90.7237223197058, 30.5297770462681], [-90.7526929579743, 30.5156890040067], [-90.76461125809, 30.5155056461305], [-90.7727707097145, 30.5220454307721], [-90.8018635871336, 30.5217398342424], [-90.8173879368021, 30.5215564746253], [-90.8290006390413, 30.5069794766531], [-90.8333706832855, 30.5033428681798], [-90.8332790039225, 30.4996756978825], [-90.8493228690828, 30.4974753966793], [-90.8499035050481, 30.4969558809822], [-90.8534277620961, 30.4966215219347], [-90.8537445332181, 30.4969819831174], [-90.8572963380025, 30.4965725846949], [-90.8670839124177, 30.4953323549703], [-90.8670341367678, 30.4949507428221], [-90.8801980372632, 30.4933141790092], [-90.8802588954288, 30.4936682687321], [-90.8941216843169, 30.4919402817165], [-90.8949218721309, 30.4913919010953], [-90.8965062325942, 30.4904121731999], [-90.8967918402606, 30.4885193283006], [-90.8967755942287, 30.488240779797], [-90.8962458343495, 30.4877032778311]]}, "properties": {"OBJECTID_1": 12664, "OBJECTID": 12664, "ID": "114535", "TYPE": "AC; OVERHEAD", "STATUS": "IN SERVICE", "NAICS_CODE": "221121", "NAICS_DESC": "ELECTRIC BULK POWER TRANSMISSION AND CONTROL", "SOURCE": "IMAGERY, EIA 860", "SOURCEDATE": 1404691200000, "VAL_METHOD": "IMAGERY", "VAL_DATE": 1490054400000, "OWNER": "ENTERGY LOUISIANA LLC", "VOLTAGE": 230, "VOLT_CLASS": "220-287", "INFERRED": "Y", "SUB_1": "COLY", "SUB_2": "HAMMOND", "Shape__Len": 49496.67838311912, "Shape__Length": 49496.67858498755}}, {"type": "Feature", "id": 13106, "geometry": {"type": "LineString", "coordinates": [[-91.0344435173462, 30.3891311461835], [-91.0343891692715, 30.3890146847552], [-91.0337133478186, 30.3888111603406], [-91.0298102352828, 30.4086595676316], [-91.029616784883, 30.4094571527444], [-91.0296120283035, 30.4100026190818], [-91.0303359617264, 30.4107384167495], [-91.0338627933459, 30.4138471177397], [-91.0440847526083, 30.4227913328499], [-91.0575910980765, 30.4345508949718], [-91.0582031086015, 30.4350905778124], [-91.0584256590266, 30.4352704716871], [-91.058698282444, 30.4357229901163], [-91.0591545080307, 30.4357878999905]]}, "properties": {"OBJECTID_1": 13106, "OBJECTID": 13106, "ID": "115033", "TYPE": "AC; OVERHEAD", "STATUS": "IN SERVICE", "NAICS_CODE": "221121", "NAICS_DESC": "ELECTRIC BULK POWER TRANSMISSION AND CONTROL", "SOURCE": "IMAGERY, EIA 861", "SOURCEDATE": 1405036800000, "VAL_METHOD": "IMAGERY", "VAL_DATE": 1588291200000, "OWNER": "ENTERGY GULF STATES - LA LLC", "VOLTAGE": 230, "VOLT_CLASS": "220-287", "INFERRED": "Y", "SUB_1": "BRIARWOOD", "SUB_2": "HARELSON", "Shape__Len": 7562.182641123395, "Shape__Length": 7562.182653643896}}, {"type": "Feature", "id": 13256, "geometry": {"type": "LineString", "coordinates": [[-91.2045895471656, 30.5622496989439], [-91.203131542832, 30.5625238026919], [-91.2024404500193, 30.5611736926933], [-91.2004959181277, 30.5574043781919], [-91.1972917568666, 30.552103020912], [-91.1973683912452, 30.5517895168002], [-91.1966020501544, 30.5501593012216], [-91.1956754738715, 30.548612685117], [-91.1928539446158, 30.5439171042504], [-91.1910077602816, 30.5412279438206], [-91.1907778571458, 30.5408308399669], [-91.1911261941686, 30.5405452026539], [-91.1920991396899, 30.5401452170893], [-91.1927144811679, 30.5403158066289], [-91.192989591122, 30.540249299127]]}, "properties": {"OBJECTID_1": 13256, "OBJECTID": 13256, "ID": "115208", "TYPE": "AC; OVERHEAD", "STATUS": "IN SERVICE", "NAICS_CODE": "221121", "NAICS_DESC": "ELECTRIC BULK POWER TRANSMISSION AND CONTROL", "SOURCE": "IMAGERY, EIA 861, https://cdn.misoenergy.org/Entergy Louisiana Transferred Facilities 2019390620.xlsx", "SOURCEDATE": 1406246400000, "VAL_METHOD": "IMAGERY", "VAL_DATE": 1587340800000, "OWNER": "ENTERGY GULF STATES - LA LLC", "VOLTAGE": 69, "VOLT_CLASS": "UNDER 100", "INFERRED": "Y", "SUB_1": "UNKNOWN115665", "SUB_2": "BLOUNT", "Shape__Len": 3578.2204512044295, "Shape__Length": 3578.2204214439485}}, {"type": "Feature", "id": 13366, "geometry": {"type": "LineString", "coordinates": [[-90.8708927386796, 30.2876028647077], [-90.8708898317314, 30.2874487780934]]}, "properties": {"OBJECTID_1": 13366, "OBJECTID": 13366, "ID": "115326", "TYPE": "OVERHEAD", "STATUS": "IN SERVICE", "NAICS_CODE": "221121", "NAICS_DESC": "ELECTRIC BULK POWER TRANSMISSION AND CONTROL", "SOURCE": "IMAGERY", "SOURCEDATE": 1405987200000, "VAL_METHOD": "IMAGERY", "VAL_DATE": 1405987200000, "OWNER": "ENTERGY LOUISIANA LLC", "VOLTAGE": -999999, "VOLT_CLASS": "UNDER 100", "INFERRED": "Y", "SUB_1": "TAP142470", "SUB_2": "TAP142471", "Shape__Len": 19.86688545422692, "Shape__Length": 19.86683564236444}}, {"type": "Feature", "id": 14142, "geometry": {"type": "LineString", "coordinates": [[-90.9959388550498, 30.2030008150856], [-90.9917430947506, 30.1978503322406]]}, "properties": {"OBJECTID_1": 14142, "OBJECTID": 14142, "ID": "116226", "TYPE": "AC; OVERHEAD", "STATUS": "NOT AVAILABLE", "NAICS_CODE": "221121", "NAICS_DESC": "ELECTRIC BULK POWER TRANSMISSION AND CONTROL", "SOURCE": "IMAGERY, EIA 860", "SOURCEDATE": 1402444800000, "VAL_METHOD": "IMAGERY", "VAL_DATE": 1490054400000, "OWNER": "ENTERGY LOUISIANA LLC", "VOLTAGE": 230, "VOLT_CLASS": "220-287", "INFERRED": "Y", "SUB_1": "UNKNOWN111880", "SUB_2": "NOT AVAILABLE", "Shape__Len": 811.3205961185593, "Shape__Length": 811.3205989610374}}, {"type": "Feature", "id": 14285, "geometry": {"type": "LineString", "coordinates": [[-91.1816138015727, 30.2456500693092], [-91.1807917649343, 30.245942929001], [-91.1805251656192, 30.2458559020021], [-91.1696629267482, 30.2493656067394], [-91.1675214122811, 30.2552547728954], [-91.1681519694234, 30.2567895248835]]}, "properties": {"OBJECTID_1": 14285, "OBJECTID": 14285, "ID": "116404", "TYPE": "AC; OVERHEAD", "STATUS": "IN SERVICE", "NAICS_CODE": "221121", "NAICS_DESC": "ELECTRIC BULK POWER TRANSMISSION AND CONTROL", "SOURCE": "IMAGERY, EIA 860", "SOURCEDATE": 1489536000000, "VAL_METHOD": "IMAGERY", "VAL_DATE": 1489536000000, "OWNER": "ENTERGY LOUISIANA LLC", "VOLTAGE": 230, "VOLT_CLASS": "220-287", "INFERRED": "Y", "SUB_1": "UNKNOWN112493", "SUB_2": "UNKNOWN149836", "Shape__Len": 2427.0755317307676, "Shape__Length": 2427.0754920883637}}, {"type": "Feature", "id": 14367, "geometry": {"type": "LineString", "coordinates": [[-91.1760320063671, 30.3849442391252], [-91.1760793493792, 30.3853143133437], [-91.1759588412822, 30.3855112000679], [-91.1761082032661, 30.3860797959012], [-91.1757151463119, 30.3876989011117], [-91.1753010571019, 30.3907994368565], [-91.1751128339987, 30.3918432146486], [-91.1755543011636, 30.392585837817], [-91.1753695006417, 30.39330792769], [-91.1760607910838, 30.3942558842049], [-91.1794446333679, 30.3988763199881], [-91.173603056162, 30.4043728746295], [-91.1734483914229, 30.4048249731074], [-91.1728933906808, 30.405387180139]]}, "properties": {"OBJECTID_1": 14367, "OBJECTID": 14367, "ID": "116499", "TYPE": "OVERHEAD", "STATUS": "IN SERVICE", "NAICS_CODE": "221121", "NAICS_DESC": "ELECTRIC BULK POWER TRANSMISSION AND CONTROL", "SOURCE": "IMAGERY, EIA 861", "SOURCEDATE": 1406678400000, "VAL_METHOD": "IMAGERY", "VAL_DATE": 1406678400000, "OWNER": "ENTERGY GULF STATES - LA LLC", "VOLTAGE": -999999, "VOLT_CLASS": "NOT AVAILABLE", "INFERRED": "N", "SUB_1": "TAP143281", "SUB_2": "TIGER", "Shape__Len": 3076.0707630760903, "Shape__Length": 3076.0709031038596}}, {"type": "Feature", "id": 15075, "geometry": {"type": "LineString", "coordinates": [[-91.1852250694391, 30.2579716816805], [-91.1849813816553, 30.2582705879443], [-91.1844218543025, 30.2580263500717], [-91.184159852565, 30.2587857103159], [-91.1830513476741, 30.2617360307665], [-91.1847210121567, 30.2621872923485], [-91.1852256030383, 30.2623513873783]]}, "properties": {"OBJECTID_1": 15075, "OBJECTID": 15075, "ID": "117318", "TYPE": "OVERHEAD", "STATUS": "IN SERVICE", "NAICS_CODE": "221121", "NAICS_DESC": "ELECTRIC BULK POWER TRANSMISSION AND CONTROL", "SOURCE": "IMAGERY", "SOURCEDATE": 1402444800000, "VAL_METHOD": "IMAGERY", "VAL_DATE": 1406246400000, "OWNER": "ENTERGY LOUISIANA LLC", "VOLTAGE": -999999, "VOLT_CLASS": "100-161", "INFERRED": "Y", "SUB_1": "AXIALL PLAQUEMINE", "SUB_2": "UNKNOWN115653", "Shape__Len": 873.5540861724894, "Shape__Length": 873.5541377006671}}, {"type": "Feature", "id": 15311, "geometry": {"type": "LineString", "coordinates": [[-91.1103018440401, 30.2769478732637], [-91.1097432697998, 30.2778600122317], [-91.1081444823931, 30.2805767927831], [-91.1086021057584, 30.2832761969316], [-91.1060359351987, 30.2867518240668], [-91.1057347139142, 30.2873716439384], [-91.1056652013792, 30.288524392896], [-91.1045066594287, 30.2900594617444], [-91.1036904510598, 30.2911402573303], [-91.0989215197953, 30.2974635082301], [-91.0206407736483, 30.3460234640514], [-91.0142572868488, 30.350252360894], [-91.0014320494189, 30.3589417361917], [-90.9993509700109, 30.3600228122235], [-90.9947069890125, 30.3623886470448], [-90.9880218793816, 30.3657667782519], [-90.9863901570417, 30.3666255483683], [-90.9858042273044, 30.3668954713461], [-90.9834967140543, 30.368047582333], [-90.9759642703283, 30.3711537629948], [-90.9735684814319, 30.3719065382073], [-90.9712839731379, 30.3728818731488], [-90.9690583781569, 30.3739728509106], [-90.9664705779617, 30.3756005902826], [-90.964308259411, 30.376903217806], [-90.9621481219697, 30.3782625767909], [-90.9600447158337, 30.3795608406249], [-90.957974039815, 30.3808525589422], [-90.9000853102306, 30.4167139496595], [-90.8958702577124, 30.4842276109874], [-90.8958173963495, 30.4870773176315], [-90.8962458343495, 30.4877032778311]]}, "properties": {"OBJECTID_1": 15311, "OBJECTID": 15311, "ID": "117590", "TYPE": "AC; OVERHEAD", "STATUS": "IN SERVICE", "NAICS_CODE": "221121", "NAICS_DESC": "ELECTRIC BULK POWER TRANSMISSION AND CONTROL", "SOURCE": "IMAGERY, EIA 860", "SOURCEDATE": 1402876800000, "VAL_METHOD": "IMAGERY", "VAL_DATE": 1489536000000, "OWNER": "ENTERGY LOUISIANA LLC", "VOLTAGE": 230, "VOLT_CLASS": "220-287", "INFERRED": "Y", "SUB_1": "COLY", "SUB_2": "WILLOW GLEN (230KV)", "Shape__Len": 39207.17403959157, "Shape__Length": 39207.173967910756}}, {"type": "Feature", "id": 15489, "geometry": {"type": "LineString", "coordinates": [[-91.188104219332, 30.4410591081234], [-91.1879976369185, 30.4408235247478], [-91.1875044905736, 30.4408316901442], [-91.1874428526704, 30.439478831939], [-91.1824693687274, 30.4396188707489], [-91.1824574274223, 30.439347852218], [-91.1824504196648, 30.4388857863037], [-91.1824122412652, 30.4381423396475], [-91.1801284004195, 30.4382165992951], [-91.180097863988, 30.4373441300606], [-91.1765032913112, 30.4374357401617], [-91.1765469152981, 30.4383125713638], [-91.1731792022648, 30.4383787551232]]}, "properties": {"OBJECTID_1": 15489, "OBJECTID": 15489, "ID": "117790", "TYPE": "OVERHEAD", "STATUS": "IN SERVICE", "NAICS_CODE": "221121", "NAICS_DESC": "ELECTRIC BULK POWER TRANSMISSION AND CONTROL", "SOURCE": "IMAGERY, EIA 861", "SOURCEDATE": 1405987200000, "VAL_METHOD": "IMAGERY", "VAL_DATE": 1553558400000, "OWNER": "ENTERGY GULF STATES - LA LLC", "VOLTAGE": -999999, "VOLT_CLASS": "UNDER 100", "INFERRED": "Y", "SUB_1": "TAP143275", "SUB_2": "BEAUREGARD", "Shape__Len": 2262.8187650693985, "Shape__Length": 2262.818904646283}}, {"type": "Feature", "id": 15523, "geometry": {"type": "LineString", "coordinates": [[-91.2654982564283, 30.3272840880332], [-91.2655066538796, 30.32748564231], [-91.2655928660957, 30.3278249070759]]}, "properties": {"OBJECTID_1": 15523, "OBJECTID": 15523, "ID": "117831", "TYPE": "AC; OVERHEAD", "STATUS": "IN SERVICE", "NAICS_CODE": "221121", "NAICS_DESC": "ELECTRIC BULK POWER TRANSMISSION AND CONTROL", "SOURCE": "IMAGERY, EIA 861", "SOURCEDATE": 1406073600000, "VAL_METHOD": "IMAGERY", "VAL_DATE": 1489536000000, "OWNER": "ENTERGY GULF STATES - LA LLC", "VOLTAGE": 230, "VOLT_CLASS": "220-287", "INFERRED": "Y", "SUB_1": "UNKNOWN112485", "SUB_2": "TAP143259", "Shape__Len": 70.80554329703867, "Shape__Length": 70.80555243590791}}, {"type": "Feature", "id": 16407, "geometry": {"type": "LineString", "coordinates": [[-91.0061323673621, 30.5914673418239], [-91.0058300591161, 30.5917258169007], [-91.0059314420808, 30.5907614352492], [-91.0042499557691, 30.5905487767763], [-91.0023731218156, 30.5896833063245], [-91.0015941980226, 30.589737707194], [-90.9948999597119, 30.5902067486176], [-90.9815224317571, 30.5877225718581], [-90.978112473651, 30.5869047986688], [-90.9537913886307, 30.5852243603504], [-90.9490381787819, 30.585271949866], [-90.9490716562976, 30.58426764203], [-90.9495202471027, 30.5842810332408], [-90.9497311517685, 30.58424420818]]}, "properties": {"OBJECTID_1": 16407, "OBJECTID": 16407, "ID": "118846", "TYPE": "OVERHEAD", "STATUS": "IN SERVICE", "NAICS_CODE": "221121", "NAICS_DESC": "ELECTRIC BULK POWER TRANSMISSION AND CONTROL", "SOURCE": "IMAGERY", "SOURCEDATE": 1404777600000, "VAL_METHOD": "IMAGERY", "VAL_DATE": 1404864000000, "OWNER": "ENTERGY LOUISIANA LLC", "VOLTAGE": -999999, "VOLT_CLASS": "UNDER 100", "INFERRED": "Y", "SUB_1": "UNKNOWN112434", "SUB_2": "UNKNOWN114246", "Shape__Len": 6800.123858136313, "Shape__Length": 6800.123757508116}}, {"type": "Feature", "id": 16547, "geometry": {"type": "LineString", "coordinates": [[-91.1576818361908, 30.6502563581814], [-91.1588370642563, 30.6504134028317], [-91.1602376940911, 30.6423009982085]]}, "properties": {"OBJECTID_1": 16547, "OBJECTID": 16547, "ID": "119015", "TYPE": "AC; OVERHEAD", "STATUS": "IN SERVICE", "NAICS_CODE": "221121", "NAICS_DESC": "ELECTRIC BULK POWER TRANSMISSION AND CONTROL", "SOURCE": "IMAGERY, EIA 861", "SOURCEDATE": 1404777600000, "VAL_METHOD": "IMAGERY", "VAL_DATE": 1589760000000, "OWNER": "ENTERGY GULF STATES - LA LLC", "VOLTAGE": 69, "VOLT_CLASS": "UNDER 100", "INFERRED": "Y", "SUB_1": "TAP142949", "SUB_2": "TAP142955", "Shape__Len": 1191.3890905734102, "Shape__Length": 1191.3890397807697}}, {"type": "Feature", "id": 17225, "geometry": {"type": "LineString", "coordinates": [[-91.1588127118272, 30.3954874197823], [-91.1586705534335, 30.3953002929831], [-91.1597944320922, 30.3939990690981], [-91.1589297641054, 30.3933134478089], [-91.1602442338263, 30.3922260628294], [-91.16999140202, 30.3937326807093], [-91.1743846147137, 30.3921911262197], [-91.1750003640268, 30.391776260095], [-91.175847564273, 30.3860380083513], [-91.1755502731179, 30.3852534359366], [-91.1758611791394, 30.385227812224], [-91.1760320063671, 30.3849442391252]]}, "properties": {"OBJECTID_1": 17225, "OBJECTID": 17225, "ID": "119788", "TYPE": "OVERHEAD", "STATUS": "IN SERVICE", "NAICS_CODE": "221121", "NAICS_DESC": "ELECTRIC BULK POWER TRANSMISSION AND CONTROL", "SOURCE": "IMAGERY, EIA 861", "SOURCEDATE": 1406592000000, "VAL_METHOD": "IMAGERY", "VAL_DATE": 1406592000000, "OWNER": "ENTERGY GULF STATES - LA LLC", "VOLTAGE": -999999, "VOLT_CLASS": "NOT AVAILABLE", "INFERRED": "N", "SUB_1": "TIGER", "SUB_2": "HIGHLAND", "Shape__Len": 3218.072481182939, "Shape__Length": 3218.0724360464537}}, {"type": "Feature", "id": 17426, "geometry": {"type": "LineString", "coordinates": [[-90.9748593146811, 30.1844022822035], [-90.9747165472296, 30.1841905102334], [-90.9757944429256, 30.1835623317011], [-90.9763940665811, 30.1831958947036], [-90.9764334011124, 30.183043796101]]}, "properties": {"OBJECTID_1": 17426, "OBJECTID": 17426, "ID": "120014", "TYPE": "OVERHEAD", "STATUS": "IN SERVICE", "NAICS_CODE": "221121", "NAICS_DESC": "ELECTRIC BULK POWER TRANSMISSION AND CONTROL", "SOURCE": "IMAGERY", "SOURCEDATE": 1406592000000, "VAL_METHOD": "IMAGERY", "VAL_DATE": 1406592000000, "OWNER": "ENTERGY LOUISIANA LLC", "VOLTAGE": -999999, "VOLT_CLASS": "NOT AVAILABLE", "INFERRED": "N", "SUB_1": "UNKNOWN112510", "SUB_2": "UNKNOWN115761", "Shape__Len": 278.09530023428874, "Shape__Length": 278.09520787987}}, {"type": "Feature", "id": 17531, "geometry": {"type": "LineString", "coordinates": [[-91.1585855719093, 30.4481748679513], [-91.1584275178267, 30.4441894858804], [-91.1582104273618, 30.4440052877491], [-91.1721173971923, 30.4436697841943], [-91.1720450334045, 30.4422882966893], [-91.171966091254, 30.4399002969312], [-91.1727620911222, 30.4397753061599], [-91.1732160080387, 30.4397424126429], [-91.1731792022648, 30.4383787551232]]}, "properties": {"OBJECTID_1": 17531, "OBJECTID": 17531, "ID": "120138", "TYPE": "OVERHEAD", "STATUS": "IN SERVICE", "NAICS_CODE": "221121", "NAICS_DESC": "ELECTRIC BULK POWER TRANSMISSION AND CONTROL", "SOURCE": "IMAGERY, EIA 861", "SOURCEDATE": 1405900800000, "VAL_METHOD": "IMAGERY", "VAL_DATE": 1405987200000, "OWNER": "ENTERGY GULF STATES - LA LLC", "VOLTAGE": -999999, "VOLT_CLASS": "UNDER 100", "INFERRED": "Y", "SUB_1": "TAP143273", "SUB_2": "TAP143275", "Shape__Len": 2901.4575666946766, "Shape__Length": 2901.4574724698646}}, {"type": "Feature", "id": 19450, "geometry": {"type": "LineString", "coordinates": [[-91.1103018440401, 30.2769478732637], [-91.1094360980749, 30.2770439641137], [-91.109086409986, 30.2774946192709], [-91.1066041133277, 30.2796075263197], [-91.1060303279147, 30.2784377933485], [-91.1054894136545, 30.2772833572504], [-91.1048037295982, 30.2758265847771], [-91.1040783400062, 30.274285072838], [-91.1033602267681, 30.2727592857708], [-91.1026242370558, 30.2711952266152], [-91.1019153755668, 30.2696889427159], [-91.1012078633474, 30.2681857391161], [-91.100488851794, 30.2666577616325], [-91.099796430373, 30.2651863233455], [-91.0990950257991, 30.2636958529661], [-91.098402245052, 30.262223671206], [-91.0977000319944, 30.2607314488508], [-91.0970129106336, 30.2592712486864], [-91.096307013585, 30.2577777407489], [-91.0956397458903, 30.2563657613198], [-91.0950442652649, 30.2551058623374], [-91.0956979630089, 30.2549790958259]]}, "properties": {"OBJECTID_1": 19450, "OBJECTID": 19450, "ID": "122339", "TYPE": "AC; OVERHEAD", "STATUS": "IN SERVICE", "NAICS_CODE": "221121", "NAICS_DESC": "ELECTRIC BULK POWER TRANSMISSION AND CONTROL", "SOURCE": "IMAGERY, OpenStreetMap", "SOURCEDATE": 1406160000000, "VAL_METHOD": "IMAGERY", "VAL_DATE": 1489536000000, "OWNER": "ENTERGY LOUISIANA LLC", "VOLTAGE": 230, "VOLT_CLASS": "220-287", "INFERRED": "Y", "SUB_1": "UNKNOWN115481", "SUB_2": "WILLOW GLEN (230KV)", "Shape__Len": 4039.80629949918, "Shape__Length": 4039.8062805669933}}, {"type": "Feature", "id": 19620, "geometry": {"type": "LineString", "coordinates": [[-91.1612754171275, 30.6421257398032], [-91.1613111089903, 30.6418901730241], [-91.1606186857727, 30.6419401422277], [-91.1596621425902, 30.64184734292], [-91.1597263883027, 30.6412477186989], [-91.1580774219025, 30.6410692586215], [-91.1597263883027, 30.632396124055], [-91.1613253859152, 30.6241584301009], [-91.1605401640337, 30.6240370767202], [-91.1589982732222, 30.6234445923671], [-91.1465417951147, 30.6234874221148], [-91.1357342834074, 30.6217313799619], [-91.1225711042592, 30.6056914330586], [-91.1220357263162, 30.6050632548229], [-91.1159453732687, 30.6051589942286], [-91.1158661265893, 30.5956088050947], [-91.1162649094051, 30.5955887546484]]}, "properties": {"OBJECTID_1": 19620, "OBJECTID": 19620, "ID": "122530", "TYPE": "OVERHEAD", "STATUS": "IN SERVICE", "NAICS_CODE": "221121", "NAICS_DESC": "ELECTRIC BULK POWER TRANSMISSION AND CONTROL", "SOURCE": "IMAGERY, EIA 861", "SOURCEDATE": 1404777600000, "VAL_METHOD": "IMAGERY", "VAL_DATE": 1404777600000, "OWNER": "ENTERGY GULF STATES - LA LLC", "VOLTAGE": -999999, "VOLT_CLASS": "UNDER 100", "INFERRED": "Y", "SUB_1": "UNKNOWN114243", "SUB_2": "UNKNOWN114244", "Shape__Len": 10181.935867507029, "Shape__Length": 10181.935972468187}}, {"type": "Feature", "id": 19758, "geometry": {"type": "LineString", "coordinates": [[-91.3033344086599, 30.3121406482285], [-91.3048941687591, 30.3121406482285], [-91.3070759484122, 30.3105808882407]]}, "properties": {"OBJECTID_1": 19758, "OBJECTID": 19758, "ID": "122684", "TYPE": "AC; OVERHEAD", "STATUS": "IN SERVICE", "NAICS_CODE": "221121", "NAICS_DESC": "ELECTRIC BULK POWER TRANSMISSION AND CONTROL", "SOURCE": "IMAGERY, EIA 860", "SOURCEDATE": 1406160000000, "VAL_METHOD": "IMAGERY", "VAL_DATE": 1553644800000, "OWNER": "ENTERGY LOUISIANA LLC", "VOLTAGE": 69, "VOLT_CLASS": "UNDER 100", "INFERRED": "Y", "SUB_1": "UNKNOWN115471", "SUB_2": "TAP143262", "Shape__Len": 488.9726883216982, "Shape__Length": 488.97275434406106}}, {"type": "Feature", "id": 19940, "geometry": {"type": "LineString", "coordinates": [[-91.0049200774114, 30.3878533166656], [-91.0048639632489, 30.3879831318592], [-91.0046254003538, 30.3881301257146], [-91.005389283654, 30.3887687036717], [-91.0123972693575, 30.3946706793604], [-91.0177230276392, 30.3995259772576], [-91.0287018624442, 30.4091590500756], [-91.029166459431, 30.409571319829], [-91.0298700001986, 30.4099150001965], [-91.0352953160683, 30.3818643816413], [-91.0450918916026, 30.3664019323257], [-91.0462914353577, 30.3645230348113], [-91.0476792659963, 30.362432983956], [-91.0539609027071, 30.366061731658], [-91.0544902628361, 30.3667472968959], [-91.078336987979, 30.3804304111554]]}, "properties": {"OBJECTID_1": 19940, "OBJECTID": 19940, "ID": "122891", "TYPE": "OVERHEAD", "STATUS": "IN SERVICE", "NAICS_CODE": "221121", "NAICS_DESC": "ELECTRIC BULK POWER TRANSMISSION AND CONTROL", "SOURCE": "IMAGERY", "SOURCEDATE": 1405900800000, "VAL_METHOD": "IMAGERY", "VAL_DATE": 1553644800000, "OWNER": "ENTERGY GULF STATES - LA LLC", "VOLTAGE": -999999, "VOLT_CLASS": "UNDER 100", "INFERRED": "Y", "SUB_1": "UNKNOWN115461", "SUB_2": "TAP143252", "Shape__Len": 14696.86587145335, "Shape__Length": 14696.86594324714}}, {"type": "Feature", "id": 20335, "geometry": {"type": "LineString", "coordinates": [[-91.1981971993842, 30.551673703838], [-91.1986311180058, 30.5526251002954], [-91.1994187437789, 30.5540516239975], [-91.2004499189952, 30.5560589598236]]}, "properties": {"OBJECTID_1": 20335, "OBJECTID": 20335, "ID": "123353", "TYPE": "OVERHEAD", "STATUS": "NOT AVAILABLE", "NAICS_CODE": "221121", "NAICS_DESC": "ELECTRIC BULK POWER TRANSMISSION AND CONTROL", "SOURCE": "IMAGERY, EIA 861", "SOURCEDATE": 1406246400000, "VAL_METHOD": "IMAGERY", "VAL_DATE": 1566518400000, "OWNER": "ENTERGY GULF STATES - LA LLC", "VOLTAGE": -999999, "VOLT_CLASS": "UNDER 100", "INFERRED": "Y", "SUB_1": "TAP142962", "SUB_2": "DEADEND167023", "Shape__Len": 620.0590885888598, "Shape__Length": 620.0590717891068}}, {"type": "Feature", "id": 20756, "geometry": {"type": "LineString", "coordinates": [[-91.1852250694391, 30.2579716816805], [-91.18506575502, 30.2580707567206], [-91.1847371441026, 30.2579552986157], [-91.1853277567575, 30.256307798886], [-91.1862604595507, 30.2538195201085], [-91.1900508002807, 30.243463160148], [-91.1910654599705, 30.2430485159102], [-91.1904703233999, 30.2416582369086], [-91.1890507750452, 30.242131418935], [-91.174389989334, 30.2468129557352], [-91.1727710608003, 30.2465319586125], [-91.1711924648263, 30.2469929646932], [-91.1712623151278, 30.2479918111535], [-91.1714998027395, 30.2480511830758], [-91.1719432309267, 30.2478814559061]]}, "properties": {"OBJECTID_1": 20756, "OBJECTID": 20756, "ID": "123850", "TYPE": "OVERHEAD", "STATUS": "IN SERVICE", "NAICS_CODE": "221121", "NAICS_DESC": "ELECTRIC BULK POWER TRANSMISSION AND CONTROL", "SOURCE": "IMAGERY", "SOURCEDATE": 1402444800000, "VAL_METHOD": "IMAGERY", "VAL_DATE": 1406160000000, "OWNER": "ENTERGY LOUISIANA LLC", "VOLTAGE": -999999, "VOLT_CLASS": "NOT AVAILABLE", "INFERRED": "N", "SUB_1": "AXIALL PLAQUEMINE", "SUB_2": "UNKNOWN112496", "Shape__Len": 4825.42784983774, "Shape__Length": 4825.427899184705}}, {"type": "Feature", "id": 20956, "geometry": {"type": "LineString", "coordinates": [[-91.1766287940413, 30.493165948001], [-91.1853284322906, 30.4937197951308], [-91.1861256915968, 30.4937914580064], [-91.1863347106988, 30.4924806088729], [-91.1867587209028, 30.4910383751376], [-91.1870423909032, 30.4907129016422], [-91.1872514100052, 30.490530756891]]}, "properties": {"OBJECTID_1": 20956, "OBJECTID": 20956, "ID": "124081", "TYPE": "OVERHEAD", "STATUS": "IN SERVICE", "NAICS_CODE": "221121", "NAICS_DESC": "ELECTRIC BULK POWER TRANSMISSION AND CONTROL", "SOURCE": "IMAGERY, EIA 861", "SOURCEDATE": 1405036800000, "VAL_METHOD": "IMAGERY", "VAL_DATE": 1405900800000, "OWNER": "ENTERGY GULF STATES - LA LLC", "VOLTAGE": -999999, "VOLT_CLASS": "UNDER 100", "INFERRED": "Y", "SUB_1": "EXXONMOBIL BATON ROUGE TURBINE GENERATOR", "SUB_2": "TAP142975", "Shape__Len": 1509.1242705443162, "Shape__Length": 1509.1242483703143}}, {"type": "Feature", "id": 21044, "geometry": {"type": "LineString", "coordinates": [[-91.2657049111645, 30.696112256074], [-91.2672698967637, 30.6938043987105], [-91.267702951206, 30.6888406789091], [-91.2664220856632, 30.6814217099569], [-91.2660845706446, 30.6806098513081], [-91.2656707679972, 30.6796129619944], [-91.2656456951193, 30.6780341469582], [-91.2649662822019, 30.6770907453327], [-91.2613416303361, 30.671996755704], [-91.2446236074029, 30.6402533966306], [-91.244275475196, 30.6393291551336], [-91.2448772907408, 30.6391761510062], [-91.2451320071413, 30.6387508808072]]}, "properties": {"OBJECTID_1": 21044, "OBJECTID": 21044, "ID": "124181", "TYPE": "AC; OVERHEAD", "STATUS": "IN SERVICE", "NAICS_CODE": "221121", "NAICS_DESC": "ELECTRIC BULK POWER TRANSMISSION AND CONTROL", "SOURCE": "IMAGERY, EIA 861, https://cdn.misoenergy.org/Entergy Louisiana Transferred Facilities 2019390620.xlsx", "SOURCEDATE": 1404777600000, "VAL_METHOD": "IMAGERY", "VAL_DATE": 1587340800000, "OWNER": "ENTERGY LOUISIANA LLC", "VOLTAGE": 69, "VOLT_CLASS": "UNDER 100", "INFERRED": "Y", "SUB_1": "TAP142948", "SUB_2": "PORT HUDSON", "Shape__Len": 8097.798779104737, "Shape__Length": 8097.7987312151345}}, {"type": "Feature", "id": 21171, "geometry": {"type": "LineString", "coordinates": [[-91.15809774392064, 30.16246895044765], [-91.1676615216177, 30.1703573601731], [-91.1923603266554, 30.1965338107267], [-91.2283734692904, 30.234681330067], [-91.2283734692904, 30.2346741913369], [-91.229493059392, 30.2359198227965], [-91.2307086587361, 30.2371860353347], [-91.2319522873138, 30.2384996489654], [-91.2329774438177, 30.2395825178285], [-91.2343037174015, 30.2409835630924], [-91.2356546039258, 30.2424104310717], [-91.2368648142765, 30.2436887431503], [-91.2380814017675, 30.2449737901173], [-91.2392461582632, 30.2462041096424], [-91.2404024687986, 30.2474254911203], [-91.241526711275, 30.2486050298363], [-91.2426125938921, 30.249744201694], [-91.2438087914228, 30.250999293906], [-91.2449420161537, 30.2521882566653], [-91.2460051722924, 30.2533037206521], [-91.2469707713913, 30.2543167449709], [-91.2482126024401, 30.2556194998395], [-91.2496204421534, 30.2570965922087], [-91.2507684890865, 30.258300922198], [-91.2517753208569, 30.2593571131081], [-91.2527872730245, 30.260418724836], [-91.2538227610525, 30.2615051540751], [-91.2541891730771, 30.2618466396882]]}, "properties": {"OBJECTID_1": 21171, "OBJECTID": 21171, "ID": "124331", "TYPE": "OVERHEAD", "STATUS": "IN SERVICE", "NAICS_CODE": "221121", "NAICS_DESC": "ELECTRIC BULK POWER TRANSMISSION AND CONTROL", "SOURCE": "IMAGERY, OpenStreetMap", "SOURCEDATE": 1406073600000, "VAL_METHOD": "IMAGERY", "VAL_DATE": 1406592000000, "OWNER": "ENTERGY LOUISIANA LLC", "VOLTAGE": -999999, "VOLT_CLASS": "NOT AVAILABLE", "INFERRED": "N", "SUB_1": "UNKNOWN112500", "SUB_2": "TAP142473", "Shape__Len": 27500.220916289276, "Shape__Length": 27500.22086692724}}, {"type": "Feature", "id": 21188, "geometry": {"type": "LineString", "coordinates": [[-91.1433831191498, 30.4487136010598], [-91.1438881232564, 30.4486280730331], [-91.1448065949389, 30.448610227225], [-91.1585855719093, 30.4481748679513]]}, "properties": {"OBJECTID_1": 21188, "OBJECTID": 21188, "ID": "124352", "TYPE": "OVERHEAD", "STATUS": "IN SERVICE", "NAICS_CODE": "221121", "NAICS_DESC": "ELECTRIC BULK POWER TRANSMISSION AND CONTROL", "SOURCE": "IMAGERY, EIA 861", "SOURCEDATE": 1405036800000, "VAL_METHOD": "IMAGERY", "VAL_DATE": 1409875200000, "OWNER": "ENTERGY GULF STATES - LA LLC", "VOLTAGE": -999999, "VOLT_CLASS": "UNDER 100", "INFERRED": "Y", "SUB_1": "TAP143270", "SUB_2": "TAP143273", "Shape__Len": 1694.4597055360493, "Shape__Length": 1694.4596799584606}}, {"type": "Feature", "id": 21675, "geometry": {"type": "LineString", "coordinates": [[-91.022333061303, 30.423352254327], [-91.0224857937659, 30.42359176696], [-91.0224337256154, 30.4239284751846], [-91.0163209191774, 30.4240013699319], [-91.0162410814065, 30.427007442258], [-91.0170880570738, 30.4282466653131], [-91.0169978060322, 30.4372405799727], [-91.0173136860254, 30.4406423686361], [-91.017778829188, 30.4456339740521], [-91.0180044572412, 30.4483935890456], [-91.006695242736, 30.4484456567212], [-90.9912423522516, 30.4483769613653], [-90.9887558146469, 30.4484126530637], [-90.9859718457499, 30.4489956212988], [-90.9742292048998, 30.451553541031], [-90.9736343396203, 30.4512799033522], [-90.9725040963978, 30.4504470923382], [-90.9592742927983, 30.4505422702149], [-90.9545867551866, 30.4500187891938], [-90.939750815063, 30.4501258647691], [-90.9398103023995, 30.4480795282306], [-90.9228090532335, 30.4481152200379], [-90.9227733613707, 30.4639862249918], [-90.9227971559459, 30.4737539132937], [-90.9217620901261, 30.4738133991833], [-90.9218028556737, 30.482359897962], [-90.9219843602768, 30.482353075334]]}, "properties": {"OBJECTID_1": 21675, "OBJECTID": 21675, "ID": "124929", "TYPE": "OVERHEAD", "STATUS": "IN SERVICE", "NAICS_CODE": "221121", "NAICS_DESC": "ELECTRIC BULK POWER TRANSMISSION AND CONTROL", "SOURCE": "IMAGERY", "SOURCEDATE": 1404864000000, "VAL_METHOD": "IMAGERY", "VAL_DATE": 1404864000000, "OWNER": "ENTERGY LOUISIANA LLC", "VOLTAGE": -999999, "VOLT_CLASS": "UNDER 100", "INFERRED": "Y", "SUB_1": "JONES CREEK", "SUB_2": "LOCKHART", "Shape__Len": 19461.21819864073, "Shape__Length": 19461.218117252527}}, {"type": "Feature", "id": 21994, "geometry": {"type": "LineString", "coordinates": [[-91.078336987979, 30.3804304111554], [-91.0775178933232, 30.3817884757346], [-91.0725705862876, 30.3899283933189], [-91.0728560259691, 30.3900711130652], [-91.0668562976624, 30.3997211780192], [-91.0714190592811, 30.4087251292495], [-91.071529489179, 30.4086637791208], [-91.0716644592538, 30.4086683810791]]}, "properties": {"OBJECTID_1": 21994, "OBJECTID": 21994, "ID": "125285", "TYPE": "OVERHEAD", "STATUS": "IN SERVICE", "NAICS_CODE": "221121", "NAICS_DESC": "ELECTRIC BULK POWER TRANSMISSION AND CONTROL", "SOURCE": "IMAGERY, EIA 861", "SOURCEDATE": 1405987200000, "VAL_METHOD": "IMAGERY", "VAL_DATE": 1553644800000, "OWNER": "ENTERGY GULF STATES - LA LLC", "VOLTAGE": -999999, "VOLT_CLASS": "UNDER 100", "INFERRED": "Y", "SUB_1": "UNKNOWN115155", "SUB_2": "TAP143252", "Shape__Len": 4131.450359583514, "Shape__Length": 4131.450388523498}}, {"type": "Feature", "id": 22205, "geometry": {"type": "LineString", "coordinates": [[-90.9663332426228, 30.1739287481536], [-90.9662860523243, 30.173252402245], [-90.9645848246358, 30.1733923769132], [-90.9646601959831, 30.1741514680977], [-90.9645079027963, 30.1741789572286], [-90.9570607900393, 30.1748873000261], [-90.960081297927, 30.182199796051], [-90.9595777616675, 30.1823518516944], [-90.9597201581148, 30.1827125866837], [-90.9602428482528, 30.182590900856], [-90.9614666060963, 30.1855535549141], [-90.9597600046859, 30.1861282268568], [-90.9629816498573, 30.1923712510125], [-90.9601779476684, 30.1936250800807], [-90.9733083257323, 30.2043087497807], [-90.9751938913104, 30.2056628372152], [-90.9755828375739, 30.2055101072065], [-90.9775809045648, 30.2043289762149], [-90.9815653838041, 30.2021398212078], [-90.986136642587, 30.199478672741], [-90.9873075480509, 30.2010990159649], [-90.9899864356192, 30.2047063487135], [-90.9929787489834, 30.2074088919955], [-91.0017132247978, 30.2143870110741], [-91.0025115692689, 30.2150493406863], [-91.0027895107127, 30.215297714985], [-91.0030911083913, 30.2150138588143], [-91.0033394817876, 30.2149547231086]]}, "properties": {"OBJECTID_1": 22205, "OBJECTID": 22205, "ID": "125530", "TYPE": "AC; OVERHEAD", "STATUS": "IN SERVICE", "NAICS_CODE": "221121", "NAICS_DESC": "ELECTRIC BULK POWER TRANSMISSION AND CONTROL", "SOURCE": "IMAGERY, OpenStreetMap", "SOURCEDATE": 1403049600000, "VAL_METHOD": "IMAGERY", "VAL_DATE": 1553558400000, "OWNER": "ENTERGY LOUISIANA LLC", "VOLTAGE": 230, "VOLT_CLASS": "220-287", "INFERRED": "Y", "SUB_1": "UNKNOWN112513", "SUB_2": "UNKNOWN115488", "Shape__Len": 10823.04326456442, "Shape__Length": 10823.043515765661}}, {"type": "Feature", "id": 24045, "geometry": {"type": "LineString", "coordinates": [[-91.1857648940427, 30.4910278738871], [-91.1859047275965, 30.4899246007441], [-91.1861983931511, 30.488537375806], [-91.1864784132965, 30.4871478830568], [-91.1866394749387, 30.4856412672893], [-91.1867615622741, 30.4841520773321], [-91.1869540209338, 30.4826441657065], [-91.1869748878995, 30.4815411327307], [-91.1879132680453, 30.4817536212479], [-91.188875974569, 30.4817907631055]]}, "properties": {"OBJECTID_1": 24045, "OBJECTID": 24045, "ID": "127594", "TYPE": "AC; OVERHEAD", "STATUS": "IN SERVICE", "NAICS_CODE": "221121", "NAICS_DESC": "ELECTRIC BULK POWER TRANSMISSION AND CONTROL", "SOURCE": "IMAGERY, OpenStreetMap, EIA 861, EIA 860", "SOURCEDATE": 1405036800000, "VAL_METHOD": "IMAGERY", "VAL_DATE": 1588204800000, "OWNER": "ENTERGY GULF STATES - LA LLC", "VOLTAGE": 230, "VOLT_CLASS": "220-287", "INFERRED": "Y", "SUB_1": "TAP142973", "SUB_2": "EXXON", "Shape__Len": 1449.751056967974, "Shape__Length": 1449.7510594354007}}, {"type": "Feature", "id": 24903, "geometry": {"type": "LineString", "coordinates": [[-91.1103018440401, 30.2769478732637], [-91.110359184403, 30.2762990832067], [-91.1112582012714, 30.2749262159628], [-91.1143252445858, 30.2744393841611], [-91.1150327738732, 30.27491323373], [-91.1159450858078, 30.2743104090663]]}, "properties": {"OBJECTID_1": 24903, "OBJECTID": 24903, "ID": "128573", "TYPE": "AC; OVERHEAD", "STATUS": "NOT AVAILABLE", "NAICS_CODE": "221121", "NAICS_DESC": "ELECTRIC BULK POWER TRANSMISSION AND CONTROL", "SOURCE": "IMAGERY, EIA 860", "SOURCEDATE": 1402876800000, "VAL_METHOD": "IMAGERY", "VAL_DATE": 1494892800000, "OWNER": "ENTERGY LOUISIANA LLC", "VOLTAGE": 230, "VOLT_CLASS": "220-287", "INFERRED": "Y", "SUB_1": "WILLOW GLEN (230KV)", "SUB_2": "NOT AVAILABLE", "Shape__Len": 861.8593547236711, "Shape__Length": 861.8592646969166}}, {"type": "Feature", "id": 24969, "geometry": {"type": "LineString", "coordinates": [[-91.1719432309267, 30.2478814559061], [-91.1711206597907, 30.2480558026753], [-91.162192589846, 30.2511427640322], [-91.1300327562492, 30.2505271726837], [-91.1275594912528, 30.2567300426266], [-91.1257791875648, 30.2582712273117], [-91.1235783043389, 30.2614961357221], [-91.1162401176999, 30.2695288687264], [-91.1127868554072, 30.2727581903175], [-91.1117158237384, 30.2739817621914], [-91.110359184403, 30.2754487497952], [-91.1101027863563, 30.2761335599858], [-91.1103018440401, 30.2769478732637]]}, "properties": {"OBJECTID_1": 24969, "OBJECTID": 24969, "ID": "128646", "TYPE": "AC; OVERHEAD", "STATUS": "IN SERVICE", "NAICS_CODE": "221121", "NAICS_DESC": "ELECTRIC BULK POWER TRANSMISSION AND CONTROL", "SOURCE": "IMAGERY, OpenStreetMap", "SOURCEDATE": 1406592000000, "VAL_METHOD": "IMAGERY", "VAL_DATE": 1489536000000, "OWNER": "ENTERGY LOUISIANA LLC", "VOLTAGE": 230, "VOLT_CLASS": "220-287", "INFERRED": "Y", "SUB_1": "UNKNOWN112496", "SUB_2": "WILLOW GLEN (230KV)", "Shape__Len": 8879.339896844227, "Shape__Length": 8879.339917896481}}, {"type": "Feature", "id": 26273, "geometry": {"type": "MultiLineString", "coordinates": [[[-90.8535679998917, 30.496654999999], [-90.8537887923138, 30.4969377243509], [-90.8573018707264, 30.4965227936618], [-90.8670278422726, 30.4952890668887], [-90.8669780513514, 30.4949073307218], [-90.8802392304089, 30.4932586729107], [-90.8803000858795, 30.4936127481284], [-90.8941034422284, 30.4918921688385], [-90.8948945759227, 30.4913499929995], [-90.8964602469365, 30.490381821864], [-90.8967423996824, 30.488511868241], [-90.8963772605705, 30.4883403641215], [-90.8964049232914, 30.4881633271442], [-90.89644832368279, 30.48756030663609]], [[-90.89644832368279, 30.48756030663609], [-90.8964504687746, 30.4875305019658], [-90.8964824173577, 30.4870251459715], [-90.8969993888205, 30.4870048160859], [-90.8969964845672, 30.4871732678947], [-90.89644832368279, 30.48756030663609]], [[-90.89644832368279, 30.48756030663609], [-90.8962458343495, 30.4877032778311]]]}, "properties": {"OBJECTID_1": 26273, "OBJECTID": 26273, "ID": "130104", "TYPE": "OVERHEAD", "STATUS": "IN SERVICE", "NAICS_CODE": "221121", "NAICS_DESC": "ELECTRIC BULK POWER TRANSMISSION AND CONTROL", "SOURCE": "IMAGERY", "SOURCEDATE": 1404777600000, "VAL_METHOD": "IMAGERY", "VAL_DATE": 1553644800000, "OWNER": "ENTERGY LOUISIANA LLC", "VOLTAGE": -999999, "VOLT_CLASS": "NOT AVAILABLE", "INFERRED": "N", "SUB_1": "COLY", "SUB_2": "TAP161986", "Shape__Len": 5647.773903187113, "Shape__Length": 5647.773867648509}}, {"type": "Feature", "id": 26316, "geometry": {"type": "LineString", "coordinates": [[-91.3012759434409, 30.8465988506356], [-91.3020963810781, 30.8466597648873], [-91.3028425801436, 30.8465664900682], [-91.303704896341, 30.8463152188646], [-91.304480600572, 30.8458659770132], [-91.314902639801, 30.8373284711623], [-91.3186931206682, 30.83370217165], [-91.3197781552757, 30.8330097487226], [-91.3254317546186, 30.8306469437462], [-91.331506519201, 30.8292406830847], [-91.3331269317515, 30.8282413093613], [-91.3339621233189, 30.826977815933], [-91.3342619351467, 30.8259356116631], [-91.335596811896, 30.8215669209723], [-91.3359109006485, 30.8209958512006], [-91.3414360103631, 30.8155421261743], [-91.3459902981737, 30.8104381821617], [-91.3490241110091, 30.8066691163317], [-91.3577472150503, 30.8078612258656], [-91.3585966817459, 30.8077327350866], [-91.3594532882513, 30.807775564851], [-91.3627226681003, 30.8049915958576], [-91.3669842820964, 30.8037852087817], [-91.3674911079864, 30.8032569692401], [-91.3678408877036, 30.8026502061798], [-91.3789410741237, 30.8042563421492], [-91.3845803956435, 30.8018649841545], [-91.3858438895653, 30.8015723097331], [-91.3854013111844, 30.8004944150862], [-91.3855797696004, 30.7997377461853], [-91.3836666832354, 30.7935987368425], [-91.3824959888756, 30.7889587877824], [-91.3827634945908, 30.7888918971042]]}, "properties": {"OBJECTID_1": 26316, "OBJECTID": 26316, "ID": "130156", "TYPE": "AC; OVERHEAD", "STATUS": "IN SERVICE", "NAICS_CODE": "221121", "NAICS_DESC": "ELECTRIC BULK POWER TRANSMISSION AND CONTROL", "SOURCE": "IMAGERY, EIA 861, https://cdn.misoenergy.org/Entergy Louisiana Transferred Facilities 2019390620.xlsx", "SOURCEDATE": 1404864000000, "VAL_METHOD": "IMAGERY", "VAL_DATE": 1587427200000, "OWNER": "ENTERGY GULF STATES - LA LLC", "VOLTAGE": 69, "VOLT_CLASS": "UNDER 100", "INFERRED": "Y", "SUB_1": "TAP143378", "SUB_2": "FRANCIS", "Shape__Len": 13928.677197000645, "Shape__Length": 13928.677016665551}}, {"type": "Feature", "id": 26456, "geometry": {"type": "LineString", "coordinates": [[-91.1103018440401, 30.2769478732637], [-91.1110667136905, 30.2766236378075], [-91.1111932899073, 30.2764516241191], [-91.1116833676071, 30.2763023291071], [-91.1130140429358, 30.2771072253136], [-91.1127122072037, 30.2774901996557], [-91.1129004491715, 30.2784054436538]]}, "properties": {"OBJECTID_1": 26456, "OBJECTID": 26456, "ID": "130320", "TYPE": "AC; OVERHEAD", "STATUS": "IN SERVICE", "NAICS_CODE": "221121", "NAICS_DESC": "ELECTRIC BULK POWER TRANSMISSION AND CONTROL", "SOURCE": "IMAGERY, EIA 860", "SOURCEDATE": 1402876800000, "VAL_METHOD": "IMAGERY", "VAL_DATE": 1494892800000, "OWNER": "ENTERGY LOUISIANA LLC", "VOLTAGE": 230, "VOLT_CLASS": "220-287", "INFERRED": "Y", "SUB_1": "WILLOW GLEN (230KV)", "SUB_2": "WILLOW GLEN (500KV)", "Shape__Len": 539.3621748777122, "Shape__Length": 539.3620713905764}}, {"type": "Feature", "id": 27042, "geometry": {"type": "LineString", "coordinates": [[-91.1692931397531, 30.4678555048019], [-91.1695078838183, 30.4681085367852], [-91.1695977773305, 30.4697465843809], [-91.1751361749248, 30.4695967627725], [-91.18672651091, 30.4692171587974], [-91.1878615134069, 30.4689744536967], [-91.1886253203502, 30.4683248609137], [-91.1895174920561, 30.466511668882], [-91.1902186082708, 30.4584798131457], [-91.1899262704262, 30.4584649480467], [-91.1894728978888, 30.4584500837198], [-91.1893886655595, 30.4583534632168]]}, "properties": {"OBJECTID_1": 27042, "OBJECTID": 27042, "ID": "131017", "TYPE": "OVERHEAD", "STATUS": "IN SERVICE", "NAICS_CODE": "221121", "NAICS_DESC": "ELECTRIC BULK POWER TRANSMISSION AND CONTROL", "SOURCE": "IMAGERY, EIA 861", "SOURCEDATE": 1405036800000, "VAL_METHOD": "IMAGERY", "VAL_DATE": 1405900800000, "OWNER": "ENTERGY GULF STATES - LA LLC", "VOLTAGE": -999999, "VOLT_CLASS": "UNDER 100", "INFERRED": "Y", "SUB_1": "NORTHDALE", "SUB_2": "CAPITOL", "Shape__Len": 3803.2176005122938, "Shape__Length": 3803.2176451968926}}, {"type": "Feature", "id": 27620, "geometry": {"type": "LineString", "coordinates": [[-90.7106431159687, 30.431385226317], [-90.7106407318399, 30.4316497630146], [-90.7102260533351, 30.4316402297543]]}, "properties": {"OBJECTID_1": 27620, "OBJECTID": 27620, "ID": "131687", "TYPE": "OVERHEAD", "STATUS": "IN SERVICE", "NAICS_CODE": "221121", "NAICS_DESC": "ELECTRIC BULK POWER TRANSMISSION AND CONTROL", "SOURCE": "IMAGERY", "SOURCEDATE": 1405987200000, "VAL_METHOD": "IMAGERY", "VAL_DATE": 1405987200000, "OWNER": "ENTERGY LOUISIANA LLC", "VOLTAGE": -999999, "VOLT_CLASS": "UNDER 100", "INFERRED": "Y", "SUB_1": "UNKNOWN114559", "SUB_2": "TAP143276", "Shape__Len": 80.33252965412325, "Shape__Length": 80.3324365122532}}, {"type": "Feature", "id": 28078, "geometry": {"type": "LineString", "coordinates": [[-91.2430098118428, 30.2362428787003], [-91.2426885850769, 30.2367187713329], [-91.2409753729643, 30.2381940368911], [-91.2393097500022, 30.2391339237949], [-91.2389934298344, 30.2403834799936], [-91.2387598166566, 30.2437684912065], [-91.2386812410187, 30.245436339277], [-91.2451058392171, 30.252206059958], [-91.2518087813046, 30.2592516442039], [-91.2538289432583, 30.260964856052], [-91.254443884986, 30.2615273061817]]}, "properties": {"OBJECTID_1": 28078, "OBJECTID": 28078, "ID": "132208", "TYPE": "AC; OVERHEAD", "STATUS": "IN SERVICE", "NAICS_CODE": "221121", "NAICS_DESC": "ELECTRIC BULK POWER TRANSMISSION AND CONTROL", "SOURCE": "IMAGERY, OpenStreetMap", "SOURCEDATE": 1406073600000, "VAL_METHOD": "IMAGERY", "VAL_DATE": 1489536000000, "OWNER": "ENTERGY LOUISIANA LLC", "VOLTAGE": 230, "VOLT_CLASS": "220-287", "INFERRED": "Y", "SUB_1": "UNKNOWN115462", "SUB_2": "PLAQUEMINE", "Shape__Len": 4096.75889890893, "Shape__Length": 4096.758966413303}}, {"type": "Feature", "id": 28239, "geometry": {"type": "LineString", "coordinates": [[-91.1852256030383, 30.2623513873783], [-91.1854450803269, 30.2627452143311], [-91.1851435563102, 30.2635205617659], [-91.1856440445859, 30.2636785033233]]}, "properties": {"OBJECTID_1": 28239, "OBJECTID": 28239, "ID": "132394", "TYPE": "OVERHEAD", "STATUS": "IN SERVICE", "NAICS_CODE": "221121", "NAICS_DESC": "ELECTRIC BULK POWER TRANSMISSION AND CONTROL", "SOURCE": "IMAGERY", "SOURCEDATE": 1406246400000, "VAL_METHOD": "IMAGERY", "VAL_DATE": 1406246400000, "OWNER": "ENTERGY LOUISIANA LLC", "VOLTAGE": -999999, "VOLT_CLASS": "NOT AVAILABLE", "INFERRED": "N", "SUB_1": "UNKNOWN115653", "SUB_2": "UNKNOWN115654", "Shape__Len": 221.0644839825259, "Shape__Length": 221.0643728839964}}, {"type": "Feature", "id": 29181, "geometry": {"type": "LineString", "coordinates": [[-91.0986028298718, 30.391169547789], [-91.098385739407, 30.3912621248952], [-91.0981007192387, 30.391568441646], [-91.0867412565697, 30.3849810397043], [-91.0864007528562, 30.3855003542291], [-91.0861323946398, 30.3857080003791]]}, "properties": {"OBJECTID_1": 29181, "OBJECTID": 29181, "ID": "133477", "TYPE": "AC; OVERHEAD", "STATUS": "IN SERVICE", "NAICS_CODE": "221121", "NAICS_DESC": "ELECTRIC BULK POWER TRANSMISSION AND CONTROL", "SOURCE": "IMAGERY, OpenStreetMap, EIA 861, EIA 860", "SOURCEDATE": 1403049600000, "VAL_METHOD": "IMAGERY", "VAL_DATE": 1588204800000, "OWNER": "ENTERGY GULF STATES - LA LLC", "VOLTAGE": 230, "VOLT_CLASS": "220-287", "INFERRED": "Y", "SUB_1": "UNKNOWN112502", "SUB_2": "UNKNOWN112667", "Shape__Len": 1718.480648905339, "Shape__Length": 1718.4807199329316}}, {"type": "Feature", "id": 30075, "geometry": {"type": "LineString", "coordinates": [[-90.8714480358658, 30.2874516846438], [-90.8712735974107, 30.2874400561145], [-90.8708898317314, 30.2874487780934]]}, "properties": {"OBJECTID_1": 30075, "OBJECTID": 30075, "ID": "134496", "TYPE": "OVERHEAD", "STATUS": "IN SERVICE", "NAICS_CODE": "221121", "NAICS_DESC": "ELECTRIC BULK POWER TRANSMISSION AND CONTROL", "SOURCE": "IMAGERY", "SOURCEDATE": 1405987200000, "VAL_METHOD": "IMAGERY", "VAL_DATE": 1405987200000, "OWNER": "ENTERGY LOUISIANA LLC", "VOLTAGE": -999999, "VOLT_CLASS": "UNDER 100", "INFERRED": "Y", "SUB_1": "UNKNOWN114563", "SUB_2": "TAP142470", "Shape__Len": 62.21156336444179, "Shape__Length": 62.21157374172913}}, {"type": "Feature", "id": 30428, "geometry": {"type": "LineString", "coordinates": [[-91.0289492243375, 30.4098932077988], [-91.0297271195594, 30.4103652826169], [-91.0302698376366, 30.4108134347951], [-91.0337968058001, 30.4139222557986], [-91.0440189016064, 30.4228665902867], [-91.0572554192144, 30.4344433298224], [-91.0581215074377, 30.4351758892294], [-91.058618535403, 30.4357693539846], [-91.0591545080307, 30.4357878999905]]}, "properties": {"OBJECTID_1": 30428, "OBJECTID": 30428, "ID": "134890", "TYPE": "AC; OVERHEAD", "STATUS": "IN SERVICE", "NAICS_CODE": "221121", "NAICS_DESC": "ELECTRIC BULK POWER TRANSMISSION AND CONTROL", "SOURCE": "IMAGERY, EIA 861", "SOURCEDATE": 1405036800000, "VAL_METHOD": "IMAGERY", "VAL_DATE": 1588291200000, "OWNER": "ENTERGY GULF STATES - LA LLC", "VOLTAGE": 230, "VOLT_CLASS": "220-287", "INFERRED": "Y", "SUB_1": "HARELSON", "SUB_2": "WEINER", "Shape__Len": 4760.116540648027, "Shape__Length": 4760.11651131722}}, {"type": "Feature", "id": 31422, "geometry": {"type": "LineString", "coordinates": [[-91.1845498624339, 30.2598003680488], [-91.1852250694391, 30.2579716816805]]}, "properties": {"OBJECTID_1": 31422, "OBJECTID": 31422, "ID": "136044", "TYPE": "OVERHEAD", "STATUS": "NOT AVAILABLE", "NAICS_CODE": "221121", "NAICS_DESC": "ELECTRIC BULK POWER TRANSMISSION AND CONTROL", "SOURCE": "IMAGERY", "SOURCEDATE": 1402444800000, "VAL_METHOD": "IMAGERY", "VAL_DATE": 1402444800000, "OWNER": "ENTERGY LOUISIANA LLC", "VOLTAGE": -999999, "VOLT_CLASS": "NOT AVAILABLE", "INFERRED": "N", "SUB_1": "AXIALL PLAQUEMINE", "SUB_2": "NOT AVAILABLE", "Shape__Len": 247.37337114193937, "Shape__Length": 247.37341653927308}}, {"type": "Feature", "id": 31532, "geometry": {"type": "LineString", "coordinates": [[-91.1148458398525, 30.2783797128387], [-91.1153130473436, 30.2787995103068], [-91.1118057729461, 30.2836963450269]]}, "properties": {"OBJECTID_1": 31532, "OBJECTID": 31532, "ID": "136168", "TYPE": "AC; OVERHEAD", "STATUS": "NOT AVAILABLE", "NAICS_CODE": "221121", "NAICS_DESC": "ELECTRIC BULK POWER TRANSMISSION AND CONTROL", "SOURCE": "IMAGERY, EIA 860", "SOURCEDATE": 1402876800000, "VAL_METHOD": "IMAGERY", "VAL_DATE": 1566518400000, "OWNER": "ENTERGY LOUISIANA LLC", "VOLTAGE": 138, "VOLT_CLASS": "100-161", "INFERRED": "Y", "SUB_1": "WILLOW GLEN (500KV)", "SUB_2": "DEADEND167035", "Shape__Len": 817.2790555251528, "Shape__Length": 817.2791295052057}}, {"type": "Feature", "id": 31791, "geometry": {"type": "LineString", "coordinates": [[-91.1731792022648, 30.4383787551232], [-91.1731373749086, 30.4372266061975], [-91.1734358689078, 30.4372247039919]]}, "properties": {"OBJECTID_1": 31791, "OBJECTID": 31791, "ID": "136463", "TYPE": "OVERHEAD", "STATUS": "IN SERVICE", "NAICS_CODE": "221121", "NAICS_DESC": "ELECTRIC BULK POWER TRANSMISSION AND CONTROL", "SOURCE": "IMAGERY, EIA 861", "SOURCEDATE": 1405987200000, "VAL_METHOD": "IMAGERY", "VAL_DATE": 1405987200000, "OWNER": "ENTERGY GULF STATES - LA LLC", "VOLTAGE": -999999, "VOLT_CLASS": "UNDER 100", "INFERRED": "Y", "SUB_1": "TAP143275", "SUB_2": "JULIA", "Shape__Len": 182.060568454273, "Shape__Length": 182.060560208812}}, {"type": "Feature", "id": 32322, "geometry": {"type": "LineString", "coordinates": [[-91.0181039681169, 30.4563440793112], [-91.0180759137305, 30.4484122712722], [-91.0212667709422, 30.4481267349952], [-91.0307893737896, 30.4481552888929], [-91.0317459169722, 30.4474771418246], [-91.0341229993511, 30.4457282389101], [-91.0354935679633, 30.444778833766], [-91.0379277571431, 30.4434082641157], [-91.0405118508894, 30.4420805253667], [-91.0451232472976, 30.440624295216], [-91.0458585003913, 30.4401674383769], [-91.0577867376707, 30.4365340010606], [-91.0585517699161, 30.4363591113708], [-91.058434931437, 30.4360401229963], [-91.0581660171634, 30.4355746241956], [-91.0585907163752, 30.4353743290313], [-91.0591804729357, 30.435368764819], [-91.0592713474081, 30.435604297088], [-91.0591545080307, 30.4357878999905]]}, "properties": {"OBJECTID_1": 32322, "OBJECTID": 32322, "ID": "137088", "TYPE": "OVERHEAD", "STATUS": "IN SERVICE", "NAICS_CODE": "221121", "NAICS_DESC": "ELECTRIC BULK POWER TRANSMISSION AND CONTROL", "SOURCE": "IMAGERY, EIA 861", "SOURCEDATE": 1405036800000, "VAL_METHOD": "IMAGERY", "VAL_DATE": 1405036800000, "OWNER": "ENTERGY GULF STATES - LA LLC", "VOLTAGE": -999999, "VOLT_CLASS": "NOT AVAILABLE", "INFERRED": "N", "SUB_1": "HARELSON", "SUB_2": "GLORIA", "Shape__Len": 6214.346249171967, "Shape__Length": 6214.346299818822}}, {"type": "Feature", "id": 33051, "geometry": {"type": "LineString", "coordinates": [[-90.8810956527597, 30.3870946029065], [-90.8778154050924, 30.3845740379663], [-90.8762092685684, 30.3843241942837], [-90.8752955561603, 30.3843670240768], [-90.8742247975793, 30.3849309568474], [-90.8692279295911, 30.3835461098531], [-90.8668651250353, 30.3819042816412], [-90.8628676310041, 30.3778710963675], [-90.8655159713612, 30.3734738519498], [-90.8612400804404, 30.3582976497913], [-90.8612204486581, 30.3581994968812]]}, "properties": {"OBJECTID_1": 33051, "OBJECTID": 33051, "ID": "137930", "TYPE": "OVERHEAD", "STATUS": "NOT AVAILABLE", "NAICS_CODE": "221121", "NAICS_DESC": "ELECTRIC BULK POWER TRANSMISSION AND CONTROL", "SOURCE": "IMAGERY", "SOURCEDATE": 1404864000000, "VAL_METHOD": "IMAGERY", "VAL_DATE": 1566518400000, "OWNER": "ENTERGY LOUISIANA LLC", "VOLTAGE": -999999, "VOLT_CLASS": "UNDER 100", "INFERRED": "Y", "SUB_1": "TAP143255", "SUB_2": "DEADEND167039", "Shape__Len": 5186.2473786501205, "Shape__Length": 5186.247364052638}}, {"type": "Feature", "id": 33429, "geometry": {"type": "LineString", "coordinates": [[-90.9677117451555, 30.3208776806949], [-90.9675639633081, 30.3207977378406], [-90.9672241351277, 30.3201860473031], [-90.9651789847378, 30.3161575340258], [-90.9645137310659, 30.3148206689446], [-90.9638076839987, 30.3134691590175], [-90.9631066198863, 30.3120944560159], [-90.9624111612614, 30.3107266428081], [-90.9617097944168, 30.3093488279216], [-90.9609888990962, 30.3079389220478], [-90.9603225261235, 30.306697942285], [-90.9592350741496, 30.304541575953], [-90.9591547512884, 30.3027497520087], [-90.9590002841787, 30.2974484270448], [-90.9588213784017, 30.2922076670258], [-90.9406561156468, 30.2755509530484], [-90.9390314711329, 30.2741450392043], [-90.9380783765828, 30.2733256792867], [-90.9380233844161, 30.2730351247237]]}, "properties": {"OBJECTID_1": 33429, "OBJECTID": 33429, "ID": "138352", "TYPE": "OVERHEAD", "STATUS": "IN SERVICE", "NAICS_CODE": "221121", "NAICS_DESC": "ELECTRIC BULK POWER TRANSMISSION AND CONTROL", "SOURCE": "IMAGERY", "SOURCEDATE": 1405987200000, "VAL_METHOD": "IMAGERY", "VAL_DATE": 1405987200000, "OWNER": "ENTERGY LOUISIANA LLC", "VOLTAGE": -999999, "VOLT_CLASS": "100-161", "INFERRED": "Y", "SUB_1": "UNKNOWN112512", "SUB_2": "DUPLESSIS", "Shape__Len": 7295.712316640565, "Shape__Length": 7295.712373472949}}, {"type": "Feature", "id": 33761, "geometry": {"type": "LineString", "coordinates": [[-91.1012515061988, 30.2465707636864], [-91.10157611602, 30.2466727067657], [-91.1018899945668, 30.2468524498052], [-91.1019034091089, 30.2474480150104], [-91.1034593890974, 30.2484915952998], [-91.1039556939188, 30.2473755808002], [-91.1062628379614, 30.2444701893606], [-91.1044654123841, 30.2433139352663], [-91.1041756769588, 30.243040296748], [-91.1040120308635, 30.2429437186307]]}, "properties": {"OBJECTID_1": 33761, "OBJECTID": 33761, "ID": "138727", "TYPE": "AC; OVERHEAD", "STATUS": "IN SERVICE", "NAICS_CODE": "221121", "NAICS_DESC": "ELECTRIC BULK POWER TRANSMISSION AND CONTROL", "SOURCE": "IMAGERY, EIA 860", "SOURCEDATE": 1406160000000, "VAL_METHOD": "IMAGERY", "VAL_DATE": 1490054400000, "OWNER": "ENTERGY LOUISIANA LLC", "VOLTAGE": 138, "VOLT_CLASS": "100-161", "INFERRED": "Y", "SUB_1": "GEIGY", "SUB_2": "STAUFFER", "Shape__Len": 1303.8123162072216, "Shape__Length": 1303.8123753455022}}, {"type": "Feature", "id": 34036, "geometry": {"type": "LineString", "coordinates": [[-90.9728631826613, 30.6982293208833], [-90.9727108975594, 30.6981817320708], [-90.9721826567313, 30.6981888701238], [-90.9721731390809, 30.6985279428686], [-90.9749820928209, 30.6986112247142], [-90.9748952428009, 30.6989419699857], [-90.9730475906194, 30.7055509233312], [-90.9721410171229, 30.7089844848346], [-90.9715985002683, 30.7098053991801], [-90.971063121427, 30.7106263127179], [-90.9682006289944, 30.7215409010336], [-90.9692000029513, 30.7264164159258], [-90.9740326876516, 30.7422779029684], [-90.9641031973878, 30.7518361983208], [-90.9636273049846, 30.7522799678947]]}, "properties": {"OBJECTID_1": 34036, "OBJECTID": 34036, "ID": "139051", "TYPE": "OVERHEAD", "STATUS": "IN SERVICE", "NAICS_CODE": "221121", "NAICS_DESC": "ELECTRIC BULK POWER TRANSMISSION AND CONTROL", "SOURCE": "IMAGERY", "SOURCEDATE": 1404864000000, "VAL_METHOD": "IMAGERY", "VAL_DATE": 1404864000000, "OWNER": "ENTERGY LOUISIANA LLC", "VOLTAGE": -999999, "VOLT_CLASS": "UNDER 100", "INFERRED": "Y", "SUB_1": "UNKNOWN114622", "SUB_2": "TAP142950", "Shape__Len": 8008.705857563622, "Shape__Length": 8008.705757343419}}, {"type": "Feature", "id": 34748, "geometry": {"type": "LineString", "coordinates": [[-90.9796536053861, 30.1812901619466], [-90.9813063788465, 30.1824261073871], [-90.98509107097, 30.1844395851645], [-90.9872454169726, 30.1855530082544], [-90.9857280582531, 30.1869045869996]]}, "properties": {"OBJECTID_1": 34748, "OBJECTID": 34748, "ID": "139887", "TYPE": "AC; OVERHEAD", "STATUS": "IN SERVICE", "NAICS_CODE": "221121", "NAICS_DESC": "ELECTRIC BULK POWER TRANSMISSION AND CONTROL", "SOURCE": "IMAGERY, OpenStreetMap", "SOURCEDATE": 1406160000000, "VAL_METHOD": "IMAGERY", "VAL_DATE": 1553644800000, "OWNER": "ENTERGY LOUISIANA LLC", "VOLTAGE": 230, "VOLT_CLASS": "220-287", "INFERRED": "Y", "SUB_1": "SHELL CHEMICAL", "SUB_2": "TAP143383", "Shape__Len": 1251.7232122385424, "Shape__Length": 1251.7231580975763}}, {"type": "Feature", "id": 35416, "geometry": {"type": "LineString", "coordinates": [[-91.1103018440401, 30.2769478732637], [-91.1105542499737, 30.2776688521837], [-91.1103225412243, 30.2781380617702], [-91.1088338154062, 30.2804435606471], [-91.1094015003601, 30.2825115586978], [-91.1101893093895, 30.2829633911369], [-91.1115853524265, 30.2830329032771], [-91.1121156566848, 30.2840656827409], [-91.1404221821418, 30.3440606036959], [-91.1413322698477, 30.3456002503439], [-91.1414600893329, 30.3456413683143]]}, "properties": {"OBJECTID_1": 35416, "OBJECTID": 35416, "ID": "140646", "TYPE": "AC; OVERHEAD", "STATUS": "IN SERVICE", "NAICS_CODE": "221121", "NAICS_DESC": "ELECTRIC BULK POWER TRANSMISSION AND CONTROL", "SOURCE": "IMAGERY, EIA 860", "SOURCEDATE": 1402876800000, "VAL_METHOD": "IMAGERY", "VAL_DATE": 1553644800000, "OWNER": "ENTERGY LOUISIANA LLC", "VOLTAGE": 230, "VOLT_CLASS": "220-287", "INFERRED": "Y", "SUB_1": "UNKNOWN115492", "SUB_2": "WILLOW GLEN (230KV)", "Shape__Len": 9775.299191357297, "Shape__Length": 9775.29916602022}}, {"type": "Feature", "id": 35902, "geometry": {"type": "LineString", "coordinates": [[-91.022333061303, 30.423352254327], [-91.0225466986439, 30.4235536307636], [-91.0226453624082, 30.4235289652381], [-91.0226559328841, 30.4239553296828], [-91.0243966307495, 30.4239271412902], [-91.0243437756748, 30.4164076103002], [-91.0244142494072, 30.4134794331257], [-91.028906410631, 30.4102801083228], [-91.0297515663116, 30.4104275737437], [-91.0302367760409, 30.4108509437963], [-91.033763811578, 30.4139598248064], [-91.0439859756563, 30.4229042193707], [-91.0572090535694, 30.4344748580717], [-91.0580436154178, 30.4352222533578], [-91.0583347836559, 30.4356172789272], [-91.0585462057512, 30.4360123036709], [-91.0586760266828, 30.435850956384], [-91.0591545080307, 30.4357878999905]]}, "properties": {"OBJECTID_1": 35902, "OBJECTID": 35902, "ID": "141215", "TYPE": "AC; OVERHEAD", "STATUS": "IN SERVICE", "NAICS_CODE": "221121", "NAICS_DESC": "ELECTRIC BULK POWER TRANSMISSION AND CONTROL", "SOURCE": "IMAGERY, EIA 861, EIA 860", "SOURCEDATE": 1405036800000, "VAL_METHOD": "IMAGERY", "VAL_DATE": 1588291200000, "OWNER": "ENTERGY GULF STATES - LA LLC", "VOLTAGE": 230, "VOLT_CLASS": "220-287", "INFERRED": "Y", "SUB_1": "HARELSON", "SUB_2": "JONES CREEK", "Shape__Len": 7075.1840319016055, "Shape__Length": 7075.183815932514}}, {"type": "Feature", "id": 35944, "geometry": {"type": "LineString", "coordinates": [[-90.69418102270886, 30.631421271847262], [-90.7029774197468, 30.6443642818915], [-90.7065941996757, 30.6497418636191], [-90.7066774815874, 30.6863141793438], [-90.7124935780803, 30.6945268892139], [-90.7130426391618, 30.6951197707043], [-90.712854462771, 30.695498699759]]}, "properties": {"OBJECTID_1": 35944, "OBJECTID": 35944, "ID": "141270", "TYPE": "OVERHEAD", "STATUS": "IN SERVICE", "NAICS_CODE": "221121", "NAICS_DESC": "ELECTRIC BULK POWER TRANSMISSION AND CONTROL", "SOURCE": "IMAGERY", "SOURCEDATE": 1404950400000, "VAL_METHOD": "IMAGERY", "VAL_DATE": 1405987200000, "OWNER": "ENTERGY LOUISIANA LLC", "VOLTAGE": -999999, "VOLT_CLASS": "UNDER 100", "INFERRED": "Y", "SUB_1": "UNKNOWN114652", "SUB_2": "TAP142953", "Shape__Len": 24329.23374097812, "Shape__Length": 24329.233715071947}}, {"type": "Feature", "id": 37313, "geometry": {"type": "LineString", "coordinates": [[-91.1393352341227, 30.4161061690647], [-91.1394580958058, 30.4160554219972], [-91.1397459321926, 30.4155959230542], [-91.141278833563, 30.416487447911], [-91.1428537383596, 30.4174293236676], [-91.1443165774261, 30.4182233317649], [-91.1458106554067, 30.4190983889634], [-91.1473302158969, 30.4200054027216], [-91.148824779866, 30.4208726928567], [-91.1503455638616, 30.4217379666501], [-91.1517302827361, 30.4225069779962], [-91.1533156304478, 30.4234180942354], [-91.1549123849671, 30.4243349341256], [-91.1558979266653, 30.4249044301991], [-91.1572886983881, 30.4257049879513], [-91.1587008500148, 30.4265189396931], [-91.1601152474296, 30.4273242866692], [-91.1616544208374, 30.4282236616847], [-91.1632218013452, 30.4291200850116], [-91.164803824392, 30.4300349348875], [-91.1664286072464, 30.4309712323655], [-91.1678261163339, 30.4317735210368], [-91.1693766094126, 30.4326612367808], [-91.1708799391423, 30.4335198216274], [-91.1722537327063, 30.4344550779808], [-91.1730661690492, 30.4353718923649], [-91.1735758731414, 30.436333232311], [-91.1737934451033, 30.4378818743385], [-91.1739748149591, 30.4389903438175], [-91.1739080701335, 30.44015797333], [-91.1739541537076, 30.4413226442823], [-91.1739907151397, 30.4424832748424], [-91.1739716708556, 30.4437865482891], [-91.1737043322271, 30.444683757136], [-91.1737393674215, 30.4459184620632], [-91.1737655065996, 30.4471208566388], [-91.1737958705545, 30.4482319331166], [-91.1738585729614, 30.449593132668], [-91.1742816785619, 30.4504719353651], [-91.1742670369211, 30.4517814512952], [-91.1760189313882, 30.4517300312499], [-91.1774310830148, 30.4516873618846], [-91.1775795754296, 30.4523022333786], [-91.1778362815984, 30.4523957328824]]}, "properties": {"OBJECTID_1": 37313, "OBJECTID": 37313, "ID": "142820", "TYPE": "AC; OVERHEAD", "STATUS": "IN SERVICE", "NAICS_CODE": "221121", "NAICS_DESC": "ELECTRIC BULK POWER TRANSMISSION AND CONTROL", "SOURCE": "IMAGERY, OpenStreetMap, EIA 861, EIA 860", "SOURCEDATE": 1405900800000, "VAL_METHOD": "IMAGERY", "VAL_DATE": 1588204800000, "OWNER": "ENTERGY GULF STATES - LA LLC", "VOLTAGE": 230, "VOLT_CLASS": "220-287", "INFERRED": "Y", "SUB_1": "UNKNOWN112497", "SUB_2": "DOWNTOWN", "Shape__Len": 7206.213726885692, "Shape__Length": 7206.213662604171}}, {"type": "Feature", "id": 37905, "geometry": {"type": "LineString", "coordinates": [[-91.1393352341227, 30.4161061690647], [-91.1393752980861, 30.415961940325], [-91.1397050750168, 30.4155721611246], [-91.0984086230905, 30.3917536376328], [-91.0986562311222, 30.3913696260589], [-91.0986028298718, 30.391169547789]]}, "properties": {"OBJECTID_1": 37905, "OBJECTID": 37905, "ID": "143498", "TYPE": "AC; OVERHEAD", "STATUS": "IN SERVICE", "NAICS_CODE": "221121", "NAICS_DESC": "ELECTRIC BULK POWER TRANSMISSION AND CONTROL", "SOURCE": "IMAGERY, OpenStreetMap, EIA 861, EIA 860", "SOURCEDATE": 1403049600000, "VAL_METHOD": "IMAGERY", "VAL_DATE": 1588204800000, "OWNER": "ENTERGY GULF STATES - LA LLC", "VOLTAGE": 230, "VOLT_CLASS": "220-287", "INFERRED": "Y", "SUB_1": "UNKNOWN112497", "SUB_2": "UNKNOWN112667", "Shape__Len": 5694.9314624695135, "Shape__Length": 5694.9314675141595}}, {"type": "Feature", "id": 38373, "geometry": {"type": "LineString", "coordinates": [[-91.1067892291583, 30.4791825460849], [-91.1179756224046, 30.4911717206396], [-91.1181010191335, 30.4946270457166], [-91.1183389648859, 30.5013252291558], [-91.1192758610149, 30.5013130370425], [-91.1193883965638, 30.5038394630576], [-91.1196410621105, 30.510628663255], [-91.1176992853519, 30.510628663255], [-91.117512125854, 30.5107737107956], [-91.1175402000033, 30.5136840369211], [-91.1177226801768, 30.5137963321257], [-91.1197486775866, 30.5137588998894], [-91.1198796896843, 30.5180074139057], [-91.1196223457115, 30.5182928311564], [-91.1203616241561, 30.5186531129589], [-91.1216951336695, 30.5206323213191], [-91.123280258599, 30.5206154962619], [-91.1236835779071, 30.5208498728683]]}, "properties": {"OBJECTID_1": 38373, "OBJECTID": 38373, "ID": "144009", "TYPE": "AC; OVERHEAD", "STATUS": "IN SERVICE", "NAICS_CODE": "221121", "NAICS_DESC": "ELECTRIC BULK POWER TRANSMISSION AND CONTROL", "SOURCE": "IMAGERY, EIA 861", "SOURCEDATE": 1405036800000, "VAL_METHOD": "IMAGERY", "VAL_DATE": 1589760000000, "OWNER": "ENTERGY GULF STATES - LA LLC", "VOLTAGE": 138, "VOLT_CLASS": "100-161", "INFERRED": "Y", "SUB_1": "TAP142974", "SUB_2": "MICKENS", "Shape__Len": 6695.82207786127, "Shape__Length": 6695.822176084414}}, {"type": "Feature", "id": 38482, "geometry": {"type": "LineString", "coordinates": [[-91.1558972178945, 30.4533090649631], [-91.1557276806476, 30.4536177997537], [-91.1563273052014, 30.4679445350072], [-91.165300253181, 30.4676090310219], [-91.165367457944, 30.4688583221577], [-91.1654430197341, 30.4700860498213], [-91.1659355686994, 30.4787663226689], [-91.1641439938495, 30.4788087548862], [-91.1643365710869, 30.4817358906643], [-91.1641581108742, 30.4819286268807], [-91.1642294946, 30.4831278752502], [-91.1644365077639, 30.4874822893691], [-91.1642509104364, 30.4879034538225], [-91.1643936778878, 30.4880961902115], [-91.1644222317374, 30.4902876737541], [-91.1659427067126, 30.4901805982046], [-91.1659494961795, 30.4912297452512], [-91.1660354371044, 30.4929055841192]]}, "properties": {"OBJECTID_1": 38482, "OBJECTID": 38482, "ID": "144132", "TYPE": "OVERHEAD", "STATUS": "NOT AVAILABLE", "NAICS_CODE": "221121", "NAICS_DESC": "ELECTRIC BULK POWER TRANSMISSION AND CONTROL", "SOURCE": "IMAGERY, EIA 861", "SOURCEDATE": 1405900800000, "VAL_METHOD": "IMAGERY", "VAL_DATE": 1566518400000, "OWNER": "ENTERGY GULF STATES - LA LLC", "VOLTAGE": -999999, "VOLT_CLASS": "NOT AVAILABLE", "INFERRED": "N", "SUB_1": "TAP142977", "SUB_2": "DEADEND167032", "Shape__Len": 6559.222103168953, "Shape__Length": 6559.221969685939}}, {"type": "Feature", "id": 41782, "geometry": {"type": "LineString", "coordinates": [[-91.1847269715803, 30.5048138151377], [-91.1845883309893, 30.5050434861523], [-91.1843368557103, 30.5070390606501], [-91.1839735797044, 30.5084100343283], [-91.1838420250243, 30.5090897352789], [-91.1823146761405, 30.5172443389723], [-91.1820663907791, 30.5184660159284], [-91.1830059252601, 30.5185478369218], [-91.1833124906222, 30.519235218767]]}, "properties": {"OBJECTID_1": 41782, "OBJECTID": 41782, "ID": "147894", "TYPE": "AC; OVERHEAD", "STATUS": "IN SERVICE", "NAICS_CODE": "221121", "NAICS_DESC": "ELECTRIC BULK POWER TRANSMISSION AND CONTROL", "SOURCE": "IMAGERY, EIA 861, https://cdn.misoenergy.org/Entergy Louisiana Transferred Facilities 2019390620.xlsx", "SOURCEDATE": 1405900800000, "VAL_METHOD": "IMAGERY", "VAL_DATE": 1587340800000, "OWNER": "ENTERGY GULF STATES - LA LLC", "VOLTAGE": 69, "VOLT_CLASS": "UNDER 100", "INFERRED": "Y", "SUB_1": "UNKNOWN115658", "SUB_2": "JAGUAR", "Shape__Len": 1991.3938762649468, "Shape__Length": 1991.3938384183757}}, {"type": "Feature", "id": 41950, "geometry": {"type": "LineString", "coordinates": [[-91.0036280215551, 30.5673622429649], [-91.0033786339609, 30.5667637206893], [-91.0032450535798, 30.5663707913801], [-91.0031903470774, 30.5648598513248], [-91.0031856758379, 30.5632816696892], [-91.0031856758379, 30.562204474381], [-91.0032258314294, 30.5608380423232], [-91.0013764688557, 30.5608746302897], [-90.9996453245733, 30.5608787299975], [-90.9979142719191, 30.5608889413634], [-90.996182769209, 30.5608917252967], [-90.9944870194472, 30.5608917252967], [-90.9927613557864, 30.5608960570627], [-90.9910305717285, 30.5609003888286], [-90.9893065250352, 30.5609104447128], [-90.987559032313, 30.5608888632369], [-90.9863550203377, 30.5616131937311], [-90.9851242385669, 30.5623114512536], [-90.9838750413328, 30.56307893312], [-90.9820674513181, 30.5630299697837], [-90.98024800444, 30.5630170521222], [-90.978388401072, 30.5630199906969], [-90.9765724567251, 30.5630026647845], [-90.9747747481786, 30.5629954711149], [-90.971008920676, 30.5632272926516], [-90.9692573864333, 30.5632307726777], [-90.9674923756648, 30.5632369623127], [-90.966041776144, 30.5632369623127], [-90.9645329657928, 30.5632536693746], [-90.962656743592, 30.5632494916425], [-90.9607515076043, 30.5632494916425], [-90.9589768857605, 30.5632494916425], [-90.9572868852165, 30.5632452381061], [-90.9554251267901, 30.5632494916425], [-90.9539768628891, 30.5632702232785], [-90.9523375273271, 30.5632848418561], [-90.9507200208265, 30.5633077377668], [-90.9490928134192, 30.563330633672], [-90.9474608431442, 30.5633410760594], [-90.9458336348386, 30.5633368217536], [-90.9444506775603, 30.5642799581202], [-90.9430314301413, 30.5652105546967], [-90.941595203665, 30.566184843625], [-90.9396610410268, 30.5661578496822], [-90.9377340649108, 30.5661703801819], [-90.9358360154453, 30.5661786557251], [-90.9340517807297, 30.566184843625], [-90.9321779848785, 30.566184843625], [-90.9303065246471, 30.566193274638], [-90.9284254524422, 30.5662015517263], [-90.9265492311398, 30.5661744796659], [-90.9246827116424, 30.5661869328146], [-90.9227992139862, 30.5661890212307], [-90.9209302690376, 30.5661994633104], [-90.9190540477352, 30.5661952857052], [-90.9171754009815, 30.5662077396247], [-90.9152967542278, 30.5662057293313], [-90.9134302347305, 30.5662161706357], [-90.9115540134281, 30.5662265353638], [-90.9096802175769, 30.5662306348456], [-90.9078064217258, 30.5662327232607], [-90.9059277749721, 30.5662452537506], [-90.9040588300235, 30.5662494313537], [-90.9021801832698, 30.566253530061], [-90.9002918347111, 30.5662598726535], [-90.8983624331438, 30.566284856276], [-90.8963967396391, 30.5663243806632], [-90.8953716720684, 30.5645589601254], [-90.8949926692568, 30.5645312796351]]}, "properties": {"OBJECTID_1": 41950, "OBJECTID": 41950, "ID": "148092", "TYPE": "AC; OVERHEAD", "STATUS": "IN SERVICE", "NAICS_CODE": "221121", "NAICS_DESC": "ELECTRIC BULK POWER TRANSMISSION AND CONTROL", "SOURCE": "IMAGERY, OpenStreetMap", "SOURCEDATE": 1403049600000, "VAL_METHOD": "IMAGERY", "VAL_DATE": 1490054400000, "OWNER": "ENTERGY LOUISIANA LLC", "VOLTAGE": 230, "VOLT_CLASS": "220-287", "INFERRED": "Y", "SUB_1": "UNKNOWN112435", "SUB_2": "UNKNOWN112438", "Shape__Len": 13256.817594938939, "Shape__Length": 13256.817517394398}}, {"type": "Feature", "id": 42126, "geometry": {"type": "LineString", "coordinates": [[-91.1872514100052, 30.490530756891], [-91.1873970637437, 30.4907394226859], [-91.1874356957925, 30.4908647413122], [-91.1880280412976, 30.4907134349891], [-91.1883821607759, 30.4909291260044], [-91.190645308929, 30.4922071767441], [-91.1913988526203, 30.4925541931385], [-91.1914492786504, 30.4933074190745], [-91.1914209143453, 30.4936919109973], [-91.1888114108529, 30.4928031682672], [-91.188565588672, 30.4928378350714], [-91.1884816384138, 30.4929404513712]]}, "properties": {"OBJECTID_1": 42126, "OBJECTID": 42126, "ID": "148295", "TYPE": "AC; OVERHEAD", "STATUS": "IN SERVICE", "NAICS_CODE": "221121", "NAICS_DESC": "ELECTRIC BULK POWER TRANSMISSION AND CONTROL", "SOURCE": "IMAGERY, EIA 861", "SOURCEDATE": 1405036800000, "VAL_METHOD": "IMAGERY", "VAL_DATE": 1588204800000, "OWNER": "ENTERGY GULF STATES - LA LLC", "VOLTAGE": 69, "VOLT_CLASS": "UNDER 100", "INFERRED": "Y", "SUB_1": "EXXONMOBIL BATON ROUGE TURBINE GENERATOR", "SUB_2": "UNKNOWN114483", "Shape__Len": 1065.1275106919145, "Shape__Length": 1065.1275766821054}}, {"type": "Feature", "id": 42183, "geometry": {"type": "LineString", "coordinates": [[-90.86788897835481, 30.86945795129952], [-90.8748226776049, 30.7976505738516], [-90.8778921823031, 30.7530356800061], [-90.8772140360103, 30.7529999876484], [-90.877642339263, 30.7470394377341], [-90.878238288809, 30.7467948438214], [-90.8859288117705, 30.6516944357866], [-90.8884034511893, 30.6266625057738], [-90.8894682602282, 30.6064846767469], [-90.8916632657771, 30.5705382992429], [-90.8917707851335, 30.5675440511368], [-90.8919141463714, 30.5650126936412], [-90.8933995106937, 30.5649481847594], [-90.8949908762195, 30.5648679730537], [-90.8949926728501, 30.5646335263113], [-90.8949926692568, 30.5645312796351]]}, "properties": {"OBJECTID_1": 42183, "OBJECTID": 42183, "ID": "148365", "TYPE": "AC; OVERHEAD", "STATUS": "IN SERVICE", "NAICS_CODE": "221121", "NAICS_DESC": "ELECTRIC BULK POWER TRANSMISSION AND CONTROL", "SOURCE": "IMAGERY, EIA 860", "SOURCEDATE": 1404691200000, "VAL_METHOD": "IMAGERY", "VAL_DATE": 1490054400000, "OWNER": "ENTERGY LOUISIANA LLC", "VOLTAGE": 230, "VOLT_CLASS": "220-287", "INFERRED": "Y", "SUB_1": "UNKNOWN112438", "SUB_2": "TAP143377", "Shape__Len": 45654.71942629747, "Shape__Length": 45654.71942189343}}, {"type": "Feature", "id": 42453, "geometry": {"type": "LineString", "coordinates": [[-91.1103018440401, 30.2769478732637], [-91.1102683090323, 30.2762082080365], [-91.1108427708766, 30.2752442801299], [-91.1142895437397, 30.2745432409252], [-91.1149418994008, 30.2750365648723], [-91.1159450858078, 30.2743104090663]]}, "properties": {"OBJECTID_1": 42453, "OBJECTID": 42453, "ID": "148673", "TYPE": "AC; OVERHEAD", "STATUS": "NOT AVAILABLE", "NAICS_CODE": "221121", "NAICS_DESC": "ELECTRIC BULK POWER TRANSMISSION AND CONTROL", "SOURCE": "IMAGERY, EIA 860", "SOURCEDATE": 1402876800000, "VAL_METHOD": "IMAGERY", "VAL_DATE": 1494892800000, "OWNER": "ENTERGY LOUISIANA LLC", "VOLTAGE": 230, "VOLT_CLASS": "220-287", "INFERRED": "Y", "SUB_1": "WILLOW GLEN (230KV)", "SUB_2": "NOT AVAILABLE", "Shape__Len": 871.587002875255, "Shape__Length": 871.5869889704568}}, {"type": "Feature", "id": 42604, "geometry": {"type": "LineString", "coordinates": [[-91.0667178609889, 30.2299234106869], [-91.0670192026476, 30.2297222108826], [-91.0675540676526, 30.2286857513069], [-91.0678806358011, 30.2288464623342], [-91.0682385246103, 30.2290457809613], [-91.0696294759963, 30.2297902728208], [-91.0711544560226, 30.230611055368], [-91.0726505102967, 30.2314068376952], [-91.0741602189632, 30.2322231819907], [-91.075641182439, 30.2330116556405], [-91.0772322775719, 30.2338485546797], [-91.0787572575982, 30.2346252190766], [-91.0802974191528, 30.2353873640436], [-91.0817664341369, 30.2362124452794], [-91.0832507195826, 30.2370258781042], [-91.0847519849837, 30.2378259546268], [-91.0861615305977, 30.2386202831495], [-91.087779845582, 30.2395523586215], [-91.0890978546652, 30.2405532627979], [-91.0903955609246, 30.2418091708633], [-91.0913200171835, 30.2429389536692], [-91.0922444734424, 30.244065853678], [-91.0929603408923, 30.2453686668758], [-91.0936201525702, 30.2468383851906], [-91.0943071849978, 30.2483052878863], [-91.0950517994351, 30.2498760748174], [-91.0947482578023, 30.2512812412518], [-91.0944619647213, 30.2526380443077], [-91.0942714320495, 30.2534704300218], [-91.0949747230854, 30.2549587277204], [-91.0956979630089, 30.2549790958259]]}, "properties": {"OBJECTID_1": 42604, "OBJECTID": 42604, "ID": "148851", "TYPE": "AC; OVERHEAD", "STATUS": "IN SERVICE", "NAICS_CODE": "221121", "NAICS_DESC": "ELECTRIC BULK POWER TRANSMISSION AND CONTROL", "SOURCE": "IMAGERY, EIA 860", "SOURCEDATE": 1402531200000, "VAL_METHOD": "IMAGERY", "VAL_DATE": 1490054400000, "OWNER": "ENTERGY LOUISIANA LLC", "VOLTAGE": 230, "VOLT_CLASS": "220-287", "INFERRED": "Y", "SUB_1": "CARVILLE ENERGY LLC", "SUB_2": "UNKNOWN115481", "Shape__Len": 5179.545627923162, "Shape__Length": 5179.545546271268}}, {"type": "Feature", "id": 43286, "geometry": {"type": "LineString", "coordinates": [[-91.1853377810578, 30.4910516692887], [-91.1857648940427, 30.4910278738871]]}, "properties": {"OBJECTID_1": 43286, "OBJECTID": 43286, "ID": "149642", "TYPE": "AC; OVERHEAD", "STATUS": "IN SERVICE", "NAICS_CODE": "221121", "NAICS_DESC": "ELECTRIC BULK POWER TRANSMISSION AND CONTROL", "SOURCE": "IMAGERY, OpenStreetMap, EIA 861, EIA 860", "SOURCEDATE": 1405036800000, "VAL_METHOD": "IMAGERY", "VAL_DATE": 1588204800000, "OWNER": "ENTERGY GULF STATES - LA LLC", "VOLTAGE": 230, "VOLT_CLASS": "220-287", "INFERRED": "Y", "SUB_1": "UNKNOWN112429", "SUB_2": "TAP142973", "Shape__Len": 47.64526662623201, "Shape__Length": 47.64526830666782}}, {"type": "Feature", "id": 54168, "geometry": {"type": "LineString", "coordinates": [[-91.2842370593562, 30.6983450142255], [-91.2827546954069, 30.6978662336169], [-91.2677473064214, 30.6960036519227], [-91.2673713497969, 30.6938136096189], [-91.2678055307266, 30.6888369677817], [-91.2665205535947, 30.6813941818418], [-91.2661787509173, 30.6805720083279], [-91.2657722830142, 30.6795927898873], [-91.2657470152019, 30.6780016956783], [-91.265049425773, 30.677033055915], [-91.2614288208176, 30.6719447537592], [-91.2447143031106, 30.6402080507962], [-91.2443128756546, 30.6393495551504], [-91.2453907057735, 30.6391217493086], [-91.2451320071413, 30.6387508808072]]}, "properties": {"OBJECTID_1": 54168, "OBJECTID": 54168, "ID": "165913", "TYPE": "AC; OVERHEAD", "STATUS": "IN SERVICE", "NAICS_CODE": "221121", "NAICS_DESC": "ELECTRIC BULK POWER TRANSMISSION AND CONTROL", "SOURCE": "IMAGERY, EIA 860", "SOURCEDATE": 1404777600000, "VAL_METHOD": "IMAGERY", "VAL_DATE": 1552262400000, "OWNER": "ENTERGY LOUISIANA LLC", "VOLTAGE": 138, "VOLT_CLASS": "100-161", "INFERRED": "Y", "SUB_1": "PORT HUDSON", "SUB_2": "TAP161148", "Shape__Len": 9951.92014536049, "Shape__Length": 9951.920202792833}}, {"type": "Feature", "id": 55830, "geometry": {"type": "LineString", "coordinates": [[-91.4341238472052, 30.4264563296322], [-91.4344343525782, 30.4260400908777], [-91.4366126485645, 30.4259967812913], [-91.4459145245668, 30.4195437386269], [-91.44765802329604, 30.41908051770667]]}, "properties": {"OBJECTID_1": 55830, "OBJECTID": 55830, "ID": "167674", "TYPE": "AC; OVERHEAD", "STATUS": "IN SERVICE", "NAICS_CODE": "221121", "NAICS_DESC": "ELECTRIC BULK POWER TRANSMISSION AND CONTROL", "SOURCE": "IMAGERY, OpenStreetMap, https://cdn.misoenergy.org/Entergy Louisiana Transferred Facilities 2019390620.xlsx", "SOURCEDATE": 1403049600000, "VAL_METHOD": "IMAGERY", "VAL_DATE": 1587340800000, "OWNER": "ENTERGY LOUISIANA LLC", "VOLTAGE": 138, "VOLT_CLASS": "100-161", "INFERRED": "Y", "SUB_1": "UNKNOWN112482", "SUB_2": "CECILIA", "Shape__Len": 48053.299060451915, "Shape__Length": 48053.29902114071}}, {"type": "Feature", "id": 66494, "geometry": {"type": "LineString", "coordinates": [[-91.2077056375962, 30.8313835428161], [-91.2080886334193, 30.8313590596962], [-91.2098137850404, 30.8304918086398], [-91.2137124913398, 30.8307016717073], [-91.2237252626169, 30.8288885226629], [-91.2273872538558, 30.8282294122128], [-91.2286721627157, 30.8282222737687], [-91.2358890678082, 30.8290146339646], [-91.2441624536585, 30.8317343580866], [-91.2474675253704, 30.8330977892192], [-91.2501087268159, 30.8349180769257], [-91.2519218756056, 30.8362815083441], [-91.25260716081, 30.8367098112581]]}, "properties": {"OBJECTID_1": 66494, "OBJECTID": 66494, "ID": "179040", "TYPE": "AC; OVERHEAD", "STATUS": "IN SERVICE", "NAICS_CODE": "221121", "NAICS_DESC": "ELECTRIC BULK POWER TRANSMISSION AND CONTROL", "SOURCE": "IMAGERY, EIA 861, https://cdn.misoenergy.org/Entergy Louisiana Transferred Facilities 2019390620.xlsx", "SOURCEDATE": 1633305600000, "VAL_METHOD": "IMAGERY", "VAL_DATE": 1587340800000, "OWNER": "ENTERGY LOUISIANA LLC", "VOLTAGE": 69, "VOLT_CLASS": "UNDER 100", "INFERRED": "Y", "SUB_1": "JACKSON", "SUB_2": "TAP176849", "Shape__Len": 5342.753985279881, "Shape__Length": 5342.754037949437}}, {"type": "Feature", "id": 67654, "geometry": {"type": "LineString", "coordinates": [[-91.2708280724001, 30.3361440631707], [-91.2701213722577, 30.3353368309565], [-91.2694699220985, 30.3356577291243], [-91.2686467032772, 30.3284040438039], [-91.2684373688665, 30.3276430078991], [-91.2672928810585, 30.3277779988266], [-91.2659136257376, 30.327836691319], [-91.2655928660957, 30.3278249070759]]}, "properties": {"OBJECTID_1": 67654, "OBJECTID": 67654, "ID": "180200", "TYPE": "AC; OVERHEAD", "STATUS": "IN SERVICE", "NAICS_CODE": "221121", "NAICS_DESC": "ELECTRIC BULK POWER TRANSMISSION AND CONTROL", "SOURCE": "IMAGERY, EIA 861", "SOURCEDATE": 1406073600000, "VAL_METHOD": "IMAGERY", "VAL_DATE": 1652054400000, "OWNER": "ENTERGY GULF STATES - LA LLC", "VOLTAGE": 230, "VOLT_CLASS": "220-287", "INFERRED": "Y", "SUB_1": "UNKNOWN112485", "SUB_2": "UNKNOWN176894", "Shape__Len": 1572.9412675981819, "Shape__Length": 1572.9413409850486}}, {"type": "Feature", "id": 67815, "geometry": {"type": "LineString", "coordinates": [[-91.2451320071413, 30.6387508808072], [-91.2455691210704, 30.6389654283112], [-91.2463571286275, 30.638391966274], [-91.2475875816149, 30.638475041819], [-91.265635739091, 30.6396424843551], [-91.2656108997751, 30.6519378836844], [-91.2656108997751, 30.653398429142], [-91.2720541856264, 30.6538952128298], [-91.2718787329733, 30.6554641513858], [-91.2714851954203, 30.659812028692], [-91.2720069225643, 30.6666608930106], [-91.2722266091603, 30.6693723038217], [-91.273995492566, 30.6693547666769], [-91.2743702580245, 30.6701756812075]]}, "properties": {"OBJECTID_1": 67815, "OBJECTID": 67815, "ID": "180361", "TYPE": "AC; OVERHEAD", "STATUS": "IN SERVICE", "NAICS_CODE": "221121", "NAICS_DESC": "ELECTRIC BULK POWER TRANSMISSION AND CONTROL", "SOURCE": "IMAGERY, EIA 860", "SOURCEDATE": 1404777600000, "VAL_METHOD": "IMAGERY", "VAL_DATE": 1652054400000, "OWNER": "ENTERGY LOUISIANA LLC", "VOLTAGE": 138, "VOLT_CLASS": "100-161", "INFERRED": "Y", "SUB_1": "PORT HUDSON", "SUB_2": "UNKNOWN177398", "Shape__Len": 7142.516111594624, "Shape__Length": 7142.516113282451}}, {"type": "Feature", "id": 1964, "geometry": {"type": "LineString", "coordinates": [[-90.79308320778331, 30.86945795129952], [-90.7962896117625, 30.8671573939081], [-90.8135449026942, 30.8650648682243], [-90.818180653328, 30.8598496490632], [-90.8223013198593, 30.8489363207396], [-90.8393312621137, 30.8386346551561], [-90.8440957826503, 30.8394716647983], [-90.845093757032, 30.8403730608293], [-90.8486671474344, 30.8425299730147], [-90.8535926307985, 30.8356085400191], [-90.8661155950168, 30.8356085400191], [-90.8661477870433, 30.8340632897632], [-90.8682725057095, 30.830361128894], [-90.8681437349084, 30.829942624214], [-90.8666950640706, 30.8289446501463], [-90.8685944331612, 30.8188683316593], [-90.8674354959519, 30.8127517178848], [-90.867016990624, 30.8122044418057], [-90.8694958287684, 30.7999712130919], [-90.8745265398866, 30.7747526010248], [-90.8767156444025, 30.7632122146362], [-90.8778339912356, 30.7622366356829], [-90.8790571328349, 30.7618822389292], [-90.8796557099531, 30.761803675698], [-90.8808977565976, 30.7616278437658], [-90.8841113672371, 30.7604045021008], [-90.8849568570909, 30.7602660817952], [-90.8896910028928, 30.7595355600786], [-90.8935814222337, 30.7589406939732], [-90.8988757233107, 30.7585004937148], [-90.9000892484448, 30.7585718781988], [-90.9023259412129, 30.7580008070204], [-90.9043246882285, 30.7575962993073], [-90.9060141057659, 30.7573940448134], [-90.9112251249312, 30.7569895360949], [-90.9197554927332, 30.7569181527536], [-90.9266321348607, 30.7564541582007], [-90.9313196733706, 30.756025854977], [-90.9338181073647, 30.7555142709045], [-90.9360429037435, 30.755621345914], [-90.9423484751667, 30.7536701879298], [-90.9430980051853, 30.7536820858158], [-90.9485231764262, 30.7521473328617], [-90.9509383294069, 30.7516357490267], [-90.9521399572534, 30.7516952358383], [-90.9575056420562, 30.7520164632141], [-90.9599445887138, 30.7517904138885], [-90.9630616825626, 30.7516476456199], [-90.9636273049846, 30.7522799678947]]}, "properties": {"OBJECTID_1": 1964, "OBJECTID": 1964, "ID": "102303", "TYPE": "OVERHEAD", "STATUS": "IN SERVICE", "NAICS_CODE": "221121", "NAICS_DESC": "ELECTRIC BULK POWER TRANSMISSION AND CONTROL", "SOURCE": "IMAGERY", "SOURCEDATE": 1404691200000, "VAL_METHOD": "IMAGERY", "VAL_DATE": 1409875200000, "OWNER": "ENTERGY LOUISIANA LLC", "VOLTAGE": -999999, "VOLT_CLASS": "UNDER 100", "INFERRED": "Y", "SUB_1": "UNKNOWN114431", "SUB_2": "TAP142950", "Shape__Len": 31495.817939550714, "Shape__Length": 31495.81805092691}}, {"type": "Feature", "id": 2736, "geometry": {"type": "LineString", "coordinates": [[-91.1236835779071, 30.5208498728683], [-91.1236883371814, 30.5206047877175], [-91.1383969752495, 30.5201919522317], [-91.1461064293072, 30.5199849391231], [-91.1476911499949, 30.5155091719789], [-91.1598632816705, 30.515034469826], [-91.1603034831092, 30.5150142448525], [-91.1603094308547, 30.5148488718328], [-91.1605057369988, 30.5148441131434], [-91.1604962193484, 30.514966654933], [-91.1605307209435, 30.5150190027597]]}, "properties": {"OBJECTID_1": 2736, "OBJECTID": 2736, "ID": "103176", "TYPE": "OVERHEAD", "STATUS": "IN SERVICE", "NAICS_CODE": "221121", "NAICS_DESC": "ELECTRIC BULK POWER TRANSMISSION AND CONTROL", "SOURCE": "IMAGERY, EIA 861", "SOURCEDATE": 1405036800000, "VAL_METHOD": "IMAGERY", "VAL_DATE": 1405036800000, "OWNER": "ENTERGY GULF STATES - LA LLC", "VOLTAGE": -999999, "VOLT_CLASS": "UNDER 100", "INFERRED": "Y", "SUB_1": "MICKENS", "SUB_2": "SEVENTY SECOND", "Shape__Len": 4605.5413284486785, "Shape__Length": 4605.541326946159}}, {"type": "Feature", "id": 2913, "geometry": {"type": "LineString", "coordinates": [[-91.0083159822733, 30.4777566396245], [-91.0084193765658, 30.4776531301543], [-91.0085125992345, 30.4771795098279], [-91.0087765790621, 30.4755956293752], [-91.0097788312213, 30.4693919670759], [-91.0104888811814, 30.4682011531666], [-91.0148231509176, 30.4687336906178], [-91.0178112817259, 30.4691256978041], [-91.0178334710118, 30.4643772323098], [-91.01803496313, 30.4564606718018], [-91.0181039681169, 30.4563440793112]]}, "properties": {"OBJECTID_1": 2913, "OBJECTID": 2913, "ID": "103376", "TYPE": "OVERHEAD", "STATUS": "IN SERVICE", "NAICS_CODE": "221121", "NAICS_DESC": "ELECTRIC BULK POWER TRANSMISSION AND CONTROL", "SOURCE": "IMAGERY, EIA 861", "SOURCEDATE": 1404950400000, "VAL_METHOD": "IMAGERY", "VAL_DATE": 1589760000000, "OWNER": "ENTERGY GULF STATES - LA LLC", "VOLTAGE": -999999, "VOLT_CLASS": "100-161", "INFERRED": "Y", "SUB_1": "TAP142971", "SUB_2": "GLORIA", "Shape__Len": 3744.9318509313853, "Shape__Length": 3744.931642169752}}, {"type": "Feature", "id": 3317, "geometry": {"type": "LineString", "coordinates": [[-91.1605495909543, 30.2520781916922], [-91.1604075969523, 30.2512698047618], [-91.1301672816579, 30.2507297848856], [-91.1277452673451, 30.2568041172666], [-91.1264696838961, 30.2587265163611], [-91.1163472220346, 30.2696327260311], [-91.1138633703926, 30.2724587486179], [-91.1128809745945, 30.2728166100826], [-91.1104111133147, 30.275513659812], [-91.1101806792746, 30.2761822439083], [-91.1103018440401, 30.2769478732637]]}, "properties": {"OBJECTID_1": 3317, "OBJECTID": 3317, "ID": "103847", "TYPE": "AC; OVERHEAD", "STATUS": "IN SERVICE", "NAICS_CODE": "221121", "NAICS_DESC": "ELECTRIC BULK POWER TRANSMISSION AND CONTROL", "SOURCE": "IMAGERY, EIA 860", "SOURCEDATE": 1406160000000, "VAL_METHOD": "IMAGERY", "VAL_DATE": 1489536000000, "OWNER": "ENTERGY LOUISIANA LLC", "VOLTAGE": 230, "VOLT_CLASS": "220-287", "INFERRED": "Y", "SUB_1": "UNKNOWN115494", "SUB_2": "WILLOW GLEN (230KV)", "Shape__Len": 7596.231689873325, "Shape__Length": 7596.231744138191}}, {"type": "Feature", "id": 3967, "geometry": {"type": "LineString", "coordinates": [[-91.1873809273063, 30.49002631133], [-91.1872514100052, 30.490530756891]]}, "properties": {"OBJECTID_1": 3967, "OBJECTID": 3967, "ID": "104587", "TYPE": "OVERHEAD", "STATUS": "NOT AVAILABLE", "NAICS_CODE": "221121", "NAICS_DESC": "ELECTRIC BULK POWER TRANSMISSION AND CONTROL", "SOURCE": "IMAGERY, OpenStreetMap, EIA 861, EIA 860", "SOURCEDATE": 1405036800000, "VAL_METHOD": "IMAGERY", "VAL_DATE": 1611100800000, "OWNER": "ENTERGY GULF STATES - LA LLC", "VOLTAGE": 230, "VOLT_CLASS": "220-287", "INFERRED": "Y", "SUB_1": "EXXONMOBIL BATON ROUGE TURBINE GENERATOR", "SUB_2": "NOT AVAILABLE", "Shape__Len": 66.74204049386572, "Shape__Length": 66.74199236946232}}, {"type": "Feature", "id": 4436, "geometry": {"type": "LineString", "coordinates": [[-91.3077411481851, 30.3179826072777], [-91.3048531912091, 30.31799370022], [-91.3049012618566, 30.3171284221355], [-91.3045203923458, 30.3162927268942], [-91.3043909702662, 30.3138669901716], [-91.3038067221751, 30.3129684331194], [-91.3032742439938, 30.3122695541966], [-91.3033344086599, 30.3121406482285]]}, "properties": {"OBJECTID_1": 4436, "OBJECTID": 4436, "ID": "105116", "TYPE": "AC; OVERHEAD", "STATUS": "IN SERVICE", "NAICS_CODE": "221121", "NAICS_DESC": "ELECTRIC BULK POWER TRANSMISSION AND CONTROL", "SOURCE": "IMAGERY, EIA 860", "SOURCEDATE": 1406160000000, "VAL_METHOD": "IMAGERY", "VAL_DATE": 1553644800000, "OWNER": "ENTERGY LOUISIANA LLC", "VOLTAGE": 69, "VOLT_CLASS": "UNDER 100", "INFERRED": "Y", "SUB_1": "UNKNOWN115478", "SUB_2": "TAP143262", "Shape__Len": 1120.8026396420703, "Shape__Length": 1120.8026155286368}}, {"type": "Feature", "id": 4468, "geometry": {"type": "LineString", "coordinates": [[-91.2107758411838, 30.4752040531467], [-91.2107782837031, 30.4749914527826], [-91.2108170873301, 30.4747770526781], [-91.2121783377178, 30.4747676653173], [-91.2236405874182, 30.4753442008811], [-91.2250619153355, 30.4755482361737], [-91.2250099028805, 30.4758494797129], [-91.2248540451787, 30.4772985517076], [-91.2249317485525, 30.4788897429333], [-91.2265701866975, 30.4789868253799], [-91.2282319801416, 30.4790851456452], [-91.2298954803847, 30.4791808351466], [-91.2315588009648, 30.4792751302567], [-91.233195621244, 30.4793680317537], [-91.234910774616, 30.4794651911411], [-91.2364662084288, 30.4795540667349], [-91.2369681861112, 30.4796914831073], [-91.2364130272656, 30.4806774689221], [-91.2356782053632, 30.4820907796433], [-91.2341070519313, 30.4827859710271], [-91.2325327543959, 30.483506780903], [-91.2309662722034, 30.4842329270075], [-91.22938092539, 30.484940256229], [-91.2277894700327, 30.4856596567191], [-91.2262198437367, 30.486380445313], [-91.2246423122663, 30.4871038613414], [-91.2230790640089, 30.4878125623246], [-91.2215046766419, 30.4885494363742], [-91.219924180731, 30.489256734224], [-91.2183795276, 30.4899505576878], [-91.216819243783, 30.4906901248584], [-91.2158124120125, 30.4911185820199], [-91.2144663763908, 30.4917611481127], [-91.2128029659792, 30.4917449698352], [-91.2110207075572, 30.4917436538987], [-91.2092212032784, 30.4917503876233], [-91.207929964889, 30.4917503876233], [-91.2066041413612, 30.4917517817419], [-91.2053550339586, 30.4917422613281], [-91.2028145094019, 30.4916398496703], [-91.1909141666087, 30.4916601313687], [-91.1887026042107, 30.4915781553822], [-91.1879544872421, 30.4915704919735], [-91.1878104873021, 30.4913669856783], [-91.1877318694434, 30.4911415978956]]}, "properties": {"OBJECTID_1": 4468, "OBJECTID": 4468, "ID": "105151", "TYPE": "AC; OVERHEAD", "STATUS": "IN SERVICE", "NAICS_CODE": "221121", "NAICS_DESC": "ELECTRIC BULK POWER TRANSMISSION AND CONTROL", "SOURCE": "IMAGERY, OpenStreetMap, EIA 861, EIA 860", "SOURCEDATE": 1403049600000, "VAL_METHOD": "IMAGERY", "VAL_DATE": 1588204800000, "OWNER": "ENTERGY GULF STATES - LA LLC", "VOLTAGE": 230, "VOLT_CLASS": "220-287", "INFERRED": "Y", "SUB_1": "PORT ALLEN (LA)", "SUB_2": "LOUISIANA 1", "Shape__Len": 9450.290145390276, "Shape__Length": 9450.290244816239}}, {"type": "Feature", "id": 4574, "geometry": {"type": "LineString", "coordinates": [[-91.1875914573746, 30.4979978602065], [-91.1858184776511, 30.4989770782629]]}, "properties": {"OBJECTID_1": 4574, "OBJECTID": 4574, "ID": "105272", "TYPE": "OVERHEAD", "STATUS": "NOT AVAILABLE", "NAICS_CODE": "221121", "NAICS_DESC": "ELECTRIC BULK POWER TRANSMISSION AND CONTROL", "SOURCE": "IMAGERY, EIA 861, EIA 860", "SOURCEDATE": 1402876800000, "VAL_METHOD": "IMAGERY", "VAL_DATE": 1611792000000, "OWNER": "ENTERGY GULF STATES - LA LLC", "VOLTAGE": 230, "VOLT_CLASS": "220-287", "INFERRED": "Y", "SUB_1": "FORMOSA PLASTICS", "SUB_2": "NOT AVAILABLE", "Shape__Len": 234.43220105909575, "Shape__Length": 234.4322727947831}}, {"type": "Feature", "id": 4718, "geometry": {"type": "LineString", "coordinates": [[-90.9219843602768, 30.482353075334], [-90.9221726866863, 30.4823462511571], [-90.9221317468655, 30.4826082721092], [-90.9171816281031, 30.4827899161036], [-90.9130532630097, 30.4828137096488], [-90.9116850731365, 30.4828612998184], [-90.9037614679015, 30.4838130836154], [-90.8996450000958, 30.4842294898254], [-90.8998591521713, 30.4868112051027], [-90.8971010412798, 30.4869205896851], [-90.8971010412798, 30.4872110238808], [-90.8962458343495, 30.4877032778311]]}, "properties": {"OBJECTID_1": 4718, "OBJECTID": 4718, "ID": "105430", "TYPE": "OVERHEAD", "STATUS": "IN SERVICE", "NAICS_CODE": "221121", "NAICS_DESC": "ELECTRIC BULK POWER TRANSMISSION AND CONTROL", "SOURCE": "IMAGERY", "SOURCEDATE": 1404864000000, "VAL_METHOD": "IMAGERY", "VAL_DATE": 1404864000000, "OWNER": "ENTERGY LOUISIANA LLC", "VOLTAGE": -999999, "VOLT_CLASS": "NOT AVAILABLE", "INFERRED": "N", "SUB_1": "COLY", "SUB_2": "LOCKHART", "Shape__Len": 3364.364548868115, "Shape__Length": 3364.364486691209}}, {"type": "Feature", "id": 4874, "geometry": {"type": "LineString", "coordinates": [[-91.0085769841858, 30.4771795098279], [-91.0088602795887, 30.4756471366968], [-91.0098266683068, 30.4694093700736], [-91.0105151344456, 30.468254754921], [-91.0148168501343, 30.4687832930112], [-91.0178610160533, 30.4691826508202], [-91.0178834676472, 30.4643779849274], [-91.0180846157107, 30.4564749463692], [-91.0181039681169, 30.4563440793112]]}, "properties": {"OBJECTID_1": 4874, "OBJECTID": 4874, "ID": "105610", "TYPE": "OVERHEAD", "STATUS": "IN SERVICE", "NAICS_CODE": "221121", "NAICS_DESC": "ELECTRIC BULK POWER TRANSMISSION AND CONTROL", "SOURCE": "IMAGERY, EIA 861", "SOURCEDATE": 1404950400000, "VAL_METHOD": "IMAGERY", "VAL_DATE": 1405036800000, "OWNER": "ENTERGY GULF STATES - LA LLC", "VOLTAGE": -999999, "VOLT_CLASS": "100-161", "INFERRED": "Y", "SUB_1": "TAP142972", "SUB_2": "GLORIA", "Shape__Len": 3665.8479652851584, "Shape__Length": 3665.84785543432}}, {"type": "Feature", "id": 4968, "geometry": {"type": "LineString", "coordinates": [[-91.3739768760658, 30.6830310411336], [-91.3741283481924, 30.6822273279887], [-91.3723017624027, 30.6741210642227], [-91.3719105092655, 30.6734579846911], [-91.371643683575, 30.6735134989717], [-91.3715684721278, 30.6732430926442], [-91.371215690241, 30.6729494060738]]}, "properties": {"OBJECTID_1": 4968, "OBJECTID": 4968, "ID": "105717", "TYPE": "OVERHEAD", "STATUS": "IN SERVICE", "NAICS_CODE": "221121", "NAICS_DESC": "ELECTRIC BULK POWER TRANSMISSION AND CONTROL", "SOURCE": "IMAGERY", "SOURCEDATE": 1404950400000, "VAL_METHOD": "IMAGERY", "VAL_DATE": 1404950400000, "OWNER": "ENTERGY LOUISIANA LLC", "VOLTAGE": -999999, "VOLT_CLASS": "NOT AVAILABLE", "INFERRED": "N", "SUB_1": "UNKNOWN112425", "SUB_2": "UNKNOWN112426", "Shape__Len": 1391.5795244202873, "Shape__Length": 1391.579641696583}}, {"type": "Feature", "id": 6172, "geometry": {"type": "LineString", "coordinates": [[-91.1681282422219, 30.4478797303821], [-91.165781498645, 30.4480106002882], [-91.1657785243231, 30.4498903737759], [-91.1660581105822, 30.4500956030971], [-91.1661741100349, 30.452174657316], [-91.1662068266775, 30.4530848009914], [-91.1662068266775, 30.45326920886], [-91.1662335955747, 30.4563952258954], [-91.1709151863391, 30.4562405610208], [-91.1732470583064, 30.4561572798327], [-91.17325003173, 30.4561989196613], [-91.1709241093048, 30.4562762529367], [-91.1709657489132, 30.4573083439377], [-91.1677534767634, 30.4574273171849], [-91.167830809133, 30.4587955068293], [-91.1674352243195, 30.4590602223634], [-91.1694192955583, 30.4915061812435], [-91.1694684792184, 30.4927938917891], [-91.1672731098518, 30.4928654322693], [-91.1660354371044, 30.4929055841192]]}, "properties": {"OBJECTID_1": 6172, "OBJECTID": 6172, "ID": "107085", "TYPE": "OVERHEAD", "STATUS": "NOT AVAILABLE", "NAICS_CODE": "221121", "NAICS_DESC": "ELECTRIC BULK POWER TRANSMISSION AND CONTROL", "SOURCE": "IMAGERY, EIA 861", "SOURCEDATE": 1405900800000, "VAL_METHOD": "IMAGERY", "VAL_DATE": 1566518400000, "OWNER": "ENTERGY GULF STATES - LA LLC", "VOLTAGE": -999999, "VOLT_CLASS": "NOT AVAILABLE", "INFERRED": "N", "SUB_1": "TAP142977", "SUB_2": "DEADEND167031", "Shape__Len": 7874.579872693356, "Shape__Length": 7874.5797388500105}}, {"type": "Feature", "id": 6346, "geometry": {"type": "LineString", "coordinates": [[-90.712854462771, 30.695498699759], [-90.7125167779708, 30.6962153146938], [-90.69418102270886, 30.700747035885676]]}, "properties": {"OBJECTID_1": 6346, "OBJECTID": 6346, "ID": "107277", "TYPE": "OVERHEAD", "STATUS": "IN SERVICE", "NAICS_CODE": "221121", "NAICS_DESC": "ELECTRIC BULK POWER TRANSMISSION AND CONTROL", "SOURCE": "IMAGERY", "SOURCEDATE": 1404950400000, "VAL_METHOD": "IMAGERY", "VAL_DATE": 1404950400000, "OWNER": "ENTERGY LOUISIANA LLC", "VOLTAGE": -999999, "VOLT_CLASS": "UNDER 100", "INFERRED": "Y", "SUB_1": "TAP142953", "SUB_2": "TAP142954", "Shape__Len": 17897.030478458553, "Shape__Length": 17897.0304370409}}, {"type": "Feature", "id": 6658, "geometry": {"type": "LineString", "coordinates": [[-91.1728933906808, 30.405387180139], [-91.171616206434, 30.4066809517663], [-91.1710104338103, 30.4068567468889], [-91.1703425606511, 30.4073521230802], [-91.1700462199136, 30.4075378887944], [-91.1706168315787, 30.4085845208148], [-91.1711403140308, 30.4106903443387], [-91.17137858677, 30.4118260697313], [-91.1705774548266, 30.4121642099373], [-91.1713317665774, 30.4145155841331], [-91.1712537353185, 30.4152386839534], [-91.1711965108383, 30.4156704632594], [-91.1713317665774, 30.4162739130074], [-91.1718580868074, 30.4169509608944], [-91.1728473825652, 30.4170014890379], [-91.1726549409734, 30.4190414779483], [-91.172745676207, 30.4192834397807], [-91.17405788936, 30.4188708066766], [-91.1743037402869, 30.4193691531249], [-91.176699083619, 30.4217207178134], [-91.1768035603815, 30.4237395662695], [-91.1842791982421, 30.4235909210728], [-91.184257372774, 30.4228871860866], [-91.184094359991, 30.4229001239154], [-91.1840141467243, 30.4228431980757]]}, "properties": {"OBJECTID_1": 6658, "OBJECTID": 6658, "ID": "107646", "TYPE": "OVERHEAD", "STATUS": "IN SERVICE", "NAICS_CODE": "221121", "NAICS_DESC": "ELECTRIC BULK POWER TRANSMISSION AND CONTROL", "SOURCE": "IMAGERY, EIA 861", "SOURCEDATE": 1405987200000, "VAL_METHOD": "IMAGERY", "VAL_DATE": 1406678400000, "OWNER": "ENTERGY GULF STATES - LA LLC", "VOLTAGE": -999999, "VOLT_CLASS": "NOT AVAILABLE", "INFERRED": "N", "SUB_1": "TAP143281", "SUB_2": "ALASKA", "Shape__Len": 4004.919328343479, "Shape__Length": 4004.919244289432}}, {"type": "Feature", "id": 6757, "geometry": {"type": "LineString", "coordinates": [[-91.068324926371, 30.2276829488616], [-91.0681889816241, 30.2277991837816], [-91.0678807337175, 30.2289581972396], [-91.0649585401494, 30.2275155949866], [-91.0576304523708, 30.223533028328], [-91.0571290352371, 30.2248153411195], [-91.0551069257359, 30.2301583098858], [-91.0546794893574, 30.2301829698256], [-91.0521806232737, 30.2294513938958]]}, "properties": {"OBJECTID_1": 6757, "OBJECTID": 6757, "ID": "107763", "TYPE": "AC; OVERHEAD", "STATUS": "IN SERVICE", "NAICS_CODE": "221121", "NAICS_DESC": "ELECTRIC BULK POWER TRANSMISSION AND CONTROL", "SOURCE": "IMAGERY, EIA 860", "SOURCEDATE": 1406160000000, "VAL_METHOD": "IMAGERY", "VAL_DATE": 1490054400000, "OWNER": "ENTERGY LOUISIANA LLC", "VOLTAGE": 138, "VOLT_CLASS": "100-161", "INFERRED": "Y", "SUB_1": "COSMAR", "SUB_2": "ALCHEM", "Shape__Len": 2752.8782414090247, "Shape__Length": 2752.878183003089}}, {"type": "Feature", "id": 7008, "geometry": {"type": "LineString", "coordinates": [[-91.2655928660957, 30.3278249070759], [-91.2659475560042, 30.3275921489861], [-91.26615107562, 30.3275854768146], [-91.2662478313627, 30.329343754689], [-91.2617103393529, 30.3305582009596], [-91.257543185904, 30.3308084308883], [-91.2540800107021, 30.3334975620919], [-91.2375217549387, 30.322025486295], [-91.2361791796275, 30.3225140693073], [-91.235329291622, 30.3224114249248], [-91.2352718120202, 30.3222513012723]]}, "properties": {"OBJECTID_1": 7008, "OBJECTID": 7008, "ID": "108051", "TYPE": "AC; OVERHEAD", "STATUS": "IN SERVICE", "NAICS_CODE": "221121", "NAICS_DESC": "ELECTRIC BULK POWER TRANSMISSION AND CONTROL", "SOURCE": "IMAGERY, EIA 860", "SOURCEDATE": 1406073600000, "VAL_METHOD": "IMAGERY", "VAL_DATE": 1489536000000, "OWNER": "ENTERGY LOUISIANA LLC", "VOLTAGE": 230, "VOLT_CLASS": "220-287", "INFERRED": "Y", "SUB_1": "UNKNOWN112485", "SUB_2": "PLAQUEMINE COGENERATION PLANT", "Shape__Len": 4454.655427224609, "Shape__Length": 4454.655413926051}}, {"type": "Feature", "id": 8307, "geometry": {"type": "LineString", "coordinates": [[-91.032305475766, 30.4748300190536], [-91.0323261936114, 30.4749726076481]]}, "properties": {"OBJECTID_1": 8307, "OBJECTID": 8307, "ID": "109541", "TYPE": "OVERHEAD", "STATUS": "IN SERVICE", "NAICS_CODE": "221121", "NAICS_DESC": "ELECTRIC BULK POWER TRANSMISSION AND CONTROL", "SOURCE": "IMAGERY, EIA 861", "SOURCEDATE": 1404950400000, "VAL_METHOD": "IMAGERY", "VAL_DATE": 1404950400000, "OWNER": "ENTERGY GULF STATES - LA LLC", "VOLTAGE": -999999, "VOLT_CLASS": "100-161", "INFERRED": "Y", "SUB_1": "UNKNOWN112506", "SUB_2": "TAP143266", "Shape__Len": 18.56109597780223, "Shape__Length": 18.561041875219697}}, {"type": "Feature", "id": 8543, "geometry": {"type": "LineString", "coordinates": [[-91.0083398873413, 30.538976434668], [-91.0082398707142, 30.5389383328181], [-91.0082613027202, 30.5387966441886], [-91.0080481738258, 30.5387680681365], [-91.0082517778833, 30.5376250307622], [-91.0095482480609, 30.5298381042647], [-91.0148782410008, 30.5300998448502], [-91.0157586411832, 30.5299094882714], [-91.0174242641453, 30.5300046658336], [-91.0192802437094, 30.5278393570927], [-91.0187478975805, 30.5215805581658], [-91.0182145722879, 30.517491929119], [-91.0179695873369, 30.5161966356761], [-91.0195020458379, 30.5155424740594], [-91.0194499219919, 30.5151385091161], [-91.0194785899275, 30.5150134113674]]}, "properties": {"OBJECTID_1": 8543, "OBJECTID": 8543, "ID": "109806", "TYPE": "OVERHEAD", "STATUS": "IN SERVICE", "NAICS_CODE": "221121", "NAICS_DESC": "ELECTRIC BULK POWER TRANSMISSION AND CONTROL", "SOURCE": "IMAGERY, EIA 861", "SOURCEDATE": 1404950400000, "VAL_METHOD": "IMAGERY", "VAL_DATE": 1404950400000, "OWNER": "ENTERGY GULF STATES - LA LLC", "VOLTAGE": -999999, "VOLT_CLASS": "UNDER 100", "INFERRED": "Y", "SUB_1": "UNKNOWN114467", "SUB_2": "UNKNOWN114613", "Shape__Len": 4221.435267219081, "Shape__Length": 4221.435115830312}}, {"type": "Feature", "id": 9311, "geometry": {"type": "LineString", "coordinates": [[-91.1875380651073, 30.4926269219974], [-91.1873827931071, 30.4929195491347], [-91.1863436686988, 30.4928926749347], [-91.1862152706986, 30.4938870099732], [-91.1853164882906, 30.4937705559528], [-91.1774143518926, 30.4933510439831], [-91.1770130573872, 30.4933759047074], [-91.1769702266128, 30.4920648216222], [-91.176921408567, 30.4908072080287], [-91.1773753398565, 30.489627895171], [-91.1773043810338, 30.4892274848466]]}, "properties": {"OBJECTID_1": 9311, "OBJECTID": 9311, "ID": "110694", "TYPE": "AC; OVERHEAD", "STATUS": "IN SERVICE", "NAICS_CODE": "221121", "NAICS_DESC": "ELECTRIC BULK POWER TRANSMISSION AND CONTROL", "SOURCE": "IMAGERY, EIA 861, EIA 860", "SOURCEDATE": 1405900800000, "VAL_METHOD": "IMAGERY", "VAL_DATE": 1588204800000, "OWNER": "ENTERGY GULF STATES - LA LLC", "VOLTAGE": 230, "VOLT_CLASS": "220-287", "INFERRED": "Y", "SUB_1": "LOUISIANA 2", "SUB_2": "ESSO", "Shape__Len": 1858.6697348216896, "Shape__Length": 1858.6697160918973}}, {"type": "Feature", "id": 9777, "geometry": {"type": "LineString", "coordinates": [[-91.0432388728856, 30.4743658668488], [-91.0434255904124, 30.4743884020256], [-91.0436799133508, 30.4732326837915], [-91.0605810839059, 30.4726918456277], [-91.0605778652422, 30.47213491196], [-91.0606261541803, 30.4720190187838]]}, "properties": {"OBJECTID_1": 9777, "OBJECTID": 9777, "ID": "111222", "TYPE": "OVERHEAD", "STATUS": "IN SERVICE", "NAICS_CODE": "221121", "NAICS_DESC": "ELECTRIC BULK POWER TRANSMISSION AND CONTROL", "SOURCE": "IMAGERY, EIA 861", "SOURCEDATE": 1404950400000, "VAL_METHOD": "IMAGERY", "VAL_DATE": 1404950400000, "OWNER": "ENTERGY GULF STATES - LA LLC", "VOLTAGE": -999999, "VOLT_CLASS": "UNDER 100", "INFERRED": "Y", "SUB_1": "UNKNOWN114469", "SUB_2": "SHARP", "Shape__Len": 2143.488799659496, "Shape__Length": 2143.488816596538}}, {"type": "Feature", "id": 11070, "geometry": {"type": "LineString", "coordinates": [[-91.1767105703766, 30.2567777336529], [-91.176706300684, 30.2563977908281], [-91.1804331673544, 30.2462118776685], [-91.1812741656318, 30.2459600047346], [-91.1816138015727, 30.2456500693092]]}, "properties": {"OBJECTID_1": 11070, "OBJECTID": 11070, "ID": "112706", "TYPE": "AC; OVERHEAD", "STATUS": "IN SERVICE", "NAICS_CODE": "221121", "NAICS_DESC": "ELECTRIC BULK POWER TRANSMISSION AND CONTROL", "SOURCE": "IMAGERY, EIA 860", "SOURCEDATE": 1406246400000, "VAL_METHOD": "IMAGERY", "VAL_DATE": 1489536000000, "OWNER": "ENTERGY LOUISIANA LLC", "VOLTAGE": 230, "VOLT_CLASS": "220-287", "INFERRED": "Y", "SUB_1": "UNKNOWN112493", "SUB_2": "UNKNOWN115657", "Shape__Len": 1579.6923420418866, "Shape__Length": 1579.6922252297536}}, {"type": "Feature", "id": 11785, "geometry": {"type": "LineString", "coordinates": [[-90.8708927386796, 30.2876028647077], [-90.871261967821, 30.2875330897402], [-90.8714480358658, 30.2874516846438]]}, "properties": {"OBJECTID_1": 11785, "OBJECTID": 11785, "ID": "113530", "TYPE": "OVERHEAD", "STATUS": "IN SERVICE", "NAICS_CODE": "221121", "NAICS_DESC": "ELECTRIC BULK POWER TRANSMISSION AND CONTROL", "SOURCE": "IMAGERY", "SOURCEDATE": 1405987200000, "VAL_METHOD": "IMAGERY", "VAL_DATE": 1405987200000, "OWNER": "ENTERGY LOUISIANA LLC", "VOLTAGE": -999999, "VOLT_CLASS": "UNDER 100", "INFERRED": "Y", "SUB_1": "UNKNOWN114563", "SUB_2": "TAP142471", "Shape__Len": 65.29497206121604, "Shape__Length": 65.29499659954911}}, {"type": "Feature", "id": 12085, "geometry": {"type": "LineString", "coordinates": [[-91.1605495909543, 30.2520781916922], [-91.1604051104156, 30.2555376027012], [-91.1570999030581, 30.2641010932305], [-91.1544128507022, 30.2702800519271]]}, "properties": {"OBJECTID_1": 12085, "OBJECTID": 12085, "ID": "113862", "TYPE": "AC; OVERHEAD", "STATUS": "IN SERVICE", "NAICS_CODE": "221121", "NAICS_DESC": "ELECTRIC BULK POWER TRANSMISSION AND CONTROL", "SOURCE": "IMAGERY, EIA 860", "SOURCEDATE": 1406160000000, "VAL_METHOD": "IMAGERY", "VAL_DATE": 1653264000000, "OWNER": "ENTERGY LOUISIANA LLC", "VOLTAGE": 230, "VOLT_CLASS": "220-287", "INFERRED": "Y", "SUB_1": "UNKNOWN115494", "SUB_2": "UNKNOWN115495", "Shape__Len": 2460.2036886785427, "Shape__Length": 2460.203742603218}}, {"type": "Feature", "id": 12338, "geometry": {"type": "LineString", "coordinates": [[-91.1348009158609, 30.4926173993471], [-91.1346351632163, 30.4926427440546], [-91.1343709686912, 30.4926532706752], [-91.1343489599668, 30.4932487640621], [-91.1347682037099, 30.4932431907697], [-91.1352492524428, 30.4932383923196], [-91.1357433249508, 30.4932336697278], [-91.1363993646028, 30.4932298767923], [-91.1369452708009, 30.4932241486851], [-91.1377640851824, 30.4932032488318], [-91.1383440384281, 30.4931824263809], [-91.1388095454084, 30.49317298274], [-91.1393268842822, 30.4931605202289], [-91.1398254492649, 30.4931264611841], [-91.1404846330203, 30.4930942598945], [-91.1410844381356, 30.4930856677216], [-91.1418339025771, 30.4930705733621], [-91.1425140170787, 30.4930486671849], [-91.143095137236, 30.4930335728197], [-91.1436387976459, 30.4930136792167], [-91.1442893575747, 30.4929927793182], [-91.1449672262881, 30.4929661512929], [-91.1456033233408, 30.4929472639681], [-91.1461646805619, 30.4929291507107], [-91.1467094189501, 30.4929054641381], [-91.1473345565563, 30.4928855712831], [-91.1478001533681, 30.4928751213206], [-91.148281022438, 30.4928542206183], [-91.1487488641397, 30.4928353332719], [-91.1493629515696, 30.4928153622212], [-91.1500111767769, 30.4927983326399], [-91.1506032563807, 30.4927812256485], [-91.1511557202804, 30.4927670601283], [-91.1517720543968, 30.4927404320412], [-91.1523289200415, 30.4927234798541], [-91.1529441761795, 30.4927034313732], [-91.1536353399592, 30.4926902721364], [-91.1540975231728, 30.4926693721684], [-91.1545345535585, 30.4926551292247], [-91.1550066182404, 30.492638022208], [-91.1554380790713, 30.4926276496263], [-91.1557638081934, 30.4926181292983], [-91.1562359627067, 30.4925972293148], [-91.1567762993501, 30.4925849207706], [-91.1572705524194, 30.492567891149], [-91.1577162066319, 30.4925545770791], [-91.1582093817228, 30.4925394826372], [-91.1587320215551, 30.4925280263413], [-91.1591150631923, 30.4925147896733], [-91.1593911145808, 30.4924959796684], [-91.1590401436976, 30.4935206938975], [-91.1588420651775, 30.4940768588711], [-91.1586516223372, 30.4946296922188], [-91.1590978164372, 30.4946126629551], [-91.159583714276, 30.4945979558613], [-91.1600669180673, 30.4945789906735], [-91.1605286521234, 30.4945618847692], [-91.1610178746271, 30.4945452432966], [-91.1614272369021, 30.4945381211883], [-91.1624282296232, 30.4944997278988], [-91.1628469343771, 30.4944827760182], [-91.1629191472478, 30.4945981687271], [-91.1627432562169, 30.4946523891265]]}, "properties": {"OBJECTID_1": 12338, "OBJECTID": 12338, "ID": "114163", "TYPE": "AC; OVERHEAD", "STATUS": "IN SERVICE", "NAICS_CODE": "221121", "NAICS_DESC": "ELECTRIC BULK POWER TRANSMISSION AND CONTROL", "SOURCE": "IMAGERY, OpenStreetMap, EIA 861, EIA 860", "SOURCEDATE": 1403049600000, "VAL_METHOD": "IMAGERY", "VAL_DATE": 1588204800000, "OWNER": "ENTERGY GULF STATES - LA LLC", "VOLTAGE": 230, "VOLT_CLASS": "220-287", "INFERRED": "Y", "SUB_1": "DELMONT", "SUB_2": "HAZEL", "Shape__Len": 3707.6359939758736, "Shape__Length": 3707.6360408685773}}, {"type": "Feature", "id": 12356, "geometry": {"type": "LineString", "coordinates": [[-90.986248659808, 30.3668857542713], [-90.9864131988287, 30.3673431486522], [-90.9864033236488, 30.367761200159], [-90.9866732467304, 30.3686532632002], [-90.9885059805899, 30.3735432673293], [-90.9887415476035, 30.3742499666559], [-91.004516181385, 30.3880158041536], [-91.00479473009, 30.3878765297339], [-91.0049200774114, 30.3878533166656]]}, "properties": {"OBJECTID_1": 12356, "OBJECTID": 12356, "ID": "114185", "TYPE": "AC; OVERHEAD", "STATUS": "IN SERVICE", "NAICS_CODE": "221121", "NAICS_DESC": "ELECTRIC BULK POWER TRANSMISSION AND CONTROL", "SOURCE": "IMAGERY, EIA 860", "SOURCEDATE": 1405987200000, "VAL_METHOD": "IMAGERY", "VAL_DATE": 1553644800000, "OWNER": "ENTERGY GULF STATES - LA LLC", "VOLTAGE": 138, "VOLT_CLASS": "100-161", "INFERRED": "Y", "SUB_1": "UNKNOWN115461", "SUB_2": "TAP143254", "Shape__Len": 3540.581715326903, "Shape__Length": 3540.581783308475}}, {"type": "Feature", "id": 12673, "geometry": {"type": "LineString", "coordinates": [[-91.2077056375962, 30.8313835428161], [-91.2076807309067, 30.8315828293175], [-91.2068569003327, 30.8320815798556], [-91.2046481433733, 30.8358712017037], [-91.2004299386667, 30.8368896077756], [-91.1866780575802, 30.8348093539224], [-91.1852741758441, 30.8345952019348], [-91.1818239579419, 30.8327868116326], [-91.1815503203265, 30.8323347141331], [-91.1747807528893, 30.829752998901], [-91.1734125630161, 30.8295388479749], [-91.167868418899, 30.8301694047263], [-91.1577676073341, 30.8294079771721], [-91.1465603462237, 30.8304192479715], [-91.1392672981311, 30.8347498668357], [-91.1385891509399, 30.8349878126471], [-91.13147456306, 30.8358087271459], [-91.1264834802223, 30.8367006757207], [-91.1252079866049, 30.8371898306946]]}, "properties": {"OBJECTID_1": 12673, "OBJECTID": 12673, "ID": "114545", "TYPE": "AC; OVERHEAD", "STATUS": "IN SERVICE", "NAICS_CODE": "221121", "NAICS_DESC": "ELECTRIC BULK POWER TRANSMISSION AND CONTROL", "SOURCE": "IMAGERY, EIA 861, https://cdn.misoenergy.org/Entergy Louisiana Transferred Facilities 2019390620.xlsx", "SOURCEDATE": 1404777600000, "VAL_METHOD": "IMAGERY", "VAL_DATE": 1587340800000, "OWNER": "ENTERGY LOUISIANA LLC", "VOLTAGE": 69, "VOLT_CLASS": "UNDER 100", "INFERRED": "Y", "SUB_1": "JACKSON", "SUB_2": "MCMANUS", "Shape__Len": 9980.446321422409, "Shape__Length": 9980.446321215884}}, {"type": "Feature", "id": 12887, "geometry": {"type": "LineString", "coordinates": [[-91.248365699619, 30.3795288273293], [-91.2467349869854, 30.3820633490867], [-91.2444717822384, 30.3854359673039], [-91.2440515099243, 30.3860781220748], [-91.2436364586187, 30.38640964066], [-91.2428794474304, 30.3873023929015], [-91.2387941933859, 30.3915677628545], [-91.2383243241866, 30.392042853736], [-91.2399610348713, 30.3926536836883], [-91.2363613130513, 30.3974724556753], [-91.2354685610338, 30.39884290905], [-91.2317304887786, 30.403867900862], [-91.2303365433078, 30.4057865350221], [-91.2285458182642, 30.4082168039818], [-91.226883001639, 30.4104565151961], [-91.2265645353961, 30.410913333003], [-91.2247294335775, 30.4134010301281], [-91.2231997481757, 30.4155128333566], [-91.2218031922007, 30.4174027516777], [-91.220401414319, 30.4193005023561], [-91.219336377108, 30.4207623177067], [-91.2173838079896, 30.4234118600665], [-91.2159298236168, 30.4253618178818], [-91.2147290455765, 30.4264999457558], [-91.215856733092, 30.4272282441436], [-91.213306386356, 30.4308227453549], [-91.2125963606504, 30.4318120823497], [-91.222588918037, 30.4373722030462], [-91.2228574819676, 30.4378634673679], [-91.223195455127, 30.4453796941448], [-91.2109370321834, 30.4458109706352], [-91.2109573269223, 30.4462523958294], [-91.2098816707264, 30.4472113539846], [-91.2099679260617, 30.4504484707856], [-91.209562017809, 30.4505042831761], [-91.2096127573512, 30.4513871331967], [-91.2096736433645, 30.4523816079496], [-91.2066797777115, 30.4525172180609], [-91.2069946497949, 30.4573032432668], [-91.206999724378, 30.4577040768207], [-91.2077354320193, 30.4578765881329]]}, "properties": {"OBJECTID_1": 12887, "OBJECTID": 12887, "ID": "114793", "TYPE": "OVERHEAD", "STATUS": "IN SERVICE", "NAICS_CODE": "221121", "NAICS_DESC": "ELECTRIC BULK POWER TRANSMISSION AND CONTROL", "SOURCE": "IMAGERY, EIA 861", "SOURCEDATE": 1406073600000, "VAL_METHOD": "IMAGERY", "VAL_DATE": 1409875200000, "OWNER": "ENTERGY GULF STATES - LA LLC", "VOLTAGE": -999999, "VOLT_CLASS": "NOT AVAILABLE", "INFERRED": "N", "SUB_1": "UNKNOWN115479", "SUB_2": "TAP143256", "Shape__Len": 13975.296193271488, "Shape__Length": 13975.296296331371}}, {"type": "Feature", "id": 13459, "geometry": {"type": "LineString", "coordinates": [[-90.9764334011124, 30.183043796101], [-90.9768164319698, 30.1829106336287], [-90.9772794236672, 30.1825714651215], [-90.9796536053861, 30.1812901619466]]}, "properties": {"OBJECTID_1": 13459, "OBJECTID": 13459, "ID": "115430", "TYPE": "AC; OVERHEAD", "STATUS": "IN SERVICE", "NAICS_CODE": "221121", "NAICS_DESC": "ELECTRIC BULK POWER TRANSMISSION AND CONTROL", "SOURCE": "IMAGERY, OpenStreetMap", "SOURCEDATE": 1406160000000, "VAL_METHOD": "IMAGERY", "VAL_DATE": 1490054400000, "OWNER": "ENTERGY LOUISIANA LLC", "VOLTAGE": 230, "VOLT_CLASS": "220-287", "INFERRED": "Y", "SUB_1": "UNKNOWN112510", "SUB_2": "TAP143383", "Shape__Len": 425.0873010882308, "Shape__Length": 425.08732214364767}}, {"type": "Feature", "id": 14225, "geometry": {"type": "LineString", "coordinates": [[-91.1162649094051, 30.5955887546484], [-91.1162715919725, 30.5954127559374], [-91.1158995448161, 30.5954083012191], [-91.1158826726585, 30.5906869247237], [-91.112948004186, 30.5906765680229], [-91.1121159387558, 30.5900999911978], [-91.0952671390835, 30.5898777686648], [-91.0944462253392, 30.5902346877932], [-91.0923760936995, 30.5904131472512], [-91.0824894342102, 30.590520222923], [-91.0626625747423, 30.5905678121583], [-91.0616394071084, 30.5908057579847], [-91.0289244308356, 30.5906551516953], [-91.0114324994036, 30.5907596620919], [-91.0084017192806, 30.5910284013792], [-91.0065323260727, 30.5907985269394], [-91.0065354746677, 30.5915897668093], [-91.0063025675657, 30.5916017109662], [-91.0061323673621, 30.5914673418239]]}, "properties": {"OBJECTID_1": 14225, "OBJECTID": 14225, "ID": "116330", "TYPE": "OVERHEAD", "STATUS": "IN SERVICE", "NAICS_CODE": "221121", "NAICS_DESC": "ELECTRIC BULK POWER TRANSMISSION AND CONTROL", "SOURCE": "IMAGERY, EIA 861", "SOURCEDATE": 1404777600000, "VAL_METHOD": "IMAGERY", "VAL_DATE": 1404777600000, "OWNER": "ENTERGY GULF STATES - LA LLC", "VOLTAGE": -999999, "VOLT_CLASS": "NOT AVAILABLE", "INFERRED": "N", "SUB_1": "UNKNOWN112434", "SUB_2": "UNKNOWN114244", "Shape__Len": 13048.4217215526, "Shape__Length": 13048.421659629736}}, {"type": "Feature", "id": 14602, "geometry": {"type": "LineString", "coordinates": [[-91.3832828897083, 30.7698445433192], [-91.3882896247915, 30.7716411976841], [-91.3922167897191, 30.7727924599756], [-91.3933924266096, 30.7731475698632], [-91.3951428146019, 30.7737177901532], [-91.3946486720254, 30.7748686146751], [-91.3940109705816, 30.7760126682414], [-91.3938594032336, 30.7776361083442], [-91.3936328759667, 30.7792730288005], [-91.3920939316293, 30.7801754212126], [-91.3914677843167, 30.7814510896468], [-91.3908604342514, 30.7826886071751], [-91.3901155512178, 30.7842064851709], [-91.3894167517583, 30.7856304186838], [-91.3886494997758, 30.7871937060885], [-91.3882885566947, 30.7879290733351], [-91.3879010648036, 30.7887187639431], [-91.3868072213164, 30.7886508706494], [-91.385498463084, 30.788569533374], [-91.3842945472285, 30.7884947547861], [-91.3835881075975, 30.7884509988671], [-91.3828911020736, 30.7884076056319], [-91.3829943957548, 30.7887788027567], [-91.3827941253454, 30.7889460878253], [-91.3827634945908, 30.7888918971042]]}, "properties": {"OBJECTID_1": 14602, "OBJECTID": 14602, "ID": "116775", "TYPE": "OVERHEAD", "STATUS": "NOT AVAILABLE", "NAICS_CODE": "221121", "NAICS_DESC": "ELECTRIC BULK POWER TRANSMISSION AND CONTROL", "SOURCE": "IMAGERY, EIA 861", "SOURCEDATE": 1404777600000, "VAL_METHOD": "IMAGERY", "VAL_DATE": 1566518400000, "OWNER": "ENTERGY GULF STATES - LA LLC", "VOLTAGE": -999999, "VOLT_CLASS": "NOT AVAILABLE", "INFERRED": "N", "SUB_1": "FRANCIS", "SUB_2": "DEADEND167020", "Shape__Len": 4217.241709315295, "Shape__Length": 4217.241606068051}}, {"type": "Feature", "id": 15159, "geometry": {"type": "LineString", "coordinates": [[-91.3827634945908, 30.7888918971042], [-91.382545956765, 30.789008755696], [-91.3856368772996, 30.7997163306717], [-91.3854798329234, 30.8004801379329], [-91.3858938592513, 30.8015651716225], [-91.3901411972209, 30.8020505819934], [-91.3961231622412, 30.7998519603768], [-91.4007702487155, 30.8000946647937], [-91.40796573887, 30.8016722478547], [-91.4129911607077, 30.8035425036538], [-91.4183735020725, 30.8044205247623], [-91.4214215909344, 30.8048987967365], [-91.4227207767191, 30.8056911572399], [-91.4463345480476, 30.8083966047052], [-91.4476194569075, 30.8114304170726], [-91.4473696138674, 30.8154207742633], [-91.44765802329604, 30.816965233391738]]}, "properties": {"OBJECTID_1": 15159, "OBJECTID": 15159, "ID": "117415", "TYPE": "AC; OVERHEAD", "STATUS": "IN SERVICE", "NAICS_CODE": "221121", "NAICS_DESC": "ELECTRIC BULK POWER TRANSMISSION AND CONTROL", "SOURCE": "IMAGERY, EIA 861, https://cdn.misoenergy.org/Entergy Louisiana Transferred Facilities 2019390620.xlsx", "SOURCEDATE": 1404864000000, "VAL_METHOD": "IMAGERY", "VAL_DATE": 1587427200000, "OWNER": "ENTERGY GULF STATES - LA LLC", "VOLTAGE": 69, "VOLT_CLASS": "UNDER 100", "INFERRED": "Y", "SUB_1": "ANGOLA", "SUB_2": "FRANCIS", "Shape__Len": 31296.773675565488, "Shape__Length": 31296.773658168666}}, {"type": "Feature", "id": 16099, "geometry": {"type": "LineString", "coordinates": [[-90.9181016933968, 30.4601139179343], [-90.9181778013627, 30.4601139179343], [-90.9181611519872, 30.4602637549035], [-90.9184061243618, 30.4602494839884], [-90.9184013668841, 30.455354807718], [-90.9157661383368, 30.4553833478824], [-90.9153713287695, 30.4555641041281], [-90.9147767365779, 30.4520393657791], [-90.914686359772, 30.4482458720141], [-90.914852845442, 30.447325444365], [-90.9145864680108, 30.4451468612165], [-90.914272523887, 30.4446735668636], [-90.9140727412627, 30.4430515210628], [-90.9142511188304, 30.442347525306], [-90.9139276606494, 30.4395743496856], [-90.9140410747507, 30.4377939397027], [-90.9130762059821, 30.435797504876], [-90.9111857221279, 30.4300131020576], [-90.9085305743376, 30.4165817091803], [-90.906531827322, 30.4077301140031], [-90.9033314506632, 30.4030782681919], [-90.9007735311294, 30.4017338732921], [-90.9002857414385, 30.4016743860286], [-90.8967879343858, 30.3979505303599], [-90.8969544964125, 30.3978672482086], [-90.8921665307454, 30.3927891986199], [-90.8924006083522, 30.3926655949506], [-90.8921770554073, 30.3923079108567], [-90.8920069665947, 30.3922601191736]]}, "properties": {"OBJECTID_1": 16099, "OBJECTID": 16099, "ID": "118494", "TYPE": "OVERHEAD", "STATUS": "IN SERVICE", "NAICS_CODE": "221121", "NAICS_DESC": "ELECTRIC BULK POWER TRANSMISSION AND CONTROL", "SOURCE": "IMAGERY", "SOURCEDATE": 1404864000000, "VAL_METHOD": "IMAGERY", "VAL_DATE": 1404864000000, "OWNER": "ENTERGY LOUISIANA LLC", "VOLTAGE": -999999, "VOLT_CLASS": "UNDER 100", "INFERRED": "Y", "SUB_1": "UNKNOWN114608", "SUB_2": "UNKNOWN114609", "Shape__Len": 9999.899118396861, "Shape__Length": 9999.899361173106}}, {"type": "Feature", "id": 17804, "geometry": {"type": "LineString", "coordinates": [[-91.2097531622334, 30.4762576081406], [-91.2107758411838, 30.4752040531467]]}, "properties": {"OBJECTID_1": 17804, "OBJECTID": 17804, "ID": "120462", "TYPE": "OVERHEAD", "STATUS": "NOT AVAILABLE", "NAICS_CODE": "221121", "NAICS_DESC": "ELECTRIC BULK POWER TRANSMISSION AND CONTROL", "SOURCE": "IMAGERY, OpenStreetMap, EIA 861, EIA 860", "SOURCEDATE": 1406160000000, "VAL_METHOD": "IMAGERY", "VAL_DATE": 1611792000000, "OWNER": "ENTERGY GULF STATES - LA LLC", "VOLTAGE": 230, "VOLT_CLASS": "220-287", "INFERRED": "Y", "SUB_1": "PORT ALLEN (LA)", "SUB_2": "NOT AVAILABLE", "Shape__Len": 177.4224045878425, "Shape__Length": 177.42240044315426}}, {"type": "Feature", "id": 18678, "geometry": {"type": "LineString", "coordinates": [[-90.9920637160519, 30.2089727872982], [-90.9910931259133, 30.2086054139014]]}, "properties": {"OBJECTID_1": 18678, "OBJECTID": 18678, "ID": "121468", "TYPE": "AC; OVERHEAD", "STATUS": "NOT AVAILABLE", "NAICS_CODE": "221121", "NAICS_DESC": "ELECTRIC BULK POWER TRANSMISSION AND CONTROL", "SOURCE": "IMAGERY, EIA 860", "SOURCEDATE": 1402444800000, "VAL_METHOD": "IMAGERY", "VAL_DATE": 1490227200000, "OWNER": "ENTERGY LOUISIANA LLC", "VOLTAGE": 138, "VOLT_CLASS": "100-161", "INFERRED": "Y", "SUB_1": "GEISMAR COGEN", "SUB_2": "NOT AVAILABLE", "Shape__Len": 117.95441316401386, "Shape__Length": 117.9544478050889}}, {"type": "Feature", "id": 19271, "geometry": {"type": "LineString", "coordinates": [[-91.032305475766, 30.4748300190536], [-91.0338386017153, 30.4745236106536], [-91.0432227759741, 30.4733582347743], [-91.0436187470631, 30.4732455607433], [-91.0433805210363, 30.4743014820388], [-91.0432388728856, 30.4743658668488]]}, "properties": {"OBJECTID_1": 19271, "OBJECTID": 19271, "ID": "122134", "TYPE": "OVERHEAD", "STATUS": "IN SERVICE", "NAICS_CODE": "221121", "NAICS_DESC": "ELECTRIC BULK POWER TRANSMISSION AND CONTROL", "SOURCE": "IMAGERY, EIA 861", "SOURCEDATE": 1404950400000, "VAL_METHOD": "IMAGERY", "VAL_DATE": 1404950400000, "OWNER": "ENTERGY GULF STATES - LA LLC", "VOLTAGE": -999999, "VOLT_CLASS": "100-161", "INFERRED": "Y", "SUB_1": "UNKNOWN114469", "SUB_2": "TAP143266", "Shape__Len": 1433.81084561234, "Shape__Length": 1433.8109301494903}}, {"type": "Feature", "id": 19829, "geometry": {"type": "LineString", "coordinates": [[-90.9761825528575, 30.3717576699457], [-90.97590330167, 30.3717246403508], [-90.9758043073257, 30.3717620736842], [-90.9757005519104, 30.3713969556586], [-90.9767424179769, 30.3709509206204], [-90.9779840693626, 30.3704429591324], [-90.9796966176202, 30.3697351867454], [-90.9816647365762, 30.3689326199832], [-90.9836248614245, 30.3681214426705], [-90.9852276346561, 30.3673550591243], [-90.9854012790005, 30.3671036267135], [-90.9854962291294, 30.3669338063864], [-90.985674726173, 30.3666145562701], [-90.9856867635978, 30.3663631219554], [-90.9852615011423, 30.3648613232645], [-90.9847346392282, 30.3634267801466], [-90.9842144248471, 30.3619878753671], [-90.9836814543891, 30.3605410431735], [-90.9831565687686, 30.3590891512101], [-90.9826394975927, 30.3576785529213], [-90.9820866752652, 30.3561663888096], [-90.9815756237, 30.3547797793537], [-90.9810526254399, 30.3533381892828], [-90.9804438362736, 30.3516690577194], [-90.9799568595581, 30.3503220749299], [-90.9794518267053, 30.3489595693227], [-90.978922898666, 30.3475092877247], [-90.9783919053999, 30.3460674347152], [-90.97787097057, 30.3446325392473], [-90.9774079797709, 30.3433716683444], [-90.9769428321168, 30.3420141811954], [-90.9763480575672, 30.340489680623], [-90.9759288138241, 30.3393285346952], [-90.9754418371085, 30.3379865773492], [-90.9749447094303, 30.3366376207044], [-90.9744514454061, 30.3352996573729], [-90.9740678638815, 30.3340967378347], [-90.9734882708602, 30.3325485442963], [-90.9729740751915, 30.3314459208574], [-90.9726107066591, 30.330810052161], [-90.9721373843359, 30.3298853563317], [-90.9712455369218, 30.3285642806833], [-90.9705374848149, 30.3271040828978], [-90.9695599381227, 30.3251911846569], [-90.9685844575557, 30.3232851502711], [-90.967621283908, 30.3214126550086], [-90.9675660150602, 30.3213035361588], [-90.9670723234379, 30.3203288277273], [-90.9660564186831, 30.3183208813545], [-90.9651098638682, 30.3165271573813], [-90.964423012002, 30.3148629816776], [-90.9637188226508, 30.3135150272008], [-90.9630175079085, 30.3121398331723], [-90.9623220322155, 30.3107719872506], [-90.9616207165749, 30.3093942730445], [-90.9609021550774, 30.3079889303159], [-90.9600738185539, 30.3067058707163], [-90.9595889079636, 30.3056668638357], [-90.958997367349, 30.3045829399542], [-90.9589713162057, 30.3027914463872], [-90.9589078053152, 30.300506639819], [-90.9584750868428, 30.3005140863294], [-90.9584812726419, 30.3007787469349], [-90.9583947711682, 30.3009270359827]]}, "properties": {"OBJECTID_1": 19829, "OBJECTID": 19829, "ID": "122770", "TYPE": "AC; OVERHEAD", "STATUS": "IN SERVICE", "NAICS_CODE": "221121", "NAICS_DESC": "ELECTRIC BULK POWER TRANSMISSION AND CONTROL", "SOURCE": "IMAGERY, OpenStreetMap", "SOURCEDATE": 1403049600000, "VAL_METHOD": "IMAGERY", "VAL_DATE": 1588291200000, "OWNER": "ENTERGY LOUISIANA LLC", "VOLTAGE": 230, "VOLT_CLASS": "220-287", "INFERRED": "Y", "SUB_1": "UNKNOWN112511", "SUB_2": "UNKNOWN112514", "Shape__Len": 10566.470763434952, "Shape__Length": 10566.470664403581}}, {"type": "Feature", "id": 21852, "geometry": {"type": "LineString", "coordinates": [[-90.7861372907993, 30.2866639047116], [-90.7858234787278, 30.2863919337417], [-90.7853393119425, 30.2867565543231], [-90.7862658046821, 30.2874200422573], [-90.7863584542256, 30.2881702026751], [-90.7878656844402, 30.303133757037], [-90.7849399245604, 30.3057643349639], [-90.7998990371842, 30.3319433726135], [-90.8003015372288, 30.332659685894], [-90.8213341621834, 30.3397347502211], [-90.8229262652261, 30.3410747097497], [-90.8272025199647, 30.3444661669812], [-90.8347753663188, 30.3506566961848], [-90.8467438292583, 30.352368220616], [-90.8472003000851, 30.3539988846564], [-90.8474328415728, 30.354234297719], [-90.8504300480604, 30.355104177214], [-90.8535707981438, 30.3542084596803], [-90.8606342386464, 30.3544128351859], [-90.872648138373, 30.3561688770627], [-90.8787264710637, 30.3670394446893], [-90.8786788810149, 30.372309950836], [-90.8852937828147, 30.376438315812], [-90.8857815734038, 30.3770926676136], [-90.885328173917, 30.3788167188513], [-90.8843459802398, 30.3803126761635], [-90.886639025224, 30.3802975651127], [-90.8876613466449, 30.381869435885], [-90.8851867072261, 30.3840109509159], [-90.8840326694283, 30.3836302372733], [-90.8810956527597, 30.3870946029065]]}, "properties": {"OBJECTID_1": 21852, "OBJECTID": 21852, "ID": "125125", "TYPE": "OVERHEAD", "STATUS": "IN SERVICE", "NAICS_CODE": "221121", "NAICS_DESC": "ELECTRIC BULK POWER TRANSMISSION AND CONTROL", "SOURCE": "IMAGERY", "SOURCEDATE": 1405987200000, "VAL_METHOD": "IMAGERY", "VAL_DATE": 1409875200000, "OWNER": "ENTERGY LOUISIANA LLC", "VOLTAGE": -999999, "VOLT_CLASS": "UNDER 100", "INFERRED": "Y", "SUB_1": "UNKNOWN112526", "SUB_2": "TAP143255", "Shape__Len": 20930.147836390126, "Shape__Length": 20930.14788370244}}, {"type": "Feature", "id": 21977, "geometry": {"type": "LineString", "coordinates": [[-91.0315156607985, 30.2482380970355], [-91.0452248880787, 30.2553584357903]]}, "properties": {"OBJECTID_1": 21977, "OBJECTID": 21977, "ID": "125263", "TYPE": "AC; OVERHEAD", "STATUS": "IN SERVICE", "NAICS_CODE": "221121", "NAICS_DESC": "ELECTRIC BULK POWER TRANSMISSION AND CONTROL", "SOURCE": "IMAGERY, EIA 860", "SOURCEDATE": 1406160000000, "VAL_METHOD": "IMAGERY", "VAL_DATE": 1553644800000, "OWNER": "ENTERGY LOUISIANA LLC", "VOLTAGE": 138, "VOLT_CLASS": "100-161", "INFERRED": "Y", "SUB_1": "TAP142928", "SUB_2": "TAP142929", "Shape__Len": 1780.7205752652546, "Shape__Length": 1780.7205857159652}}, {"type": "Feature", "id": 22801, "geometry": {"type": "LineString", "coordinates": [[-91.0859502612159, 30.4306617953549], [-91.0860074030511, 30.4310954102871], [-91.1074220608349, 30.4312090013446], [-91.1096059173929, 30.4309159773223], [-91.1088982210188, 30.4301528802629], [-91.1088506408514, 30.4301065516785], [-91.1089558174015, 30.4300564679537], [-91.1088944642643, 30.4299788381295], [-91.1088857003004, 30.429893694896]]}, "properties": {"OBJECTID_1": 22801, "OBJECTID": 22801, "ID": "126198", "TYPE": "OVERHEAD", "STATUS": "IN SERVICE", "NAICS_CODE": "221121", "NAICS_DESC": "ELECTRIC BULK POWER TRANSMISSION AND CONTROL", "SOURCE": "IMAGERY, EIA 861", "SOURCEDATE": 1406592000000, "VAL_METHOD": "IMAGERY", "VAL_DATE": 1406592000000, "OWNER": "ENTERGY GULF STATES - LA LLC", "VOLTAGE": -999999, "VOLT_CLASS": "UNDER 100", "INFERRED": "Y", "SUB_1": "JEFFERSON", "SUB_2": "DRUSILLA", "Shape__Len": 2856.9597639144663, "Shape__Length": 2856.9599477012493}}, {"type": "Feature", "id": 22945, "geometry": {"type": "LineString", "coordinates": [[-91.2712855601198, 30.3580565383625], [-91.2714373170123, 30.3581763286997], [-91.2714234838553, 30.3583284918267], [-91.2718784356309, 30.3583576952077], [-91.2721397259027, 30.3599100638521], [-91.2709681898215, 30.3610975226677], [-91.2699260353958, 30.3623780017185], [-91.2688770501806, 30.3636881936361], [-91.2681916832296, 30.364547826854], [-91.2669307737608, 30.3661139951763], [-91.265841259255, 30.3674429673072], [-91.2647415362942, 30.3687712610282], [-91.2636988949816, 30.370086798043], [-91.2624190903492, 30.3716765208371], [-91.2614862357407, 30.3728298938068], [-91.260491925587, 30.3740582141947], [-91.2593264657104, 30.3754888650511], [-91.2582795331457, 30.3767845191236], [-91.2571753410665, 30.3781494852079], [-91.2560533740227, 30.3795403162822], [-91.2549892620765, 30.3809875229713], [-91.256576145009, 30.3816773411168], [-91.2563619929335, 30.3821829767237], [-91.2550852057421, 30.3819030029692]]}, "properties": {"OBJECTID_1": 22945, "OBJECTID": 22945, "ID": "126350", "TYPE": "AC; OVERHEAD", "STATUS": "IN SERVICE", "NAICS_CODE": "221121", "NAICS_DESC": "ELECTRIC BULK POWER TRANSMISSION AND CONTROL", "SOURCE": "IMAGERY, EIA 861", "SOURCEDATE": 1406073600000, "VAL_METHOD": "IMAGERY", "VAL_DATE": 1588204800000, "OWNER": "ENTERGY GULF STATES - LA LLC", "VOLTAGE": 230, "VOLT_CLASS": "220-287", "INFERRED": "Y", "SUB_1": "UNKNOWN112484", "SUB_2": "ADDIS", "Shape__Len": 4033.596802495492, "Shape__Length": 4033.596663472847}}, {"type": "Feature", "id": 23345, "geometry": {"type": "LineString", "coordinates": [[-91.371215690241, 30.6729494060738], [-91.3717230227809, 30.6732110670205], [-91.371780865302, 30.6733646477534], [-91.3721159485811, 30.6733028171205], [-91.3720022595954, 30.6726027303621], [-91.3727621831218, 30.6724850521674], [-91.3708713507213, 30.6632742279582], [-91.369625697341, 30.6570758113528], [-91.3733069116286, 30.6487314180317], [-91.3641678148473, 30.6358700001043], [-91.3431766660077, 30.6099096656162], [-91.344246479561, 30.6089698043728], [-91.3441778913924, 30.6089041959439], [-91.3498201288436, 30.6040253901702], [-91.3544762092506, 30.5981562072129], [-91.3658405147373, 30.5881410561522], [-91.3656678387768, 30.5688487148919], [-91.3650976151838, 30.5679387833014], [-91.3649272056728, 30.5584008210646], [-91.3648617705908, 30.5483843718914], [-91.3690689853082, 30.548386005023], [-91.368993215109, 30.5465959510329], [-91.3700018974089, 30.5465675366466], [-91.36996874688, 30.5461508047675]]}, "properties": {"OBJECTID_1": 23345, "OBJECTID": 23345, "ID": "126810", "TYPE": "OVERHEAD", "STATUS": "IN SERVICE", "NAICS_CODE": "221121", "NAICS_DESC": "ELECTRIC BULK POWER TRANSMISSION AND CONTROL", "SOURCE": "IMAGERY", "SOURCEDATE": 1404950400000, "VAL_METHOD": "IMAGERY", "VAL_DATE": 1404950400000, "OWNER": "ENTERGY LOUISIANA LLC", "VOLTAGE": -999999, "VOLT_CLASS": "NOT AVAILABLE", "INFERRED": "N", "SUB_1": "UNKNOWN112426", "SUB_2": "UNKNOWN114293", "Shape__Len": 19347.53121595642, "Shape__Length": 19347.531019677648}}, {"type": "Feature", "id": 23762, "geometry": {"type": "LineString", "coordinates": [[-91.1852256030383, 30.2623513873783], [-91.1856830170962, 30.2622816456663], [-91.1852563712351, 30.2633339042217], [-91.1857248723002, 30.2634718156997]]}, "properties": {"OBJECTID_1": 23762, "OBJECTID": 23762, "ID": "127276", "TYPE": "OVERHEAD", "STATUS": "IN SERVICE", "NAICS_CODE": "221121", "NAICS_DESC": "ELECTRIC BULK POWER TRANSMISSION AND CONTROL", "SOURCE": "IMAGERY", "SOURCEDATE": 1406246400000, "VAL_METHOD": "IMAGERY", "VAL_DATE": 1406246400000, "OWNER": "ENTERGY LOUISIANA LLC", "VOLTAGE": -999999, "VOLT_CLASS": "NOT AVAILABLE", "INFERRED": "N", "SUB_1": "UNKNOWN115653", "SUB_2": "UNKNOWN115655", "Shape__Len": 250.49973646859254, "Shape__Length": 250.49980635598683}}, {"type": "Feature", "id": 24156, "geometry": {"type": "LineString", "coordinates": [[-91.0869385840982, 30.4573380102149], [-91.0864359668153, 30.4569074437097], [-91.0856101455746, 30.4560116638038], [-91.0849561720478, 30.4553066798566], [-91.0841302609756, 30.4544122783392], [-91.0832391322137, 30.4534438366738], [-91.0821474985821, 30.4522710252982], [-91.0810161612116, 30.4510487913039], [-91.0799595627744, 30.4499088613379], [-91.0788679300412, 30.4487263263686], [-91.077797048391, 30.4475520619223], [-91.0766767594002, 30.4463572606407], [-91.0755772205941, 30.4451705779944], [-91.0749821774482, 30.4444915373494], [-91.0741403661955, 30.4440909878896], [-91.0727781608986, 30.4433723653517], [-91.0713507379122, 30.4426246933164], [-91.0699600560208, 30.4418934352274], [-91.068577279304, 30.4411704586153], [-91.067184800782, 30.4404447659336], [-91.0657734576392, 30.4397011770399], [-91.0644176303808, 30.4389918928169], [-91.0630189525852, 30.4382633957009], [-91.0616281817606, 30.437541786292], [-91.0603074786299, 30.4368351197185], [-91.0593431371724, 30.4361381303282], [-91.0587670475807, 30.436282268055], [-91.0585841505888, 30.4361409952863], [-91.0587464761607, 30.4359913566849], [-91.0591545080307, 30.4357878999905]]}, "properties": {"OBJECTID_1": 24156, "OBJECTID": 24156, "ID": "127715", "TYPE": "AC; OVERHEAD", "STATUS": "IN SERVICE", "NAICS_CODE": "221121", "NAICS_DESC": "ELECTRIC BULK POWER TRANSMISSION AND CONTROL", "SOURCE": "IMAGERY, OpenStreetMap, EIA 861, EIA 860", "SOURCEDATE": 1403049600000, "VAL_METHOD": "IMAGERY", "VAL_DATE": 1588204800000, "OWNER": "ENTERGY GULF STATES - LA LLC", "VOLTAGE": 230, "VOLT_CLASS": "220-287", "INFERRED": "Y", "SUB_1": "OAK VILLA", "SUB_2": "HARELSON", "Shape__Len": 4350.02684768128, "Shape__Length": 4350.026932669473}}, {"type": "Feature", "id": 24188, "geometry": {"type": "LineString", "coordinates": [[-91.0315156607985, 30.2482380970355], [-91.0018705638215, 30.2328219838402], [-90.9999503394432, 30.2329005066641], [-90.9965153596631, 30.2300825246952], [-90.994763715826, 30.2286545533524], [-91.0055882685743, 30.2179519059085], [-91.0037586886997, 30.2163266943072], [-91.0052732491671, 30.2148423629189], [-91.0038244022594, 30.2135177026592], [-91.0085785562376, 30.2090635111741], [-91.0087578303238, 30.208726476025]]}, "properties": {"OBJECTID_1": 24188, "OBJECTID": 24188, "ID": "127754", "TYPE": "AC; OVERHEAD", "STATUS": "IN SERVICE", "NAICS_CODE": "221121", "NAICS_DESC": "ELECTRIC BULK POWER TRANSMISSION AND CONTROL", "SOURCE": "IMAGERY, EIA 860", "SOURCEDATE": 1406160000000, "VAL_METHOD": "IMAGERY", "VAL_DATE": 1553644800000, "OWNER": "ENTERGY LOUISIANA LLC", "VOLTAGE": 138, "VOLT_CLASS": "100-161", "INFERRED": "Y", "SUB_1": "TAP142929", "SUB_2": "MONOCHEM", "Shape__Len": 8302.525574545323, "Shape__Length": 8302.525542332822}}, {"type": "Feature", "id": 24959, "geometry": {"type": "LineString", "coordinates": [[-91.1660354371044, 30.4929055841192], [-91.1653365576949, 30.4929495691509], [-91.1654123692166, 30.4943236023593], [-91.1629738079363, 30.4944525118725], [-91.1630060349971, 30.4946613596749], [-91.1627432562169, 30.4946523891265]]}, "properties": {"OBJECTID_1": 24959, "OBJECTID": 24959, "ID": "128635", "TYPE": "OVERHEAD", "STATUS": "IN SERVICE", "NAICS_CODE": "221121", "NAICS_DESC": "ELECTRIC BULK POWER TRANSMISSION AND CONTROL", "SOURCE": "IMAGERY, EIA 861", "SOURCEDATE": 1405900800000, "VAL_METHOD": "IMAGERY", "VAL_DATE": 1405900800000, "OWNER": "ENTERGY GULF STATES - LA LLC", "VOLTAGE": -999999, "VOLT_CLASS": "NOT AVAILABLE", "INFERRED": "N", "SUB_1": "TAP142977", "SUB_2": "DELMONT", "Shape__Len": 584.1787563522673, "Shape__Length": 584.1788079062399}}, {"type": "Feature", "id": 25291, "geometry": {"type": "LineString", "coordinates": [[-90.9663332426228, 30.1739287481536], [-90.9657692227952, 30.1741837697866], [-90.9654300548765, 30.1742053047577], [-90.9645315752007, 30.174427833035], [-90.9574208617546, 30.1751041801954], [-90.9617997220649, 30.185705175974], [-90.9601156557917, 30.1862722598558], [-90.9633250488409, 30.1924915411228], [-90.9606507669351, 30.1936874943138], [-90.9734661103204, 30.2041148310681], [-90.9740816036138, 30.2046667026284], [-90.9751925150913, 30.2055575482566], [-90.9755649350486, 30.2056379568562], [-90.9766927743794, 30.2065414977166], [-90.9810261269357, 30.2101278281839], [-90.9870112028218, 30.209997802929], [-90.9880815742289, 30.2099796612828], [-90.9881949613807, 30.2096258950194], [-90.98898866785, 30.2091224578932], [-90.9905851528746, 30.2086779822559], [-90.9910931259133, 30.2086054139014]]}, "properties": {"OBJECTID_1": 25291, "OBJECTID": 25291, "ID": "129007", "TYPE": "AC; OVERHEAD", "STATUS": "IN SERVICE", "NAICS_CODE": "221121", "NAICS_DESC": "ELECTRIC BULK POWER TRANSMISSION AND CONTROL", "SOURCE": "IMAGERY, EIA 860", "SOURCEDATE": 1406160000000, "VAL_METHOD": "IMAGERY", "VAL_DATE": 1490227200000, "OWNER": "ENTERGY LOUISIANA LLC", "VOLTAGE": 138, "VOLT_CLASS": "100-161", "INFERRED": "Y", "SUB_1": "GEISMAR COGEN", "SUB_2": "UNKNOWN112513", "Shape__Len": 8167.213744780129, "Shape__Length": 8167.213810091677}}, {"type": "Feature", "id": 25392, "geometry": {"type": "LineString", "coordinates": [[-91.44765802329604, 30.439944920266104], [-91.4459434000133, 30.4389629226523], [-91.4448440893793, 30.4378041252725], [-91.4346837913764, 30.4269751981927], [-91.4341127197738, 30.4266706269208], [-91.4341238472052, 30.4264563296322]]}, "properties": {"OBJECTID_1": 25392, "OBJECTID": 25392, "ID": "129119", "TYPE": "OVERHEAD", "STATUS": "IN SERVICE", "NAICS_CODE": "221121", "NAICS_DESC": "ELECTRIC BULK POWER TRANSMISSION AND CONTROL", "SOURCE": "IMAGERY", "SOURCEDATE": 1406246400000, "VAL_METHOD": "IMAGERY", "VAL_DATE": 1406505600000, "OWNER": "ENTERGY LOUISIANA LLC", "VOLTAGE": -999999, "VOLT_CLASS": "UNDER 100", "INFERRED": "Y", "SUB_1": "UNKNOWN112482", "SUB_2": "UNKNOWN114825", "Shape__Len": 22781.532020086273, "Shape__Length": 22781.532136206017}}, {"type": "Feature", "id": 25710, "geometry": {"type": "LineString", "coordinates": [[-91.0477331891679, 30.8579674459308], [-91.0469146541624, 30.8581661312483], [-91.0443710097568, 30.8583993188449], [-91.0406233587656, 30.8586253673786], [-91.0350673182592, 30.8596247408438], [-91.0263109010941, 30.8624325046835], [-91.0262752092312, 30.8637531058209], [-91.0233504240235, 30.8638775643214], [-91.0232981303959, 30.8637189296918]]}, "properties": {"OBJECTID_1": 25710, "OBJECTID": 25710, "ID": "129471", "TYPE": "AC; OVERHEAD", "STATUS": "IN SERVICE", "NAICS_CODE": "221121", "NAICS_DESC": "ELECTRIC BULK POWER TRANSMISSION AND CONTROL", "SOURCE": "IMAGERY, EIA 861, https://cdn.misoenergy.org/Entergy Louisiana Transferred Facilities 2019390620.xlsx", "SOURCEDATE": 1404864000000, "VAL_METHOD": "IMAGERY", "VAL_DATE": 1587340800000, "OWNER": "ENTERGY LOUISIANA LLC", "VOLTAGE": 69, "VOLT_CLASS": "UNDER 100", "INFERRED": "Y", "SUB_1": "BRADY HEIGHTS", "SUB_2": "CLINTON", "Shape__Len": 2988.8178079840263, "Shape__Length": 2988.81791597111}}, {"type": "Feature", "id": 25755, "geometry": {"type": "LineString", "coordinates": [[-91.0591545080307, 30.4357878999905], [-91.0594178590377, 30.4356265523323], [-91.0596385544418, 30.4355449497451], [-91.0598351390636, 30.436036413805], [-91.059634845298, 30.4364370033261], [-91.0601708179257, 30.4369599949832], [-91.0613781500743, 30.437575715298], [-91.0748947039974, 30.4446240807548], [-91.086935098635, 30.4577056998604], [-91.0879184008331, 30.4586996548171], [-91.0876161267232, 30.4600880567958], [-91.0878231407855, 30.4652562470072], [-91.0962036022244, 30.4676761580818], [-91.0998876902227, 30.471684742069], [-91.1011372638509, 30.4716666101439], [-91.1088467709092, 30.471509254251], [-91.1093226642108, 30.4711047456435], [-91.1161517171877, 30.470961977954]]}, "properties": {"OBJECTID_1": 25755, "OBJECTID": 25755, "ID": "129521", "TYPE": "AC; OVERHEAD", "STATUS": "IN SERVICE", "NAICS_CODE": "221121", "NAICS_DESC": "ELECTRIC BULK POWER TRANSMISSION AND CONTROL", "SOURCE": "IMAGERY, EIA 861", "SOURCEDATE": 1405036800000, "VAL_METHOD": "IMAGERY", "VAL_DATE": 1588291200000, "OWNER": "ENTERGY GULF STATES - LA LLC", "VOLTAGE": 138, "VOLT_CLASS": "100-161", "INFERRED": "Y", "SUB_1": "TAP143269", "SUB_2": "HARELSON", "Shape__Len": 8843.018512609495, "Shape__Length": 8843.01864543041}}, {"type": "Feature", "id": 25845, "geometry": {"type": "LineString", "coordinates": [[-91.2430098118428, 30.2362428787003], [-91.2425339203378, 30.2365879011274], [-91.2407255299242, 30.2380631670976], [-91.2391788798383, 30.2389554650261], [-91.238911977791, 30.2403701152468], [-91.2386884329308, 30.2437470762189], [-91.2386078091341, 30.2453681120121], [-91.2308719032845, 30.237179763688], [-91.2293056133315, 30.2354836337087], [-91.2112642605937, 30.2356723038489], [-91.1822759677349, 30.2449352591298], [-91.1825377996908, 30.2455331019683], [-91.1816138015727, 30.2456500693092]]}, "properties": {"OBJECTID_1": 25845, "OBJECTID": 25845, "ID": "129627", "TYPE": "AC; OVERHEAD", "STATUS": "IN SERVICE", "NAICS_CODE": "221121", "NAICS_DESC": "ELECTRIC BULK POWER TRANSMISSION AND CONTROL", "SOURCE": "IMAGERY, EIA 860", "SOURCEDATE": 1402876800000, "VAL_METHOD": "IMAGERY", "VAL_DATE": 1489536000000, "OWNER": "ENTERGY LOUISIANA LLC", "VOLTAGE": 230, "VOLT_CLASS": "220-287", "INFERRED": "Y", "SUB_1": "UNKNOWN112493", "SUB_2": "UNKNOWN115462", "Shape__Len": 8659.635103313218, "Shape__Length": 8659.635221732187}}, {"type": "Feature", "id": 25917, "geometry": {"type": "LineString", "coordinates": [[-91.1159450858078, 30.2743104090663], [-91.116933034991, 30.2742488078381], [-91.1174925928865, 30.275058575058], [-91.1162239929406, 30.2767421282274], [-91.1149203829531, 30.2781436613089], [-91.1148458398525, 30.2783797128387]]}, "properties": {"OBJECTID_1": 25917, "OBJECTID": 25917, "ID": "129707", "TYPE": "AC; OVERHEAD", "STATUS": "NOT AVAILABLE", "NAICS_CODE": "221121", "NAICS_DESC": "ELECTRIC BULK POWER TRANSMISSION AND CONTROL", "SOURCE": "IMAGERY, EIA 860", "SOURCEDATE": 1402876800000, "VAL_METHOD": "IMAGERY", "VAL_DATE": 1490054400000, "OWNER": "ENTERGY LOUISIANA LLC", "VOLTAGE": 138, "VOLT_CLASS": "100-161", "INFERRED": "Y", "SUB_1": "WILLOW GLEN (500KV)", "SUB_2": "NOT AVAILABLE", "Shape__Len": 753.9967723483794, "Shape__Length": 753.9967799871271}}, {"type": "Feature", "id": 26151, "geometry": {"type": "LineString", "coordinates": [[-90.9497311517685, 30.58424420818], [-90.9495202471027, 30.5841739073694], [-90.9489611823823, 30.5841538213037], [-90.9489277048666, 30.5852953826942], [-90.9407727277504, 30.5856971069942], [-90.9340003467898, 30.5849438757561], [-90.9320285573176, 30.584863531333], [-90.9136698136201, 30.5856334996556], [-90.8963187272449, 30.5855029401864], [-90.8914779648936, 30.5854259432163], [-90.888398088247, 30.5867315426323], [-90.8875511215629, 30.5870997893484], [-90.8865434669356, 30.587514903121], [-90.8866807223245, 30.58776932806], [-90.8864664696377, 30.5877525888752], [-90.8863593437434, 30.587832933997]]}, "properties": {"OBJECTID_1": 26151, "OBJECTID": 26151, "ID": "129973", "TYPE": "OVERHEAD", "STATUS": "IN SERVICE", "NAICS_CODE": "221121", "NAICS_DESC": "ELECTRIC BULK POWER TRANSMISSION AND CONTROL", "SOURCE": "IMAGERY", "SOURCEDATE": 1404777600000, "VAL_METHOD": "IMAGERY", "VAL_DATE": 1404777600000, "OWNER": "ENTERGY LOUISIANA LLC", "VOLTAGE": -999999, "VOLT_CLASS": "UNDER 100", "INFERRED": "Y", "SUB_1": "UNKNOWN114246", "SUB_2": "UNKNOWN114247", "Shape__Len": 7329.173993318501, "Shape__Length": 7329.173918171218}}, {"type": "Feature", "id": 27034, "geometry": {"type": "LineString", "coordinates": [[-90.8962458343495, 30.4877032778311], [-90.8973217708198, 30.4872139291396], [-90.8979578220584, 30.4872400679494], [-90.897963630565, 30.4874143283084], [-90.8978737666973, 30.4875479752621]]}, "properties": {"OBJECTID_1": 27034, "OBJECTID": 27034, "ID": "131009", "TYPE": "OVERHEAD", "STATUS": "IN SERVICE", "NAICS_CODE": "221121", "NAICS_DESC": "ELECTRIC BULK POWER TRANSMISSION AND CONTROL", "SOURCE": "IMAGERY", "SOURCEDATE": 1404864000000, "VAL_METHOD": "IMAGERY", "VAL_DATE": 1404864000000, "OWNER": "ENTERGY LOUISIANA LLC", "VOLTAGE": -999999, "VOLT_CLASS": "NOT AVAILABLE", "INFERRED": "N", "SUB_1": "UNKNOWN112436", "SUB_2": "COLY", "Shape__Len": 248.78971385250028, "Shape__Length": 248.7897006886863}}, {"type": "Feature", "id": 27055, "geometry": {"type": "LineString", "coordinates": [[-90.8540956577132, 30.4965576108529], [-90.8543241612737, 30.4965828252689], [-90.8806221858078, 30.493360616876], [-90.8970699838254, 30.4912849490663], [-90.8972547421266, 30.4875925030467], [-90.8972601760357, 30.487413178748], [-90.8962458343495, 30.4877032778311]]}, "properties": {"OBJECTID_1": 27055, "OBJECTID": 27055, "ID": "131030", "TYPE": "OVERHEAD", "STATUS": "IN SERVICE", "NAICS_CODE": "221121", "NAICS_DESC": "ELECTRIC BULK POWER TRANSMISSION AND CONTROL", "SOURCE": "IMAGERY", "SOURCEDATE": 1406678400000, "VAL_METHOD": "IMAGERY", "VAL_DATE": 1406678400000, "OWNER": "ENTERGY LOUISIANA LLC", "VOLTAGE": -999999, "VOLT_CLASS": "NOT AVAILABLE", "INFERRED": "N", "SUB_1": "TAP142978", "SUB_2": "COLY", "Shape__Len": 5452.655225068916, "Shape__Length": 5452.655260474332}}, {"type": "Feature", "id": 27121, "geometry": {"type": "LineString", "coordinates": [[-91.1161517171877, 30.470961977954], [-91.1160803325637, 30.4691059990738], [-91.1110798749077, 30.4619385441592], [-91.1070406568265, 30.4560119309595], [-91.1080562076451, 30.4559962469807], [-91.1082267743614, 30.4560491809799]]}, "properties": {"OBJECTID_1": 27121, "OBJECTID": 27121, "ID": "131104", "TYPE": "AC; OVERHEAD", "STATUS": "IN SERVICE", "NAICS_CODE": "221121", "NAICS_DESC": "ELECTRIC BULK POWER TRANSMISSION AND CONTROL", "SOURCE": "IMAGERY, EIA 861", "SOURCEDATE": 1404950400000, "VAL_METHOD": "IMAGERY", "VAL_DATE": 1589760000000, "OWNER": "ENTERGY GULF STATES - LA LLC", "VOLTAGE": 138, "VOLT_CLASS": "100-161", "INFERRED": "Y", "SUB_1": "TAP143269", "SUB_2": "FLORIDA", "Shape__Len": 2340.9344072834297, "Shape__Length": 2340.934446489207}}, {"type": "Feature", "id": 27897, "geometry": {"type": "LineString", "coordinates": [[-91.1433831191498, 30.4487136010598], [-91.1431915821615, 30.4443601949466], [-91.1430142888604, 30.4403462773257], [-91.1426482765861, 30.440193245166], [-91.1424983711214, 30.4354033901073], [-91.1371802745708, 30.4356675100545], [-91.1369518473671, 30.4354747736962], [-91.1344462753598, 30.4348751496161], [-91.135245774166, 30.4304850439189], [-91.1352546845553, 30.4303465937997], [-91.1352736848219, 30.4302091651412], [-91.1353026743544, 30.4300734906912], [-91.1353414959478, 30.4299402977798], [-91.1353899438877, 30.4298102959257], [-91.135447758561, 30.4296841799342], [-91.1355146318457, 30.4295626252493], [-91.1355902062123, 30.4294462786586], [-91.1356740774188, 30.4293357652639], [-91.1365392825982, 30.427770097622], [-91.1365701765591, 30.4277101963283], [-91.1368614283405, 30.427856929762], [-91.1370077639003, 30.4277998232371]]}, "properties": {"OBJECTID_1": 27897, "OBJECTID": 27897, "ID": "132002", "TYPE": "OVERHEAD", "STATUS": "IN SERVICE", "NAICS_CODE": "221121", "NAICS_DESC": "ELECTRIC BULK POWER TRANSMISSION AND CONTROL", "SOURCE": "IMAGERY, EIA 861", "SOURCEDATE": 1405036800000, "VAL_METHOD": "IMAGERY", "VAL_DATE": 1405900800000, "OWNER": "ENTERGY GULF STATES - LA LLC", "VOLTAGE": -999999, "VOLT_CLASS": "UNDER 100", "INFERRED": "Y", "SUB_1": "TAP143270", "SUB_2": "WESTDALE", "Shape__Len": 3682.7935332067464, "Shape__Length": 3682.7934458810046}}, {"type": "Feature", "id": 28206, "geometry": {"type": "LineString", "coordinates": [[-91.2657049111645, 30.696112256074], [-91.2648716913991, 30.6979401973791], [-91.2614453300559, 30.700124871204], [-91.2539443408397, 30.7041544872915], [-91.2529497701745, 30.7064644582586], [-91.2430618117213, 30.7168657442661], [-91.2373189665516, 30.7227625856255], [-91.2368441404486, 30.7243667323014], [-91.2364142292115, 30.7251174733089], [-91.2304853043188, 30.7317650559385], [-91.2249028740043, 30.7373474851446], [-91.2244793794333, 30.7378543963611], [-91.2258974446695, 30.7500844083224], [-91.2236708902877, 30.756533077042], [-91.2172350541651, 30.7755005042543], [-91.2146299200782, 30.7871016908303], [-91.2128974417977, 30.7900533206882], [-91.208880660039, 30.7948400929236], [-91.2095351509954, 30.814603178016], [-91.2069300169086, 30.8189536232804], [-91.2063910241448, 30.8298233192219], [-91.2074275730832, 30.8310495158483], [-91.2077056375962, 30.8313835428161]]}, "properties": {"OBJECTID_1": 28206, "OBJECTID": 28206, "ID": "132354", "TYPE": "AC; OVERHEAD", "STATUS": "IN SERVICE", "NAICS_CODE": "221121", "NAICS_DESC": "ELECTRIC BULK POWER TRANSMISSION AND CONTROL", "SOURCE": "IMAGERY, EIA 861, https://cdn.misoenergy.org/Entergy Louisiana Transferred Facilities 2019390620.xlsx", "SOURCEDATE": 1404777600000, "VAL_METHOD": "IMAGERY", "VAL_DATE": 1587340800000, "OWNER": "ENTERGY LOUISIANA LLC", "VOLTAGE": 69, "VOLT_CLASS": "UNDER 100", "INFERRED": "Y", "SUB_1": "TAP142948", "SUB_2": "JACKSON", "Shape__Len": 19812.633739431447, "Shape__Length": 19812.633716779288}}, {"type": "Feature", "id": 28625, "geometry": {"type": "LineString", "coordinates": [[-91.1303594286022, 30.4710390711077], [-91.1235494109261, 30.4711889772124], [-91.118552542938, 30.4739515312973], [-91.1163039528823, 30.4750865339053], [-91.1161517171877, 30.470961977954]]}, "properties": {"OBJECTID_1": 28625, "OBJECTID": 28625, "ID": "132837", "TYPE": "AC; OVERHEAD", "STATUS": "IN SERVICE", "NAICS_CODE": "221121", "NAICS_DESC": "ELECTRIC BULK POWER TRANSMISSION AND CONTROL", "SOURCE": "IMAGERY, EIA 861", "SOURCEDATE": 1404950400000, "VAL_METHOD": "IMAGERY", "VAL_DATE": 1589760000000, "OWNER": "ENTERGY GULF STATES - LA LLC", "VOLTAGE": 138, "VOLT_CLASS": "100-161", "INFERRED": "Y", "SUB_1": "TAP143268", "SUB_2": "TAP143269", "Shape__Len": 2242.2706471128063, "Shape__Length": 2242.2705886211734}}, {"type": "Feature", "id": 28668, "geometry": {"type": "LineString", "coordinates": [[-91.0078634316944, 30.210241535222], [-91.0080111883889, 30.2101873619328], [-91.0094099245751, 30.2092607722783], [-91.0096064256536, 30.2091428719836], [-91.0097084940328, 30.2090233210912]]}, "properties": {"OBJECTID_1": 28668, "OBJECTID": 28668, "ID": "132884", "TYPE": "OVERHEAD", "STATUS": "IN SERVICE", "NAICS_CODE": "221121", "NAICS_DESC": "ELECTRIC BULK POWER TRANSMISSION AND CONTROL", "SOURCE": "IMAGERY", "SOURCEDATE": 1406160000000, "VAL_METHOD": "IMAGERY", "VAL_DATE": 1406160000000, "OWNER": "ENTERGY LOUISIANA LLC", "VOLTAGE": -999999, "VOLT_CLASS": "NOT AVAILABLE", "INFERRED": "N", "SUB_1": "UNKNOWN115489", "SUB_2": "UNKNOWN115490", "Shape__Len": 259.8251763387446, "Shape__Length": 259.825205838557}}, {"type": "Feature", "id": 28906, "geometry": {"type": "LineString", "coordinates": [[-90.9636273049846, 30.7522799678947], [-90.9643465923208, 30.7528968631088], [-90.9655363228797, 30.7537177779206], [-90.9688556706181, 30.7551573512875], [-90.9700097093141, 30.7556689357125], [-90.9713184127493, 30.7562638011903], [-90.9725200405958, 30.7566445148348], [-90.9738882313674, 30.7573583532993], [-90.975982156684, 30.7575487096896], [-90.9792182234089, 30.756715898379], [-90.9800034461887, 30.756240006055], [-90.9836559179805, 30.7523971766683], [-90.9846433946498, 30.7520759490185], [-90.9892119602835, 30.7531229121531], [-90.9937091412932, 30.7537177779206], [-90.9955056344192, 30.7536463936976], [-91.0021562280818, 30.7536820858158], [-91.0041430778098, 30.7545981777001], [-91.0067366901049, 30.7557998057999], [-91.0104010600826, 30.7583101368906], [-91.0146127061893, 30.7595950458694], [-91.0183484598928, 30.7598686838934], [-91.0237736311336, 30.760368370928], [-91.0306383759735, 30.7603326789727], [-91.0321017441478, 30.7633308003131], [-91.0329339838512, 30.7652683199516], [-91.0330027184451, 30.7654408569648]]}, "properties": {"OBJECTID_1": 28906, "OBJECTID": 28906, "ID": "133159", "TYPE": "OVERHEAD", "STATUS": "IN SERVICE", "NAICS_CODE": "221121", "NAICS_DESC": "ELECTRIC BULK POWER TRANSMISSION AND CONTROL", "SOURCE": "IMAGERY", "SOURCEDATE": 1404777600000, "VAL_METHOD": "IMAGERY", "VAL_DATE": 1404864000000, "OWNER": "ENTERGY LOUISIANA LLC", "VOLTAGE": -999999, "VOLT_CLASS": "UNDER 100", "INFERRED": "Y", "SUB_1": "TAP142947", "SUB_2": "TAP142950", "Shape__Len": 8877.557791741769, "Shape__Length": 8877.557862402682}}, {"type": "Feature", "id": 29397, "geometry": {"type": "LineString", "coordinates": [[-90.9663332426228, 30.1739287481536], [-90.9657369220726, 30.1740491788285], [-90.9654192867712, 30.1740868646881], [-90.9645268410792, 30.1743780580793], [-90.9573488483098, 30.1750608038891], [-90.9617330994102, 30.185674851936], [-90.9600445262892, 30.1862434532729], [-90.9632563690442, 30.1924674828019], [-90.9605562030817, 30.1936750106939], [-90.9734345534028, 30.2041536148412], [-90.9740646757605, 30.2047047913471], [-90.9751755872381, 30.2055871721175], [-90.975632648258, 30.2055512000635], [-90.9756982441384, 30.2055956358542], [-90.9756853676871, 30.2060214372671], [-90.9814759807721, 30.2107277993795], [-90.9814755343094, 30.2168295721517], [-90.9948354256402, 30.2289987579459], [-90.9950362125809, 30.2294110879564], [-90.9952262430945, 30.2295616782506]]}, "properties": {"OBJECTID_1": 29397, "OBJECTID": 29397, "ID": "133722", "TYPE": "AC; OVERHEAD", "STATUS": "IN SERVICE", "NAICS_CODE": "221121", "NAICS_DESC": "ELECTRIC BULK POWER TRANSMISSION AND CONTROL", "SOURCE": "IMAGERY, OpenStreetMap", "SOURCEDATE": 1406160000000, "VAL_METHOD": "IMAGERY", "VAL_DATE": 1490227200000, "OWNER": "ENTERGY LOUISIANA LLC", "VOLTAGE": 138, "VOLT_CLASS": "100-161", "INFERRED": "Y", "SUB_1": "UNKNOWN112513", "SUB_2": "GEISMAR", "Shape__Len": 10153.292414004416, "Shape__Length": 10153.292373017286}}, {"type": "Feature", "id": 29801, "geometry": {"type": "LineString", "coordinates": [[-91.0957224088627, 30.2370953769773], [-91.0952341529462, 30.2371517139545], [-91.0918458702896, 30.2348687141703], [-91.0796662960718, 30.2352121030451], [-91.0695148617458, 30.2299646920429], [-91.0680125354343, 30.2290445173694], [-91.068324926371, 30.2276829488616]]}, "properties": {"OBJECTID_1": 29801, "OBJECTID": 29801, "ID": "134184", "TYPE": "AC; OVERHEAD", "STATUS": "IN SERVICE", "NAICS_CODE": "221121", "NAICS_DESC": "ELECTRIC BULK POWER TRANSMISSION AND CONTROL", "SOURCE": "IMAGERY, EIA 860", "SOURCEDATE": 1406160000000, "VAL_METHOD": "IMAGERY", "VAL_DATE": 1490054400000, "OWNER": "ENTERGY LOUISIANA LLC", "VOLTAGE": 138, "VOLT_CLASS": "100-161", "INFERRED": "Y", "SUB_1": "COSMAR", "SUB_2": "SUTAN", "Shape__Len": 3590.402067903516, "Shape__Length": 3590.402042011229}}, {"type": "Feature", "id": 29880, "geometry": {"type": "LineString", "coordinates": [[-91.3314393090481, 30.7565909867914], [-91.3301261167314, 30.7558291337616], [-91.3301055129721, 30.7457636682943], [-91.330390366952, 30.7453373920345]]}, "properties": {"OBJECTID_1": 29880, "OBJECTID": 29880, "ID": "134273", "TYPE": "AC; OVERHEAD", "STATUS": "NOT AVAILABLE", "NAICS_CODE": "221121", "NAICS_DESC": "ELECTRIC BULK POWER TRANSMISSION AND CONTROL", "SOURCE": "IMAGERY, EIA 861", "SOURCEDATE": 1402963200000, "VAL_METHOD": "IMAGERY", "VAL_DATE": 1489536000000, "OWNER": "ENTERGY GULF STATES - LA LLC", "VOLTAGE": 230, "VOLT_CLASS": "220-287", "INFERRED": "Y", "SUB_1": "FANCY POINT", "SUB_2": "NOT AVAILABLE", "Shape__Len": 1543.849053290206, "Shape__Length": 1543.8490436818627}}, {"type": "Feature", "id": 30210, "geometry": {"type": "LineString", "coordinates": [[-90.81804248915287, 30.16246895044765], [-90.8219201143786, 30.165437528858], [-90.8459119596608, 30.1839059493521], [-90.8467289774117, 30.1844339802866], [-90.8480779765755, 30.1847809253539], [-90.8484540230316, 30.1849958067521], [-90.8484123133546, 30.1854441957472], [-90.848721666189, 30.1856249413383], [-90.8490310190234, 30.1856214657036], [-90.8490414466672, 30.1854302916292], [-90.8492048133865, 30.1854302916292], [-90.8490623019548, 30.18513136737]]}, "properties": {"OBJECTID_1": 30210, "OBJECTID": 30210, "ID": "134648", "TYPE": "OVERHEAD", "STATUS": "IN SERVICE", "NAICS_CODE": "221121", "NAICS_DESC": "ELECTRIC BULK POWER TRANSMISSION AND CONTROL", "SOURCE": "IMAGERY, OpenStreetMap", "SOURCEDATE": 1403049600000, "VAL_METHOD": "IMAGERY", "VAL_DATE": 1404259200000, "OWNER": "ENTERGY LOUISIANA LLC", "VOLTAGE": -999999, "VOLT_CLASS": "NOT AVAILABLE", "INFERRED": "N", "SUB_1": "UNKNOWN112530", "SUB_2": "SORRENTO", "Shape__Len": 34574.95591063407, "Shape__Length": 34574.9558844458}}, {"type": "Feature", "id": 31658, "geometry": {"type": "LineString", "coordinates": [[-91.187930804058, 30.530339919086], [-91.1878462141993, 30.5304229758557], [-91.187465235094, 30.5305692287968], [-91.1876616059168, 30.5310426100798], [-91.191368259595, 30.5380669077221], [-91.1933379020936, 30.5380329487422], [-91.1934185492466, 30.5398839979637], [-91.1934313798838, 30.5402731737788], [-91.1934929611931, 30.542063867344], [-91.2003041664421, 30.5551329710802], [-91.2009472496927, 30.5550058500977], [-91.201081847865, 30.5550432393674]]}, "properties": {"OBJECTID_1": 31658, "OBJECTID": 31658, "ID": "136307", "TYPE": "AC; OVERHEAD", "STATUS": "IN SERVICE", "NAICS_CODE": "221121", "NAICS_DESC": "ELECTRIC BULK POWER TRANSMISSION AND CONTROL", "SOURCE": "IMAGERY, EIA 861, https://cdn.misoenergy.org/Entergy Louisiana Transferred Facilities 2019390620.xlsx", "SOURCEDATE": 1406246400000, "VAL_METHOD": "IMAGERY", "VAL_DATE": 1587340800000, "OWNER": "ENTERGY GULF STATES - LA LLC", "VOLTAGE": 69, "VOLT_CLASS": "UNDER 100", "INFERRED": "Y", "SUB_1": "UNKNOWN115662", "SUB_2": "SWAN", "Shape__Len": 3804.3504870257707, "Shape__Length": 3804.3504938819297}}, {"type": "Feature", "id": 31812, "geometry": {"type": "LineString", "coordinates": [[-91.0078634316944, 30.210241535222], [-91.0079522220754, 30.2101064718556], [-91.009356561054, 30.2091761721879], [-91.009566392233, 30.2090502718158], [-91.0097084940328, 30.2090233210912]]}, "properties": {"OBJECTID_1": 31812, "OBJECTID": 31812, "ID": "136487", "TYPE": "OVERHEAD", "STATUS": "IN SERVICE", "NAICS_CODE": "221121", "NAICS_DESC": "ELECTRIC BULK POWER TRANSMISSION AND CONTROL", "SOURCE": "IMAGERY", "SOURCEDATE": 1406160000000, "VAL_METHOD": "IMAGERY", "VAL_DATE": 1406160000000, "OWNER": "ENTERGY LOUISIANA LLC", "VOLTAGE": -999999, "VOLT_CLASS": "NOT AVAILABLE", "INFERRED": "N", "SUB_1": "UNKNOWN115489", "SUB_2": "UNKNOWN115490", "Shape__Len": 261.61739917946045, "Shape__Length": 261.6174475767404}}, {"type": "Feature", "id": 31935, "geometry": {"type": "LineString", "coordinates": [[-91.0194785899275, 30.5150134113674], [-91.019600273021, 30.5155190723686], [-91.0204535593532, 30.5151617127816], [-91.0245011928519, 30.5097502819556], [-91.0255586833162, 30.5069935147222], [-91.0333841089788, 30.4942671687384], [-91.0345291151147, 30.4920209151465], [-91.0344634779118, 30.4855082346988], [-91.034419720076, 30.4846184851627], [-91.0328590095592, 30.4772452266739], [-91.0326183401148, 30.4758887219226], [-91.0324959401658, 30.4751097773198]]}, "properties": {"OBJECTID_1": 31935, "OBJECTID": 31935, "ID": "136630", "TYPE": "OVERHEAD", "STATUS": "IN SERVICE", "NAICS_CODE": "221121", "NAICS_DESC": "ELECTRIC BULK POWER TRANSMISSION AND CONTROL", "SOURCE": "IMAGERY, EIA 861", "SOURCEDATE": 1404950400000, "VAL_METHOD": "IMAGERY", "VAL_DATE": 1404950400000, "OWNER": "ENTERGY GULF STATES - LA LLC", "VOLTAGE": -999999, "VOLT_CLASS": "UNDER 100", "INFERRED": "Y", "SUB_1": "UNKNOWN114467", "SUB_2": "TAP143267", "Shape__Len": 5760.2859495820085, "Shape__Length": 5760.285929463579}}, {"type": "Feature", "id": 31946, "geometry": {"type": "LineString", "coordinates": [[-91.1433831191498, 30.4487136010598], [-91.1434007881131, 30.4491151979001], [-91.1434479227161, 30.4496417233537], [-91.1438119892395, 30.453741190713], [-91.1436425750617, 30.4541580801861], [-91.1441811635836, 30.4649083179623], [-91.1442906529454, 30.4653877463032], [-91.1446598533406, 30.4737246817101], [-91.1446647599387, 30.4741738906539], [-91.1449946410739, 30.4788389526722], [-91.1455361401373, 30.4867090909362], [-91.1455781983606, 30.4873820221712], [-91.1448579516237, 30.4873925369751], [-91.1440693610599, 30.4873136778533], [-91.1434122021071, 30.4873715081402], [-91.1436744005756, 30.4926054166904]]}, "properties": {"OBJECTID_1": 31946, "OBJECTID": 31946, "ID": "136643", "TYPE": "OVERHEAD", "STATUS": "NOT AVAILABLE", "NAICS_CODE": "221121", "NAICS_DESC": "ELECTRIC BULK POWER TRANSMISSION AND CONTROL", "SOURCE": "IMAGERY, EIA 861", "SOURCEDATE": 1405036800000, "VAL_METHOD": "IMAGERY", "VAL_DATE": 1566518400000, "OWNER": "ENTERGY GULF STATES - LA LLC", "VOLTAGE": -999999, "VOLT_CLASS": "UNDER 100", "INFERRED": "Y", "SUB_1": "TAP143270", "SUB_2": "DEADEND167033", "Shape__Len": 5924.34204639708, "Shape__Length": 5924.3420465216395}}, {"type": "Feature", "id": 32369, "geometry": {"type": "LineString", "coordinates": [[-91.1534769561948, 30.4366096653607], [-91.1534269874071, 30.4364883129369], [-91.153412709584, 30.4361528090745], [-91.1528273628533, 30.4361670858417]]}, "properties": {"OBJECTID_1": 32369, "OBJECTID": 32369, "ID": "137145", "TYPE": "OVERHEAD", "STATUS": "IN SERVICE", "NAICS_CODE": "221121", "NAICS_DESC": "ELECTRIC BULK POWER TRANSMISSION AND CONTROL", "SOURCE": "IMAGERY, EIA 861", "SOURCEDATE": 1405900800000, "VAL_METHOD": "IMAGERY", "VAL_DATE": 1405900800000, "OWNER": "ENTERGY GULF STATES - LA LLC", "VOLTAGE": -999999, "VOLT_CLASS": "NOT AVAILABLE", "INFERRED": "N", "SUB_1": "TAP143272", "SUB_2": "BROUSSARD", "Shape__Len": 125.15952481879752, "Shape__Length": 125.15952327234768}}, {"type": "Feature", "id": 32397, "geometry": {"type": "LineString", "coordinates": [[-91.2076136330432, 30.5594102236767], [-91.2077044509217, 30.5593837058979], [-91.2107318740405, 30.5585852242652], [-91.2104405063764, 30.5576700290641], [-91.2127014572504, 30.5571129832998], [-91.2131244523582, 30.5571658576438], [-91.2141822482496, 30.5581835307614], [-91.2142695896481, 30.5603816252344], [-91.2129770280403, 30.5607232550311], [-91.2127922850105, 30.560316820104], [-91.2136780598132, 30.5599299261237]]}, "properties": {"OBJECTID_1": 32397, "OBJECTID": 32397, "ID": "137180", "TYPE": "OVERHEAD", "STATUS": "IN SERVICE", "NAICS_CODE": "221121", "NAICS_DESC": "ELECTRIC BULK POWER TRANSMISSION AND CONTROL", "SOURCE": "IMAGERY, EIA 861", "SOURCEDATE": 1406246400000, "VAL_METHOD": "IMAGERY", "VAL_DATE": 1406246400000, "OWNER": "ENTERGY GULF STATES - LA LLC", "VOLTAGE": -999999, "VOLT_CLASS": "NOT AVAILABLE", "INFERRED": "N", "SUB_1": "UNKNOWN115663", "SUB_2": "UNKNOWN115664", "Shape__Len": 1573.5708733851693, "Shape__Length": 1573.5708274723825}}, {"type": "Feature", "id": 32461, "geometry": {"type": "LineString", "coordinates": [[-91.0324959401658, 30.4751097773198], [-91.0327051227612, 30.4743519177523], [-91.0329607060359, 30.473348557716], [-91.032704119343, 30.4733411197204], [-91.0326309848008, 30.4732159256345]]}, "properties": {"OBJECTID_1": 32461, "OBJECTID": 32461, "ID": "137249", "TYPE": "OVERHEAD", "STATUS": "IN SERVICE", "NAICS_CODE": "221121", "NAICS_DESC": "ELECTRIC BULK POWER TRANSMISSION AND CONTROL", "SOURCE": "IMAGERY, EIA 861", "SOURCEDATE": 1404950400000, "VAL_METHOD": "IMAGERY", "VAL_DATE": 1409875200000, "OWNER": "ENTERGY GULF STATES - LA LLC", "VOLTAGE": -999999, "VOLT_CLASS": "UNDER 100", "INFERRED": "Y", "SUB_1": "UNKNOWN114468", "SUB_2": "TAP143267", "Shape__Len": 279.9843772581653, "Shape__Length": 279.9844521452412}}, {"type": "Feature", "id": 32512, "geometry": {"type": "LineString", "coordinates": [[-91.3134315245557, 30.4546182616722], [-91.3131457713622, 30.4552011331611], [-91.3131457713622, 30.4569369467197], [-91.3131737089675, 30.4593420709563], [-91.3131508019278, 30.4617206533372], [-91.3131813446474, 30.4641167542557], [-91.3131864650446, 30.4665260356648], [-91.3131966160073, 30.4688979403793], [-91.313214582313, 30.4712938639648], [-91.3132181755741, 30.4736185781725], [-91.3132352435645, 30.4760620766549], [-91.3132442267173, 30.4785154249383], [-91.3132605760555, 30.4809082482363], [-91.3132839322529, 30.4832574282033], [-91.3130919622767, 30.4853376960467], [-91.3129314333354, 30.4873028859074], [-91.3097125001778, 30.4903129881047], [-91.3083208301396, 30.4916231302898], [-91.3067139237594, 30.4931590487236], [-91.3056539117242, 30.4941670370259], [-91.3048127292921, 30.4949362958618], [-91.3058068049855, 30.4953695326705], [-91.3067547072733, 30.4957890676725], [-91.3075994829665, 30.4961656421429], [-91.3081848252056, 30.4955996586798], [-91.3103326072184, 30.4965404340845], [-91.3126532250919, 30.4975617773691], [-91.31494051457, 30.4985761436969], [-91.3172046293104, 30.4995715360067], [-91.3195072808782, 30.500584875164], [-91.3217901704081, 30.5015895349422], [-91.3240657817875, 30.5026013817131], [-91.3287471219219, 30.504701292845], [-91.3341919509962, 30.5062669487208], [-91.3473729311601, 30.5102429566474], [-91.3521269045768, 30.5116779728553], [-91.3527539304418, 30.511866964351], [-91.3532469249714, 30.5120159438746], [-91.3548609280424, 30.5125029698881], [-91.3613019375627, 30.5144459418066], [-91.3729499435926, 30.5179609313142], [-91.3779839227817, 30.5194789453786], [-91.386960967079, 30.519180932365], [-91.3933389157647, 30.5189689713406], [-91.4000719675839, 30.518745942805], [-91.4003069677606, 30.5187379719907], [-91.4090809029721, 30.518446920742], [-91.4147249280707, 30.5182589480684], [-91.4184749452242, 30.5181349741259], [-91.4316749696721, 30.5177099636297], [-91.4321039152203, 30.517695957289], [-91.4321199052324, 30.5181349741259], [-91.4325879265971, 30.5359129397232], [-91.4363219546369, 30.5370729850332], [-91.4408249396616, 30.5384729429613], [-91.4457439335961, 30.5399839843333], [-91.44765802329604, 30.54058336077771]]}, "properties": {"OBJECTID_1": 32512, "OBJECTID": 32512, "ID": "137304", "TYPE": "AC; OVERHEAD", "STATUS": "IN SERVICE", "NAICS_CODE": "221121", "NAICS_DESC": "ELECTRIC BULK POWER TRANSMISSION AND CONTROL", "SOURCE": "IMAGERY, OpenStreetMap, EIA 860", "SOURCEDATE": 1489536000000, "VAL_METHOD": "IMAGERY", "VAL_DATE": 1588204800000, "OWNER": "ENTERGY LOUISIANA LLC", "VOLTAGE": 138, "VOLT_CLASS": "100-161", "INFERRED": "Y", "SUB_1": "UNKNOWN112483", "SUB_2": "UNKNOWN114825", "Shape__Len": 36101.16543571469, "Shape__Length": 36101.165474757465}}, {"type": "Feature", "id": 32652, "geometry": {"type": "LineString", "coordinates": [[-90.69418102270886, 30.360757216686874], [-90.6944835810375, 30.3605379426851], [-90.6960707235831, 30.3593969562768], [-90.6976601137136, 30.3582559573344], [-90.6992494131143, 30.3571023861143], [-90.7008304480143, 30.3559720568179], [-90.7024011522886, 30.3548309396361], [-90.7040049145654, 30.3536844596523], [-90.7055818172151, 30.3525451770091], [-90.7071691403222, 30.3514022369108], [-90.7087522413474, 30.3502611439505], [-90.7103353423726, 30.3491182546945], [-90.7119267078984, 30.3479734923335], [-90.7135036114464, 30.3468358471533], [-90.7150848251112, 30.3456831498726], [-90.716677717773, 30.3445454788437], [-90.7182641425648, 30.3434003521153], [-90.7198433808342, 30.3422556771497], [-90.7214238767451, 30.3411117640739], [-90.7230178473853, 30.339981173308], [-90.724594570372, 30.3388432801708], [-90.7261964461866, 30.3377011879464], [-90.7277704742275, 30.3365581520241], [-90.7284141683325, 30.3360907400672], [-90.7293438734476, 30.3354156447064], [-90.7308983182152, 30.3342911907988], [-90.7325295689397, 30.3331259403663], [-90.7341053037795, 30.3320006840405], [-90.7351860740844, 30.3312136707017], [-90.7356735826025, 30.33085866707], [-90.7372304528214, 30.3297481941827], [-90.7387945993942, 30.3286063843322], [-90.740362339228, 30.3274923959036], [-90.7419175026479, 30.326346139239], [-90.7433561545754, 30.3250951898329], [-90.7447800741323, 30.3238478688905], [-90.7462441483823, 30.3225658706695], [-90.7477547553641, 30.321249038723], [-90.7492442519367, 30.3199487843452], [-90.7507167703504, 30.3186702238654], [-90.7521893785957, 30.317380869304], [-90.7536428527254, 30.3161096423168], [-90.7551069269754, 30.3148458442591], [-90.756577379264, 30.3135545766364], [-90.7580392975574, 30.3122778730314], [-90.7595033718074, 30.3110047193848], [-90.760973824096, 30.3097207686334], [-90.7624378094129, 30.3084457212615], [-90.7639061048464, 30.3071690278835], [-90.7653597586392, 30.3058959629845], [-90.7668449432984, 30.3046044231069], [-90.7683090184468, 30.3033295410792], [-90.769773001967, 30.302050842105], [-90.771241477962, 30.3007721256779], [-90.7727033064238, 30.2994880416717], [-90.7741695366306, 30.2982092933722], [-90.7756421448758, 30.2969342506242], [-90.7771061292944, 30.2956518227575], [-90.7785702044427, 30.2943748852062], [-90.7800533220785, 30.2930851327035], [-90.7815005080012, 30.2918191761927], [-90.7829603601694, 30.2905385430618], [-90.7844244344195, 30.289256032339], [-90.7859012647466, 30.287975364968], [-90.7866849550004, 30.2872794851514], [-90.7862840368891, 30.2869254541094], [-90.7861372907993, 30.2866639047116]]}, "properties": {"OBJECTID_1": 32652, "OBJECTID": 32652, "ID": "137480", "TYPE": "AC; OVERHEAD", "STATUS": "IN SERVICE", "NAICS_CODE": "221121", "NAICS_DESC": "ELECTRIC BULK POWER TRANSMISSION AND CONTROL", "SOURCE": "IMAGERY, OpenStreetMap", "SOURCEDATE": 1403049600000, "VAL_METHOD": "IMAGERY", "VAL_DATE": 1490054400000, "OWNER": "ENTERGY LOUISIANA LLC", "VOLTAGE": 230, "VOLT_CLASS": "220-287", "INFERRED": "Y", "SUB_1": "UNKNOWN112526", "SUB_2": "UNKNOWN112533", "Shape__Len": 32062.37456567689, "Shape__Length": 32062.37456336024}}, {"type": "Feature", "id": 32837, "geometry": {"type": "LineString", "coordinates": [[-90.9178695660325, 30.4999932371565], [-90.9181552985648, 30.5000253239306], [-90.9185006244347, 30.4997059751095], [-90.9257832116459, 30.5056882101978], [-90.9263971131245, 30.5057810090818], [-90.928888408207, 30.5073300392474], [-90.9295380006502, 30.5076655433109], [-90.9321792029941, 30.5080296003597], [-90.9338638612571, 30.5083294121617], [-90.936041067587, 30.5085792563007], [-90.9377685566245, 30.5092859549948], [-90.9404097589683, 30.5118986037513], [-90.9406096332207, 30.5125767502854], [-90.9476480789989, 30.5223563348607], [-90.9503749410949, 30.5252473797612], [-90.9515099435918, 30.5261396779975], [-90.952644946987, 30.5270319757779], [-90.9551433809811, 30.5279885187377], [-90.9613966048778, 30.5302228332165], [-90.9617392465817, 30.5303370468401], [-90.962196103684, 30.5304583999255], [-90.9643518950759, 30.5318289690209], [-90.9657938492104, 30.5339347923657], [-90.9659865845512, 30.5343773716486], [-90.9671572798093, 30.5356480038174], [-90.9678853948898, 30.5372327247034], [-90.9687420013953, 30.5372969703731], [-90.9748667329687, 30.5363689813213], [-90.9836826356737, 30.5349984112876], [-90.9846177648164, 30.534684321935], [-90.9873589038373, 30.5341846349085], [-90.9886795045601, 30.5341489437087], [-90.9914634743555, 30.5340061756833], [-90.99264844564, 30.534127528054], [-90.9938833857122, 30.5343773716486], [-90.9947328533061, 30.5346700449111], [-91.0069180734354, 30.5410232060745], [-91.00706417184, 30.5409602696297], [-91.0078611733297, 30.5401046151146], [-91.0080060823649, 30.5389487917565], [-91.0081827189975, 30.5389847690106], [-91.0083398873413, 30.538976434668]]}, "properties": {"OBJECTID_1": 32837, "OBJECTID": 32837, "ID": "137692", "TYPE": "OVERHEAD", "STATUS": "IN SERVICE", "NAICS_CODE": "221121", "NAICS_DESC": "ELECTRIC BULK POWER TRANSMISSION AND CONTROL", "SOURCE": "IMAGERY", "SOURCEDATE": 1404777600000, "VAL_METHOD": "IMAGERY", "VAL_DATE": 1409875200000, "OWNER": "ENTERGY LOUISIANA LLC", "VOLTAGE": -999999, "VOLT_CLASS": "UNDER 100", "INFERRED": "Y", "SUB_1": "UNKNOWN114613", "SUB_2": "LOCKHART", "Shape__Len": 12732.605824758723, "Shape__Length": 12732.605848492458}}, {"type": "Feature", "id": 33205, "geometry": {"type": "LineString", "coordinates": [[-91.330390366952, 30.7453373920345], [-91.3308894673306, 30.7439693790974], [-91.3376947248341, 30.7298948672669], [-91.3362075620846, 30.7277295579481], [-91.3348004185657, 30.7256632131805], [-91.3324442857974, 30.721172562948], [-91.3320188589502, 30.720449131358], [-91.3310727110722, 30.7207718236231], [-91.3188245037701, 30.7248076970656], [-91.3159235050528, 30.7256108656235], [-91.3144849932625, 30.7233871659014], [-91.3118649767863, 30.719040987991], [-91.3095939540013, 30.7155235990493], [-91.3082587790114, 30.7133791081994], [-91.3054204647346, 30.7086420481818], [-91.3038686367594, 30.7059987207943], [-91.302497765415, 30.7037977373647], [-91.2910218074233, 30.68539253904], [-91.2892939985856, 30.682706091143], [-91.2726215085592, 30.6777560752231], [-91.2718573836122, 30.6666726470968], [-91.2712119638435, 30.6598259101911], [-91.2717293440398, 30.655450630146], [-91.271885279895, 30.6540144406895], [-91.2654916717773, 30.6534679787802], [-91.2654668333597, 30.651898142288], [-91.265535549089, 30.6397362117129], [-91.2475811272195, 30.6385748330117], [-91.2458558507327, 30.6384862057373], [-91.2455470638369, 30.6385042516472], [-91.2453425425995, 30.6383237916231], [-91.2451320071413, 30.6387508808072]]}, "properties": {"OBJECTID_1": 33205, "OBJECTID": 33205, "ID": "138104", "TYPE": "AC; OVERHEAD", "STATUS": "IN SERVICE", "NAICS_CODE": "221121", "NAICS_DESC": "ELECTRIC BULK POWER TRANSMISSION AND CONTROL", "SOURCE": "IMAGERY, OpenStreetMap", "SOURCEDATE": 1404777600000, "VAL_METHOD": "IMAGERY", "VAL_DATE": 1489536000000, "OWNER": "ENTERGY LOUISIANA LLC", "VOLTAGE": 230, "VOLT_CLASS": "220-287", "INFERRED": "Y", "SUB_1": "PORT HUDSON", "SUB_2": "FANCY POINT", "Shape__Len": 21608.84443658442, "Shape__Length": 21608.844440175253}}, {"type": "Feature", "id": 33892, "geometry": {"type": "LineString", "coordinates": [[-91.1884816384138, 30.4929404513712], [-91.1888019569829, 30.4929008661558], [-91.191414610867, 30.4938463391317], [-91.1914609333929, 30.4940593039226], [-91.1916091877542, 30.4973556209229], [-91.1915555286873, 30.5013201656209], [-91.1914794611457, 30.5022882998853], [-91.1905069171713, 30.5023959751136], [-91.1876841230877, 30.5022597448306], [-91.1850260782306, 30.5017640219255], [-91.1847284187663, 30.5039318209872], [-91.1846578785586, 30.504491591228], [-91.1847269715803, 30.5048138151377]]}, "properties": {"OBJECTID_1": 33892, "OBJECTID": 33892, "ID": "138875", "TYPE": "AC; OVERHEAD", "STATUS": "IN SERVICE", "NAICS_CODE": "221121", "NAICS_DESC": "ELECTRIC BULK POWER TRANSMISSION AND CONTROL", "SOURCE": "IMAGERY, EIA 861", "SOURCEDATE": 1406246400000, "VAL_METHOD": "IMAGERY", "VAL_DATE": 1588204800000, "OWNER": "ENTERGY GULF STATES - LA LLC", "VOLTAGE": 69, "VOLT_CLASS": "UNDER 100", "INFERRED": "Y", "SUB_1": "UNKNOWN114483", "SUB_2": "UNKNOWN115658", "Shape__Len": 2566.9803997511767, "Shape__Length": 2566.9803468652995}}, {"type": "Feature", "id": 36115, "geometry": {"type": "LineString", "coordinates": [[-91.1767213151256, 30.5626014559975], [-91.1736374571458, 30.5626014559975], [-91.174852008156, 30.5555690609491], [-91.1751190494422, 30.5541167651792]]}, "properties": {"OBJECTID_1": 36115, "OBJECTID": 36115, "ID": "141467", "TYPE": "OVERHEAD", "STATUS": "NOT AVAILABLE", "NAICS_CODE": "221121", "NAICS_DESC": "ELECTRIC BULK POWER TRANSMISSION AND CONTROL", "SOURCE": "IMAGERY, EIA 861", "SOURCEDATE": 1406246400000, "VAL_METHOD": "IMAGERY", "VAL_DATE": 1566518400000, "OWNER": "ENTERGY GULF STATES - LA LLC", "VOLTAGE": -999999, "VOLT_CLASS": "100-161", "INFERRED": "Y", "SUB_1": "UNKNOWN115670", "SUB_2": "DEADEND167026", "Shape__Len": 1452.4823833770217, "Shape__Length": 1452.4823631109593}}, {"type": "Feature", "id": 36249, "geometry": {"type": "LineString", "coordinates": [[-90.8794247791447, 30.7496972293189], [-90.8801178293864, 30.7499462827592], [-90.8833722459977, 30.7498140359258], [-90.8867127212133, 30.7498687720862], [-90.8898960810856, 30.7490844748243], [-90.8933911563615, 30.7482232768034], [-90.8969852259818, 30.7473376746443], [-90.9006365182856, 30.7464380903023], [-90.9039569610703, 30.7456198719816], [-90.907483118055, 30.7447510767944], [-90.9108323069288, 30.7439257411308], [-90.9141700871985, 30.7431033322739], [-90.9175052623539, 30.7431038727252], [-90.9211315805945, 30.7431043359691], [-90.924806229994, 30.7431048756482], [-90.9284486289765, 30.7431053396642], [-90.9320857278989, 30.7431058801154], [-90.9357549874067, 30.7431063433594], [-90.9394349350698, 30.7431068838106], [-90.9432276221993, 30.7431073470545], [-90.9470256093891, 30.743107964713], [-90.9508451561456, 30.7431084279569], [-90.9546431433353, 30.743108967636], [-90.9584786801039, 30.7431095860666], [-90.9623088269808, 30.7431100493105], [-90.9661390636893, 30.7431105897617], [-90.9699477408309, 30.7431111302129], [-90.9733005229658, 30.7431115926847], [-90.977002031094, 30.7431120567007], [-90.9806927594388, 30.7431126743592], [-90.9843833979521, 30.7431131383751], [-90.9880687364052, 30.7431136780542], [-90.9919258327406, 30.743114141298], [-90.9947796007352, 30.7431145273346], [-90.9977891366001, 30.7431149913505], [-91.0014637851013, 30.7431154538223], [-91.0051115739755, 30.7431160707088], [-91.0087700528016, 30.7431165347247], [-91.012450001363, 30.7431170751758], [-91.0160871002853, 30.7431175376476], [-91.019718809316, 30.7431180788709], [-91.0233827678653, 30.7431185421147], [-91.0270359466312, 30.7431190833379], [-91.0306622657702, 30.7431195458097], [-91.0342778051257, 30.7431200862608], [-91.0377632684281, 30.7431205502767], [-91.0404508480951, 30.7434820326597], [-91.0441380730103, 30.7435965313685], [-91.0477576547846, 30.7437089453566], [-91.0520769343337, 30.7433705456641], [-91.0554271113543, 30.7434779406878], [-91.0587153046203, 30.743671344849], [-91.0620598222546, 30.7439710606577], [-91.0657624083612, 30.7436535872686], [-91.0694948194335, 30.7433334870185], [-91.0727313586723, 30.7435732920815], [-91.0760406623475, 30.7438183473784], [-91.0793585000178, 30.7440641733455], [-91.0827011311901, 30.7442580380239], [-91.0854659659715, 30.7444541420651], [-91.0882818250611, 30.7446538736208], [-91.0918164262095, 30.7450709407166], [-91.0950488340964, 30.7454092556861], [-91.0980105795881, 30.7448691246944], [-91.1013318308566, 30.7442635196777], [-91.1046230783945, 30.7436633933137], [-91.10795061787, 30.7430565446269], [-91.1112275821949, 30.7424589578301], [-91.1149380725777, 30.7417823831878], [-91.1186206271517, 30.7411107451646], [-91.1211923241471, 30.7425027346632], [-91.1238570866059, 30.743945042794], [-91.1263151467178, 30.7452754592834], [-91.1293729221134, 30.7452761533616], [-91.1327686437189, 30.7452769246453], [-91.136303873688, 30.7452777746787], [-91.139517146561, 30.7452784703009], [-91.1429343388001, 30.7452791643791], [-91.146313800899, 30.7452799356628], [-91.1496880527692, 30.7452807856961], [-91.1530998542183, 30.7452814813184], [-91.1567905825631, 30.7452823298076], [-91.1604545411124, 30.7452831790689], [-91.1641574874434, 30.7452839511246], [-91.1678681565909, 30.7453230943415], [-91.1715695757859, 30.7453619287205], [-91.1752869840947, 30.7454011491113], [-91.1789830116013, 30.7454400606642], [-91.1826846095611, 30.7454789722015], [-91.1865523069151, 30.7455196586748], [-91.1900928369444, 30.7455569496395], [-91.193778085566, 30.7455957839242], [-91.1975172331046, 30.7456351586303], [-91.201358159765, 30.7456755369886], [-91.2048718301673, 30.7457125962773], [-91.2086107980428, 30.7457518929584], [-91.2123176062312, 30.7457908823469], [-91.2160138142993, 30.7458297929704], [-91.2197795519703, 30.7458694756291], [-91.2235078298939, 30.7459086193802], [-91.2272253280342, 30.7459477623432], [-91.230996455597, 30.7459874457255], [-91.2346549344231, 30.7460259710167], [-91.2384370214323, 30.7460657323437], [-91.2421598196327, 30.7461049516758], [-91.2459149571834, 30.7461444813555], [-91.249627065432, 30.7461835462459], [-91.2533715130308, 30.7462229207117], [-91.2567416326507, 30.746258434922], [-91.2594987419207, 30.7450408297003], [-91.262283609133, 30.7438110891719], [-91.2650731475848, 30.7425791703557], [-91.2676953298991, 30.7428371210684], [-91.2705614048131, 30.7431190833379], [-91.2777611242359, 30.7396062590013], [-91.2836095771471, 30.7367358179968], [-91.296018466104, 30.7329643721391], [-91.3087009926763, 30.7391033812143], [-91.3258710793016, 30.7436185839797], [-91.3321540886382, 30.7447008318893], [-91.330390366952, 30.7453373920345]]}, "properties": {"OBJECTID_1": 36249, "OBJECTID": 36249, "ID": "141621", "TYPE": "AC; OVERHEAD", "STATUS": "IN SERVICE", "NAICS_CODE": "221121", "NAICS_DESC": "ELECTRIC BULK POWER TRANSMISSION AND CONTROL", "SOURCE": "IMAGERY, OpenStreetMap, http://www.oatioasis.com/TVA/TVAdocs/TVA_Transmission_Map_2011_r2.pdf", "SOURCEDATE": 1402963200000, "VAL_METHOD": "IMAGERY", "VAL_DATE": 1443744000000, "OWNER": "ENTERGY LOUISIANA LLC", "VOLTAGE": 500, "VOLT_CLASS": "500", "INFERRED": "Y", "SUB_1": "MC KNIGHT", "SUB_2": "FANCY POINT", "Shape__Len": 51714.028460284615, "Shape__Length": 51714.028319093595}}, {"type": "Feature", "id": 36258, "geometry": {"type": "LineString", "coordinates": [[-91.1432528068397, 30.4495096630369], [-91.143401522935, 30.4495846156465], [-91.1434146095921, 30.4496405338521], [-91.1437814599945, 30.4537366288256], [-91.1436122802771, 30.4541529429545], [-91.1441513332279, 30.4649124387535], [-91.1442608019284, 30.4653917819022], [-91.1446290168718, 30.4737064650002], [-91.1444747653578, 30.4737827616281], [-91.144305584742, 30.47380100697]]}, "properties": {"OBJECTID_1": 36258, "OBJECTID": 36258, "ID": "141630", "TYPE": "OVERHEAD", "STATUS": "IN SERVICE", "NAICS_CODE": "221121", "NAICS_DESC": "ELECTRIC BULK POWER TRANSMISSION AND CONTROL", "SOURCE": "IMAGERY, EIA 861", "SOURCEDATE": 1405036800000, "VAL_METHOD": "IMAGERY", "VAL_DATE": 1409875200000, "OWNER": "ENTERGY GULF STATES - LA LLC", "VOLTAGE": -999999, "VOLT_CLASS": "UNDER 100", "INFERRED": "Y", "SUB_1": "EAST", "SUB_2": "BELFAIR", "Shape__Len": 3181.374007917086, "Shape__Length": 3181.374016759096}}, {"type": "Feature", "id": 37153, "geometry": {"type": "LineString", "coordinates": [[-91.2352718120202, 30.3222513012723], [-91.2347000002059, 30.3217000002145]]}, "properties": {"OBJECTID_1": 37153, "OBJECTID": 37153, "ID": "142643", "TYPE": "OVERHEAD", "STATUS": "NOT AVAILABLE", "NAICS_CODE": "221121", "NAICS_DESC": "ELECTRIC BULK POWER TRANSMISSION AND CONTROL", "SOURCE": "IMAGERY, EIA 860", "SOURCEDATE": 1406073600000, "VAL_METHOD": "IMAGERY", "VAL_DATE": 1611273600000, "OWNER": "ENTERGY LOUISIANA LLC", "VOLTAGE": 230, "VOLT_CLASS": "220-287", "INFERRED": "Y", "SUB_1": "PLAQUEMINE COGENERATION PLANT", "SUB_2": "NOT AVAILABLE", "Shape__Len": 95.42801432873594, "Shape__Length": 95.42800609548046}}, {"type": "Feature", "id": 37796, "geometry": {"type": "LineString", "coordinates": [[-91.3739768760658, 30.6830310411336], [-91.3740772978331, 30.6822282303395], [-91.3722547104447, 30.6741397130828], [-91.3718856412035, 30.67351422988], [-91.3715398203618, 30.673574385316], [-91.3715244843233, 30.6732715316982], [-91.371215690241, 30.6729494060738]]}, "properties": {"OBJECTID_1": 37796, "OBJECTID": 37796, "ID": "143365", "TYPE": "OVERHEAD", "STATUS": "IN SERVICE", "NAICS_CODE": "221121", "NAICS_DESC": "ELECTRIC BULK POWER TRANSMISSION AND CONTROL", "SOURCE": "IMAGERY", "SOURCEDATE": 1404950400000, "VAL_METHOD": "IMAGERY", "VAL_DATE": 1404950400000, "OWNER": "ENTERGY LOUISIANA LLC", "VOLTAGE": -999999, "VOLT_CLASS": "NOT AVAILABLE", "INFERRED": "N", "SUB_1": "UNKNOWN112425", "SUB_2": "UNKNOWN112426", "Shape__Len": 1394.255218785568, "Shape__Length": 1394.2552870510278}}, {"type": "Feature", "id": 39006, "geometry": {"type": "LineString", "coordinates": [[-91.099850876364, 30.4717185763453], [-91.0992528085906, 30.4717439799175], [-91.0606422510919, 30.4726886271457], [-91.0606712235564, 30.4721574468788], [-91.0606261541803, 30.4720190187838]]}, "properties": {"OBJECTID_1": 39006, "OBJECTID": 39006, "ID": "144723", "TYPE": "AC; OVERHEAD", "STATUS": "IN SERVICE", "NAICS_CODE": "221121", "NAICS_DESC": "ELECTRIC BULK POWER TRANSMISSION AND CONTROL", "SOURCE": "IMAGERY, EIA 861", "SOURCEDATE": 1405036800000, "VAL_METHOD": "IMAGERY", "VAL_DATE": 1589760000000, "OWNER": "ENTERGY GULF STATES - LA LLC", "VOLTAGE": 138, "VOLT_CLASS": "100-161", "INFERRED": "Y", "SUB_1": "TAP143271", "SUB_2": "SHARP", "Shape__Len": 4453.749204383436, "Shape__Length": 4453.7492574178905}}, {"type": "Feature", "id": 39121, "geometry": {"type": "LineString", "coordinates": [[-91.1303594286022, 30.4710390711077], [-91.1342784008944, 30.4709177181934], [-91.1403261818823, 30.4707269809645], [-91.1404838999951, 30.4740127768712], [-91.1436540357681, 30.473912888329], [-91.1441271910047, 30.4738340291256], [-91.144305584742, 30.47380100697]]}, "properties": {"OBJECTID_1": 39121, "OBJECTID": 39121, "ID": "144855", "TYPE": "AC; OVERHEAD", "STATUS": "IN SERVICE", "NAICS_CODE": "221121", "NAICS_DESC": "ELECTRIC BULK POWER TRANSMISSION AND CONTROL", "SOURCE": "IMAGERY, EIA 861", "SOURCEDATE": 1404950400000, "VAL_METHOD": "IMAGERY", "VAL_DATE": 1589760000000, "OWNER": "ENTERGY GULF STATES - LA LLC", "VOLTAGE": 138, "VOLT_CLASS": "100-161", "INFERRED": "Y", "SUB_1": "TAP143268", "SUB_2": "BELFAIR", "Shape__Len": 1962.0743002713868, "Shape__Length": 1962.074299659368}}, {"type": "Feature", "id": 39266, "geometry": {"type": "LineString", "coordinates": [[-91.1602376940911, 30.6423009982085], [-91.1612254483398, 30.6423541676939], [-91.1612754171275, 30.6421257398032]]}, "properties": {"OBJECTID_1": 39266, "OBJECTID": 39266, "ID": "145025", "TYPE": "AC; OVERHEAD", "STATUS": "IN SERVICE", "NAICS_CODE": "221121", "NAICS_DESC": "ELECTRIC BULK POWER TRANSMISSION AND CONTROL", "SOURCE": "IMAGERY, EIA 861", "SOURCEDATE": 1406678400000, "VAL_METHOD": "IMAGERY", "VAL_DATE": 1589760000000, "OWNER": "ENTERGY GULF STATES - LA LLC", "VOLTAGE": 69, "VOLT_CLASS": "UNDER 100", "INFERRED": "Y", "SUB_1": "UNKNOWN114243", "SUB_2": "TAP142955", "Shape__Len": 140.24558153231837, "Shape__Length": 140.24558674620718}}, {"type": "Feature", "id": 40406, "geometry": {"type": "LineString", "coordinates": [[-90.8962458343495, 30.4877032778311], [-90.8966911175577, 30.4872555866549], [-90.895948995047, 30.4869861706771], [-90.8959795620212, 30.4850922961172], [-90.8960444203847, 30.4839666216812], [-90.8961743167748, 30.4819424518006], [-90.8962888519735, 30.4801189822662], [-90.8964072499279, 30.4780946541812], [-90.8965333733939, 30.4761361688254], [-90.8966555442725, 30.4741085836201], [-90.8967815779068, 30.4721697611033], [-90.8968882977626, 30.4704331342454], [-90.8970001380155, 30.4686147923456], [-90.8971339869928, 30.4667652889372], [-90.8972117810964, 30.4655592653086], [-90.897307542404, 30.463453331729], [-90.8974452532388, 30.4614438338735], [-90.8975610460789, 30.4594738631919], [-90.8976628252006, 30.4577669773323], [-90.8977486143102, 30.4563509897158], [-90.8978584782695, 30.4546027749348], [-90.8979662761035, 30.4529337488074], [-90.8980760502313, 30.451128785644], [-90.8981957058271, 30.4491894290549], [-90.8983055697864, 30.4474600586217], [-90.8984133676204, 30.4457152483493], [-90.8985391317602, 30.4436898946605], [-90.8986648060685, 30.4416712376299], [-90.8987506850096, 30.440125831198], [-90.8988449182829, 30.4387051726155], [-90.898944721111, 30.4370633703287], [-90.8990545850703, 30.4351960727042], [-90.89918034921, 30.4331979209684], [-90.8992920097999, 30.4314631563255], [-90.8993899261658, 30.4298470238276], [-90.8995076045697, 30.4279228897899], [-90.8996174694273, 30.4261208733679], [-90.8997392809798, 30.4241466247768], [-90.8998609128693, 30.4223652197217], [-90.8999827244218, 30.4202739248582], [-90.9000945646747, 30.4184648718854], [-90.9002422477074, 30.4168055303315], [-90.9018570592621, 30.4157538247371], [-90.9037452281578, 30.4145884603473], [-90.905427952348, 30.4135504430825], [-90.9071045679943, 30.4125055198599], [-90.9089928267215, 30.4113488710128], [-90.9105956008515, 30.4103503303854], [-90.9123302476651, 30.4092762428514], [-90.9138212713737, 30.408356937254], [-90.9155139668635, 30.4073102539844], [-90.9172005538095, 30.4062791321582], [-90.9187634427408, 30.4053013809132], [-90.9202625512869, 30.4043733596384], [-90.9217894177753, 30.4034299896356], [-90.9235060075534, 30.4023712450713], [-90.925500178551, 30.4011437369286], [-90.927528034575, 30.3998852209561], [-90.929362485115, 30.3987472506993], [-90.9311968449252, 30.3976144593062], [-90.9330870799461, 30.3964419823306], [-90.9348196606346, 30.3953641767312], [-90.9368595549817, 30.3941039590847], [-90.9382487995686, 30.3932395259216], [-90.9399853328443, 30.3921772606742], [-90.9414784226781, 30.3912440787475], [-90.9433726102862, 30.3901059303255], [-90.9452848540315, 30.3888817550697], [-90.9468816992805, 30.3878900363338], [-90.9482150686568, 30.3870601867523], [-90.9497919713065, 30.3860786776922], [-90.951654268722, 30.3849301633204], [-90.9536103502532, 30.3837162298977], [-90.9554806426747, 30.382567763704], [-90.9573309026654, 30.3814209896929], [-90.9591713710195, 30.3802689332338], [-90.9608000166296, 30.379271934763], [-90.962550652557, 30.3781939412948], [-90.9641274662735, 30.3772055232724], [-90.9656724787307, 30.3762566209117], [-90.9673511614004, 30.375214863691], [-90.9691315315637, 30.3741092341907], [-90.9701255174256, 30.3735961732143], [-90.9713012315711, 30.3730002603605], [-90.9724929384237, 30.3725077310133], [-90.9735727115985, 30.3720548823214], [-90.9754190199003, 30.3714710490767], [-90.9758482349431, 30.3719756733632], [-90.9760198131623, 30.3719152208905], [-90.9761825528575, 30.3717576699457]]}, "properties": {"OBJECTID_1": 40406, "OBJECTID": 40406, "ID": "146324", "TYPE": "AC; OVERHEAD", "STATUS": "IN SERVICE", "NAICS_CODE": "221121", "NAICS_DESC": "ELECTRIC BULK POWER TRANSMISSION AND CONTROL", "SOURCE": "IMAGERY, OpenStreetMap", "SOURCEDATE": 1403049600000, "VAL_METHOD": "IMAGERY", "VAL_DATE": 1588291200000, "OWNER": "ENTERGY LOUISIANA LLC", "VOLTAGE": 230, "VOLT_CLASS": "220-287", "INFERRED": "Y", "SUB_1": "UNKNOWN112511", "SUB_2": "COLY", "Shape__Len": 19593.623099077213, "Shape__Length": 19593.623007187965}}, {"type": "Feature", "id": 41033, "geometry": {"type": "LineString", "coordinates": [[-90.7102260533351, 30.4316402297543], [-90.7102330359398, 30.4313804116513]]}, "properties": {"OBJECTID_1": 41033, "OBJECTID": 41033, "ID": "147036", "TYPE": "OVERHEAD", "STATUS": "IN SERVICE", "NAICS_CODE": "221121", "NAICS_DESC": "ELECTRIC BULK POWER TRANSMISSION AND CONTROL", "SOURCE": "IMAGERY, OpenStreetMap", "SOURCEDATE": 1405987200000, "VAL_METHOD": "IMAGERY", "VAL_DATE": 1405987200000, "OWNER": "ENTERGY LOUISIANA LLC", "VOLTAGE": -999999, "VOLT_CLASS": "UNDER 100", "INFERRED": "Y", "SUB_1": "TAP143276", "SUB_2": "TAP143277", "Shape__Len": 33.55299252291029, "Shape__Length": 33.55300480246593}}, {"type": "Feature", "id": 41278, "geometry": {"type": "LineString", "coordinates": [[-90.9841986207864, 30.1877900507834], [-90.9857280582531, 30.1869045869996]]}, "properties": {"OBJECTID_1": 41278, "OBJECTID": 41278, "ID": "147322", "TYPE": "OVERHEAD", "STATUS": "NOT AVAILABLE", "NAICS_CODE": "221121", "NAICS_DESC": "ELECTRIC BULK POWER TRANSMISSION AND CONTROL", "SOURCE": "IMAGERY, OpenStreetMap", "SOURCEDATE": 1402444800000, "VAL_METHOD": "IMAGERY", "VAL_DATE": 1611100800000, "OWNER": "ENTERGY LOUISIANA LLC", "VOLTAGE": 230, "VOLT_CLASS": "220-287", "INFERRED": "Y", "SUB_1": "SHELL CHEMICAL", "SUB_2": "NOT AVAILABLE", "Shape__Len": 204.91685008876365, "Shape__Length": 204.91687776449044}}, {"type": "Feature", "id": 41574, "geometry": {"type": "LineString", "coordinates": [[-91.2451320071413, 30.6387508808072], [-91.2445157412968, 30.6382094377263], [-91.2441129367235, 30.638219022615], [-91.2426789560354, 30.6381009222828], [-91.2408310316644, 30.6379848298382], [-91.2389162726363, 30.6378833461255], [-91.2370767025975, 30.6376263507068], [-91.2351966194377, 30.637383036822], [-91.2333209362261, 30.6371435861579], [-91.2314068060188, 30.6369002702859], [-91.2294995030075, 30.6366568772824], [-91.227594535616, 30.6364193563653], [-91.2258274596206, 30.6361896422184], [-91.224635125744, 30.6360358292782], [-91.2234359646712, 30.6358782287305], [-91.2216463409622, 30.63564457134], [-91.220248023391, 30.6354693472502], [-91.2183362288033, 30.6352163646885], [-91.2164492277175, 30.6349632276505], [-91.214560070675, 30.6347432498672], [-91.2131957094214, 30.6343169723586], [-91.2113834481673, 30.6341027886507], [-91.2095711869131, 30.6338516591353], [-91.2077747360079, 30.6336180741453], [-91.2059692121183, 30.6333727397334], [-91.2041727612132, 30.6331254723163], [-91.2026976376851, 30.6329269777274], [-91.2007948262503, 30.6326660278351], [-91.1989168981488, 30.6324187593849], [-91.1970299868945, 30.6321715660529], [-91.1951475672167, 30.6319067493087], [-91.193430257888, 30.6316653526784], [-91.1917378318927, 30.6314181581946], [-91.1899278164268, 30.6311611463747], [-91.1882988105922, 30.6309275548894], [-91.1865634460247, 30.6306744839277], [-91.1848393993314, 30.6304330842231], [-91.1831244256225, 30.6301799346706], [-91.1814026247174, 30.6299132573264], [-91.17964013013, 30.6299638866564], [-91.1778844627387, 30.6299813567413], [-91.1759748241077, 30.6299949611589], [-91.1740629396885, 30.6300202383164], [-91.1726308445643, 30.6300280446212], [-91.1708863171808, 30.6300436587746], [-91.1689926685619, 30.6300650702582], [-91.1671916362487, 30.6300884907056], [-91.1653477542966, 30.6301079712819], [-91.1638295116349, 30.630074887074], [-91.1626937716212, 30.6309528310303], [-91.1614923647602, 30.6317977606984], [-91.1603271600051, 30.6326426853074], [-91.1594424991134, 30.6332948262171], [-91.1578994629498, 30.6344453582211], [-91.1561550236013, 30.6341709631844], [-91.1543699821985, 30.6339411656313], [-91.1525779330382, 30.633697841705], [-91.1507928009056, 30.6334544406447], [-91.1490031771966, 30.6332208546958], [-91.1472089720796, 30.6329814710253], [-91.1454329129314, 30.6327439418577], [-91.1436409536026, 30.6325083452752], [-91.1418467475874, 30.6322611521721], [-91.1399598372314, 30.6320216888311], [-91.138179287405, 30.6317899553095], [-91.1363262417386, 30.6315563653422], [-91.1344799343352, 30.6313246291602], [-91.1326337167633, 30.6310910380695], [-91.1314300641141, 30.6309041338721], [-91.1296110645969, 30.6309022787418], [-91.1277874845702, 30.6309002690173], [-91.1259185414182, 30.630635526091], [-91.124051931191, 30.6303940489918], [-91.122175260731, 30.630118173809], [-91.1201521648796, 30.6301288408943], [-91.118373320954, 30.6301169370454], [-91.1165436323833, 30.6300950617868], [-91.1149244190837, 30.6300870228213], [-91.1132080080703, 30.630077128709], [-91.111482434241, 30.6300592729256], [-91.1098400444071, 30.6300452820281], [-91.1079178293621, 30.6300333781689], [-91.1060072025843, 30.6300074826323], [-91.1039577860951, 30.6299815886347], [-91.1008165572096, 30.6299517516666], [-91.0985773267009, 30.6299397697252], [-91.0966759525705, 30.6299178951995], [-91.0947653257927, 30.6298860476932], [-91.0928592804229, 30.6298601536631], [-91.0909439824056, 30.6298322491064], [-91.0890379370358, 30.62980643236], [-91.0871434799331, 30.6297785270148], [-91.0852328531553, 30.6297566516797], [-91.0833290535737, 30.6297327673639], [-91.0813999223993, 30.6297009197966], [-91.0794915414098, 30.629671082742], [-91.0775855849731, 30.6296412456782], [-91.0758414160175, 30.6296233898143], [-91.0740834130064, 30.6295954851894], [-91.0721681149892, 30.6295775520189], [-91.0703037514485, 30.6295795617709], [-91.0693137181739, 30.6287176842887], [-91.068041434237, 30.6276846562714], [-91.0667785826106, 30.6266475210738], [-91.0655016274342, 30.6256065869967], [-91.0641068132925, 30.624475971178], [-91.0626981650955, 30.6233274851265], [-91.0612824202077, 30.6221649926376], [-91.0599523745981, 30.6210780919984], [-91.0585529790485, 30.6199454906363], [-91.0571673277227, 30.6188147313849], [-91.0557841018482, 30.6176820262343], [-91.0543939589461, 30.6165493851397], [-91.0530083076203, 30.6154126326197], [-91.0517360236834, 30.6143735893384], [-91.0503227042469, 30.6132169422915], [-91.0490297590585, 30.6121598601927], [-91.0476302736773, 30.6110270771866], [-91.0462955568282, 30.6099340202527], [-91.0449446703039, 30.6088331421949], [-91.0435961193994, 30.6077322516232], [-91.0422614034486, 30.6066452662762], [-91.040910516026, 30.6054626263659], [-91.0391849421967, 30.6055283453704], [-91.0375079672243, 30.6055422617209], [-91.0358285668007, 30.6055482932471], [-91.0341584190245, 30.6055522356583], [-91.0324837796718, 30.6055900453766], [-91.0306147448917, 30.6055223919336], [-91.0287433735935, 30.6054566721518], [-91.0268627514445, 30.6053889420712], [-91.0250007244219, 30.6053411598626], [-91.0231154292368, 30.6052515488286], [-91.0214430356723, 30.6052874241792], [-91.019782230375, 30.6052933776305], [-91.0181214250778, 30.6053033523667], [-91.0164536129213, 30.605313248238], [-91.0147904720043, 30.6053252316814], [-91.0131180784398, 30.6053073721055], [-91.0111148353562, 30.6053710817339], [-91.0091001836685, 30.6054148426472], [-91.0071177806012, 30.605452651646], [-91.0054106231336, 30.6055183706573], [-91.0054615576102, 30.6042541469083], [-91.0054707204261, 30.6029400348694], [-91.0054707204261, 30.6016280699769], [-91.0054754805988, 30.6003338712642], [-91.005480062905, 30.5988326633797], [-91.005480062905, 30.5973433393411], [-91.0054869799327, 30.595846027153], [-91.005489225721, 30.5944024343516], [-91.0054985681999, 30.5929688733779], [-91.005484644313, 30.5915172721025], [-91.0055286617619, 30.5900975870182], [-91.0054430523153, 30.5884308862273], [-91.0053966992467, 30.5867681780574], [-91.0053435189819, 30.5851053640326], [-91.0052926743368, 30.5834465429038], [-91.0052348228325, 30.5817817377219], [-91.0052186531574, 30.5801567343736], [-91.0052024825839, 30.578569675636], [-91.0051862239756, 30.5769644948752], [-91.0051816425677, 30.5753573532339], [-91.0051307080911, 30.5737601621675], [-91.0055945082722, 30.5727806891946], [-91.006140863628, 30.5716160439754], [-91.0053675039999, 30.5703108481787], [-91.0046628645928, 30.5690402860436], [-91.0039509506284, 30.5677625912972], [-91.0036280215551, 30.5673622429649]]}, "properties": {"OBJECTID_1": 41574, "OBJECTID": 41574, "ID": "147650", "TYPE": "AC; OVERHEAD", "STATUS": "IN SERVICE", "NAICS_CODE": "221121", "NAICS_DESC": "ELECTRIC BULK POWER TRANSMISSION AND CONTROL", "SOURCE": "IMAGERY, OpenStreetMap, EIA 861", "SOURCEDATE": 1403049600000, "VAL_METHOD": "IMAGERY", "VAL_DATE": 1490054400000, "OWNER": "ENTERGY GULF STATES - LA LLC", "VOLTAGE": 230, "VOLT_CLASS": "220-287", "INFERRED": "Y", "SUB_1": "UNKNOWN112435", "SUB_2": "PORT HUDSON", "Shape__Len": 33331.52164682106, "Shape__Length": 33331.52153866264}}, {"type": "Feature", "id": 42099, "geometry": {"type": "LineString", "coordinates": [[-91.1767213151256, 30.5626014559975], [-91.1772435093936, 30.5624663033145], [-91.1883296030435, 30.5623114589888], [-91.1890485220705, 30.5620423252837], [-91.1911499761674, 30.563461728869], [-91.1936164202559, 30.566204679709], [-91.2037070880446, 30.5641585266365], [-91.2039541013915, 30.5641216591265]]}, "properties": {"OBJECTID_1": 42099, "OBJECTID": 42099, "ID": "148263", "TYPE": "OVERHEAD", "STATUS": "IN SERVICE", "NAICS_CODE": "221121", "NAICS_DESC": "ELECTRIC BULK POWER TRANSMISSION AND CONTROL", "SOURCE": "IMAGERY, EIA 861", "SOURCEDATE": 1406246400000, "VAL_METHOD": "IMAGERY", "VAL_DATE": 1406246400000, "OWNER": "ENTERGY GULF STATES - LA LLC", "VOLTAGE": -999999, "VOLT_CLASS": "100-161", "INFERRED": "Y", "SUB_1": "UNKNOWN115670", "SUB_2": "TAP142965", "Shape__Len": 3309.9500309943583, "Shape__Length": 3309.9499685934725}}, {"type": "Feature", "id": 42246, "geometry": {"type": "LineString", "coordinates": [[-91.184140047408, 30.4197562732715], [-91.1834445878847, 30.4197580309578], [-91.183460002975, 30.4199522547148]]}, "properties": {"OBJECTID_1": 42246, "OBJECTID": 42246, "ID": "148441", "TYPE": "OVERHEAD", "STATUS": "IN SERVICE", "NAICS_CODE": "221121", "NAICS_DESC": "ELECTRIC BULK POWER TRANSMISSION AND CONTROL", "SOURCE": "IMAGERY, EIA 861", "SOURCEDATE": 1406592000000, "VAL_METHOD": "IMAGERY", "VAL_DATE": 1406592000000, "OWNER": "ENTERGY GULF STATES - LA LLC", "VOLTAGE": -999999, "VOLT_CLASS": "UNDER 100", "INFERRED": "Y", "SUB_1": "UNKNOWN115756", "SUB_2": "TAP143282", "Shape__Len": 102.54955942023523, "Shape__Length": 102.54958694788414}}, {"type": "Feature", "id": 42469, "geometry": {"type": "LineString", "coordinates": [[-91.1816367750878, 30.4095963839964], [-91.181454388339, 30.4091829468211], [-91.1824257869614, 30.4076498857287], [-91.187004278979, 30.4083445452405], [-91.1759544476221, 30.393241037679], [-91.1756567153942, 30.392457349116], [-91.1752015588027, 30.3918139701277], [-91.175362403951, 30.3908112592335], [-91.1757970259534, 30.3877175670646], [-91.1761495149894, 30.3860783220041], [-91.1762898264469, 30.3853528100951], [-91.1761460933065, 30.3852843663354], [-91.1760320063671, 30.3849442391252]]}, "properties": {"OBJECTID_1": 42469, "OBJECTID": 42469, "ID": "148690", "TYPE": "OVERHEAD", "STATUS": "IN SERVICE", "NAICS_CODE": "221121", "NAICS_DESC": "ELECTRIC BULK POWER TRANSMISSION AND CONTROL", "SOURCE": "IMAGERY, EIA 861", "SOURCEDATE": 1406678400000, "VAL_METHOD": "IMAGERY", "VAL_DATE": 1406678400000, "OWNER": "ENTERGY GULF STATES - LA LLC", "VOLTAGE": -999999, "VOLT_CLASS": "NOT AVAILABLE", "INFERRED": "N", "SUB_1": "TIGER", "SUB_2": "LSU", "Shape__Len": 4215.6139201757505, "Shape__Length": 4215.614008701334}}, {"type": "Feature", "id": 42846, "geometry": {"type": "LineString", "coordinates": [[-91.1852250694391, 30.2579716816805], [-91.1852345017495, 30.2575778386882], [-91.1842175818985, 30.257271430864], [-91.1845994817769, 30.2562767136759], [-91.1856994706389, 30.2532829207595], [-91.1894514128821, 30.2431288853266], [-91.1903044036686, 30.2428431740109], [-91.1899400191416, 30.2420729987649], [-91.1891615615742, 30.2422965982511], [-91.1744509382294, 30.2470034432959], [-91.1726383472935, 30.2472583927959], [-91.1721528941207, 30.2473911073544], [-91.1719432309267, 30.2478814559061]]}, "properties": {"OBJECTID_1": 42846, "OBJECTID": 42846, "ID": "149134", "TYPE": "OVERHEAD", "STATUS": "IN SERVICE", "NAICS_CODE": "221121", "NAICS_DESC": "ELECTRIC BULK POWER TRANSMISSION AND CONTROL", "SOURCE": "IMAGERY", "SOURCEDATE": 1402444800000, "VAL_METHOD": "IMAGERY", "VAL_DATE": 1406160000000, "OWNER": "ENTERGY LOUISIANA LLC", "VOLTAGE": -999999, "VOLT_CLASS": "NOT AVAILABLE", "INFERRED": "N", "SUB_1": "AXIALL PLAQUEMINE", "SUB_2": "UNKNOWN112496", "Shape__Len": 4459.181445475957, "Shape__Length": 4459.181353466007}}, {"type": "Feature", "id": 43514, "geometry": {"type": "LineString", "coordinates": [[-91.1773043810338, 30.4892274848466], [-91.1771386813898, 30.4892681909051], [-91.1768709834351, 30.4892748481651], [-91.1768615511247, 30.490806470323], [-91.1769317104467, 30.492076740097], [-91.1769678469756, 30.4933735252243], [-91.176184311232, 30.4933454451524], [-91.1749065475718, 30.4932544921678], [-91.1734515463061, 30.4931529343517], [-91.1719955568936, 30.4930590397217], [-91.1705488201286, 30.492956861671], [-91.1697960319205, 30.4928923823358], [-91.1692523724088, 30.4928942401067], [-91.1686580461185, 30.4929189329742], [-91.1680186252993, 30.4929388273706], [-91.1675366791494, 30.4929549272684], [-91.1669874491847, 30.492972963114], [-91.166071706584, 30.4930203362205], [-91.1660519436478, 30.4934158852778], [-91.166068472649, 30.4938094201609], [-91.1660893135636, 30.4943196817463], [-91.1661245284211, 30.4948260703766], [-91.1656326100732, 30.4948393841357], [-91.1649040763777, 30.4948573422264], [-91.1644407253542, 30.4948677919759], [-91.1638001367251, 30.4948999926786], [-91.1632366244457, 30.4949189570297], [-91.1628250145859, 30.4949293293671], [-91.1624796500883, 30.4946264613033], [-91.1627432562169, 30.4946523891265]]}, "properties": {"OBJECTID_1": 43514, "OBJECTID": 43514, "ID": "149910", "TYPE": "AC; OVERHEAD", "STATUS": "IN SERVICE", "NAICS_CODE": "221121", "NAICS_DESC": "ELECTRIC BULK POWER TRANSMISSION AND CONTROL", "SOURCE": "IMAGERY, OpenStreetMap, EIA 861, EIA 860", "SOURCEDATE": 1403049600000, "VAL_METHOD": "IMAGERY", "VAL_DATE": 1588204800000, "OWNER": "ENTERGY GULF STATES - LA LLC", "VOLTAGE": 230, "VOLT_CLASS": "220-287", "INFERRED": "Y", "SUB_1": "ESSO", "SUB_2": "DELMONT", "Shape__Len": 2480.0338835106736, "Shape__Length": 2480.033987537858}}, {"type": "Feature", "id": 44071, "geometry": {"type": "LineString", "coordinates": [[-91.1681519694234, 30.2567895248835], [-91.1691989316326, 30.2561589682952], [-91.1667956759395, 30.2554689238624], [-91.1685326826274, 30.2506267208277], [-91.1687944238534, 30.2490800710861], [-91.1724929998805, 30.2479563396157], [-91.2112481618855, 30.2355724673645], [-91.2288878338423, 30.2353879880377], [-91.2293045685909, 30.2353836387059], [-91.2323086247325, 30.2353521293273], [-91.2351839522939, 30.2353221713877], [-91.2379718737782, 30.2370341823641], [-91.2406043867183, 30.2386506281271], [-91.2432602558558, 30.2402815598808], [-91.2460099091089, 30.2419797489943], [-91.248511178186, 30.2435244842387], [-91.2510872769263, 30.245115369308], [-91.2536450500348, 30.2466950538951], [-91.2562901393889, 30.2483284913592], [-91.2586348321119, 30.2497764366729], [-91.2610273152081, 30.2512538489239], [-91.2634135999289, 30.2527275918742], [-91.2656711560694, 30.2541215436405], [-91.2684714743046, 30.2558507643752], [-91.2703748247286, 30.2570261670405], [-91.2725593478365, 30.258375053848], [-91.2747579735961, 30.2597326900235], [-91.2773510513935, 30.2613338649726], [-91.2799124177631, 30.2629153836836], [-91.282657938766, 30.2645927759053], [-91.2852652988781, 30.2662072941362], [-91.2878989796281, 30.2678066566285], [-91.2906368649511, 30.2695030510173], [-91.2932666829453, 30.2711260226284], [-91.2958837448625, 30.272727788379], [-91.2986037537113, 30.2743963231765], [-91.3010539086488, 30.2759239466961], [-91.3035040635862, 30.2774590722774], [-91.3060702808583, 30.2790304782081], [-91.3086285031245, 30.2806131857715], [-91.3109794840545, 30.2820488653228], [-91.3139991708821, 30.2838921686506], [-91.3155510114337, 30.2848638417414], [-91.3182779364119, 30.2865462888595], [-91.3211986288951, 30.2886474261311], [-91.3240355085624, 30.2908726262543], [-91.3266703571222, 30.2933268268503], [-91.3290626605554, 30.2955252389112], [-91.3309883790299, 30.2973285779216], [-91.3329880288524, 30.2991447588658], [-91.335043464054, 30.3010431190808], [-91.337008528738, 30.3028503896235], [-91.3389821274172, 30.3046797296634], [-91.3410165420412, 30.3065236950108], [-91.343059042401, 30.3084398271983], [-91.3454216106999, 30.3106563577175], [-91.3481155684055, 30.313081137073], [-91.3504395100455, 30.3152274591721], [-91.3526362502412, 30.3172547780178], [-91.3549070116164, 30.3193479680479], [-91.3570695259999, 30.3213416246376], [-91.3592482100585, 30.3233550928743], [-91.3613244861747, 30.3252503478174], [-91.3634590629528, 30.3272506309183], [-91.3655517782387, 30.3292642870673], [-91.3677692704158, 30.3312954248105], [-91.3699661004432, 30.3333460589333], [-91.3720049159137, 30.3352381743156], [-91.3740890073728, 30.3371600249392], [-91.3762735295824, 30.3392003799269], [-91.3786770628549, 30.3413631857626], [-91.380858711354, 30.3433689541658], [-91.3831149200216, 30.3454225906514], [-91.385338969002, 30.3474923878108], [-91.3874933994462, 30.3494972546235], [-91.3897086440385, 30.3515587493308], [-91.391735333151, 30.3534447763598], [-91.3939086273179, 30.3554671949174], [-91.3962490979591, 30.3576044490529], [-91.3984394601164, 30.3596008930715], [-91.4006603649933, 30.3616653513043], [-91.4028597103034, 30.3636834926718], [-91.4048429209562, 30.3655195256536], [-91.4068921577823, 30.3674172203401], [-91.4088786023701, 30.369237526374], [-91.4107883308326, 30.3710333863474], [-91.4128466406431, 30.3729156270003], [-91.4149817564104, 30.3748501452898], [-91.4170416831884, 30.376803225136], [-91.4194341662846, 30.3789505526765], [-91.4218068864446, 30.3815389387874], [-91.4240475542577, 30.3842539581559], [-91.426066159431, 30.3870180323132], [-91.4275129851293, 30.3895386326194], [-91.4287897606426, 30.3917227201302], [-91.4301860120887, 30.3939405418205], [-91.4317846539683, 30.3963836362792], [-91.4331738985552, 30.3989360739438], [-91.4345004407353, 30.4011331221662], [-91.4359488842994, 30.4036824923116], [-91.4379055048198, 30.4064977690131], [-91.4400619995925, 30.409195051301], [-91.4425795290745, 30.4117416528346], [-91.4452387219786, 30.4140850632494], [-91.4471444080223, 30.4158915627148], [-91.44765802329604, 30.416357523407406]]}, "properties": {"OBJECTID_1": 44071, "OBJECTID": 44071, "ID": "150570", "TYPE": "AC; OVERHEAD", "STATUS": "IN SERVICE", "NAICS_CODE": "221121", "NAICS_DESC": "ELECTRIC BULK POWER TRANSMISSION AND CONTROL", "SOURCE": "IMAGERY, http://www.oatioasis.com/TVA/TVAdocs/TVA_Transmission_Map_2011_r2.pdf", "SOURCEDATE": 1406160000000, "VAL_METHOD": "IMAGERY", "VAL_DATE": 1489536000000, "OWNER": "ENTERGY LOUISIANA LLC", "VOLTAGE": 500, "VOLT_CLASS": "500", "INFERRED": "Y", "SUB_1": "UNKNOWN149836", "SUB_2": "WEBRE", "Shape__Len": 47088.55480703236, "Shape__Length": 47088.55464120804}}, {"type": "Feature", "id": 44182, "geometry": {"type": "LineString", "coordinates": [[-91.1528273628533, 30.4361670858417], [-91.1451179087955, 30.4363598223807], [-91.1445998144386, 30.4363809210936]]}, "properties": {"OBJECTID_1": 44182, "OBJECTID": 44182, "ID": "150687", "TYPE": "OVERHEAD", "STATUS": "NOT AVAILABLE", "NAICS_CODE": "221121", "NAICS_DESC": "ELECTRIC BULK POWER TRANSMISSION AND CONTROL", "SOURCE": "IMAGERY, EIA 861", "SOURCEDATE": 1405900800000, "VAL_METHOD": "IMAGERY", "VAL_DATE": 1566518400000, "OWNER": "ENTERGY GULF STATES - LA LLC", "VOLTAGE": -999999, "VOLT_CLASS": "NOT AVAILABLE", "INFERRED": "N", "SUB_1": "TAP143272", "SUB_2": "DEADEND167034", "Shape__Len": 916.3115615546715, "Shape__Length": 916.311496740707}}, {"type": "Feature", "id": 44486, "geometry": {"type": "LineString", "coordinates": [[-90.9726947054264, 30.4157016993225], [-90.9726356941971, 30.4155836768259], [-90.9725732127758, 30.4154587137701], [-90.9726773490768, 30.4153719333458], [-90.9735486241725, 30.4165243760473], [-90.9770267796801, 30.417326227312], [-90.9803522018264, 30.4187147118977], [-90.9842434332443, 30.4203600672617], [-90.9850313985806, 30.4205718107641], [-90.9855000119351, 30.4208529797254], [-90.9927860899994, 30.4228454561161], [-90.9944800422324, 30.4235639983076], [-90.9949590697559, 30.4235535842863], [-90.9971112220726, 30.4242686540789], [-91.0124991131579, 30.4259973180911], [-91.0144152232522, 30.4258029297574], [-91.0140993423606, 30.424150632648], [-91.018993752999, 30.4240812083014], [-91.0193026908118, 30.4236438347112], [-91.0196498133123, 30.4229738908862], [-91.0227010103451, 30.4229600056984], [-91.0227044814353, 30.4232168763171], [-91.022423313243, 30.4231925778787], [-91.022333061303, 30.423352254327]]}, "properties": {"OBJECTID_1": 44486, "OBJECTID": 44486, "ID": "151044", "TYPE": "OVERHEAD", "STATUS": "IN SERVICE", "NAICS_CODE": "221121", "NAICS_DESC": "ELECTRIC BULK POWER TRANSMISSION AND CONTROL", "SOURCE": "IMAGERY, EIA 861", "SOURCEDATE": 1404864000000, "VAL_METHOD": "IMAGERY", "VAL_DATE": 1409875200000, "OWNER": "ENTERGY GULF STATES - LA LLC", "VOLTAGE": -999999, "VOLT_CLASS": "UNDER 100", "INFERRED": "Y", "SUB_1": "UNKNOWN114610", "SUB_2": "JONES CREEK", "Shape__Len": 6340.3119363714295, "Shape__Length": 6340.31216420507}}, {"type": "Feature", "id": 46813, "geometry": {"type": "LineString", "coordinates": [[-91.3314393090481, 30.7565909867914], [-91.3312390000111, 30.7556470001123]]}, "properties": {"OBJECTID_1": 46813, "OBJECTID": 46813, "ID": "158161", "TYPE": "AC; OVERHEAD", "STATUS": "NOT AVAILABLE", "NAICS_CODE": "221121", "NAICS_DESC": "ELECTRIC BULK POWER TRANSMISSION AND CONTROL", "SOURCE": "IMAGERY, EIA 861, EIA 860", "SOURCEDATE": 1527638400000, "VAL_METHOD": "IMAGERY", "VAL_DATE": 1527638400000, "OWNER": "ENTERGY GULF STATES - LA LLC", "VOLTAGE": 230, "VOLT_CLASS": "220-287", "INFERRED": "Y", "SUB_1": "RIVER BEND", "SUB_2": "NOT AVAILABLE", "Shape__Len": 124.29946200219658, "Shape__Length": 124.2994218483825}}, {"type": "Feature", "id": 54367, "geometry": {"type": "LineString", "coordinates": [[-91.3216090916063, 30.7103190733819], [-91.3213767881722, 30.7102599827221], [-91.3163720805866, 30.7096721163848], [-91.3164112731841, 30.708790315954], [-91.3164347865867, 30.7085982791397], [-91.3143929303189, 30.7080848761387], [-91.2842370593562, 30.6983450142255]]}, "properties": {"OBJECTID_1": 54367, "OBJECTID": 54367, "ID": "166152", "TYPE": "AC; OVERHEAD", "STATUS": "IN SERVICE", "NAICS_CODE": "221121", "NAICS_DESC": "ELECTRIC BULK POWER TRANSMISSION AND CONTROL", "SOURCE": "IMAGERY, EIA 860", "SOURCEDATE": 1552262400000, "VAL_METHOD": "IMAGERY", "VAL_DATE": 1552262400000, "OWNER": "ENTERGY LOUISIANA LLC", "VOLTAGE": 138, "VOLT_CLASS": "100-161", "INFERRED": "Y", "SUB_1": "ST FRANCISVILLE MILL", "SUB_2": "TAP161148", "Shape__Len": 4551.304547337924, "Shape__Length": 4551.304505514645}}, {"type": "Feature", "id": 55584, "geometry": {"type": "LineString", "coordinates": [[-91.361453705235, 30.7112276843563], [-91.3558841989825, 30.7128003317238], [-91.3458516342264, 30.7156232596964], [-91.3404143105764, 30.7171355526791], [-91.3386639441436, 30.7177981677067], [-91.3368450353563, 30.7185862720763], [-91.3344312621879, 30.719375373947], [-91.3339706806703, 30.719481052716], [-91.3326987066522, 30.7199039998565], [-91.3331772320175, 30.72081313138], [-91.3355226972918, 30.7252834527821], [-91.3363485921943, 30.7264962551366], [-91.3374863462309, 30.7278348260182], [-91.3386280789059, 30.7292134608725], [-91.3407503209168, 30.731737119039], [-91.3412076720926, 30.7323556947674], [-91.3417926864466, 30.7330440831536], [-91.3429486385542, 30.7343926403388], [-91.3441486081108, 30.7357712918032], [-91.3453091416263, 30.737166293277], [-91.3461692794092, 30.7382002338868], [-91.3470623835664, 30.7392519233408], [-91.3479591717145, 30.7403159533001], [-91.3488379037254, 30.7413586626764], [-91.3498893817655, 30.7425891301536], [-91.3509559524006, 30.7438374938776], [-91.3520311450659, 30.7450957237568], [-91.353095558846, 30.7463414300362], [-91.3541618590883, 30.747589359113], [-91.3551103003652, 30.7486993878578], [-91.3560460753967, 30.749794426631], [-91.356992360717, 30.750901882326], [-91.3578064140275, 30.7524095301907], [-91.3588788228137, 30.7536460316349], [-91.3599334449572, 30.7548597453687], [-91.3609897738998, 30.7561192207957], [-91.36203361626, 30.7573928837876], [-91.3635142204096, 30.7582203427027], [-91.3650028177685, 30.7590916409933], [-91.3664721022473, 30.7599800676493], [-91.367912999963, 30.7608202419646], [-91.3693480586294, 30.7616891237595], [-91.3708017124221, 30.7626226843535], [-91.3722335371535, 30.7633865700969], [-91.3736792857717, 30.7642393731304], [-91.3751169495524, 30.7650851443458], [-91.3765417674246, 30.7659230348491], [-91.3779927262715, 30.7668057637081], [-91.3831757503393, 30.7699558043836], [-91.384951802301, 30.7705574356299], [-91.3866026291121, 30.7710901609691], [-91.3882629852518, 30.7716893453243], [-91.3895075112464, 30.7720580537201], [-91.3908271363988, 30.7724383398173], [-91.3922025469303, 30.7728403893822], [-91.3923053833691, 30.7728714510952], [-91.3933774525921, 30.7731952783491], [-91.3950752693774, 30.7737483722781], [-91.3946037436847, 30.7748465213684], [-91.3939621669088, 30.775997527657], [-91.3938097228051, 30.7776303538309], [-91.3935866711201, 30.7792421597849], [-91.3920556723813, 30.7801398940456], [-91.3914228990952, 30.7814290603648], [-91.3908155481316, 30.7826665789484], [-91.390070665098, 30.7841844572917], [-91.3893718656385, 30.785608390359], [-91.3886046145543, 30.7871716758067], [-91.3882436705749, 30.7879070447652], [-91.3878708706303, 30.7886667940689], [-91.3868103196058, 30.7886009673734], [-91.3855015640684, 30.788519629284], [-91.3842976419246, 30.7884448506573], [-91.3835912067852, 30.7884010947157], [-91.3828449762787, 30.7883546377681], [-91.38269045527, 30.7885102036304], [-91.3827634945908, 30.7888918971042]]}, "properties": {"OBJECTID_1": 55584, "OBJECTID": 55584, "ID": "167425", "TYPE": "AC; OVERHEAD", "STATUS": "IN SERVICE", "NAICS_CODE": "221121", "NAICS_DESC": "ELECTRIC BULK POWER TRANSMISSION AND CONTROL", "SOURCE": "IMAGERY, OpenStreetMap", "SOURCEDATE": 1404950400000, "VAL_METHOD": "IMAGERY", "VAL_DATE": 1589414400000, "OWNER": "ENTERGY LOUISIANA LLC", "VOLTAGE": 230, "VOLT_CLASS": "220-287", "INFERRED": "Y", "SUB_1": "FRANCIS", "SUB_2": "TAP173574", "Shape__Len": 16322.331167069806, "Shape__Length": 16322.331236870952}}, {"type": "Feature", "id": 66512, "geometry": {"type": "LineString", "coordinates": [[-91.2708280724001, 30.3361440631707], [-91.2713467937811, 30.3370500428836], [-91.2698098185508, 30.3378104009461], [-91.2722537481634, 30.3599281072589], [-91.2710063960689, 30.3611297892613], [-91.2699649414307, 30.3624094082956], [-91.2689161134208, 30.363719403693], [-91.2682307042489, 30.3645790901177], [-91.2669695809811, 30.366145523016], [-91.2658798490829, 30.3674747597913], [-91.2647803902269, 30.3688027360823], [-91.263737961815, 30.3701180037326], [-91.262458001774, 30.3717079197776], [-91.2615251049447, 30.3728613450786], [-91.2605307399938, 30.3740897332727], [-91.259365293592, 30.3755203666177], [-91.2583184149261, 30.3768159551733], [-91.2572142399149, 30.3781808998941], [-91.2560882888428, 30.379576938328], [-91.2549892620765, 30.3809875229713], [-91.2550678583756, 30.3815099577671]]}, "properties": {"OBJECTID_1": 66512, "OBJECTID": 66512, "ID": "179058", "TYPE": "AC; OVERHEAD", "STATUS": "IN SERVICE", "NAICS_CODE": "221121", "NAICS_DESC": "ELECTRIC BULK POWER TRANSMISSION AND CONTROL", "SOURCE": "IMAGERY, EIA 860", "SOURCEDATE": 1406073600000, "VAL_METHOD": "IMAGERY", "VAL_DATE": 1652054400000, "OWNER": "ENTERGY LOUISIANA LLC", "VOLTAGE": 69, "VOLT_CLASS": "UNDER 100", "INFERRED": "Y", "SUB_1": "TAP143253", "SUB_2": "UNKNOWN176894", "Shape__Len": 6591.280456881574, "Shape__Length": 6591.280419348162}}, {"type": "Feature", "id": 133, "geometry": {"type": "LineString", "coordinates": [[-91.1774174798264, 30.5108876191321], [-91.1776470981962, 30.5107924406471], [-91.1776054576895, 30.5087413453009], [-91.1771612919855, 30.5013896038294], [-91.1742805583627, 30.5014467113452], [-91.1741599981634, 30.5014213302312]]}, "properties": {"OBJECTID_1": 133, "OBJECTID": 133, "ID": "100148", "TYPE": "OVERHEAD", "STATUS": "IN SERVICE", "NAICS_CODE": "221121", "NAICS_DESC": "ELECTRIC BULK POWER TRANSMISSION AND CONTROL", "SOURCE": "IMAGERY, EIA 861", "SOURCEDATE": 1405900800000, "VAL_METHOD": "IMAGERY", "VAL_DATE": 1409875200000, "OWNER": "ENTERGY GULF STATES - LA LLC", "VOLTAGE": -999999, "VOLT_CLASS": "NOT AVAILABLE", "INFERRED": "N", "SUB_1": "UNKNOWN115133", "SUB_2": "GOUDCHAUX", "Shape__Len": 1579.164212862953, "Shape__Length": 1579.1642373803854}}, {"type": "Feature", "id": 289, "geometry": {"type": "LineString", "coordinates": [[-91.1129004491715, 30.2784054436538], [-91.1134706386284, 30.27729750672], [-91.113679380151, 30.2763282932035], [-91.1117223149646, 30.2746600806231], [-91.1121182716806, 30.2743095618877], [-91.11366964421, 30.272290830945], [-91.116305029064, 30.2695743059228], [-91.1236951437163, 30.2615675376534], [-91.1261357962747, 30.2584745296369], [-91.1276523788498, 30.2567670799536], [-91.1301000194027, 30.2506284792249], [-91.1622072440633, 30.2512430627077], [-91.1675324678473, 30.2495414338115], [-91.1672477737675, 30.2516974787619], [-91.1654036923893, 30.2567776281246], [-91.1684256070388, 30.257574747356], [-91.1681519694234, 30.2567895248835]]}, "properties": {"OBJECTID_1": 289, "OBJECTID": 289, "ID": "100322", "TYPE": "AC; OVERHEAD", "STATUS": "IN SERVICE", "NAICS_CODE": "221121", "NAICS_DESC": "ELECTRIC BULK POWER TRANSMISSION AND CONTROL", "SOURCE": "IMAGERY, EIA 860", "SOURCEDATE": 1406592000000, "VAL_METHOD": "IMAGERY", "VAL_DATE": 1489536000000, "OWNER": "ENTERGY LOUISIANA LLC", "VOLTAGE": 500, "VOLT_CLASS": "500", "INFERRED": "Y", "SUB_1": "UNKNOWN149836", "SUB_2": "WILLOW GLEN (500KV)", "Shape__Len": 9968.177075093497, "Shape__Length": 9968.176966203937}}, {"type": "Feature", "id": 531, "geometry": {"type": "LineString", "coordinates": [[-91.0655972252484, 30.2294335523298], [-91.0667178609889, 30.2299234106869]]}, "properties": {"OBJECTID_1": 531, "OBJECTID": 531, "ID": "100591", "TYPE": "AC; OVERHEAD", "STATUS": "NOT AVAILABLE", "NAICS_CODE": "221121", "NAICS_DESC": "ELECTRIC BULK POWER TRANSMISSION AND CONTROL", "SOURCE": "IMAGERY, EIA 860", "SOURCEDATE": 1402531200000, "VAL_METHOD": "IMAGERY", "VAL_DATE": 1490054400000, "OWNER": "ENTERGY LOUISIANA LLC", "VOLTAGE": 230, "VOLT_CLASS": "220-287", "INFERRED": "Y", "SUB_1": "CARVILLE ENERGY LLC", "SUB_2": "NOT AVAILABLE", "Shape__Len": 139.80529139245212, "Shape__Length": 139.8052282211441}}, {"type": "Feature", "id": 1569, "geometry": {"type": "LineString", "coordinates": [[-91.1148458398525, 30.2783797128387], [-91.1138360130989, 30.2777787511618], [-91.1129004491715, 30.2784054436538]]}, "properties": {"OBJECTID_1": 1569, "OBJECTID": 1569, "ID": "101841", "TYPE": "AC; OVERHEAD", "STATUS": "IN SERVICE", "NAICS_CODE": "221121", "NAICS_DESC": "ELECTRIC BULK POWER TRANSMISSION AND CONTROL", "SOURCE": "IMAGERY, EIA 860", "SOURCEDATE": 1489536000000, "VAL_METHOD": "IMAGERY", "VAL_DATE": 1490054400000, "OWNER": "ENTERGY LOUISIANA LLC", "VOLTAGE": 138, "VOLT_CLASS": "100-161", "INFERRED": "Y", "SUB_1": "WILLOW GLEN (500KV)", "SUB_2": "WILLOW GLEN (500KV)", "Shape__Len": 268.32447810425134, "Shape__Length": 268.324385357973}}, {"type": "Feature", "id": 2047, "geometry": {"type": "LineString", "coordinates": [[-91.2669376916868, 30.3227541392812], [-91.266913573718, 30.3225741033337], [-91.2680943840062, 30.3224723088783], [-91.2666824048561, 30.3101850569989], [-91.2665551737675, 30.3086488591561], [-91.2844664962662, 30.308262452957], [-91.2852864308469, 30.3079231700818], [-91.3029527162924, 30.3069241687259], [-91.3032024659077, 30.307188055871], [-91.3032495879342, 30.3119474448351], [-91.3033344086599, 30.3121406482285]]}, "properties": {"OBJECTID_1": 2047, "OBJECTID": 2047, "ID": "102405", "TYPE": "AC; OVERHEAD", "STATUS": "IN SERVICE", "NAICS_CODE": "221121", "NAICS_DESC": "ELECTRIC BULK POWER TRANSMISSION AND CONTROL", "SOURCE": "IMAGERY, EIA 860", "SOURCEDATE": 1406073600000, "VAL_METHOD": "IMAGERY", "VAL_DATE": 1490227200000, "OWNER": "ENTERGY LOUISIANA LLC", "VOLTAGE": 69, "VOLT_CLASS": "UNDER 100", "INFERRED": "Y", "SUB_1": "TAP143257", "SUB_2": "TAP143262", "Shape__Len": 6697.165576068896, "Shape__Length": 6697.165652361895}}, {"type": "Feature", "id": 2079, "geometry": {"type": "LineString", "coordinates": [[-90.9663332426228, 30.1739287481536], [-90.9666335862532, 30.1736329318935], [-90.9665757347489, 30.1731504296732], [-90.9684741444388, 30.1721166880894], [-90.9669749460611, 30.1706143232855], [-90.965730330235, 30.1693634857032], [-90.9644966738553, 30.1681141863089], [-90.963261041182, 30.1668647926386], [-90.9620165151874, 30.1656154623521], [-90.9607755815556, 30.1643660377885], [-90.959531055561, 30.1631197817861], [-90.95888622107503, 30.16246895044765]]}, "properties": {"OBJECTID_1": 2079, "OBJECTID": 2079, "ID": "102440", "TYPE": "AC; OVERHEAD", "STATUS": "IN SERVICE", "NAICS_CODE": "221121", "NAICS_DESC": "ELECTRIC BULK POWER TRANSMISSION AND CONTROL", "SOURCE": "IMAGERY, OpenStreetMap", "SOURCEDATE": 1405987200000, "VAL_METHOD": "IMAGERY", "VAL_DATE": 1553558400000, "OWNER": "ENTERGY LOUISIANA LLC", "VOLTAGE": 230, "VOLT_CLASS": "220-287", "INFERRED": "Y", "SUB_1": "UNKNOWN112513", "SUB_2": "UNKNOWN112523", "Shape__Len": 16652.08975750816, "Shape__Length": 16652.090039289837}}, {"type": "Feature", "id": 3465, "geometry": {"type": "LineString", "coordinates": [[-91.3013768323322, 30.8472727136461], [-91.3015157918251, 30.847246064318], [-91.3015938392537, 30.847887567288], [-91.3029758299446, 30.8474040606213], [-91.3089523942934, 30.845333296672], [-91.3272403094239, 30.8343136751541], [-91.332260971089, 30.8398102300778], [-91.3340455669274, 30.8411427282081], [-91.3447412437717, 30.8402623278447], [-91.3497500099458, 30.8371452338442], [-91.3507374857168, 30.8370619530139], [-91.3776729853192, 30.8307920731687], [-91.3791363525951, 30.8304827427053], [-91.3788501179045, 30.8281808246534], [-91.379376678883, 30.8282845411319]]}, "properties": {"OBJECTID_1": 3465, "OBJECTID": 3465, "ID": "104020", "TYPE": "OVERHEAD", "STATUS": "IN SERVICE", "NAICS_CODE": "221121", "NAICS_DESC": "ELECTRIC BULK POWER TRANSMISSION AND CONTROL", "SOURCE": "IMAGERY, EIA 861", "SOURCEDATE": 1404864000000, "VAL_METHOD": "IMAGERY", "VAL_DATE": 1404864000000, "OWNER": "ENTERGY GULF STATES - LA LLC", "VOLTAGE": -999999, "VOLT_CLASS": "UNDER 100", "INFERRED": "Y", "SUB_1": "UNKNOWN114617", "SUB_2": "MARYDALE", "Shape__Len": 10268.942170919028, "Shape__Length": 10268.94206053465}}, {"type": "Feature", "id": 3684, "geometry": {"type": "LineString", "coordinates": [[-91.2550678583756, 30.3815099577671], [-91.2550852057421, 30.3819030029692]]}, "properties": {"OBJECTID_1": 3684, "OBJECTID": 3684, "ID": "104266", "TYPE": "AC; OVERHEAD", "STATUS": "IN SERVICE", "NAICS_CODE": "221121", "NAICS_DESC": "ELECTRIC BULK POWER TRANSMISSION AND CONTROL", "SOURCE": "IMAGERY, EIA 861", "SOURCEDATE": 1406073600000, "VAL_METHOD": "IMAGERY", "VAL_DATE": 1490227200000, "OWNER": "ENTERGY GULF STATES - LA LLC", "VOLTAGE": 69, "VOLT_CLASS": "UNDER 100", "INFERRED": "Y", "SUB_1": "TAP143253", "SUB_2": "ADDIS", "Shape__Len": 50.75522648597456, "Shape__Length": 50.75524986668425}}, {"type": "Feature", "id": 3716, "geometry": {"type": "LineString", "coordinates": [[-91.2550852057421, 30.3819030029692], [-91.2562144419531, 30.3824924139814], [-91.2559832757861, 30.3828738380317], [-91.2569749781305, 30.3832922477945], [-91.2737753280663, 30.3896942571952], [-91.273621637101, 30.393581349868], [-91.3061336192724, 30.405742124805], [-91.3104369582168, 30.4137596549212], [-91.3131585633718, 30.4187866212991], [-91.3133506770785, 30.4462588298933], [-91.3133762916405, 30.4536808089936], [-91.3134147143818, 30.4542699562311], [-91.3139334213898, 30.4542891677802], [-91.3139718432328, 30.4548655078481], [-91.3133987369462, 30.4550673217789], [-91.3133771773794, 30.4566921729077], [-91.3133898436249, 30.4583174623233], [-91.3133847232278, 30.4599471367776], [-91.3133821181134, 30.461596839638], [-91.3133873283421, 30.4631933196604], [-91.3134032294209, 30.4648254677226], [-91.313405383581, 30.4664752443744], [-91.3134242491003, 30.4681307203437], [-91.313402779365, 30.4697629412965], [-91.3134231711219, 30.4714209953525], [-91.3134430238897, 30.4730695740379], [-91.3134460781617, 30.4747294291361], [-91.3134569477766, 30.4763945212894], [-91.3134424849005, 30.4780682543362], [-91.3134673682339, 30.4798319959862], [-91.3134773404319, 30.4815516559072], [-91.3134853354379, 30.483280266336], [-91.3133744824335, 30.4846313760914], [-91.3131852074032, 30.4873812263809], [-91.3118532753314, 30.4885772267665], [-91.3105238594407, 30.4898403273284], [-91.3091779127522, 30.4911030229039], [-91.3078622401871, 30.4923546343634], [-91.3065412675618, 30.4936139688296], [-91.3052117609413, 30.4948772346783], [-91.3061691853711, 30.4952954566888], [-91.3073035779119, 30.4957989762624], [-91.3065020111839, 30.4972206599672], [-91.3052906330233, 30.4983211792069], [-91.3040452087133, 30.4995229276608], [-91.3027836147283, 30.5006931591012], [-91.3015174393354, 30.5018730506858], [-91.3002546784388, 30.5030529302791], [-91.298988412316, 30.5042358891606], [-91.2977463117726, 30.5054275803049], [-91.2981179448057, 30.507146942683], [-91.2984688267557, 30.5087685247004], [-91.2988370461906, 30.5104048633221], [-91.299201762196, 30.5120411736311], [-91.2995630646032, 30.5136952562319], [-91.2999174499828, 30.5153315893242], [-91.3002856694178, 30.5169706792913], [-91.3006365513678, 30.5186098197801], [-91.300997853775, 30.5202223886754], [-91.3013832310319, 30.5219059709262], [-91.3017238721877, 30.5235390697131], [-91.3020851745949, 30.5251662600672], [-91.3024498007688, 30.5268082801582], [-91.3028077794095, 30.5284502732746], [-91.3031758191814, 30.5300978856518], [-91.3035360436103, 30.5317223353774], [-91.3038968070284, 30.5333706667858], [-91.3042638586535, 30.5350027217707], [-91.3046277661751, 30.5366483668572], [-91.3049822413862, 30.5382911213354], [-91.3053493828428, 30.5399231710127], [-91.3057069123259, 30.5415658700985], [-91.3060614773686, 30.5432059882834], [-91.306431313771, 30.5448498696879], [-91.3067961196079, 30.5464841300695], [-91.3071241843497, 30.5479968253627], [-91.3074644661793, 30.5495518907004], [-91.3078047480089, 30.5510645389664], [-91.3082124025865, 30.5528807206853], [-91.3085680474042, 30.5544832853339], [-91.3090521486125, 30.5561443802794], [-91.3095578102859, 30.5576716233617], [-91.3103604549922, 30.55928006286], [-91.3110930311065, 30.5609192629488], [-91.3118967537911, 30.5623263801565], [-91.3129241569816, 30.5637011443597], [-91.3140774141433, 30.5649082722892], [-91.315521366131, 30.5660663460467], [-91.3165038535573, 30.5667834437265], [-91.3174983784083, 30.5675081950743], [-91.3185228171584, 30.5682638790743], [-91.3195233607218, 30.568960231641], [-91.3204878818424, 30.5703014893781], [-91.3215123205924, 30.5716864273682], [-91.3225368491739, 30.5730585839451], [-91.3234774751079, 30.5743377557749], [-91.3244749643994, 30.5756788610341], [-91.3255060506825, 30.577058153752], [-91.3265615711413, 30.5784540547297], [-91.3271000213226, 30.5800542619939], [-91.3276913822742, 30.5816166253371], [-91.3282504038755, 30.583219331693], [-91.3288153543577, 30.584806932992], [-91.3294008762599, 30.5864019306765], [-91.3299657369105, 30.5879819787117], [-91.3305337416647, 30.5895682639553], [-91.331099231136, 30.5911511207687], [-91.3316773868529, 30.592727224232], [-91.3322539256022, 30.5943348511952], [-91.3328042344436, 30.5959070366274], [-91.3335126449783, 30.597433962127], [-91.334163025244, 30.5989674359849], [-91.3350588252454, 30.6004339252406], [-91.3360462534057, 30.6018709332764], [-91.3369848132145, 30.6033176622066], [-91.3380721340344, 30.6046166920967], [-91.3391492140601, 30.6059710643311], [-91.3402106633998, 30.6072888456421], [-91.3412867552786, 30.6086119452981], [-91.3423516182164, 30.6099542757041], [-91.3434799022133, 30.6113642376873], [-91.3446223795916, 30.6127793597902], [-91.3457606348881, 30.6142047427277], [-91.3468753543242, 30.6155620717063], [-91.3480374149757, 30.617017951191], [-91.3491679447608, 30.6184398702207], [-91.3502905693714, 30.6198277537573], [-91.3514289136011, 30.6212393499775], [-91.3525594442845, 30.6226340726348], [-91.3536938368252, 30.6240456287044], [-91.354828229366, 30.6254436356613], [-91.3558678496443, 30.6267531907942], [-91.3568955223294, 30.6280252380076], [-91.3579390053634, 30.6292905443145], [-91.3589746730545, 30.6305999693217], [-91.3600126763653, 30.6319004883086], [-91.3610362168, 30.6331646610363], [-91.362057421615, 30.6344370877342], [-91.36320205495, 30.6358744413674], [-91.364319828658, 30.6372431383459], [-91.3653399545964, 30.6386891841578], [-91.3671894070016, 30.6412976387696], [-91.3681511433448, 30.6426530428175], [-91.3691073999647, 30.6440202527239], [-91.3700786575516, 30.6453628672757], [-91.3710515339026, 30.6466885363416], [-91.3712490734336, 30.648230426787], [-91.3715030271644, 30.6499351257236], [-91.3717727014127, 30.6516163793762], [-91.3720463282483, 30.6533244946333], [-91.3723160015983, 30.6550223813577], [-91.3725739088146, 30.6567135917122], [-91.3728475356502, 30.658424941282], [-91.373109484387, 30.660112769334], [-91.3733595753621, 30.6618172587493], [-91.3736331123662, 30.6635184727202], [-91.373902876446, 30.6652195787008], [-91.3741601539433, 30.6669148611574], [-91.3744327028005, 30.6686160626534], [-91.3746931244014, 30.670322333725], [-91.3748825790948, 30.6715753416581], [-91.3729420384181, 30.6719746442184], [-91.3710320395627, 30.6723766493665], [-91.3691421647662, 30.6727856838313], [-91.3674125494165, 30.6731574756503], [-91.3656930832329, 30.6735318929811], [-91.3639610424319, 30.6739099402086], [-91.3622438220364, 30.67427462033], [-91.3606113136706, 30.6746237678388], [-91.3587971659543, 30.6750170313756], [-91.3570859651696, 30.6753843326646], [-91.3563444059026, 30.6755517590502], [-91.3562843984416, 30.6752883753289], [-91.356084882617, 30.674463448747], [-91.3553318761183, 30.6740230071791]]}, "properties": {"OBJECTID_1": 3716, "OBJECTID": 3716, "ID": "104301", "TYPE": "AC; OVERHEAD", "STATUS": "IN SERVICE", "NAICS_CODE": "221121", "NAICS_DESC": "ELECTRIC BULK POWER TRANSMISSION AND CONTROL", "SOURCE": "IMAGERY, OpenStreetMap", "SOURCEDATE": 1403049600000, "VAL_METHOD": "IMAGERY", "VAL_DATE": 1489536000000, "OWNER": "ENTERGY LOUISIANA LLC", "VOLTAGE": 230, "VOLT_CLASS": "220-287", "INFERRED": "Y", "SUB_1": "BIG CAJUN 1", "SUB_2": "ADDIS", "Shape__Len": 46882.291696405795, "Shape__Length": 46882.291835590346}}, {"type": "Feature", "id": 3892, "geometry": {"type": "LineString", "coordinates": [[-91.2451320071413, 30.6387508808072], [-91.2446644573921, 30.6391236019626], [-91.2431579449314, 30.6396052583372], [-91.2424408126536, 30.6382914081641], [-91.2388551548577, 30.6380532559249], [-91.2145726318176, 30.6349847810391], [-91.2132044419443, 30.6345683750604], [-91.1813966069033, 30.6301131309054], [-91.1653159692069, 30.6302847077466], [-91.1642277617498, 30.6304049889069], [-91.1641563142437, 30.6314849463725], [-91.1640326548566, 30.6330567907611], [-91.1638320520705, 30.6337053137993], [-91.1612187226533, 30.6397014080018], [-91.1604520357111, 30.6413062286455], [-91.1602376940911, 30.6423009982085]]}, "properties": {"OBJECTID_1": 3892, "OBJECTID": 3892, "ID": "104500", "TYPE": "AC; OVERHEAD", "STATUS": "IN SERVICE", "NAICS_CODE": "221121", "NAICS_DESC": "ELECTRIC BULK POWER TRANSMISSION AND CONTROL", "SOURCE": "IMAGERY, EIA 861, https://cdn.misoenergy.org/Entergy Louisiana Transferred Facilities 2019390620.xlsx", "SOURCEDATE": 1404777600000, "VAL_METHOD": "IMAGERY", "VAL_DATE": 1587340800000, "OWNER": "ENTERGY GULF STATES - LA LLC", "VOLTAGE": 69, "VOLT_CLASS": "UNDER 100", "INFERRED": "Y", "SUB_1": "TAP142955", "SUB_2": "PORT HUDSON", "Shape__Len": 10845.96984178765, "Shape__Length": 10845.969967247767}}, {"type": "Feature", "id": 4194, "geometry": {"type": "LineString", "coordinates": [[-91.1718783761564, 30.4169913663685], [-91.1728048329634, 30.4170301132487], [-91.1726040711755, 30.4190422766208], [-91.1727154910169, 30.4193393970535], [-91.1740320079983, 30.4189254100821], [-91.1742626549391, 30.4193929373696], [-91.176650156877, 30.4217368039205], [-91.1767561302328, 30.4237845701783], [-91.1842801917788, 30.4236349621954], [-91.1892068573258, 30.4235070759538], [-91.1891995998366, 30.4236183728972], [-91.1894523381469, 30.4327827008547], [-91.1896032551146, 30.4331104902113], [-91.1897812580848, 30.4380449136614], [-91.1897826612532, 30.4389388659077]]}, "properties": {"OBJECTID_1": 4194, "OBJECTID": 4194, "ID": "104843", "TYPE": "OVERHEAD", "STATUS": "NOT AVAILABLE", "NAICS_CODE": "221121", "NAICS_DESC": "ELECTRIC BULK POWER TRANSMISSION AND CONTROL", "SOURCE": "IMAGERY, OpenStreetMap, EIA 861", "SOURCEDATE": 1403049600000, "VAL_METHOD": "IMAGERY", "VAL_DATE": 1566518400000, "OWNER": "ENTERGY GULF STATES - LA LLC", "VOLTAGE": -999999, "VOLT_CLASS": "NOT AVAILABLE", "INFERRED": "N", "SUB_1": "DEADEND167024", "SUB_2": "DEADEND167029", "Shape__Len": 4675.87714866088, "Shape__Length": 4675.877111180539}}, {"type": "Feature", "id": 4420, "geometry": {"type": "LineString", "coordinates": [[-90.8539160377755, 30.496307029902], [-90.8537113386717, 30.4966057802508]]}, "properties": {"OBJECTID_1": 4420, "OBJECTID": 4420, "ID": "105097", "TYPE": "OVERHEAD", "STATUS": "IN SERVICE", "NAICS_CODE": "221121", "NAICS_DESC": "ELECTRIC BULK POWER TRANSMISSION AND CONTROL", "SOURCE": "IMAGERY", "SOURCEDATE": 1406678400000, "VAL_METHOD": "IMAGERY", "VAL_DATE": 1406678400000, "OWNER": "ENTERGY LOUISIANA LLC", "VOLTAGE": -999999, "VOLT_CLASS": "NOT AVAILABLE", "INFERRED": "N", "SUB_1": "UNKNOWN114438", "SUB_2": "TAP142979", "Shape__Len": 44.820779769853395, "Shape__Length": 44.82082444413186}}, {"type": "Feature", "id": 5055, "geometry": {"type": "LineString", "coordinates": [[-91.1833124906222, 30.519235218767], [-91.1825375688238, 30.5195861210043], [-91.1814992852386, 30.5199162269153], [-91.1787637687731, 30.5342607510217], [-91.1754881537177, 30.5511453097961], [-91.1753632169263, 30.551838402259], [-91.17553399295, 30.5528838560598], [-91.1768843683329, 30.5531329899772], [-91.1774137383433, 30.5533343022599]]}, "properties": {"OBJECTID_1": 5055, "OBJECTID": 5055, "ID": "105812", "TYPE": "AC; OVERHEAD", "STATUS": "IN SERVICE", "NAICS_CODE": "221121", "NAICS_DESC": "ELECTRIC BULK POWER TRANSMISSION AND CONTROL", "SOURCE": "IMAGERY, OpenStreetMap, EIA 861", "SOURCEDATE": 1406246400000, "VAL_METHOD": "IMAGERY", "VAL_DATE": 1490054400000, "OWNER": "ENTERGY GULF STATES - LA LLC", "VOLTAGE": 230, "VOLT_CLASS": "220-287", "INFERRED": "Y", "SUB_1": "UNKNOWN112431", "SUB_2": "JAGUAR", "Shape__Len": 4757.210311884666, "Shape__Length": 4757.210338897322}}, {"type": "Feature", "id": 5069, "geometry": {"type": "LineString", "coordinates": [[-90.7102330359398, 30.4313804116513], [-90.7106431159687, 30.431385226317]]}, "properties": {"OBJECTID_1": 5069, "OBJECTID": 5069, "ID": "105826", "TYPE": "OVERHEAD", "STATUS": "IN SERVICE", "NAICS_CODE": "221121", "NAICS_DESC": "ELECTRIC BULK POWER TRANSMISSION AND CONTROL", "SOURCE": "IMAGERY", "SOURCEDATE": 1405987200000, "VAL_METHOD": "IMAGERY", "VAL_DATE": 1409875200000, "OWNER": "ENTERGY LOUISIANA LLC", "VOLTAGE": -999999, "VOLT_CLASS": "UNDER 100", "INFERRED": "Y", "SUB_1": "UNKNOWN114559", "SUB_2": "TAP143277", "Shape__Len": 45.65412748145059, "Shape__Length": 45.65413186615217}}, {"type": "Feature", "id": 5305, "geometry": {"type": "LineString", "coordinates": [[-90.8537113386717, 30.4966057802508], [-90.8540956577132, 30.4965576108529]]}, "properties": {"OBJECTID_1": 5305, "OBJECTID": 5305, "ID": "106091", "TYPE": "OVERHEAD", "STATUS": "IN SERVICE", "NAICS_CODE": "221121", "NAICS_DESC": "ELECTRIC BULK POWER TRANSMISSION AND CONTROL", "SOURCE": "IMAGERY", "SOURCEDATE": 1406678400000, "VAL_METHOD": "IMAGERY", "VAL_DATE": 1406678400000, "OWNER": "ENTERGY LOUISIANA LLC", "VOLTAGE": -999999, "VOLT_CLASS": "NOT AVAILABLE", "INFERRED": "N", "SUB_1": "TAP142978", "SUB_2": "TAP142979", "Shape__Len": 43.23242504373532, "Shape__Length": 43.23243701828697}}, {"type": "Feature", "id": 5898, "geometry": {"type": "LineString", "coordinates": [[-91.0119532339092, 30.1989331548759], [-91.0120560002794, 30.198911950622], [-91.0123142650253, 30.1987059707512], [-91.0133973646616, 30.1992810496401], [-91.0145259181531, 30.1998846203194], [-91.0158211989612, 30.2005788669772], [-91.0170355415623, 30.2012428306429], [-91.0184514661131, 30.2019987903701], [-91.0198451124449, 30.2027504742593], [-91.0210102273684, 30.2033774683282], [-91.0223535680443, 30.2041028231257], [-91.0237004121498, 30.2048209517165], [-91.0250052151, 30.2055222298767], [-91.0263067841151, 30.2061884892253], [-91.0273225990384, 30.2070607837404], [-91.0290071198592, 30.2079541866622], [-91.0305310219072, 30.2087788769989], [-91.0320710037987, 30.2096090722646], [-91.0335835870741, 30.2104182233288], [-91.0350847617454, 30.2112288411621], [-91.0366345352736, 30.2120633630168], [-91.0383677447828, 30.2129888588839], [-91.039854276915, 30.2137924697741], [-91.0414819343782, 30.2146647752902], [-91.0429035183154, 30.2154276951991], [-91.0443787316749, 30.2162199527258], [-91.0458522382355, 30.2170108842354], [-91.0474702837252, 30.2178761741876], [-91.0490525762667, 30.2187301233742], [-91.0511670307824, 30.2198617246474], [-91.0527818423372, 30.2207312587757], [-91.0540833224191, 30.2214267563483], [-91.0553166185744, 30.2220886388127], [-91.0558726568706, 30.2223943001736], [-91.0559300780819, 30.2226824430265]]}, "properties": {"OBJECTID_1": 5898, "OBJECTID": 5898, "ID": "106770", "TYPE": "AC; OVERHEAD", "STATUS": "IN SERVICE", "NAICS_CODE": "221121", "NAICS_DESC": "ELECTRIC BULK POWER TRANSMISSION AND CONTROL", "SOURCE": "IMAGERY, OpenStreetMap", "SOURCEDATE": 1406160000000, "VAL_METHOD": "IMAGERY", "VAL_DATE": 1490054400000, "OWNER": "ENTERGY LOUISIANA LLC", "VOLTAGE": 230, "VOLT_CLASS": "220-287", "INFERRED": "Y", "SUB_1": "UNKNOWN112507", "SUB_2": "UNKNOWN115491", "Shape__Len": 5821.707428661915, "Shape__Length": 5821.707432875351}}, {"type": "Feature", "id": 5973, "geometry": {"type": "LineString", "coordinates": [[-91.2655928660957, 30.3278249070759], [-91.265371707161, 30.328163407694], [-91.2651858502203, 30.328171232814], [-91.2652328033636, 30.3289577022552], [-91.2683454191106, 30.3290946491829], [-91.2686212701748, 30.3300884947499], [-91.2703010829252, 30.3444840008178], [-91.2718702313174, 30.3598150138464], [-91.2708917782251, 30.3610329909991], [-91.2698482233259, 30.3623151900843], [-91.2687989237004, 30.3636257742676], [-91.2681136411909, 30.3644853010716], [-91.2668531602186, 30.3660509386915], [-91.2657640787007, 30.3673793807578], [-91.2646638284289, 30.3687083108897], [-91.2636207613149, 30.3700243858589], [-91.2623412657029, 30.3716137229256], [-91.2614084982309, 30.3727669920078], [-91.2604142976717, 30.3739951760082], [-91.2592488099474, 30.3754258611124], [-91.2582017686865, 30.3767216469939], [-91.2570975433696, 30.3780866550303], [-91.2559764207422, 30.3794771506608], [-91.2546471360056, 30.3809829003347], [-91.2563739459167, 30.3816648403243], [-91.2561890133424, 30.3820693797589], [-91.2550852057421, 30.3819030029692]]}, "properties": {"OBJECTID_1": 5973, "OBJECTID": 5973, "ID": "106857", "TYPE": "AC; OVERHEAD", "STATUS": "IN SERVICE", "NAICS_CODE": "221121", "NAICS_DESC": "ELECTRIC BULK POWER TRANSMISSION AND CONTROL", "SOURCE": "IMAGERY, OpenStreetMap, EIA 861", "SOURCEDATE": 1406073600000, "VAL_METHOD": "IMAGERY", "VAL_DATE": 1489536000000, "OWNER": "ENTERGY GULF STATES - LA LLC", "VOLTAGE": 230, "VOLT_CLASS": "220-287", "INFERRED": "Y", "SUB_1": "UNKNOWN112485", "SUB_2": "ADDIS", "Shape__Len": 8232.15911737239, "Shape__Length": 8232.159088554019}}, {"type": "Feature", "id": 6924, "geometry": {"type": "LineString", "coordinates": [[-91.1852256030383, 30.2623513873783], [-91.1856604541112, 30.2624518949638], [-91.1853630318021, 30.2631677578219], [-91.1857937811673, 30.2632846762341]]}, "properties": {"OBJECTID_1": 6924, "OBJECTID": 6924, "ID": "107954", "TYPE": "OVERHEAD", "STATUS": "IN SERVICE", "NAICS_CODE": "221121", "NAICS_DESC": "ELECTRIC BULK POWER TRANSMISSION AND CONTROL", "SOURCE": "IMAGERY", "SOURCEDATE": 1406246400000, "VAL_METHOD": "IMAGERY", "VAL_DATE": 1406246400000, "OWNER": "ENTERGY LOUISIANA LLC", "VOLTAGE": -999999, "VOLT_CLASS": "NOT AVAILABLE", "INFERRED": "N", "SUB_1": "UNKNOWN115653", "SUB_2": "UNKNOWN115656", "Shape__Len": 198.39698717457208, "Shape__Length": 198.39703031296787}}, {"type": "Feature", "id": 7987, "geometry": {"type": "LineString", "coordinates": [[-90.9677117451555, 30.3208776806949], [-90.9676551099701, 30.3209714231347], [-90.9677840047386, 30.3213463896704], [-90.9735736305751, 30.3323361680877], [-90.984840379022, 30.3632810582839], [-90.9858502569795, 30.3662850717761], [-90.9860840911429, 30.3666376302191], [-90.986248659808, 30.3668857542713]]}, "properties": {"OBJECTID_1": 7987, "OBJECTID": 7987, "ID": "109177", "TYPE": "AC; OVERHEAD", "STATUS": "IN SERVICE", "NAICS_CODE": "221121", "NAICS_DESC": "ELECTRIC BULK POWER TRANSMISSION AND CONTROL", "SOURCE": "IMAGERY, EIA 860", "SOURCEDATE": 1405987200000, "VAL_METHOD": "IMAGERY", "VAL_DATE": 1553644800000, "OWNER": "ENTERGY LOUISIANA LLC", "VOLTAGE": 138, "VOLT_CLASS": "100-161", "INFERRED": "Y", "SUB_1": "UNKNOWN112512", "SUB_2": "TAP143254", "Shape__Len": 6298.03242608317, "Shape__Length": 6298.032483440135}}, {"type": "Feature", "id": 8646, "geometry": {"type": "LineString", "coordinates": [[-91.192989591122, 30.540249299127], [-91.1927519957125, 30.5401869029932], [-91.1920673249558, 30.5400265298827], [-91.1910807403136, 30.5403128573087], [-91.1902660716571, 30.5409025787554], [-91.1842480734142, 30.5421250321219], [-91.1772057576938, 30.5435829051751], [-91.1764021580782, 30.5440713667291], [-91.1753356808679, 30.544601865718], [-91.1693798496359, 30.544856042701], [-91.1673347351786, 30.5449605862045]]}, "properties": {"OBJECTID_1": 8646, "OBJECTID": 8646, "ID": "109930", "TYPE": "AC; OVERHEAD", "STATUS": "IN SERVICE", "NAICS_CODE": "221121", "NAICS_DESC": "ELECTRIC BULK POWER TRANSMISSION AND CONTROL", "SOURCE": "IMAGERY, EIA 861, https://cdn.misoenergy.org/Entergy Louisiana Transferred Facilities 2019390620.xlsx", "SOURCEDATE": 1406246400000, "VAL_METHOD": "IMAGERY", "VAL_DATE": 1587340800000, "OWNER": "ENTERGY GULF STATES - LA LLC", "VOLTAGE": 69, "VOLT_CLASS": "UNDER 100", "INFERRED": "Y", "SUB_1": "TAP142963", "SUB_2": "BLOUNT", "Shape__Len": 2974.0406501429516, "Shape__Length": 2974.0405951867942}}, {"type": "Feature", "id": 8714, "geometry": {"type": "LineString", "coordinates": [[-90.7861372907993, 30.2866639047116], [-90.7859908447467, 30.2861677830497], [-90.7852885041283, 30.2867565543231], [-90.7861791334269, 30.2874529180078], [-90.7861193586296, 30.2881134179077], [-90.7877606938414, 30.303093678331], [-90.7848130779507, 30.3057439083726], [-90.7998120335523, 30.3319926739183], [-90.8002331987918, 30.3327422040584], [-90.8212842904138, 30.3398234802183], [-90.8228618730882, 30.3411512186376], [-90.8232275431044, 30.3414849339442], [-90.8236770942085, 30.3410984766174], [-90.8235035828148, 30.3409880609548]]}, "properties": {"OBJECTID_1": 8714, "OBJECTID": 8714, "ID": "110004", "TYPE": "OVERHEAD", "STATUS": "IN SERVICE", "NAICS_CODE": "221121", "NAICS_DESC": "ELECTRIC BULK POWER TRANSMISSION AND CONTROL", "SOURCE": "IMAGERY", "SOURCEDATE": 1405987200000, "VAL_METHOD": "IMAGERY", "VAL_DATE": 1409875200000, "OWNER": "ENTERGY LOUISIANA LLC", "VOLTAGE": -999999, "VOLT_CLASS": "NOT AVAILABLE", "INFERRED": "N", "SUB_1": "UNKNOWN112526", "SUB_2": "UNKNOWN114561", "Shape__Len": 9603.915972440114, "Shape__Length": 9603.91599597928}}, {"type": "Feature", "id": 8881, "geometry": {"type": "LineString", "coordinates": [[-91.1873809273063, 30.49002631133], [-91.1877318694434, 30.4911415978956]]}, "properties": {"OBJECTID_1": 8881, "OBJECTID": 8881, "ID": "110193", "TYPE": "OVERHEAD", "STATUS": "NOT AVAILABLE", "NAICS_CODE": "221121", "NAICS_DESC": "ELECTRIC BULK POWER TRANSMISSION AND CONTROL", "SOURCE": "IMAGERY, OpenStreetMap, EIA 861, EIA 860", "SOURCEDATE": 1405036800000, "VAL_METHOD": "IMAGERY", "VAL_DATE": 1611100800000, "OWNER": "ENTERGY GULF STATES - LA LLC", "VOLTAGE": 230, "VOLT_CLASS": "220-287", "INFERRED": "Y", "SUB_1": "LOUISIANA 1", "SUB_2": "NOT AVAILABLE", "Shape__Len": 149.27980969690773, "Shape__Length": 149.27975953712914}}, {"type": "Feature", "id": 9199, "geometry": {"type": "LineString", "coordinates": [[-91.0083159822733, 30.4777566396245], [-91.0084707476237, 30.4777364440607], [-91.0085769841858, 30.4771795098279]]}, "properties": {"OBJECTID_1": 9199, "OBJECTID": 9199, "ID": "110565", "TYPE": "OVERHEAD", "STATUS": "IN SERVICE", "NAICS_CODE": "221121", "NAICS_DESC": "ELECTRIC BULK POWER TRANSMISSION AND CONTROL", "SOURCE": "IMAGERY, EIA 861", "SOURCEDATE": 1404950400000, "VAL_METHOD": "IMAGERY", "VAL_DATE": 1404950400000, "OWNER": "ENTERGY GULF STATES - LA LLC", "VOLTAGE": -999999, "VOLT_CLASS": "100-161", "INFERRED": "Y", "SUB_1": "TAP142971", "SUB_2": "TAP142972", "Shape__Len": 90.32771769320406, "Shape__Length": 90.32767756856569}}, {"type": "Feature", "id": 10017, "geometry": {"type": "LineString", "coordinates": [[-91.187930804058, 30.530339919086], [-91.1901877933616, 30.5288611392149]]}, "properties": {"OBJECTID_1": 10017, "OBJECTID": 10017, "ID": "111493", "TYPE": "OVERHEAD", "STATUS": "IN SERVICE", "NAICS_CODE": "221121", "NAICS_DESC": "ELECTRIC BULK POWER TRANSMISSION AND CONTROL", "SOURCE": "IMAGERY, EIA 861", "SOURCEDATE": 1406246400000, "VAL_METHOD": "IMAGERY", "VAL_DATE": 1406246400000, "OWNER": "ENTERGY GULF STATES - LA LLC", "VOLTAGE": -999999, "VOLT_CLASS": "NOT AVAILABLE", "INFERRED": "N", "SUB_1": "UNKNOWN115661", "SUB_2": "SWAN", "Shape__Len": 315.6716036575351, "Shape__Length": 315.67162046927075}}, {"type": "Feature", "id": 10668, "geometry": {"type": "LineString", "coordinates": [[-90.69418102270886, 30.47471067340166], [-90.6984347543393, 30.4638192499201], [-90.7021467125692, 30.4531949568066], [-90.7039889245533, 30.4476899881056], [-90.7040759713043, 30.4474179302643], [-90.7057449512707, 30.4421639603125], [-90.7065629571684, 30.439746949627], [-90.7075479598775, 30.4368369793333], [-90.707616949593, 30.4366319637486], [-90.7076549492278, 30.4365189606711], [-90.7081989689639, 30.4349109686337], [-90.7087349038624, 30.4333279671036], [-90.7092949136105, 30.4316749198802], [-90.7102260533351, 30.4316402297543]]}, "properties": {"OBJECTID_1": 10668, "OBJECTID": 10668, "ID": "112243", "TYPE": "OVERHEAD", "STATUS": "IN SERVICE", "NAICS_CODE": "221121", "NAICS_DESC": "ELECTRIC BULK POWER TRANSMISSION AND CONTROL", "SOURCE": "IMAGERY", "SOURCEDATE": 1405987200000, "VAL_METHOD": "IMAGERY", "VAL_DATE": 1405987200000, "OWNER": "ENTERGY LOUISIANA LLC", "VOLTAGE": -999999, "VOLT_CLASS": "UNDER 100", "INFERRED": "Y", "SUB_1": "UNKNOWN114652", "SUB_2": "TAP143276", "Shape__Len": 12237.704910797805, "Shape__Length": 12237.705125413813}}, {"type": "Feature", "id": 11531, "geometry": {"type": "LineString", "coordinates": [[-91.2039541013915, 30.5641216591265], [-91.2030619054311, 30.5625289782917], [-91.2004590512684, 30.5574412459335]]}, "properties": {"OBJECTID_1": 11531, "OBJECTID": 11531, "ID": "113236", "TYPE": "OVERHEAD", "STATUS": "NOT AVAILABLE", "NAICS_CODE": "221121", "NAICS_DESC": "ELECTRIC BULK POWER TRANSMISSION AND CONTROL", "SOURCE": "IMAGERY, EIA 861", "SOURCEDATE": 1406246400000, "VAL_METHOD": "IMAGERY", "VAL_DATE": 1566518400000, "OWNER": "ENTERGY GULF STATES - LA LLC", "VOLTAGE": -999999, "VOLT_CLASS": "100-161", "INFERRED": "Y", "SUB_1": "TAP142965", "SUB_2": "DEADEND167022", "Shape__Len": 947.3219869189794, "Shape__Length": 947.3220154505602}}, {"type": "Feature", "id": 11689, "geometry": {"type": "LineString", "coordinates": [[-91.0344435173462, 30.3891311461835], [-91.0345133928005, 30.3889448092264], [-91.0337264201026, 30.3887446833711], [-91.0350837816835, 30.3818421211121], [-91.0448400111834, 30.3663500751011], [-91.0476180206569, 30.3619579413652], [-91.0479468507632, 30.36172403123]]}, "properties": {"OBJECTID_1": 11689, "OBJECTID": 11689, "ID": "113420", "TYPE": "AC; OVERHEAD", "STATUS": "IN SERVICE", "NAICS_CODE": "221121", "NAICS_DESC": "ELECTRIC BULK POWER TRANSMISSION AND CONTROL", "SOURCE": "IMAGERY, EIA 861", "SOURCEDATE": 1405900800000, "VAL_METHOD": "IMAGERY", "VAL_DATE": 1588291200000, "OWNER": "ENTERGY GULF STATES - LA LLC", "VOLTAGE": 230, "VOLT_CLASS": "220-287", "INFERRED": "Y", "SUB_1": "UNKNOWN112505", "SUB_2": "BRIARWOOD", "Shape__Len": 3987.9826928762545, "Shape__Length": 3987.9826465842075}}, {"type": "Feature", "id": 12289, "geometry": {"type": "LineString", "coordinates": [[-91.1760320063671, 30.3849442391252], [-91.1762682120829, 30.3848092216659], [-91.1766656096966, 30.3847808367615], [-91.1766798030781, 30.3843621489719], [-91.1786703412886, 30.3846211677432], [-91.1914184951823, 30.3861408053047], [-91.1937734457676, 30.372650784662], [-91.2080390149746, 30.3691693069456], [-91.2158567726179, 30.3702335638258], [-91.2210478545738, 30.37095816414], [-91.225106749353, 30.3718469320274], [-91.2284863300295, 30.3728602398938], [-91.2395874327312, 30.3764832423245], [-91.2429305912145, 30.3775358188021], [-91.2482621939354, 30.3796018908473], [-91.249057773392, 30.3799266171059], [-91.2506625345953, 30.3808530766162], [-91.2534943612391, 30.3819701161794], [-91.2546979932271, 30.3824392463292], [-91.2557867845891, 30.3828599680642], [-91.2559277958342, 30.3825825682995], [-91.2550852057421, 30.3819030029692]]}, "properties": {"OBJECTID_1": 12289, "OBJECTID": 12289, "ID": "114101", "TYPE": "AC; OVERHEAD", "STATUS": "IN SERVICE", "NAICS_CODE": "221121", "NAICS_DESC": "ELECTRIC BULK POWER TRANSMISSION AND CONTROL", "SOURCE": "IMAGERY, EIA 861", "SOURCEDATE": 1405987200000, "VAL_METHOD": "IMAGERY", "VAL_DATE": 1489536000000, "OWNER": "ENTERGY GULF STATES - LA LLC", "VOLTAGE": 230, "VOLT_CLASS": "220-287", "INFERRED": "Y", "SUB_1": "ADDIS", "SUB_2": "TIGER", "Shape__Len": 11003.148886522504, "Shape__Length": 11003.148912792896}}, {"type": "Feature", "id": 13625, "geometry": {"type": "LineString", "coordinates": [[-91.1605307209435, 30.5150190027597], [-91.1605955757137, 30.5148970089545], [-91.1686480541576, 30.5145526122086], [-91.1752131847991, 30.514209987251], [-91.1756044630891, 30.5141049989368], [-91.178431221438, 30.5140111640018], [-91.1812354886672, 30.5194428788715], [-91.182437553095, 30.5188361228498], [-91.1828394611497, 30.5188638357151], [-91.1833124906222, 30.519235218767]]}, "properties": {"OBJECTID_1": 13625, "OBJECTID": 13625, "ID": "115623", "TYPE": "AC; OVERHEAD", "STATUS": "IN SERVICE", "NAICS_CODE": "221121", "NAICS_DESC": "ELECTRIC BULK POWER TRANSMISSION AND CONTROL", "SOURCE": "IMAGERY, EIA 861, https://cdn.misoenergy.org/Entergy Louisiana Transferred Facilities 2019390620.xlsx", "SOURCEDATE": 1405900800000, "VAL_METHOD": "IMAGERY", "VAL_DATE": 1587340800000, "OWNER": "ENTERGY GULF STATES - LA LLC", "VOLTAGE": 69, "VOLT_CLASS": "UNDER 100", "INFERRED": "Y", "SUB_1": "SEVENTY SECOND", "SUB_2": "JAGUAR", "Shape__Len": 3046.92447153424, "Shape__Length": 3046.9244849857273}}, {"type": "Feature", "id": 13920, "geometry": {"type": "LineString", "coordinates": [[-91.1103018440401, 30.2769478732637], [-91.1096575309958, 30.2778085371205], [-91.1080397891367, 30.2805575269053], [-91.1084964072871, 30.2832509987713], [-91.1073006202866, 30.2848705757762], [-91.1058505678398, 30.286682310683], [-91.1055609330259, 30.2873195090405], [-91.1054624561112, 30.2884722593865], [-91.1043270853051, 30.289937814871], [-91.1035307728231, 30.2910198288275], [-91.0987843398649, 30.2973132477407], [-91.0205328078292, 30.3458550816307], [-91.0141459649239, 30.3500862028356], [-91.0013295130175, 30.3587696258924], [-90.9992594757009, 30.3598449640066], [-90.9946164954257, 30.3622102907827], [-90.987931676849, 30.365588273909], [-90.985876644991, 30.3666321318456], [-90.9861827773651, 30.367800701332], [-90.9865349942116, 30.3687059306885], [-90.9883132452491, 30.3735718213514], [-90.9886344720149, 30.3743927348759], [-91.0042979841957, 30.3880947257976], [-91.0052808462194, 30.3888940092966], [-91.0122654299115, 30.3948211251849], [-91.0175896907015, 30.3996750573583], [-91.0285908657094, 30.4093413996436], [-91.0288255433908, 30.409571319829], [-91.0289492243375, 30.4098932077988]]}, "properties": {"OBJECTID_1": 13920, "OBJECTID": 13920, "ID": "115967", "TYPE": "AC; OVERHEAD", "STATUS": "IN SERVICE", "NAICS_CODE": "221121", "NAICS_DESC": "ELECTRIC BULK POWER TRANSMISSION AND CONTROL", "SOURCE": "IMAGERY, EIA 860", "SOURCEDATE": 1402876800000, "VAL_METHOD": "IMAGERY", "VAL_DATE": 1489536000000, "OWNER": "ENTERGY LOUISIANA LLC", "VOLTAGE": 230, "VOLT_CLASS": "220-287", "INFERRED": "Y", "SUB_1": "WILLOW GLEN (230KV)", "SUB_2": "WEINER", "Shape__Len": 25910.484364669177, "Shape__Length": 25910.484365384305}}, {"type": "Feature", "id": 14380, "geometry": {"type": "LineString", "coordinates": [[-91.1088857003004, 30.429893694896], [-91.1089720939762, 30.4299174850955], [-91.1090059011736, 30.4300239142934], [-91.1092751020097, 30.4298523761221], [-91.1110981583187, 30.4298285859067], [-91.1138193224009, 30.4297902422392], [-91.1157181318411, 30.4292822273055], [-91.1218226387443, 30.4257760912599], [-91.1234466211997, 30.4250348886399], [-91.1282103018115, 30.4245268737292], [-91.1291430513171, 30.4248433419894], [-91.130092455588, 30.4249682643669], [-91.131083501264, 30.4248933106497], [-91.1311834388393, 30.427000323731], [-91.1370543972433, 30.4268250366187], [-91.1365130257407, 30.4277555880236], [-91.135649130305, 30.4293188833706], [-91.1355644128855, 30.4294308072866], [-91.1354880650695, 30.4295485977029], [-91.1354204893023, 30.4296716318411], [-91.1353620440116, 30.4297992567165], [-91.1353130400145, 30.42993079611], [-91.1352737369242, 30.4300655513432], [-91.1352443431498, 30.4302028097988], [-91.1352250132015, 30.430341843372], [-91.1352158512839, 30.4304819138926], [-91.1344116722551, 30.4348977156142], [-91.1369379423448, 30.4355022926583], [-91.137169961013, 30.4356980589073], [-91.1424693411647, 30.435434869251], [-91.1426182917202, 30.4401941830735], [-91.142619846704, 30.4402143221382], [-91.1426367053869, 30.4402209231159], [-91.1429851582924, 30.4403666138536], [-91.1431616107704, 30.4443615161702], [-91.143370816722, 30.4491165167361], [-91.1433432258663, 30.4494335200911], [-91.1432528068397, 30.4495096630369]]}, "properties": {"OBJECTID_1": 14380, "OBJECTID": 14380, "ID": "116515", "TYPE": "OVERHEAD", "STATUS": "IN SERVICE", "NAICS_CODE": "221121", "NAICS_DESC": "ELECTRIC BULK POWER TRANSMISSION AND CONTROL", "SOURCE": "IMAGERY, EIA 861", "SOURCEDATE": 1405036800000, "VAL_METHOD": "IMAGERY", "VAL_DATE": 1405900800000, "OWNER": "ENTERGY GULF STATES - LA LLC", "VOLTAGE": -999999, "VOLT_CLASS": "UNDER 100", "INFERRED": "Y", "SUB_1": "JEFFERSON", "SUB_2": "EAST", "Shape__Len": 7461.802011810362, "Shape__Length": 7461.802239463708}}, {"type": "Feature", "id": 14556, "geometry": {"type": "LineString", "coordinates": [[-91.1103018440401, 30.2769478732637], [-91.1104459850157, 30.2776622433307], [-91.1102354190148, 30.278088637953], [-91.1087255405667, 30.2804268950781], [-91.1092450973809, 30.2826100349273], [-91.1101255891915, 30.2831313789834], [-91.11150985801, 30.2831292682089], [-91.1117502408919, 30.283930544723], [-91.1118670290653, 30.2841647741132], [-91.1407630936904, 30.3452497146625], [-91.1416775822429, 30.346562666335], [-91.1625081859717, 30.3747837921248], [-91.1655014021428, 30.3789150882109], [-91.1684132372373, 30.3828593000614], [-91.1704643991531, 30.383670379883], [-91.1743178510234, 30.3841774388071], [-91.1752747167011, 30.3842557040824], [-91.1762220853897, 30.3843302162921], [-91.176136928694, 30.3846140709231], [-91.1760320063671, 30.3849442391252]]}, "properties": {"OBJECTID_1": 14556, "OBJECTID": 14556, "ID": "116719", "TYPE": "AC; OVERHEAD", "STATUS": "IN SERVICE", "NAICS_CODE": "221121", "NAICS_DESC": "ELECTRIC BULK POWER TRANSMISSION AND CONTROL", "SOURCE": "IMAGERY, EIA 860", "SOURCEDATE": 1402876800000, "VAL_METHOD": "IMAGERY", "VAL_DATE": 1489536000000, "OWNER": "ENTERGY LOUISIANA LLC", "VOLTAGE": 230, "VOLT_CLASS": "220-287", "INFERRED": "Y", "SUB_1": "WILLOW GLEN (230KV)", "SUB_2": "TIGER", "Shape__Len": 16432.902805767997, "Shape__Length": 16432.902760450143}}, {"type": "Feature", "id": 14807, "geometry": {"type": "LineString", "coordinates": [[-91.1981971993842, 30.551673703838], [-91.1805498971373, 30.5562738003574], [-91.1780758137757, 30.5575733183532], [-91.1778109122765, 30.5575533257933], [-91.1763064686359, 30.5582680613111], [-91.175676702011, 30.5585279646746], [-91.1744071723088, 30.5585429591377], [-91.1746820702604, 30.5569285571892], [-91.1752147263081, 30.5541267552382]]}, "properties": {"OBJECTID_1": 14807, "OBJECTID": 14807, "ID": "117010", "TYPE": "OVERHEAD", "STATUS": "NOT AVAILABLE", "NAICS_CODE": "221121", "NAICS_DESC": "ELECTRIC BULK POWER TRANSMISSION AND CONTROL", "SOURCE": "IMAGERY, EIA 861", "SOURCEDATE": 1406246400000, "VAL_METHOD": "IMAGERY", "VAL_DATE": 1566518400000, "OWNER": "ENTERGY GULF STATES - LA LLC", "VOLTAGE": -999999, "VOLT_CLASS": "UNDER 100", "INFERRED": "Y", "SUB_1": "TAP142962", "SUB_2": "DEADEND167025", "Shape__Len": 3393.013037081959, "Shape__Length": 3393.013044183528}}, {"type": "Feature", "id": 15129, "geometry": {"type": "LineString", "coordinates": [[-91.3739768760658, 30.6830310411336], [-91.3742028203261, 30.6831321537512], [-91.374275221843, 30.683465452037], [-91.3754336533008, 30.6904257536879], [-91.3773269731363, 30.6996277667779], [-91.3799024601239, 30.6992725271969], [-91.3944376065612, 30.7039113563504], [-91.4268514648558, 30.7142363166684], [-91.4300276840199, 30.7154880457093], [-91.4327581214108, 30.7149240467024], [-91.4348282521521, 30.7142530393754], [-91.4384688266563, 30.7139532272815], [-91.4395681381886, 30.7124184740168], [-91.4469706406087, 30.7120258633019], [-91.44765802329604, 30.71200404151343]]}, "properties": {"OBJECTID_1": 15129, "OBJECTID": 15129, "ID": "117381", "TYPE": "OVERHEAD", "STATUS": "IN SERVICE", "NAICS_CODE": "221121", "NAICS_DESC": "ELECTRIC BULK POWER TRANSMISSION AND CONTROL", "SOURCE": "IMAGERY", "SOURCEDATE": 1404950400000, "VAL_METHOD": "IMAGERY", "VAL_DATE": 1404950400000, "OWNER": "ENTERGY LOUISIANA LLC", "VOLTAGE": -999999, "VOLT_CLASS": "UNDER 100", "INFERRED": "Y", "SUB_1": "UNKNOWN112425", "SUB_2": "TAP142952", "Shape__Len": 13666.850516861348, "Shape__Length": 13666.850392597033}}, {"type": "Feature", "id": 16452, "geometry": {"type": "LineString", "coordinates": [[-90.8539160377755, 30.496307029902], [-90.8540956577132, 30.4965576108529]]}, "properties": {"OBJECTID_1": 16452, "OBJECTID": 16452, "ID": "118908", "TYPE": "OVERHEAD", "STATUS": "IN SERVICE", "NAICS_CODE": "221121", "NAICS_DESC": "ELECTRIC BULK POWER TRANSMISSION AND CONTROL", "SOURCE": "IMAGERY", "SOURCEDATE": 1406678400000, "VAL_METHOD": "IMAGERY", "VAL_DATE": 1406678400000, "OWNER": "ENTERGY LOUISIANA LLC", "VOLTAGE": -999999, "VOLT_CLASS": "NOT AVAILABLE", "INFERRED": "N", "SUB_1": "UNKNOWN114438", "SUB_2": "TAP142978", "Shape__Len": 38.05022786915772, "Shape__Length": 38.05021881416326}}, {"type": "Feature", "id": 17294, "geometry": {"type": "LineString", "coordinates": [[-91.0938337360122, 30.2525915687781], [-91.0940080433133, 30.2525966646135], [-91.0943176692355, 30.2526986549828], [-91.0945806600181, 30.2528873231133], [-91.102599047397, 30.2532189217787], [-91.1031052112287, 30.2492319108765], [-91.1034264388928, 30.2486132508611], [-91.1018121959716, 30.2475392279818], [-91.1017585413963, 30.2470348752173], [-91.1013990562809, 30.2468175738409], [-91.1012515061988, 30.2465707636864]]}, "properties": {"OBJECTID_1": 17294, "OBJECTID": 17294, "ID": "119869", "TYPE": "AC; OVERHEAD", "STATUS": "IN SERVICE", "NAICS_CODE": "221121", "NAICS_DESC": "ELECTRIC BULK POWER TRANSMISSION AND CONTROL", "SOURCE": "IMAGERY, EIA 860", "SOURCEDATE": 1406160000000, "VAL_METHOD": "IMAGERY", "VAL_DATE": 1490054400000, "OWNER": "ENTERGY LOUISIANA LLC", "VOLTAGE": 138, "VOLT_CLASS": "100-161", "INFERRED": "Y", "SUB_1": "AIR PRODUCTS", "SUB_2": "GEIGY", "Shape__Len": 1968.9604857133659, "Shape__Length": 1968.9605407319327}}, {"type": "Feature", "id": 18174, "geometry": {"type": "LineString", "coordinates": [[-91.1816367750878, 30.4095963839964], [-91.1818295113269, 30.4095178616698], [-91.1819223099907, 30.4094797896995], [-91.1821031489423, 30.4091918748823], [-91.1821007693051, 30.4091894956672], [-91.1879287002036, 30.4100834551347], [-91.1884333836117, 30.4113426662869], [-91.1887831642271, 30.4125619016862], [-91.189047999251, 30.4138860719383], [-91.1891879109582, 30.4151752640766], [-91.1892944897784, 30.4176730417986], [-91.1889585171672, 30.4179456226352], [-91.1840710657773, 30.4177047373739], [-91.184140047408, 30.4197562732715]]}, "properties": {"OBJECTID_1": 18174, "OBJECTID": 18174, "ID": "120892", "TYPE": "OVERHEAD", "STATUS": "IN SERVICE", "NAICS_CODE": "221121", "NAICS_DESC": "ELECTRIC BULK POWER TRANSMISSION AND CONTROL", "SOURCE": "IMAGERY, EIA 861", "SOURCEDATE": 1406678400000, "VAL_METHOD": "IMAGERY", "VAL_DATE": 1406678400000, "OWNER": "ENTERGY GULF STATES - LA LLC", "VOLTAGE": -999999, "VOLT_CLASS": "UNDER 100", "INFERRED": "Y", "SUB_1": "TAP143282", "SUB_2": "LSU", "Shape__Len": 2595.3641179723973, "Shape__Length": 2595.3640250060535}}, {"type": "Feature", "id": 18583, "geometry": {"type": "LineString", "coordinates": [[-90.9663332426228, 30.1739287481536], [-90.9671592803574, 30.1736470659966], [-90.96760376676, 30.1735299547951], [-90.9687865775963, 30.1722071632384], [-90.9680329818028, 30.1713590226331], [-90.9672793851109, 30.1704756952209], [-90.9660300980453, 30.1692477673523], [-90.9647886263226, 30.1679910883775], [-90.9635471546, 30.1667631303325], [-90.9623184389544, 30.1655086712276], [-90.9610641213232, 30.1642519453609], [-90.9598302852804, 30.1629996290131], [-90.9592982390158, 30.16246895044765]]}, "properties": {"OBJECTID_1": 18583, "OBJECTID": 18583, "ID": "121362", "TYPE": "AC; OVERHEAD", "STATUS": "IN SERVICE", "NAICS_CODE": "221121", "NAICS_DESC": "ELECTRIC BULK POWER TRANSMISSION AND CONTROL", "SOURCE": "IMAGERY, OpenStreetMap", "SOURCEDATE": 1403049600000, "VAL_METHOD": "IMAGERY", "VAL_DATE": 1553558400000, "OWNER": "ENTERGY LOUISIANA LLC", "VOLTAGE": 230, "VOLT_CLASS": "220-287", "INFERRED": "Y", "SUB_1": "UNKNOWN112513", "SUB_2": "UNKNOWN112520", "Shape__Len": 15440.538366990351, "Shape__Length": 15440.538285054512}}, {"type": "Feature", "id": 20378, "geometry": {"type": "LineString", "coordinates": [[-91.0479468507632, 30.36172403123], [-91.0480394661707, 30.3612612839684], [-91.0486922826675, 30.3602365119573], [-91.0548257323907, 30.3507175222659], [-91.073264031788, 30.3198529162095], [-91.0843114161341, 30.3125968707694], [-91.0865224709839, 30.3111305519366], [-91.097535297141, 30.3039147200378], [-91.0992331399774, 30.3013602376733], [-91.101606260786, 30.300931919123], [-91.1082702941436, 30.2916825339775], [-91.1080117590048, 30.2892862600574], [-91.1065514864251, 30.2879161591375], [-91.1098359543776, 30.2835890032805], [-91.1090481453481, 30.2829344266963], [-91.1084688739237, 30.2806231348253], [-91.1100329064104, 30.2779990367115], [-91.1103018440401, 30.2769478732637]]}, "properties": {"OBJECTID_1": 20378, "OBJECTID": 20378, "ID": "123403", "TYPE": "AC; OVERHEAD", "STATUS": "IN SERVICE", "NAICS_CODE": "221121", "NAICS_DESC": "ELECTRIC BULK POWER TRANSMISSION AND CONTROL", "SOURCE": "IMAGERY, OpenStreetMap", "SOURCEDATE": 1406160000000, "VAL_METHOD": "IMAGERY", "VAL_DATE": 1489536000000, "OWNER": "ENTERGY LOUISIANA LLC", "VOLTAGE": 230, "VOLT_CLASS": "220-287", "INFERRED": "Y", "SUB_1": "UNKNOWN112505", "SUB_2": "WILLOW GLEN (230KV)", "Shape__Len": 13707.133597820595, "Shape__Length": 13707.13361507494}}, {"type": "Feature", "id": 20940, "geometry": {"type": "LineString", "coordinates": [[-91.188104219332, 30.4410591081234], [-91.1882410641908, 30.4408164273659], [-91.1898694259333, 30.4407363602804], [-91.1898350348309, 30.4379896657238], [-91.1896565746183, 30.4330784588402], [-91.1894995311403, 30.4327786468651], [-91.1892631574396, 30.4234414072971], [-91.1890598246734, 30.4179613220312], [-91.1893444450914, 30.4176709099095], [-91.1892377962025, 30.4151714967649], [-91.1890974658804, 30.4138784566466], [-91.1888317909318, 30.4125500850411], [-91.1884807427935, 30.4113264289457], [-91.1879741109395, 30.4100623577068], [-91.187046746834, 30.4083179126716], [-91.176001188763, 30.3932232809208], [-91.1757011999671, 30.3924336559423], [-91.1752541587559, 30.3918017472621], [-91.1754118499191, 30.3908186973266], [-91.175846287767, 30.3877263118857], [-91.1761985073084, 30.3860883262162], [-91.1763462649013, 30.3853243060101], [-91.1761551052055, 30.3852020846646], [-91.1760320063671, 30.3849442391252]]}, "properties": {"OBJECTID_1": 20940, "OBJECTID": 20940, "ID": "124060", "TYPE": "OVERHEAD", "STATUS": "NOT AVAILABLE", "NAICS_CODE": "221121", "NAICS_DESC": "ELECTRIC BULK POWER TRANSMISSION AND CONTROL", "SOURCE": "IMAGERY, EIA 861", "SOURCEDATE": 1405987200000, "VAL_METHOD": "UNVERIFIED", "VAL_DATE": 1553558400000, "OWNER": "ENTERGY GULF STATES - LA LLC", "VOLTAGE": -999999, "VOLT_CLASS": "NOT AVAILABLE", "INFERRED": "N", "SUB_1": "TIGER", "SUB_2": "BEAUREGARD", "Shape__Len": 7872.114546744538, "Shape__Length": 7872.114489643479}}, {"type": "Feature", "id": 21238, "geometry": {"type": "LineString", "coordinates": [[-90.9917430947506, 30.1978503322406], [-90.9920571493672, 30.1969709807892], [-90.9913913549095, 30.1964056837169], [-90.9925847595779, 30.1956645169791], [-90.9987601462519, 30.1916586422827], [-90.9931880501564, 30.1886818846179], [-90.9918582938043, 30.1878689566393], [-90.9921597773968, 30.1873521286954], [-90.9920090347022, 30.1870937152594], [-90.991840408347, 30.1870999147796]]}, "properties": {"OBJECTID_1": 21238, "OBJECTID": 21238, "ID": "124418", "TYPE": "AC; OVERHEAD", "STATUS": "IN SERVICE", "NAICS_CODE": "221121", "NAICS_DESC": "ELECTRIC BULK POWER TRANSMISSION AND CONTROL", "SOURCE": "IMAGERY, EIA 860", "SOURCEDATE": 1402444800000, "VAL_METHOD": "IMAGERY", "VAL_DATE": 1490054400000, "OWNER": "ENTERGY LOUISIANA LLC", "VOLTAGE": 230, "VOLT_CLASS": "220-287", "INFERRED": "Y", "SUB_1": "UNKNOWN111880", "SUB_2": "UNKNOWN112509", "Shape__Len": 2286.6296141289968, "Shape__Length": 2286.629722996982}}, {"type": "Feature", "id": 21631, "geometry": {"type": "LineString", "coordinates": [[-91.0061323673621, 30.5914673418239], [-91.006329559245, 30.5918123643256], [-91.0066337099356, 30.5917975273425], [-91.0066436012852, 30.5923390637696], [-91.0066436012852, 30.5940922612991], [-91.0066264308869, 30.6003796401722], [-90.9961104153028, 30.5999251558836], [-90.9957759608444, 30.6006197887586], [-90.9954415081826, 30.6012354033474], [-90.9958641691171, 30.6018767446684], [-90.9966902535641, 30.6055056163836], [-90.9968901287149, 30.6067476943053], [-90.9937563792024, 30.6128295968358], [-90.9924143626432, 30.6154850746566], [-90.992128826842, 30.620439112732], [-90.9919360906028, 30.6223450607198], [-90.9913364669473, 30.6243223931689], [-90.9883954527757, 30.6276702947651], [-90.9880742260099, 30.62797010729], [-90.9841798998958, 30.6319022599398], [-90.9823151249268, 30.6343668913684], [-90.9802612662685, 30.6391983519232], [-90.9799678567338, 30.6425562499611], [-90.9798700535555, 30.6455033753828], [-90.9784747336624, 30.6486461070003], [-90.9778813964172, 30.6499892663086], [-90.9774575838426, 30.65079776937], [-90.9768577266251, 30.6514106668467], [-90.9726652451766, 30.6558183149253], [-90.9722675133897, 30.6562290871189], [-90.9715046505757, 30.6638120681891], [-90.9712960051728, 30.665011783336], [-90.9710025956381, 30.666693991747], [-90.9711199596316, 30.6673329706908], [-90.9708330709676, 30.671284205165], [-90.9739758027345, 30.6785020559181], [-90.9741648882204, 30.6798060932894], [-90.9751168356219, 30.6823294071477], [-90.9760101023741, 30.6846114732967], [-90.9764469548934, 30.6867892172086], [-90.9766621211669, 30.6878520076148], [-90.9762122278046, 30.6940070670715], [-90.9750059933973, 30.6985581587892], [-90.9731151376406, 30.6985190382926], [-90.9722671280124, 30.6984720258563], [-90.9722730766562, 30.6982626343512], [-90.9728631826613, 30.6982293208833]]}, "properties": {"OBJECTID_1": 21631, "OBJECTID": 21631, "ID": "124881", "TYPE": "OVERHEAD", "STATUS": "IN SERVICE", "NAICS_CODE": "221121", "NAICS_DESC": "ELECTRIC BULK POWER TRANSMISSION AND CONTROL", "SOURCE": "IMAGERY, EIA 861", "SOURCEDATE": 1404777600000, "VAL_METHOD": "IMAGERY", "VAL_DATE": 1404864000000, "OWNER": "ENTERGY GULF STATES - LA LLC", "VOLTAGE": -999999, "VOLT_CLASS": "NOT AVAILABLE", "INFERRED": "N", "SUB_1": "UNKNOWN112434", "SUB_2": "UNKNOWN114622", "Shape__Len": 16455.57119333704, "Shape__Length": 16455.571059698752}}, {"type": "Feature", "id": 22467, "geometry": {"type": "LineString", "coordinates": [[-91.0452248880787, 30.2553584357903], [-91.0730757440062, 30.2698236953572], [-91.1080105453809, 30.2879363621635], [-91.1107193782892, 30.2841449558468], [-91.1114040050285, 30.2829576677554], [-91.1119372925919, 30.2824063636807], [-91.1144487925818, 30.27886972514], [-91.1145640994333, 30.2784030977187], [-91.1148458398525, 30.2783797128387]]}, "properties": {"OBJECTID_1": 22467, "OBJECTID": 22467, "ID": "125833", "TYPE": "AC; OVERHEAD", "STATUS": "IN SERVICE", "NAICS_CODE": "221121", "NAICS_DESC": "ELECTRIC BULK POWER TRANSMISSION AND CONTROL", "SOURCE": "IMAGERY, EIA 860", "SOURCEDATE": 1402876800000, "VAL_METHOD": "IMAGERY", "VAL_DATE": 1490054400000, "OWNER": "ENTERGY LOUISIANA LLC", "VOLTAGE": 138, "VOLT_CLASS": "100-161", "INFERRED": "Y", "SUB_1": "TAP142928", "SUB_2": "WILLOW GLEN (500KV)", "Shape__Len": 9619.371968559039, "Shape__Length": 9619.371981434586}}, {"type": "Feature", "id": 22818, "geometry": {"type": "LineString", "coordinates": [[-91.0036280215551, 30.5673622429649], [-91.0034177618797, 30.5674748937936], [-91.0030199609225, 30.5664715912473], [-91.0030296717107, 30.546094873157], [-91.0025180883429, 30.5423472217099], [-91.0036126397025, 30.5354943740242], [-91.0038505863533, 30.5304737113279], [-91.005647078581, 30.5207417158473], [-91.0058017442184, 30.5181600003143], [-91.0066702480115, 30.5094987621518], [-91.0081455143717, 30.4947223096877], [-91.0058850261301, 30.4922119783414], [-91.0083159822733, 30.4777566396245]]}, "properties": {"OBJECTID_1": 22818, "OBJECTID": 22818, "ID": "126215", "TYPE": "OVERHEAD", "STATUS": "IN SERVICE", "NAICS_CODE": "221121", "NAICS_DESC": "ELECTRIC BULK POWER TRANSMISSION AND CONTROL", "SOURCE": "IMAGERY, EIA 861", "SOURCEDATE": 1404950400000, "VAL_METHOD": "IMAGERY", "VAL_DATE": 1409875200000, "OWNER": "ENTERGY GULF STATES - LA LLC", "VOLTAGE": -999999, "VOLT_CLASS": "100-161", "INFERRED": "Y", "SUB_1": "UNKNOWN112435", "SUB_2": "TAP142971", "Shape__Len": 11774.268016936909, "Shape__Length": 11774.268009171055}}, {"type": "Feature", "id": 22910, "geometry": {"type": "LineString", "coordinates": [[-90.9663332426228, 30.1739287481536], [-90.9664367932222, 30.1741891539182], [-90.9683264479314, 30.174016877872], [-90.9705875721802, 30.1737692311592], [-90.9722349629353, 30.1755081431182], [-90.978345383448, 30.1800949962849], [-90.9798151143894, 30.1812201740345], [-90.9813655993833, 30.1823345863157], [-90.9826522869074, 30.1830129230169], [-90.984095098933, 30.1838096998789], [-90.9894248933452, 30.1866522570163], [-90.9916483323696, 30.1878151212335], [-90.9920521044285, 30.187395198312], [-90.991840408347, 30.1870999147796]]}, "properties": {"OBJECTID_1": 22910, "OBJECTID": 22910, "ID": "126314", "TYPE": "AC; OVERHEAD", "STATUS": "IN SERVICE", "NAICS_CODE": "221121", "NAICS_DESC": "ELECTRIC BULK POWER TRANSMISSION AND CONTROL", "SOURCE": "IMAGERY, EIA 860", "SOURCEDATE": 1406160000000, "VAL_METHOD": "IMAGERY", "VAL_DATE": 1588291200000, "OWNER": "ENTERGY LOUISIANA LLC", "VOLTAGE": 230, "VOLT_CLASS": "220-287", "INFERRED": "Y", "SUB_1": "UNKNOWN112509", "SUB_2": "UNKNOWN112513", "Shape__Len": 3593.8746958678485, "Shape__Length": 3593.8747645169924}}, {"type": "Feature", "id": 23135, "geometry": {"type": "LineString", "coordinates": [[-91.2124475098078, 30.5776220672195], [-91.2121100459932, 30.5775765451051], [-91.2124977112592, 30.578296494254], [-91.2151040652582, 30.5832530668311], [-91.2151075255687, 30.5838311027027], [-91.2170423897911, 30.5874896906524], [-91.2400215130495, 30.6312110322291], [-91.2440788860826, 30.6389488007711], [-91.244764171287, 30.6385942608674], [-91.2451320071413, 30.6387508808072]]}, "properties": {"OBJECTID_1": 23135, "OBJECTID": 23135, "ID": "126569", "TYPE": "AC; OVERHEAD", "STATUS": "IN SERVICE", "NAICS_CODE": "221121", "NAICS_DESC": "ELECTRIC BULK POWER TRANSMISSION AND CONTROL", "SOURCE": "IMAGERY, EIA 861, https://cdn.misoenergy.org/Entergy Louisiana Transferred Facilities 2019390620.xlsx", "SOURCEDATE": 1404950400000, "VAL_METHOD": "IMAGERY", "VAL_DATE": 1587340800000, "OWNER": "ENTERGY GULF STATES - LA LLC", "VOLTAGE": 69, "VOLT_CLASS": "UNDER 100", "INFERRED": "Y", "SUB_1": "UNKNOWN115666", "SUB_2": "PORT HUDSON", "Shape__Len": 8878.336409786787, "Shape__Length": 8878.336381498457}}, {"type": "Feature", "id": 23229, "geometry": {"type": "LineString", "coordinates": [[-91.0033394817876, 30.2149547231086], [-91.0039899842242, 30.2141268101827], [-91.0043684588264, 30.2138015592651], [-91.0048711201268, 30.212849459828], [-91.0078634316944, 30.210241535222]]}, "properties": {"OBJECTID_1": 23229, "OBJECTID": 23229, "ID": "126673", "TYPE": "AC; OVERHEAD", "STATUS": "IN SERVICE", "NAICS_CODE": "221121", "NAICS_DESC": "ELECTRIC BULK POWER TRANSMISSION AND CONTROL", "SOURCE": "IMAGERY, EIA 860", "SOURCEDATE": 1406160000000, "VAL_METHOD": "IMAGERY", "VAL_DATE": 1553558400000, "OWNER": "ENTERGY LOUISIANA LLC", "VOLTAGE": 230, "VOLT_CLASS": "220-287", "INFERRED": "Y", "SUB_1": "UNKNOWN115488", "SUB_2": "UNKNOWN115489", "Shape__Len": 796.2310206545387, "Shape__Length": 796.2309963549076}}, {"type": "Feature", "id": 23531, "geometry": {"type": "LineString", "coordinates": [[-91.1877318694434, 30.4911415978956], [-91.1878542011205, 30.4913347551652], [-91.1891354709051, 30.4914281126976], [-91.1905648270661, 30.4922425891961], [-91.1912349711664, 30.4926424367475], [-91.1913610344451, 30.4940637973518], [-91.1915091576523, 30.4973571922154], [-91.1914555821288, 30.5013155680362], [-91.1913862465619, 30.5021980092893], [-91.1905038063055, 30.5022957078049], [-91.1876957535757, 30.5021601902331], [-91.1849412790644, 30.5016464828963], [-91.1846292726066, 30.5039187677571], [-91.1842384776103, 30.5070199167816], [-91.183876046919, 30.5083876997427], [-91.1837436810602, 30.5090715909738], [-91.1831259716231, 30.5125918988876], [-91.1822582475676, 30.5172133041624], [-91.1820127838146, 30.5184547298418], [-91.1819732839932, 30.5188271576266], [-91.1818999266688, 30.5191544430663], [-91.1817221770235, 30.5197159063151], [-91.1817165347052, 30.5203027618589], [-91.1819648200666, 30.5207654753469], [-91.1827491750738, 30.522314437012], [-91.188409129099, 30.5330514298176], [-91.1910860224074, 30.5380720931368], [-91.191478632899, 30.5382981412039], [-91.1933108178878, 30.5419387168329], [-91.1932037422992, 30.5422004573066], [-91.1954285377797, 30.5464358979653], [-91.1981971993842, 30.551673703838]]}, "properties": {"OBJECTID_1": 23531, "OBJECTID": 23531, "ID": "127023", "TYPE": "OVERHEAD", "STATUS": "IN SERVICE", "NAICS_CODE": "221121", "NAICS_DESC": "ELECTRIC BULK POWER TRANSMISSION AND CONTROL", "SOURCE": "IMAGERY, EIA 861", "SOURCEDATE": 1405036800000, "VAL_METHOD": "IMAGERY", "VAL_DATE": 1406246400000, "OWNER": "ENTERGY GULF STATES - LA LLC", "VOLTAGE": -999999, "VOLT_CLASS": "UNDER 100", "INFERRED": "Y", "SUB_1": "LOUISIANA 1", "SUB_2": "TAP142962", "Shape__Len": 9322.490676003714, "Shape__Length": 9322.490660358108}}, {"type": "Feature", "id": 23971, "geometry": {"type": "LineString", "coordinates": [[-91.1853377810578, 30.4910516692887], [-91.1856718213928, 30.4909637261307], [-91.1858509795964, 30.4899156429186], [-91.1861003635974, 30.4885176206228], [-91.1863794710545, 30.4871326577245], [-91.1865399101642, 30.4856318647195], [-91.1866620810429, 30.4841416558491], [-91.1868541408506, 30.4826368693169], [-91.1868772275534, 30.4814164872319], [-91.1879353531266, 30.4816560902249], [-91.188875974569, 30.4817907631055]]}, "properties": {"OBJECTID_1": 23971, "OBJECTID": 23971, "ID": "127505", "TYPE": "AC; OVERHEAD", "STATUS": "IN SERVICE", "NAICS_CODE": "221121", "NAICS_DESC": "ELECTRIC BULK POWER TRANSMISSION AND CONTROL", "SOURCE": "IMAGERY, OpenStreetMap, EIA 861, EIA 860", "SOURCEDATE": 1405036800000, "VAL_METHOD": "IMAGERY", "VAL_DATE": 1588204800000, "OWNER": "ENTERGY GULF STATES - LA LLC", "VOLTAGE": 230, "VOLT_CLASS": "220-287", "INFERRED": "Y", "SUB_1": "UNKNOWN112429", "SUB_2": "EXXON", "Shape__Len": 1508.8639777198646, "Shape__Length": 1508.8639969585904}}, {"type": "Feature", "id": 24099, "geometry": {"type": "LineString", "coordinates": [[-90.9380233844161, 30.2730351247237], [-90.9377518461636, 30.2730351247237], [-90.9372155573288, 30.2724207691581], [-90.9360941310708, 30.2715048153283], [-90.9360880117471, 30.270728491329], [-90.9357229229409, 30.2691025207088], [-90.9353758893736, 30.2674348843716], [-90.9349513689266, 30.2659312420302], [-90.9226168478987, 30.2523471072702], [-90.9212570860194, 30.2513709747397], [-90.9201640591009, 30.2507910912494], [-90.9192422762282, 30.250302358095], [-90.9182235058477, 30.2487076622272], [-90.9149297178741, 30.2437562622752], [-90.9101924153924, 30.237856570706], [-90.9089718744158, 30.2364248666816], [-90.9078057973967, 30.236435614943], [-90.9068720947786, 30.2351708510563], [-90.9074309061741, 30.234586933942], [-90.9069741263268, 30.2340031949722], [-90.9055529771743, 30.2324887252677], [-90.9044390787984, 30.2310205852661]]}, "properties": {"OBJECTID_1": 24099, "OBJECTID": 24099, "ID": "127652", "TYPE": "OVERHEAD", "STATUS": "IN SERVICE", "NAICS_CODE": "221121", "NAICS_DESC": "ELECTRIC BULK POWER TRANSMISSION AND CONTROL", "SOURCE": "IMAGERY", "SOURCEDATE": 1405987200000, "VAL_METHOD": "IMAGERY", "VAL_DATE": 1405987200000, "OWNER": "ENTERGY LOUISIANA LLC", "VOLTAGE": -999999, "VOLT_CLASS": "100-161", "INFERRED": "Y", "SUB_1": "DUPLESSIS", "SUB_2": "UNKNOWN112519", "Shape__Len": 6831.3914743802525, "Shape__Length": 6831.391541291332}}, {"type": "Feature", "id": 24875, "geometry": {"type": "LineString", "coordinates": [[-91.0938337360122, 30.2525915687781], [-91.0937348961781, 30.2527903899665], [-91.094215198411, 30.2527121499687], [-91.0940757789806, 30.2534859486291], [-91.0947989227844, 30.25502546004], [-91.095434840174, 30.2563790300015], [-91.0961185479367, 30.2578344623714], [-91.096819683016, 30.2593267279697], [-91.0975040195994, 30.2607753646764], [-91.0982195277232, 30.2622896226899], [-91.0989080863885, 30.2637467512346], [-91.0996081425911, 30.2652284526633], [-91.1003034404176, 30.2667000470436], [-91.1010286494482, 30.2682347730109], [-91.1017390371749, 30.2697382861962], [-91.1024600250219, 30.2712641202217], [-91.1031913425964, 30.2728115758101], [-91.1039129601624, 30.2743388360926], [-91.1046230783945, 30.2758414799933], [-91.1052627687084, 30.277195150905], [-91.1058548779565, 30.2784794127278], [-91.1064092920987, 30.2796334523051], [-91.1068947021524, 30.2811087172478], [-91.1088339627299, 30.2806804142049], [-91.1101450458022, 30.2802187990318], [-91.1120780145794, 30.2811967307925], [-91.1142845976158, 30.2781719243123], [-91.1148458398525, 30.2783797128387]]}, "properties": {"OBJECTID_1": 24875, "OBJECTID": 24875, "ID": "128540", "TYPE": "AC; OVERHEAD", "STATUS": "IN SERVICE", "NAICS_CODE": "221121", "NAICS_DESC": "ELECTRIC BULK POWER TRANSMISSION AND CONTROL", "SOURCE": "IMAGERY, OpenStreetMap", "SOURCEDATE": 1406160000000, "VAL_METHOD": "IMAGERY", "VAL_DATE": 1490054400000, "OWNER": "ENTERGY LOUISIANA LLC", "VOLTAGE": 138, "VOLT_CLASS": "100-161", "INFERRED": "Y", "SUB_1": "AIR PRODUCTS", "SUB_2": "WILLOW GLEN (500KV)", "Shape__Len": 5178.604313062651, "Shape__Length": 5178.604277751932}}, {"type": "Feature", "id": 25057, "geometry": {"type": "LineString", "coordinates": [[-91.0521806232737, 30.2294513938958], [-91.0516833159324, 30.2293568646831], [-91.0493652888002, 30.2303638086781], [-91.0457485097696, 30.2401414428352], [-91.0455841099878, 30.240256522974], [-91.0361928138855, 30.2378768461214], [-91.0315156607985, 30.2482380970355]]}, "properties": {"OBJECTID_1": 25057, "OBJECTID": 25057, "ID": "128748", "TYPE": "AC; OVERHEAD", "STATUS": "IN SERVICE", "NAICS_CODE": "221121", "NAICS_DESC": "ELECTRIC BULK POWER TRANSMISSION AND CONTROL", "SOURCE": "IMAGERY, EIA 860", "SOURCEDATE": 1406160000000, "VAL_METHOD": "IMAGERY", "VAL_DATE": 1553644800000, "OWNER": "ENTERGY LOUISIANA LLC", "VOLTAGE": 138, "VOLT_CLASS": "100-161", "INFERRED": "Y", "SUB_1": "TAP142929", "SUB_2": "ALCHEM", "Shape__Len": 4214.176364674238, "Shape__Length": 4214.176432029976}}, {"type": "Feature", "id": 25067, "geometry": {"type": "LineString", "coordinates": [[-91.1148458398525, 30.2783797128387], [-91.1153822760109, 30.2787934903387], [-91.1119659955618, 30.2836304606744], [-91.1118634259227, 30.2838855183274], [-91.1119805329981, 30.2841305428416], [-91.1408535010389, 30.3452069762685], [-91.1417744915975, 30.3465424141502], [-91.162588896905, 30.3747247503561], [-91.1655821193643, 30.3788560543624], [-91.1684766636863, 30.3827768458606], [-91.1704896876267, 30.3835728460449], [-91.1743308972563, 30.3840782943841], [-91.1755514759621, 30.3841918363182], [-91.1763853020903, 30.3841740949638], [-91.1783474553344, 30.3843869871293], [-91.1912951636803, 30.3859750406597], [-91.1936425549425, 30.37252832581], [-91.2080310747658, 30.3690168429119], [-91.2158772577996, 30.3700849689334], [-91.2210743045691, 30.3708104019675], [-91.2251443860685, 30.3717016187544], [-91.2285311460807, 30.3727170803729], [-91.2396332270478, 30.376340401208], [-91.2430198909402, 30.3773389539845], [-91.2491470731178, 30.3797053966941], [-91.2507148372061, 30.3807820940305], [-91.2520336170438, 30.3813200670461], [-91.2547556228475, 30.3823656052702], [-91.2549013241967, 30.3822609987121], [-91.2550852057421, 30.3819030029692]]}, "properties": {"OBJECTID_1": 25067, "OBJECTID": 25067, "ID": "128758", "TYPE": "AC; OVERHEAD", "STATUS": "IN SERVICE", "NAICS_CODE": "221121", "NAICS_DESC": "ELECTRIC BULK POWER TRANSMISSION AND CONTROL", "SOURCE": "IMAGERY, EIA 860", "SOURCEDATE": 1402876800000, "VAL_METHOD": "IMAGERY", "VAL_DATE": 1490054400000, "OWNER": "ENTERGY LOUISIANA LLC", "VOLTAGE": 138, "VOLT_CLASS": "100-161", "INFERRED": "Y", "SUB_1": "ADDIS", "SUB_2": "WILLOW GLEN (500KV)", "Shape__Len": 26722.73903663098, "Shape__Length": 26722.739079946452}}, {"type": "Feature", "id": 25744, "geometry": {"type": "LineString", "coordinates": [[-91.0085769841858, 30.4771795098279], [-91.0238588632878, 30.475257605368], [-91.0256294615774, 30.4755891902806], [-91.032305475766, 30.4748300190536]]}, "properties": {"OBJECTID_1": 25744, "OBJECTID": 25744, "ID": "129509", "TYPE": "OVERHEAD", "STATUS": "IN SERVICE", "NAICS_CODE": "221121", "NAICS_DESC": "ELECTRIC BULK POWER TRANSMISSION AND CONTROL", "SOURCE": "IMAGERY, EIA 861", "SOURCEDATE": 1404950400000, "VAL_METHOD": "IMAGERY", "VAL_DATE": 1404950400000, "OWNER": "ENTERGY GULF STATES - LA LLC", "VOLTAGE": -999999, "VOLT_CLASS": "100-161", "INFERRED": "Y", "SUB_1": "TAP142972", "SUB_2": "TAP143266", "Shape__Len": 2670.5012756976903, "Shape__Length": 2670.501221834093}}, {"type": "Feature", "id": 25820, "geometry": {"type": "LineString", "coordinates": [[-91.2656361397396, 30.6959778397159], [-91.2655642430758, 30.6960622407248], [-91.2657049111645, 30.696112256074]]}, "properties": {"OBJECTID_1": 25820, "OBJECTID": 25820, "ID": "129593", "TYPE": "AC; OVERHEAD", "STATUS": "IN SERVICE", "NAICS_CODE": "221121", "NAICS_DESC": "ELECTRIC BULK POWER TRANSMISSION AND CONTROL", "SOURCE": "IMAGERY, EIA 861, https://cdn.misoenergy.org/Entergy Louisiana Transferred Facilities 2019390620.xlsx", "SOURCEDATE": 1404777600000, "VAL_METHOD": "IMAGERY", "VAL_DATE": 1587340800000, "OWNER": "ENTERGY GULF STATES - LA LLC", "VOLTAGE": 69, "VOLT_CLASS": "UNDER 100", "INFERRED": "Y", "SUB_1": "TAP142948", "SUB_2": "SANDY CREEK", "Shape__Len": 30.48904161064286, "Shape__Length": 30.48904682321964}}, {"type": "Feature", "id": 26530, "geometry": {"type": "LineString", "coordinates": [[-90.8490623019548, 30.18513136737], [-90.8492389960797, 30.1849739200509], [-90.8498028317526, 30.1853597017598], [-90.8504971656868, 30.1857358711714], [-90.8516124339935, 30.1865908570885], [-90.8527816892522, 30.187462735893], [-90.8530174637766, 30.1880502436502], [-90.8531341297792, 30.1888912732358], [-90.8533463495785, 30.1904089042278], [-90.8535575030776, 30.1918879437563], [-90.8535802681835, 30.1931850751142], [-90.8554171423782, 30.193945909083], [-90.857004858049, 30.1946967126459], [-90.8584428533081, 30.1953791460483], [-90.8598721528752, 30.1961319892126], [-90.8759981240524, 30.2086915213249], [-90.8776175044387, 30.2101852969458], [-90.8785192575754, 30.2108356407342], [-90.8867679235858, 30.2184200966635], [-90.8950651552154, 30.2258864276137], [-90.8964072831656, 30.227137314911], [-90.9035278511304, 30.2307165433743], [-90.9044390787984, 30.2310205852661]]}, "properties": {"OBJECTID_1": 26530, "OBJECTID": 26530, "ID": "130409", "TYPE": "OVERHEAD", "STATUS": "IN SERVICE", "NAICS_CODE": "221121", "NAICS_DESC": "ELECTRIC BULK POWER TRANSMISSION AND CONTROL", "SOURCE": "IMAGERY", "SOURCEDATE": 1405987200000, "VAL_METHOD": "IMAGERY", "VAL_DATE": 1409875200000, "OWNER": "ENTERGY LOUISIANA LLC", "VOLTAGE": -999999, "VOLT_CLASS": "NOT AVAILABLE", "INFERRED": "N", "SUB_1": "UNKNOWN112519", "SUB_2": "SORRENTO", "Shape__Len": 8810.388992214812, "Shape__Length": 8810.388997571335}}, {"type": "Feature", "id": 27324, "geometry": {"type": "LineString", "coordinates": [[-90.79700382231684, 30.16246895044765], [-90.7971981184335, 30.162495948859], [-90.7999196544183, 30.1628817277], [-90.8026260088748, 30.1632727880143], [-90.8053233801784, 30.1636234587531], [-90.8080136547913, 30.163992380111], [-90.8106787765762, 30.1643660377885], [-90.8131763625607, 30.1647131319595], [-90.8165821452973, 30.1649248518137], [-90.8198453653984, 30.165143871874], [-90.8227437796626, 30.1653380381873], [-90.8251635724418, 30.1654816433466], [-90.8285365657723, 30.1657397282422], [-90.8316664758852, 30.1659412716496], [-90.8347758145781, 30.1661444456271], [-90.8379881002026, 30.1663652492876], [-90.8412441337814, 30.1665793732232], [-90.8444278529799, 30.1667875941305], [-90.8476316046092, 30.167015929868], [-90.8508220611723, 30.1672261691422], [-90.8511353423394, 30.1672329927855], [-90.8536817580477, 30.1672884556448], [-90.8565765790508, 30.1673453847856], [-90.8594645728577, 30.1673809552884], [-90.8640223551147, 30.1674705796956], [-90.8666129167311, 30.167510267161], [-90.869447011621, 30.1675513517985], [-90.8722601757647, 30.1675960866584], [-90.8728860329215, 30.1678774863248], [-90.8739417321451, 30.1683521493191], [-90.8763678122329, 30.1694740781479], [-90.8784736429219, 30.1704478920775], [-90.8807313787255, 30.1714918248354], [-90.8832498056245, 30.1726564313103], [-90.8854844547253, 30.1736897789333], [-90.8877975267504, 30.1747593817159], [-90.8902121084026, 30.1758759576313], [-90.8922206524446, 30.1768046670142], [-90.8945727095564, 30.1778922530861], [-90.8969479458975, 30.1790509597481], [-90.8991887044405, 30.1801441898245], [-90.9014292824221, 30.1812371748087], [-90.9036643797823, 30.1823186550137], [-90.9059724212417, 30.1834354550979], [-90.9083236716664, 30.1845729746413], [-90.9106733051235, 30.1857098606224], [-90.91283599917, 30.1867562733281], [-90.9149186533247, 30.1877638482078], [-90.9175674257715, 30.1890454328986], [-90.9204899148853, 30.1904593893159], [-90.9228531129033, 30.1916027288189], [-90.9251257607406, 30.1927021856994], [-90.9275195005798, 30.193860330715], [-90.929822962428, 30.1949746706398], [-90.9320375781996, 30.1960460618017], [-90.9343263058805, 30.1971533892667], [-90.9365169384307, 30.1982131882816], [-90.9386117189434, 30.1992265473366], [-90.9409242519793, 30.2003452519423], [-90.9433599440407, 30.2015235697794], [-90.9456342088455, 30.2026237706637], [-90.9475325287039, 30.2037402628493], [-90.9493282609568, 30.2047963420921], [-90.9513123699248, 30.2059633496563], [-90.9535746871364, 30.20729399467], [-90.9557861597028, 30.2085945779789], [-90.9580469497784, 30.2099242558407], [-90.9597418012249, 30.2109210366634], [-90.9620272051393, 30.2122651221683], [-90.9641958280667, 30.2135404881631], [-90.9664469163371, 30.214864354764], [-90.9686706059914, 30.2161720572678], [-90.9709055245868, 30.217486341319], [-90.9731259803061, 30.2187921452108], [-90.9752097124391, 30.2200175916505], [-90.9772526610583, 30.2212189606629], [-90.9794163432516, 30.2224912617474], [-90.9815371758059, 30.2237383189715], [-90.9835962042686, 30.2249492673492], [-90.9855495010224, 30.2260978731519], [-90.9876163448281, 30.2273131390602], [-90.9897567606556, 30.2285553229127], [-90.9916879588534, 30.2296677952938], [-90.9941984805779, 30.2311555221237], [-90.9961511494093, 30.2322956731606], [-90.9989693432203, 30.233922054388], [-91.0026259355843, 30.233936334285], [-91.0050778871523, 30.235209556617], [-91.0070109718122, 30.2362133773821], [-91.008912076448, 30.2372005778548], [-91.011212212733, 30.2383949849791], [-91.0135549291625, 30.2396113406188], [-91.0156393799477, 30.2406937323682], [-91.0178752866899, 30.2418546480464], [-91.0200516351288, 30.2429847423023], [-91.0223627308602, 30.2441847426948], [-91.0246392405549, 30.2453667267928], [-91.0269701001209, 30.246576943163], [-91.0291362077655, 30.2477016278353], [-91.0313886444072, 30.2488710751646], [-91.0337696281695, 30.2501072442352], [-91.0360105645789, 30.2512707646573], [-91.0383075576587, 30.2524633719998], [-91.0405114843768, 30.2536075436882], [-91.0413269660086, 30.2540309241853], [-91.0426217168107, 30.2547031269979], [-91.044528122405, 30.2556929359328], [-91.0468409240372, 30.2568935593868], [-91.0491591155611, 30.2580971927504], [-91.0514727265753, 30.2592981740006], [-91.0537838232051, 30.2604980542854], [-91.0560911460123, 30.2616957473782], [-91.0583487021529, 30.2628677437432], [-91.0606693200263, 30.2640724677164], [-91.0629986515581, 30.2652816793168], [-91.0653256465717, 30.2664895547249], [-91.0675949724391, 30.267667623143], [-91.0699266386922, 30.2688779526859], [-91.072244920946, 30.2700813623495], [-91.0741097336443, 30.2710493706219], [-91.0763309978473, 30.2722024796891], [-91.078666617586, 30.2734147712075], [-91.080938367108, 30.2745939202243], [-91.0831549600716, 30.2757444283097], [-91.0853620308932, 30.2768900346925], [-91.0876148259627, 30.2780593679697], [-91.0899685018386, 30.2792810507073], [-91.0921794354159, 30.2804286343235], [-91.0943389853589, 30.2815494396882], [-91.09897462011, 30.2839365659274], [-91.1035508618478, 30.2863463336751], [-91.1059027033639, 30.2875454249211], [-91.1106295548457, 30.2812777120895], [-91.1113768148215, 30.2802234380637], [-91.1129004491715, 30.2784054436538]]}, "properties": {"OBJECTID_1": 27324, "OBJECTID": 27324, "ID": "131337", "TYPE": "AC; OVERHEAD", "STATUS": "IN SERVICE", "NAICS_CODE": "221121", "NAICS_DESC": "ELECTRIC BULK POWER TRANSMISSION AND CONTROL", "SOURCE": "IMAGERY, OpenStreetMap, http://www.oatioasis.com/TVA/TVAdocs/TVA_Transmission_Map_2011_r2.pdf", "SOURCEDATE": 1402876800000, "VAL_METHOD": "IMAGERY", "VAL_DATE": 1443744000000, "OWNER": "ENTERGY LOUISIANA LLC", "VOLTAGE": 500, "VOLT_CLASS": "500", "INFERRED": "Y", "SUB_1": "WILLOW GLEN (500KV)", "SUB_2": "WATERFORD 500KV", "Shape__Len": 97546.10701166204, "Shape__Length": 97546.10722021761}}, {"type": "Feature", "id": 28719, "geometry": {"type": "LineString", "coordinates": [[-91.1857648940427, 30.4910278738871], [-91.1853575871131, 30.4939874841096], [-91.1858351818238, 30.4941470662486], [-91.185744294775, 30.4955349782949], [-91.1852991957214, 30.4989548227832], [-91.1855977948235, 30.4990154728815], [-91.1858184776511, 30.4989770782629]]}, "properties": {"OBJECTID_1": 28719, "OBJECTID": 28719, "ID": "132947", "TYPE": "AC; OVERHEAD", "STATUS": "IN SERVICE", "NAICS_CODE": "221121", "NAICS_DESC": "ELECTRIC BULK POWER TRANSMISSION AND CONTROL", "SOURCE": "IMAGERY, OpenStreetMap, EIA 861, EIA 860", "SOURCEDATE": 1402876800000, "VAL_METHOD": "IMAGERY", "VAL_DATE": 1588204800000, "OWNER": "ENTERGY GULF STATES - LA LLC", "VOLTAGE": 230, "VOLT_CLASS": "220-287", "INFERRED": "Y", "SUB_1": "FORMOSA PLASTICS", "SUB_2": "TAP142973", "Shape__Len": 1125.4352485489808, "Shape__Length": 1125.4351792979155}}, {"type": "Feature", "id": 29362, "geometry": {"type": "LineString", "coordinates": [[-90.69418102270886, 30.751986637385574], [-90.696255957093, 30.752001064866], [-90.699967616184, 30.7520267732969], [-90.7031956223259, 30.7520492377708], [-90.7068847337032, 30.7520748682167], [-90.7102057145787, 30.7519805303859], [-90.7130997279964, 30.7528258681348], [-90.7164570017077, 30.7538064522941], [-90.719614849426, 30.754728894847], [-90.7229861368558, 30.7557135503069], [-90.7260858635751, 30.7566189921363], [-90.7291146233871, 30.7575036597894], [-90.7321264050401, 30.7583833788291], [-90.7351193220722, 30.7592574546416], [-90.7381200544473, 30.7601339927153], [-90.7419231620342, 30.7602618253422], [-90.745723035686, 30.7603896577993], [-90.7495581232969, 30.7605185707937], [-90.753039904405, 30.7597418480908], [-90.7562971048954, 30.7590152963722], [-90.7595826032155, 30.7578047228436], [-90.7628557047847, 30.7565987666551], [-90.7659234505817, 30.7554685260477], [-90.7692262872851, 30.754251655626], [-90.7726535397571, 30.7529888361964], [-90.7754922160549, 30.7519429331074], [-90.778897729297, 30.7506881903033], [-90.7820029357396, 30.7495440603614], [-90.7849992663698, 30.7484399859861], [-90.7882742544011, 30.7484627608808], [-90.7917092323845, 30.7484865386371], [-90.7951818497783, 30.7485106267436], [-90.7986074852828, 30.7485344816911], [-90.8021980505751, 30.748559341815], [-90.8054820226576, 30.7485821938844], [-90.8089264329515, 30.7486060503583], [-90.812318920622, 30.7486295192677], [-90.8158011499893, 30.7486537609721], [-90.8191747730388, 30.7486771526671], [-90.8226333767142, 30.7487011642951], [-90.8260776073451, 30.7487250191954], [-90.8295362110205, 30.7487490292674], [-90.8329852027223, 30.7487729621306], [-90.8364297028477, 30.748796894988], [-90.8398225498443, 30.7488239931514], [-90.8430825360104, 30.7488499332666], [-90.8476028594184, 30.7488860641297], [-90.852408306301, 30.749008584712], [-90.8569144354291, 30.7491234620917], [-90.8607502416923, 30.7492211231973], [-90.8643315552355, 30.749312454384], [-90.8681393340619, 30.74940957411], [-90.871782182202, 30.7495024476177], [-90.8752403367198, 30.7495905360486], [-90.8794247791447, 30.7496972293189]]}, "properties": {"OBJECTID_1": 29362, "OBJECTID": 29362, "ID": "133684", "TYPE": "AC; OVERHEAD", "STATUS": "IN SERVICE", "NAICS_CODE": "221121", "NAICS_DESC": "ELECTRIC BULK POWER TRANSMISSION AND CONTROL", "SOURCE": "IMAGERY, http://www.oatioasis.com/TVA/TVAdocs/TVA_Transmission_Map_2011_r2.pdf", "SOURCEDATE": 1397088000000, "VAL_METHOD": "IMAGERY", "VAL_DATE": 1455235200000, "OWNER": "NOT AVAILABLE", "VOLTAGE": 500, "VOLT_CLASS": "500", "INFERRED": "Y", "SUB_1": "MC KNIGHT", "SUB_2": "DANIEL STATION", "Shape__Len": 282935.69069442415, "Shape__Length": 282935.6906541509}}, {"type": "Feature", "id": 29837, "geometry": {"type": "LineString", "coordinates": [[-91.1252079866049, 30.8371898306946], [-91.1225515838681, 30.8384082887824], [-91.1204576576532, 30.8395742236984], [-91.0960205938415, 30.8507101017842], [-91.0843393995535, 30.8560036102683], [-91.0819693168472, 30.8571693822535], [-91.0802254748783, 30.8577956240712], [-91.0795317922227, 30.8579594097655], [-91.0786454200402, 30.8579497750031], [-91.0730574192727, 30.8574487822188], [-91.0586731341076, 30.8577570857211], [-91.0477355679067, 30.8579686358168], [-91.0477331891679, 30.8579674459308]]}, "properties": {"OBJECTID_1": 29837, "OBJECTID": 29837, "ID": "134223", "TYPE": "AC; OVERHEAD", "STATUS": "IN SERVICE", "NAICS_CODE": "221121", "NAICS_DESC": "ELECTRIC BULK POWER TRANSMISSION AND CONTROL", "SOURCE": "IMAGERY, EIA 861, https://cdn.misoenergy.org/Entergy Louisiana Transferred Facilities 2019390620.xlsx", "SOURCEDATE": 1404864000000, "VAL_METHOD": "IMAGERY", "VAL_DATE": 1587340800000, "OWNER": "ENTERGY LOUISIANA LLC", "VOLTAGE": 69, "VOLT_CLASS": "UNDER 100", "INFERRED": "Y", "SUB_1": "MCMANUS", "SUB_2": "BRADY HEIGHTS", "Shape__Len": 9301.862910280815, "Shape__Length": 9301.862857301674}}, {"type": "Feature", "id": 29862, "geometry": {"type": "LineString", "coordinates": [[-91.1414600893329, 30.3456413683143], [-91.1414367304405, 30.3457629638791], [-91.141925798434, 30.346470049999], [-91.1626696078383, 30.3746657077768], [-91.1656628356875, 30.3787970197032], [-91.1685400910335, 30.3826943923652], [-91.1705149769985, 30.3834753121093], [-91.1744302464351, 30.3839257210886], [-91.1758850069523, 30.3841031310638], [-91.1760127419958, 30.3846176201081], [-91.1760320063671, 30.3849442391252]]}, "properties": {"OBJECTID_1": 29862, "OBJECTID": 29862, "ID": "134253", "TYPE": "AC; OVERHEAD", "STATUS": "IN SERVICE", "NAICS_CODE": "221121", "NAICS_DESC": "ELECTRIC BULK POWER TRANSMISSION AND CONTROL", "SOURCE": "IMAGERY, EIA 860", "SOURCEDATE": 1405987200000, "VAL_METHOD": "IMAGERY", "VAL_DATE": 1553644800000, "OWNER": "ENTERGY GULF STATES - LA LLC", "VOLTAGE": 230, "VOLT_CLASS": "220-287", "INFERRED": "Y", "SUB_1": "UNKNOWN115492", "SUB_2": "TIGER", "Shape__Len": 6610.842933380729, "Shape__Length": 6610.842892757353}}, {"type": "Feature", "id": 29923, "geometry": {"type": "LineString", "coordinates": [[-90.8921214685558, 30.3927380992659], [-90.8916272361477, 30.3922680337017], [-90.8922749349423, 30.3919743952909], [-90.8934277420481, 30.3922825346281], [-90.8940113945562, 30.391957476715], [-90.8977824421689, 30.3899765340677], [-90.9119831772669, 30.3900043029761], [-90.9125142729409, 30.390330597907], [-90.9144963364451, 30.3906395359097], [-90.9178772978321, 30.3940066131038], [-90.9205709599919, 30.3944682840671], [-90.9233965280731, 30.3968564791895], [-90.9242608600901, 30.399258558717], [-90.9250037003547, 30.4001923156905], [-90.9255243818597, 30.4005290232862], [-90.9262602790455, 30.4008414326912], [-90.926992705141, 30.4009629247524], [-90.929620413891, 30.4010844182122], [-90.9308179831491, 30.4014523656789], [-90.9334699904292, 30.403090778641], [-90.934782109259, 30.4043438872115], [-90.9373820483886, 30.4076936078764], [-90.9453102997102, 30.414080642051], [-90.9451853359694, 30.4141986632664], [-90.9472854210338, 30.4159377407888], [-90.9492883110795, 30.4175587982016], [-90.9507462210901, 30.4190548911523], [-90.9513328560049, 30.4194610233501], [-90.9519819732393, 30.4196935937999], [-90.9579732879251, 30.4207939688986], [-90.9587404258215, 30.4211306767079], [-90.9592819347664, 30.4215784626283], [-90.9631453956656, 30.4194818499412], [-90.9641798182917, 30.4197178931097], [-90.9653565592116, 30.418273867771], [-90.9658702994344, 30.4169721629636], [-90.9678176502393, 30.4153754039445], [-90.9683834577142, 30.4154274729812], [-90.9728231402575, 30.4163473441285], [-90.9723857667153, 30.415469127106], [-90.9724517201252, 30.4154066447501], [-90.9725870971368, 30.4156045050192], [-90.9726947054264, 30.4157016993225]]}, "properties": {"OBJECTID_1": 29923, "OBJECTID": 29923, "ID": "134327", "TYPE": "OVERHEAD", "STATUS": "IN SERVICE", "NAICS_CODE": "221121", "NAICS_DESC": "ELECTRIC BULK POWER TRANSMISSION AND CONTROL", "SOURCE": "IMAGERY", "SOURCEDATE": 1404864000000, "VAL_METHOD": "IMAGERY", "VAL_DATE": 1404864000000, "OWNER": "ENTERGY LOUISIANA LLC", "VOLTAGE": -999999, "VOLT_CLASS": "UNDER 100", "INFERRED": "Y", "SUB_1": "UNKNOWN114610", "SUB_2": "TAP143279", "Shape__Len": 11536.88150830417, "Shape__Length": 11536.881562816985}}, {"type": "Feature", "id": 30734, "geometry": {"type": "LineString", "coordinates": [[-91.15786277371674, 30.16246895044765], [-91.1583019980286, 30.1628311663458], [-91.1602471201133, 30.1644410642893], [-91.1620574050739, 30.1659148652151], [-91.1639699183138, 30.1674962882839], [-91.1658840494195, 30.1690666562108], [-91.1674671504447, 30.1703994307138], [-91.1691703553251, 30.1721919416741], [-91.1708663745815, 30.1739998742989], [-91.1725671549089, 30.1757937952794], [-91.1742980287984, 30.177639635985], [-91.1759676375854, 30.1794021963717], [-91.1776691365651, 30.1811934556421], [-91.1793638083486, 30.1830001359757], [-91.1810627022139, 30.1848028229691], [-91.182753062084, 30.1866046228263], [-91.1844649824193, 30.1884196683533], [-91.1861598329675, 30.1902071918984], [-91.1878681591433, 30.1920266736916], [-91.1895478290616, 30.193804427042], [-91.191254897596, 30.1956189508879], [-91.1929492100534, 30.1974131769525], [-91.1946378631245, 30.1992210349152], [-91.1963382841258, 30.2010209413473], [-91.1980536171608, 30.2028227542398], [-91.1997310412908, 30.2046123461561], [-91.2014472726411, 30.2064316393814], [-91.2031415850985, 30.2082420488583], [-91.2048394009855, 30.2100246330583], [-91.2065263472576, 30.2118128519439], [-91.2082290140471, 30.2136202901726], [-91.2099092229545, 30.2154151196314], [-91.2116158423313, 30.2172209391747], [-91.2133145574318, 30.2190135286936], [-91.2150123724205, 30.2208138493698], [-91.2167112662858, 30.222610332876], [-91.218418513585, 30.2244097331244], [-91.2201216304305, 30.2262153883212], [-91.2218146852465, 30.2280057958756], [-91.2235145672586, 30.2298064937082], [-91.225211663595, 30.231606927274], [-91.2269233144357, 30.2334129928262], [-91.2284244091569, 30.2349864982588], [-91.2287405703229, 30.2352895218798], [-91.2112320631773, 30.2354726300025], [-91.1727566239754, 30.2477671203577], [-91.1719432309267, 30.2478814559061]]}, "properties": {"OBJECTID_1": 30734, "OBJECTID": 30734, "ID": "135250", "TYPE": "AC; OVERHEAD", "STATUS": "IN SERVICE", "NAICS_CODE": "221121", "NAICS_DESC": "ELECTRIC BULK POWER TRANSMISSION AND CONTROL", "SOURCE": "IMAGERY, OpenStreetMap", "SOURCEDATE": 1403049600000, "VAL_METHOD": "IMAGERY", "VAL_DATE": 1489536000000, "OWNER": "ENTERGY LOUISIANA LLC", "VOLTAGE": 230, "VOLT_CLASS": "220-287", "INFERRED": "Y", "SUB_1": "UNKNOWN112496", "SUB_2": "UNKNOWN112500", "Shape__Len": 29693.543953078286, "Shape__Length": 29693.544060456094}}, {"type": "Feature", "id": 31468, "geometry": {"type": "LineString", "coordinates": [[-91.152570165306, 30.402286998201], [-91.1515767983833, 30.4016984999993], [-91.14832878676, 30.4010815189082], [-91.1465523089968, 30.4004290811362], [-91.1455523762878, 30.4003652549373], [-91.1436021508739, 30.4003688012257], [-91.1421908966643, 30.3998581971249], [-91.1401874837991, 30.4003475258176], [-91.1386273041867, 30.3997979168621], [-91.1363295852681, 30.3978866971175], [-91.1356665082142, 30.3974647391504], [-91.1348403222575, 30.3972023451713], [-91.133982222752, 30.3968229366134], [-91.1330283861934, 30.3964612587346], [-91.1325390567902, 30.3958123659943], [-91.1318547049354, 30.395482601021], [-91.1306632954252, 30.3953868626695], [-91.1294931598176, 30.3958797377459], [-91.1276422189039, 30.3950074548078], [-91.1233481793193, 30.3929934051518], [-91.112820509891, 30.3880469250793], [-91.1119624112839, 30.3876710641311], [-91.109267555263, 30.387213647076], [-91.1044948232265, 30.3950854642312], [-91.0944813036527, 30.3892986148905], [-91.0939387867981, 30.3894688171321], [-91.0867938717942, 30.3853272476277], [-91.0861875296387, 30.3862101682929], [-91.0855138147351, 30.3857740268603], [-91.0860882451385, 30.3849052896544], [-91.0851946882304, 30.3844053243684], [-91.0850918580799, 30.3843663188876], [-91.078336987979, 30.3804304111554]]}, "properties": {"OBJECTID_1": 31468, "OBJECTID": 31468, "ID": "136093", "TYPE": "OVERHEAD", "STATUS": "IN SERVICE", "NAICS_CODE": "221121", "NAICS_DESC": "ELECTRIC BULK POWER TRANSMISSION AND CONTROL", "SOURCE": "IMAGERY, EIA 861", "SOURCEDATE": 1405900800000, "VAL_METHOD": "IMAGERY", "VAL_DATE": 1553644800000, "OWNER": "ENTERGY GULF STATES - LA LLC", "VOLTAGE": -999999, "VOLT_CLASS": "UNDER 100", "INFERRED": "Y", "SUB_1": "TAP143252", "SUB_2": "TAP143280", "Shape__Len": 10302.23986488631, "Shape__Length": 10302.240064312326}}, {"type": "Feature", "id": 32530, "geometry": {"type": "LineString", "coordinates": [[-91.1148458398525, 30.2783797128387], [-91.1143281389576, 30.2782819181472], [-91.1121271371541, 30.2812990739004], [-91.110516242254, 30.2835952541223], [-91.110254501028, 30.284016419382]]}, "properties": {"OBJECTID_1": 32530, "OBJECTID": 32530, "ID": "137324", "TYPE": "AC; OVERHEAD", "STATUS": "NOT AVAILABLE", "NAICS_CODE": "221121", "NAICS_DESC": "ELECTRIC BULK POWER TRANSMISSION AND CONTROL", "SOURCE": "IMAGERY, EIA 860", "SOURCEDATE": 1402876800000, "VAL_METHOD": "IMAGERY", "VAL_DATE": 1566518400000, "OWNER": "ENTERGY LOUISIANA LLC", "VOLTAGE": 138, "VOLT_CLASS": "100-161", "INFERRED": "Y", "SUB_1": "WILLOW GLEN (500KV)", "SUB_2": "DEADEND167036", "Shape__Len": 926.3621513516522, "Shape__Length": 926.3621529430796}}, {"type": "Feature", "id": 32838, "geometry": {"type": "LineString", "coordinates": [[-91.1774174798264, 30.5108876191321], [-91.177561438444, 30.5109328288992], [-91.1777422773955, 30.5111243750256], [-91.1778639020985, 30.5119560943774], [-91.1782212285623, 30.5135292030259], [-91.17846114971, 30.5139601428769], [-91.1812571892695, 30.5193759167527], [-91.1824158830354, 30.5187910529583], [-91.1830143891867, 30.5186945511619], [-91.1833124906222, 30.519235218767]]}, "properties": {"OBJECTID_1": 32838, "OBJECTID": 32838, "ID": "137693", "TYPE": "AC; OVERHEAD", "STATUS": "IN SERVICE", "NAICS_CODE": "221121", "NAICS_DESC": "ELECTRIC BULK POWER TRANSMISSION AND CONTROL", "SOURCE": "IMAGERY, EIA 861, https://cdn.misoenergy.org/Entergy Louisiana Transferred Facilities 2019390620.xlsx", "SOURCEDATE": 1405900800000, "VAL_METHOD": "IMAGERY", "VAL_DATE": 1587340800000, "OWNER": "ENTERGY GULF STATES - LA LLC", "VOLTAGE": 69, "VOLT_CLASS": "UNDER 100", "INFERRED": "Y", "SUB_1": "JAGUAR", "SUB_2": "GOUDCHAUX", "Shape__Len": 1486.6972434782042, "Shape__Length": 1486.6971951005635}}, {"type": "Feature", "id": 33012, "geometry": {"type": "LineString", "coordinates": [[-90.9178695660325, 30.4999932371565], [-90.9179261006066, 30.5001093640604], [-90.9179530949809, 30.5003386638225], [-90.9181063996706, 30.5023919503366], [-90.9108169690937, 30.5023853791136], [-90.9098772190171, 30.5004701931322], [-90.9019536236636, 30.5005279598707], [-90.8955268892714, 30.5006137550204], [-90.8956234761308, 30.4990850280646], [-90.8959215874477, 30.4938521717008], [-90.8966121089319, 30.4919692717363], [-90.8979516991414, 30.4917949181295], [-90.8975788237383, 30.4902050177321], [-90.897706567765, 30.4880558049182], [-90.8979637832786, 30.4878521047116], [-90.8979586035927, 30.4876484040786], [-90.8978737666973, 30.4875479752621]]}, "properties": {"OBJECTID_1": 33012, "OBJECTID": 33012, "ID": "137884", "TYPE": "OVERHEAD", "STATUS": "IN SERVICE", "NAICS_CODE": "221121", "NAICS_DESC": "ELECTRIC BULK POWER TRANSMISSION AND CONTROL", "SOURCE": "IMAGERY", "SOURCEDATE": 1404777600000, "VAL_METHOD": "IMAGERY", "VAL_DATE": 1409875200000, "OWNER": "ENTERGY LOUISIANA LLC", "VOLTAGE": -999999, "VOLT_CLASS": "UNDER 100", "INFERRED": "Y", "SUB_1": "UNKNOWN112436", "SUB_2": "LOCKHART", "Shape__Len": 4838.93915328975, "Shape__Length": 4838.939146641404}}, {"type": "Feature", "id": 34065, "geometry": {"type": "LineString", "coordinates": [[-91.371215690241, 30.6729494060738], [-91.3704486754138, 30.6726695573148], [-91.3691801644011, 30.6729540411103], [-91.3674638423209, 30.6733189558574], [-91.3657308115765, 30.6736963858152], [-91.3640014657213, 30.6740583617792], [-91.3622902649366, 30.674430921323], [-91.3606517378584, 30.6747851683328], [-91.3588466631265, 30.6751680781434], [-91.3571293537978, 30.6755379292575], [-91.3556630337596, 30.675906929083], [-91.3555516426643, 30.6754372583505], [-91.3553401792464, 30.6746014390752], [-91.3553318761183, 30.6740230071791]]}, "properties": {"OBJECTID_1": 34065, "OBJECTID": 34065, "ID": "139085", "TYPE": "AC; OVERHEAD", "STATUS": "IN SERVICE", "NAICS_CODE": "221121", "NAICS_DESC": "ELECTRIC BULK POWER TRANSMISSION AND CONTROL", "SOURCE": "IMAGERY, OpenStreetMap", "SOURCEDATE": 1403049600000, "VAL_METHOD": "IMAGERY", "VAL_DATE": 1489536000000, "OWNER": "ENTERGY LOUISIANA LLC", "VOLTAGE": 230, "VOLT_CLASS": "220-287", "INFERRED": "Y", "SUB_1": "UNKNOWN112426", "SUB_2": "BIG CAJUN 1", "Shape__Len": 2038.9336459910667, "Shape__Length": 2038.9336545599604}}, {"type": "Feature", "id": 34176, "geometry": {"type": "LineString", "coordinates": [[-90.8921214685558, 30.3927380992659], [-90.8910858763232, 30.3924903779036], [-90.8866666376392, 30.3913753849497], [-90.8810956527597, 30.3870946029065]]}, "properties": {"OBJECTID_1": 34176, "OBJECTID": 34176, "ID": "139211", "TYPE": "OVERHEAD", "STATUS": "IN SERVICE", "NAICS_CODE": "221121", "NAICS_DESC": "ELECTRIC BULK POWER TRANSMISSION AND CONTROL", "SOURCE": "IMAGERY", "SOURCEDATE": 1404864000000, "VAL_METHOD": "IMAGERY", "VAL_DATE": 1405987200000, "OWNER": "ENTERGY LOUISIANA LLC", "VOLTAGE": -999999, "VOLT_CLASS": "UNDER 100", "INFERRED": "Y", "SUB_1": "TAP143255", "SUB_2": "TAP143279", "Shape__Len": 1462.722678758681, "Shape__Length": 1462.7226740354772}}, {"type": "Feature", "id": 34727, "geometry": {"type": "LineString", "coordinates": [[-91.0591545080307, 30.4357878999905], [-91.059293602271, 30.4358101551929], [-91.0592175643738, 30.436147688708], [-91.059573643976, 30.4364648217558], [-91.0601207449335, 30.4370063590379], [-91.0613392036152, 30.4376220798344], [-91.0748715849553, 30.4446684151919], [-91.0868989198852, 30.4577402242931], [-91.0878637733824, 30.4587155296235], [-91.0875659108988, 30.460083668656], [-91.0877746236753, 30.4652942801725], [-91.0961762691853, 30.4677203078205], [-91.099850876364, 30.4717185763453]]}, "properties": {"OBJECTID_1": 34727, "OBJECTID": 34727, "ID": "139865", "TYPE": "AC; OVERHEAD", "STATUS": "IN SERVICE", "NAICS_CODE": "221121", "NAICS_DESC": "ELECTRIC BULK POWER TRANSMISSION AND CONTROL", "SOURCE": "IMAGERY, EIA 861", "SOURCEDATE": 1404950400000, "VAL_METHOD": "IMAGERY", "VAL_DATE": 1588291200000, "OWNER": "ENTERGY GULF STATES - LA LLC", "VOLTAGE": 138, "VOLT_CLASS": "100-161", "INFERRED": "Y", "SUB_1": "TAP143271", "SUB_2": "HARELSON", "Shape__Len": 6945.1985997426555, "Shape__Length": 6945.198737821978}}, {"type": "Feature", "id": 34837, "geometry": {"type": "LineString", "coordinates": [[-90.8962458343495, 30.4877032778311], [-90.8954959090722, 30.488575059271], [-90.895450363589, 30.4896573302114], [-90.8952893863884, 30.4922921656785], [-90.8951069385542, 30.4953060612017], [-90.8949031108162, 30.4985600439553], [-90.8947153629218, 30.5017401556138], [-90.8945115351839, 30.5050355629749], [-90.8943076176144, 30.508206176287], [-90.8941199595515, 30.511311985368], [-90.8939268217654, 30.5144175396847], [-90.8938034830769, 30.5174168198375], [-90.8936800545569, 30.5204206513329], [-90.8935674058203, 30.5232626582201], [-90.8934440671318, 30.5263725517068], [-90.8933149792254, 30.529431585685], [-90.8931822082264, 30.5322002870483], [-90.8930360523297, 30.5349162946511], [-90.8928375246519, 30.5378224841966], [-90.8927208325982, 30.540748083004], [-90.8926444766974, 30.5436300362208], [-90.8925921049163, 30.5464122576959], [-90.8924848460714, 30.5493550823345], [-90.8923601599099, 30.5523847686141], [-90.8922421212816, 30.5553643890295], [-90.8921187825931, 30.5584085859544], [-90.8919899641813, 30.5614295589809], [-90.891829075914, 30.5645059753317], [-90.8916842665919, 30.5675221950053], [-90.8915299369244, 30.5705391716976], [-90.891369048657, 30.5734581376574], [-90.8911866008228, 30.5765249698048], [-90.8909935528682, 30.5795314578275], [-90.8907939472121, 30.5825786858738], [-90.8905955093658, 30.5856219507095], [-90.8903433522656, 30.589016280157], [-90.8901352126142, 30.5923281357923], [-90.8899260848161, 30.5955189407099], [-90.8897059975715, 30.5988758859881], [-90.8895333413739, 30.6021855489792], [-90.8893681411931, 30.6055293497229], [-90.889222254791, 30.6086864760577], [-90.8890666665838, 30.6116366880337], [-90.8889271582202, 30.6146560799814], [-90.8887876498565, 30.6177306527378], [-90.8886332285609, 30.620884674835], [-90.8885033330691, 30.6238935736486], [-90.8882995053311, 30.6266678511021], [-90.888036658279, 30.6293913413559], [-90.8877309615878, 30.6324932718173], [-90.8874144851132, 30.6356504456313], [-90.887108608759, 30.6388859673015], [-90.8867867423927, 30.6420290198428], [-90.8864702659181, 30.6452967873407], [-90.8861591793352, 30.6484211616638], [-90.8858372231374, 30.6517255759522], [-90.8855046668192, 30.6551589311738], [-90.8852364298753, 30.6578723446716], [-90.8849199534008, 30.6608810219339], [-90.8846463265652, 30.6636035480868], [-90.8843996491882, 30.6663582958877], [-90.8840412213898, 30.6700505902658], [-90.8837826862511, 30.6724811866564], [-90.883509149247, 30.6754017953164], [-90.8831926727725, 30.6785759549404], [-90.8829297358888, 30.6813902270696], [-90.8825649300519, 30.6846934368343], [-90.8822698325828, 30.6878812743661], [-90.8820476801113, 30.6910430509754], [-90.8817974993047, 30.6946008431758], [-90.8815659136244, 30.6978969580071], [-90.8813520247553, 30.700939455334], [-90.8811221458741, 30.7042110243255], [-90.8808874160903, 30.7075504483677], [-90.8806465777627, 30.7109765683524], [-90.8804203819741, 30.7141945836433], [-90.8802046066429, 30.7172630562275], [-90.8799761650661, 30.7205138377854], [-90.8797377521897, 30.7239049779432], [-90.8795016749331, 30.7272627942196], [-90.8792655976764, 30.7306199530099], [-90.879035179806, 30.7338987756385], [-90.8788033246312, 30.7371960191501], [-90.8785662592277, 30.7405675789061], [-90.8783327870854, 30.7438888363401], [-90.8781054225886, 30.7471207313691], [-90.877972832151, 30.749006345837], [-90.8794408589883, 30.7492639713006], [-90.8794247791447, 30.7496972293189]]}, "properties": {"OBJECTID_1": 34837, "OBJECTID": 34837, "ID": "139990", "TYPE": "AC; OVERHEAD", "STATUS": "IN SERVICE", "NAICS_CODE": "221121", "NAICS_DESC": "ELECTRIC BULK POWER TRANSMISSION AND CONTROL", "SOURCE": "IMAGERY, OpenStreetMap, http://www.oatioasis.com/TVA/TVAdocs/TVA_Transmission_Map_2011_r2.pdf", "SOURCEDATE": 1403049600000, "VAL_METHOD": "IMAGERY", "VAL_DATE": 1443744000000, "OWNER": "ENTERGY LOUISIANA LLC", "VOLTAGE": 500, "VOLT_CLASS": "500", "INFERRED": "Y", "SUB_1": "MC KNIGHT", "SUB_2": "COLY", "Shape__Len": 34113.00600830819, "Shape__Length": 34113.00601574808}}, {"type": "Feature", "id": 35152, "geometry": {"type": "LineString", "coordinates": [[-91.201081847865, 30.5550432393674], [-91.2009846375749, 30.5550993220844], [-91.2003789431047, 30.5552114866478], [-91.2008681808798, 30.5560594843028], [-91.20263294012, 30.5594366749238], [-91.2040746849471, 30.5622257136689], [-91.2045341417738, 30.5621126467795], [-91.2045895471656, 30.5622496989439]]}, "properties": {"OBJECTID_1": 35152, "OBJECTID": 35152, "ID": "140346", "TYPE": "AC; OVERHEAD", "STATUS": "IN SERVICE", "NAICS_CODE": "221121", "NAICS_DESC": "ELECTRIC BULK POWER TRANSMISSION AND CONTROL", "SOURCE": "IMAGERY, EIA 861, https://cdn.misoenergy.org/Entergy Louisiana Transferred Facilities 2019390620.xlsx", "SOURCEDATE": 1406246400000, "VAL_METHOD": "IMAGERY", "VAL_DATE": 1587340800000, "OWNER": "ENTERGY GULF STATES - LA LLC", "VOLTAGE": 69, "VOLT_CLASS": "UNDER 100", "INFERRED": "Y", "SUB_1": "UNKNOWN115662", "SUB_2": "UNKNOWN115665", "Shape__Len": 1149.7630721085252, "Shape__Length": 1149.7630140402098}}, {"type": "Feature", "id": 35555, "geometry": {"type": "LineString", "coordinates": [[-91.2567557936928, 30.2734372961198], [-91.2579409446404, 30.2730708913234]]}, "properties": {"OBJECTID_1": 35555, "OBJECTID": 35555, "ID": "140802", "TYPE": "OVERHEAD", "STATUS": "NOT AVAILABLE", "NAICS_CODE": "221121", "NAICS_DESC": "ELECTRIC BULK POWER TRANSMISSION AND CONTROL", "SOURCE": "IMAGERY, EIA 860", "SOURCEDATE": 1406073600000, "VAL_METHOD": "IMAGERY", "VAL_DATE": 1610582400000, "OWNER": "ENTERGY LOUISIANA LLC", "VOLTAGE": 69, "VOLT_CLASS": "UNDER 100", "INFERRED": "Y", "SUB_1": "PLAQUEMINE", "SUB_2": "NOT AVAILABLE", "Shape__Len": 140.12910359520833, "Shape__Length": 140.1290892579376}}, {"type": "Feature", "id": 35687, "geometry": {"type": "LineString", "coordinates": [[-91.1673347351786, 30.5449605862045], [-91.1648257127423, 30.545052060227], [-91.1564100337509, 30.5447580341764], [-91.1566256527752, 30.550161580292]]}, "properties": {"OBJECTID_1": 35687, "OBJECTID": 35687, "ID": "140959", "TYPE": "AC; OVERHEAD", "STATUS": "IN SERVICE", "NAICS_CODE": "221121", "NAICS_DESC": "ELECTRIC BULK POWER TRANSMISSION AND CONTROL", "SOURCE": "IMAGERY, EIA 861", "SOURCEDATE": 1406246400000, "VAL_METHOD": "IMAGERY", "VAL_DATE": 1589760000000, "OWNER": "ENTERGY GULF STATES - LA LLC", "VOLTAGE": 69, "VOLT_CLASS": "UNDER 100", "INFERRED": "Y", "SUB_1": "TAP142963", "SUB_2": "TAP142964", "Shape__Len": 1916.025548034068, "Shape__Length": 1916.025611023133}}, {"type": "Feature", "id": 35897, "geometry": {"type": "LineString", "coordinates": [[-91.1852250694391, 30.2579716816805], [-91.1847371441026, 30.2576178048556], [-91.1843108360081, 30.2589633377455], [-91.1833774864279, 30.2617073153339], [-91.1847312682223, 30.2621031932485], [-91.1852256030383, 30.2623513873783]]}, "properties": {"OBJECTID_1": 35897, "OBJECTID": 35897, "ID": "141210", "TYPE": "OVERHEAD", "STATUS": "IN SERVICE", "NAICS_CODE": "221121", "NAICS_DESC": "ELECTRIC BULK POWER TRANSMISSION AND CONTROL", "SOURCE": "IMAGERY", "SOURCEDATE": 1402444800000, "VAL_METHOD": "IMAGERY", "VAL_DATE": 1406246400000, "OWNER": "ENTERGY LOUISIANA LLC", "VOLTAGE": -999999, "VOLT_CLASS": "NOT AVAILABLE", "INFERRED": "N", "SUB_1": "AXIALL PLAQUEMINE", "SUB_2": "UNKNOWN115653", "Shape__Len": 842.0554698663495, "Shape__Length": 842.0554982130191}}, {"type": "Feature", "id": 36012, "geometry": {"type": "LineString", "coordinates": [[-91.2654982564283, 30.3272840880332], [-91.2655906346806, 30.3264904676716], [-91.2654982564283, 30.3256338622523], [-91.2647592232239, 30.3255834729632], [-91.2642553366215, 30.325659055724], [-91.2639152137936, 30.3255918713091]]}, "properties": {"OBJECTID_1": 36012, "OBJECTID": 36012, "ID": "141348", "TYPE": "AC; OVERHEAD", "STATUS": "IN SERVICE", "NAICS_CODE": "221121", "NAICS_DESC": "ELECTRIC BULK POWER TRANSMISSION AND CONTROL", "SOURCE": "IMAGERY, EIA 861", "SOURCEDATE": 1406073600000, "VAL_METHOD": "IMAGERY", "VAL_DATE": 1489536000000, "OWNER": "ENTERGY GULF STATES - LA LLC", "VOLTAGE": 230, "VOLT_CLASS": "220-287", "INFERRED": "Y", "SUB_1": "UNKNOWN112486", "SUB_2": "TAP143259", "Shape__Len": 392.1167645220258, "Shape__Length": 392.1167712283686}}, {"type": "Feature", "id": 36724, "geometry": {"type": "LineString", "coordinates": [[-90.8235035828148, 30.3409880609548], [-90.8233773928736, 30.3408776451677], [-90.8320687127234, 30.3329986722216], [-90.8323210917075, 30.3327384056564]]}, "properties": {"OBJECTID_1": 36724, "OBJECTID": 36724, "ID": "142152", "TYPE": "OVERHEAD", "STATUS": "IN SERVICE", "NAICS_CODE": "221121", "NAICS_DESC": "ELECTRIC BULK POWER TRANSMISSION AND CONTROL", "SOURCE": "IMAGERY", "SOURCEDATE": 1405987200000, "VAL_METHOD": "IMAGERY", "VAL_DATE": 1405987200000, "OWNER": "ENTERGY LOUISIANA LLC", "VOLTAGE": -999999, "VOLT_CLASS": "UNDER 100", "INFERRED": "Y", "SUB_1": "UNKNOWN114561", "SUB_2": "TAP143261", "Shape__Len": 1466.9235931699636, "Shape__Length": 1466.9236072248966}}, {"type": "Feature", "id": 37374, "geometry": {"type": "LineString", "coordinates": [[-91.1696180100857, 30.5843642882345], [-91.1688349468559, 30.5840174589791], [-91.1689675121407, 30.5835550198462], [-91.1705559186159, 30.5749467490219], [-91.17150467071, 30.5698029153688], [-91.176200814182, 30.5455309690712], [-91.1764475589327, 30.5441022831], [-91.1772243501252, 30.5436301159086], [-91.1842581183757, 30.5421740129676], [-91.1902866269074, 30.5409494248373], [-91.1911030203292, 30.5403584541603], [-91.1920686778186, 30.540078200379], [-91.1927449430392, 30.5402366043523], [-91.192989591122, 30.540249299127]]}, "properties": {"OBJECTID_1": 37374, "OBJECTID": 37374, "ID": "142884", "TYPE": "AC; OVERHEAD", "STATUS": "IN SERVICE", "NAICS_CODE": "221121", "NAICS_DESC": "ELECTRIC BULK POWER TRANSMISSION AND CONTROL", "SOURCE": "IMAGERY, EIA 861, https://cdn.misoenergy.org/Entergy Louisiana Transferred Facilities 2019390620.xlsx", "SOURCEDATE": 1406246400000, "VAL_METHOD": "IMAGERY", "VAL_DATE": 1587340800000, "OWNER": "ENTERGY GULF STATES - LA LLC", "VOLTAGE": 69, "VOLT_CLASS": "UNDER 100", "INFERRED": "Y", "SUB_1": "UNKNOWN115757", "SUB_2": "BLOUNT", "Shape__Len": 7265.794332171842, "Shape__Length": 7265.794345529482}}, {"type": "Feature", "id": 37542, "geometry": {"type": "LineString", "coordinates": [[-91.1833124906222, 30.519235218767], [-91.1830397818648, 30.5198597988588], [-91.1822120193648, 30.5199050191565], [-91.1823040553589, 30.5206860102721], [-91.1831296160882, 30.5223315148196], [-91.1873981551968, 30.5304608930194], [-91.1877935792118, 30.5303453347238], [-91.187930804058, 30.530339919086]]}, "properties": {"OBJECTID_1": 37542, "OBJECTID": 37542, "ID": "143080", "TYPE": "AC; OVERHEAD", "STATUS": "IN SERVICE", "NAICS_CODE": "221121", "NAICS_DESC": "ELECTRIC BULK POWER TRANSMISSION AND CONTROL", "SOURCE": "IMAGERY, EIA 861, https://cdn.misoenergy.org/Entergy Louisiana Transferred Facilities 2019390620.xlsx", "SOURCEDATE": 1405900800000, "VAL_METHOD": "IMAGERY", "VAL_DATE": 1587340800000, "OWNER": "ENTERGY GULF STATES - LA LLC", "VOLTAGE": 69, "VOLT_CLASS": "UNDER 100", "INFERRED": "Y", "SUB_1": "JAGUAR", "SUB_2": "SWAN", "Shape__Len": 1726.462992301241, "Shape__Length": 1726.4629130612661}}, {"type": "Feature", "id": 39014, "geometry": {"type": "LineString", "coordinates": [[-90.8323210917075, 30.3327384056564], [-90.8372188324006, 30.3283690851665], [-90.8389302811204, 30.3285110488234], [-90.8397820618762, 30.3284795018787], [-90.8416749082995, 30.3268942428091], [-90.8505003044004, 30.32011942986], [-90.852562130217, 30.3099630096203], [-90.8571004459818, 30.3098961417125], [-90.85972865689, 30.3075063310837], [-90.8617405184104, 30.3065120299654], [-90.8626795803775, 30.3063027026188], [-90.8647001618444, 30.3036192528445], [-90.8672440613716, 30.2991361759852], [-90.867779007225, 30.2985663427026], [-90.8683255817697, 30.2974644707763], [-90.8709508848314, 30.291684732994], [-90.8708927386796, 30.2876028647077]]}, "properties": {"OBJECTID_1": 39014, "OBJECTID": 39014, "ID": "144732", "TYPE": "OVERHEAD", "STATUS": "IN SERVICE", "NAICS_CODE": "221121", "NAICS_DESC": "ELECTRIC BULK POWER TRANSMISSION AND CONTROL", "SOURCE": "IMAGERY", "SOURCEDATE": 1405987200000, "VAL_METHOD": "IMAGERY", "VAL_DATE": 1405987200000, "OWNER": "ENTERGY LOUISIANA LLC", "VOLTAGE": -999999, "VOLT_CLASS": "UNDER 100", "INFERRED": "Y", "SUB_1": "TAP142471", "SUB_2": "TAP143261", "Shape__Len": 7936.755211453206, "Shape__Length": 7936.755179079947}}, {"type": "Feature", "id": 39356, "geometry": {"type": "LineString", "coordinates": [[-90.712854462771, 30.695498699759], [-90.71321534836, 30.6956378990433]]}, "properties": {"OBJECTID_1": 39356, "OBJECTID": 39356, "ID": "145126", "TYPE": "OVERHEAD", "STATUS": "IN SERVICE", "NAICS_CODE": "221121", "NAICS_DESC": "ELECTRIC BULK POWER TRANSMISSION AND CONTROL", "SOURCE": "IMAGERY", "SOURCEDATE": 1404950400000, "VAL_METHOD": "IMAGERY", "VAL_DATE": 1404950400000, "OWNER": "ENTERGY LOUISIANA LLC", "VOLTAGE": -999999, "VOLT_CLASS": "UNDER 100", "INFERRED": "Y", "SUB_1": "UNKNOWN114653", "SUB_2": "TAP142953", "Shape__Len": 44.03006198880701, "Shape__Length": 44.03013687425116}}, {"type": "Feature", "id": 39999, "geometry": {"type": "LineString", "coordinates": [[-91.0033394817876, 30.2149547231086], [-91.0039536877951, 30.2140920747594], [-91.0043286733408, 30.2137698232832], [-91.0048312501995, 30.2128178826784], [-91.0077470845937, 30.2102766120285], [-91.0078634316944, 30.210241535222]]}, "properties": {"OBJECTID_1": 39999, "OBJECTID": 39999, "ID": "145853", "TYPE": "AC; OVERHEAD", "STATUS": "IN SERVICE", "NAICS_CODE": "221121", "NAICS_DESC": "ELECTRIC BULK POWER TRANSMISSION AND CONTROL", "SOURCE": "IMAGERY, EIA 860", "SOURCEDATE": 1406160000000, "VAL_METHOD": "IMAGERY", "VAL_DATE": 1553558400000, "OWNER": "ENTERGY LOUISIANA LLC", "VOLTAGE": 230, "VOLT_CLASS": "220-287", "INFERRED": "Y", "SUB_1": "UNKNOWN115488", "SUB_2": "UNKNOWN115489", "Shape__Len": 798.8502695001716, "Shape__Length": 798.8502909560526}}, {"type": "Feature", "id": 40743, "geometry": {"type": "LineString", "coordinates": [[-90.8920069665947, 30.3922601191736], [-90.8922036392515, 30.3922317821512], [-90.8924114833571, 30.3921339019679], [-90.8926398692383, 30.3924396263096], [-90.8921214685558, 30.3927380992659]]}, "properties": {"OBJECTID_1": 40743, "OBJECTID": 40743, "ID": "146701", "TYPE": "OVERHEAD", "STATUS": "IN SERVICE", "NAICS_CODE": "221121", "NAICS_DESC": "ELECTRIC BULK POWER TRANSMISSION AND CONTROL", "SOURCE": "IMAGERY", "SOURCEDATE": 1404864000000, "VAL_METHOD": "IMAGERY", "VAL_DATE": 1404864000000, "OWNER": "ENTERGY LOUISIANA LLC", "VOLTAGE": -999999, "VOLT_CLASS": "UNDER 100", "INFERRED": "Y", "SUB_1": "UNKNOWN114609", "SUB_2": "TAP143279", "Shape__Len": 164.87677666574535, "Shape__Length": 164.87696088552627}}, {"type": "Feature", "id": 41167, "geometry": {"type": "LineString", "coordinates": [[-91.152570165306, 30.402286998201], [-91.1597225075807, 30.394005849095], [-91.1588503269831, 30.3933142707126], [-91.1602296721356, 30.3921732181707], [-91.1699866643052, 30.3936813548151], [-91.174362001423, 30.3921460721006], [-91.1749541241459, 30.3917471248113], [-91.1757962013, 30.386043566852], [-91.1754799880318, 30.3852090590037], [-91.1758315589896, 30.3851800837212], [-91.1760320063671, 30.3849442391252]]}, "properties": {"OBJECTID_1": 41167, "OBJECTID": 41167, "ID": "147186", "TYPE": "OVERHEAD", "STATUS": "IN SERVICE", "NAICS_CODE": "221121", "NAICS_DESC": "ELECTRIC BULK POWER TRANSMISSION AND CONTROL", "SOURCE": "IMAGERY, EIA 861", "SOURCEDATE": 1405987200000, "VAL_METHOD": "IMAGERY", "VAL_DATE": 1553644800000, "OWNER": "ENTERGY GULF STATES - LA LLC", "VOLTAGE": -999999, "VOLT_CLASS": "UNDER 100", "INFERRED": "Y", "SUB_1": "TAP143280", "SUB_2": "TIGER", "Shape__Len": 4322.612799448374, "Shape__Length": 4322.6127105869255}}, {"type": "Feature", "id": 41477, "geometry": {"type": "LineString", "coordinates": [[-90.986248659808, 30.3668857542713], [-91.0015925136815, 30.3591212417357], [-91.02049660213, 30.3462322196781], [-91.0527173073672, 30.3263230767243], [-91.0989870878279, 30.2975362413321], [-91.1046070713145, 30.2901044612602], [-91.1056225897937, 30.2888606859068], [-91.1061672913511, 30.2880605689882], [-91.1081639219359, 30.2889392989054], [-91.1086263189486, 30.2881633238118], [-91.1091755246588, 30.2870064469679], [-91.1098079979076, 30.2858938613378], [-91.1104227545824, 30.2849991863668], [-91.1108977405855, 30.284337732302], [-91.1115517401635, 30.2833846591785], [-91.1121766918184, 30.2825288243352], [-91.1146779501158, 30.2789710769166], [-91.1148458398525, 30.2783797128387]]}, "properties": {"OBJECTID_1": 41477, "OBJECTID": 41477, "ID": "147545", "TYPE": "AC; OVERHEAD", "STATUS": "IN SERVICE", "NAICS_CODE": "221121", "NAICS_DESC": "ELECTRIC BULK POWER TRANSMISSION AND CONTROL", "SOURCE": "IMAGERY, EIA 860", "SOURCEDATE": 1402876800000, "VAL_METHOD": "IMAGERY", "VAL_DATE": 1490054400000, "OWNER": "ENTERGY LOUISIANA LLC", "VOLTAGE": 138, "VOLT_CLASS": "100-161", "INFERRED": "Y", "SUB_1": "TAP143254", "SUB_2": "WILLOW GLEN (500KV)", "Shape__Len": 18688.080180085966, "Shape__Length": 18688.08019822596}}, {"type": "Feature", "id": 41711, "geometry": {"type": "LineString", "coordinates": [[-91.1082267743614, 30.4560491809799], [-91.1080522873972, 30.4560668256399], [-91.1071700510583, 30.4561276023549], [-91.1111010374192, 30.4619138558218], [-91.1112332308014, 30.4618837751293], [-91.1137620377336, 30.4618634787095], [-91.1145941489779, 30.4615793431003], [-91.1246124718435, 30.4614006956513], [-91.124321504828, 30.4563907787377], [-91.1241874842725, 30.4545991291742], [-91.1254553943122, 30.4545109579453], [-91.1255100603905, 30.4544210218313]]}, "properties": {"OBJECTID_1": 41711, "OBJECTID": 41711, "ID": "147804", "TYPE": "AC; OVERHEAD", "STATUS": "IN SERVICE", "NAICS_CODE": "221121", "NAICS_DESC": "ELECTRIC BULK POWER TRANSMISSION AND CONTROL", "SOURCE": "IMAGERY, EIA 861", "SOURCEDATE": 1404950400000, "VAL_METHOD": "IMAGERY", "VAL_DATE": 1589760000000, "OWNER": "ENTERGY GULF STATES - LA LLC", "VOLTAGE": 138, "VOLT_CLASS": "100-161", "INFERRED": "Y", "SUB_1": "FLORIDA", "SUB_2": "SEARS", "Shape__Len": 3530.2395828133003, "Shape__Length": 3530.2394422181947}}, {"type": "Feature", "id": 42045, "geometry": {"type": "LineString", "coordinates": [[-91.1159450858078, 30.2743104090663], [-91.1161210891281, 30.2751640262071], [-91.1166907710369, 30.2756185286265], [-91.1148893237021, 30.2775535319396], [-91.1114106660363, 30.275736554784], [-91.1103018440401, 30.2769478732637]]}, "properties": {"OBJECTID_1": 42045, "OBJECTID": 42045, "ID": "148202", "TYPE": "AC; OVERHEAD", "STATUS": "NOT AVAILABLE", "NAICS_CODE": "221121", "NAICS_DESC": "ELECTRIC BULK POWER TRANSMISSION AND CONTROL", "SOURCE": "IMAGERY, EIA 860", "SOURCEDATE": 1402876800000, "VAL_METHOD": "IMAGERY", "VAL_DATE": 1494892800000, "OWNER": "ENTERGY LOUISIANA LLC", "VOLTAGE": 230, "VOLT_CLASS": "220-287", "INFERRED": "Y", "SUB_1": "WILLOW GLEN (230KV)", "SUB_2": "NOT AVAILABLE", "Shape__Len": 1169.7378654765105, "Shape__Length": 1169.737912952315}}, {"type": "Feature", "id": 42128, "geometry": {"type": "LineString", "coordinates": [[-91.1159450858078, 30.2743104090663], [-91.1170262127438, 30.2741773709082], [-91.1178491971048, 30.2747877356213], [-91.1165851686854, 30.2766093253256], [-91.1152585806912, 30.2784233888143], [-91.1148458398525, 30.2783797128387]]}, "properties": {"OBJECTID_1": 42128, "OBJECTID": 42128, "ID": "148297", "TYPE": "AC; OVERHEAD", "STATUS": "NOT AVAILABLE", "NAICS_CODE": "221121", "NAICS_DESC": "ELECTRIC BULK POWER TRANSMISSION AND CONTROL", "SOURCE": "IMAGERY, EIA 860", "SOURCEDATE": 1402876800000, "VAL_METHOD": "IMAGERY", "VAL_DATE": 1490054400000, "OWNER": "ENTERGY LOUISIANA LLC", "VOLTAGE": 138, "VOLT_CLASS": "100-161", "INFERRED": "Y", "SUB_1": "WILLOW GLEN (500KV)", "SUB_2": "NOT AVAILABLE", "Shape__Len": 838.9177461854123, "Shape__Length": 838.9177760068001}}, {"type": "Feature", "id": 42132, "geometry": {"type": "LineString", "coordinates": [[-91.3216090916063, 30.7103190733819], [-91.3228367858675, 30.7112941092228]]}, "properties": {"OBJECTID_1": 42132, "OBJECTID": 42132, "ID": "148302", "TYPE": "AC; OVERHEAD", "STATUS": "NOT AVAILABLE", "NAICS_CODE": "221121", "NAICS_DESC": "ELECTRIC BULK POWER TRANSMISSION AND CONTROL", "SOURCE": "IMAGERY, EIA 861", "SOURCEDATE": 1404777600000, "VAL_METHOD": "IMAGERY", "VAL_DATE": 1490054400000, "OWNER": "ENTERGY GULF STATES - LA LLC", "VOLTAGE": 138, "VOLT_CLASS": "100-161", "INFERRED": "Y", "SUB_1": "ST FRANCISVILLE MILL", "SUB_2": "NOT AVAILABLE", "Shape__Len": 186.05281932930643, "Shape__Length": 186.0528267032634}}, {"type": "Feature", "id": 43507, "geometry": {"type": "LineString", "coordinates": [[-91.2352718120202, 30.3222513012723], [-91.2354812039231, 30.322222560903], [-91.2361586513266, 30.322456587939], [-91.237497121337, 30.3219474767434], [-91.2378041690944, 30.3221374741932], [-91.2540955623363, 30.3333979406291], [-91.2550317793389, 30.3326715912842], [-91.2560215431189, 30.3319096581237], [-91.2575151719418, 30.3307455416128], [-91.2596868491412, 30.3306251292009], [-91.2617152450527, 30.3305062673608], [-91.2638977020355, 30.329922651377], [-91.2660951608835, 30.3293361638242], [-91.2660945365544, 30.3290570700364], [-91.2660924659376, 30.3281305347397], [-91.2659408833183, 30.3281493268187], [-91.2655928660957, 30.3278249070759]]}, "properties": {"OBJECTID_1": 43507, "OBJECTID": 43507, "ID": "149898", "TYPE": "AC; OVERHEAD", "STATUS": "IN SERVICE", "NAICS_CODE": "221121", "NAICS_DESC": "ELECTRIC BULK POWER TRANSMISSION AND CONTROL", "SOURCE": "IMAGERY, EIA 860", "SOURCEDATE": 1406073600000, "VAL_METHOD": "IMAGERY", "VAL_DATE": 1489536000000, "OWNER": "ENTERGY LOUISIANA LLC", "VOLTAGE": 230, "VOLT_CLASS": "220-287", "INFERRED": "Y", "SUB_1": "UNKNOWN112485", "SUB_2": "PLAQUEMINE COGENERATION PLANT", "Shape__Len": 4353.380578983988, "Shape__Length": 4353.380557993764}}, {"type": "Feature", "id": 43676, "geometry": {"type": "LineString", "coordinates": [[-91.1576818361908, 30.6502563581814], [-91.1577234766975, 30.6500445861837], [-91.1576092630956, 30.6500291197755]]}, "properties": {"OBJECTID_1": 43676, "OBJECTID": 43676, "ID": "150100", "TYPE": "AC; OVERHEAD", "STATUS": "IN SERVICE", "NAICS_CODE": "221121", "NAICS_DESC": "ELECTRIC BULK POWER TRANSMISSION AND CONTROL", "SOURCE": "IMAGERY, EIA 861", "SOURCEDATE": 1404777600000, "VAL_METHOD": "IMAGERY", "VAL_DATE": 1589760000000, "OWNER": "ENTERGY GULF STATES - LA LLC", "VOLTAGE": 69, "VOLT_CLASS": "UNDER 100", "INFERRED": "Y", "SUB_1": "TAP142949", "SUB_2": "ZACHARY", "Shape__Len": 40.662685132363904, "Shape__Length": 40.66264011822787}}, {"type": "Feature", "id": 54371, "geometry": {"type": "LineString", "coordinates": [[-91.2842370593562, 30.6983450142255], [-91.2834629999405, 30.7084039998078], [-91.2844950303529, 30.709721170839], [-91.2839331700753, 30.7103933519789]]}, "properties": {"OBJECTID_1": 54371, "OBJECTID": 54371, "ID": "166156", "TYPE": "AC; OVERHEAD", "STATUS": "IN SERVICE", "NAICS_CODE": "221121", "NAICS_DESC": "ELECTRIC BULK POWER TRANSMISSION AND CONTROL", "SOURCE": "IMAGERY, EIA 860", "SOURCEDATE": 1552262400000, "VAL_METHOD": "IMAGERY", "VAL_DATE": 1553558400000, "OWNER": "ENTERGY LOUISIANA LLC", "VOLTAGE": 138, "VOLT_CLASS": "100-161", "INFERRED": "Y", "SUB_1": "TAP161148", "SUB_2": "UNKNOWN161887", "Shape__Len": 1617.968413494126, "Shape__Length": 1617.968424340917}}, {"type": "Feature", "id": 56351, "geometry": {"type": "LineString", "coordinates": [[-91.0330027184451, 30.7654408569648], [-91.0333509611448, 30.7664062531362]]}, "properties": {"OBJECTID_1": 56351, "OBJECTID": 56351, "ID": "168208", "TYPE": "OVERHEAD", "STATUS": "NOT AVAILABLE", "NAICS_CODE": "221121", "NAICS_DESC": "ELECTRIC BULK POWER TRANSMISSION AND CONTROL", "SOURCE": "IMAGERY", "SOURCEDATE": 1566518400000, "VAL_METHOD": "IMAGERY", "VAL_DATE": 1566518400000, "OWNER": "ENTERGY LOUISIANA LLC", "VOLTAGE": -999999, "VOLT_CLASS": "NOT AVAILABLE", "INFERRED": "N", "SUB_1": "TAP142947", "SUB_2": "DEADEND167038", "Shape__Len": 130.93928009743507, "Shape__Length": 130.93929141886187}}, {"type": "Feature", "id": 59905, "geometry": {"type": "LineString", "coordinates": [[-91.379376678883, 30.8282845411319], [-91.3789449997615, 30.8285499998527], [-91.3792889997181, 30.8307200002333], [-91.3836349996553, 30.83566000011], [-91.3839030003422, 30.836579000368], [-91.3835359999211, 30.8379420001675], [-91.3863799996353, 30.8383229997882], [-91.3918339996102, 30.839120000065], [-91.3979799996963, 30.8411440000592], [-91.3999349996559, 30.8427449996598], [-91.4016670000327, 30.8432040003471], [-91.4026689997653, 30.844884000091], [-91.4034870002731, 30.8450649998758], [-91.4069059999226, 30.8453340000544], [-91.4083429998483, 30.8495689996925], [-91.4099580000492, 30.8558630002319], [-91.4103210002723, 30.8572520001722], [-91.4106069996043, 30.8580220002245], [-91.4111489999276, 30.8601340003795], [-91.4109079999032, 30.8607639998238], [-91.4122379996988, 30.86419600024], [-91.4120019996972, 30.8655460003462], [-91.4119950000245, 30.8663699998674], [-91.4120760002154, 30.8671350002835], [-91.4122899995773, 30.8680559998968], [-91.4125790001806, 30.8688460001624], [-91.41285237078434, 30.86945795129952]]}, "properties": {"OBJECTID_1": 59905, "OBJECTID": 59905, "ID": "171792", "TYPE": "OVERHEAD", "STATUS": "IN SERVICE", "NAICS_CODE": "221121", "NAICS_DESC": "ELECTRIC BULK POWER TRANSMISSION AND CONTROL", "SOURCE": "IMAGERY", "SOURCEDATE": 1580688000000, "VAL_METHOD": "IMAGERY", "VAL_DATE": 1580688000000, "OWNER": "ENTERGY LOUISIANA LLC", "VOLTAGE": -999999, "VOLT_CLASS": "NOT AVAILABLE", "INFERRED": "N", "SUB_1": "UNKNOWN114617", "SUB_2": "UNKNOWN169991", "Shape__Len": 21514.645810036316, "Shape__Length": 21514.645748760915}}, {"type": "Feature", "id": 63220, "geometry": {"type": "LineString", "coordinates": [[-91.3134315245557, 30.4546182616722], [-91.3443913885961, 30.4464393769261], [-91.4167147862565, 30.4271116608412], [-91.4337548390495, 30.4259806703248], [-91.4341238472052, 30.4264563296322]]}, "properties": {"OBJECTID_1": 63220, "OBJECTID": 63220, "ID": "175173", "TYPE": "OVERHEAD", "STATUS": "IN SERVICE", "NAICS_CODE": "221121", "NAICS_DESC": "ELECTRIC BULK POWER TRANSMISSION AND CONTROL", "SOURCE": "IMAGERY, OpenStreetMap, https://cdn.misoenergy.org/Entergy Louisiana Transferred Facilities 2019390620.xlsx", "SOURCEDATE": 1587340800000, "VAL_METHOD": "IMAGERY", "VAL_DATE": 1587340800000, "OWNER": "ENTERGY LOUISIANA LLC", "VOLTAGE": -999999, "VOLT_CLASS": "100-161", "INFERRED": "Y", "SUB_1": "UNKNOWN112482", "SUB_2": "UNKNOWN112483", "Shape__Len": 14009.888327931016, "Shape__Length": 14009.8883036361}}, {"type": "Feature", "id": 65703, "geometry": {"type": "LineString", "coordinates": [[-90.9796536053861, 30.1812901619466], [-90.978246304662, 30.1801843000641], [-90.9721584749822, 30.1755877453118], [-90.9712936659598, 30.1747264410817], [-90.9701827401092, 30.1735640483032], [-90.9680311851722, 30.1737563326412], [-90.9693914141754, 30.1727762616705], [-90.9711693597857, 30.1714255786916], [-90.9739080535924, 30.1712761583358], [-90.9765412851848, 30.1710897699114], [-90.9791946390395, 30.1709054780101], [-90.9818187976474, 30.1707346213252], [-90.9844812235882, 30.1705502510975], [-90.9870829252124, 30.1703717828738], [-90.9898171274427, 30.1701834511733], [-90.9925019223323, 30.1700029630533], [-90.9950633794318, 30.1698244938386], [-90.9972251742647, 30.1696769341916], [-90.9986842179491, 30.1695469261933], [-90.9993262438827, 30.1707307382152], [-90.9998919130171, 30.1717244210534], [-91.000473302669, 30.1727529627148], [-91.0010098663882, 30.1737136212866], [-91.0015082517078, 30.1745752527716], [-91.0019908266785, 30.1754446433485], [-91.0026239592907, 30.1762364460823], [-91.0034612789671, 30.17727278479], [-91.0042042764369, 30.1782022583474], [-91.0048283351664, 30.1789707406597], [-91.0056723023759, 30.1800108556983], [-91.0064423382374, 30.1809306743104], [-91.0062162322804, 30.1817492226486], [-91.0074861805975, 30.1833011943751], [-91.0090861699501, 30.1852674861102], [-91.0102401457641, 30.1867094498503], [-91.0116052256698, 30.1884025849586], [-91.0132227321704, 30.1903618642992], [-91.0141878821117, 30.1922031623357], [-91.0151593202599, 30.1940031962891], [-91.0134481185769, 30.195613825701], [-91.0138129998722, 30.1963950001824]]}, "properties": {"OBJECTID_1": 65703, "OBJECTID": 65703, "ID": "177715", "TYPE": "AC; OVERHEAD", "STATUS": "IN SERVICE", "NAICS_CODE": "221121", "NAICS_DESC": "ELECTRIC BULK POWER TRANSMISSION AND CONTROL", "SOURCE": "IMAGERY, OpenStreetMap", "SOURCEDATE": 1403049600000, "VAL_METHOD": "IMAGERY", "VAL_DATE": 1607644800000, "OWNER": "ENTERGY LOUISIANA LLC", "VOLTAGE": 230, "VOLT_CLASS": "220-287", "INFERRED": "Y", "SUB_1": "TAP143383", "SUB_2": "UNKNOWN175640", "Shape__Len": 9303.988217537371, "Shape__Length": 9303.98825399189}}, {"type": "Feature", "id": 65704, "geometry": {"type": "LineString", "coordinates": [[-91.0138129998722, 30.1963950001824], [-91.0130410595823, 30.1959872648651], [-91.0110306632141, 30.1979667569132], [-91.0122164393891, 30.1986540302556], [-91.0119894153539, 30.1988428719744], [-91.0119532339092, 30.1989331548759]]}, "properties": {"OBJECTID_1": 65704, "OBJECTID": 65704, "ID": "177716", "TYPE": "AC; OVERHEAD", "STATUS": "IN SERVICE", "NAICS_CODE": "221121", "NAICS_DESC": "ELECTRIC BULK POWER TRANSMISSION AND CONTROL", "SOURCE": "IMAGERY, OpenStreetMap", "SOURCEDATE": 1607644800000, "VAL_METHOD": "IMAGERY", "VAL_DATE": 1607644800000, "OWNER": "ENTERGY LOUISIANA LLC", "VOLTAGE": 230, "VOLT_CLASS": "220-287", "INFERRED": "Y", "SUB_1": "UNKNOWN112507", "SUB_2": "UNKNOWN175640", "Shape__Len": 646.2656149173863, "Shape__Length": 646.2656446944151}}, {"type": "Feature", "id": 66530, "geometry": {"type": "LineString", "coordinates": [[-91.2712855601198, 30.3580565383625], [-91.271346633881, 30.3579257982119], [-91.2713205045844, 30.3577705610124], [-91.2718277149533, 30.3576276196953], [-91.2704765975621, 30.3445279148049], [-91.2696487452305, 30.3372334046475], [-91.2707281339265, 30.3366276881889], [-91.2708280724001, 30.3361440631707]]}, "properties": {"OBJECTID_1": 66530, "OBJECTID": 66530, "ID": "179076", "TYPE": "AC; OVERHEAD", "STATUS": "IN SERVICE", "NAICS_CODE": "221121", "NAICS_DESC": "ELECTRIC BULK POWER TRANSMISSION AND CONTROL", "SOURCE": "IMAGERY, EIA 861", "SOURCEDATE": 1406073600000, "VAL_METHOD": "IMAGERY", "VAL_DATE": 1652054400000, "OWNER": "ENTERGY GULF STATES - LA LLC", "VOLTAGE": 230, "VOLT_CLASS": "220-287", "INFERRED": "Y", "SUB_1": "UNKNOWN112484", "SUB_2": "UNKNOWN176894", "Shape__Len": 2946.43177517994, "Shape__Length": 2946.4318130824217}}, {"type": "Feature", "id": 66908, "geometry": {"type": "LineString", "coordinates": [[-91.2680361893455, 30.3227369063152], [-91.2683045790029, 30.3254122872076], [-91.2684749849207, 30.3270226269159], [-91.2687646763285, 30.3283517973612], [-91.2695517442478, 30.3354748047916], [-91.2702522424215, 30.3350810387972], [-91.2708280724001, 30.3361440631707]]}, "properties": {"OBJECTID_1": 66908, "OBJECTID": 66908, "ID": "179454", "TYPE": "AC; OVERHEAD", "STATUS": "IN SERVICE", "NAICS_CODE": "221121", "NAICS_DESC": "ELECTRIC BULK POWER TRANSMISSION AND CONTROL", "SOURCE": "IMAGERY, EIA 860", "SOURCEDATE": 1406073600000, "VAL_METHOD": "IMAGERY", "VAL_DATE": 1652054400000, "OWNER": "ENTERGY LOUISIANA LLC", "VOLTAGE": 69, "VOLT_CLASS": "UNDER 100", "INFERRED": "Y", "SUB_1": "TAP143260", "SUB_2": "UNKNOWN176894", "Shape__Len": 1896.5564000413951, "Shape__Length": 1896.5563939166016}}, {"type": "Feature", "id": 67715, "geometry": {"type": "LineString", "coordinates": [[-91.25260716081, 30.8367098112581], [-91.260095324779, 30.8392653519233], [-91.2608020249214, 30.839358151006], [-91.2683615717178, 30.8393795661662], [-91.2700390919675, 30.8396222709809], [-91.2743506756496, 30.8409857026716], [-91.2773059658477, 30.8426846382397], [-91.2788050267831, 30.843255707799], [-91.3012759434409, 30.8465988506356]]}, "properties": {"OBJECTID_1": 67715, "OBJECTID": 67715, "ID": "180261", "TYPE": "AC; OVERHEAD", "STATUS": "IN SERVICE", "NAICS_CODE": "221121", "NAICS_DESC": "ELECTRIC BULK POWER TRANSMISSION AND CONTROL", "SOURCE": "IMAGERY, EIA 861, https://cdn.misoenergy.org/Entergy Louisiana Transferred Facilities 2019390620.xlsx", "SOURCEDATE": 1404777600000, "VAL_METHOD": "IMAGERY", "VAL_DATE": 1587340800000, "OWNER": "ENTERGY LOUISIANA LLC", "VOLTAGE": 69, "VOLT_CLASS": "UNDER 100", "INFERRED": "Y", "SUB_1": "TAP143378", "SUB_2": "TAP176849", "Shape__Len": 5636.189473657839, "Shape__Length": 5636.189523552186}}, {"type": "Feature", "id": 136, "geometry": {"type": "LineString", "coordinates": [[-90.8863593437434, 30.587832933997], [-90.8633319099874, 30.577730932736], [-90.8587909262261, 30.578027992677], [-90.8576669541427, 30.578101929795], [-90.8537879389143, 30.5768519648912], [-90.8483149530458, 30.5750879726518], [-90.8426226991962, 30.5731459678738], [-90.8234360178273, 30.5666603291819], [-90.8057069679913, 30.560641460281], [-90.755291979924, 30.5437479430359], [-90.7536349475509, 30.5431829328964], [-90.7513659828062, 30.542407943766], [-90.748408908554, 30.5414509780039], [-90.7375650546035, 30.5377364093048], [-90.7294986819171, 30.5351665919466], [-90.7177399755965, 30.5322489556587], [-90.7148749786608, 30.5314709397472], [-90.713661984431, 30.5311419346955], [-90.7110929805849, 30.5304439953819], [-90.7072009406832, 30.5293879436902], [-90.7004619590848, 30.5272179296675], [-90.6982879462657, 30.5265179502755], [-90.6951629768868, 30.5255119223044], [-90.69418102270886, 30.525339899743066]]}, "properties": {"OBJECTID_1": 136, "OBJECTID": 136, "ID": "100152", "TYPE": "OVERHEAD", "STATUS": "IN SERVICE", "NAICS_CODE": "221121", "NAICS_DESC": "ELECTRIC BULK POWER TRANSMISSION AND CONTROL", "SOURCE": "IMAGERY, OpenStreetMap", "SOURCEDATE": 1404950400000, "VAL_METHOD": "IMAGERY", "VAL_DATE": 1404950400000, "OWNER": "ENTERGY LOUISIANA LLC", "VOLTAGE": -999999, "VOLT_CLASS": "UNDER 100", "INFERRED": "Y", "SUB_1": "UNKNOWN114247", "SUB_2": "UNKNOWN114652", "Shape__Len": 25832.906544538288, "Shape__Length": 25832.906543270346}}, {"type": "Feature", "id": 1572, "geometry": {"type": "LineString", "coordinates": [[-91.1852250694391, 30.2579716816805], [-91.1849725009104, 30.2583594017771], [-91.1845950414044, 30.2582794700295], [-91.1843463616827, 30.2592564238929], [-91.1835518368481, 30.2616457791323], [-91.1848010080311, 30.2619924286595], [-91.1852256030383, 30.2623513873783]]}, "properties": {"OBJECTID_1": 1572, "OBJECTID": 1572, "ID": "101845", "TYPE": "OVERHEAD", "STATUS": "IN SERVICE", "NAICS_CODE": "221121", "NAICS_DESC": "ELECTRIC BULK POWER TRANSMISSION AND CONTROL", "SOURCE": "IMAGERY", "SOURCEDATE": 1402444800000, "VAL_METHOD": "IMAGERY", "VAL_DATE": 1409875200000, "OWNER": "ENTERGY LOUISIANA LLC", "VOLTAGE": -999999, "VOLT_CLASS": "UNDER 100", "INFERRED": "Y", "SUB_1": "AXIALL PLAQUEMINE", "SUB_2": "UNKNOWN115653", "Shape__Len": 762.1008347715234, "Shape__Length": 762.1009040949277}}, {"type": "Feature", "id": 2008, "geometry": {"type": "LineString", "coordinates": [[-91.2541891730771, 30.2618466396882], [-91.2546051694104, 30.2622600609127], [-91.2548787064145, 30.2620147210944], [-91.2555338477512, 30.2625954818164], [-91.2565789477527, 30.263721146926], [-91.2578488062383, 30.2650889507762], [-91.2588257241098, 30.2661412676967], [-91.2595408729075, 30.2669115483089], [-91.2604134074413, 30.2678514242828], [-91.2609740451118, 30.2684552700642], [-91.2613482832592, 30.2688582461577], [-91.2623788305531, 30.2699683226911], [-91.2629797136466, 30.2706155253441], [-91.2636945031182, 30.2717394692725], [-91.264454208354, 30.2729339219801], [-91.2652219984273, 30.2741411609508], [-91.2652514631687, 30.2751297646426], [-91.2653023078137, 30.2768387561218], [-91.2653476727356, 30.2783627730714], [-91.2653987868753, 30.2800789220346], [-91.2654466670799, 30.28168659172], [-91.265492750654, 30.2832359766837], [-91.265540361364, 30.2848359933491], [-91.2655854567913, 30.2863506551521], [-91.2656359421103, 30.2880482796382], [-91.2656878647337, 30.2897927282863], [-91.2657329601609, 30.2913051409054], [-91.2657816488493, 30.2929420240464], [-91.2658251273091, 30.2944034289716], [-91.2658758821226, 30.2961079731178], [-91.2659219656967, 30.2976554247195], [-91.2659641874134, 30.2990742560565], [-91.2660037123876, 30.3004037963238], [-91.2660420695519, 30.3016893411787], [-91.2660836624479, 30.3030878723618], [-91.2661303748426, 30.3046554552703], [-91.2661609175623, 30.3056834607454], [-91.2661910111243, 30.3066963322465], [-91.2662296386815, 30.3079916446996], [-91.2663811835717, 30.3093291287467], [-91.2665187174383, 30.3106330922014], [-91.2666917320637, 30.3122536772949], [-91.266886665582, 30.3139163447778], [-91.2670604006563, 30.3155601399301], [-91.2672517418118, 30.3172321336648], [-91.2674252055949, 30.3188514472256], [-91.2675996593213, 30.3204941522916], [-91.2677826461447, 30.3221344236663], [-91.2678319636538, 30.3226753603157], [-91.2679569193098, 30.3237768410606], [-91.2681310128119, 30.325397829092], [-91.2682923502369, 30.3270720586368], [-91.2683314179686, 30.3274078162204], [-91.2684519808629, 30.3284439423516], [-91.2686995251142, 30.3300884947499], [-91.2703507777267, 30.3444784856941], [-91.2719981702785, 30.3598460662381], [-91.2709299835741, 30.3610652568387], [-91.2698871293608, 30.3623465959065], [-91.2688379869405, 30.3636569843444], [-91.2681526622102, 30.3645165643553], [-91.2668919674388, 30.3660824673265], [-91.265802669427, 30.3674111740377], [-91.2647026823616, 30.368739785964], [-91.2636598281483, 30.3700555923435], [-91.262380178026, 30.3716451218863], [-91.261447367435, 30.3727984432998], [-91.2604531120785, 30.3740266951065], [-91.2592876378289, 30.3754573626993], [-91.2582406513653, 30.3767530830638], [-91.257136442218, 30.3781180697367], [-91.2560058378728, 30.3795116097841], [-91.254802018137, 30.3809505372227], [-91.2547419136579, 30.3813250259982], [-91.2543581794197, 30.381470659747], [-91.2542449081506, 30.3816972031997], [-91.2550852057421, 30.3819030029692]]}, "properties": {"OBJECTID_1": 2008, "OBJECTID": 2008, "ID": "102355", "TYPE": "OVERHEAD", "STATUS": "IN SERVICE", "NAICS_CODE": "221121", "NAICS_DESC": "ELECTRIC BULK POWER TRANSMISSION AND CONTROL", "SOURCE": "IMAGERY, OpenStreetMap", "SOURCEDATE": 1403049600000, "VAL_METHOD": "IMAGERY", "VAL_DATE": 1443484800000, "OWNER": "ENTERGY LOUISIANA LLC", "VOLTAGE": -999999, "VOLT_CLASS": "NOT AVAILABLE", "INFERRED": "N", "SUB_1": "TAP142473", "SUB_2": "ADDIS", "Shape__Len": 16700.119739616468, "Shape__Length": 16700.11968894682}}, {"type": "Feature", "id": 3401, "geometry": {"type": "LineString", "coordinates": [[-90.8490623019548, 30.18513136737], [-90.8493082391201, 30.1852311082835], [-90.8493082391201, 30.185824620073], [-90.8504363245893, 30.1858152329274], [-90.8515521220037, 30.1866706250396], [-90.8526993595547, 30.1875260873722], [-90.8529246579263, 30.1880874877697], [-90.8530350608747, 30.1889048903447], [-90.8532473327763, 30.1904228953838], [-90.8534576283843, 30.1918959187277], [-90.8534814337393, 30.1932523773443], [-90.8553766085959, 30.1940373588031], [-90.8569620461392, 30.1947870847571], [-90.8583999794145, 30.1954694888054], [-90.8598177005959, 30.1962163310968], [-90.8759333869615, 30.2087678532256], [-90.8775541273971, 30.2102628829816], [-90.8784559461108, 30.2109132743882], [-90.8867006343811, 30.2184940728748], [-90.8949976135841, 30.2259601777727], [-90.8963495780867, 30.2272202307769], [-90.9034827404318, 30.2308057903676], [-90.9044863382672, 30.2313158736404], [-90.9054773596886, 30.2325542807052], [-90.906898135142, 30.2340683528012], [-90.9072987837587, 30.2345803586671], [-90.9067416486195, 30.2351625241317], [-90.9077556669122, 30.2365360807464], [-90.9089260818959, 30.2365252929147], [-90.9101153623989, 30.2379203282392], [-90.9148489386688, 30.2438153791097], [-90.9181397325575, 30.2487622783497], [-90.919172176195, 30.2503783767902], [-90.9201172038739, 30.2508794353874], [-90.9212042551993, 30.2514561476811], [-90.9225499305966, 30.2524221683789], [-90.9348615221268, 30.2659810513695], [-90.9352786997447, 30.2674586846161], [-90.9356251799498, 30.269123663278], [-90.9359880993246, 30.2707399689997], [-90.9359944773631, 30.271549081664], [-90.9374569346457, 30.2728914848668], [-90.9378302430367, 30.2732440909484], [-90.9389027730954, 30.2742571438629], [-90.9405906176828, 30.2756265852491], [-90.9586568160248, 30.2923159890869], [-90.9588090966351, 30.2974724907021], [-90.958847258865, 30.2986477478816], [-90.9589021459289, 30.3004069762765], [-90.9582296671072, 30.3004169807171], [-90.95823483781, 30.3007230126437], [-90.9583947711682, 30.3009270359827]]}, "properties": {"OBJECTID_1": 3401, "OBJECTID": 3401, "ID": "103945", "TYPE": "AC; OVERHEAD", "STATUS": "IN SERVICE", "NAICS_CODE": "221121", "NAICS_DESC": "ELECTRIC BULK POWER TRANSMISSION AND CONTROL", "SOURCE": "IMAGERY, OpenStreetMap", "SOURCEDATE": 1403049600000, "VAL_METHOD": "IMAGERY", "VAL_DATE": 1588291200000, "OWNER": "ENTERGY LOUISIANA LLC", "VOLTAGE": 230, "VOLT_CLASS": "220-287", "INFERRED": "Y", "SUB_1": "UNKNOWN112514", "SUB_2": "SORRENTO", "Shape__Len": 20230.987806419056, "Shape__Length": 20230.98778205856}}, {"type": "Feature", "id": 4287, "geometry": {"type": "LineString", "coordinates": [[-90.9178695660325, 30.4999932371565], [-90.9178267819704, 30.5001124198667], [-90.917867564586, 30.5003604777989], [-90.9179627437853, 30.5023473279314], [-90.9108481550071, 30.5023354308387], [-90.9099082683865, 30.5004199652297], [-90.9019389793278, 30.5004780648227], [-90.895630081443, 30.5005131793662], [-90.8956768297704, 30.4990913053822], [-90.8959710837215, 30.4938624218499], [-90.8966486173633, 30.4920149423594], [-90.8980130091596, 30.4918373601486], [-90.8976291689201, 30.49020070294], [-90.8977551522488, 30.4880811090119], [-90.8980144024466, 30.4878757979331], [-90.898008141189, 30.4876295637167], [-90.8978737666973, 30.4875479752621]]}, "properties": {"OBJECTID_1": 4287, "OBJECTID": 4287, "ID": "104945", "TYPE": "OVERHEAD", "STATUS": "IN SERVICE", "NAICS_CODE": "221121", "NAICS_DESC": "ELECTRIC BULK POWER TRANSMISSION AND CONTROL", "SOURCE": "IMAGERY", "SOURCEDATE": 1404777600000, "VAL_METHOD": "IMAGERY", "VAL_DATE": 1404777600000, "OWNER": "ENTERGY LOUISIANA LLC", "VOLTAGE": -999999, "VOLT_CLASS": "UNDER 100", "INFERRED": "Y", "SUB_1": "UNKNOWN112436", "SUB_2": "LOCKHART", "Shape__Len": 4798.762824949882, "Shape__Length": 4798.762785414109}}, {"type": "Feature", "id": 4305, "geometry": {"type": "LineString", "coordinates": [[-91.3012759434409, 30.8465988506356], [-91.3013768323322, 30.8472727136461]]}, "properties": {"OBJECTID_1": 4305, "OBJECTID": 4305, "ID": "104963", "TYPE": "AC; OVERHEAD", "STATUS": "IN SERVICE", "NAICS_CODE": "221121", "NAICS_DESC": "ELECTRIC BULK POWER TRANSMISSION AND CONTROL", "SOURCE": "IMAGERY, EIA 861, https://cdn.misoenergy.org/Entergy Louisiana Transferred Facilities 2019390620.xlsx", "SOURCEDATE": 1404864000000, "VAL_METHOD": "IMAGERY", "VAL_DATE": 1587427200000, "OWNER": "ENTERGY GULF STATES - LA LLC", "VOLTAGE": 69, "VOLT_CLASS": "UNDER 100", "INFERRED": "Y", "SUB_1": "TAP143378", "SUB_2": "MARYDALE", "Shape__Len": 88.09284320440658, "Shape__Length": 88.09284302219754}}, {"type": "Feature", "id": 4791, "geometry": {"type": "LineString", "coordinates": [[-91.1816138015727, 30.2456500693092], [-91.1807393176948, 30.2457131342237], [-91.1806144500736, 30.2454661831613], [-91.1728755654106, 30.247939075658], [-91.1719432309267, 30.2478814559061]]}, "properties": {"OBJECTID_1": 4791, "OBJECTID": 4791, "ID": "105513", "TYPE": "AC; OVERHEAD", "STATUS": "IN SERVICE", "NAICS_CODE": "221121", "NAICS_DESC": "ELECTRIC BULK POWER TRANSMISSION AND CONTROL", "SOURCE": "IMAGERY, EIA 860", "SOURCEDATE": 1489536000000, "VAL_METHOD": "IMAGERY", "VAL_DATE": 1489536000000, "OWNER": "ENTERGY LOUISIANA LLC", "VOLTAGE": 230, "VOLT_CLASS": "220-287", "INFERRED": "Y", "SUB_1": "UNKNOWN112493", "SUB_2": "UNKNOWN112496", "Shape__Len": 1154.9997792853878, "Shape__Length": 1154.9997490978153}}, {"type": "Feature", "id": 5216, "geometry": {"type": "LineString", "coordinates": [[-91.1673063591954, 30.6116851382084], [-91.1674895777841, 30.6116827593045]]}, "properties": {"OBJECTID_1": 5216, "OBJECTID": 5216, "ID": "105994", "TYPE": "AC; OVERHEAD", "STATUS": "IN SERVICE", "NAICS_CODE": "221121", "NAICS_DESC": "ELECTRIC BULK POWER TRANSMISSION AND CONTROL", "SOURCE": "IMAGERY, EIA 861", "SOURCEDATE": 1406592000000, "VAL_METHOD": "IMAGERY", "VAL_DATE": 1589760000000, "OWNER": "ENTERGY GULF STATES - LA LLC", "VOLTAGE": 69, "VOLT_CLASS": "UNDER 100", "INFERRED": "Y", "SUB_1": "UNKNOWN115758", "SUB_2": "TAP142956", "Shape__Len": 20.398166884517714, "Shape__Length": 20.398120916710507}}, {"type": "Feature", "id": 6220, "geometry": {"type": "LineString", "coordinates": [[-91.2579409446404, 30.2730708913234], [-91.2582875721692, 30.2731458116866], [-91.2594535081529, 30.2739369833683], [-91.2622672211672, 30.2757275268772], [-91.2612381039912, 30.2783151910523], [-91.2594297126793, 30.2827290906136], [-91.2585731070721, 30.2847873253557], [-91.2564910790432, 30.2877557029815], [-91.2527315307645, 30.2931094898537], [-91.2505186316733, 30.2963693507392], [-91.2476989709135, 30.3003846917864], [-91.2487697276978, 30.3055005331752], [-91.2491801850191, 30.307380306973], [-91.24639026658, 30.3065712912666], [-91.2495965909843, 30.3135728550324], [-91.2501438671132, 30.3155894483528], [-91.2504473180162, 30.3163101447807], [-91.250737357072, 30.3162419427374]]}, "properties": {"OBJECTID_1": 6220, "OBJECTID": 6220, "ID": "107137", "TYPE": "AC; OVERHEAD", "STATUS": "IN SERVICE", "NAICS_CODE": "221121", "NAICS_DESC": "ELECTRIC BULK POWER TRANSMISSION AND CONTROL", "SOURCE": "IMAGERY, EIA 860", "SOURCEDATE": 1490227200000, "VAL_METHOD": "IMAGERY", "VAL_DATE": 1490227200000, "OWNER": "ENTERGY LOUISIANA LLC", "VOLTAGE": 69, "VOLT_CLASS": "UNDER 100", "INFERRED": "Y", "SUB_1": "PLAQUEMINE", "SUB_2": "UNKNOWN115472", "Shape__Len": 6794.027932437812, "Shape__Length": 6794.028020334274}}, {"type": "Feature", "id": 6513, "geometry": {"type": "LineString", "coordinates": [[-90.7303428189081, 30.3340167553728], [-90.730545010814, 30.3343196446314], [-90.7311365514286, 30.3338791803304], [-90.7318285236919, 30.3334023476451], [-90.7325057635846, 30.3329120240322], [-90.7332098631043, 30.3324068881014], [-90.7338817131053, 30.3319282657198], [-90.7345107125689, 30.3314599547377], [-90.7351772634081, 30.3309859806405], [-90.7358933114193, 30.3304697471229], [-90.7366310070324, 30.3299372282307], [-90.7373659187663, 30.3294024578735], [-90.7381008313985, 30.3288676853717], [-90.7418406661484, 30.3261966433676], [-90.7861115298119, 30.2875033408643], [-90.7852331122113, 30.2867592692946], [-90.7861166969214, 30.2860307001148], [-90.7860650249279, 30.2854674789123], [-90.7843633112509, 30.2821621811958], [-90.7813037131736, 30.2788356378657], [-90.7808314257096, 30.2777883932953], [-90.7733364372394, 30.2695336378292], [-90.7718747426266, 30.2648729152266], [-90.7718014311162, 30.2645868179123]]}, "properties": {"OBJECTID_1": 6513, "OBJECTID": 6513, "ID": "107471", "TYPE": "OVERHEAD", "STATUS": "NOT AVAILABLE", "NAICS_CODE": "221121", "NAICS_DESC": "ELECTRIC BULK POWER TRANSMISSION AND CONTROL", "SOURCE": "IMAGERY", "SOURCEDATE": 1405987200000, "VAL_METHOD": "IMAGERY", "VAL_DATE": 1566518400000, "OWNER": "ENTERGY LOUISIANA LLC", "VOLTAGE": -999999, "VOLT_CLASS": "UNDER 100", "INFERRED": "Y", "SUB_1": "UNKNOWN112527", "SUB_2": "DEADEND167040", "Shape__Len": 12211.443342071214, "Shape__Length": 12211.44315046202}}, {"type": "Feature", "id": 7856, "geometry": {"type": "LineString", "coordinates": [[-91.192989591122, 30.540249299127], [-91.1933835410017, 30.5402635350988], [-91.1934433634097, 30.5420768806359], [-91.2002480828223, 30.555140449235], [-91.2008238669868, 30.5560826410636], [-91.2025998246254, 30.559481263379], [-91.2056946348652, 30.5654461363065], [-91.206126570905, 30.5662610251489], [-91.212010100333, 30.5774876098666], [-91.2124561758554, 30.5783138011936], [-91.2150541386913, 30.5832655518144], [-91.2150575999001, 30.583843651026], [-91.2169981306954, 30.5875129528147], [-91.2399772305976, 30.6312342506543], [-91.2440991116512, 30.6391272608962], [-91.2445726244173, 30.6389868733742], [-91.2451320071413, 30.6387508808072]]}, "properties": {"OBJECTID_1": 7856, "OBJECTID": 7856, "ID": "109028", "TYPE": "AC; OVERHEAD", "STATUS": "IN SERVICE", "NAICS_CODE": "221121", "NAICS_DESC": "ELECTRIC BULK POWER TRANSMISSION AND CONTROL", "SOURCE": "IMAGERY, EIA 861, https://cdn.misoenergy.org/Entergy Louisiana Transferred Facilities 2019390620.xlsx", "SOURCEDATE": 1404950400000, "VAL_METHOD": "IMAGERY", "VAL_DATE": 1587340800000, "OWNER": "ENTERGY GULF STATES - LA LLC", "VOLTAGE": 69, "VOLT_CLASS": "UNDER 100", "INFERRED": "Y", "SUB_1": "PORT HUDSON", "SUB_2": "BLOUNT", "Shape__Len": 14169.09688106857, "Shape__Length": 14169.096864159517}}, {"type": "Feature", "id": 8099, "geometry": {"type": "LineString", "coordinates": [[-91.1719432309267, 30.2478814559061], [-91.1713558189691, 30.2484246971319], [-91.1622218982805, 30.2513433620568], [-91.1607042556934, 30.2513405591952], [-91.1605495909543, 30.2520781916922]]}, "properties": {"OBJECTID_1": 8099, "OBJECTID": 8099, "ID": "109305", "TYPE": "AC; OVERHEAD", "STATUS": "IN SERVICE", "NAICS_CODE": "221121", "NAICS_DESC": "ELECTRIC BULK POWER TRANSMISSION AND CONTROL", "SOURCE": "IMAGERY, EIA 860", "SOURCEDATE": 1406246400000, "VAL_METHOD": "IMAGERY", "VAL_DATE": 1489536000000, "OWNER": "ENTERGY LOUISIANA LLC", "VOLTAGE": 230, "VOLT_CLASS": "220-287", "INFERRED": "Y", "SUB_1": "UNKNOWN112496", "SUB_2": "UNKNOWN115494", "Shape__Len": 1445.4607022113717, "Shape__Length": 1445.4606807318064}}, {"type": "Feature", "id": 8292, "geometry": {"type": "LineString", "coordinates": [[-91.1816138015727, 30.2456500693092], [-91.1823670380401, 30.2454263757929], [-91.1826061039917, 30.2461777262859], [-91.1805441613943, 30.2468010042226], [-91.1769453666356, 30.2565258622002], [-91.1767105703766, 30.2567777336529]]}, "properties": {"OBJECTID_1": 8292, "OBJECTID": 8292, "ID": "109526", "TYPE": "AC; OVERHEAD", "STATUS": "IN SERVICE", "NAICS_CODE": "221121", "NAICS_DESC": "ELECTRIC BULK POWER TRANSMISSION AND CONTROL", "SOURCE": "IMAGERY, EIA 860", "SOURCEDATE": 1406246400000, "VAL_METHOD": "IMAGERY", "VAL_DATE": 1489536000000, "OWNER": "ENTERGY LOUISIANA LLC", "VOLTAGE": 230, "VOLT_CLASS": "220-287", "INFERRED": "Y", "SUB_1": "UNKNOWN112493", "SUB_2": "UNKNOWN115657", "Shape__Len": 1789.637324515496, "Shape__Length": 1789.6373265096577}}, {"type": "Feature", "id": 8499, "geometry": {"type": "LineString", "coordinates": [[-91.1766287940413, 30.493165948001], [-91.1721180314028, 30.4928230967464], [-91.1707383053647, 30.4927715358136], [-91.1694803756077, 30.4928034097776], [-91.1695668456403, 30.494175499061], [-91.1699245431084, 30.5017050329994], [-91.1697233393494, 30.5023488890813], [-91.169759107569, 30.5030732258519], [-91.1700676222753, 30.5037304960985], [-91.1704745034034, 30.5054608572017], [-91.1708903272602, 30.5069542448093], [-91.1720528442559, 30.5089841787787], [-91.175017263134, 30.5138622788563]]}, "properties": {"OBJECTID_1": 8499, "OBJECTID": 8499, "ID": "109761", "TYPE": "OVERHEAD", "STATUS": "NOT AVAILABLE", "NAICS_CODE": "221121", "NAICS_DESC": "ELECTRIC BULK POWER TRANSMISSION AND CONTROL", "SOURCE": "IMAGERY, EIA 861", "SOURCEDATE": 1405900800000, "VAL_METHOD": "IMAGERY", "VAL_DATE": 1566518400000, "OWNER": "ENTERGY GULF STATES - LA LLC", "VOLTAGE": -999999, "VOLT_CLASS": "UNDER 100", "INFERRED": "Y", "SUB_1": "TAP142975", "SUB_2": "DEADEND167028", "Shape__Len": 3650.908785136601, "Shape__Length": 3650.9088574764305}}, {"type": "Feature", "id": 8760, "geometry": {"type": "LineString", "coordinates": [[-91.1852250694391, 30.2579716816805], [-91.1850080256866, 30.2582173000715], [-91.1844707019927, 30.2579552986157], [-91.1849858229261, 30.2565875630064], [-91.1860555771906, 30.2537170777381], [-91.1899358788064, 30.243116462303], [-91.1905238620925, 30.2429549737175], [-91.1900596720425, 30.2419034568366], [-91.1891280077018, 30.2422015893687], [-91.1744204637817, 30.2469081999498], [-91.1721284473686, 30.2473003016548], [-91.1719432309267, 30.2478814559061]]}, "properties": {"OBJECTID_1": 8760, "OBJECTID": 8760, "ID": "110058", "TYPE": "OVERHEAD", "STATUS": "IN SERVICE", "NAICS_CODE": "221121", "NAICS_DESC": "ELECTRIC BULK POWER TRANSMISSION AND CONTROL", "SOURCE": "IMAGERY", "SOURCEDATE": 1402444800000, "VAL_METHOD": "IMAGERY", "VAL_DATE": 1406160000000, "OWNER": "ENTERGY LOUISIANA LLC", "VOLTAGE": -999999, "VOLT_CLASS": "NOT AVAILABLE", "INFERRED": "N", "SUB_1": "AXIALL PLAQUEMINE", "SUB_2": "UNKNOWN112496", "Shape__Len": 4523.234252757488, "Shape__Length": 4523.234298262577}}, {"type": "Feature", "id": 9296, "geometry": {"type": "LineString", "coordinates": [[-90.75827568553936, 30.86945795129952], [-90.7479318977482, 30.8647325531401], [-90.7438749172789, 30.8621984270017], [-90.7215793679343, 30.8525378151642], [-90.7178793060937, 30.8506580412798], [-90.7158805590781, 30.8495396941536], [-90.6994503797181, 30.8432460198845], [-90.69418102270886, 30.841198542347225]]}, "properties": {"OBJECTID_1": 9296, "OBJECTID": 9296, "ID": "110674", "TYPE": "OVERHEAD", "STATUS": "IN SERVICE", "NAICS_CODE": "221121", "NAICS_DESC": "ELECTRIC BULK POWER TRANSMISSION AND CONTROL", "SOURCE": "IMAGERY", "SOURCEDATE": 1404777600000, "VAL_METHOD": "IMAGERY", "VAL_DATE": 1404777600000, "OWNER": "ENTERGY LOUISIANA LLC", "VOLTAGE": -999999, "VOLT_CLASS": "UNDER 100", "INFERRED": "Y", "SUB_1": "UNKNOWN114431", "SUB_2": "UNKNOWN114433", "Shape__Len": 13299.156193247976, "Shape__Length": 13299.156388486681}}, {"type": "Feature", "id": 10507, "geometry": {"type": "LineString", "coordinates": [[-91.2669376916868, 30.3227541392812], [-91.2651100566648, 30.3228076309342], [-91.2503143026754, 30.3150855949129], [-91.2506071866957, 30.3159425508009], [-91.250737357072, 30.3162419427374]]}, "properties": {"OBJECTID_1": 10507, "OBJECTID": 10507, "ID": "112060", "TYPE": "AC; OVERHEAD", "STATUS": "IN SERVICE", "NAICS_CODE": "221121", "NAICS_DESC": "ELECTRIC BULK POWER TRANSMISSION AND CONTROL", "SOURCE": "IMAGERY, EIA 860", "SOURCEDATE": 1406073600000, "VAL_METHOD": "IMAGERY", "VAL_DATE": 1490227200000, "OWNER": "ENTERGY LOUISIANA LLC", "VOLTAGE": 69, "VOLT_CLASS": "UNDER 100", "INFERRED": "Y", "SUB_1": "UNKNOWN115472", "SUB_2": "TAP143257", "Shape__Len": 2284.712232125903, "Shape__Length": 2284.7122272975444}}, {"type": "Feature", "id": 11593, "geometry": {"type": "LineString", "coordinates": [[-91.0521806232737, 30.2294513938958], [-91.0522907558292, 30.2295571152175], [-91.0546872552931, 30.2302638379615], [-91.0497817684272, 30.2431804802813], [-91.0463190711291, 30.2523507566951], [-91.0452248880787, 30.2553584357903]]}, "properties": {"OBJECTID_1": 11593, "OBJECTID": 11593, "ID": "113309", "TYPE": "AC; OVERHEAD", "STATUS": "IN SERVICE", "NAICS_CODE": "221121", "NAICS_DESC": "ELECTRIC BULK POWER TRANSMISSION AND CONTROL", "SOURCE": "IMAGERY, EIA 860", "SOURCEDATE": 1406160000000, "VAL_METHOD": "IMAGERY", "VAL_DATE": 1553644800000, "OWNER": "ENTERGY LOUISIANA LLC", "VOLTAGE": 138, "VOLT_CLASS": "100-161", "INFERRED": "Y", "SUB_1": "TAP142928", "SUB_2": "ALCHEM", "Shape__Len": 3701.0958526002987, "Shape__Length": 3701.095874867997}}, {"type": "Feature", "id": 12836, "geometry": {"type": "LineString", "coordinates": [[-91.0083159822733, 30.4777566396245], [-91.0073563408013, 30.4778564429333], [-90.9650386050083, 30.4830969588361], [-90.9597841424175, 30.4837493553341], [-90.9597748753971, 30.4817599561972], [-90.9598273900103, 30.481290409371], [-90.9597903201317, 30.4812039128207]]}, "properties": {"OBJECTID_1": 12836, "OBJECTID": 12836, "ID": "114737", "TYPE": "OVERHEAD", "STATUS": "IN SERVICE", "NAICS_CODE": "221121", "NAICS_DESC": "ELECTRIC BULK POWER TRANSMISSION AND CONTROL", "SOURCE": "IMAGERY", "SOURCEDATE": 1404950400000, "VAL_METHOD": "IMAGERY", "VAL_DATE": 1409875200000, "OWNER": "ENTERGY LOUISIANA LLC", "VOLTAGE": -999999, "VOLT_CLASS": "100-161", "INFERRED": "Y", "SUB_1": "TAP142971", "SUB_2": "DENHAM SPRINGS", "Shape__Len": 5787.5650793101595, "Shape__Length": 5787.565128944539}}, {"type": "Feature", "id": 12961, "geometry": {"type": "LineString", "coordinates": [[-91.2076136330432, 30.5594102236767], [-91.2076771933411, 30.5593391862431], [-91.2106682787083, 30.5585502869612], [-91.2103766478378, 30.5576342668204], [-91.2126984793353, 30.5570622222934], [-91.2131471420056, 30.5571183046174], [-91.2142314103502, 30.5581614458707], [-91.2143211430639, 30.5604197163484], [-91.2129489817387, 30.5607823852702], [-91.2127246508528, 30.5602888560635], [-91.2136780598132, 30.5599299261237]]}, "properties": {"OBJECTID_1": 12961, "OBJECTID": 12961, "ID": "114874", "TYPE": "OVERHEAD", "STATUS": "IN SERVICE", "NAICS_CODE": "221121", "NAICS_DESC": "ELECTRIC BULK POWER TRANSMISSION AND CONTROL", "SOURCE": "IMAGERY, EIA 861", "SOURCEDATE": 1406246400000, "VAL_METHOD": "IMAGERY", "VAL_DATE": 1406246400000, "OWNER": "ENTERGY GULF STATES - LA LLC", "VOLTAGE": -999999, "VOLT_CLASS": "NOT AVAILABLE", "INFERRED": "N", "SUB_1": "UNKNOWN115663", "SUB_2": "UNKNOWN115664", "Shape__Len": 1619.1364454672803, "Shape__Length": 1619.1365076788675}}, {"type": "Feature", "id": 13072, "geometry": {"type": "LineString", "coordinates": [[-91.0033394817876, 30.2149547231086], [-91.003321740959, 30.2152858877256], [-91.0024169506183, 30.2161197137932], [-91.0062312619934, 30.2193544858701], [-91.0068987012663, 30.2186787189634], [-91.0073222452447, 30.2190546741296], [-91.0098920629645, 30.216618105912], [-91.0129234961627, 30.2138484133304], [-91.0150495443356, 30.211857399023], [-91.0185057117799, 30.2140762471831], [-91.0196062117833, 30.2147900847202], [-91.0201296942354, 30.2142725519547], [-91.0196656991198, 30.2138858898906], [-91.0197192369141, 30.2135646632106]]}, "properties": {"OBJECTID_1": 13072, "OBJECTID": 13072, "ID": "114997", "TYPE": "AC; OVERHEAD", "STATUS": "IN SERVICE", "NAICS_CODE": "221121", "NAICS_DESC": "ELECTRIC BULK POWER TRANSMISSION AND CONTROL", "SOURCE": "IMAGERY, EIA 860", "SOURCEDATE": 1406160000000, "VAL_METHOD": "IMAGERY", "VAL_DATE": 1553558400000, "OWNER": "ENTERGY LOUISIANA LLC", "VOLTAGE": 230, "VOLT_CLASS": "220-287", "INFERRED": "Y", "SUB_1": "UNKNOWN115488", "SUB_2": "UNKNOWN161921", "Shape__Len": 3066.297263577306, "Shape__Length": 3066.2972329802715}}, {"type": "Feature", "id": 13983, "geometry": {"type": "LineString", "coordinates": [[-91.250737357072, 30.3162419427374], [-91.2508132898663, 30.3164263507974], [-91.2534535822168, 30.322470602171], [-91.2537768391752, 30.3231409799535], [-91.2540046366599, 30.3236703403161]]}, "properties": {"OBJECTID_1": 13983, "OBJECTID": 13983, "ID": "116041", "TYPE": "AC; OVERHEAD", "STATUS": "IN SERVICE", "NAICS_CODE": "221121", "NAICS_DESC": "ELECTRIC BULK POWER TRANSMISSION AND CONTROL", "SOURCE": "IMAGERY, EIA 860", "SOURCEDATE": 1406073600000, "VAL_METHOD": "IMAGERY", "VAL_DATE": 1490227200000, "OWNER": "ENTERGY LOUISIANA LLC", "VOLTAGE": 69, "VOLT_CLASS": "UNDER 100", "INFERRED": "Y", "SUB_1": "UNKNOWN115472", "SUB_2": "TAP143258", "Shape__Len": 1024.7336480169977, "Shape__Length": 1024.7337026662335}}, {"type": "Feature", "id": 14022, "geometry": {"type": "LineString", "coordinates": [[-91.1674895777841, 30.6116827593045], [-91.1674538859212, 30.6107381133463], [-91.1674598112088, 30.6023330460978], [-91.1654241092991, 30.6022916219473], [-91.1657047429938, 30.6009569151262], [-91.1656404981797, 30.6003215987941], [-91.1687220214381, 30.5846204243385], [-91.1688149081368, 30.5842024337052], [-91.1696180100857, 30.5843642882345]]}, "properties": {"OBJECTID_1": 14022, "OBJECTID": 14022, "ID": "116083", "TYPE": "AC; OVERHEAD", "STATUS": "IN SERVICE", "NAICS_CODE": "221121", "NAICS_DESC": "ELECTRIC BULK POWER TRANSMISSION AND CONTROL", "SOURCE": "IMAGERY, EIA 861", "SOURCEDATE": 1406592000000, "VAL_METHOD": "IMAGERY", "VAL_DATE": 1589760000000, "OWNER": "ENTERGY GULF STATES - LA LLC", "VOLTAGE": 69, "VOLT_CLASS": "UNDER 100", "INFERRED": "Y", "SUB_1": "UNKNOWN115757", "SUB_2": "TAP142956", "Shape__Len": 3900.0157802365175, "Shape__Length": 3900.0158286395904}}, {"type": "Feature", "id": 14433, "geometry": {"type": "LineString", "coordinates": [[-90.8883457218559, 30.5208006119704], [-90.8885598739314, 30.5207411246262], [-90.8930775841402, 30.5207803626596], [-90.8932070547289, 30.5207527432026], [-90.8932467593661, 30.5197860278584], [-90.8936948498096, 30.5110900769362], [-90.8945282429498, 30.5111376997105], [-90.895180111724, 30.5004944459868], [-90.8954059427965, 30.4999952403066], [-90.8954294364361, 30.4994203392026], [-90.8955108238009, 30.498318943814], [-90.8957968581671, 30.4938335477297], [-90.896506371833, 30.4918520227631], [-90.897814456329, 30.4916919747336], [-90.8974405083374, 30.4902205042269], [-90.8975675346102, 30.4880324546712], [-90.8977633341044, 30.4878211147093], [-90.8977537841147, 30.4875855298334], [-90.8978737666973, 30.4875479752621]]}, "properties": {"OBJECTID_1": 14433, "OBJECTID": 14433, "ID": "116574", "TYPE": "OVERHEAD", "STATUS": "IN SERVICE", "NAICS_CODE": "221121", "NAICS_DESC": "ELECTRIC BULK POWER TRANSMISSION AND CONTROL", "SOURCE": "IMAGERY", "SOURCEDATE": 1404777600000, "VAL_METHOD": "IMAGERY", "VAL_DATE": 1404777600000, "OWNER": "ENTERGY LOUISIANA LLC", "VOLTAGE": -999999, "VOLT_CLASS": "UNDER 100", "INFERRED": "Y", "SUB_1": "UNKNOWN112436", "SUB_2": "UNKNOWN114248", "Shape__Len": 5101.294038824165, "Shape__Length": 5101.294069524327}}, {"type": "Feature", "id": 16137, "geometry": {"type": "LineString", "coordinates": [[-91.2654982564283, 30.3272840880332], [-91.2635123247786, 30.3285268300456], [-91.2618240876275, 30.329152664763], [-91.2583881700063, 30.3296337012463], [-91.2567097182036, 30.3298044097521], [-91.2544103499781, 30.3248304522146], [-91.2537038887876, 30.3232141119528], [-91.2514113244021, 30.3233213180472], [-91.2508588003152, 30.3241019999959], [-91.2506608807969, 30.324349399119]]}, "properties": {"OBJECTID_1": 16137, "OBJECTID": 16137, "ID": "118539", "TYPE": "AC; OVERHEAD", "STATUS": "IN SERVICE", "NAICS_CODE": "221121", "NAICS_DESC": "ELECTRIC BULK POWER TRANSMISSION AND CONTROL", "SOURCE": "IMAGERY, EIA 861", "SOURCEDATE": 1406073600000, "VAL_METHOD": "IMAGERY", "VAL_DATE": 1489536000000, "OWNER": "ENTERGY GULF STATES - LA LLC", "VOLTAGE": 230, "VOLT_CLASS": "220-287", "INFERRED": "Y", "SUB_1": "UNKNOWN115474", "SUB_2": "TAP143259", "Shape__Len": 2379.003689170636, "Shape__Length": 2379.003659403021}}, {"type": "Feature", "id": 17016, "geometry": {"type": "LineString", "coordinates": [[-90.6985224936914, 30.2896855848039], [-90.6988425607322, 30.2901189827585], [-90.7015757802056, 30.2900250440393], [-90.7082335541023, 30.2912437853742], [-90.7202045035785, 30.2963501251931], [-90.7219771491286, 30.2974433699918], [-90.7239016099618, 30.2991195523722], [-90.7247753114071, 30.3001754591648], [-90.7255223503974, 30.3012504349155], [-90.7260794864349, 30.3024383237033], [-90.7265099582208, 30.3036371336735], [-90.7267547491357, 30.3050873662395], [-90.7265816437804, 30.3063772710972], [-90.7266111983533, 30.307951394259], [-90.7266151509405, 30.3192503390547], [-90.7266539581608, 30.3241114313157], [-90.7266616836723, 30.3256981412219], [-90.7269779795855, 30.3272302382703], [-90.7273636272353, 30.3287522307177], [-90.7281885501607, 30.3304532319474], [-90.7292496401743, 30.3319724613632], [-90.7302778518485, 30.3335202771172], [-90.7299391420706, 30.3341414201827], [-90.7303012637414, 30.3345332237238], [-90.7305748717123, 30.3343597493325], [-90.7311656766067, 30.3339198310464], [-90.7318573739856, 30.3334431892919], [-90.7325349983572, 30.3329525867609], [-90.7332389415701, 30.3324475626889], [-90.7339111508972, 30.3319686838658], [-90.7345401341911, 30.331500386258], [-90.7351794301445, 30.3310419737477], [-90.7352094230952, 30.3318170806477], [-90.7352362827223, 30.3326477867051], [-90.7352629626862, 30.333476238015], [-90.735289283324, 30.3342913458648], [-90.7353155141303, 30.3351084627705], [-90.7353422839258, 30.3359349541934], [-90.7353684249005, 30.3367501191061], [-90.7353859420486, 30.3375734946796], [-90.7353931285708, 30.3384012840747], [-90.7354081304361, 30.3395634481003], [-90.7354580767659, 30.3404104468787], [-90.7355060468021, 30.3412258846368], [-90.735559766056, 30.3420688376353], [-90.7356251634087, 30.3429055812803], [-90.7356841827229, 30.3437550319567], [-90.7357351171995, 30.3445791246366], [-90.7357807516159, 30.3454240643861], [-90.7358373445805, 30.3462535696602], [-90.7359097496907, 30.3470897348705], [-90.7359654452384, 30.3479208539932], [-90.7360209611229, 30.3487494853678], [-90.7360603073324, 30.3495753189736], [-90.7361145655755, 30.3504255637084], [-90.7361678356719, 30.3512610738902], [-90.7362208362736, 30.3520939412952], [-90.7362711419295, 30.3529298232718], [-90.7363212679224, 30.3537625206619], [-90.7363780414484, 30.3546111786742], [-90.736422867381, 30.3554550248686], [-90.7364668848299, 30.3562839800187], [-90.736542882303, 30.3571165713462], [-90.7365918395877, 30.3579556667854], [-90.7366831093188, 30.3596213557141], [-90.7367463507148, 30.3604746927001], [-90.7368040225561, 30.3612699652716], [-90.7364649094346, 30.3620864686137], [-90.7361386404251, 30.3628696372392], [-90.7358132706292, 30.3636649678473], [-90.7354898771269, 30.3644547888411], [-90.7351666632877, 30.3652319703482], [-90.734840305345, 30.3660183683406], [-90.7345148457176, 30.3668049917558], [-90.7287903980449, 30.3807807277731], [-90.7248242309626, 30.3884827681035], [-90.7225852663552, 30.3930246678418], [-90.718452776198, 30.4027737617997], [-90.7134886706666, 30.416130786887], [-90.7118150473086, 30.4211150343707], [-90.7104359536844, 30.4251239548654], [-90.7102579075951, 30.4304549837343], [-90.7102330359398, 30.4313804116513]]}, "properties": {"OBJECTID_1": 17016, "OBJECTID": 17016, "ID": "119557", "TYPE": "OVERHEAD", "STATUS": "IN SERVICE", "NAICS_CODE": "221121", "NAICS_DESC": "ELECTRIC BULK POWER TRANSMISSION AND CONTROL", "SOURCE": "IMAGERY, OpenStreetMap", "SOURCEDATE": 1405987200000, "VAL_METHOD": "IMAGERY", "VAL_DATE": 1405987200000, "OWNER": "ENTERGY LOUISIANA LLC", "VOLTAGE": -999999, "VOLT_CLASS": "UNDER 100", "INFERRED": "Y", "SUB_1": "UNKNOWN114560", "SUB_2": "TAP143277", "Shape__Len": 22089.639662752485, "Shape__Length": 22089.639640508212}}, {"type": "Feature", "id": 19599, "geometry": {"type": "LineString", "coordinates": [[-91.2550678583756, 30.3815099577671], [-91.2565542557605, 30.3819746023777], [-91.2563901281682, 30.3828761489179], [-91.2577054620684, 30.3833916487455], [-91.2740243671142, 30.3895157291281], [-91.2737947676091, 30.3933226322508], [-91.280330908718, 30.3957768022699], [-91.2818988713341, 30.3932809857241], [-91.283997555925, 30.3899045313809], [-91.2848470226206, 30.3888409117686], [-91.2859320581264, 30.3883983318011], [-91.3119871557497, 30.3883126718555], [-91.3135450734043, 30.388589248683], [-91.3170077356681, 30.3908600667204], [-91.3197035798358, 30.3876416897267]]}, "properties": {"OBJECTID_1": 19599, "OBJECTID": 19599, "ID": "122504", "TYPE": "AC; OVERHEAD", "STATUS": "IN SERVICE", "NAICS_CODE": "221121", "NAICS_DESC": "ELECTRIC BULK POWER TRANSMISSION AND CONTROL", "SOURCE": "IMAGERY, EIA 861", "SOURCEDATE": 1406073600000, "VAL_METHOD": "IMAGERY", "VAL_DATE": 1490227200000, "OWNER": "ENTERGY GULF STATES - LA LLC", "VOLTAGE": 69, "VOLT_CLASS": "UNDER 100", "INFERRED": "Y", "SUB_1": "UNKNOWN115480", "SUB_2": "TAP143253", "Shape__Len": 8956.354069264702, "Shape__Length": 8956.354068195116}}, {"type": "Feature", "id": 20356, "geometry": {"type": "LineString", "coordinates": [[-90.9597903201317, 30.4812039128207], [-90.9597347162123, 30.4813027650195], [-90.9597594288657, 30.4814850238122], [-90.9486756366995, 30.4815746090161], [-90.9487003502513, 30.4844258742641], [-90.9433890746087, 30.4842723980798], [-90.9434457430318, 30.4855163359683], [-90.9425159148475, 30.4856368121775], [-90.9406851087726, 30.4858303968544], [-90.9399082555963, 30.4861522978375], [-90.9231035641028, 30.4882239282341], [-90.9230797686292, 30.4880454690053], [-90.9205218481971, 30.4884380796507], [-90.8970960547316, 30.4912815361299], [-90.8972924893348, 30.4873812960513], [-90.8962458343495, 30.4877032778311]]}, "properties": {"OBJECTID_1": 20356, "OBJECTID": 20356, "ID": "123377", "TYPE": "OVERHEAD", "STATUS": "IN SERVICE", "NAICS_CODE": "221121", "NAICS_DESC": "ELECTRIC BULK POWER TRANSMISSION AND CONTROL", "SOURCE": "IMAGERY", "SOURCEDATE": 1404950400000, "VAL_METHOD": "IMAGERY", "VAL_DATE": 1406678400000, "OWNER": "ENTERGY LOUISIANA LLC", "VOLTAGE": -999999, "VOLT_CLASS": "NOT AVAILABLE", "INFERRED": "N", "SUB_1": "COLY", "SUB_2": "DENHAM SPRINGS", "Shape__Len": 8262.151642488468, "Shape__Length": 8262.151764280004}}, {"type": "Feature", "id": 20499, "geometry": {"type": "LineString", "coordinates": [[-91.3680097808584, 30.7246992286962], [-91.3687940693903, 30.7270051106941]]}, "properties": {"OBJECTID_1": 20499, "OBJECTID": 20499, "ID": "123544", "TYPE": "OVERHEAD", "STATUS": "NOT AVAILABLE", "NAICS_CODE": "221121", "NAICS_DESC": "ELECTRIC BULK POWER TRANSMISSION AND CONTROL", "SOURCE": "IMAGERY, OpenStreetMap, http://www.oatioasis.com/TVA/TVAdocs/TVA_Transmission_Map_2011_r2.pdf", "SOURCEDATE": 1404864000000, "VAL_METHOD": "IMAGERY", "VAL_DATE": 1610668800000, "OWNER": "ENTERGY LOUISIANA LLC", "VOLTAGE": 500, "VOLT_CLASS": "500", "INFERRED": "Y", "SUB_1": "BIG CAJUN 2", "SUB_2": "NOT AVAILABLE", "Shape__Len": 311.1091946640887, "Shape__Length": 311.10921101612064}}, {"type": "Feature", "id": 21485, "geometry": {"type": "LineString", "coordinates": [[-91.099850876364, 30.4717185763453], [-91.1002741840855, 30.4721052780615], [-91.1066768696792, 30.4790719148906], [-91.1067892291583, 30.4791825460849]]}, "properties": {"OBJECTID_1": 21485, "OBJECTID": 21485, "ID": "124712", "TYPE": "AC; OVERHEAD", "STATUS": "IN SERVICE", "NAICS_CODE": "221121", "NAICS_DESC": "ELECTRIC BULK POWER TRANSMISSION AND CONTROL", "SOURCE": "IMAGERY, EIA 861", "SOURCEDATE": 1405036800000, "VAL_METHOD": "IMAGERY", "VAL_DATE": 1589760000000, "OWNER": "ENTERGY GULF STATES - LA LLC", "VOLTAGE": 138, "VOLT_CLASS": "100-161", "INFERRED": "Y", "SUB_1": "TAP142974", "SUB_2": "TAP143271", "Shape__Len": 1235.5752619420095, "Shape__Length": 1235.5752226267314}}, {"type": "Feature", "id": 22382, "geometry": {"type": "LineString", "coordinates": [[-91.0861323946398, 30.3857080003791], [-91.0862169584474, 30.3854006206555], [-91.0866513828204, 30.3849754191488], [-91.0850586698217, 30.3840604569171], [-91.0835342287845, 30.3831846207271], [-91.0820310778196, 30.382317378627], [-91.0805066367825, 30.3814374203209], [-91.0789871355811, 30.3805588467009], [-91.0774676361763, 30.3796830566262], [-91.0759482257047, 30.3788087319357], [-91.0744254016351, 30.3779301362357], [-91.0729141658326, 30.3770557950899], [-91.071391341763, 30.3761799736267], [-91.0698426462132, 30.3752985642796], [-91.0683328477152, 30.3744254396144], [-91.0668882669068, 30.3735847796649], [-91.065458238806, 30.3727622496285], [-91.0640330616077, 30.3719397886249], [-91.0625997995719, 30.371113060317], [-91.0611795631077, 30.3702905846647], [-91.0597593266435, 30.3694722896962], [-91.0583260646077, 30.3686468573472], [-91.0568976525761, 30.3678257568407], [-91.0553798599704, 30.3669456673037], [-91.0538684454032, 30.3660711496344], [-91.052545854912, 30.3653061451713], [-91.0512215594185, 30.3645425291113], [-91.0501117798182, 30.3639073397081], [-91.0494912236199, 30.3635700958876], [-91.0487977242206, 30.3631510769649], [-91.0472576515992, 30.362265520374], [-91.045755759174, 30.3613987902933], [-91.0441922414219, 30.3604946908615], [-91.0426770530322, 30.3596220541058], [-91.0411518044096, 30.3587422783108], [-91.0395850518243, 30.3578395503584], [-91.0382960592231, 30.3570917673429], [-91.0366593287754, 30.3561560792242], [-91.0350094829246, 30.3551958877377], [-91.0334110207081, 30.3542816552944], [-91.0318542403207, 30.3533630717556], [-91.0302940463352, 30.352481766819], [-91.0287372659478, 30.3515890593826], [-91.0272370794234, 30.3507178928115], [-91.0256752675721, 30.3498164861886], [-91.0241600800807, 30.3489394912818], [-91.0225865011975, 30.3480366721036], [-91.0213524845934, 30.3473318377079], [-91.0201848552854, 30.346652970066], [-91.0206106405604, 30.3463057088709], [-91.0270697259809, 30.3423097357242], [-91.0371035402936, 30.3360963766128], [-91.0991006546427, 30.2976845818209], [-91.1047145430601, 30.2901402852442], [-91.1057062391163, 30.2889395626396], [-91.1064508158244, 30.2878457227229], [-91.1096984456638, 30.28360476381], [-91.1088859491337, 30.2830039396328], [-91.1083618369626, 30.2806074001926], [-91.1099396082833, 30.2779602510372], [-91.1103018440401, 30.2769478732637]]}, "properties": {"OBJECTID_1": 22382, "OBJECTID": 22382, "ID": "125736", "TYPE": "AC; OVERHEAD", "STATUS": "IN SERVICE", "NAICS_CODE": "221121", "NAICS_DESC": "ELECTRIC BULK POWER TRANSMISSION AND CONTROL", "SOURCE": "IMAGERY, OpenStreetMap", "SOURCEDATE": 1406160000000, "VAL_METHOD": "IMAGERY", "VAL_DATE": 1489536000000, "OWNER": "ENTERGY LOUISIANA LLC", "VOLTAGE": 230, "VOLT_CLASS": "220-287", "INFERRED": "Y", "SUB_1": "UNKNOWN112502", "SUB_2": "WILLOW GLEN (230KV)", "Shape__Len": 22951.771558362158, "Shape__Length": 22951.771420540234}}, {"type": "Feature", "id": 25136, "geometry": {"type": "LineString", "coordinates": [[-91.1858184776511, 30.4989770782629], [-91.1856225326298, 30.4987516012945], [-91.1853585429206, 30.4988880578618], [-91.1857962227883, 30.4955349782949], [-91.1859033226314, 30.4941677127812], [-91.1863317246988, 30.4940124220775], [-91.1865735071559, 30.4921307707045], [-91.1873279123315, 30.4921183846935], [-91.1877163438603, 30.4917450472433], [-91.1886981126343, 30.4917554199191], [-91.191161907591, 30.4918457921972], [-91.2145401128043, 30.4919885586753], [-91.2358243909043, 30.4822565637007], [-91.2387273335759, 30.4769622631708], [-91.2416421726368, 30.4714776048115], [-91.246865089988, 30.4622571938096], [-91.250386509258, 30.4560344866447], [-91.2784291411256, 30.454606756], [-91.2839968642222, 30.4545090212301], [-91.2871377526463, 30.4547469666714], [-91.3045792023525, 30.4556868537701], [-91.3061438043711, 30.4566291989125], [-91.3128669450778, 30.4548003621018], [-91.3134315245557, 30.4546182616722]]}, "properties": {"OBJECTID_1": 25136, "OBJECTID": 25136, "ID": "128835", "TYPE": "AC; OVERHEAD", "STATUS": "IN SERVICE", "NAICS_CODE": "221121", "NAICS_DESC": "ELECTRIC BULK POWER TRANSMISSION AND CONTROL", "SOURCE": "IMAGERY, EIA 861, EIA 860", "SOURCEDATE": 1405036800000, "VAL_METHOD": "IMAGERY", "VAL_DATE": 1588204800000, "OWNER": "ENTERGY GULF STATES - LA LLC", "VOLTAGE": 230, "VOLT_CLASS": "220-287", "INFERRED": "Y", "SUB_1": "FORMOSA PLASTICS", "SUB_2": "UNKNOWN112483", "Shape__Len": 17659.918616239123, "Shape__Length": 17659.918510254138}}, {"type": "Feature", "id": 25997, "geometry": {"type": "LineString", "coordinates": [[-91.0591545080307, 30.4357878999905], [-91.0594642228862, 30.4357878999905], [-91.0598351390636, 30.436036413805], [-91.0608162116433, 30.4357860457773], [-91.0760906482031, 30.4318945648577], [-91.0773622602002, 30.4317010588784], [-91.0793968401142, 30.4316457717171], [-91.0798446682496, 30.4319609102077], [-91.0827914909279, 30.4314909668793], [-91.0849753456892, 30.4311150121355], [-91.0855337492496, 30.4310928968321], [-91.0858859912489, 30.4310947658511], [-91.0859502612159, 30.4306617953549]]}, "properties": {"OBJECTID_1": 25997, "OBJECTID": 25997, "ID": "129799", "TYPE": "OVERHEAD", "STATUS": "IN SERVICE", "NAICS_CODE": "221121", "NAICS_DESC": "ELECTRIC BULK POWER TRANSMISSION AND CONTROL", "SOURCE": "IMAGERY, EIA 861", "SOURCEDATE": 1405036800000, "VAL_METHOD": "IMAGERY", "VAL_DATE": 1406592000000, "OWNER": "ENTERGY GULF STATES - LA LLC", "VOLTAGE": -999999, "VOLT_CLASS": "NOT AVAILABLE", "INFERRED": "N", "SUB_1": "HARELSON", "SUB_2": "DRUSILLA", "Shape__Len": 3147.6741841657013, "Shape__Length": 3147.674163022848}}, {"type": "Feature", "id": 26326, "geometry": {"type": "LineString", "coordinates": [[-91.2540046366599, 30.3236703403161], [-91.2526617110056, 30.324032648014]]}, "properties": {"OBJECTID_1": 26326, "OBJECTID": 26326, "ID": "130170", "TYPE": "AC; OVERHEAD", "STATUS": "IN SERVICE", "NAICS_CODE": "221121", "NAICS_DESC": "ELECTRIC BULK POWER TRANSMISSION AND CONTROL", "SOURCE": "IMAGERY, EIA 861", "SOURCEDATE": 1406073600000, "VAL_METHOD": "IMAGERY", "VAL_DATE": 1553644800000, "OWNER": "ENTERGY GULF STATES - LA LLC", "VOLTAGE": 69, "VOLT_CLASS": "UNDER 100", "INFERRED": "Y", "SUB_1": "UNKNOWN115473", "SUB_2": "TAP143258", "Shape__Len": 156.62563739479225, "Shape__Length": 156.6255890285559}}, {"type": "Feature", "id": 27412, "geometry": {"type": "LineString", "coordinates": [[-90.8490623019548, 30.18513136737], [-90.8492981142085, 30.1850947511048], [-90.8512761766164, 30.1850365727196], [-90.8512828250478, 30.1832434218288], [-90.8512779741453, 30.1816802670787], [-90.8512779741453, 30.1801063346645], [-90.8512743799858, 30.1785409930444], [-90.8512779741453, 30.1769670019374], [-90.8512753681326, 30.1753967878486], [-90.8512628833468, 30.1738416690927], [-90.8512653070014, 30.1723017527822], [-90.8512603671657, 30.1707334571689], [-90.8512628824485, 30.1691676241599], [-90.8512778582626, 30.1675376517436], [-90.8528038354189, 30.1676295601254], [-90.8603545338097, 30.1675463812573], [-90.8663552799076, 30.1677654731577], [-90.871916480337, 30.1678584383405], [-90.8728860329215, 30.1678774863248], [-90.8737902761882, 30.167895251289], [-90.8756910205995, 30.1679322187761], [-90.8794498421412, 30.1679508582315], [-90.8841006000301, 30.1679175402025], [-90.8893019353567, 30.167913190995], [-90.8997819509558, 30.1677579396974], [-90.9070319841194, 30.1714379276702], [-90.90999163413179, 30.16246895044765]]}, "properties": {"OBJECTID_1": 27412, "OBJECTID": 27412, "ID": "131443", "TYPE": "OVERHEAD", "STATUS": "IN SERVICE", "NAICS_CODE": "221121", "NAICS_DESC": "ELECTRIC BULK POWER TRANSMISSION AND CONTROL", "SOURCE": "IMAGERY, OpenStreetMap", "SOURCEDATE": 1405987200000, "VAL_METHOD": "IMAGERY", "VAL_DATE": 1405987200000, "OWNER": "ENTERGY LOUISIANA LLC", "VOLTAGE": -999999, "VOLT_CLASS": "NOT AVAILABLE", "INFERRED": "N", "SUB_1": "UNKNOWN112518", "SUB_2": "SORRENTO", "Shape__Len": 11735.41069479611, "Shape__Length": 11735.410643379784}}, {"type": "Feature", "id": 28823, "geometry": {"type": "LineString", "coordinates": [[-90.8949926692568, 30.5645312796351], [-90.8950255511894, 30.5641348489143], [-90.8934433475812, 30.5640687916666], [-90.8919671469731, 30.5640168902854], [-90.8920728373596, 30.5614488050638], [-90.8926227257894, 30.5493435066336], [-90.8927079202143, 30.5464236751491], [-90.8933310824252, 30.5321698636414], [-90.8940568178685, 30.5144190851627], [-90.8953477041183, 30.4924543847743], [-90.8955408023785, 30.4914035727201], [-90.8966634647183, 30.4904829901086], [-90.896946374744, 30.488641824303], [-90.8969418849642, 30.4879547541373], [-90.8962458343495, 30.4877032778311]]}, "properties": {"OBJECTID_1": 28823, "OBJECTID": 28823, "ID": "133063", "TYPE": "AC; OVERHEAD", "STATUS": "IN SERVICE", "NAICS_CODE": "221121", "NAICS_DESC": "ELECTRIC BULK POWER TRANSMISSION AND CONTROL", "SOURCE": "IMAGERY, OpenStreetMap", "SOURCEDATE": 1403049600000, "VAL_METHOD": "IMAGERY", "VAL_DATE": 1490054400000, "OWNER": "ENTERGY LOUISIANA LLC", "VOLTAGE": 230, "VOLT_CLASS": "220-287", "INFERRED": "Y", "SUB_1": "UNKNOWN112438", "SUB_2": "COLY", "Shape__Len": 10371.043601922382, "Shape__Length": 10371.043550083488}}, {"type": "Feature", "id": 28855, "geometry": {"type": "LineString", "coordinates": [[-90.8863593437434, 30.587832933997], [-90.8863459525575, 30.587709068992], [-90.8864463842063, 30.5872470882617], [-90.8872498302099, 30.586888885243], [-90.8900803291436, 30.5856453687598], [-90.8901864022124, 30.5841539241584], [-90.8910332871499, 30.5702723703534], [-90.8919639058516, 30.5493636006818], [-90.893191518366, 30.5208494139761], [-90.8930862151535, 30.5208148887108], [-90.8892866828615, 30.5207959000032], [-90.8886074630819, 30.5208600977304], [-90.8883457218559, 30.5208006119704]]}, "properties": {"OBJECTID_1": 28855, "OBJECTID": 28855, "ID": "133097", "TYPE": "OVERHEAD", "STATUS": "IN SERVICE", "NAICS_CODE": "221121", "NAICS_DESC": "ELECTRIC BULK POWER TRANSMISSION AND CONTROL", "SOURCE": "IMAGERY", "SOURCEDATE": 1404777600000, "VAL_METHOD": "IMAGERY", "VAL_DATE": 1404777600000, "OWNER": "ENTERGY LOUISIANA LLC", "VOLTAGE": -999999, "VOLT_CLASS": "UNDER 100", "INFERRED": "Y", "SUB_1": "UNKNOWN114247", "SUB_2": "UNKNOWN114248", "Shape__Len": 9456.39893531382, "Shape__Length": 9456.39896802816}}, {"type": "Feature", "id": 30106, "geometry": {"type": "LineString", "coordinates": [[-91.0078634316944, 30.210241535222], [-91.007981704783, 30.2101469169025], [-91.0093832428145, 30.2092184722422], [-91.0097084940328, 30.2090233210912]]}, "properties": {"OBJECTID_1": 30106, "OBJECTID": 30106, "ID": "134531", "TYPE": "OVERHEAD", "STATUS": "IN SERVICE", "NAICS_CODE": "221121", "NAICS_DESC": "ELECTRIC BULK POWER TRANSMISSION AND CONTROL", "SOURCE": "IMAGERY", "SOURCEDATE": 1406160000000, "VAL_METHOD": "IMAGERY", "VAL_DATE": 1406160000000, "OWNER": "ENTERGY LOUISIANA LLC", "VOLTAGE": -999999, "VOLT_CLASS": "NOT AVAILABLE", "INFERRED": "N", "SUB_1": "UNKNOWN115489", "SUB_2": "UNKNOWN115490", "Shape__Len": 258.60277008866797, "Shape__Length": 258.6028125109068}}, {"type": "Feature", "id": 30295, "geometry": {"type": "LineString", "coordinates": [[-91.2557201763074, 30.3387054382311], [-91.2559088072457, 30.3386691629433], [-91.2586294413219, 30.3371601179761], [-91.2599498551951, 30.340156441824], [-91.2602473107419, 30.3417090170623], [-91.2602182906666, 30.3423474586356], [-91.2601094660582, 30.3430149210435], [-91.2599353447083, 30.3436896391689], [-91.2596669092368, 30.3442192551478], [-91.2593114126412, 30.345024562835], [-91.258977682225, 30.3457065349785], [-91.2586512057046, 30.3464030170794], [-91.2583102195958, 30.34707773433], [-91.2579329586175, 30.3478830417536], [-91.2576500126592, 30.3485069736218], [-91.2576137377897, 30.3500305291523], [-91.2576572683518, 30.3511115269128], [-91.2590647415524, 30.3559651377547], [-91.2605230019059, 30.3611234596521], [-91.2591227817029, 30.3611452249484], [-91.2583102195958, 30.3644825347723], [-91.254276427339, 30.3705694996458], [-91.2524916913634, 30.3732828791876], [-91.250017728376, 30.3770554912933], [-91.248365699619, 30.3795288273293]]}, "properties": {"OBJECTID_1": 30295, "OBJECTID": 30295, "ID": "134743", "TYPE": "OVERHEAD", "STATUS": "IN SERVICE", "NAICS_CODE": "221121", "NAICS_DESC": "ELECTRIC BULK POWER TRANSMISSION AND CONTROL", "SOURCE": "IMAGERY, EIA 861", "SOURCEDATE": 1406160000000, "VAL_METHOD": "IMAGERY", "VAL_DATE": 1406160000000, "OWNER": "ENTERGY GULF STATES - LA LLC", "VOLTAGE": -999999, "VOLT_CLASS": "NOT AVAILABLE", "INFERRED": "N", "SUB_1": "UNKNOWN115476", "SUB_2": "TAP143256", "Shape__Len": 6425.286944936237, "Shape__Length": 6425.286957495283}}, {"type": "Feature", "id": 30813, "geometry": {"type": "LineString", "coordinates": [[-91.1673347351786, 30.5449605862045], [-91.1673282008332, 30.5451370006453]]}, "properties": {"OBJECTID_1": 30813, "OBJECTID": 30813, "ID": "135343", "TYPE": "AC; OVERHEAD", "STATUS": "IN SERVICE", "NAICS_CODE": "221121", "NAICS_DESC": "ELECTRIC BULK POWER TRANSMISSION AND CONTROL", "SOURCE": "IMAGERY, EIA 861", "SOURCEDATE": 1406246400000, "VAL_METHOD": "IMAGERY", "VAL_DATE": 1589760000000, "OWNER": "ENTERGY GULF STATES - LA LLC", "VOLTAGE": 69, "VOLT_CLASS": "UNDER 100", "INFERRED": "Y", "SUB_1": "MAIN LINE", "SUB_2": "TAP142963", "Shape__Len": 22.81436999332145, "Shape__Length": 22.814298980216314}}, {"type": "Feature", "id": 31291, "geometry": {"type": "LineString", "coordinates": [[-91.0559300780819, 30.2226824430265], [-91.0566019280829, 30.2227785380642], [-91.0578272301304, 30.2234375386921], [-91.0592926518534, 30.2242452557096], [-91.0607240274271, 30.2250249462765], [-91.0621488452993, 30.2257891837499], [-91.0635850717755, 30.2265561319204], [-91.0664126817274, 30.2280843481595], [-91.0674721754347, 30.2286371268903], [-91.0667735241972, 30.2295916938289], [-91.0667178609889, 30.2299234106869]]}, "properties": {"OBJECTID_1": 31291, "OBJECTID": 31291, "ID": "135895", "TYPE": "AC; OVERHEAD", "STATUS": "IN SERVICE", "NAICS_CODE": "221121", "NAICS_DESC": "ELECTRIC BULK POWER TRANSMISSION AND CONTROL", "SOURCE": "IMAGERY, OpenStreetMap", "SOURCEDATE": 1406160000000, "VAL_METHOD": "IMAGERY", "VAL_DATE": 1490054400000, "OWNER": "ENTERGY LOUISIANA LLC", "VOLTAGE": 230, "VOLT_CLASS": "220-287", "INFERRED": "Y", "SUB_1": "CARVILLE ENERGY LLC", "SUB_2": "UNKNOWN115491", "Shape__Len": 1690.7111503518968, "Shape__Length": 1690.711166611619}}, {"type": "Feature", "id": 31420, "geometry": {"type": "LineString", "coordinates": [[-90.86775079866504, 30.86945795129952], [-90.8679646117391, 30.8672660941314], [-90.8681933228104, 30.8649221478793], [-90.8684664106568, 30.8621231860006], [-90.8687265627631, 30.8594570868759], [-90.8690154609585, 30.8564959442746], [-90.8693052565708, 30.8535256873529], [-90.8696089778667, 30.850412664368], [-90.8699301255808, 30.8471193792619], [-90.8702041117424, 30.8443103341328], [-90.8704835776273, 30.8414463677212], [-90.8708164034401, 30.8380333766893], [-90.8710846403839, 30.8352839210521], [-90.8713402110822, 30.8326628936189], [-90.8715752103606, 30.8302540776957], [-90.871892854645, 30.8269970523363], [-90.8722288245613, 30.8235523802897], [-90.872462027209, 30.8211611562062], [-90.8726628006751, 30.8191020652982], [-90.8729541243217, 30.8160884512813], [-90.8732782355779, 30.8127350439138], [-90.873555815899, 30.8098627286984], [-90.8738255799788, 30.8070722688619], [-90.8741385530238, 30.8038339768886], [-90.8743397756474, 30.8009436493435], [-90.8745495322663, 30.7979310853838], [-90.8747709669838, 30.7947507456629], [-90.8749934796797, 30.79155363234], [-90.8752027871409, 30.788548259682], [-90.8754208980919, 30.7854135277517], [-90.8756460159021, 30.7821799863798], [-90.8758815541696, 30.7787960679458], [-90.8761176314263, 30.775404466691], [-90.8763466119922, 30.7721137806266], [-90.8765827790804, 30.7687213278561], [-90.8768137359399, 30.7654022390948], [-90.8770125331123, 30.7625452610765], [-90.8772526527877, 30.7590962726634], [-90.8774528872646, 30.7562195766947], [-90.877658152307, 30.7532692239924], [-90.8778425764348, 30.7506186311892], [-90.8785772186742, 30.7500568357228], [-90.8792880555585, 30.7500522808197], [-90.8793651310099, 30.7498521736769], [-90.8794247791447, 30.7496972293189]]}, "properties": {"OBJECTID_1": 31420, "OBJECTID": 31420, "ID": "136042", "TYPE": "AC; OVERHEAD", "STATUS": "IN SERVICE", "NAICS_CODE": "221121", "NAICS_DESC": "ELECTRIC BULK POWER TRANSMISSION AND CONTROL", "SOURCE": "IMAGERY, http://www.oatioasis.com/TVA/TVAdocs/TVA_Transmission_Map_2011_r2.pdf", "SOURCEDATE": 1397088000000, "VAL_METHOD": "IMAGERY", "VAL_DATE": 1455235200000, "OWNER": "NOT AVAILABLE", "VOLTAGE": 500, "VOLT_CLASS": "500", "INFERRED": "Y", "SUB_1": "MC KNIGHT", "SUB_2": "FRANKLIN", "Shape__Len": 105312.3708978142, "Shape__Length": 105312.37082223965}}, {"type": "Feature", "id": 31441, "geometry": {"type": "LineString", "coordinates": [[-91.1067892291583, 30.4791825460849], [-91.1068866191115, 30.4790623971074]]}, "properties": {"OBJECTID_1": 31441, "OBJECTID": 31441, "ID": "136064", "TYPE": "AC; OVERHEAD", "STATUS": "IN SERVICE", "NAICS_CODE": "221121", "NAICS_DESC": "ELECTRIC BULK POWER TRANSMISSION AND CONTROL", "SOURCE": "IMAGERY, EIA 861", "SOURCEDATE": 1405036800000, "VAL_METHOD": "IMAGERY", "VAL_DATE": 1589760000000, "OWNER": "ENTERGY GULF STATES - LA LLC", "VOLTAGE": 138, "VOLT_CLASS": "100-161", "INFERRED": "Y", "SUB_1": "GREENWELL", "SUB_2": "TAP142974", "Shape__Len": 18.931218580436877, "Shape__Length": 18.93121322141383}}, {"type": "Feature", "id": 31910, "geometry": {"type": "LineString", "coordinates": [[-90.8863593437434, 30.587832933997], [-90.8865233797076, 30.587273869085], [-90.887273262764, 30.5869290570102], [-90.8901757122605, 30.5857138449872], [-90.8902861861758, 30.5841605161438], [-90.8911331519617, 30.5702776383544], [-90.8920638110876, 30.5493679538501], [-90.8933140836051, 30.5197756713276], [-90.893742293433, 30.51114287031], [-90.8945751053633, 30.5111904590056], [-90.8952294561825, 30.5005066792253], [-90.8954555046474, 30.5000069921708], [-90.8954793001209, 30.4994240243082], [-90.8955607072486, 30.4983223766282], [-90.8958463077286, 30.4938437661442], [-90.8965430509444, 30.4918979078612], [-90.8978769054109, 30.4917347070778], [-90.8974908723838, 30.490215683179], [-90.8976164110465, 30.488053269709], [-90.8978141347321, 30.4878398528514], [-90.8978047203879, 30.4876076059972], [-90.8978737666973, 30.4875479752621]]}, "properties": {"OBJECTID_1": 31910, "OBJECTID": 31910, "ID": "136600", "TYPE": "OVERHEAD", "STATUS": "IN SERVICE", "NAICS_CODE": "221121", "NAICS_DESC": "ELECTRIC BULK POWER TRANSMISSION AND CONTROL", "SOURCE": "IMAGERY", "SOURCEDATE": 1404777600000, "VAL_METHOD": "IMAGERY", "VAL_DATE": 1404777600000, "OWNER": "ENTERGY LOUISIANA LLC", "VOLTAGE": -999999, "VOLT_CLASS": "UNDER 100", "INFERRED": "Y", "SUB_1": "UNKNOWN112436", "SUB_2": "UNKNOWN114247", "Shape__Len": 13487.75502584012, "Shape__Length": 13487.754982126342}}, {"type": "Feature", "id": 32027, "geometry": {"type": "LineString", "coordinates": [[-91.1159450858078, 30.2743104090663], [-91.1171224968709, 30.2739661669149], [-91.1179300427854, 30.2747830296137], [-91.1166379698611, 30.2766683378263], [-91.1153680179507, 30.2784872270748], [-91.1148458398525, 30.2783797128387]]}, "properties": {"OBJECTID_1": 32027, "OBJECTID": 32027, "ID": "136741", "TYPE": "AC; OVERHEAD", "STATUS": "NOT AVAILABLE", "NAICS_CODE": "221121", "NAICS_DESC": "ELECTRIC BULK POWER TRANSMISSION AND CONTROL", "SOURCE": "IMAGERY, EIA 860", "SOURCEDATE": 1402876800000, "VAL_METHOD": "IMAGERY", "VAL_DATE": 1490054400000, "OWNER": "ENTERGY LOUISIANA LLC", "VOLTAGE": 138, "VOLT_CLASS": "100-161", "INFERRED": "Y", "SUB_1": "WILLOW GLEN (500KV)", "SUB_2": "NOT AVAILABLE", "Shape__Len": 892.7558014335236, "Shape__Length": 892.7558379292916}}, {"type": "Feature", "id": 32596, "geometry": {"type": "LineString", "coordinates": [[-91.1255100603905, 30.4544210218313], [-91.1256397681344, 30.4545244220265], [-91.1273815331983, 30.4544256742888], [-91.1277896108825, 30.4636722593394], [-91.1278029939836, 30.4638598357462], [-91.127828091116, 30.4640462077542], [-91.1278648043633, 30.464230643658], [-91.1279129890968, 30.4644124202743], [-91.1279724566703, 30.4645908237169], [-91.1280429753185, 30.4647651563646], [-91.1281242656651, 30.4649347322154], [-91.1282160106051, 30.4650988877254], [-91.1283178508122, 30.4652569802608], [-91.1302309380756, 30.4676697540801], [-91.1303522896907, 30.4710390711077], [-91.1303594286022, 30.4710390711077]]}, "properties": {"OBJECTID_1": 32596, "OBJECTID": 32596, "ID": "137394", "TYPE": "AC; OVERHEAD", "STATUS": "IN SERVICE", "NAICS_CODE": "221121", "NAICS_DESC": "ELECTRIC BULK POWER TRANSMISSION AND CONTROL", "SOURCE": "IMAGERY, EIA 861", "SOURCEDATE": 1404950400000, "VAL_METHOD": "IMAGERY", "VAL_DATE": 1589760000000, "OWNER": "ENTERGY GULF STATES - LA LLC", "VOLTAGE": 138, "VOLT_CLASS": "100-161", "INFERRED": "Y", "SUB_1": "TAP143268", "SUB_2": "SEARS", "Shape__Len": 2437.7237903249234, "Shape__Length": 2437.723763190676}}, {"type": "Feature", "id": 32813, "geometry": {"type": "LineString", "coordinates": [[-91.0323261936114, 30.4749726076481], [-91.0323519132763, 30.4750926300569], [-91.0324959401658, 30.4751097773198]]}, "properties": {"OBJECTID_1": 32813, "OBJECTID": 32813, "ID": "137663", "TYPE": "OVERHEAD", "STATUS": "IN SERVICE", "NAICS_CODE": "221121", "NAICS_DESC": "ELECTRIC BULK POWER TRANSMISSION AND CONTROL", "SOURCE": "IMAGERY, EIA 861", "SOURCEDATE": 1404950400000, "VAL_METHOD": "IMAGERY", "VAL_DATE": 1404950400000, "OWNER": "ENTERGY GULF STATES - LA LLC", "VOLTAGE": -999999, "VOLT_CLASS": "UNDER 100", "INFERRED": "Y", "SUB_1": "UNKNOWN112506", "SUB_2": "TAP143267", "Shape__Len": 31.949866476141757, "Shape__Length": 31.949924294683584}}, {"type": "Feature", "id": 33835, "geometry": {"type": "LineString", "coordinates": [[-91.330390366952, 30.7453373920345], [-91.3322576572039, 30.7451948010376], [-91.3331142628111, 30.7422085778973], [-91.3398719320623, 30.7280864772666], [-91.3598831985901, 30.7247790260849], [-91.3665126333346, 30.7236271966723], [-91.36721130164, 30.7239007500002], [-91.3680097808584, 30.7246992286962]]}, "properties": {"OBJECTID_1": 33835, "OBJECTID": 33835, "ID": "138812", "TYPE": "AC; OVERHEAD", "STATUS": "IN SERVICE", "NAICS_CODE": "221121", "NAICS_DESC": "ELECTRIC BULK POWER TRANSMISSION AND CONTROL", "SOURCE": "IMAGERY, http://www.oatioasis.com/TVA/TVAdocs/TVA_Transmission_Map_2011_r2.pdf", "SOURCEDATE": 1402963200000, "VAL_METHOD": "IMAGERY", "VAL_DATE": 1443744000000, "OWNER": "ENTERGY LOUISIANA LLC", "VOLTAGE": 500, "VOLT_CLASS": "500", "INFERRED": "Y", "SUB_1": "BIG CAJUN 2", "SUB_2": "FANCY POINT", "Shape__Len": 5827.8438636998135, "Shape__Length": 5827.8438430381375}}, {"type": "Feature", "id": 34639, "geometry": {"type": "LineString", "coordinates": [[-91.1103018440401, 30.2769478732637], [-91.1114914209871, 30.275966394911], [-91.1148706881516, 30.2777709476193], [-91.114665696197, 30.2780163178827], [-91.1148458398525, 30.2783797128387]]}, "properties": {"OBJECTID_1": 34639, "OBJECTID": 34639, "ID": "139769", "TYPE": "AC; OVERHEAD", "STATUS": "IN SERVICE", "NAICS_CODE": "221121", "NAICS_DESC": "ELECTRIC BULK POWER TRANSMISSION AND CONTROL", "SOURCE": "IMAGERY, EIA 860", "SOURCEDATE": 1402876800000, "VAL_METHOD": "IMAGERY", "VAL_DATE": 1490054400000, "OWNER": "ENTERGY LOUISIANA LLC", "VOLTAGE": 138, "VOLT_CLASS": "100-161", "INFERRED": "Y", "SUB_1": "WILLOW GLEN (500KV)", "SUB_2": "WILLOW GLEN (230KV)", "Shape__Len": 715.3869589217676, "Shape__Length": 715.3869861261138}}, {"type": "Feature", "id": 34975, "geometry": {"type": "LineString", "coordinates": [[-91.1734358689078, 30.4372247039919], [-91.1731366670361, 30.4372112530113], [-91.1731069552581, 30.4365668770715], [-91.1724643382331, 30.4365839877423], [-91.1677537220035, 30.4366953263054], [-91.1675181549899, 30.435774474371], [-91.1541836563372, 30.4360314560822], [-91.1535340629957, 30.4361385323053], [-91.1535340629957, 30.4364883129369], [-91.1534769561948, 30.4366096653607]]}, "properties": {"OBJECTID_1": 34975, "OBJECTID": 34975, "ID": "140142", "TYPE": "OVERHEAD", "STATUS": "IN SERVICE", "NAICS_CODE": "221121", "NAICS_DESC": "ELECTRIC BULK POWER TRANSMISSION AND CONTROL", "SOURCE": "IMAGERY, EIA 861", "SOURCEDATE": 1405900800000, "VAL_METHOD": "IMAGERY", "VAL_DATE": 1405900800000, "OWNER": "ENTERGY GULF STATES - LA LLC", "VOLTAGE": -999999, "VOLT_CLASS": "UNDER 100", "INFERRED": "Y", "SUB_1": "JULIA", "SUB_2": "BROUSSARD", "Shape__Len": 2454.9680174223454, "Shape__Length": 2454.968013415496}}, {"type": "Feature", "id": 35325, "geometry": {"type": "LineString", "coordinates": [[-91.3551438524411, 30.6727444443659], [-91.3553318761183, 30.6740230071791]]}, "properties": {"OBJECTID_1": 35325, "OBJECTID": 35325, "ID": "140539", "TYPE": "OVERHEAD", "STATUS": "NOT AVAILABLE", "NAICS_CODE": "221121", "NAICS_DESC": "ELECTRIC BULK POWER TRANSMISSION AND CONTROL", "SOURCE": "IMAGERY, OpenStreetMap", "SOURCEDATE": 1404950400000, "VAL_METHOD": "IMAGERY", "VAL_DATE": 1611705600000, "OWNER": "ENTERGY LOUISIANA LLC", "VOLTAGE": 230, "VOLT_CLASS": "220-287", "INFERRED": "Y", "SUB_1": "BIG CAJUN 1", "SUB_2": "NOT AVAILABLE", "Shape__Len": 166.80007087782752, "Shape__Length": 166.80004239048947}}, {"type": "Feature", "id": 35800, "geometry": {"type": "LineString", "coordinates": [[-91.2550852057421, 30.3819030029692], [-91.2541737463087, 30.3817061996448], [-91.2538455369382, 30.381596524949], [-91.2535541351381, 30.3821120811235], [-91.2505832322204, 30.380953226335], [-91.2490760388367, 30.3798738487167], [-91.248365699619, 30.3795288273293]]}, "properties": {"OBJECTID_1": 35800, "OBJECTID": 35800, "ID": "141086", "TYPE": "OVERHEAD", "STATUS": "IN SERVICE", "NAICS_CODE": "221121", "NAICS_DESC": "ELECTRIC BULK POWER TRANSMISSION AND CONTROL", "SOURCE": "IMAGERY, EIA 861", "SOURCEDATE": 1406160000000, "VAL_METHOD": "IMAGERY", "VAL_DATE": 1406160000000, "OWNER": "ENTERGY GULF STATES - LA LLC", "VOLTAGE": -999999, "VOLT_CLASS": "NOT AVAILABLE", "INFERRED": "N", "SUB_1": "TAP143256", "SUB_2": "ADDIS", "Shape__Len": 889.5491521441846, "Shape__Length": 889.5491824496182}}, {"type": "Feature", "id": 35804, "geometry": {"type": "LineString", "coordinates": [[-91.1833124906222, 30.519235218767], [-91.1830200324033, 30.5197356559357], [-91.1821566768551, 30.5198626203398], [-91.1822554259593, 30.52070058264], [-91.1830849249028, 30.5223539367407], [-91.1876173854486, 30.5310659453576], [-91.1913383861202, 30.5381174310736], [-91.1932900686014, 30.5380837808223], [-91.1933685849505, 30.5398859097692], [-91.1933798022134, 30.5402261463262], [-91.192989591122, 30.540249299127]]}, "properties": {"OBJECTID_1": 35804, "OBJECTID": 35804, "ID": "141090", "TYPE": "AC; OVERHEAD", "STATUS": "IN SERVICE", "NAICS_CODE": "221121", "NAICS_DESC": "ELECTRIC BULK POWER TRANSMISSION AND CONTROL", "SOURCE": "IMAGERY, EIA 861, https://cdn.misoenergy.org/Entergy Louisiana Transferred Facilities 2019390620.xlsx", "SOURCEDATE": 1405900800000, "VAL_METHOD": "IMAGERY", "VAL_DATE": 1587340800000, "OWNER": "ENTERGY GULF STATES - LA LLC", "VOLTAGE": 69, "VOLT_CLASS": "UNDER 100", "INFERRED": "Y", "SUB_1": "JAGUAR", "SUB_2": "BLOUNT", "Shape__Len": 3284.2458633009496, "Shape__Length": 3284.2459010226776}}, {"type": "Feature", "id": 35940, "geometry": {"type": "LineString", "coordinates": [[-90.9857280582531, 30.1869045869996], [-90.9872982792338, 30.1855810983252], [-90.9893925908259, 30.1867437787351], [-90.993139597725, 30.1887464893282], [-90.9984994569531, 30.1916951380863], [-90.9925244727409, 30.195548116759], [-90.9911167543002, 30.1963406096386], [-90.9917305327096, 30.1971342887112], [-90.9917430947506, 30.1978503322406]]}, "properties": {"OBJECTID_1": 35940, "OBJECTID": 35940, "ID": "141266", "TYPE": "AC; OVERHEAD", "STATUS": "IN SERVICE", "NAICS_CODE": "221121", "NAICS_DESC": "ELECTRIC BULK POWER TRANSMISSION AND CONTROL", "SOURCE": "IMAGERY, EIA 860", "SOURCEDATE": 1402444800000, "VAL_METHOD": "IMAGERY", "VAL_DATE": 1490227200000, "OWNER": "ENTERGY LOUISIANA LLC", "VOLTAGE": 230, "VOLT_CLASS": "220-287", "INFERRED": "Y", "SUB_1": "SHELL CHEMICAL", "SUB_2": "UNKNOWN111880", "Shape__Len": 2950.9478202962105, "Shape__Length": 2950.947718110428}}, {"type": "Feature", "id": 36222, "geometry": {"type": "LineString", "coordinates": [[-91.1760320063671, 30.3849442391252], [-91.1758939128501, 30.3852916421148], [-91.1759359028014, 30.3855190903452], [-91.1758729183235, 30.3860579679627], [-91.1752080679952, 30.3907923962767], [-91.1750470000648, 30.3918330002601]]}, "properties": {"OBJECTID_1": 36222, "OBJECTID": 36222, "ID": "141588", "TYPE": "OVERHEAD", "STATUS": "NOT AVAILABLE", "NAICS_CODE": "221121", "NAICS_DESC": "ELECTRIC BULK POWER TRANSMISSION AND CONTROL", "SOURCE": "IMAGERY, EIA 861", "SOURCEDATE": 1405987200000, "VAL_METHOD": "IMAGERY", "VAL_DATE": 1566518400000, "OWNER": "ENTERGY GULF STATES - LA LLC", "VOLTAGE": -999999, "VOLT_CLASS": "NOT AVAILABLE", "INFERRED": "N", "SUB_1": "TIGER", "SUB_2": "DEADEND167027", "Shape__Len": 897.9284595698272, "Shape__Length": 897.9284920133113}}, {"type": "Feature", "id": 37179, "geometry": {"type": "LineString", "coordinates": [[-90.9178695660325, 30.4999932371565], [-90.917548687813, 30.5000543556599], [-90.9177412147447, 30.4993728740082], [-90.9180874227602, 30.4994283046345], [-90.9182967194417, 30.4984722020154], [-90.9184465557361, 30.4979061506986], [-90.9186059060877, 30.4974185863835], [-90.9182186046395, 30.4956861726234], [-90.9181517250666, 30.4923221053843], [-90.9181730438849, 30.4884949571188], [-90.9176260201825, 30.4859120517756], [-90.9176212627048, 30.4830794181638], [-90.9176117504443, 30.4779754452758], [-90.916746024242, 30.4772072330148], [-90.9163678640501, 30.4697891103427], [-90.9158612717221, 30.4602209437007], [-90.9180374773288, 30.4602708903602], [-90.9180350985899, 30.4601186738804], [-90.9181016933968, 30.4601139179343]]}, "properties": {"OBJECTID_1": 37179, "OBJECTID": 37179, "ID": "142671", "TYPE": "OVERHEAD", "STATUS": "IN SERVICE", "NAICS_CODE": "221121", "NAICS_DESC": "ELECTRIC BULK POWER TRANSMISSION AND CONTROL", "SOURCE": "IMAGERY", "SOURCEDATE": 1404777600000, "VAL_METHOD": "IMAGERY", "VAL_DATE": 1409875200000, "OWNER": "ENTERGY LOUISIANA LLC", "VOLTAGE": -999999, "VOLT_CLASS": "UNDER 100", "INFERRED": "Y", "SUB_1": "UNKNOWN114608", "SUB_2": "LOCKHART", "Shape__Len": 5557.75083824708, "Shape__Length": 5557.751027959261}}, {"type": "Feature", "id": 38361, "geometry": {"type": "LineString", "coordinates": [[-91.188875974569, 30.4817907631055], [-91.1880200642579, 30.4813681787069], [-91.1869284324229, 30.4810927319439], [-91.1871409729208, 30.4796270716262], [-91.1873136291184, 30.4782468603739], [-91.1874894294195, 30.4768748352848], [-91.1876492397086, 30.4754505309302], [-91.1859901412104, 30.4755951532368], [-91.1843214307386, 30.475677761278], [-91.1826032230946, 30.4757659443169], [-91.1810209305532, 30.4758375577024], [-91.1793929137638, 30.4758685259713], [-91.1777212388516, 30.4759210953596], [-91.1760633081632, 30.4759604242515], [-91.1759324236263, 30.4743531603732], [-91.1756605035898, 30.4727316233298], [-91.1755937587642, 30.4712508926959], [-91.1753547170671, 30.4697477658944], [-91.1752643474478, 30.4685267576835], [-91.1751739760319, 30.4671684551666], [-91.1758306454029, 30.4656671228717], [-91.1764721305507, 30.4641770722095], [-91.1763239992586, 30.462990141194], [-91.1762135055804, 30.4621503220461], [-91.1761092120742, 30.4606611467813], [-91.1760143499802, 30.4591746589404], [-91.1749046611097, 30.4581268947808], [-91.1747069419157, 30.4565034606517], [-91.1746213315708, 30.4550704192666], [-91.1758213020256, 30.4550356499607], [-91.1769217382487, 30.4549993318973], [-91.1768252591872, 30.4539595756244], [-91.1768050470933, 30.4527466562669], [-91.1777295033522, 30.4527372861426], [-91.1783785361449, 30.4524689587001], [-91.1778362815984, 30.4523957328824]]}, "properties": {"OBJECTID_1": 38361, "OBJECTID": 38361, "ID": "143997", "TYPE": "AC; OVERHEAD", "STATUS": "IN SERVICE", "NAICS_CODE": "221121", "NAICS_DESC": "ELECTRIC BULK POWER TRANSMISSION AND CONTROL", "SOURCE": "IMAGERY, OpenStreetMap, EIA 861, EIA 860", "SOURCEDATE": 1403049600000, "VAL_METHOD": "IMAGERY", "VAL_DATE": 1588204800000, "OWNER": "ENTERGY GULF STATES - LA LLC", "VOLTAGE": 230, "VOLT_CLASS": "220-287", "INFERRED": "Y", "SUB_1": "EXXON", "SUB_2": "DOWNTOWN", "Shape__Len": 5834.088096701654, "Shape__Length": 5834.0880600537275}}, {"type": "Feature", "id": 38561, "geometry": {"type": "LineString", "coordinates": [[-90.8490623019548, 30.18513136737], [-90.8493064254215, 30.1848371043748], [-90.8511058389705, 30.1848736407552], [-90.8511828245904, 30.1832437316616], [-90.851162881991, 30.16916746262], [-90.8511009476438, 30.1678208099009], [-90.8510915557575, 30.1676165901291], [-90.8511353423394, 30.1672329927855], [-90.8512347472138, 30.1663621426619], [-90.8512309742896, 30.1651254648877], [-90.8512222606313, 30.1636110319044], [-90.85121958074592, 30.16246895044765]]}, "properties": {"OBJECTID_1": 38561, "OBJECTID": 38561, "ID": "144218", "TYPE": "AC; OVERHEAD", "STATUS": "IN SERVICE", "NAICS_CODE": "221121", "NAICS_DESC": "ELECTRIC BULK POWER TRANSMISSION AND CONTROL", "SOURCE": "IMAGERY, OpenStreetMap", "SOURCEDATE": 1405987200000, "VAL_METHOD": "IMAGERY", "VAL_DATE": 1490054400000, "OWNER": "ENTERGY LOUISIANA LLC", "VOLTAGE": 230, "VOLT_CLASS": "220-287", "INFERRED": "Y", "SUB_1": "UNKNOWN112520", "SUB_2": "SORRENTO", "Shape__Len": 13488.684232934003, "Shape__Length": 13488.684101706724}}, {"type": "Feature", "id": 38590, "geometry": {"type": "LineString", "coordinates": [[-91.330390366952, 30.7453373920345], [-91.3313296669727, 30.7450877260156], [-91.3317460729378, 30.7435648711199], [-91.3383014882995, 30.7297996892041], [-91.3366715572002, 30.7274321252026], [-91.3352562426054, 30.7253865389269], [-91.3344908070165, 30.7240415701342], [-91.3328653908498, 30.7209485448634], [-91.3324981990875, 30.7200794438287], [-91.3339832130669, 30.7195875731345], [-91.336956219839, 30.7186504870462], [-91.3386932256286, 30.7178890591353], [-91.3404778223653, 30.7172109126253], [-91.3558995152581, 30.7129353679851], [-91.3614858056334, 30.7113104586332], [-91.361453705235, 30.7112276843563]]}, "properties": {"OBJECTID_1": 38590, "OBJECTID": 38590, "ID": "144253", "TYPE": "AC; OVERHEAD", "STATUS": "IN SERVICE", "NAICS_CODE": "221121", "NAICS_DESC": "ELECTRIC BULK POWER TRANSMISSION AND CONTROL", "SOURCE": "IMAGERY, EIA 860", "SOURCEDATE": 1402963200000, "VAL_METHOD": "IMAGERY", "VAL_DATE": 1589414400000, "OWNER": "ENTERGY LOUISIANA LLC", "VOLTAGE": 230, "VOLT_CLASS": "220-287", "INFERRED": "Y", "SUB_1": "FANCY POINT", "SUB_2": "TAP173574", "Shape__Len": 7091.504466489537, "Shape__Length": 7091.504373824833}}, {"type": "Feature", "id": 38751, "geometry": {"type": "LineString", "coordinates": [[-91.1893886655595, 30.4583534632168], [-91.1895298798239, 30.4582964821871], [-91.1902854977251, 30.4584476058156], [-91.1895472218005, 30.4665463543415], [-91.1903400021067, 30.4679758356252], [-91.1904539641802, 30.4687587062886], [-91.1891161472451, 30.4735129119565], [-91.1888956548602, 30.4745955516724], [-91.1889997076179, 30.4778484292841], [-91.1879988217963, 30.4811984348349], [-91.1872245360052, 30.4835972878012], [-91.1867497629028, 30.4870043020715], [-91.1862779766987, 30.4905247847866], [-91.1862063126986, 30.4910533049321], [-91.1868333709029, 30.4911130248613], [-91.1871618300051, 30.4907278322607], [-91.1872514100052, 30.490530756891]]}, "properties": {"OBJECTID_1": 38751, "OBJECTID": 38751, "ID": "144440", "TYPE": "OVERHEAD", "STATUS": "IN SERVICE", "NAICS_CODE": "221121", "NAICS_DESC": "ELECTRIC BULK POWER TRANSMISSION AND CONTROL", "SOURCE": "IMAGERY, EIA 861", "SOURCEDATE": 1405036800000, "VAL_METHOD": "IMAGERY", "VAL_DATE": 1409875200000, "OWNER": "ENTERGY GULF STATES - LA LLC", "VOLTAGE": -999999, "VOLT_CLASS": "UNDER 100", "INFERRED": "Y", "SUB_1": "EXXONMOBIL BATON ROUGE TURBINE GENERATOR", "SUB_2": "CAPITOL", "Shape__Len": 4551.1293003970595, "Shape__Length": 4551.129377967838}}, {"type": "Feature", "id": 38826, "geometry": {"type": "LineString", "coordinates": [[-91.0033394817876, 30.2149547231086], [-91.0040262797549, 30.2141615448174], [-91.0044082452103, 30.2138332952369], [-91.004910990054, 30.2128810369674], [-91.0078108137749, 30.210353718233], [-91.0078634316944, 30.210241535222]]}, "properties": {"OBJECTID_1": 38826, "OBJECTID": 38826, "ID": "144529", "TYPE": "AC; OVERHEAD", "STATUS": "IN SERVICE", "NAICS_CODE": "221121", "NAICS_DESC": "ELECTRIC BULK POWER TRANSMISSION AND CONTROL", "SOURCE": "IMAGERY, EIA 860", "SOURCEDATE": 1406160000000, "VAL_METHOD": "IMAGERY", "VAL_DATE": 1553558400000, "OWNER": "ENTERGY LOUISIANA LLC", "VOLTAGE": 230, "VOLT_CLASS": "220-287", "INFERRED": "Y", "SUB_1": "UNKNOWN115488", "SUB_2": "UNKNOWN115489", "Shape__Len": 796.4741690163517, "Shape__Length": 796.4741708528718}}, {"type": "Feature", "id": 38926, "geometry": {"type": "LineString", "coordinates": [[-91.1742546410684, 30.4063915179158], [-91.1740285917053, 30.4063962772571], [-91.1736288423022, 30.406044117137], [-91.1728933906808, 30.405387180139]]}, "properties": {"OBJECTID_1": 38926, "OBJECTID": 38926, "ID": "144637", "TYPE": "OVERHEAD", "STATUS": "IN SERVICE", "NAICS_CODE": "221121", "NAICS_DESC": "ELECTRIC BULK POWER TRANSMISSION AND CONTROL", "SOURCE": "IMAGERY, EIA 861", "SOURCEDATE": 1406678400000, "VAL_METHOD": "IMAGERY", "VAL_DATE": 1406678400000, "OWNER": "ENTERGY GULF STATES - LA LLC", "VOLTAGE": -999999, "VOLT_CLASS": "NOT AVAILABLE", "INFERRED": "N", "SUB_1": "UNKNOWN115775", "SUB_2": "TAP143281", "Shape__Len": 206.64774403660772, "Shape__Length": 206.64779798284727}}, {"type": "Feature", "id": 39662, "geometry": {"type": "LineString", "coordinates": [[-91.2380214500021, 30.3216271710536], [-91.2380669191285, 30.3218409429928], [-91.2378041690944, 30.3221374741932], [-91.2376197270003, 30.3223343632494], [-91.2387325671607, 30.3230708247326], [-91.2402171229993, 30.3241098797191], [-91.2416945821471, 30.3251425669347], [-91.2431953965939, 30.3261986586168], [-91.2447018722237, 30.3272454358335], [-91.2461791517084, 30.3282702579009], [-91.2476565210247, 30.3293138331869], [-91.2491429633254, 30.3303558466306], [-91.2506221292722, 30.331390094682], [-91.2521049783117, 30.332418053068], [-91.2535170401068, 30.3333692422975], [-91.2536920750433, 30.333188068281], [-91.2545720215765, 30.3322772503402], [-91.2556179300617, 30.3311507436941], [-91.2566457824098, 30.3299600239444], [-91.2583986650237, 30.329776960257], [-91.2601171421623, 30.3295344263189], [-91.2618319362081, 30.3292794843148], [-91.2635866145543, 30.3286567829214], [-91.2653340183433, 30.3278616330007], [-91.2654919421702, 30.3278581437865], [-91.2655928660957, 30.3278249070759]]}, "properties": {"OBJECTID_1": 39662, "OBJECTID": 39662, "ID": "145471", "TYPE": "AC; OVERHEAD", "STATUS": "IN SERVICE", "NAICS_CODE": "221121", "NAICS_DESC": "ELECTRIC BULK POWER TRANSMISSION AND CONTROL", "SOURCE": "IMAGERY, OpenStreetMap", "SOURCEDATE": 1406073600000, "VAL_METHOD": "IMAGERY", "VAL_DATE": 1489536000000, "OWNER": "ENTERGY LOUISIANA LLC", "VOLTAGE": 230, "VOLT_CLASS": "220-287", "INFERRED": "Y", "SUB_1": "UNKNOWN112485", "SUB_2": "UNKNOWN112489", "Shape__Len": 3985.7156520119647, "Shape__Length": 3985.715706620555}}, {"type": "Feature", "id": 40094, "geometry": {"type": "LineString", "coordinates": [[-91.1348009158609, 30.4926173993471], [-91.134632737765, 30.4925489263396], [-91.1342767354179, 30.4925555833752], [-91.1342580495617, 30.4932478351801], [-91.1338144623727, 30.4932583632833], [-91.133118357859, 30.4932730698056], [-91.1325493649581, 30.4933014781032], [-91.1320089375848, 30.4933157209523], [-91.1312406992522, 30.49332802863], [-91.1304648243413, 30.4933460636324], [-91.1296647847493, 30.4933583720803], [-91.1289318493089, 30.4933716860403], [-91.1281845408241, 30.4933801233743], [-91.1275858136872, 30.4933640227728], [-91.1267911639869, 30.4933593783681], [-91.1251887491831, 30.4933849233656], [-91.123566571443, 30.4934152660242], [-91.1219641566392, 30.4934418939266], [-91.1203550035724, 30.4934759528609], [-91.1191334753474, 30.4921558508044], [-91.1179118563925, 30.4908471873323], [-91.1166681388816, 30.4894985628009], [-91.1154135517559, 30.4881499203526], [-91.1142755659539, 30.4869340190955], [-91.1130759557235, 30.4856347297707], [-91.1118762556616, 30.4843543902845], [-91.1106590375533, 30.4830303703771], [-91.1094638299661, 30.481729094314], [-91.1082972777381, 30.4804694496619], [-91.1070848215991, 30.4791780480976], [-91.1068064336926, 30.478876350348], [-91.1057093212361, 30.4776971847893], [-91.1046240674397, 30.4765301606844], [-91.1035404288141, 30.4753602580112], [-91.1024408010748, 30.4741616951385], [-91.1013333579926, 30.4729822409838], [-91.1002719975861, 30.4718356776915], [-91.0996625813956, 30.4711883353643], [-91.098415001129, 30.4698332436384], [-91.09716903783, 30.4684851796455], [-91.0963018042547, 30.4675510240747], [-91.0949236987773, 30.4671519630912], [-91.093528255815, 30.4667514293425], [-91.0921279619501, 30.4663468676787], [-91.0907403343307, 30.4659450917623], [-91.0893495626078, 30.465539056375], [-91.087957263749, 30.4651371207194], [-91.0879079462399, 30.4639192301173], [-91.0878473997897, 30.4626367459311], [-91.0877917042421, 30.4613488253807], [-91.0877440037005, 30.4600855866765], [-91.0880527546637, 30.4586549210066], [-91.0871536308958, 30.4576755257208], [-91.0869385840982, 30.4573380102149]]}, "properties": {"OBJECTID_1": 40094, "OBJECTID": 40094, "ID": "145959", "TYPE": "AC; OVERHEAD", "STATUS": "IN SERVICE", "NAICS_CODE": "221121", "NAICS_DESC": "ELECTRIC BULK POWER TRANSMISSION AND CONTROL", "SOURCE": "IMAGERY, OpenStreetMap, EIA 861, EIA 860", "SOURCEDATE": 1405900800000, "VAL_METHOD": "IMAGERY", "VAL_DATE": 1588204800000, "OWNER": "ENTERGY GULF STATES - LA LLC", "VOLTAGE": 230, "VOLT_CLASS": "220-287", "INFERRED": "Y", "SUB_1": "HAZEL", "SUB_2": "OAK VILLA", "Shape__Len": 8017.174308924093, "Shape__Length": 8017.17413238825}}, {"type": "Feature", "id": 40902, "geometry": {"type": "LineString", "coordinates": [[-91.2540046366599, 30.3236703403161], [-91.2544763240492, 30.3247947168964], [-91.2574402811932, 30.3313949569206], [-91.2597031841063, 30.3364781459875], [-91.2558144922257, 30.3385748466667], [-91.2557201763074, 30.3387054382311]]}, "properties": {"OBJECTID_1": 40902, "OBJECTID": 40902, "ID": "146889", "TYPE": "AC; OVERHEAD", "STATUS": "IN SERVICE", "NAICS_CODE": "221121", "NAICS_DESC": "ELECTRIC BULK POWER TRANSMISSION AND CONTROL", "SOURCE": "IMAGERY, EIA 860", "SOURCEDATE": 1406073600000, "VAL_METHOD": "IMAGERY", "VAL_DATE": 1553644800000, "OWNER": "ENTERGY GULF STATES - LA LLC", "VOLTAGE": 69, "VOLT_CLASS": "UNDER 100", "INFERRED": "Y", "SUB_1": "UNKNOWN115476", "SUB_2": "TAP143258", "Shape__Len": 2299.764364638169, "Shape__Length": 2299.764365562766}}, {"type": "Feature", "id": 41102, "geometry": {"type": "LineString", "coordinates": [[-91.1129004491715, 30.2784054436538], [-91.1121240747973, 30.2805478299652], [-91.1109076049857, 30.2814167371576], [-91.1061517891242, 30.2876786582732], [-91.1055493465554, 30.2884896372261], [-91.1044197680862, 30.2900015347176], [-91.1036106123906, 30.2910800427096], [-91.0988529298301, 30.2973883776264], [-91.0205867911879, 30.3459392732649], [-91.0142016263355, 30.3501692822877], [-91.001380780769, 30.3588556806923], [-90.9993052233051, 30.3599338881555], [-90.9946617417699, 30.362299469342], [-90.9879767776662, 30.3656775261212], [-90.9834440458292, 30.3679784552505], [-90.9809589302575, 30.3689919892227], [-90.9759357937338, 30.3710730009042], [-90.973533570205, 30.3718628992453], [-90.9712331338827, 30.3728078908534], [-90.9689849274077, 30.3739236963071], [-90.8999616140126, 30.4166662442898], [-90.8955628335609, 30.4871608363539], [-90.8962458343495, 30.4877032778311]]}, "properties": {"OBJECTID_1": 41102, "OBJECTID": 41102, "ID": "147119", "TYPE": "AC; OVERHEAD", "STATUS": "IN SERVICE", "NAICS_CODE": "221121", "NAICS_DESC": "ELECTRIC BULK POWER TRANSMISSION AND CONTROL", "SOURCE": "IMAGERY, OpenStreetMap, http://www.oatioasis.com/TVA/TVAdocs/TVA_Transmission_Map_2011_r2.pdf", "SOURCEDATE": 1403049600000, "VAL_METHOD": "IMAGERY", "VAL_DATE": 1443744000000, "OWNER": "ENTERGY LOUISIANA LLC", "VOLTAGE": 500, "VOLT_CLASS": "500", "INFERRED": "Y", "SUB_1": "COLY", "SUB_2": "WILLOW GLEN (500KV)", "Shape__Len": 39143.50237488754, "Shape__Length": 39143.5024254609}}, {"type": "Feature", "id": 41130, "geometry": {"type": "LineString", "coordinates": [[-91.1566256527752, 30.550161580292], [-91.1566110632367, 30.5503505286553], [-91.1560973328954, 30.5510816063045], [-91.1511943137016, 30.5512876627271], [-91.1510955187833, 30.5503928692965], [-91.1504519450525, 30.5498622023568], [-91.1380292687526, 30.5501303579516], [-91.1380687874386, 30.5495093663443], [-91.1379022478697, 30.5495375926536], [-91.1378768444118, 30.5494783163115]]}, "properties": {"OBJECTID_1": 41130, "OBJECTID": 41130, "ID": "147149", "TYPE": "AC; OVERHEAD", "STATUS": "IN SERVICE", "NAICS_CODE": "221121", "NAICS_DESC": "ELECTRIC BULK POWER TRANSMISSION AND CONTROL", "SOURCE": "IMAGERY, EIA 861", "SOURCEDATE": 1406246400000, "VAL_METHOD": "IMAGERY", "VAL_DATE": 1589760000000, "OWNER": "ENTERGY GULF STATES - LA LLC", "VOLTAGE": 69, "VOLT_CLASS": "UNDER 100", "INFERRED": "Y", "SUB_1": "UNKNOWN115669", "SUB_2": "TAP142964", "Shape__Len": 2387.535038724419, "Shape__Length": 2387.5348911798674}}, {"type": "Feature", "id": 41184, "geometry": {"type": "LineString", "coordinates": [[-91.2550852057421, 30.3819030029692], [-91.2554868398107, 30.3825524708892], [-91.2538979940592, 30.382212589129], [-91.2537852770506, 30.382353956235], [-91.2526444166398, 30.3836567921063], [-91.2515331108018, 30.3850578707196], [-91.2506275191639, 30.386165623637], [-91.2495427136268, 30.387547760075], [-91.2483400491244, 30.3890230187651], [-91.2477502153089, 30.3902957776272], [-91.2471115131418, 30.3916097433081], [-91.2464400215687, 30.3931055520442], [-91.2457554163889, 30.3945277269043], [-91.2450836562195, 30.3959540652016], [-91.2444542066999, 30.3973093307341], [-91.2437961009227, 30.3986889842817], [-91.2431158067581, 30.4001820502629], [-91.2424221276957, 30.4016315498768], [-91.2417058110881, 30.4031215492101], [-91.240981409643, 30.4045521782067], [-91.2402483843712, 30.4059957247623], [-91.2395216473063, 30.4074058582365], [-91.238812337558, 30.4087952858031], [-91.2380814682428, 30.4102407839147], [-91.2373569769662, 30.4116450456968], [-91.2366130820794, 30.4130885648465], [-91.2358950586728, 30.4144873628005], [-91.2351596977812, 30.4159419953463], [-91.2344677264162, 30.4172977581224], [-91.2337433240727, 30.4186740313577], [-91.2333518382719, 30.4198414377469], [-91.2327874267789, 30.4213855388547], [-91.2329972732293, 30.4229501431471], [-91.2332156536748, 30.4245949716196], [-91.2322964965778, 30.4255851556797], [-91.2314445352607, 30.4265473666878], [-91.2305967052955, 30.4275206456288], [-91.2297555228635, 30.4284810560053], [-91.2286158302625, 30.4297956696703], [-91.2275475537267, 30.4309983413054], [-91.2264987706324, 30.4321972802539], [-91.2254001310399, 30.4334559217976], [-91.2242410348289, 30.4347517247063], [-91.2235598423489, 30.4362863730173], [-91.2229073851783, 30.4378603460981], [-91.2242248903066, 30.4589287323357], [-91.2241671340237, 30.4595243081329]]}, "properties": {"OBJECTID_1": 41184, "OBJECTID": 41184, "ID": "147208", "TYPE": "AC; OVERHEAD", "STATUS": "IN SERVICE", "NAICS_CODE": "221121", "NAICS_DESC": "ELECTRIC BULK POWER TRANSMISSION AND CONTROL", "SOURCE": "IMAGERY, OpenStreetMap, EIA 861, EIA 860", "SOURCEDATE": 1403049600000, "VAL_METHOD": "IMAGERY", "VAL_DATE": 1588204800000, "OWNER": "ENTERGY GULF STATES - LA LLC", "VOLTAGE": 230, "VOLT_CLASS": "220-287", "INFERRED": "Y", "SUB_1": "UNKNOWN112490", "SUB_2": "ADDIS", "Shape__Len": 11171.555898651828, "Shape__Length": 11171.555844130147}}, {"type": "Feature", "id": 41498, "geometry": {"type": "LineString", "coordinates": [[-91.144305584742, 30.47380100697], [-91.1445493560691, 30.4738015047954], [-91.1447635072463, 30.4737979356272], [-91.1446243088014, 30.4706344428614], [-91.1462018905775, 30.4705987507862], [-91.1620467223085, 30.470119289253], [-91.1687304781782, 30.4699163822863], [-91.1695561601801, 30.4697449189578], [-91.1694695967226, 30.4681185248457], [-91.1693980153675, 30.4680119847061], [-91.1692931397531, 30.4678555048019]]}, "properties": {"OBJECTID_1": 41498, "OBJECTID": 41498, "ID": "147568", "TYPE": "OVERHEAD", "STATUS": "IN SERVICE", "NAICS_CODE": "221121", "NAICS_DESC": "ELECTRIC BULK POWER TRANSMISSION AND CONTROL", "SOURCE": "IMAGERY, EIA 861", "SOURCEDATE": 1405036800000, "VAL_METHOD": "IMAGERY", "VAL_DATE": 1405900800000, "OWNER": "ENTERGY GULF STATES - LA LLC", "VOLTAGE": -999999, "VOLT_CLASS": "NOT AVAILABLE", "INFERRED": "N", "SUB_1": "BELFAIR", "SUB_2": "NORTHDALE", "Shape__Len": 3489.0281302258218, "Shape__Length": 3489.0282283229217}}, {"type": "Feature", "id": 41505, "geometry": {"type": "LineString", "coordinates": [[-91.1378768444118, 30.5494783163115], [-91.1378768444118, 30.5493851669272], [-91.1375889289733, 30.5494021030449], [-91.1376143333296, 30.5501331808743], [-91.1363892837086, 30.5493992808746], [-91.1374929565617, 30.546006402646], [-91.1289866761857, 30.5463126763729], [-91.1314807237062, 30.5324292209648], [-91.1318876587333, 30.5318645426877], [-91.1325986510261, 30.528090111362], [-91.1328546996282, 30.5260394351752], [-91.1328068391865, 30.5203903410892], [-91.1241604764234, 30.5206166903134], [-91.1238061233832, 30.5207127088667], [-91.1236835779071, 30.5208498728683]]}, "properties": {"OBJECTID_1": 41505, "OBJECTID": 41505, "ID": "147575", "TYPE": "OVERHEAD", "STATUS": "IN SERVICE", "NAICS_CODE": "221121", "NAICS_DESC": "ELECTRIC BULK POWER TRANSMISSION AND CONTROL", "SOURCE": "IMAGERY, EIA 861", "SOURCEDATE": 1406246400000, "VAL_METHOD": "IMAGERY", "VAL_DATE": 1406246400000, "OWNER": "ENTERGY GULF STATES - LA LLC", "VOLTAGE": -999999, "VOLT_CLASS": "UNDER 100", "INFERRED": "Y", "SUB_1": "UNKNOWN115669", "SUB_2": "MICKENS", "Shape__Len": 6127.1128641684645, "Shape__Length": 6127.112977066872}}, {"type": "Feature", "id": 41748, "geometry": {"type": "LineString", "coordinates": [[-90.7861372907993, 30.2866639047116], [-90.786489032437, 30.2867355613851], [-90.7869153728708, 30.2870973501474], [-90.7882348183601, 30.2859230832171], [-90.7895834590962, 30.2847501209588], [-90.7909227573533, 30.283579084005], [-90.7921477000747, 30.2825083362749], [-90.7933769547095, 30.2814340859928], [-90.7947076291399, 30.2802798426221], [-90.79616406771, 30.2790124796306], [-90.7976191588072, 30.277742462628], [-90.7990698481595, 30.2764686293824], [-90.8005294308332, 30.2751947772757], [-90.8019712268642, 30.2739323913636], [-90.8034197602598, 30.2726642481652], [-90.8048660478673, 30.271397951345], [-90.8067059772322, 30.2697859228029], [-90.8081190271741, 30.2685712596946], [-90.809392838247, 30.26745015017], [-90.8106776985979, 30.2663251492808], [-90.8119515096707, 30.2651963321539], [-90.8132385259783, 30.2640751840913], [-90.8144703857274, 30.2629940593652], [-90.8156844588339, 30.2619281296481], [-90.8169206295981, 30.2608604829086], [-90.8181170067918, 30.2595749446351], [-90.8194040230994, 30.2581996926273], [-90.820830457939, 30.256671483707], [-90.8220113832115, 30.2554145240797], [-90.8233183421184, 30.2540239273105], [-90.8246098500023, 30.2526428553576], [-90.8259079155879, 30.2512654887242], [-90.8271109394164, 30.2499741608671], [-90.8283029139669, 30.248699965791], [-90.8294993800938, 30.2474104666546], [-90.8307023140908, 30.2461342206604], [-90.8318898868964, 30.2448619927074], [-90.8330951574114, 30.2435800492439], [-90.8343888203538, 30.2421987528759], [-90.8356095409933, 30.2409111862026], [-90.8358948459276, 30.2391744849596], [-90.8361867085634, 30.2375008503776], [-90.8364808169874, 30.2358615673498], [-90.8367771711996, 30.2341859352809], [-90.8370536726441, 30.2326172259606], [-90.8373366419586, 30.230985546126], [-90.8376285045944, 30.2293538392128], [-90.8378895550159, 30.2278672493794], [-90.8382809509852, 30.2262526436145], [-90.8386790843192, 30.2246399533844], [-90.8390947348011, 30.2228896907202], [-90.8395060733697, 30.2212004873094], [-90.8398908218059, 30.2195914386207], [-90.8402800618185, 30.2179652876753], [-90.8406892444304, 30.2162931543289], [-90.8411049847439, 30.2146114443669], [-90.8415096757794, 30.2129393316456], [-90.8418922682589, 30.211313069968], [-90.8422858201849, 30.2097000556194], [-90.8426817077306, 30.2080832900112], [-90.8430974480441, 30.2063364599857], [-90.843528729212, 30.2045877357032], [-90.8439466245839, 30.2028638241514], [-90.8443403570712, 30.2012182193475], [-90.8447693026194, 30.1994713451212], [-90.8451939362542, 30.197724362256], [-90.8455787754202, 30.1961092633449], [-90.8460077200701, 30.1943488653504], [-90.846097177001, 30.1939802478685], [-90.8472397999064, 30.1891671130821], [-90.8484229547975, 30.1866427410511], [-90.848562499992, 30.1854131626787], [-90.8490623019548, 30.18513136737]]}, "properties": {"OBJECTID_1": 41748, "OBJECTID": 41748, "ID": "147850", "TYPE": "AC; OVERHEAD", "STATUS": "IN SERVICE", "NAICS_CODE": "221121", "NAICS_DESC": "ELECTRIC BULK POWER TRANSMISSION AND CONTROL", "SOURCE": "IMAGERY, OpenStreetMap", "SOURCEDATE": 1406160000000, "VAL_METHOD": "IMAGERY", "VAL_DATE": 1490054400000, "OWNER": "ENTERGY LOUISIANA LLC", "VOLTAGE": 230, "VOLT_CLASS": "220-287", "INFERRED": "Y", "SUB_1": "UNKNOWN112526", "SUB_2": "SORRENTO", "Shape__Len": 15535.888286772724, "Shape__Length": 15535.888316732831}}, {"type": "Feature", "id": 42655, "geometry": {"type": "LineString", "coordinates": [[-91.1833124906222, 30.519235218767], [-91.1824501052544, 30.5192616569689], [-91.1815021059486, 30.5193491210583], [-91.1793465391355, 30.5153680930582], [-91.1783703273399, 30.5133479538459], [-91.1779435018158, 30.5106874122677], [-91.1773529062289, 30.5004219977834], [-91.1771245823314, 30.4961843183025], [-91.1770484752639, 30.4934596603067], [-91.1773109782613, 30.4934648837086], [-91.1789015353034, 30.4935774329332], [-91.1805031416234, 30.4936914527509], [-91.1821109463189, 30.4937974221697], [-91.1837264774242, 30.4939083447031], [-91.1853095775511, 30.4940143920659], [-91.1856887510426, 30.4911646927226], [-91.1853377810578, 30.4910516692887]]}, "properties": {"OBJECTID_1": 42655, "OBJECTID": 42655, "ID": "148909", "TYPE": "AC; OVERHEAD", "STATUS": "IN SERVICE", "NAICS_CODE": "221121", "NAICS_DESC": "ELECTRIC BULK POWER TRANSMISSION AND CONTROL", "SOURCE": "IMAGERY, OpenStreetMap, EIA 861, EIA 860", "SOURCEDATE": 1405900800000, "VAL_METHOD": "IMAGERY", "VAL_DATE": 1588204800000, "OWNER": "ENTERGY GULF STATES - LA LLC", "VOLTAGE": 230, "VOLT_CLASS": "220-287", "INFERRED": "Y", "SUB_1": "UNKNOWN112429", "SUB_2": "JAGUAR", "Shape__Len": 4962.4830924775315, "Shape__Length": 4962.482957915489}}, {"type": "Feature", "id": 42820, "geometry": {"type": "LineString", "coordinates": [[-91.1148458398525, 30.2783797128387], [-91.1150461686524, 30.2787495561965], [-91.114859568805, 30.2790823196161], [-91.1123271892729, 30.2826070816891], [-91.1116364180571, 30.2835143779104], [-91.1109589976031, 30.2845827572383], [-91.1099411264361, 30.2859793247024], [-91.1082008373042, 30.2893480000017], [-91.1084748072961, 30.2917288389717], [-91.101665487611, 30.3010825548831], [-91.0993574111172, 30.3015227548054], [-91.0976917881551, 30.3041282653732], [-91.0870569721712, 30.3110369807766], [-91.0844040261517, 30.3127319266336], [-91.0733381113579, 30.3199239011332], [-91.05491071122, 30.3507702622035], [-91.0481806939098, 30.3614106759104], [-91.0482916996278, 30.3618530168769], [-91.0477938559923, 30.3620952110773], [-91.0450246706699, 30.3664056209106], [-91.0352377412451, 30.3818538508036], [-91.0342376908567, 30.3868202016805], [-91.0336241010935, 30.3899220516263], [-91.0334240911954, 30.3908848117901], [-91.0299957571519, 30.4086865239487], [-91.0297579084175, 30.4096268178306], [-91.0297515663116, 30.4099518781378], [-91.0303690242204, 30.410700907705], [-91.0338957866697, 30.4138095486886], [-91.0441176785584, 30.4227537037224], [-91.0576281886163, 30.4344896942991], [-91.0582643099235, 30.4350330859335], [-91.0585925713963, 30.4352556363531], [-91.0592583649557, 30.4352816001225], [-91.0593603668595, 30.4355746241956], [-91.0591545080307, 30.4357878999905]]}, "properties": {"OBJECTID_1": 42820, "OBJECTID": 42820, "ID": "149101", "TYPE": "AC; OVERHEAD", "STATUS": "IN SERVICE", "NAICS_CODE": "221121", "NAICS_DESC": "ELECTRIC BULK POWER TRANSMISSION AND CONTROL", "SOURCE": "IMAGERY, EIA 860", "SOURCEDATE": 1402876800000, "VAL_METHOD": "IMAGERY", "VAL_DATE": 1588291200000, "OWNER": "ENTERGY LOUISIANA LLC", "VOLTAGE": 230, "VOLT_CLASS": "220-287", "INFERRED": "Y", "SUB_1": "HARELSON", "SUB_2": "WILLOW GLEN (500KV)", "Shape__Len": 24869.966202534324, "Shape__Length": 24869.96607231283}}, {"type": "Feature", "id": 43413, "geometry": {"type": "LineString", "coordinates": [[-91.2241671340237, 30.4595243081329], [-91.2242331296544, 30.4596965622402], [-91.2242795725546, 30.4605808489865], [-91.2243856635896, 30.4622254306365], [-91.2244586067907, 30.4635938680406], [-91.2245404433131, 30.4649602730584], [-91.2246311731568, 30.4663284397581], [-91.2247350184036, 30.4678949546406], [-91.2248322161173, 30.4695223799253], [-91.2249207001728, 30.4711763338102], [-91.2250290369961, 30.4728208906374], [-91.2251661199084, 30.4743948899753], [-91.2250888926418, 30.4754474898336], [-91.2236497915566, 30.4752749190573], [-91.2121793797635, 30.4747176571863], [-91.2106851571542, 30.4747279619974], [-91.2106892786247, 30.4750020749923], [-91.2107758411838, 30.4752040531467]]}, "properties": {"OBJECTID_1": 43413, "OBJECTID": 43413, "ID": "149785", "TYPE": "AC; OVERHEAD", "STATUS": "IN SERVICE", "NAICS_CODE": "221121", "NAICS_DESC": "ELECTRIC BULK POWER TRANSMISSION AND CONTROL", "SOURCE": "IMAGERY, OpenStreetMap, EIA 861, EIA 860", "SOURCEDATE": 1406160000000, "VAL_METHOD": "IMAGERY", "VAL_DATE": 1588204800000, "OWNER": "ENTERGY GULF STATES - LA LLC", "VOLTAGE": 230, "VOLT_CLASS": "220-287", "INFERRED": "Y", "SUB_1": "UNKNOWN112490", "SUB_2": "PORT ALLEN (LA)", "Shape__Len": 3731.101488894443, "Shape__Length": 3731.101416311027}}, {"type": "Feature", "id": 43931, "geometry": {"type": "LineString", "coordinates": [[-91.1741599981634, 30.5014213302312], [-91.1742946277767, 30.501369050936], [-91.1771590102647, 30.501353814671], [-91.1766287940413, 30.493165948001]]}, "properties": {"OBJECTID_1": 43931, "OBJECTID": 43931, "ID": "150390", "TYPE": "OVERHEAD", "STATUS": "IN SERVICE", "NAICS_CODE": "221121", "NAICS_DESC": "ELECTRIC BULK POWER TRANSMISSION AND CONTROL", "SOURCE": "IMAGERY, EIA 861", "SOURCEDATE": 1405900800000, "VAL_METHOD": "IMAGERY", "VAL_DATE": 1405900800000, "OWNER": "ENTERGY GULF STATES - LA LLC", "VOLTAGE": -999999, "VOLT_CLASS": "UNDER 100", "INFERRED": "Y", "SUB_1": "UNKNOWN115133", "SUB_2": "TAP142975", "Shape__Len": 1394.7658326124815, "Shape__Length": 1394.7658223845165}}, {"type": "Feature", "id": 44038, "geometry": {"type": "LineString", "coordinates": [[-91.188875974569, 30.4817907631055], [-91.1880026863487, 30.4814153608255], [-91.1868724781605, 30.4811301806229], [-91.1870914200531, 30.4796203796425], [-91.1872640250468, 30.4782405801631], [-91.1874397849237, 30.4768688700845], [-91.1875927419654, 30.4755056453707], [-91.1859935494185, 30.4756450463343], [-91.184323947818, 30.4757276976888], [-91.1826056350712, 30.4758158861019], [-91.1810225367409, 30.4758875358383], [-91.1793941749984, 30.4759185110593], [-91.1777226177655, 30.4759710757752], [-91.1760644939394, 30.4760104100664], [-91.1761623034058, 30.477593984933], [-91.176247552628, 30.4791604742036], [-91.1763404384283, 30.4807217513422], [-91.1764393429411, 30.4822751836942], [-91.1765018656849, 30.4834992716878], [-91.176489648597, 30.4847258207488], [-91.1765596273577, 30.4859538251929], [-91.1767271631581, 30.4875255213171], [-91.1770544194162, 30.4880961189934], [-91.1772873525693, 30.4886917943168], [-91.1772964255537, 30.4888282688645], [-91.1773043810338, 30.4892274848466]]}, "properties": {"OBJECTID_1": 44038, "OBJECTID": 44038, "ID": "150528", "TYPE": "AC; OVERHEAD", "STATUS": "IN SERVICE", "NAICS_CODE": "221121", "NAICS_DESC": "ELECTRIC BULK POWER TRANSMISSION AND CONTROL", "SOURCE": "IMAGERY, OpenStreetMap, EIA 861, EIA 860", "SOURCEDATE": 1405900800000, "VAL_METHOD": "IMAGERY", "VAL_DATE": 1588204800000, "OWNER": "ENTERGY GULF STATES - LA LLC", "VOLTAGE": 230, "VOLT_CLASS": "220-287", "INFERRED": "Y", "SUB_1": "ESSO", "SUB_2": "EXXON", "Shape__Len": 3978.42050065228, "Shape__Length": 3978.4203258767534}}, {"type": "Feature", "id": 44313, "geometry": {"type": "LineString", "coordinates": [[-91.1674895777841, 30.6116827593045], [-91.1674943370585, 30.6126202671363], [-91.1675535944262, 30.6136072657603], [-91.1674686003256, 30.6139472383425], [-91.166132993246, 30.6179419187637], [-91.1647731020093, 30.6238550181485], [-91.1645302640318, 30.6253727532908], [-91.1642527681524, 30.6300468078863], [-91.16393932978, 30.6302993958337], [-91.1582740038294, 30.6345159703729], [-91.1516520843906, 30.6435050927736], [-91.1510835208844, 30.644415586097], [-91.1506314230564, 30.6455577278927], [-91.1500601080104, 30.6494291807381], [-91.1561493579268, 30.6501921479431], [-91.1566950251731, 30.6501438592438], [-91.1576818361908, 30.6502563581814]]}, "properties": {"OBJECTID_1": 44313, "OBJECTID": 44313, "ID": "150838", "TYPE": "AC; OVERHEAD", "STATUS": "IN SERVICE", "NAICS_CODE": "221121", "NAICS_DESC": "ELECTRIC BULK POWER TRANSMISSION AND CONTROL", "SOURCE": "IMAGERY, EIA 861", "SOURCEDATE": 1404777600000, "VAL_METHOD": "IMAGERY", "VAL_DATE": 1589760000000, "OWNER": "ENTERGY GULF STATES - LA LLC", "VOLTAGE": 69, "VOLT_CLASS": "UNDER 100", "INFERRED": "Y", "SUB_1": "TAP142949", "SUB_2": "TAP142956", "Shape__Len": 6325.458998250461, "Shape__Length": 6325.458955621744}}, {"type": "Feature", "id": 44449, "geometry": {"type": "LineString", "coordinates": [[-91.0477331891679, 30.8579674459308], [-91.0476225436743, 30.8589727686808]]}, "properties": {"OBJECTID_1": 44449, "OBJECTID": 44449, "ID": "150996", "TYPE": "AC; OVERHEAD", "STATUS": "IN SERVICE", "NAICS_CODE": "221121", "NAICS_DESC": "ELECTRIC BULK POWER TRANSMISSION AND CONTROL", "SOURCE": "IMAGERY, EIA 861, https://cdn.misoenergy.org/Entergy Louisiana Transferred Facilities 2019390620.xlsx", "SOURCEDATE": 1404864000000, "VAL_METHOD": "IMAGERY", "VAL_DATE": 1587340800000, "OWNER": "ENTERGY LOUISIANA LLC", "VOLTAGE": 69, "VOLT_CLASS": "UNDER 100", "INFERRED": "Y", "SUB_1": "UNKNOWN114620", "SUB_2": "BRADY HEIGHTS", "Shape__Len": 130.94778511448402, "Shape__Length": 130.9477580005708}}, {"type": "Feature", "id": 46017, "geometry": {"type": "LineString", "coordinates": [[-91.3312390000111, 30.7556470001123], [-91.3305904810546, 30.7543067930113], [-91.3305738514421, 30.746183293786], [-91.330390366952, 30.7453373920345]]}, "properties": {"OBJECTID_1": 46017, "OBJECTID": 46017, "ID": "157307", "TYPE": "AC; OVERHEAD", "STATUS": "IN SERVICE", "NAICS_CODE": "221121", "NAICS_DESC": "ELECTRIC BULK POWER TRANSMISSION AND CONTROL", "SOURCE": "IMAGERY, EIA 861, EIA 860", "SOURCEDATE": 1402963200000, "VAL_METHOD": "IMAGERY", "VAL_DATE": 1527638400000, "OWNER": "ENTERGY GULF STATES - LA LLC", "VOLTAGE": 230, "VOLT_CLASS": "220-287", "INFERRED": "Y", "SUB_1": "FANCY POINT", "SUB_2": "RIVER BEND", "Shape__Len": 1351.7186537464192, "Shape__Length": 1351.7186714247046}}, {"type": "Feature", "id": 51865, "geometry": {"type": "LineString", "coordinates": [[-90.8535679998917, 30.496654999999], [-90.8537113386717, 30.4966057802508]]}, "properties": {"OBJECTID_1": 51865, "OBJECTID": 51865, "ID": "163472", "TYPE": "OVERHEAD", "STATUS": "IN SERVICE", "NAICS_CODE": "221121", "NAICS_DESC": "ELECTRIC BULK POWER TRANSMISSION AND CONTROL", "SOURCE": "IMAGERY", "SOURCEDATE": 1553644800000, "VAL_METHOD": "IMAGERY", "VAL_DATE": 1553644800000, "OWNER": "ENTERGY LOUISIANA LLC", "VOLTAGE": -999999, "VOLT_CLASS": "NOT AVAILABLE", "INFERRED": "N", "SUB_1": "TAP142979", "SUB_2": "TAP161986", "Shape__Len": 17.17679346902283, "Shape__Length": 17.176758669908253}}, {"type": "Feature", "id": 54220, "geometry": {"type": "LineString", "coordinates": [[-90.7625834981856, 30.5038114146441], [-90.7626144307741, 30.503542535992], [-90.7635091078813, 30.5035353982887], [-90.7741564104476, 30.5034542403513], [-90.7752010675797, 30.5032131647252], [-90.8029280179817, 30.5028917319494], [-90.8371066031772, 30.4987298697781], [-90.8458395213129, 30.4976148219077], [-90.8472014669966, 30.4972840961291], [-90.8492799853078, 30.4970750960533], [-90.8535679998917, 30.496654999999]]}, "properties": {"OBJECTID_1": 54220, "OBJECTID": 54220, "ID": "165968", "TYPE": "OVERHEAD", "STATUS": "IN SERVICE", "NAICS_CODE": "221121", "NAICS_DESC": "ELECTRIC BULK POWER TRANSMISSION AND CONTROL", "SOURCE": "IMAGERY", "SOURCEDATE": 1406592000000, "VAL_METHOD": "IMAGERY", "VAL_DATE": 1553644800000, "OWNER": "ENTERGY LOUISIANA LLC", "VOLTAGE": -999999, "VOLT_CLASS": "NOT AVAILABLE", "INFERRED": "N", "SUB_1": "UNKNOWN115760", "SUB_2": "TAP161986", "Shape__Len": 10223.218233193464, "Shape__Length": 10223.218216261099}}, {"type": "Feature", "id": 59904, "geometry": {"type": "LineString", "coordinates": [[-90.69418102270886, 30.63538147600486], [-90.6959850000505, 30.6353600001464], [-90.7025770002004, 30.6353640000868], [-90.7134650000589, 30.6353329999645], [-90.7312260002747, 30.6352279997011], [-90.7525450000571, 30.6350730003185], [-90.7661820000935, 30.6349679997729], [-90.7781029996466, 30.6349419996643], [-90.7930710002018, 30.6349620002241], [-90.7986120002154, 30.6268590003128], [-90.799389663672, 30.6268175456845]]}, "properties": {"OBJECTID_1": 59904, "OBJECTID": 59904, "ID": "171791", "TYPE": "OVERHEAD", "STATUS": "IN SERVICE", "NAICS_CODE": "221121", "NAICS_DESC": "ELECTRIC BULK POWER TRANSMISSION AND CONTROL", "SOURCE": "IMAGERY", "SOURCEDATE": 1580688000000, "VAL_METHOD": "IMAGERY", "VAL_DATE": 1580688000000, "OWNER": "ENTERGY LOUISIANA LLC", "VOLTAGE": -999999, "VOLT_CLASS": "NOT AVAILABLE", "INFERRED": "N", "SUB_1": "INDEPENDENCE", "SUB_2": "UNKNOWN161152", "Shape__Len": 30152.50441620521, "Shape__Length": 30152.504472721055}}, {"type": "Feature", "id": 63365, "geometry": {"type": "LineString", "coordinates": [[-91.371215690241, 30.6729494060738], [-91.3711748725912, 30.6725368946579], [-91.3729913559272, 30.6721390616674], [-91.3749091692272, 30.6717435472902], [-91.3751854011771, 30.6734376320481], [-91.3754493262076, 30.6751363243466], [-91.3755025055741, 30.6754370257934], [-91.3757561008771, 30.6768915398086], [-91.3747716371573, 30.6782081242009], [-91.3737437848092, 30.6796016398107], [-91.3740585535864, 30.681227756017], [-91.3743210422107, 30.6827852418757], [-91.3746201812003, 30.6845198467307], [-91.374886172356, 30.6861612526768], [-91.3751753400459, 30.6877927440577], [-91.3754588483496, 30.6894316231254], [-91.3757347209733, 30.6910530933465], [-91.3759834635772, 30.6927201897156], [-91.3763805198311, 30.6943749751245], [-91.3767522426957, 30.6960863527471], [-91.3771278283159, 30.6977839506608], [-91.3774875137557, 30.6994815959554], [-91.3778506127936, 30.701165770695], [-91.3782180237448, 30.7028691502336], [-91.3785853448644, 30.7045772876959], [-91.3789414370431, 30.70620275072], [-91.377240207558, 30.7066862531388], [-91.375510770973, 30.7071819556656], [-91.3737671410065, 30.707665451632], [-91.3720150668764, 30.7081684872538], [-91.3702714369099, 30.70865923913], [-91.3685193627798, 30.7091572493263], [-91.3667616292633, 30.7096650641389], [-91.365001021138, 30.7101461541866], [-91.3632721244405, 30.7106326481683], [-91.361453705235, 30.7112276843563]]}, "properties": {"OBJECTID_1": 63365, "OBJECTID": 63365, "ID": "175319", "TYPE": "AC; OVERHEAD", "STATUS": "IN SERVICE", "NAICS_CODE": "221121", "NAICS_DESC": "ELECTRIC BULK POWER TRANSMISSION AND CONTROL", "SOURCE": "IMAGERY, OpenStreetMap", "SOURCEDATE": 1589414400000, "VAL_METHOD": "IMAGERY", "VAL_DATE": 1589414400000, "OWNER": "ENTERGY LOUISIANA LLC", "VOLTAGE": 230, "VOLT_CLASS": "220-287", "INFERRED": "Y", "SUB_1": "UNKNOWN112426", "SUB_2": "TAP173574", "Shape__Len": 7116.477812334272, "Shape__Length": 7116.477859172927}}, {"type": "Feature", "id": 67038, "geometry": {"type": "LineString", "coordinates": [[-91.2529829997552, 30.8361700000834], [-91.25260716081, 30.8367098112581]]}, "properties": {"OBJECTID_1": 67038, "OBJECTID": 67038, "ID": "179584", "TYPE": "NOT AVAILABLE", "STATUS": "IN SERVICE", "NAICS_CODE": "221121", "NAICS_DESC": "ELECTRIC BULK POWER TRANSMISSION AND CONTROL", "SOURCE": "IMAGERY", "SOURCEDATE": 1633305600000, "VAL_METHOD": "IMAGERY", "VAL_DATE": 1633305600000, "OWNER": "NOT AVAILABLE", "VOLTAGE": -999999, "VOLT_CLASS": "NOT AVAILABLE", "INFERRED": "NOT AVAILABLE", "SUB_1": "UNKNOWN176523", "SUB_2": "TAP176849", "Shape__Len": 81.53730768105655, "Shape__Length": 81.5373239939124}}, {"type": "Feature", "id": 67295, "geometry": {"type": "LineString", "coordinates": [[-91.2743702580245, 30.6701756812075], [-91.2748104576665, 30.6691584612378], [-91.2723405119451, 30.6691709652779], [-91.2721469151199, 30.6668688857268], [-91.2717767310694, 30.6620802317902], [-91.2717102880777, 30.6597689592493], [-91.272403194589, 30.6555877852119], [-91.2726056173618, 30.6536269486417], [-91.2703204110769, 30.6534828820467], [-91.266092780348, 30.653075519342], [-91.2660381340326, 30.6519329168802], [-91.2659363081986, 30.6393613001911], [-91.2476069465974, 30.6381756676233], [-91.244863928301, 30.6379221456879], [-91.2420109687901, 30.6378570670051], [-91.239149115958, 30.6376782922782], [-91.236464770226, 30.6373374353515], [-91.2338113274381, 30.6370022960755], [-91.2312110631184, 30.6366728760556], [-91.2284712024001, 30.6363187212307], [-91.2258886348915, 30.6359854342315], [-91.2230626248392, 30.6356122627315], [-91.2202277205672, 30.6352428771801], [-91.2173906621352, 30.6348753452725], [-91.2146088491949, 30.6345135317405], [-91.2132412540063, 30.6341422869258], [-91.210791458395, 30.6338090697235], [-91.2082744688004, 30.6334787893581], [-91.2057237025512, 30.6331233853425], [-91.2032450710193, 30.6327974296433], [-91.2007381425559, 30.6324554741508], [-91.1982187284083, 30.6321134393807], [-91.1954114024156, 30.6317310546708], [-91.1925884466353, 30.6313378469053], [-91.1898218152232, 30.6309285597514], [-91.1870270674411, 30.6305299379073], [-91.1842322280309, 30.6301314690166], [-91.1814342454154, 30.6297301376848], [-91.1789179735748, 30.6297651536877], [-91.1763297475781, 30.6297894260315], [-91.1737508649588, 30.6298136202982], [-91.1711187113448, 30.6298378918568], [-91.1684710168764, 30.6298702796914], [-91.1658472175945, 30.629904290771], [-91.1633497214416, 30.6299257803563], [-91.1607051710767, 30.6299419348384], [-91.1608960630746, 30.6285253638046], [-91.1610900093444, 30.6270307761742], [-91.1613529462281, 30.6252343796164], [-91.1616409461082, 30.6236750386815], [-91.161628460424, 30.6222799452766], [-91.1619163695743, 30.6207932228602], [-91.1622386850982, 30.6190803570189], [-91.1625735770361, 30.6173754243579], [-91.1628927475583, 30.6157567372242], [-91.1632057223999, 30.6141298288895], [-91.1635625323324, 30.6123225246415], [-91.1639161990598, 30.6104882823753], [-91.1642729200591, 30.6086485917796], [-91.1646202985795, 30.6068276548787], [-91.1649677669314, 30.6050551619757], [-91.1652525328765, 30.6036463452446], [-91.1655681101374, 30.6023868089358], [-91.1680943532778, 30.5892202778978], [-91.1684041822193, 30.5875875879643], [-91.1687264977432, 30.5859629897183], [-91.1689800023164, 30.5846238827168], [-91.1693117501508, 30.5829291712804], [-91.1696498760237, 30.5811697743587], [-91.1699596151337, 30.5793887689226], [-91.1702819306577, 30.5776265243021], [-91.1706106242201, 30.5758697388678], [-91.1709686028608, 30.5740433907428], [-91.1713301747627, 30.5721975948936], [-91.1716725227175, 30.5703765917945], [-91.1719925026217, 30.5687262588686], [-91.1723093384224, 30.5671090801664], [-91.1726196174198, 30.5654725371781], [-91.1729428303607, 30.5638387512047], [-91.1732596661615, 30.562215921691], [-91.1735731781956, 30.56060141918], [-91.1738803121912, 30.5589675511825], [-91.1742515858982, 30.5571407301117], [-91.1745331179082, 30.5556446543844], [-91.1748178838533, 30.5541567563521], [-91.1755534827984, 30.5529661493534], [-91.176836846556, 30.5533769796583], [-91.1774137383433, 30.5533343022599]]}, "properties": {"OBJECTID_1": 67295, "OBJECTID": 67295, "ID": "179841", "TYPE": "AC; OVERHEAD", "STATUS": "IN SERVICE", "NAICS_CODE": "221121", "NAICS_DESC": "ELECTRIC BULK POWER TRANSMISSION AND CONTROL", "SOURCE": "IMAGERY, OpenStreetMap", "SOURCEDATE": 1403049600000, "VAL_METHOD": "IMAGERY", "VAL_DATE": 1652054400000, "OWNER": "ENTERGY LOUISIANA LLC", "VOLTAGE": 230, "VOLT_CLASS": "220-287", "INFERRED": "Y", "SUB_1": "UNKNOWN112431", "SUB_2": "UNKNOWN177398", "Shape__Len": 27065.87920550058, "Shape__Length": 27065.87921897709}}, {"type": "Feature", "id": 67860, "geometry": {"type": "LineString", "coordinates": [[-91.330390366952, 30.7453373920345], [-91.3313653588356, 30.743362615722], [-91.3378493895732, 30.7298710733392], [-91.3362902169722, 30.727673271765], [-91.334886303795, 30.7256116702698], [-91.3325328381249, 30.7211261021258], [-91.332081518238, 30.7203332127685], [-91.331041414666, 30.7206768473775], [-91.3187932082622, 30.7247127201624], [-91.3161932260135, 30.7253591260573], [-91.3148026635981, 30.7231893710403], [-91.3121661172223, 30.718862520247], [-91.3098938403893, 30.7153431886504], [-91.3085815032688, 30.7132272376921], [-91.3057291932399, 30.7084575669799], [-91.2895170592539, 30.6824023506757], [-91.2730391524028, 30.6774903016846], [-91.2728872814242, 30.675672606631], [-91.2725210508593, 30.6713177527713], [-91.2746438956398, 30.6712404902653], [-91.2743702580245, 30.6701756812075]]}, "properties": {"OBJECTID_1": 67860, "OBJECTID": 67860, "ID": "180406", "TYPE": "AC; OVERHEAD", "STATUS": "IN SERVICE", "NAICS_CODE": "221121", "NAICS_DESC": "ELECTRIC BULK POWER TRANSMISSION AND CONTROL", "SOURCE": "IMAGERY, OpenStreetMap", "SOURCEDATE": 1403049600000, "VAL_METHOD": "IMAGERY", "VAL_DATE": 1652054400000, "OWNER": "ENTERGY LOUISIANA LLC", "VOLTAGE": 230, "VOLT_CLASS": "220-287", "INFERRED": "Y", "SUB_1": "FANCY POINT", "SUB_2": "UNKNOWN177398", "Shape__Len": 14873.089448186474, "Shape__Length": 14873.089444519994}}, {"type": "Feature", "id": 68138, "geometry": {"type": "LineString", "coordinates": [[-91.2743702580245, 30.6701756812075], [-91.274132312272, 30.671050132655], [-91.272365482415, 30.6710863127604], [-91.2728916463382, 30.677580351095], [-91.2894643649776, 30.6825450538546], [-91.291149520009, 30.6853138616914], [-91.3026348393442, 30.7036973878864], [-91.305548968736, 30.7085646556662], [-91.3080402350724, 30.7125981337881], [-91.3097923136942, 30.7154069308185], [-91.3128451124231, 30.7126979696848], [-91.3154203308144, 30.7104549148005], [-91.3159001569403, 30.7100104930603], [-91.3162677071303, 30.7097509607842], [-91.3168189026089, 30.709787612962], [-91.3213905871933, 30.7103641839622], [-91.3216090916063, 30.7103190733819]]}, "properties": {"OBJECTID_1": 68138, "OBJECTID": 68138, "ID": "180685", "TYPE": "AC; OVERHEAD", "STATUS": "IN SERVICE", "NAICS_CODE": "221121", "NAICS_DESC": "ELECTRIC BULK POWER TRANSMISSION AND CONTROL", "SOURCE": "IMAGERY, EIA 860", "SOURCEDATE": 1404777600000, "VAL_METHOD": "IMAGERY", "VAL_DATE": 1652054400000, "OWNER": "ENTERGY LOUISIANA LLC", "VOLTAGE": 138, "VOLT_CLASS": "100-161", "INFERRED": "Y", "SUB_1": "ST FRANCISVILLE MILL", "SUB_2": "UNKNOWN177398", "Shape__Len": 9556.808029893537, "Shape__Length": 9556.807880991762}}], "source": "https://services2.arcgis.com/FiaPA4ga0iQKduv3/arcgis/rest/services/US_Electric_Power_Transmission_Lines/FeatureServer/0", "exported_at": "2026-09-14T23:33:09.648430+00:00", "extent": [-91.44765802329604, 30.16246895044765, -90.69418102270886, 30.86945795129952]}